prime_sentence,target_sentence,prime_structure,target_structure,prime_verb,target_verb,prime_det,target_det,prime_prep,target_prep,log_prob,probs
a woman showed me a flower .,the guest made the jacket for us .,DO,PD,SHOW,MAKE,A,THE,to,for,-41.287681579589844,"[-2.8481781, -9.560819, -7.4654284, -2.5510352, -11.413664, -3.8214326, -2.788236, -0.8388895]"
a woman showed me a flower .,the guest made us the jacket .,DO,DO,SHOW,MAKE,A,THE,to,for,-41.001991271972656,"[-2.8481781, -9.560819, -7.4654284, -5.6479645, -4.7235427, -9.679917, -1.0761414]"
a woman showed them an iron .,the cop threw the pie to it .,DO,PD,SHOW,THROW,A,THE,to,to,-43.99957275390625,"[-2.8312147, -10.054393, -8.488207, -1.5898424, -9.316359, -3.9562516, -6.747039, -1.0162665]"
a woman showed them an iron .,the cop threw it the pie .,DO,DO,SHOW,THROW,A,THE,to,to,-46.02483367919922,"[-2.8312147, -10.054393, -8.488207, -5.167626, -6.630602, -12.162224, -0.6905688]"
a woman showed us a flower .,the priest saved the machine for you .,DO,PD,SHOW,SAVE,A,THE,to,for,-44.99202346801758,"[-2.8378189, -9.740012, -9.658515, -1.3469754, -11.089504, -4.5210853, -5.268737, -0.52937675]"
a woman showed us a flower .,the priest saved you the machine .,DO,DO,SHOW,SAVE,A,THE,to,for,-47.31405258178711,"[-2.8378189, -9.740012, -9.658515, -6.2366314, -5.50843, -12.251482, -1.0811651]"
a woman showed us a pie .,the lawyer supplied the tea to it .,DO,PD,SHOW,SUPPLY,A,THE,to,to,-44.617881774902344,"[-2.8463717, -8.803801, -11.426768, -1.5635326, -9.09733, -2.4515705, -7.687895, -0.7406151]"
a woman showed us a pie .,the lawyer supplied it the tea .,DO,DO,SHOW,SUPPLY,A,THE,to,to,-44.9478759765625,"[-2.8463717, -8.803801, -11.426768, -6.2144356, -6.2287817, -8.770075, -0.65764177]"
a woman showed you a beer .,the physician took the newspaper to it .,DO,PD,SHOW,TAKE,A,THE,to,to,-42.02494812011719,"[-2.839965, -11.020231, -6.286412, -1.6070375, -8.003718, -2.0292943, -7.550329, -2.687964]"
a woman showed you a beer .,the physician took it the newspaper .,DO,DO,SHOW,TAKE,A,THE,to,to,-43.12628173828125,"[-2.839965, -11.020231, -6.286412, -4.3107395, -4.900201, -10.89727, -2.871465]"
a woman showed you an iron .,the father gave the hat to me .,DO,PD,SHOW,GIVE,A,THE,to,to,-34.93707275390625,"[-2.8509068, -7.2016373, -8.614516, -2.026636, -9.49399, -0.367535, -3.3782454, -1.0036075]"
a woman showed you an iron .,the father gave me the hat .,DO,DO,SHOW,GIVE,A,THE,to,to,-31.622316360473633,"[-2.8509068, -7.2016373, -8.614516, -2.4135587, -1.890496, -7.670162, -0.98104]"
a woman sold a cheese to him .,the aunt delivered the chicken for you .,PD,PD,SELL,DELIVER,A,THE,to,for,-45.50267791748047,"[-2.8631546, -11.168442, -11.303697, -1.5432687, -7.7421293, -4.9316278, -5.2994356, -0.6509235]"
a woman sold a cheese to him .,the aunt delivered you the chicken .,PD,DO,SELL,DELIVER,A,THE,to,for,-42.35631561279297,"[-2.8631546, -11.168442, -11.303697, -7.5564275, -1.8545742, -6.5963974, -1.0136261]"
a woman sold a cheese to them .,the partner gave the salad to you .,PD,PD,SELL,GIVE,A,THE,to,to,-39.975860595703125,"[-2.8576488, -10.583313, -7.101829, -1.7638226, -10.374893, -0.5937473, -6.1487556, -0.55185175]"
a woman sold a cheese to them .,the partner gave you the salad .,PD,DO,SELL,GIVE,A,THE,to,to,-37.02336120605469,"[-2.8576488, -10.583313, -7.101829, -4.8469753, -1.6082308, -8.906809, -1.1185554]"
a woman sold a cheese to us .,the student got the pie for you .,PD,PD,SELL,GET,A,THE,to,for,-40.445125579833984,"[-2.8601036, -8.090576, -7.1959677, -2.4826026, -10.261828, -3.849049, -5.0819507, -0.6230474]"
a woman sold a cheese to us .,the student got you the pie .,PD,DO,SELL,GET,A,THE,to,for,-40.39485168457031,"[-2.8601036, -8.090576, -7.1959677, -8.135042, -3.5306966, -9.705798, -0.87666416]"
a woman sold a cheese to us .,the band designed the cup for you .,PD,PD,SELL,DESIGN,A,THE,to,for,-38.68105697631836,"[-2.8601036, -7.91425, -9.542549, -0.93644595, -9.542188, -2.7745395, -4.512703, -0.5982785]"
a woman sold a cheese to us .,the band designed you the cup .,PD,DO,SELL,DESIGN,A,THE,to,for,-42.04670333862305,"[-2.8601036, -7.91425, -9.542549, -7.3183165, -3.8173656, -9.45056, -1.1435604]"
a woman sold a newspaper to me .,the scientist kept the chicken for it .,PD,PD,SELL,KEEP,A,THE,to,for,-45.88627243041992,"[-2.819299, -9.989778, -8.643463, -2.5880451, -8.393796, -4.082192, -7.9796357, -1.3900628]"
a woman sold a newspaper to me .,the scientist kept it the chicken .,PD,DO,SELL,KEEP,A,THE,to,for,-45.64297103881836,"[-2.819299, -9.989778, -8.643463, -4.5506916, -5.5518975, -12.321525, -1.7663181]"
a woman sold a newspaper to me .,the guest made the jacket for us .,PD,PD,SELL,MAKE,A,THE,to,for,-41.83599853515625,"[-2.819299, -9.839716, -7.5069113, -2.1823912, -12.146208, -3.367587, -3.2148814, -0.7590041]"
a woman sold a newspaper to me .,the guest made us the jacket .,PD,DO,SELL,MAKE,A,THE,to,for,-43.080528259277344,"[-2.819299, -9.839716, -7.5069113, -6.468835, -3.6783533, -11.361117, -1.4062992]"
a woman sold a tea to me .,the secretary brought the juice to her .,PD,PD,SELL,BRING,A,THE,to,to,-42.45693588256836,"[-2.8448792, -9.015667, -11.886934, -2.0248249, -11.598574, -0.47616532, -2.6344151, -1.9754766]"
a woman sold a tea to me .,the secretary brought her the juice .,PD,DO,SELL,BRING,A,THE,to,to,-40.492576599121094,"[-2.8448792, -9.015667, -11.886934, -3.562638, -4.3488646, -7.7249727, -1.108623]"
a woman sold a tea to me .,the band designed the bell for him .,PD,PD,SELL,DESIGN,A,THE,to,for,-39.78395080566406,"[-2.8448792, -7.8375807, -9.629762, -0.86650884, -9.785261, -2.944685, -5.0120564, -0.8632163]"
a woman sold a tea to me .,the band designed him the bell .,PD,DO,SELL,DESIGN,A,THE,to,for,-44.72797775268555,"[-2.8448792, -7.8375807, -9.629762, -7.9815, -4.896476, -10.271536, -1.2662442]"
a woman sold a tea to them .,the teacher sent the salad to us .,PD,PD,SELL,SEND,A,THE,to,to,-35.879249572753906,"[-2.8291664, -8.875013, -6.87163, -1.589896, -11.810833, -0.2656439, -2.988017, -0.64904714]"
a woman sold a tea to them .,the teacher sent us the salad .,PD,DO,SELL,SEND,A,THE,to,to,-37.5279655456543,"[-2.8291664, -8.875013, -6.87163, -3.9322097, -2.4188643, -11.34307, -1.2580122]"
a woman sold a tea to us .,the attorney fed the cheese to him .,PD,PD,SELL,FEED,A,THE,to,to,-42.98832702636719,"[-2.8397706, -8.743485, -14.975317, -1.13849, -9.804035, -0.50945616, -4.3514547, -0.62631464]"
a woman sold a tea to us .,the attorney fed him the cheese .,PD,DO,SELL,FEED,A,THE,to,to,-44.004150390625,"[-2.8397706, -8.743485, -14.975317, -5.099476, -1.6002454, -9.693544, -1.0523098]"
a woman sold a telephone to us .,the adult delivered the pie for them .,PD,PD,SELL,DELIVER,A,THE,to,for,-44.92839050292969,"[-2.8756528, -9.97106, -10.667241, -1.3982728, -9.96812, -4.009285, -5.293969, -0.74478924]"
a woman sold a telephone to us .,the adult delivered them the pie .,PD,DO,SELL,DELIVER,A,THE,to,for,-42.80897521972656,"[-2.8756528, -9.97106, -10.667241, -6.7808676, -3.2184854, -8.525652, -0.7700174]"
a woman sold a television to him .,the company designed the iron for them .,PD,PD,SELL,DESIGN,A,THE,to,for,-39.07258224487305,"[-2.844376, -6.10086, -8.275885, -0.7321367, -10.418301, -3.5918198, -6.3911448, -0.71805876]"
a woman sold a television to him .,the company designed them the iron .,PD,DO,SELL,DESIGN,A,THE,to,for,-46.275962829589844,"[-2.844376, -6.10086, -8.275885, -6.6782246, -6.787947, -12.395249, -3.1934187]"
a woman sold a television to it .,the uncle made the guitar for us .,PD,PD,SELL,MAKE,A,THE,to,for,-43.51990509033203,"[-2.830816, -10.95378, -8.351644, -1.4904155, -11.732471, -3.5180497, -3.888081, -0.7546459]"
a woman sold a television to it .,the uncle made us the guitar .,PD,DO,SELL,MAKE,A,THE,to,for,-43.55437088012695,"[-2.830816, -10.95378, -8.351644, -7.203642, -3.530427, -9.115281, -1.5687809]"
a woman sold him a cheese .,the aunt delivered the chicken for you .,DO,PD,SELL,DELIVER,A,THE,to,for,-43.9814453125,"[-2.919851, -10.937946, -11.071185, -1.8616154, -7.1007724, -4.274432, -5.221432, -0.5942091]"
a woman sold him a cheese .,the aunt delivered you the chicken .,DO,DO,SELL,DELIVER,A,THE,to,for,-39.69430923461914,"[-2.919851, -10.937946, -11.071185, -5.9633074, -2.1432662, -5.9768686, -0.68188584]"
a woman sold him a television .,the company designed the iron for them .,DO,PD,SELL,DESIGN,A,THE,to,for,-40.642295837402344,"[-2.880871, -6.339019, -8.053107, -0.8854288, -10.51265, -4.0298657, -7.183338, -0.7580191]"
a woman sold him a television .,the company designed them the iron .,DO,DO,SELL,DESIGN,A,THE,to,for,-45.562744140625,"[-2.880871, -6.339019, -8.053107, -6.4403367, -6.978622, -12.363106, -2.507679]"
a woman sold it a television .,the uncle made the guitar for us .,DO,PD,SELL,MAKE,A,THE,to,for,-44.18828582763672,"[-2.8550203, -11.05377, -8.260822, -1.612632, -11.546684, -3.6437833, -4.2929106, -0.92266023]"
a woman sold it a television .,the uncle made us the guitar .,DO,DO,SELL,MAKE,A,THE,to,for,-43.215667724609375,"[-2.8550203, -11.05377, -8.260822, -6.9332933, -3.301806, -9.411133, -1.3998246]"
a woman sold me a newspaper .,the scientist kept the chicken for it .,DO,PD,SELL,KEEP,A,THE,to,for,-46.251468658447266,"[-2.8560445, -9.954424, -8.664231, -3.2056494, -8.062064, -4.223475, -7.9942846, -1.2912949]"
a woman sold me a newspaper .,the scientist kept it the chicken .,DO,DO,SELL,KEEP,A,THE,to,for,-45.491947174072266,"[-2.8560445, -9.954424, -8.664231, -5.082512, -5.7003465, -11.837303, -1.397086]"
a woman sold me a newspaper .,the guest made the jacket for us .,DO,PD,SELL,MAKE,A,THE,to,for,-42.73506164550781,"[-2.8560445, -9.712866, -7.619755, -2.3673844, -12.226143, -3.2478452, -3.785913, -0.91910964]"
a woman sold me a newspaper .,the guest made us the jacket .,DO,DO,SELL,MAKE,A,THE,to,for,-42.52061080932617,"[-2.8560445, -9.712866, -7.619755, -6.080829, -4.127788, -10.91177, -1.211559]"
a woman sold me a tea .,the secretary brought the juice to her .,DO,PD,SELL,BRING,A,THE,to,to,-43.65266799926758,"[-2.857751, -9.085283, -12.163583, -2.2323427, -11.886051, -1.0090508, -2.084, -2.334607]"
a woman sold me a tea .,the secretary brought her the juice .,DO,DO,SELL,BRING,A,THE,to,to,-40.983787536621094,"[-2.857751, -9.085283, -12.163583, -3.385892, -5.1189513, -7.5538254, -0.81850183]"
a woman sold me a tea .,the band designed the bell for him .,DO,PD,SELL,DESIGN,A,THE,to,for,-40.30265426635742,"[-2.857751, -7.9228525, -9.520417, -0.9780132, -9.928775, -3.164838, -5.0220203, -0.9079882]"
a woman sold me a tea .,the band designed him the bell .,DO,DO,SELL,DESIGN,A,THE,to,for,-43.62803268432617,"[-2.857751, -7.9228525, -9.520417, -7.2259007, -5.1237545, -10.14109, -0.8362659]"
a woman sold them a cheese .,the partner gave the salad to you .,DO,PD,SELL,GIVE,A,THE,to,to,-42.90626525878906,"[-2.8857923, -10.491755, -7.0680103, -2.1069999, -10.972221, -1.6704382, -7.0937243, -0.61732364]"
a woman sold them a cheese .,the partner gave you the salad .,DO,DO,SELL,GIVE,A,THE,to,to,-36.390159606933594,"[-2.8857923, -10.491755, -7.0680103, -5.0397344, -1.6945243, -8.387101, -0.82323974]"
a woman sold them a tea .,the teacher sent the salad to us .,DO,PD,SELL,SEND,A,THE,to,to,-38.706138610839844,"[-2.8741977, -8.977114, -6.890707, -2.0616524, -11.7218, -0.9092294, -4.450858, -0.8205808]"
a woman sold them a tea .,the teacher sent us the salad .,DO,DO,SELL,SEND,A,THE,to,to,-35.71015930175781,"[-2.8741977, -8.977114, -6.890707, -3.1869633, -2.6414876, -10.347351, -0.7923412]"
a woman sold us a cheese .,the student got the pie for you .,DO,PD,SELL,GET,A,THE,to,for,-41.73145294189453,"[-2.8916867, -8.116375, -7.3837643, -2.7002878, -10.134478, -4.069035, -5.829708, -0.6061172]"
a woman sold us a cheese .,the student got you the pie .,DO,DO,SELL,GET,A,THE,to,for,-39.22834777832031,"[-2.8916867, -8.116375, -7.3837643, -7.242852, -3.9767973, -9.032939, -0.5839299]"
a woman sold us a cheese .,the band designed the cup for you .,DO,PD,SELL,DESIGN,A,THE,to,for,-39.3597297668457,"[-2.8916867, -7.9362535, -9.329342, -1.051691, -9.808703, -2.7614045, -5.00624, -0.5744084]"
a woman sold us a cheese .,the band designed you the cup .,DO,DO,SELL,DESIGN,A,THE,to,for,-42.51688003540039,"[-2.8916867, -7.9362535, -9.329342, -6.3589334, -5.118979, -9.828611, -1.0530738]"
a woman sold us a tea .,the attorney fed the cheese to him .,DO,PD,SELL,FEED,A,THE,to,to,-44.760154724121094,"[-2.8709543, -8.403674, -15.297381, -1.3534906, -9.963671, -1.8264799, -4.437229, -0.60727847]"
a woman sold us a tea .,the attorney fed him the cheese .,DO,DO,SELL,FEED,A,THE,to,to,-42.14342498779297,"[-2.8709543, -8.403674, -15.297381, -4.6469097, -2.283382, -7.9809947, -0.6601281]"
a woman sold us a telephone .,the adult delivered the pie for them .,DO,PD,SELL,DELIVER,A,THE,to,for,-45.784698486328125,"[-2.8941164, -9.866404, -10.910904, -1.6944256, -10.432911, -3.7720814, -5.4502516, -0.7636086]"
a woman sold us a telephone .,the adult delivered them the pie .,DO,DO,SELL,DELIVER,A,THE,to,for,-42.93183898925781,"[-2.8941164, -9.866404, -10.910904, -6.1486845, -3.365059, -9.089895, -0.6567752]"
a woman supplied a beer to you .,the author saved the juice for us .,PD,PD,SUPPLY,SAVE,A,THE,to,for,-40.75989532470703,"[-2.8439186, -6.6626635, -11.917854, -1.23974, -11.150837, -1.7761571, -4.557189, -0.61153394]"
a woman supplied a beer to you .,the author saved us the juice .,PD,DO,SUPPLY,SAVE,A,THE,to,for,-41.60413360595703,"[-2.8439186, -6.6626635, -11.917854, -4.69052, -2.6379304, -12.03582, -0.8154253]"
a woman supplied a coat to them .,the worker got the beer for us .,PD,PD,SUPPLY,GET,A,THE,to,for,-38.56047439575195,"[-2.8594074, -9.074489, -6.4259424, -3.1222525, -7.6178184, -4.070134, -4.4105124, -0.9799211]"
a woman supplied a coat to them .,the worker got us the beer .,PD,DO,SUPPLY,GET,A,THE,to,for,-37.04569625854492,"[-2.8594074, -9.074489, -6.4259424, -7.535247, -3.7006075, -5.8610344, -1.5889695]"
a woman supplied a coat to you .,the daughter bought the tea for them .,PD,PD,SUPPLY,BUY,A,THE,to,for,-41.998600006103516,"[-2.8506775, -8.768699, -11.269678, -1.4669411, -8.758125, -2.624283, -4.830695, -1.4295006]"
a woman supplied a coat to you .,the daughter bought them the tea .,PD,DO,SUPPLY,BUY,A,THE,to,for,-42.58851623535156,"[-2.8506775, -8.768699, -11.269678, -5.1236134, -4.1576324, -8.874314, -1.5439026]"
a woman supplied a juice to him .,the writer purchased the card for it .,PD,PD,SUPPLY,PURCHASE,A,THE,to,for,-40.05474090576172,"[-2.8892643, -7.589378, -10.435225, -1.7469316, -6.3611536, -2.6642325, -6.756116, -1.6124418]"
a woman supplied a juice to him .,the writer purchased it the card .,PD,DO,SUPPLY,PURCHASE,A,THE,to,for,-44.32593536376953,"[-2.8892643, -7.589378, -10.435225, -4.913428, -5.692422, -10.593581, -2.2126384]"
a woman supplied a juice to it .,the employee threw the tea to you .,PD,PD,SUPPLY,THROW,A,THE,to,to,-37.997657775878906,"[-2.8872774, -9.092942, -7.768981, -1.2700025, -6.000532, -2.5809584, -7.796239, -0.6007252]"
a woman supplied a juice to it .,the employee threw you the tea .,PD,DO,SUPPLY,THROW,A,THE,to,to,-39.2110595703125,"[-2.8872774, -9.092942, -7.768981, -8.849183, -2.9978795, -6.724266, -0.8905293]"
a woman supplied a juice to us .,the employee left the coffee for you .,PD,PD,SUPPLY,LEAVE,A,THE,to,for,-36.76306915283203,"[-2.8890753, -9.178563, -6.0747566, -1.1827345, -5.778953, -5.2224865, -5.796733, -0.639765]"
a woman supplied a juice to us .,the employee left you the coffee .,PD,DO,SUPPLY,LEAVE,A,THE,to,for,-36.19927978515625,"[-2.8890753, -9.178563, -6.0747566, -8.029103, -3.6319165, -5.242579, -1.1532868]"
a woman supplied a salad to me .,the wife showed the telephone to you .,PD,PD,SUPPLY,SHOW,A,THE,to,to,-39.91167449951172,"[-2.8793228, -7.696216, -9.132149, -3.345866, -8.7568245, -0.5419172, -6.9740696, -0.5853084]"
a woman supplied a salad to me .,the wife showed you the telephone .,PD,DO,SUPPLY,SHOW,A,THE,to,to,-39.9539680480957,"[-2.8793228, -7.696216, -9.132149, -6.792242, -1.9710544, -9.730654, -1.752329]"
a woman supplied a salad to them .,the pilot made the coat for it .,PD,PD,SUPPLY,MAKE,A,THE,to,for,-44.983131408691406,"[-2.8644922, -8.308047, -7.7583256, -2.6367128, -13.280888, -3.5616171, -5.4897766, -1.0832746]"
a woman supplied a salad to them .,the pilot made it the coat .,PD,DO,SUPPLY,MAKE,A,THE,to,for,-46.41706085205078,"[-2.8644922, -8.308047, -7.7583256, -2.0729234, -6.489845, -14.583774, -4.3396544]"
a woman supplied a salad to us .,the leader left the coat for you .,PD,PD,SUPPLY,LEAVE,A,THE,to,for,-44.361228942871094,"[-2.8734689, -7.0458994, -11.503627, -1.5056919, -10.800112, -4.536563, -5.222263, -0.8736054]"
a woman supplied a salad to us .,the leader left you the coat .,PD,DO,SUPPLY,LEAVE,A,THE,to,for,-45.24443435668945,"[-2.8734689, -7.0458994, -11.503627, -6.4799237, -4.323772, -11.582348, -1.4353958]"
a woman supplied him a juice .,the writer purchased the card for it .,DO,PD,SUPPLY,PURCHASE,A,THE,to,for,-40.89896011352539,"[-2.9422638, -7.652313, -10.211404, -1.8443831, -6.5642896, -2.658511, -6.909136, -2.116659]"
a woman supplied him a juice .,the writer purchased it the card .,DO,DO,SUPPLY,PURCHASE,A,THE,to,for,-44.158935546875,"[-2.9422638, -7.652313, -10.211404, -4.60336, -5.5201144, -10.992739, -2.2367423]"
a woman supplied it a juice .,the employee threw the tea to you .,DO,PD,SUPPLY,THROW,A,THE,to,to,-39.469635009765625,"[-2.8901925, -9.175292, -7.9037104, -1.3828714, -6.2987003, -3.3304508, -7.7891374, -0.6992781]"
a woman supplied it a juice .,the employee threw you the tea .,DO,DO,SUPPLY,THROW,A,THE,to,to,-39.36760711669922,"[-2.8901925, -9.175292, -7.9037104, -8.740164, -2.9576163, -7.0919857, -0.6086457]"
a woman supplied me a salad .,the wife showed the telephone to you .,DO,PD,SUPPLY,SHOW,A,THE,to,to,-41.709495544433594,"[-2.9095469, -7.3995786, -9.173028, -3.9574494, -8.773183, -0.9548633, -7.715831, -0.82601625]"
a woman supplied me a salad .,the wife showed you the telephone .,DO,DO,SUPPLY,SHOW,A,THE,to,to,-40.59473419189453,"[-2.9095469, -7.3995786, -9.173028, -7.2627053, -2.2178018, -10.192226, -1.4398494]"
a woman supplied them a coat .,the worker got the beer for us .,DO,PD,SUPPLY,GET,A,THE,to,for,-38.83933639526367,"[-2.912611, -9.245741, -6.355732, -3.0235846, -7.885363, -3.8968778, -4.5315914, -0.9878362]"
a woman supplied them a coat .,the worker got us the beer .,DO,DO,SUPPLY,GET,A,THE,to,for,-36.55571365356445,"[-2.912611, -9.245741, -6.355732, -6.8468313, -3.6183863, -6.473827, -1.1025869]"
a woman supplied them a salad .,the pilot made the coat for it .,DO,PD,SUPPLY,MAKE,A,THE,to,for,-46.22322082519531,"[-2.8902674, -8.209448, -7.5376306, -2.6788566, -13.366951, -3.7201636, -6.3478336, -1.4720738]"
a woman supplied them a salad .,the pilot made it the coat .,DO,DO,SUPPLY,MAKE,A,THE,to,for,-45.694698333740234,"[-2.8902674, -8.209448, -7.5376306, -1.8642814, -6.557541, -14.260082, -4.375448]"
a woman supplied us a juice .,the employee left the coffee for you .,DO,PD,SUPPLY,LEAVE,A,THE,to,for,-37.52427291870117,"[-2.932962, -9.157005, -6.07294, -1.3043168, -5.9028263, -4.984627, -6.384138, -0.7854579]"
a woman supplied us a juice .,the employee left you the coffee .,DO,DO,SUPPLY,LEAVE,A,THE,to,for,-34.81602478027344,"[-2.932962, -9.157005, -6.07294, -7.6724825, -3.290904, -4.8670583, -0.8226749]"
a woman supplied us a salad .,the leader left the coat for you .,DO,PD,SUPPLY,LEAVE,A,THE,to,for,-44.07905578613281,"[-2.9323013, -7.027839, -10.731753, -1.6439309, -10.41076, -4.556634, -5.7962637, -0.9795705]"
a woman supplied us a salad .,the leader left you the coat .,DO,DO,SUPPLY,LEAVE,A,THE,to,for,-42.42371368408203,"[-2.9323013, -7.027839, -10.731753, -6.92044, -3.8492007, -9.816539, -1.1456381]"
a woman supplied you a beer .,the author saved the juice for us .,DO,PD,SUPPLY,SAVE,A,THE,to,for,-41.66252899169922,"[-2.8744516, -6.686299, -11.771555, -1.4114603, -11.042707, -2.1447926, -5.0859804, -0.6452799]"
a woman supplied you a beer .,the author saved us the juice .,DO,DO,SUPPLY,SAVE,A,THE,to,for,-40.71894073486328,"[-2.8744516, -6.686299, -11.771555, -4.322534, -2.7462578, -11.693814, -0.62402904]"
a woman supplied you a coat .,the daughter bought the tea for them .,DO,PD,SUPPLY,BUY,A,THE,to,for,-42.401397705078125,"[-2.9225569, -8.660082, -10.146591, -1.7611743, -9.074702, -3.0126123, -5.371718, -1.4519619]"
a woman supplied you a coat .,the daughter bought them the tea .,DO,DO,SUPPLY,BUY,A,THE,to,for,-40.270423889160156,"[-2.9225569, -8.660082, -10.146591, -4.750098, -3.824356, -8.868709, -1.0980313]"
a woman threw a box to me .,the candidate fed the cheese to him .,PD,PD,THROW,FEED,A,THE,to,to,-41.81372833251953,"[-2.8831651, -9.318926, -12.177884, -1.5723321, -10.231052, -1.1003122, -3.893758, -0.63629484]"
a woman threw a box to me .,the candidate fed him the cheese .,PD,DO,THROW,FEED,A,THE,to,to,-40.35255432128906,"[-2.8831651, -9.318926, -12.177884, -4.5513678, -2.3375447, -8.102144, -0.9815231]"
a woman threw a chocolate to us .,the prince delivered the instrument for you .,PD,PD,THROW,DELIVER,A,THE,to,for,-45.36704635620117,"[-2.890274, -9.762527, -9.028795, -1.9021671, -11.603315, -3.271286, -6.117837, -0.790845]"
a woman threw a chocolate to us .,the prince delivered you the instrument .,PD,DO,THROW,DELIVER,A,THE,to,for,-45.674224853515625,"[-2.890274, -9.762527, -9.028795, -8.87196, -2.1563513, -10.903087, -2.0612273]"
a woman threw a chocolate to you .,the boy delivered the tea for us .,PD,PD,THROW,DELIVER,A,THE,to,for,-36.190303802490234,"[-2.8735118, -7.197019, -9.746635, -1.6365473, -7.065629, -3.796883, -3.251122, -0.6229571]"
a woman threw a chocolate to you .,the boy delivered us the tea .,PD,DO,THROW,DELIVER,A,THE,to,for,-36.47173309326172,"[-2.8735118, -7.197019, -9.746635, -6.7184553, -2.5636468, -6.72056, -0.65190387]"
a woman threw a chocolate to you .,the secretary delivered the book for them .,PD,PD,THROW,DELIVER,A,THE,to,for,-44.926063537597656,"[-2.8735118, -9.033993, -12.935679, -1.6028965, -7.738726, -3.7501707, -5.984359, -1.0067291]"
a woman threw a chocolate to you .,the secretary delivered them the book .,PD,DO,THROW,DELIVER,A,THE,to,for,-43.37944030761719,"[-2.8735118, -9.033993, -12.935679, -8.372882, -3.0831485, -6.056068, -1.0241543]"
a woman threw me a box .,the candidate fed the cheese to him .,DO,PD,THROW,FEED,A,THE,to,to,-44.161094665527344,"[-2.9125674, -9.38573, -11.595746, -2.1446931, -10.53459, -2.6549401, -4.1250734, -0.80775464]"
a woman threw me a box .,the candidate fed him the cheese .,DO,DO,THROW,FEED,A,THE,to,to,-38.86789321899414,"[-2.9125674, -9.38573, -11.595746, -4.0494833, -2.6880302, -7.4170933, -0.8192458]"
a woman threw us a chocolate .,the prince delivered the instrument for you .,DO,PD,THROW,DELIVER,A,THE,to,for,-44.81675720214844,"[-2.9147854, -9.709471, -8.878804, -1.9783087, -11.455942, -3.5436118, -5.5841455, -0.75169]"
a woman threw us a chocolate .,the prince delivered you the instrument .,DO,DO,THROW,DELIVER,A,THE,to,for,-44.593597412109375,"[-2.9147854, -9.709471, -8.878804, -7.527381, -2.499682, -11.268082, -1.7953897]"
a woman threw you a chocolate .,the boy delivered the tea for us .,DO,PD,THROW,DELIVER,A,THE,to,for,-36.20915222167969,"[-2.8968933, -7.249119, -9.740961, -2.0006883, -6.529188, -4.0572486, -3.1330504, -0.6020046]"
a woman threw you a chocolate .,the boy delivered us the tea .,DO,DO,THROW,DELIVER,A,THE,to,for,-34.06369400024414,"[-2.8968933, -7.249119, -9.740961, -5.0384874, -2.6063282, -6.0141335, -0.51777047]"
a woman threw you a chocolate .,the secretary delivered the book for them .,DO,PD,THROW,DELIVER,A,THE,to,for,-43.58933639526367,"[-2.8968933, -9.128616, -12.039971, -1.6713059, -7.6610765, -3.6853354, -5.546262, -0.95987713]"
a woman threw you a chocolate .,the secretary delivered them the book .,DO,DO,THROW,DELIVER,A,THE,to,for,-41.0263671875,"[-2.8968933, -9.128616, -12.039971, -7.143039, -2.7739046, -6.1875286, -0.85641193]"
a woman took a cup to them .,the mayor brought the key to you .,PD,PD,TAKE,BRING,A,THE,to,to,-38.210731506347656,"[-2.8015041, -7.1801167, -9.27322, -1.7666569, -7.846294, -1.4861681, -7.015733, -0.84104127]"
a woman took a cup to them .,the mayor brought you the key .,PD,DO,TAKE,BRING,A,THE,to,to,-39.26313781738281,"[-2.8015041, -7.1801167, -9.27322, -7.0257645, -1.4338024, -6.9455614, -4.603168]"
a woman took a cup to them .,the leader drew the telephone for you .,PD,PD,TAKE,DRAW,A,THE,to,for,-49.792381286621094,"[-2.8015041, -6.9661264, -16.21238, -2.625109, -8.637466, -3.9638422, -7.973812, -0.6121435]"
a woman took a cup to them .,the leader drew you the telephone .,PD,DO,TAKE,DRAW,A,THE,to,for,-54.289642333984375,"[-2.8015041, -6.9661264, -16.21238, -9.137575, -6.7272844, -11.485814, -0.95895755]"
a woman took a cup to us .,the employer found the tea for me .,PD,PD,TAKE,FIND,A,THE,to,for,-41.258819580078125,"[-2.811352, -10.209591, -6.551298, -1.9451668, -9.216941, -5.495055, -3.4620242, -1.5673927]"
a woman took a cup to us .,the employer found me the tea .,PD,DO,TAKE,FIND,A,THE,to,for,-41.85543441772461,"[-2.811352, -10.209591, -6.551298, -7.9650297, -4.017882, -8.97953, -1.3207495]"
a woman took a flower to you .,the man drew the coat for them .,PD,PD,TAKE,DRAW,A,THE,to,for,-39.19811248779297,"[-2.8131554, -4.515908, -9.011701, -2.166788, -8.560741, -5.111928, -5.972913, -1.0449762]"
a woman took a flower to you .,the man drew them the coat .,PD,DO,TAKE,DRAW,A,THE,to,for,-38.9168701171875,"[-2.8131554, -4.515908, -9.011701, -7.047014, -4.471716, -8.845704, -2.211669]"
a woman took a key to him .,the lady brought the cigarette to you .,PD,PD,TAKE,BRING,A,THE,to,to,-37.43239212036133,"[-2.7620754, -9.413322, -7.503022, -1.8533152, -7.702036, -1.4588783, -6.293838, -0.4459041]"
a woman took a key to him .,the lady brought you the cigarette .,PD,DO,TAKE,BRING,A,THE,to,to,-35.50788497924805,"[-2.7620754, -9.413322, -7.503022, -4.346405, -1.6809809, -9.146494, -0.65558434]"
a woman took a key to me .,the pilot brought the pie to it .,PD,PD,TAKE,BRING,A,THE,to,to,-42.705345153808594,"[-2.7785912, -8.756743, -8.376431, -1.749757, -11.364366, -0.96088505, -7.367452, -1.3511229]"
a woman took a key to me .,the pilot brought it the pie .,PD,DO,TAKE,BRING,A,THE,to,to,-45.198673248291016,"[-2.7785912, -8.756743, -8.376431, -4.8891964, -5.542239, -13.805351, -1.0501194]"
a woman took a key to me .,the prince sent the crystal to us .,PD,PD,TAKE,SEND,A,THE,to,to,-37.6097412109375,"[-2.7785912, -10.511179, -6.0320196, -2.0774746, -9.417114, -1.1295538, -5.0287724, -0.6350372]"
a woman took a key to me .,the prince sent us the crystal .,PD,DO,TAKE,SEND,A,THE,to,to,-36.97735595703125,"[-2.7785912, -10.511179, -6.0320196, -5.037632, -2.36152, -8.885429, -1.3709823]"
a woman took a key to me .,the doctor showed the juice to him .,PD,PD,TAKE,SHOW,A,THE,to,to,-36.97767639160156,"[-2.7785912, -8.5036125, -7.4309273, -2.298939, -10.467796, -1.1143624, -3.6977885, -0.68565696]"
a woman took a key to me .,the doctor showed him the juice .,PD,DO,TAKE,SHOW,A,THE,to,to,-34.37010955810547,"[-2.7785912, -8.5036125, -7.4309273, -4.016733, -1.3632307, -9.288789, -0.9882241]"
a woman took a motor to them .,the minister delivered the juice for you .,PD,PD,TAKE,DELIVER,A,THE,to,for,-50.367286682128906,"[-2.8286488, -8.746878, -10.632459, -1.5738337, -14.277089, -3.847484, -7.529502, -0.9313953]"
a woman took a motor to them .,the minister delivered you the juice .,PD,DO,TAKE,DELIVER,A,THE,to,for,-45.83821105957031,"[-2.8286488, -8.746878, -10.632459, -10.709705, -1.6570663, -10.568014, -0.69544315]"
a woman took a plate to her .,the army designed the engine for them .,PD,PD,TAKE,DESIGN,A,THE,to,for,-41.372230529785156,"[-2.8368728, -9.157274, -10.299262, -1.0560093, -7.730405, -2.3812337, -6.917913, -0.99326205]"
a woman took a plate to her .,the army designed them the engine .,PD,DO,TAKE,DESIGN,A,THE,to,for,-47.841365814208984,"[-2.8368728, -9.157274, -10.299262, -6.5672464, -6.081573, -10.492328, -2.4068093]"
a woman took a plate to him .,the president made the bag for me .,PD,PD,TAKE,MAKE,A,THE,to,for,-33.88041687011719,"[-2.8350854, -5.8609705, -4.9918246, -1.3277864, -12.403288, -3.2534149, -2.1874151, -1.0206344]"
a woman took a plate to him .,the president made me the bag .,PD,DO,TAKE,MAKE,A,THE,to,for,-36.72736358642578,"[-2.8350854, -5.8609705, -4.9918246, -8.178519, -2.9420028, -10.8077345, -1.1112261]"
a woman took a plate to it .,the cop delivered the candy for you .,PD,PD,TAKE,DELIVER,A,THE,to,for,-41.461143493652344,"[-2.8155308, -10.199631, -10.296289, -1.1764388, -9.292602, -3.9663782, -3.2336524, -0.4806236]"
a woman took a plate to it .,the cop delivered you the candy .,PD,DO,TAKE,DELIVER,A,THE,to,for,-39.82483673095703,"[-2.8155308, -10.199631, -10.296289, -6.693875, -1.9385736, -7.3181996, -0.56273854]"
a woman took her a plate .,the army designed the engine for them .,DO,PD,TAKE,DESIGN,A,THE,to,for,-41.806488037109375,"[-2.8346484, -9.330473, -10.2228775, -1.0931727, -7.9351645, -2.197442, -7.358954, -0.83375823]"
a woman took her a plate .,the army designed them the engine .,DO,DO,TAKE,DESIGN,A,THE,to,for,-48.30727005004883,"[-2.8346484, -9.330473, -10.2228775, -6.869986, -5.8572307, -11.000848, -2.1912055]"
a woman took him a key .,the lady brought the cigarette to you .,DO,PD,TAKE,BRING,A,THE,to,to,-37.767601013183594,"[-2.8071442, -9.278286, -6.950839, -2.429935, -7.8658514, -1.6058397, -6.3078046, -0.5219028]"
a woman took him a key .,the lady brought you the cigarette .,DO,DO,TAKE,BRING,A,THE,to,to,-34.273841857910156,"[-2.8071442, -9.278286, -6.950839, -4.3513465, -1.8655899, -8.425836, -0.5948021]"
a woman took him a plate .,the president made the bag for me .,DO,PD,TAKE,MAKE,A,THE,to,for,-33.77925109863281,"[-2.8659794, -6.064262, -4.947659, -1.4399023, -12.115213, -3.244145, -1.9054672, -1.1966234]"
a woman took him a plate .,the president made me the bag .,DO,DO,TAKE,MAKE,A,THE,to,for,-34.99335861206055,"[-2.8659794, -6.064262, -4.947659, -7.2400713, -2.983415, -9.919806, -0.9721675]"
a woman took it a plate .,the cop delivered the candy for you .,DO,PD,TAKE,DELIVER,A,THE,to,for,-41.18665313720703,"[-2.849437, -10.278784, -10.406666, -1.3785055, -8.98588, -3.5726314, -3.1192417, -0.5955064]"
a woman took it a plate .,the cop delivered you the candy .,DO,DO,TAKE,DELIVER,A,THE,to,for,-39.48256301879883,"[-2.849437, -10.278784, -10.406666, -5.768711, -1.9635352, -7.574682, -0.64074767]"
a woman took me a key .,the pilot brought the pie to it .,DO,PD,TAKE,BRING,A,THE,to,to,-42.60043716430664,"[-2.8009412, -8.585872, -8.008157, -1.8948933, -11.214459, -0.8748991, -7.134659, -2.086557]"
a woman took me a key .,the pilot brought it the pie .,DO,DO,TAKE,BRING,A,THE,to,to,-43.9819450378418,"[-2.8009412, -8.585872, -8.008157, -4.1729913, -5.481674, -14.142374, -0.7899364]"
a woman took me a key .,the prince sent the crystal to us .,DO,PD,TAKE,SEND,A,THE,to,to,-37.94001770019531,"[-2.8009412, -10.258757, -5.6486025, -2.189532, -8.898065, -1.2129978, -6.168434, -0.7626888]"
a woman took me a key .,the prince sent us the crystal .,DO,DO,TAKE,SEND,A,THE,to,to,-35.139610290527344,"[-2.8009412, -10.258757, -5.6486025, -4.5584364, -2.1767416, -8.57542, -1.1207099]"
a woman took me a key .,the doctor showed the juice to him .,DO,PD,TAKE,SHOW,A,THE,to,to,-36.97547912597656,"[-2.8009412, -8.402052, -7.079463, -3.187049, -9.961667, -1.2465967, -3.469623, -0.8280852]"
a woman took me a key .,the doctor showed him the juice .,DO,DO,TAKE,SHOW,A,THE,to,to,-33.560569763183594,"[-2.8009412, -8.402052, -7.079463, -3.8685818, -1.4376366, -9.081684, -0.8902095]"
a woman took them a cup .,the mayor brought the key to you .,DO,PD,TAKE,BRING,A,THE,to,to,-38.36701202392578,"[-2.8560398, -7.133148, -8.998613, -2.0515788, -7.4736886, -1.8060303, -6.950099, -1.097815]"
a woman took them a cup .,the mayor brought you the key .,DO,DO,TAKE,BRING,A,THE,to,to,-37.855796813964844,"[-2.8560398, -7.133148, -8.998613, -6.1910276, -1.7570131, -7.1101494, -3.8098042]"
a woman took them a cup .,the leader drew the telephone for you .,DO,PD,TAKE,DRAW,A,THE,to,for,-48.50193405151367,"[-2.8560398, -7.115122, -15.309831, -2.822934, -8.726605, -3.9271, -7.1329703, -0.6113293]"
a woman took them a cup .,the leader drew you the telephone .,DO,DO,TAKE,DRAW,A,THE,to,for,-49.146697998046875,"[-2.8560398, -7.115122, -15.309831, -8.693688, -3.5245748, -10.630785, -1.0166568]"
a woman took them a motor .,the minister delivered the juice for you .,DO,PD,TAKE,DELIVER,A,THE,to,for,-50.13562774658203,"[-2.8189914, -8.761795, -10.792845, -1.5996859, -13.782446, -2.9669404, -8.24042, -1.1725048]"
a woman took them a motor .,the minister delivered you the juice .,DO,DO,TAKE,DELIVER,A,THE,to,for,-44.592529296875,"[-2.8189914, -8.761795, -10.792845, -10.2126045, -1.6168021, -9.726457, -0.6630342]"
a woman took us a cup .,the employer found the tea for me .,DO,PD,TAKE,FIND,A,THE,to,for,-41.03610610961914,"[-2.8576856, -9.994499, -6.3792167, -2.2501929, -9.067959, -5.6386633, -2.9505012, -1.8973899]"
a woman took us a cup .,the employer found me the tea .,DO,DO,TAKE,FIND,A,THE,to,for,-38.71638488769531,"[-2.8576856, -9.994499, -6.3792167, -7.048147, -3.696352, -7.677752, -1.0627327]"
a woman took you a flower .,the man drew the coat for them .,DO,PD,TAKE,DRAW,A,THE,to,for,-39.29988479614258,"[-2.8121705, -4.8737783, -8.777488, -2.1084728, -8.3932705, -5.0305934, -6.236608, -1.0675031]"
a woman took you a flower .,the man drew them the coat .,DO,DO,TAKE,DRAW,A,THE,to,for,-36.243980407714844,"[-2.8121705, -4.8737783, -8.777488, -6.208211, -3.3138623, -8.271384, -1.9870882]"
a worker bought a beer for it .,the father sold the juice to you .,PD,PD,BUY,SELL,A,THE,for,to,-41.84994125366211,"[-2.8606696, -7.325509, -11.261752, -0.8956884, -10.021782, -1.3219663, -7.426812, -0.7357628]"
a worker bought a beer for it .,the father sold you the juice .,PD,DO,BUY,SELL,A,THE,for,to,-40.51107406616211,"[-2.8606696, -7.325509, -11.261752, -8.240338, -2.408214, -7.3814793, -1.0331128]"
a worker bought a beer for us .,the president made the bag for me .,PD,PD,BUY,MAKE,A,THE,for,for,-33.42633819580078,"[-2.8777797, -6.1035953, -5.360816, -1.458143, -12.571082, -2.822389, -1.4157965, -0.8167374]"
a worker bought a beer for us .,the president made me the bag .,PD,DO,BUY,MAKE,A,THE,for,for,-38.03529357910156,"[-2.8777797, -6.1035953, -5.360816, -8.0454, -3.2608027, -10.882624, -1.5042763]"
a worker bought a cheese for it .,the partner caught the box for them .,PD,PD,BUY,CATCH,A,THE,for,for,-42.639278411865234,"[-2.8886049, -10.405241, -8.559413, -1.1879942, -8.891957, -3.8050733, -6.1392236, -0.76177144]"
a worker bought a cheese for it .,the partner caught them the box .,PD,DO,BUY,CATCH,A,THE,for,for,-42.51009750366211,"[-2.8886049, -10.405241, -8.559413, -4.483303, -5.988102, -8.943179, -1.2422554]"
a worker bought a cheese for me .,the employee threw the tea to you .,PD,PD,BUY,THROW,A,THE,for,to,-37.316890716552734,"[-2.900269, -8.68586, -8.072608, -1.4696469, -5.944322, -2.996745, -6.628913, -0.6185284]"
a worker bought a cheese for me .,the employee threw you the tea .,PD,DO,BUY,THROW,A,THE,for,to,-38.4207763671875,"[-2.900269, -8.68586, -8.072608, -7.856671, -3.1760793, -6.7528267, -0.9764626]"
a worker bought a cheese for you .,the husband made the motor for me .,PD,PD,BUY,MAKE,A,THE,for,for,-39.759124755859375,"[-2.8945181, -8.918415, -7.1428494, -1.4881929, -11.405037, -4.061382, -2.7404006, -1.1083314]"
a worker bought a cheese for you .,the husband made me the motor .,PD,DO,BUY,MAKE,A,THE,for,for,-40.29618835449219,"[-2.8945181, -8.918415, -7.1428494, -4.3415923, -3.6855488, -10.975121, -2.3381424]"
a worker bought it a beer .,the father sold the juice to you .,DO,PD,BUY,SELL,A,THE,for,to,-42.643028259277344,"[-2.8891196, -7.534022, -10.895311, -1.1317539, -11.061768, -1.064381, -7.3724566, -0.69421697]"
a worker bought it a beer .,the father sold you the juice .,DO,DO,BUY,SELL,A,THE,for,to,-39.8776741027832,"[-2.8891196, -7.534022, -10.895311, -7.2139416, -2.2910895, -8.229052, -0.825138]"
a worker bought it a cheese .,the partner caught the box for them .,DO,PD,BUY,CATCH,A,THE,for,for,-44.64686965942383,"[-2.9141731, -10.354593, -8.420745, -1.5506324, -8.6009865, -4.67519, -7.1509266, -0.9796236]"
a worker bought it a cheese .,the partner caught them the box .,DO,DO,BUY,CATCH,A,THE,for,for,-41.00184631347656,"[-2.9141731, -10.354593, -8.420745, -4.631916, -5.788837, -7.7266016, -1.1649777]"
a worker bought me a cheese .,the employee threw the tea to you .,DO,PD,BUY,THROW,A,THE,for,to,-38.239498138427734,"[-2.9225874, -8.680981, -7.582042, -1.8188246, -6.683978, -3.299118, -6.5481977, -0.70376956]"
a worker bought me a cheese .,the employee threw you the tea .,DO,DO,BUY,THROW,A,THE,for,to,-36.53352355957031,"[-2.9225874, -8.680981, -7.582042, -6.4172897, -3.2258987, -7.076585, -0.6281382]"
a worker bought us a beer .,the president made the bag for me .,DO,PD,BUY,MAKE,A,THE,for,for,-33.9033203125,"[-2.8907495, -6.2249513, -5.051067, -1.653889, -12.393885, -3.3664272, -1.3322729, -0.99007964]"
a worker bought us a beer .,the president made me the bag .,DO,DO,BUY,MAKE,A,THE,for,for,-36.75144958496094,"[-2.8907495, -6.2249513, -5.051067, -7.1754313, -3.6512728, -10.621464, -1.1365123]"
a worker bought you a cheese .,the husband made the motor for me .,DO,PD,BUY,MAKE,A,THE,for,for,-39.91357421875,"[-2.9142098, -8.923296, -6.662407, -1.6642947, -11.264172, -4.506131, -2.8826275, -1.0964348]"
a worker bought you a cheese .,the husband made me the motor .,DO,DO,BUY,MAKE,A,THE,for,for,-37.95005798339844,"[-2.9142098, -8.923296, -6.662407, -3.201036, -3.824617, -10.723953, -1.7005405]"
a worker brought a beer to him .,the student threw the candy to you .,PD,PD,BRING,THROW,A,THE,to,to,-39.161869049072266,"[-2.8499877, -7.6064925, -7.6422763, -1.9608936, -7.504114, -2.8399696, -8.1888485, -0.5692874]"
a worker brought a beer to him .,the student threw you the candy .,PD,DO,BRING,THROW,A,THE,to,to,-38.464027404785156,"[-2.8499877, -7.6064925, -7.6422763, -9.989214, -3.6466384, -5.837043, -0.8923782]"
a worker brought a beer to them .,the candidate supplied the candy to you .,PD,PD,BRING,SUPPLY,A,THE,to,to,-41.73746109008789,"[-2.8331556, -8.875375, -10.748788, -1.7344798, -9.369347, -1.9109211, -5.7934628, -0.47193044]"
a worker brought a beer to them .,the candidate supplied you the candy .,PD,DO,BRING,SUPPLY,A,THE,to,to,-45.64988708496094,"[-2.8331556, -8.875375, -10.748788, -6.496174, -5.3153987, -10.43351, -0.9474871]"
a worker brought a camera to her .,the doctor got the juice for you .,PD,PD,BRING,GET,A,THE,to,for,-39.68769073486328,"[-2.8454084, -8.468748, -6.899704, -2.5014234, -9.274018, -3.7018807, -5.408957, -0.58755165]"
a worker brought a camera to her .,the doctor got you the juice .,PD,DO,BRING,GET,A,THE,to,for,-37.923858642578125,"[-2.8454084, -8.468748, -6.899704, -7.9154353, -3.3216648, -7.734703, -0.7381927]"
a worker brought a camera to it .,the cop delivered the key for you .,PD,PD,BRING,DELIVER,A,THE,to,for,-40.6331787109375,"[-2.8401449, -9.876595, -10.18149, -1.28467, -5.5732527, -5.1129622, -5.1793666, -0.58469707]"
a worker brought a camera to it .,the cop delivered you the key .,PD,DO,BRING,DELIVER,A,THE,to,for,-38.24374771118164,"[-2.8401449, -9.876595, -10.18149, -6.8924265, -1.9647477, -5.235715, -1.2526281]"
a worker brought a coffee to me .,the daughter took the engine to them .,PD,PD,BRING,TAKE,A,THE,to,to,-44.217933654785156,"[-2.8458712, -9.169691, -8.584349, -2.0884414, -10.132934, -1.5112221, -8.931194, -0.95422864]"
a worker brought a coffee to me .,the daughter took them the engine .,PD,DO,BRING,TAKE,A,THE,to,to,-44.57440185546875,"[-2.8458712, -9.169691, -8.584349, -6.3637223, -5.517116, -10.355922, -1.7377303]"
a worker brought a computer to me .,the hero threw the flower to you .,PD,PD,BRING,THROW,A,THE,to,to,-41.138671875,"[-2.836718, -9.759383, -9.7912655, -1.8752179, -7.883955, -2.083247, -6.2481565, -0.6607293]"
a worker brought a computer to me .,the hero threw you the flower .,PD,DO,BRING,THROW,A,THE,to,to,-42.67259216308594,"[-2.836718, -9.759383, -9.7912655, -9.255596, -2.7442381, -6.889914, -1.3954744]"
a worker brought a cup to it .,the singer promised the salad to you .,PD,PD,BRING,PROMISE,A,THE,to,to,-46.01488494873047,"[-2.825614, -8.861946, -8.710501, -3.6478734, -12.070239, -2.6058977, -6.030796, -1.26202]"
a worker brought a cup to it .,the singer promised you the salad .,PD,DO,BRING,PROMISE,A,THE,to,to,-43.51750183105469,"[-2.825614, -8.861946, -8.710501, -6.745624, -2.8862896, -11.798154, -1.6893767]"
a worker brought a juice to them .,the mother sold the pot to me .,PD,PD,BRING,SELL,A,THE,to,to,-32.94036865234375,"[-2.8609724, -7.055666, -10.232966, -1.2467631, -6.1712756, -0.5721912, -4.033294, -0.7672393]"
a worker brought a juice to them .,the mother sold me the pot .,PD,DO,BRING,SELL,A,THE,to,to,-34.98214340209961,"[-2.8609724, -7.055666, -10.232966, -5.031708, -2.457076, -6.116077, -1.2276771]"
a worker brought a juice to you .,the writer purchased the card for it .,PD,PD,BRING,PURCHASE,A,THE,to,for,-40.26740264892578,"[-2.8530395, -7.9335976, -10.746765, -1.4675757, -6.228901, -2.607562, -6.6826515, -1.7473078]"
a worker brought a juice to you .,the writer purchased it the card .,PD,DO,BRING,PURCHASE,A,THE,to,for,-44.71220779418945,"[-2.8530395, -7.9335976, -10.746765, -4.769297, -5.4797907, -10.58952, -2.3401978]"
a worker brought a plate to us .,the adult kept the pie for it .,PD,PD,BRING,KEEP,A,THE,to,for,-47.50359344482422,"[-2.861406, -10.094076, -9.910179, -2.6476867, -9.438763, -3.228679, -7.7035694, -1.6192362]"
a worker brought a plate to us .,the adult kept it the pie .,PD,DO,BRING,KEEP,A,THE,to,for,-47.70050811767578,"[-2.861406, -10.094076, -9.910179, -4.2069597, -6.051938, -13.0793915, -1.4965589]"
a worker brought a plate to you .,the guest made the jacket for us .,PD,PD,BRING,MAKE,A,THE,to,for,-40.39616775512695,"[-2.8577495, -9.369844, -6.999539, -2.2463455, -12.316895, -3.5689077, -2.2787504, -0.7581368]"
a worker brought a plate to you .,the guest made us the jacket .,PD,DO,BRING,MAKE,A,THE,to,for,-41.68995666503906,"[-2.8577495, -9.369844, -6.999539, -6.76105, -3.476267, -11.055972, -1.169533]"
a worker brought an instrument to him .,the colonel left the tea for me .,PD,PD,BRING,LEAVE,A,THE,to,for,-39.75446319580078,"[-2.8831685, -10.996773, -5.986704, -1.1372848, -8.918947, -4.6885176, -4.264373, -0.8786965]"
a worker brought an instrument to him .,the colonel left me the tea .,PD,DO,BRING,LEAVE,A,THE,to,for,-37.469818115234375,"[-2.8831685, -10.996773, -5.986704, -5.2496448, -3.690151, -7.1335664, -1.5298078]"
a worker brought an instrument to him .,the administration designed the bag for her .,PD,PD,BRING,DESIGN,A,THE,to,for,-40.15330505371094,"[-2.8831685, -7.7557726, -10.291759, -0.7809977, -9.343697, -2.3660095, -5.2926116, -1.4392928]"
a worker brought an instrument to him .,the administration designed her the bag .,PD,DO,BRING,DESIGN,A,THE,to,for,-45.037254333496094,"[-2.8831685, -7.7557726, -10.291759, -6.767469, -5.0412445, -10.588903, -1.708939]"
a worker brought her a camera .,the doctor got the juice for you .,DO,PD,BRING,GET,A,THE,to,for,-39.477813720703125,"[-2.869141, -8.334785, -6.6625214, -2.3763318, -9.292452, -3.4989908, -5.8431096, -0.6004809]"
a worker brought her a camera .,the doctor got you the juice .,DO,DO,BRING,GET,A,THE,to,for,-37.15970230102539,"[-2.869141, -8.334785, -6.6625214, -7.4836984, -3.0609808, -8.070555, -0.6780201]"
a worker brought him a beer .,the student threw the candy to you .,DO,PD,BRING,THROW,A,THE,to,to,-40.924766540527344,"[-2.9051592, -7.6995254, -7.9420204, -2.323716, -7.756157, -3.7444835, -7.9817786, -0.5719241]"
a worker brought him a beer .,the student threw you the candy .,DO,DO,BRING,THROW,A,THE,to,to,-38.63981628417969,"[-2.9051592, -7.6995254, -7.9420204, -9.169553, -3.7163904, -6.6155086, -0.59165764]"
a worker brought him an instrument .,the colonel left the tea for me .,DO,PD,BRING,LEAVE,A,THE,to,for,-40.90280532836914,"[-2.9345102, -10.862377, -5.855744, -1.5076975, -9.379528, -4.762389, -4.4913077, -1.1092523]"
a worker brought him an instrument .,the colonel left me the tea .,DO,DO,BRING,LEAVE,A,THE,to,for,-37.70435333251953,"[-2.9345102, -10.862377, -5.855744, -4.5141597, -3.414449, -8.679163, -1.4439498]"
a worker brought him an instrument .,the administration designed the bag for her .,DO,PD,BRING,DESIGN,A,THE,to,for,-39.82944869995117,"[-2.9345102, -7.9776, -9.947907, -0.76707983, -9.131167, -2.3852563, -5.1015224, -1.5844041]"
a worker brought him an instrument .,the administration designed her the bag .,DO,DO,BRING,DESIGN,A,THE,to,for,-43.53209686279297,"[-2.9345102, -7.9776, -9.947907, -6.340451, -4.9081335, -10.17697, -1.2465235]"
a worker brought it a camera .,the cop delivered the key for you .,DO,PD,BRING,DELIVER,A,THE,to,for,-40.95042419433594,"[-2.8439786, -9.974882, -10.4627075, -1.4100443, -5.3708553, -4.648919, -5.58159, -0.6574473]"
a worker brought it a camera .,the cop delivered you the key .,DO,DO,BRING,DELIVER,A,THE,to,for,-37.83928298950195,"[-2.8439786, -9.974882, -10.4627075, -6.567405, -1.823065, -5.012763, -1.15448]"
a worker brought it a cup .,the singer promised the salad to you .,DO,PD,BRING,PROMISE,A,THE,to,to,-47.45338439941406,"[-2.8344927, -8.94553, -8.725674, -3.516259, -12.054716, -3.3983788, -6.584571, -1.3937607]"
a worker brought it a cup .,the singer promised you the salad .,DO,DO,BRING,PROMISE,A,THE,to,to,-42.870750427246094,"[-2.8344927, -8.94553, -8.725674, -6.3768926, -2.8860035, -11.669744, -1.432413]"
a worker brought me a coffee .,the daughter took the engine to them .,DO,PD,BRING,TAKE,A,THE,to,to,-44.75431823730469,"[-2.8836474, -9.138731, -8.233644, -2.2729795, -9.86504, -1.9772822, -9.405448, -0.97754616]"
a worker brought me a coffee .,the daughter took them the engine .,DO,DO,BRING,TAKE,A,THE,to,to,-43.56981658935547,"[-2.8836474, -9.138731, -8.233644, -5.8123703, -5.6664214, -10.698417, -1.1365874]"
a worker brought me a computer .,the hero threw the flower to you .,DO,PD,BRING,THROW,A,THE,to,to,-43.95014953613281,"[-2.8666224, -9.808328, -10.06487, -2.0981615, -8.228208, -2.7076833, -7.3234234, -0.8528528]"
a worker brought me a computer .,the hero threw you the flower .,DO,DO,BRING,THROW,A,THE,to,to,-42.2681884765625,"[-2.8666224, -9.808328, -10.06487, -8.267406, -2.8821926, -7.233634, -1.1451356]"
a worker brought them a beer .,the candidate supplied the candy to you .,DO,PD,BRING,SUPPLY,A,THE,to,to,-43.40615463256836,"[-2.8715563, -9.005178, -10.488469, -1.6392386, -9.1729355, -3.031131, -6.6635942, -0.5340514]"
a worker brought them a beer .,the candidate supplied you the candy .,DO,DO,BRING,SUPPLY,A,THE,to,to,-43.259620666503906,"[-2.8715563, -9.005178, -10.488469, -5.9191866, -4.9892397, -9.259983, -0.7260078]"
a worker brought them a juice .,the mother sold the pot to me .,DO,PD,BRING,SELL,A,THE,to,to,-34.787803649902344,"[-2.8818238, -7.1563945, -9.981418, -1.4834472, -6.7457423, -1.0510352, -4.4504757, -1.0374703]"
a worker brought them a juice .,the mother sold me the pot .,DO,DO,BRING,SELL,A,THE,to,to,-34.57069778442383,"[-2.8818238, -7.1563945, -9.981418, -4.3014565, -2.5778675, -6.681088, -0.99065]"
a worker brought us a plate .,the adult kept the pie for it .,DO,PD,BRING,KEEP,A,THE,to,for,-46.781768798828125,"[-2.896641, -10.094199, -9.857409, -2.5384848, -9.537971, -2.9882874, -7.4420614, -1.4267141]"
a worker brought us a plate .,the adult kept it the pie .,DO,DO,BRING,KEEP,A,THE,to,for,-46.716941833496094,"[-2.896641, -10.094199, -9.857409, -3.7999861, -6.142601, -12.8041115, -1.1219957]"
a worker brought you a juice .,the writer purchased the card for it .,DO,PD,BRING,PURCHASE,A,THE,to,for,-40.84528350830078,"[-2.874756, -7.9491887, -10.8010845, -1.4103398, -6.8160725, -2.6002975, -6.6176534, -1.7758877]"
a worker brought you a juice .,the writer purchased it the card .,DO,DO,BRING,PURCHASE,A,THE,to,for,-44.87841033935547,"[-2.874756, -7.9491887, -10.8010845, -4.5854726, -5.381616, -11.17256, -2.1137352]"
a worker brought you a plate .,the guest made the jacket for us .,DO,PD,BRING,MAKE,A,THE,to,for,-40.195960998535156,"[-2.862922, -9.364428, -7.017125, -2.1777442, -11.54023, -3.5817857, -2.799404, -0.8523241]"
a worker brought you a plate .,the guest made us the jacket .,DO,DO,BRING,MAKE,A,THE,to,for,-40.14622497558594,"[-2.862922, -9.364428, -7.017125, -5.878393, -3.8054447, -10.325939, -0.891971]"
a worker caught a camera for him .,the teacher promised the bag to her .,PD,PD,CATCH,PROMISE,A,THE,for,to,-36.794952392578125,"[-2.9230964, -8.908829, -8.820873, -2.7894073, -8.151037, -2.370514, -1.4010906, -1.4301016]"
a worker caught a camera for him .,the teacher promised her the bag .,PD,DO,CATCH,PROMISE,A,THE,for,to,-35.674869537353516,"[-2.9230964, -8.908829, -8.820873, -2.887692, -2.7381148, -7.390504, -2.005762]"
a worker caught a hat for it .,the wife showed the telephone to you .,PD,PD,CATCH,SHOW,A,THE,for,to,-43.050025939941406,"[-2.8865259, -8.55179, -10.424744, -2.521734, -9.611224, -1.151579, -6.930405, -0.97202396]"
a worker caught a hat for it .,the wife showed you the telephone .,PD,DO,CATCH,SHOW,A,THE,for,to,-41.27947998046875,"[-2.8865259, -8.55179, -10.424744, -5.8130054, -1.7821565, -10.2911005, -1.5301555]"
a worker caught a hat for me .,the prince showed the juice to them .,PD,PD,CATCH,SHOW,A,THE,for,to,-44.27231979370117,"[-2.906916, -10.387736, -8.464939, -2.8077319, -10.377832, -2.0706296, -6.219299, -1.0372365]"
a worker caught a hat for me .,the prince showed them the juice .,PD,DO,CATCH,SHOW,A,THE,for,to,-40.23778533935547,"[-2.906916, -10.387736, -8.464939, -5.2730284, -1.6793171, -10.171647, -1.3542027]"
a worker caught a hat for us .,the colonel bought the candy for me .,PD,PD,CATCH,BUY,A,THE,for,for,-38.03346252441406,"[-2.9047055, -11.896498, -8.941168, -1.5106252, -8.317684, -2.0973024, -1.5898631, -0.7756203]"
a worker caught a hat for us .,the colonel bought me the candy .,PD,DO,CATCH,BUY,A,THE,for,for,-39.97268295288086,"[-2.9047055, -11.896498, -8.941168, -4.5157924, -3.1406496, -7.352684, -1.2211854]"
a worker caught a telephone for us .,the physician sent the computer to it .,PD,PD,CATCH,SEND,A,THE,for,to,-40.307823181152344,"[-2.8981614, -10.825015, -7.0378036, -2.0032918, -7.931267, -1.036071, -7.125783, -1.4504325]"
a worker caught a telephone for us .,the physician sent it the computer .,PD,DO,CATCH,SEND,A,THE,for,to,-41.828189849853516,"[-2.8981614, -10.825015, -7.0378036, -4.4135, -6.6011786, -8.190324, -1.8622061]"
a worker caught him a camera .,the teacher promised the bag to her .,DO,PD,CATCH,PROMISE,A,THE,for,to,-37.8829345703125,"[-2.9016747, -9.020053, -8.852663, -2.7633297, -8.625754, -2.4423892, -1.3491999, -1.9278721]"
a worker caught him a camera .,the teacher promised her the bag .,DO,DO,CATCH,PROMISE,A,THE,for,to,-35.77714538574219,"[-2.9016747, -9.020053, -8.852663, -2.5067828, -2.9373412, -7.8023024, -1.756331]"
a worker caught it a hat .,the wife showed the telephone to you .,DO,PD,CATCH,SHOW,A,THE,for,to,-43.507110595703125,"[-2.8427837, -8.366553, -10.373206, -2.159182, -9.790433, -1.0884695, -7.7222805, -1.1642032]"
a worker caught it a hat .,the wife showed you the telephone .,DO,DO,CATCH,SHOW,A,THE,for,to,-42.03132629394531,"[-2.8427837, -8.366553, -10.373206, -6.233805, -1.5830668, -10.619087, -2.0128226]"
a worker caught me a hat .,the prince showed the juice to them .,DO,PD,CATCH,SHOW,A,THE,for,to,-44.82423782348633,"[-2.883735, -10.233711, -8.419344, -2.8248413, -11.032005, -2.1359265, -6.269713, -1.0249624]"
a worker caught me a hat .,the prince showed them the juice .,DO,DO,CATCH,SHOW,A,THE,for,to,-39.53252029418945,"[-2.883735, -10.233711, -8.419344, -4.9975824, -1.6547408, -10.283953, -1.0594523]"
a worker caught us a hat .,the colonel bought the candy for me .,DO,PD,CATCH,BUY,A,THE,for,for,-40.5009765625,"[-2.8853304, -11.681906, -9.071078, -1.4200401, -9.10011, -2.4367244, -2.790872, -1.114918]"
a worker caught us a hat .,the colonel bought me the candy .,DO,DO,CATCH,BUY,A,THE,for,for,-39.68255615234375,"[-2.8853304, -11.681906, -9.071078, -3.8190165, -3.288196, -7.913393, -1.0236343]"
a worker caught us a telephone .,the physician sent the computer to it .,DO,PD,CATCH,SEND,A,THE,for,to,-40.58612060546875,"[-2.8816028, -10.798756, -7.0962086, -2.0466042, -8.139473, -0.7959305, -7.5043645, -1.3231777]"
a worker caught us a telephone .,the physician sent it the computer .,DO,DO,CATCH,SEND,A,THE,for,to,-40.237205505371094,"[-2.8816028, -10.798756, -7.0962086, -4.467243, -6.0654993, -7.7591276, -1.1687682]"
a worker delivered a box for him .,the opponent showed the coffee to us .,PD,PD,DELIVER,SHOW,A,THE,for,to,-43.9708251953125,"[-2.8740678, -10.093261, -7.062535, -3.1009507, -11.441691, -4.021809, -4.52642, -0.85008895]"
a worker delivered a box for him .,the opponent showed us the coffee .,PD,DO,DELIVER,SHOW,A,THE,for,to,-39.68389892578125,"[-2.8740678, -10.093261, -7.062535, -5.5664277, -1.7277263, -10.638917, -1.7209615]"
a worker delivered a box for us .,the secretary brought the beer to them .,PD,PD,DELIVER,BRING,A,THE,for,to,-41.25084686279297,"[-2.85366, -8.99287, -10.16571, -2.2868876, -9.295006, -1.1159177, -5.69928, -0.8415138]"
a worker delivered a box for us .,the secretary brought them the beer .,PD,DO,DELIVER,BRING,A,THE,for,to,-38.96106719970703,"[-2.85366, -8.99287, -10.16571, -5.3834157, -4.093599, -6.438341, -1.0334706]"
a worker delivered a box for you .,the manager gave the chicken to us .,PD,PD,DELIVER,GIVE,A,THE,for,to,-35.99843978881836,"[-2.84183, -8.525471, -5.656454, -1.8183957, -9.278601, -3.2245073, -3.6725945, -0.98058593]"
a worker delivered a box for you .,the manager gave us the chicken .,PD,DO,DELIVER,GIVE,A,THE,for,to,-32.255897521972656,"[-2.84183, -8.525471, -5.656454, -2.9044895, -1.8582911, -8.833377, -1.6359828]"
a worker delivered a meal for me .,the lawyer drew the flower for us .,PD,PD,DELIVER,DRAW,A,THE,for,for,-43.00413131713867,"[-2.8716216, -8.537092, -8.698687, -2.9003768, -12.541712, -2.9286654, -3.7091198, -0.81685644]"
a worker delivered a meal for me .,the lawyer drew us the flower .,PD,DO,DELIVER,DRAW,A,THE,for,for,-45.431732177734375,"[-2.8716216, -8.537092, -8.698687, -7.7594056, -4.327026, -10.965973, -2.2719285]"
a worker delivered a meal for me .,the uncle made the guitar for us .,PD,PD,DELIVER,MAKE,A,THE,for,for,-42.951072692871094,"[-2.8716216, -10.825772, -7.315626, -1.8806611, -12.88104, -3.5704598, -2.8505464, -0.75534606]"
a worker delivered a meal for me .,the uncle made us the guitar .,PD,DO,DELIVER,MAKE,A,THE,for,for,-44.59710693359375,"[-2.8716216, -10.825772, -7.315626, -6.5636873, -4.309595, -10.516678, -2.1941254]"
a worker delivered a meal for them .,the actor left the beer for me .,PD,PD,DELIVER,LEAVE,A,THE,for,for,-40.75709533691406,"[-2.8545835, -7.647864, -6.8328123, -1.0289929, -12.784332, -3.6565707, -4.8520837, -1.0998595]"
a worker delivered a meal for them .,the actor left me the beer .,PD,DO,DELIVER,LEAVE,A,THE,for,for,-38.46727752685547,"[-2.8545835, -7.647864, -6.8328123, -7.9074297, -3.532496, -8.05601, -1.6360813]"
a worker delivered him a box .,the opponent showed the coffee to us .,DO,PD,DELIVER,SHOW,A,THE,for,to,-44.27363586425781,"[-2.9157956, -9.990674, -6.965163, -3.4343734, -11.299526, -4.2288465, -4.5846887, -0.85456824]"
a worker delivered him a box .,the opponent showed us the coffee .,DO,DO,DELIVER,SHOW,A,THE,for,to,-38.571075439453125,"[-2.9157956, -9.990674, -6.965163, -4.844522, -1.9131063, -10.539244, -1.4025698]"
a worker delivered me a meal .,the lawyer drew the flower for us .,DO,PD,DELIVER,DRAW,A,THE,for,for,-44.582481384277344,"[-2.9440515, -8.394966, -8.562165, -3.0531144, -12.324421, -3.9448872, -4.3279686, -1.0309036]"
a worker delivered me a meal .,the lawyer drew us the flower .,DO,DO,DELIVER,DRAW,A,THE,for,for,-44.286895751953125,"[-2.9440515, -8.394966, -8.562165, -6.6934524, -5.387191, -10.589386, -1.7156864]"
a worker delivered me a meal .,the uncle made the guitar for us .,DO,PD,DELIVER,MAKE,A,THE,for,for,-43.793453216552734,"[-2.9440515, -10.76199, -7.0759683, -2.1228628, -12.844409, -4.254568, -3.0119538, -0.77764964]"
a worker delivered me a meal .,the uncle made us the guitar .,DO,DO,DELIVER,MAKE,A,THE,for,for,-44.37095642089844,"[-2.9440515, -10.76199, -7.0759683, -5.183669, -5.159916, -11.574963, -1.6704006]"
a worker delivered them a meal .,the actor left the beer for me .,DO,PD,DELIVER,LEAVE,A,THE,for,for,-41.81193923950195,"[-2.9084468, -7.630757, -6.8578005, -1.1749773, -12.760492, -4.455961, -4.6419425, -1.3815618]"
a worker delivered them a meal .,the actor left me the beer .,DO,DO,DELIVER,LEAVE,A,THE,for,for,-38.120361328125,"[-2.9084468, -7.630757, -6.8578005, -7.624078, -3.4974232, -8.225812, -1.3760426]"
a worker delivered us a box .,the secretary brought the beer to them .,DO,PD,DELIVER,BRING,A,THE,for,to,-41.756385803222656,"[-2.8759515, -8.9657955, -9.911485, -2.2273426, -10.072847, -0.88934255, -5.901764, -0.91185826]"
a worker delivered us a box .,the secretary brought them the beer .,DO,DO,DELIVER,BRING,A,THE,for,to,-38.13206100463867,"[-2.8759515, -8.9657955, -9.911485, -4.888582, -4.2162924, -6.5499835, -0.7239691]"
a worker delivered you a box .,the manager gave the chicken to us .,DO,PD,DELIVER,GIVE,A,THE,for,to,-36.596824645996094,"[-2.8820932, -8.501887, -5.4226365, -2.3259726, -9.297908, -3.085829, -4.153309, -0.92719215]"
a worker delivered you a box .,the manager gave us the chicken .,DO,DO,DELIVER,GIVE,A,THE,for,to,-30.710336685180664,"[-2.8820932, -8.501887, -5.4226365, -2.8546963, -1.9080809, -8.149922, -0.99101925]"
a worker designed a coat for him .,the nurse threw the engine to us .,PD,PD,DESIGN,THROW,A,THE,for,to,-48.065982818603516,"[-2.886175, -9.808433, -9.107158, -2.0846, -11.085959, -3.6909776, -8.577186, -0.82549524]"
a worker designed a coat for him .,the nurse threw us the engine .,PD,DO,DESIGN,THROW,A,THE,for,to,-47.80812072753906,"[-2.886175, -9.808433, -9.107158, -8.410809, -2.946075, -13.243761, -1.4057151]"
a worker designed a coat for me .,the parent brought the chocolate to you .,PD,PD,DESIGN,BRING,A,THE,for,to,-40.71881866455078,"[-2.8807647, -8.956323, -11.307555, -2.6865487, -7.892437, -1.4878033, -4.736948, -0.770439]"
a worker designed a coat for me .,the parent brought you the chocolate .,PD,DO,DESIGN,BRING,A,THE,for,to,-39.63019561767578,"[-2.8807647, -8.956323, -11.307555, -4.8149467, -2.0562885, -7.738371, -1.8759466]"
a worker designed a knife for us .,the employer found the tea for me .,PD,PD,DESIGN,FIND,A,THE,for,for,-41.040809631347656,"[-2.876962, -9.89303, -6.5449963, -2.4563377, -9.79443, -4.8619604, -3.0741177, -1.5389731]"
a worker designed a knife for us .,the employer found me the tea .,PD,DO,DESIGN,FIND,A,THE,for,for,-43.84001922607422,"[-2.876962, -9.89303, -6.5449963, -7.730858, -4.1288795, -11.067949, -1.597344]"
a worker designed a knife for us .,the champion got the pie for me .,PD,PD,DESIGN,GET,A,THE,for,for,-41.89617156982422,"[-2.876962, -10.390804, -7.7781067, -2.4266267, -9.823213, -2.765997, -5.125287, -0.7091765]"
a worker designed a knife for us .,the champion got me the pie .,PD,DO,DESIGN,GET,A,THE,for,for,-41.681182861328125,"[-2.876962, -10.390804, -7.7781067, -6.7215734, -2.9993486, -9.873952, -1.0404387]"
a worker designed a knife for us .,the leader showed the instrument to them .,PD,PD,DESIGN,SHOW,A,THE,for,to,-44.25791549682617,"[-2.876962, -7.2876406, -13.327389, -2.5268373, -9.366255, -1.479722, -6.4827757, -0.9103335]"
a worker designed a knife for us .,the leader showed them the instrument .,PD,DO,DESIGN,SHOW,A,THE,for,to,-41.42636489868164,"[-2.876962, -7.2876406, -13.327389, -5.9936953, -1.7422738, -8.895919, -1.3024865]"
a worker designed a knife for you .,the uncle made the guitar for us .,PD,PD,DESIGN,MAKE,A,THE,for,for,-40.90430450439453,"[-2.8811672, -11.069694, -8.347264, -1.8876097, -10.828428, -2.223305, -2.791472, -0.87536645]"
a worker designed a knife for you .,the uncle made us the guitar .,PD,DO,DESIGN,MAKE,A,THE,for,for,-43.786903381347656,"[-2.8811672, -11.069694, -8.347264, -6.0892982, -4.1727805, -9.335416, -1.8912861]"
a worker designed an instrument for him .,the candidate got the beer for you .,PD,PD,DESIGN,GET,A,THE,for,for,-39.697509765625,"[-2.9038236, -9.074402, -7.969168, -2.771881, -8.986476, -2.8185518, -4.5237904, -0.6494148]"
a worker designed an instrument for him .,the candidate got you the beer .,PD,DO,DESIGN,GET,A,THE,for,for,-39.07820510864258,"[-2.9038236, -9.074402, -7.969168, -7.5301056, -3.6585488, -7.019701, -0.9224576]"
a worker designed an instrument for me .,the champion delivered the anchor for us .,PD,PD,DESIGN,DELIVER,A,THE,for,for,-43.13531494140625,"[-2.899834, -10.2932, -10.878611, -2.2308679, -9.932904, -2.1305966, -3.7855449, -0.9837554]"
a worker designed an instrument for me .,the champion delivered us the anchor .,PD,DO,DESIGN,DELIVER,A,THE,for,for,-45.877647399902344,"[-2.899834, -10.2932, -10.878611, -6.322101, -2.5118794, -10.597921, -2.3741016]"
a worker designed him a coat .,the nurse threw the engine to us .,DO,PD,DESIGN,THROW,A,THE,for,to,-48.025184631347656,"[-2.9978337, -9.790259, -9.12238, -2.4999843, -10.432263, -4.006182, -8.299376, -0.8769061]"
a worker designed him a coat .,the nurse threw us the engine .,DO,DO,DESIGN,THROW,A,THE,for,to,-47.1068115234375,"[-2.9978337, -9.790259, -9.12238, -7.799153, -2.8578289, -13.461935, -1.0774219]"
a worker designed him an instrument .,the candidate got the beer for you .,DO,PD,DESIGN,GET,A,THE,for,for,-41.57264709472656,"[-2.9801638, -9.153704, -7.6421924, -3.036872, -8.987755, -3.2550201, -5.72785, -0.789092]"
a worker designed him an instrument .,the candidate got you the beer .,DO,DO,DESIGN,GET,A,THE,for,for,-38.40851593017578,"[-2.9801638, -9.153704, -7.6421924, -7.6102905, -3.3379207, -6.7550573, -0.9291899]"
a worker designed me a coat .,the parent brought the chocolate to you .,DO,PD,DESIGN,BRING,A,THE,for,to,-42.48737335205078,"[-2.973342, -8.883536, -11.022471, -3.1904588, -8.341012, -2.0014377, -5.085209, -0.98990524]"
a worker designed me a coat .,the parent brought you the chocolate .,DO,DO,DESIGN,BRING,A,THE,for,to,-39.37086486816406,"[-2.973342, -8.883536, -11.022471, -4.560797, -2.272409, -7.978036, -1.6802735]"
a worker designed me an instrument .,the champion delivered the anchor for us .,DO,PD,DESIGN,DELIVER,A,THE,for,for,-45.29705810546875,"[-2.9826207, -10.36274, -10.537719, -2.4148583, -9.516172, -3.1665263, -5.1202, -1.196222]"
a worker designed me an instrument .,the champion delivered us the anchor .,DO,DO,DESIGN,DELIVER,A,THE,for,for,-43.266387939453125,"[-2.9826207, -10.36274, -10.537719, -5.150129, -2.2532926, -9.801733, -2.1781507]"
a worker designed us a knife .,the employer found the tea for me .,DO,PD,DESIGN,FIND,A,THE,for,for,-43.412803649902344,"[-2.950051, -9.501879, -6.24016, -2.7030094, -9.726635, -5.8713555, -4.0379972, -2.3817167]"
a worker designed us a knife .,the employer found me the tea .,DO,DO,DESIGN,FIND,A,THE,for,for,-41.24819564819336,"[-2.950051, -9.501879, -6.24016, -6.6535463, -3.926263, -10.649842, -1.3264524]"
a worker designed us a knife .,the champion got the pie for me .,DO,PD,DESIGN,GET,A,THE,for,for,-43.89105987548828,"[-2.950051, -10.383243, -7.4673996, -2.6264462, -9.76373, -3.3658864, -6.5369153, -0.79739016]"
a worker designed us a knife .,the champion got me the pie .,DO,DO,DESIGN,GET,A,THE,for,for,-40.1712532043457,"[-2.950051, -10.383243, -7.4673996, -5.9781814, -3.0357678, -9.544537, -0.81207323]"
a worker designed us a knife .,the leader showed the instrument to them .,DO,PD,DESIGN,SHOW,A,THE,for,to,-45.139739990234375,"[-2.950051, -7.370248, -12.760205, -2.786028, -9.467977, -2.0486617, -6.593242, -1.163331]"
a worker designed us a knife .,the leader showed them the instrument .,DO,DO,DESIGN,SHOW,A,THE,for,to,-40.7835578918457,"[-2.950051, -7.370248, -12.760205, -5.7156715, -1.858125, -8.647557, -1.4817002]"
a worker designed you a knife .,the uncle made the guitar for us .,DO,PD,DESIGN,MAKE,A,THE,for,for,-43.14087677001953,"[-2.9364803, -10.863475, -7.9192305, -2.236824, -11.050975, -4.044483, -3.0951018, -0.9943086]"
a worker designed you a knife .,the uncle made us the guitar .,DO,DO,DESIGN,MAKE,A,THE,for,for,-41.81479263305664,"[-2.9364803, -10.863475, -7.9192305, -5.5784664, -4.297848, -8.828316, -1.3909763]"
a worker drew a bottle for it .,the bishop caught the flower for him .,PD,PD,DRAW,CATCH,A,THE,for,for,-43.10669708251953,"[-2.884348, -9.710689, -9.257319, -1.5337436, -10.816256, -3.54244, -4.622513, -0.73939]"
a worker drew a bottle for it .,the bishop caught him the flower .,PD,DO,DRAW,CATCH,A,THE,for,for,-45.51736068725586,"[-2.884348, -9.710689, -9.257319, -3.8333309, -6.385997, -11.890524, -1.5551562]"
a worker drew a bottle for you .,the bishop found the juice for him .,PD,PD,DRAW,FIND,A,THE,for,for,-40.750404357910156,"[-2.875542, -9.852367, -6.8881855, -1.6468779, -9.253382, -4.0402765, -4.4708824, -1.7228879]"
a worker drew a bottle for you .,the bishop found him the juice .,PD,DO,DRAW,FIND,A,THE,for,for,-42.129276275634766,"[-2.875542, -9.852367, -6.8881855, -5.024566, -4.3592825, -11.339335, -1.7899964]"
a worker drew a bottle for you .,the girl threw the computer to us .,PD,PD,DRAW,THROW,A,THE,for,to,-40.57112121582031,"[-2.875542, -7.6117883, -6.2195463, -1.8792266, -8.450696, -2.8225093, -9.837238, -0.8745722]"
a worker drew a bottle for you .,the girl threw us the computer .,PD,DO,DRAW,THROW,A,THE,for,to,-37.51152801513672,"[-2.875542, -7.6117883, -6.2195463, -7.7343893, -2.8791149, -8.543313, -1.6478316]"
a worker drew a key for him .,the mother brought the coffee to it .,PD,PD,DRAW,BRING,A,THE,for,to,-37.241397857666016,"[-2.8873916, -7.2667236, -8.4543, -1.6723229, -7.423029, -1.8104079, -7.0268126, -0.7004091]"
a worker drew a key for him .,the mother brought it the coffee .,PD,DO,DRAW,BRING,A,THE,for,to,-37.683074951171875,"[-2.8873916, -7.2667236, -8.4543, -3.7556434, -6.8798747, -7.5720057, -0.8671361]"
a worker drew a key for me .,the employer showed the chicken to us .,PD,PD,DRAW,SHOW,A,THE,for,to,-41.56011962890625,"[-2.8572774, -9.967604, -8.549629, -2.3584285, -10.769392, -2.4791322, -3.7198505, -0.8588066]"
a worker drew a key for me .,the employer showed us the chicken .,PD,DO,DRAW,SHOW,A,THE,for,to,-38.90364074707031,"[-2.8572774, -9.967604, -8.549629, -4.1049542, -1.5488994, -10.128523, -1.7467526]"
a worker drew a key for me .,the hero threw the flower to you .,PD,PD,DRAW,THROW,A,THE,for,to,-41.68603515625,"[-2.8572774, -9.513767, -9.6545515, -1.7888837, -8.076267, -2.7365096, -6.312671, -0.7461066]"
a worker drew a key for me .,the hero threw you the flower .,PD,DO,DRAW,THROW,A,THE,for,to,-41.6417121887207,"[-2.8572774, -9.513767, -9.6545515, -8.220308, -2.5004106, -7.48141, -1.4139845]"
a worker drew a key for us .,the company designed the ball for it .,PD,PD,DRAW,DESIGN,A,THE,for,for,-35.983131408691406,"[-2.8537078, -5.7889266, -7.8836308, -0.83926034, -7.099092, -3.6418169, -6.255146, -1.6215535]"
a worker drew a key for us .,the company designed it the ball .,PD,DO,DRAW,DESIGN,A,THE,for,for,-40.52262878417969,"[-2.8537078, -5.7889266, -7.8836308, -3.9115736, -6.622523, -10.914623, -2.5476427]"
a worker drew an anchor for us .,the son supplied the beer to me .,PD,PD,DRAW,SUPPLY,A,THE,for,to,-37.55335998535156,"[-2.897913, -8.074859, -12.18122, -1.423978, -7.8106117, -2.4565942, -1.9680659, -0.7401198]"
a worker drew an anchor for us .,the son supplied me the beer .,PD,DO,DRAW,SUPPLY,A,THE,for,to,-37.089202880859375,"[-2.897913, -8.074859, -12.18122, -2.1640368, -3.3271587, -7.0811834, -1.3628328]"
a worker drew an anchor for you .,the colonel sent the iron to me .,PD,PD,DRAW,SEND,A,THE,for,to,-39.803001403808594,"[-2.8773186, -11.08231, -5.8173475, -2.146908, -10.377369, -3.0697563, -3.2651923, -1.1668]"
a worker drew an anchor for you .,the colonel sent me the iron .,PD,DO,DRAW,SEND,A,THE,for,to,-38.04924011230469,"[-2.8773186, -11.08231, -5.8173475, -2.4330275, -2.6183455, -10.9393835, -2.2815049]"
a worker drew an instrument for him .,the colonel supplied the coffee to you .,PD,PD,DRAW,SUPPLY,A,THE,for,to,-44.68799591064453,"[-2.9247966, -10.819168, -9.628051, -1.7633467, -9.474581, -2.3695352, -6.973955, -0.73456144]"
a worker drew an instrument for him .,the colonel supplied you the coffee .,PD,DO,DRAW,SUPPLY,A,THE,for,to,-43.42389678955078,"[-2.9247966, -10.819168, -9.628051, -5.8596163, -4.472898, -8.69293, -1.0264341]"
a worker drew him a key .,the mother brought the coffee to it .,DO,PD,DRAW,BRING,A,THE,for,to,-35.99767303466797,"[-2.8962505, -7.4177604, -8.063567, -1.9392649, -6.84615, -1.4480016, -6.702003, -0.6846776]"
a worker drew him a key .,the mother brought it the coffee .,DO,DO,DRAW,BRING,A,THE,for,to,-35.68122100830078,"[-2.8962505, -7.4177604, -8.063567, -3.9084277, -6.8351216, -5.964055, -0.59603786]"
a worker drew him an instrument .,the colonel supplied the coffee to you .,DO,PD,DRAW,SUPPLY,A,THE,for,to,-44.94767761230469,"[-2.9697874, -10.734064, -9.339327, -2.132652, -9.266106, -2.4643059, -7.279957, -0.76147777]"
a worker drew him an instrument .,the colonel supplied you the coffee .,DO,DO,DRAW,SUPPLY,A,THE,for,to,-42.54467010498047,"[-2.9697874, -10.734064, -9.339327, -5.7223473, -4.4783654, -8.394901, -0.90587926]"
a worker drew it a bottle .,the bishop caught the flower for him .,DO,PD,DRAW,CATCH,A,THE,for,for,-44.34938049316406,"[-2.8936672, -10.006113, -9.052159, -1.7266507, -10.182172, -5.048481, -4.57698, -0.86315745]"
a worker drew it a bottle .,the bishop caught him the flower .,DO,DO,DRAW,CATCH,A,THE,for,for,-43.21161651611328,"[-2.8936672, -10.006113, -9.052159, -3.951552, -5.991871, -10.116798, -1.1994548]"
a worker drew me a key .,the employer showed the chicken to us .,DO,PD,DRAW,SHOW,A,THE,for,to,-42.155975341796875,"[-2.870725, -9.85484, -8.287237, -2.6709871, -10.813299, -2.4442887, -4.3298607, -0.8847399]"
a worker drew me a key .,the employer showed us the chicken .,DO,DO,DRAW,SHOW,A,THE,for,to,-37.74234390258789,"[-2.870725, -9.85484, -8.287237, -3.5057755, -1.6988375, -10.157162, -1.3677667]"
a worker drew me a key .,the hero threw the flower to you .,DO,PD,DRAW,THROW,A,THE,for,to,-41.26443862915039,"[-2.870725, -9.461987, -9.084444, -1.8679183, -7.919715, -2.5557768, -6.6861067, -0.817767]"
a worker drew me a key .,the hero threw you the flower .,DO,DO,DRAW,THROW,A,THE,for,to,-40.102760314941406,"[-2.870725, -9.461987, -9.084444, -7.5369015, -2.5603514, -7.5121026, -1.0762522]"
a worker drew us a key .,the company designed the ball for it .,DO,PD,DRAW,DESIGN,A,THE,for,for,-36.32963562011719,"[-2.8676481, -5.8296022, -7.8019495, -0.8082712, -7.0876055, -4.374536, -5.8871946, -1.6728296]"
a worker drew us a key .,the company designed it the ball .,DO,DO,DRAW,DESIGN,A,THE,for,for,-38.91064453125,"[-2.8676481, -5.8296022, -7.8019495, -3.7393491, -6.5861115, -10.234502, -1.8514801]"
a worker drew us an anchor .,the son supplied the beer to me .,DO,PD,DRAW,SUPPLY,A,THE,for,to,-38.41343307495117,"[-2.9135442, -8.122061, -11.946594, -1.6381655, -7.9129114, -2.35913, -2.5953083, -0.9257181]"
a worker drew us an anchor .,the son supplied me the beer .,DO,DO,DRAW,SUPPLY,A,THE,for,to,-36.107696533203125,"[-2.9135442, -8.122061, -11.946594, -1.7312708, -2.9091845, -7.2723465, -1.2126948]"
a worker drew you a bottle .,the bishop found the juice for him .,DO,PD,DRAW,FIND,A,THE,for,for,-41.107967376708984,"[-2.9179108, -9.858129, -6.862241, -1.8797816, -9.170156, -5.3251233, -3.7600737, -1.3345516]"
a worker drew you a bottle .,the bishop found him the juice .,DO,DO,DRAW,FIND,A,THE,for,for,-39.12552261352539,"[-2.9179108, -9.858129, -6.862241, -4.0467377, -4.353198, -9.713268, -1.3740398]"
a worker drew you a bottle .,the girl threw the computer to us .,DO,PD,DRAW,THROW,A,THE,for,to,-38.07540512084961,"[-2.9179108, -7.6921844, -6.125702, -1.9879612, -8.143862, -2.6455007, -7.751147, -0.81113833]"
a worker drew you a bottle .,the girl threw us the computer .,DO,DO,DRAW,THROW,A,THE,for,to,-35.287689208984375,"[-2.9179108, -7.6921844, -6.125702, -6.235865, -2.7958016, -8.438576, -1.0816517]"
a worker drew you an anchor .,the colonel sent the iron to me .,DO,PD,DRAW,SEND,A,THE,for,to,-38.89604949951172,"[-2.9105275, -11.038612, -5.575805, -2.40326, -9.590983, -3.043244, -3.2583358, -1.0752847]"
a worker drew you an anchor .,the colonel sent me the iron .,DO,DO,DRAW,SEND,A,THE,for,to,-36.13102722167969,"[-2.9105275, -11.038612, -5.575805, -1.9187257, -2.5774622, -9.861224, -2.2486687]"
a worker fed a candy to me .,the hero delivered the salad for us .,PD,PD,FEED,DELIVER,A,THE,to,for,-43.724143981933594,"[-2.8979342, -9.692138, -10.893245, -1.5719595, -11.887565, -4.042094, -2.0791764, -0.6600321]"
a worker fed a candy to me .,the hero delivered us the salad .,PD,DO,FEED,DELIVER,A,THE,to,for,-42.919342041015625,"[-2.8979342, -9.692138, -10.893245, -6.573263, -2.0489068, -9.710445, -1.1034092]"
a worker fed a candy to me .,the employee promised the juice to it .,PD,PD,FEED,PROMISE,A,THE,to,to,-42.93621063232422,"[-2.8979342, -8.820024, -8.885044, -3.229928, -9.101316, -1.0656904, -7.9337654, -1.0025091]"
a worker fed a candy to me .,the employee promised it the juice .,PD,DO,FEED,PROMISE,A,THE,to,to,-41.08667755126953,"[-2.8979342, -8.820024, -8.885044, -5.055358, -6.1661377, -7.9747095, -1.2874688]"
a worker fed a meal to him .,the cop made the card for you .,PD,PD,FEED,MAKE,A,THE,to,for,-37.775699615478516,"[-2.856535, -10.200454, -5.4058294, -2.4068065, -8.913795, -3.3021383, -3.9489613, -0.7411804]"
a worker fed a meal to him .,the cop made you the card .,PD,DO,FEED,MAKE,A,THE,to,for,-39.68772888183594,"[-2.856535, -10.200454, -5.4058294, -6.848637, -5.125778, -8.076942, -1.1735535]"
a worker fed a meal to me .,the scientist drew the telephone for him .,PD,PD,FEED,DRAW,A,THE,to,for,-40.871337890625,"[-2.8624034, -9.365424, -8.075625, -2.707333, -9.062886, -4.2648873, -3.7272782, -0.8055015]"
a worker fed a meal to me .,the scientist drew him the telephone .,PD,DO,FEED,DRAW,A,THE,to,for,-40.45435333251953,"[-2.8624034, -9.365424, -8.075625, -6.723087, -3.7975523, -8.1630745, -1.4671828]"
a worker fed a meal to us .,the husband kept the salad for you .,PD,PD,FEED,KEEP,A,THE,to,for,-42.492740631103516,"[-2.8511107, -8.95936, -9.011571, -1.8048681, -9.030644, -3.2651315, -6.6857696, -0.88428485]"
a worker fed a meal to us .,the husband kept you the salad .,PD,DO,FEED,KEEP,A,THE,to,for,-45.01778030395508,"[-2.8511107, -8.95936, -9.011571, -7.180429, -6.195924, -9.369726, -1.4496593]"
a worker fed a pie to him .,the doctor kept the juice for you .,PD,PD,FEED,KEEP,A,THE,to,for,-41.890281677246094,"[-2.8667035, -8.460316, -7.118673, -3.092656, -8.065612, -4.8532043, -6.718299, -0.7148203]"
a worker fed a pie to him .,the doctor kept you the juice .,PD,DO,FEED,KEEP,A,THE,to,for,-42.81879425048828,"[-2.8667035, -8.460316, -7.118673, -7.7667227, -6.2806044, -9.114729, -1.2110488]"
a worker fed a pie to them .,the candidate supplied the candy to you .,PD,PD,FEED,SUPPLY,A,THE,to,to,-43.3221435546875,"[-2.8479438, -9.127548, -10.696146, -1.778418, -10.884502, -1.5260166, -5.825925, -0.635641]"
a worker fed a pie to them .,the candidate supplied you the candy .,PD,DO,FEED,SUPPLY,A,THE,to,to,-47.29730224609375,"[-2.8479438, -9.127548, -10.696146, -6.333321, -5.768933, -11.405511, -1.1179029]"
a worker fed him a meal .,the cop made the card for you .,DO,PD,FEED,MAKE,A,THE,to,for,-37.940643310546875,"[-2.9015825, -10.185387, -5.3962955, -2.4107919, -9.019922, -3.2715123, -4.1095257, -0.64562595]"
a worker fed him a meal .,the cop made you the card .,DO,DO,FEED,MAKE,A,THE,to,for,-38.32084655761719,"[-2.9015825, -10.185387, -5.3962955, -6.4422593, -4.732362, -7.7033396, -0.9596232]"
a worker fed him a pie .,the doctor kept the juice for you .,DO,PD,FEED,KEEP,A,THE,to,for,-42.04764938354492,"[-2.916219, -8.337227, -6.895915, -3.5102172, -8.337951, -5.0100574, -6.429393, -0.6106728]"
a worker fed him a pie .,the doctor kept you the juice .,DO,DO,FEED,KEEP,A,THE,to,for,-42.14606475830078,"[-2.916219, -8.337227, -6.895915, -7.64825, -6.4578843, -9.108435, -0.78213507]"
a worker fed me a candy .,the hero delivered the salad for us .,DO,PD,FEED,DELIVER,A,THE,to,for,-43.98112487792969,"[-2.8985336, -9.679116, -10.657386, -1.6805217, -11.840073, -3.878127, -2.6994343, -0.64793265]"
a worker fed me a candy .,the hero delivered us the salad .,DO,DO,FEED,DELIVER,A,THE,to,for,-41.78437042236328,"[-2.8985336, -9.679116, -10.657386, -5.643078, -2.2402143, -9.940475, -0.7255675]"
a worker fed me a candy .,the employee promised the juice to it .,DO,PD,FEED,PROMISE,A,THE,to,to,-44.456886291503906,"[-2.8985336, -8.759625, -8.936176, -3.2662873, -9.796283, -2.144713, -7.61629, -1.0389786]"
a worker fed me a candy .,the employee promised it the juice .,DO,DO,FEED,PROMISE,A,THE,to,to,-41.68431091308594,"[-2.8985336, -8.759625, -8.936176, -5.2487264, -6.609583, -8.175835, -1.0558319]"
a worker fed me a meal .,the scientist drew the telephone for him .,DO,PD,FEED,DRAW,A,THE,to,for,-40.333824157714844,"[-2.8890753, -9.371986, -7.911655, -2.784305, -8.8580065, -4.261879, -3.5762076, -0.6807121]"
a worker fed me a meal .,the scientist drew him the telephone .,DO,DO,FEED,DRAW,A,THE,to,for,-39.952110290527344,"[-2.8890753, -9.371986, -7.911655, -5.9533715, -4.2914686, -8.015503, -1.5190493]"
a worker fed them a pie .,the candidate supplied the candy to you .,DO,PD,FEED,SUPPLY,A,THE,to,to,-44.70989227294922,"[-2.8695238, -9.230455, -10.580827, -1.7954586, -10.38685, -2.6105356, -6.626151, -0.6100881]"
a worker fed them a pie .,the candidate supplied you the candy .,DO,DO,FEED,SUPPLY,A,THE,to,to,-44.721649169921875,"[-2.8695238, -9.230455, -10.580827, -5.8288956, -5.238834, -10.295219, -0.67789567]"
a worker fed us a meal .,the husband kept the salad for you .,DO,PD,FEED,KEEP,A,THE,to,for,-43.282920837402344,"[-2.879796, -8.811052, -8.847383, -2.150253, -9.542383, -3.2843022, -6.9283204, -0.8394292]"
a worker fed us a meal .,the husband kept you the salad .,DO,DO,FEED,KEEP,A,THE,to,for,-44.69276809692383,"[-2.879796, -8.811052, -8.847383, -6.733053, -6.017817, -10.392831, -1.0108336]"
a worker found a card for it .,the brother sent the television to me .,PD,PD,FIND,SEND,A,THE,for,to,-43.395599365234375,"[-2.8176534, -9.335996, -9.521944, -1.84032, -10.3125725, -4.2096148, -4.0453744, -1.3121233]"
a worker found a card for it .,the brother sent me the television .,PD,DO,FIND,SEND,A,THE,for,to,-38.934471130371094,"[-2.8176534, -9.335996, -9.521944, -1.977424, -2.0077696, -11.363483, -1.9102015]"
a worker found a card for us .,the physician took the newspaper to it .,PD,PD,FIND,TAKE,A,THE,for,to,-42.155181884765625,"[-2.8203714, -10.899033, -6.0276012, -1.6988593, -7.8502264, -2.0483956, -7.673126, -3.1375697]"
a worker found a card for us .,the physician took it the newspaper .,PD,DO,FIND,TAKE,A,THE,for,to,-43.16407012939453,"[-2.8203714, -10.899033, -6.0276012, -4.6313076, -5.104601, -9.557128, -4.124026]"
a worker found a guitar for you .,the employer drew the telephone for me .,PD,PD,FIND,DRAW,A,THE,for,for,-40.89576721191406,"[-2.8675027, -9.81958, -9.678433, -2.1841104, -9.358899, -3.1483479, -2.7603898, -1.0785055]"
a worker found a guitar for you .,the employer drew me the telephone .,PD,DO,FIND,DRAW,A,THE,for,for,-44.25988006591797,"[-2.8675027, -9.81958, -9.678433, -7.8694496, -4.388475, -8.366257, -1.270182]"
a worker found a pie for her .,the mayor threw the juice to you .,PD,PD,FIND,THROW,A,THE,for,to,-45.03974151611328,"[-2.8605547, -7.403667, -10.054654, -2.9597006, -10.518204, -3.4762826, -7.1186285, -0.6480509]"
a worker found a pie for her .,the mayor threw you the juice .,PD,DO,FIND,THROW,A,THE,for,to,-43.377784729003906,"[-2.8605547, -7.403667, -10.054654, -9.481261, -2.7790887, -9.92481, -0.8737501]"
a worker found a pie for him .,the candidate sold the book to me .,PD,PD,FIND,SELL,A,THE,for,to,-35.532073974609375,"[-2.8674123, -9.328453, -10.04537, -1.838465, -4.764696, -2.3846421, -3.675465, -0.6275719]"
a worker found a pie for him .,the candidate sold me the book .,PD,DO,FIND,SELL,A,THE,for,to,-35.14685821533203,"[-2.8674123, -9.328453, -10.04537, -6.261237, -2.8470201, -2.8947952, -0.90257084]"
a worker found a plate for her .,the prince purchased the computer for you .,PD,PD,FIND,PURCHASE,A,THE,for,for,-39.76731872558594,"[-2.8455102, -9.911054, -9.899224, -1.0626488, -7.1646147, -2.017177, -6.075268, -0.7918202]"
a worker found a plate for her .,the prince purchased you the computer .,PD,DO,FIND,PURCHASE,A,THE,for,for,-44.14313507080078,"[-2.8455102, -9.911054, -9.899224, -9.096659, -3.088241, -7.6102734, -1.6921756]"
a worker found a plate for it .,the attorney took the crystal to them .,PD,PD,FIND,TAKE,A,THE,for,to,-43.62094497680664,"[-2.849489, -8.4014435, -8.338244, -1.3956977, -9.841291, -4.680312, -7.2598963, -0.8545693]"
a worker found a plate for it .,the attorney took them the crystal .,PD,DO,FIND,TAKE,A,THE,for,to,-46.6279296875,"[-2.849489, -8.4014435, -8.338244, -5.96916, -5.5048428, -12.058434, -3.5063138]"
a worker found a plate for me .,the attorney fed the cheese to him .,PD,PD,FIND,FEED,A,THE,for,to,-43.6433219909668,"[-2.8389728, -8.561644, -14.865132, -1.3111137, -9.952713, -1.4480627, -3.988533, -0.6771504]"
a worker found a plate for me .,the attorney fed him the cheese .,PD,DO,FIND,FEED,A,THE,for,to,-43.51656723022461,"[-2.8389728, -8.561644, -14.865132, -4.663178, -1.9067423, -9.633937, -1.0469614]"
a worker found a salad for me .,the husband got the cigarette for us .,PD,PD,FIND,GET,A,THE,for,for,-39.06888961791992,"[-2.8457894, -8.813924, -7.88282, -2.2832098, -9.607286, -3.5113745, -3.4970295, -0.62745523]"
a worker found a salad for me .,the husband got us the cigarette .,PD,DO,FIND,GET,A,THE,for,for,-39.452457427978516,"[-2.8457894, -8.813924, -7.88282, -5.830143, -3.3816533, -9.687265, -1.0108602]"
a worker found a salad for me .,the child fed the candy to them .,PD,PD,FIND,FEED,A,THE,for,to,-39.39573287963867,"[-2.8457894, -8.024326, -10.228771, -1.7422044, -6.5889206, -3.5310576, -5.7060966, -0.72856724]"
a worker found a salad for me .,the child fed them the candy .,PD,DO,FIND,FEED,A,THE,for,to,-36.43770217895508,"[-2.8457894, -8.024326, -10.228771, -5.6005898, -3.1752453, -5.5642314, -0.9987497]"
a worker found a wire for him .,the doctor kept the coffee for it .,PD,PD,FIND,KEEP,A,THE,for,for,-41.47672653198242,"[-2.8579779, -8.584216, -7.462805, -2.553727, -8.212414, -3.2020512, -7.902112, -0.70142365]"
a worker found a wire for him .,the doctor kept it the coffee .,PD,DO,FIND,KEEP,A,THE,for,for,-41.47056579589844,"[-2.8579779, -8.584216, -7.462805, -4.6484976, -5.810447, -10.969349, -1.1372716]"
a worker found a wire for us .,the adult saved the tea for it .,PD,PD,FIND,SAVE,A,THE,for,for,-47.72069549560547,"[-2.830836, -10.126492, -13.060074, -0.910398, -10.197394, -2.492136, -7.1510286, -0.95233715]"
a worker found a wire for us .,the adult saved it the tea .,PD,DO,FIND,SAVE,A,THE,for,for,-48.17396545410156,"[-2.830836, -10.126492, -13.060074, -3.186853, -6.31258, -11.866801, -0.7903261]"
a worker found a wire for us .,the hero threw the flower to you .,PD,PD,FIND,THROW,A,THE,for,to,-43.494083404541016,"[-2.830836, -10.139626, -9.3317795, -1.7974987, -9.16765, -2.6075816, -6.7870836, -0.832029]"
a worker found a wire for us .,the hero threw you the flower .,PD,DO,FIND,THROW,A,THE,for,to,-42.78083038330078,"[-2.830836, -10.139626, -9.3317795, -8.609253, -2.48982, -7.812604, -1.5669132]"
a worker found a wire for us .,the employee promised the juice to it .,PD,PD,FIND,PROMISE,A,THE,for,to,-45.573753356933594,"[-2.830836, -8.8186655, -8.998179, -2.662706, -11.2029505, -2.5122929, -7.541936, -1.006186]"
a worker found a wire for us .,the employee promised it the juice .,PD,DO,FIND,PROMISE,A,THE,for,to,-44.010780334472656,"[-2.830836, -8.8186655, -8.998179, -5.277907, -6.7250967, -9.831657, -1.5284399]"
a worker found a wire for you .,the guest caught the hat for us .,PD,PD,FIND,CATCH,A,THE,for,for,-42.2797737121582,"[-2.8251164, -9.846027, -10.308729, -1.3992923, -8.92087, -5.7079945, -2.3381302, -0.9336141]"
a worker found a wire for you .,the guest caught us the hat .,PD,DO,FIND,CATCH,A,THE,for,for,-46.1772575378418,"[-2.8251164, -9.846027, -10.308729, -3.4981685, -5.614996, -10.743448, -3.3407736]"
a worker found her a pie .,the mayor threw the juice to you .,DO,PD,FIND,THROW,A,THE,for,to,-45.82655715942383,"[-2.853478, -7.3801937, -9.991317, -3.061736, -10.507601, -3.9547672, -7.360485, -0.71698064]"
a worker found her a pie .,the mayor threw you the juice .,DO,DO,FIND,THROW,A,THE,for,to,-43.60953140258789,"[-2.853478, -7.3801937, -9.991317, -9.566434, -2.9379995, -10.233948, -0.6461621]"
a worker found her a plate .,the prince purchased the computer for you .,DO,PD,FIND,PURCHASE,A,THE,for,for,-42.424964904785156,"[-2.8619425, -10.091308, -10.001855, -1.1683884, -7.4628363, -2.9185164, -7.047147, -0.8729713]"
a worker found her a plate .,the prince purchased you the computer .,DO,DO,FIND,PURCHASE,A,THE,for,for,-43.454280853271484,"[-2.8619425, -10.091308, -10.001855, -8.740016, -2.988301, -7.6035066, -1.1673503]"
a worker found him a pie .,the candidate sold the book to me .,DO,PD,FIND,SELL,A,THE,for,to,-36.55860900878906,"[-2.8924763, -9.497322, -9.783423, -2.159935, -5.118777, -2.549951, -3.8142657, -0.7424588]"
a worker found him a pie .,the candidate sold me the book .,DO,DO,FIND,SELL,A,THE,for,to,-34.742347717285156,"[-2.8924763, -9.497322, -9.783423, -5.479453, -3.0582457, -3.1138244, -0.9176023]"
a worker found him a wire .,the doctor kept the coffee for it .,DO,PD,FIND,KEEP,A,THE,for,for,-42.005916595458984,"[-2.8734078, -8.571167, -7.3384914, -2.8052225, -8.113995, -3.861341, -7.597358, -0.84493583]"
a worker found him a wire .,the doctor kept it the coffee .,DO,DO,FIND,KEEP,A,THE,for,for,-40.58095169067383,"[-2.8734078, -8.571167, -7.3384914, -4.5278597, -5.6558723, -10.454004, -1.1601508]"
a worker found it a card .,the brother sent the television to me .,DO,PD,FIND,SEND,A,THE,for,to,-41.217620849609375,"[-2.8169475, -9.326559, -9.340135, -1.7429166, -9.6895485, -2.8693018, -4.0641522, -1.3680617]"
a worker found it a card .,the brother sent me the television .,DO,DO,FIND,SEND,A,THE,for,to,-38.44427490234375,"[-2.8169475, -9.326559, -9.340135, -2.4729257, -2.17638, -10.827322, -1.4840059]"
a worker found it a plate .,the attorney took the crystal to them .,DO,PD,FIND,TAKE,A,THE,for,to,-44.69273376464844,"[-2.8418767, -8.840912, -8.617073, -1.2912513, -9.75117, -3.541553, -8.559202, -1.2496927]"
a worker found it a plate .,the attorney took them the crystal .,DO,DO,FIND,TAKE,A,THE,for,to,-46.414344787597656,"[-2.8418767, -8.840912, -8.617073, -5.9499483, -5.1249294, -12.460399, -2.5792055]"
a worker found me a plate .,the attorney fed the cheese to him .,DO,PD,FIND,FEED,A,THE,for,to,-44.89493179321289,"[-2.852768, -8.611891, -15.057036, -1.3542407, -9.782462, -1.887305, -4.569462, -0.7797654]"
a worker found me a plate .,the attorney fed him the cheese .,DO,DO,FIND,FEED,A,THE,for,to,-41.742820739746094,"[-2.852768, -8.611891, -15.057036, -4.925584, -2.4520695, -7.018531, -0.82494277]"
a worker found me a salad .,the husband got the cigarette for us .,DO,PD,FIND,GET,A,THE,for,for,-42.28206253051758,"[-2.858401, -8.75673, -7.868459, -2.6815202, -9.58197, -4.7168555, -4.7931385, -1.0249856]"
a worker found me a salad .,the husband got us the cigarette .,DO,DO,FIND,GET,A,THE,for,for,-38.518890380859375,"[-2.858401, -8.75673, -7.868459, -5.466717, -3.5842853, -9.1636, -0.8206967]"
a worker found me a salad .,the child fed the candy to them .,DO,PD,FIND,FEED,A,THE,for,to,-42.1810302734375,"[-2.858401, -8.077195, -10.031793, -2.0344546, -7.270078, -4.5033216, -6.2736006, -1.1321867]"
a worker found me a salad .,the child fed them the candy .,DO,DO,FIND,FEED,A,THE,for,to,-36.83000183105469,"[-2.858401, -8.077195, -10.031793, -5.833048, -3.5253613, -5.696953, -0.807251]"
a worker found us a card .,the physician took the newspaper to it .,DO,PD,FIND,TAKE,A,THE,for,to,-41.961395263671875,"[-2.83185, -10.829715, -6.16755, -1.7268618, -7.6460834, -1.6539614, -7.9753714, -3.1300042]"
a worker found us a card .,the physician took it the newspaper .,DO,DO,FIND,TAKE,A,THE,for,to,-42.527339935302734,"[-2.83185, -10.829715, -6.16755, -4.0155964, -5.24387, -10.100252, -3.3385088]"
a worker found us a wire .,the adult saved the tea for it .,DO,PD,FIND,SAVE,A,THE,for,for,-47.82131576538086,"[-2.8765912, -10.044958, -12.744816, -1.3857175, -9.850092, -3.5817125, -6.4447026, -0.8927269]"
a worker found us a wire .,the adult saved it the tea .,DO,DO,FIND,SAVE,A,THE,for,for,-47.068729400634766,"[-2.8765912, -10.044958, -12.744816, -3.3913202, -6.1692233, -11.164099, -0.6777211]"
a worker found us a wire .,the hero threw the flower to you .,DO,PD,FIND,THROW,A,THE,for,to,-43.40400314331055,"[-2.8765912, -10.026947, -9.330836, -1.9607742, -8.454093, -2.8958724, -6.89634, -0.9625498]"
a worker found us a wire .,the hero threw you the flower .,DO,DO,FIND,THROW,A,THE,for,to,-40.588645935058594,"[-2.8765912, -10.026947, -9.330836, -7.406376, -2.555505, -7.2528677, -1.1395217]"
a worker found us a wire .,the employee promised the juice to it .,DO,PD,FIND,PROMISE,A,THE,for,to,-45.467533111572266,"[-2.8765912, -8.78778, -8.789633, -2.8137832, -11.183605, -2.7912717, -7.1112905, -1.1135783]"
a worker found us a wire .,the employee promised it the juice .,DO,DO,FIND,PROMISE,A,THE,for,to,-42.87693786621094,"[-2.8765912, -8.78778, -8.789633, -4.874738, -6.3369665, -9.78878, -1.4224476]"
a worker found you a guitar .,the employer drew the telephone for me .,DO,PD,FIND,DRAW,A,THE,for,for,-41.91436004638672,"[-2.8594775, -9.86322, -9.36795, -2.4178069, -9.09964, -3.6792707, -3.4115129, -1.2154802]"
a worker found you a guitar .,the employer drew me the telephone .,DO,DO,FIND,DRAW,A,THE,for,for,-41.49110794067383,"[-2.8594775, -9.86322, -9.36795, -7.7348204, -3.610863, -7.081428, -0.97334814]"
a worker found you a wire .,the guest caught the hat for us .,DO,PD,FIND,CATCH,A,THE,for,for,-44.99226760864258,"[-2.8254309, -9.998165, -9.777897, -1.5531054, -8.183936, -5.6763806, -5.8808575, -1.0964946]"
a worker found you a wire .,the guest caught us the hat .,DO,DO,FIND,CATCH,A,THE,for,for,-42.7199821472168,"[-2.8254309, -9.998165, -9.777897, -3.9526224, -5.269685, -8.495255, -2.4009287]"
a worker gave a salad to me .,the pilot took the log to you .,PD,PD,GIVE,TAKE,A,THE,to,to,-40.37689208984375,"[-2.8776824, -8.298355, -5.806101, -3.0366664, -9.380952, -2.6346014, -7.4634285, -0.87910295]"
a worker gave a salad to me .,the pilot took you the log .,PD,DO,GIVE,TAKE,A,THE,to,to,-43.95150375366211,"[-2.8776824, -8.298355, -5.806101, -6.5838275, -6.7490025, -10.289223, -3.3473113]"
a worker gave a television to it .,the cop showed the flower to him .,PD,PD,GIVE,SHOW,A,THE,to,to,-35.531463623046875,"[-2.8319314, -9.957003, -5.6788964, -1.87368, -10.280049, -1.2418276, -2.8871536, -0.78092027]"
a worker gave a television to it .,the cop showed him the flower .,PD,DO,GIVE,SHOW,A,THE,to,to,-34.10469055175781,"[-2.8319314, -9.957003, -5.6788964, -3.0361052, -1.310412, -10.012817, -1.277523]"
a worker gave a television to you .,the chief caught the bag for us .,PD,PD,GIVE,CATCH,A,THE,to,for,-39.845638275146484,"[-2.8475852, -7.1630225, -11.820819, -1.8405999, -6.8396645, -4.4691033, -3.949765, -0.91507834]"
a worker gave a television to you .,the chief caught us the bag .,PD,DO,GIVE,CATCH,A,THE,to,for,-44.077232360839844,"[-2.8475852, -7.1630225, -11.820819, -5.595729, -5.4680777, -10.009386, -1.1726123]"
a worker gave it a television .,the cop showed the flower to him .,DO,PD,GIVE,SHOW,A,THE,to,to,-37.029781341552734,"[-2.8630762, -9.859148, -5.191133, -2.397746, -10.053053, -2.1707735, -3.8213844, -0.6734666]"
a worker gave it a television .,the cop showed him the flower .,DO,DO,GIVE,SHOW,A,THE,to,to,-32.49618148803711,"[-2.8630762, -9.859148, -5.191133, -2.5795813, -1.3606431, -9.5749655, -1.0676353]"
a worker gave me a salad .,the pilot took the log to you .,DO,PD,GIVE,TAKE,A,THE,to,to,-42.58818054199219,"[-2.9004977, -8.163355, -5.917267, -3.515226, -9.869735, -3.0409007, -8.22073, -0.9604709]"
a worker gave me a salad .,the pilot took you the log .,DO,DO,GIVE,TAKE,A,THE,to,to,-44.284812927246094,"[-2.9004977, -8.163355, -5.917267, -6.108443, -7.0164356, -10.489056, -3.689758]"
a worker gave you a television .,the chief caught the bag for us .,DO,PD,GIVE,CATCH,A,THE,to,for,-41.126556396484375,"[-2.8626235, -7.2414756, -11.619731, -1.9240799, -7.152714, -4.6556993, -4.814261, -0.8559743]"
a worker gave you a television .,the chief caught us the bag .,DO,DO,GIVE,CATCH,A,THE,to,for,-43.858558654785156,"[-2.8626235, -7.2414756, -11.619731, -5.3199043, -5.4283524, -10.420411, -0.9660616]"
a worker kept a cheese for it .,the daughter found the cup for you .,PD,PD,KEEP,FIND,A,THE,for,for,-40.01396560668945,"[-2.850891, -9.255849, -8.391758, -1.0394228, -6.021879, -3.9506688, -7.9177065, -0.5857895]"
a worker kept a cheese for it .,the daughter found you the cup .,PD,DO,KEEP,FIND,A,THE,for,for,-41.96253204345703,"[-2.850891, -9.255849, -8.391758, -8.785677, -4.0713253, -7.0462456, -1.5607847]"
a worker kept a cheese for them .,the sheriff gave the anchor to it .,PD,PD,KEEP,GIVE,A,THE,for,to,-43.16472625732422,"[-2.8632884, -9.034534, -6.9601784, -1.5587182, -11.201413, -3.5560818, -7.071639, -0.9188732]"
a worker kept a cheese for them .,the sheriff gave it the anchor .,PD,DO,KEEP,GIVE,A,THE,for,to,-41.47077560424805,"[-2.8632884, -9.034534, -6.9601784, -4.621718, -4.083705, -12.151396, -1.7559553]"
a worker kept a cheese for us .,the lady promised the meal to me .,PD,PD,KEEP,PROMISE,A,THE,for,to,-37.19574737548828,"[-2.867942, -9.407076, -9.017301, -3.41451, -6.4135227, -2.8385446, -2.2135687, -1.0232816]"
a worker kept a cheese for us .,the lady promised me the meal .,PD,DO,KEEP,PROMISE,A,THE,for,to,-33.67253875732422,"[-2.867942, -9.407076, -9.017301, -1.8493416, -2.9213176, -6.176201, -1.4333602]"
a worker kept a chocolate for me .,the lady brought the key to it .,PD,PD,KEEP,BRING,A,THE,for,to,-37.243988037109375,"[-2.8536186, -9.3937845, -7.285838, -2.2828224, -6.3487115, -1.2715884, -6.9179144, -0.88971084]"
a worker kept a chocolate for me .,the lady brought it the key .,PD,DO,KEEP,BRING,A,THE,for,to,-39.23999786376953,"[-2.8536186, -9.3937845, -7.285838, -3.6324317, -6.548367, -8.191156, -1.334802]"
a worker kept a chocolate for you .,the business designed the gun for them .,PD,PD,KEEP,DESIGN,A,THE,for,for,-38.62124252319336,"[-2.851005, -7.8032475, -10.704958, -2.0364647, -7.6847887, -1.7741517, -5.1502028, -0.6164227]"
a worker kept a chocolate for you .,the business designed them the gun .,PD,DO,KEEP,DESIGN,A,THE,for,for,-45.38055419921875,"[-2.851005, -7.8032475, -10.704958, -6.5547867, -6.053752, -9.87542, -1.537384]"
a worker kept a gun for it .,the captain made the bag for them .,PD,PD,KEEP,MAKE,A,THE,for,for,-37.30530548095703,"[-2.8372588, -8.75769, -5.234957, -1.6304615, -10.455572, -2.5896103, -5.043298, -0.75645685]"
a worker kept a gun for it .,the captain made them the bag .,PD,DO,KEEP,MAKE,A,THE,for,for,-39.8780403137207,"[-2.8372588, -8.75769, -5.234957, -7.3617935, -3.517673, -10.922347, -1.246321]"
a worker kept a gun for us .,the parent took the television to you .,PD,PD,KEEP,TAKE,A,THE,for,to,-41.367515563964844,"[-2.8532243, -9.02393, -8.904171, -1.3343781, -8.28111, -2.5119443, -7.5074577, -0.9512994]"
a worker kept a gun for us .,the parent took you the television .,PD,DO,KEEP,TAKE,A,THE,for,to,-46.30644989013672,"[-2.8532243, -9.02393, -8.904171, -6.5534754, -5.820011, -10.9221115, -2.2295308]"
a worker kept a gun for us .,the author promised the anchor to me .,PD,PD,KEEP,PROMISE,A,THE,for,to,-46.0731315612793,"[-2.8532243, -7.1966624, -9.586178, -2.8110328, -12.240902, -2.7463026, -6.7591286, -1.8796992]"
a worker kept a gun for us .,the author promised me the anchor .,PD,DO,KEEP,PROMISE,A,THE,for,to,-41.80242919921875,"[-2.8532243, -7.1966624, -9.586178, -4.565676, -2.5066924, -12.589885, -2.5041132]"
a worker kept a gun for you .,the husband made the motor for me .,PD,PD,KEEP,MAKE,A,THE,for,for,-39.308692932128906,"[-2.850788, -8.932653, -7.377478, -1.4950578, -11.120459, -3.5021455, -3.1289365, -0.90117633]"
a worker kept a gun for you .,the husband made me the motor .,PD,DO,KEEP,MAKE,A,THE,for,for,-39.66147994995117,"[-2.850788, -8.932653, -7.377478, -4.980214, -3.407508, -10.425284, -1.6875541]"
a worker kept a tea for him .,the lady threw the chicken to you .,PD,PD,KEEP,THROW,A,THE,for,to,-38.96477508544922,"[-2.8775609, -9.365066, -7.6765637, -1.9488407, -5.964973, -3.6218772, -6.815964, -0.69393]"
a worker kept a tea for him .,the lady threw you the chicken .,PD,DO,KEEP,THROW,A,THE,for,to,-38.7079963684082,"[-2.8775609, -9.365066, -7.6765637, -8.144655, -3.264251, -6.3380804, -1.04182]"
a worker kept a tea for me .,the manager fed the cheese to us .,PD,PD,KEEP,FEED,A,THE,for,to,-39.518402099609375,"[-2.8621178, -8.430775, -12.1938715, -1.6257164, -8.273152, -1.2215027, -4.1558523, -0.7554173]"
a worker kept a tea for me .,the manager fed us the cheese .,PD,DO,KEEP,FEED,A,THE,for,to,-37.70195770263672,"[-2.8621178, -8.430775, -12.1938715, -4.343814, -2.3683715, -6.2607293, -1.2422792]"
a worker kept a tea for them .,the doctor got the meal for you .,PD,PD,KEEP,GET,A,THE,for,for,-37.489776611328125,"[-2.862962, -8.17226, -6.967075, -2.1817167, -8.710906, -2.7128198, -5.209676, -0.672363]"
a worker kept a tea for them .,the doctor got you the meal .,PD,DO,KEEP,GET,A,THE,for,for,-35.983734130859375,"[-2.862962, -8.17226, -6.967075, -7.6456146, -2.9603295, -6.362468, -1.0130228]"
a worker kept a tea for us .,the band designed the card for him .,PD,PD,KEEP,DESIGN,A,THE,for,for,-38.9062614440918,"[-2.8659163, -7.5998397, -9.54946, -0.8093045, -8.296048, -2.4871995, -6.3207808, -0.97771204]"
a worker kept a tea for us .,the band designed him the card .,PD,DO,KEEP,DESIGN,A,THE,for,for,-41.57984924316406,"[-2.8659163, -7.5998397, -9.54946, -7.4944544, -4.6324506, -7.7964554, -1.64127]"
a worker kept him a tea .,the lady threw the chicken to you .,DO,PD,KEEP,THROW,A,THE,for,to,-39.815616607666016,"[-2.9120386, -9.402586, -7.842367, -2.0556889, -6.2823787, -3.6744258, -6.9116807, -0.7344517]"
a worker kept him a tea .,the lady threw you the chicken .,DO,DO,KEEP,THROW,A,THE,for,to,-37.882625579833984,"[-2.9120386, -9.402586, -7.842367, -7.4752254, -3.0686512, -6.3182306, -0.8635249]"
a worker kept it a cheese .,the daughter found the cup for you .,DO,PD,KEEP,FIND,A,THE,for,for,-41.76573944091797,"[-2.8539596, -9.312828, -8.279664, -1.3858703, -6.188591, -4.7356167, -8.182871, -0.8263407]"
a worker kept it a cheese .,the daughter found you the cup .,DO,DO,KEEP,FIND,A,THE,for,for,-42.79290008544922,"[-2.8539596, -9.312828, -8.279664, -8.466821, -4.203871, -8.032479, -1.6432763]"
a worker kept it a gun .,the captain made the bag for them .,DO,PD,KEEP,MAKE,A,THE,for,for,-39.01725769042969,"[-2.8440151, -8.767204, -4.9636335, -1.6582494, -10.31324, -3.0788224, -6.2140427, -1.1780527]"
a worker kept it a gun .,the captain made them the bag .,DO,DO,KEEP,MAKE,A,THE,for,for,-39.15324783325195,"[-2.8440151, -8.767204, -4.9636335, -7.405992, -3.4144094, -10.562924, -1.1950705]"
a worker kept me a chocolate .,the lady brought the key to it .,DO,PD,KEEP,BRING,A,THE,for,to,-38.005340576171875,"[-2.8621707, -9.380537, -7.298815, -2.7773285, -6.653693, -1.160165, -6.993332, -0.8792988]"
a worker kept me a chocolate .,the lady brought it the key .,DO,DO,KEEP,BRING,A,THE,for,to,-39.206390380859375,"[-2.8621707, -9.380537, -7.298815, -3.7887373, -6.5575943, -8.272367, -1.0461675]"
a worker kept me a tea .,the manager fed the cheese to us .,DO,PD,KEEP,FEED,A,THE,for,to,-42.60830307006836,"[-2.870211, -8.474373, -12.060994, -2.1830137, -9.956329, -1.3146671, -4.854991, -0.8937229]"
a worker kept me a tea .,the manager fed us the cheese .,DO,DO,KEEP,FEED,A,THE,for,to,-37.679359436035156,"[-2.870211, -8.474373, -12.060994, -4.054227, -2.445722, -6.812832, -0.9610008]"
a worker kept them a cheese .,the sheriff gave the anchor to it .,DO,PD,KEEP,GIVE,A,THE,for,to,-43.939414978027344,"[-2.8800778, -8.875416, -6.9966445, -1.6091707, -11.168481, -3.9970202, -7.4850125, -0.9275931]"
a worker kept them a cheese .,the sheriff gave it the anchor .,DO,DO,KEEP,GIVE,A,THE,for,to,-40.64705276489258,"[-2.8800778, -8.875416, -6.9966445, -4.03275, -3.963633, -12.33567, -1.5628613]"
a worker kept them a tea .,the doctor got the meal for you .,DO,PD,KEEP,GET,A,THE,for,for,-39.00946044921875,"[-2.8794456, -8.199049, -6.930768, -1.8644332, -9.5044565, -3.4632661, -5.4731092, -0.6949349]"
a worker kept them a tea .,the doctor got you the meal .,DO,DO,KEEP,GET,A,THE,for,for,-34.928489685058594,"[-2.8794456, -8.199049, -6.930768, -6.925503, -2.6376767, -6.6376095, -0.7184383]"
a worker kept us a cheese .,the lady promised the meal to me .,DO,PD,KEEP,PROMISE,A,THE,for,to,-37.79557418823242,"[-2.8961387, -9.27466, -8.829819, -3.7152958, -6.853674, -2.938749, -2.2764907, -1.0107465]"
a worker kept us a cheese .,the lady promised me the meal .,DO,DO,KEEP,PROMISE,A,THE,for,to,-33.0971794128418,"[-2.8961387, -9.27466, -8.829819, -1.4521006, -2.968802, -6.5571523, -1.1185073]"
a worker kept us a gun .,the parent took the television to you .,DO,PD,KEEP,TAKE,A,THE,for,to,-40.16357421875,"[-2.8865938, -8.865143, -8.12698, -1.4363523, -8.2296715, -2.1822464, -7.4286795, -1.007912]"
a worker kept us a gun .,the parent took you the television .,DO,DO,KEEP,TAKE,A,THE,for,to,-41.035728454589844,"[-2.8865938, -8.865143, -8.12698, -5.723249, -4.346665, -9.8357725, -1.2513245]"
a worker kept us a gun .,the author promised the anchor to me .,DO,PD,KEEP,PROMISE,A,THE,for,to,-45.9300651550293,"[-2.8865938, -7.068808, -9.418145, -2.9754314, -12.116348, -2.7428837, -6.3980007, -2.3238535]"
a worker kept us a gun .,the author promised me the anchor .,DO,DO,KEEP,PROMISE,A,THE,for,to,-40.11745071411133,"[-2.8865938, -7.068808, -9.418145, -3.3717241, -2.6504445, -12.649168, -2.0725656]"
a worker kept us a tea .,the band designed the card for him .,DO,PD,KEEP,DESIGN,A,THE,for,for,-38.96223068237305,"[-2.87958, -7.640165, -9.504984, -0.7971358, -8.426847, -2.8352985, -5.7493253, -1.1288949]"
a worker kept us a tea .,the band designed him the card .,DO,DO,KEEP,DESIGN,A,THE,for,for,-40.380191802978516,"[-2.87958, -7.640165, -9.504984, -7.2705483, -4.1764145, -7.62294, -1.2855594]"
a worker kept you a chocolate .,the business designed the gun for them .,DO,PD,KEEP,DESIGN,A,THE,for,for,-40.689903259277344,"[-2.869901, -7.872116, -11.06843, -1.9359968, -7.8567734, -2.5387464, -5.755016, -0.79292554]"
a worker kept you a chocolate .,the business designed them the gun .,DO,DO,KEEP,DESIGN,A,THE,for,for,-43.560630798339844,"[-2.869901, -7.872116, -11.06843, -6.4861374, -5.9058294, -8.377358, -0.98086214]"
a worker kept you a gun .,the husband made the motor for me .,DO,PD,KEEP,MAKE,A,THE,for,for,-43.13282775878906,"[-2.864095, -8.892551, -7.517436, -1.410643, -11.414057, -4.9198546, -4.878558, -1.2356324]"
a worker kept you a gun .,the husband made me the motor .,DO,DO,KEEP,MAKE,A,THE,for,for,-38.02389907836914,"[-2.864095, -8.892551, -7.517436, -4.3669677, -3.094764, -9.775582, -1.5125042]"
a worker left a beer for it .,the writer took the cigarette to me .,PD,PD,LEAVE,TAKE,A,THE,for,to,-40.655723571777344,"[-2.827995, -8.037346, -7.123607, -1.5787458, -11.161499, -2.6445217, -6.212731, -1.0692805]"
a worker left a beer for it .,the writer took me the cigarette .,PD,DO,LEAVE,TAKE,A,THE,for,to,-40.24931335449219,"[-2.827995, -8.037346, -7.123607, -4.384448, -5.3584375, -11.040635, -1.4768459]"
a worker left a beer for me .,the doctor got the meal for you .,PD,PD,LEAVE,GET,A,THE,for,for,-37.68012237548828,"[-2.8371043, -8.460747, -7.024752, -1.8345268, -9.316458, -2.7651181, -4.94663, -0.49478614]"
a worker left a beer for me .,the doctor got you the meal .,PD,DO,LEAVE,GET,A,THE,for,for,-35.29662322998047,"[-2.8371043, -8.460747, -7.024752, -6.8975573, -2.8638725, -6.3769264, -0.83566266]"
a worker left a candy for them .,the chief sent the meal to you .,PD,PD,LEAVE,SEND,A,THE,for,to,-41.7967529296875,"[-2.8606658, -7.1084523, -10.0335045, -1.984575, -10.829512, -0.7704131, -7.414448, -0.7951807]"
a worker left a candy for them .,the chief sent you the meal .,PD,DO,LEAVE,SEND,A,THE,for,to,-39.63452911376953,"[-2.8606658, -7.1084523, -10.0335045, -6.589485, -2.0692658, -10.025586, -0.9475663]"
a worker left a juice for me .,the adult showed the candy to him .,PD,PD,LEAVE,SHOW,A,THE,for,to,-40.70720672607422,"[-2.853375, -10.151976, -9.276547, -2.6693509, -9.144342, -1.8372924, -3.9077234, -0.866598]"
a worker left a juice for me .,the adult showed him the candy .,PD,DO,LEAVE,SHOW,A,THE,for,to,-36.23396682739258,"[-2.853375, -10.151976, -9.276547, -4.467099, -1.5411829, -6.753048, -1.190738]"
a worker left a meal for you .,the employee drew the motor for him .,PD,PD,LEAVE,DRAW,A,THE,for,for,-40.556922912597656,"[-2.8544774, -8.62172, -8.578754, -2.072029, -10.34059, -3.6209185, -3.561078, -0.90735567]"
a worker left a meal for you .,the employee drew him the motor .,PD,DO,LEAVE,DRAW,A,THE,for,for,-43.56977462768555,"[-2.8544774, -8.62172, -8.578754, -6.4282618, -4.3613644, -10.225006, -2.5001917]"
a worker left an iron for me .,the man fed the cheese to him .,PD,PD,LEAVE,FEED,A,THE,for,to,-37.49951171875,"[-2.8402905, -4.943885, -12.653907, -1.2594091, -8.232126, -1.6324652, -4.7642355, -1.173196]"
a worker left an iron for me .,the man fed him the cheese .,PD,DO,LEAVE,FEED,A,THE,for,to,-33.78850173950195,"[-2.8402905, -4.943885, -12.653907, -4.7823677, -2.3702273, -5.0559444, -1.1418786]"
a worker left an iron for you .,the chief got the juice for us .,PD,PD,LEAVE,GET,A,THE,for,for,-40.785850524902344,"[-2.8432953, -6.9616356, -11.300317, -2.4075165, -9.400355, -1.9330941, -5.1507854, -0.7888518]"
a worker left an iron for you .,the chief got us the juice .,PD,DO,LEAVE,GET,A,THE,for,for,-39.785404205322266,"[-2.8432953, -6.9616356, -11.300317, -6.145299, -2.958479, -8.527357, -1.0490197]"
a worker left it a beer .,the writer took the cigarette to me .,DO,PD,LEAVE,TAKE,A,THE,for,to,-40.72004699707031,"[-2.7996538, -8.091172, -7.44196, -1.5213969, -11.292682, -2.7755313, -5.7177076, -1.0799417]"
a worker left it a beer .,the writer took me the cigarette .,DO,DO,LEAVE,TAKE,A,THE,for,to,-39.477935791015625,"[-2.7996538, -8.091172, -7.44196, -3.8641713, -5.2014666, -10.910821, -1.1686913]"
a worker left me a beer .,the doctor got the meal for you .,DO,PD,LEAVE,GET,A,THE,for,for,-40.63119888305664,"[-2.8449004, -8.458685, -7.076366, -2.1973646, -9.996433, -3.7670746, -5.7192173, -0.57115734]"
a worker left me a beer .,the doctor got you the meal .,DO,DO,LEAVE,GET,A,THE,for,for,-35.62791061401367,"[-2.8449004, -8.458685, -7.076366, -6.8636856, -3.1637676, -6.6647716, -0.5557327]"
a worker left me a juice .,the adult showed the candy to him .,DO,PD,LEAVE,SHOW,A,THE,for,to,-42.15652847290039,"[-2.8520823, -10.118626, -9.253217, -2.9787145, -9.924764, -1.7432389, -4.249376, -1.03651]"
a worker left me a juice .,the adult showed him the candy .,DO,DO,LEAVE,SHOW,A,THE,for,to,-35.730857849121094,"[-2.8520823, -10.118626, -9.253217, -4.680285, -1.893831, -5.978197, -0.95462275]"
a worker left me an iron .,the man fed the cheese to him .,DO,PD,LEAVE,FEED,A,THE,for,to,-38.98902893066406,"[-2.8618221, -4.9073725, -12.386427, -1.8953855, -8.636834, -1.8378793, -4.831661, -1.6316472]"
a worker left me an iron .,the man fed him the cheese .,DO,DO,LEAVE,FEED,A,THE,for,to,-33.394935607910156,"[-2.8618221, -4.9073725, -12.386427, -4.5879183, -2.5145836, -5.1072254, -1.0295888]"
a worker left them a candy .,the chief sent the meal to you .,DO,PD,LEAVE,SEND,A,THE,for,to,-41.65911865234375,"[-2.858317, -7.1834607, -9.81187, -1.8104326, -10.696648, -0.66865885, -7.810026, -0.819704]"
a worker left them a candy .,the chief sent you the meal .,DO,DO,LEAVE,SEND,A,THE,for,to,-37.75114059448242,"[-2.858317, -7.1834607, -9.81187, -6.143263, -2.1479936, -8.923689, -0.6825484]"
a worker left you a meal .,the employee drew the motor for him .,DO,PD,LEAVE,DRAW,A,THE,for,for,-40.42961883544922,"[-2.8765407, -8.71666, -8.605908, -1.9103839, -9.755708, -4.047597, -3.489914, -1.0269055]"
a worker left you a meal .,the employee drew him the motor .,DO,DO,LEAVE,DRAW,A,THE,for,for,-42.06061553955078,"[-2.8765407, -8.71666, -8.605908, -5.665419, -4.258217, -9.89931, -2.03856]"
a worker left you an iron .,the chief got the juice for us .,DO,PD,LEAVE,GET,A,THE,for,for,-42.58191680908203,"[-2.8567135, -7.06047, -10.635555, -2.428805, -9.267855, -3.0425272, -6.440811, -0.8491777]"
a worker left you an iron .,the chief got us the juice .,DO,DO,LEAVE,GET,A,THE,for,for,-38.196372985839844,"[-2.8567135, -7.06047, -10.635555, -5.7762756, -2.9472036, -8.122486, -0.79766977]"
a worker made a bag for him .,the employer fed the meal to you .,PD,PD,MAKE,FEED,A,THE,for,to,-42.32905197143555,"[-2.8306184, -10.004619, -13.526009, -0.9201796, -5.7744193, -1.1976511, -7.362737, -0.7128186]"
a worker made a bag for him .,the employer fed you the meal .,PD,DO,MAKE,FEED,A,THE,for,to,-37.163482666015625,"[-2.8306184, -10.004619, -13.526009, -4.068639, -2.0630412, -3.5661411, -1.1044158]"
a worker made a bag for me .,the kid gave the candy to him .,PD,PD,MAKE,GIVE,A,THE,for,to,-34.49445724487305,"[-2.8308759, -10.01503, -6.7448072, -3.0033913, -6.6143565, -0.8642021, -3.7925048, -0.62929004]"
a worker made a bag for me .,the kid gave him the candy .,PD,DO,MAKE,GIVE,A,THE,for,to,-32.16461944580078,"[-2.8308759, -10.01503, -6.7448072, -3.636342, -2.5193157, -5.442094, -0.9761532]"
a worker made a card for him .,the secretary brought the beer to them .,PD,PD,MAKE,BRING,A,THE,for,to,-40.291107177734375,"[-2.80794, -8.933996, -11.193827, -1.837068, -8.70095, -0.7733895, -5.3083506, -0.7355876]"
a worker made a card for him .,the secretary brought them the beer .,PD,DO,MAKE,BRING,A,THE,for,to,-38.98017883300781,"[-2.80794, -8.933996, -11.193827, -5.287598, -3.5409818, -6.3013906, -0.914447]"
a worker made a card for him .,the reader sold the coffee to you .,PD,PD,MAKE,SELL,A,THE,for,to,-43.067134857177734,"[-2.80794, -9.650165, -12.276944, -1.2976886, -9.124293, -2.903787, -4.499511, -0.5068053]"
a worker made a card for him .,the reader sold you the coffee .,PD,DO,MAKE,SELL,A,THE,for,to,-41.98192596435547,"[-2.80794, -9.650165, -12.276944, -5.859453, -2.285233, -8.419514, -0.6826754]"
a worker made a card for me .,the bishop brought the pie to you .,PD,PD,MAKE,BRING,A,THE,for,to,-41.14073944091797,"[-2.8016021, -10.534768, -8.42952, -1.6149765, -9.27206, -0.84872985, -7.0519547, -0.58712965]"
a worker made a card for me .,the bishop brought you the pie .,PD,DO,MAKE,BRING,A,THE,for,to,-39.56369400024414,"[-2.8016021, -10.534768, -8.42952, -5.4518304, -1.4449627, -10.046702, -0.85430783]"
a worker made a card for me .,the partner showed the television to them .,PD,PD,MAKE,SHOW,A,THE,for,to,-41.29801940917969,"[-2.8016021, -10.485769, -8.002019, -2.31005, -8.432983, -2.9710917, -5.510612, -0.783891]"
a worker made a card for me .,the partner showed them the television .,PD,DO,MAKE,SHOW,A,THE,for,to,-37.999942779541016,"[-2.8016021, -10.485769, -8.002019, -4.9049053, -1.3662, -8.974113, -1.4653343]"
a worker made a card for them .,the leader left the coat for you .,PD,PD,MAKE,LEAVE,A,THE,for,for,-42.5218620300293,"[-2.797552, -7.0929375, -10.350068, -0.963357, -11.032564, -3.9811263, -5.633506, -0.67075104]"
a worker made a card for them .,the leader left you the coat .,PD,DO,MAKE,LEAVE,A,THE,for,for,-44.274940490722656,"[-2.797552, -7.0929375, -10.350068, -7.2380056, -3.2974353, -12.185299, -1.3136406]"
a worker made a card for us .,the pilot fed the pie to you .,PD,PD,MAKE,FEED,A,THE,for,to,-44.897647857666016,"[-2.79937, -8.34282, -11.840908, -1.2109712, -10.377709, -1.85117, -7.720769, -0.7539316]"
a worker made a card for us .,the pilot fed you the pie .,PD,DO,MAKE,FEED,A,THE,for,to,-42.281673431396484,"[-2.79937, -8.34282, -11.840908, -6.7001615, -1.8385472, -9.697404, -1.062462]"
a worker made a coat for us .,the soldier drew the crystal for them .,PD,PD,MAKE,DRAW,A,THE,for,for,-43.00834274291992,"[-2.8188171, -9.325912, -7.52232, -2.2567337, -10.218341, -3.696924, -6.511726, -0.65757]"
a worker made a coat for us .,the soldier drew them the crystal .,PD,DO,MAKE,DRAW,A,THE,for,for,-42.11894607543945,"[-2.8188171, -9.325912, -7.52232, -7.0895815, -4.1231165, -9.132914, -2.1062853]"
a worker made a computer for you .,the writer took the cigarette to me .,PD,PD,MAKE,TAKE,A,THE,for,to,-41.05841064453125,"[-2.8295634, -8.063271, -6.9037, -1.6183625, -12.187585, -3.5417662, -4.6695633, -1.2445992]"
a worker made a computer for you .,the writer took me the cigarette .,PD,DO,MAKE,TAKE,A,THE,for,to,-40.662147521972656,"[-2.8295634, -8.063271, -6.9037, -3.5583477, -5.3554397, -12.075382, -1.8764457]"
a worker made a television for him .,the husband brought the beer to them .,PD,PD,MAKE,BRING,A,THE,for,to,-36.216835021972656,"[-2.8448775, -8.799015, -8.83665, -1.3862785, -7.7932687, -0.942294, -4.78673, -0.82772136]"
a worker made a television for him .,the husband brought them the beer .,PD,DO,MAKE,BRING,A,THE,for,to,-35.30588912963867,"[-2.8448775, -8.799015, -8.83665, -5.000981, -3.5149736, -5.347851, -0.9615401]"
a worker made a television for him .,the adult gave the coffee to me .,PD,PD,MAKE,GIVE,A,THE,for,to,-39.20451354980469,"[-2.8448775, -10.208414, -9.380168, -2.3041625, -9.111682, -1.5272106, -3.0812585, -0.74674064]"
a worker made a television for him .,the adult gave me the coffee .,PD,DO,MAKE,GIVE,A,THE,for,to,-35.366783142089844,"[-2.8448775, -10.208414, -9.380168, -2.455542, -2.1748571, -7.2286053, -1.0743203]"
a worker made a television for him .,the leader took the iron to us .,PD,PD,MAKE,TAKE,A,THE,for,to,-44.04257583618164,"[-2.8448775, -7.139554, -10.666418, -1.6485126, -8.74342, -3.3375874, -8.940394, -0.72181123]"
a worker made a television for him .,the leader took us the iron .,PD,DO,MAKE,TAKE,A,THE,for,to,-46.04682540893555,"[-2.8448775, -7.139554, -10.666418, -6.4265623, -5.3754144, -10.486781, -3.1072192]"
a worker made a television for me .,the husband purchased the pie for you .,PD,PD,MAKE,PURCHASE,A,THE,for,for,-44.83008575439453,"[-2.8404953, -8.869345, -11.537297, -1.1767759, -11.154216, -2.4123702, -6.2129703, -0.62661713]"
a worker made a television for me .,the husband purchased you the pie .,PD,DO,MAKE,PURCHASE,A,THE,for,for,-45.76021957397461,"[-2.8404953, -8.869345, -11.537297, -9.48141, -2.941639, -8.891794, -1.1982388]"
a worker made a television for us .,the doctor promised the jacket to me .,PD,PD,MAKE,PROMISE,A,THE,for,to,-39.900978088378906,"[-2.8349264, -8.62956, -7.9470844, -2.664553, -12.085149, -2.9327931, -1.8769938, -0.9299164]"
a worker made a television for us .,the doctor promised me the jacket .,PD,DO,MAKE,PROMISE,A,THE,for,to,-39.18476867675781,"[-2.8349264, -8.62956, -7.9470844, -3.5354445, -2.774706, -11.851502, -1.6115432]"
a worker made an instrument for them .,the chief sent the meal to you .,PD,PD,MAKE,SEND,A,THE,for,to,-42.63640213012695,"[-2.8334856, -7.028412, -10.115484, -2.044321, -11.12988, -0.6266074, -7.907889, -0.9503244]"
a worker made an instrument for them .,the chief sent you the meal .,PD,DO,MAKE,SEND,A,THE,for,to,-40.6979866027832,"[-2.8334856, -7.028412, -10.115484, -6.836933, -2.206767, -10.4368305, -1.240074]"
a worker made an instrument for us .,the chief supplied the anchor to you .,PD,PD,MAKE,SUPPLY,A,THE,for,to,-45.039146423339844,"[-2.855312, -7.2154703, -13.942212, -1.5045698, -9.581047, -2.3170984, -6.8829045, -0.740531]"
a worker made an instrument for us .,the chief supplied you the anchor .,PD,DO,MAKE,SUPPLY,A,THE,for,to,-47.04063415527344,"[-2.855312, -7.2154703, -13.942212, -5.761179, -4.153242, -10.891275, -2.2219427]"
a worker made an instrument for us .,the band designed the cup for you .,PD,PD,MAKE,DESIGN,A,THE,for,for,-37.375144958496094,"[-2.855312, -7.463233, -9.272141, -0.91413224, -9.785042, -2.3790662, -4.209354, -0.49686363]"
a worker made an instrument for us .,the band designed you the cup .,PD,DO,MAKE,DESIGN,A,THE,for,for,-41.7463493347168,"[-2.855312, -7.463233, -9.272141, -7.4070835, -4.0122414, -9.599854, -1.1364821]"
a worker made an instrument for you .,the employer drew the telephone for me .,PD,PD,MAKE,DRAW,A,THE,for,for,-39.728641510009766,"[-2.842637, -9.993581, -9.577734, -2.2232416, -8.206699, -3.6093967, -2.44931, -0.8260413]"
a worker made an instrument for you .,the employer drew me the telephone .,PD,DO,MAKE,DRAW,A,THE,for,for,-43.071449279785156,"[-2.842637, -9.993581, -9.577734, -7.2203493, -4.413209, -7.7568593, -1.2670811]"
a worker made an iron for us .,the doctor kept the juice for you .,PD,PD,MAKE,KEEP,A,THE,for,for,-37.30499267578125,"[-2.8222635, -8.689894, -7.112529, -1.8673682, -8.394993, -2.9034162, -4.958254, -0.556276]"
a worker made an iron for us .,the doctor kept you the juice .,PD,DO,MAKE,KEEP,A,THE,for,for,-41.98143005371094,"[-2.8222635, -8.689894, -7.112529, -6.7034507, -5.6538, -9.674946, -1.3245472]"
a worker made him a bag .,the employer fed the meal to you .,DO,PD,MAKE,FEED,A,THE,for,to,-43.104217529296875,"[-2.876706, -9.833866, -13.090868, -1.4859977, -6.42053, -1.1968102, -7.3686113, -0.8308301]"
a worker made him a bag .,the employer fed you the meal .,DO,DO,MAKE,FEED,A,THE,for,to,-36.76995086669922,"[-2.876706, -9.833866, -13.090868, -3.6185832, -2.4147232, -3.9747071, -0.960497]"
a worker made him a card .,the secretary brought the beer to them .,DO,PD,MAKE,BRING,A,THE,for,to,-42.15655517578125,"[-2.8482687, -8.794843, -11.4829235, -1.866565, -9.739687, -0.8218321, -5.619025, -0.9834119]"
a worker made him a card .,the secretary brought them the beer .,DO,DO,MAKE,BRING,A,THE,for,to,-39.49977111816406,"[-2.8482687, -8.794843, -11.4829235, -5.006974, -3.8950186, -6.6660085, -0.8057317]"
a worker made him a card .,the reader sold the coffee to you .,DO,PD,MAKE,SELL,A,THE,for,to,-43.85039138793945,"[-2.8482687, -9.616955, -12.358162, -1.824678, -9.216939, -2.8385148, -4.57548, -0.5713937]"
a worker made him a card .,the reader sold you the coffee .,DO,DO,MAKE,SELL,A,THE,for,to,-41.958045959472656,"[-2.8482687, -9.616955, -12.358162, -4.9887557, -2.9799006, -8.53409, -0.6319131]"
a worker made him a television .,the husband brought the beer to them .,DO,PD,MAKE,BRING,A,THE,for,to,-37.473541259765625,"[-2.8652518, -8.83988, -8.8125305, -1.7608602, -7.831271, -0.991813, -5.2400994, -1.1318375]"
a worker made him a television .,the husband brought them the beer .,DO,DO,MAKE,BRING,A,THE,for,to,-35.78229522705078,"[-2.8652518, -8.83988, -8.8125305, -4.5016117, -3.8924687, -5.984135, -0.886416]"
a worker made him a television .,the adult gave the coffee to me .,DO,PD,MAKE,GIVE,A,THE,for,to,-40.44091796875,"[-2.8652518, -10.11842, -9.866041, -2.741341, -9.284143, -1.489708, -3.209755, -0.8662572]"
a worker made him a television .,the adult gave me the coffee .,DO,DO,MAKE,GIVE,A,THE,for,to,-35.8245735168457,"[-2.8652518, -10.11842, -9.866041, -2.075026, -1.9039547, -8.014767, -0.9811132]"
a worker made him a television .,the leader took the iron to us .,DO,PD,MAKE,TAKE,A,THE,for,to,-44.661529541015625,"[-2.8652518, -7.193989, -11.071707, -1.8165567, -8.977007, -3.138029, -8.767664, -0.8313263]"
a worker made him a television .,the leader took us the iron .,DO,DO,MAKE,TAKE,A,THE,for,to,-45.786930084228516,"[-2.8652518, -7.193989, -11.071707, -5.3327293, -5.1841326, -10.553813, -3.585306]"
a worker made me a bag .,the kid gave the candy to him .,DO,PD,MAKE,GIVE,A,THE,for,to,-35.34068298339844,"[-2.8403294, -9.855465, -6.6871796, -3.54978, -7.0229445, -1.1130364, -3.443187, -0.8287594]"
a worker made me a bag .,the kid gave him the candy .,DO,DO,MAKE,GIVE,A,THE,for,to,-31.37164306640625,"[-2.8403294, -9.855465, -6.6871796, -3.5600138, -2.425479, -5.1279335, -0.875242]"
a worker made me a card .,the bishop brought the pie to you .,DO,PD,MAKE,BRING,A,THE,for,to,-42.164127349853516,"[-2.8245482, -10.301039, -8.506771, -1.7934427, -10.019079, -0.9763536, -6.9986763, -0.7442178]"
a worker made me a card .,the bishop brought you the pie .,DO,DO,MAKE,BRING,A,THE,for,to,-39.27977752685547,"[-2.8245482, -10.301039, -8.506771, -4.873452, -1.5263302, -10.46224, -0.7853963]"
a worker made me a card .,the partner showed the television to them .,DO,PD,MAKE,SHOW,A,THE,for,to,-42.183143615722656,"[-2.8245482, -10.476997, -7.735021, -2.8592641, -8.029161, -3.46004, -5.759937, -1.0381755]"
a worker made me a card .,the partner showed them the television .,DO,DO,MAKE,SHOW,A,THE,for,to,-38.012794494628906,"[-2.8245482, -10.476997, -7.735021, -5.2375565, -1.4941484, -8.69621, -1.5483125]"
a worker made me a television .,the husband purchased the pie for you .,DO,PD,MAKE,PURCHASE,A,THE,for,for,-46.63709259033203,"[-2.828165, -8.915915, -11.505958, -1.2671592, -11.565597, -2.508366, -7.085257, -0.96067345]"
a worker made me a television .,the husband purchased you the pie .,DO,DO,MAKE,PURCHASE,A,THE,for,for,-45.605072021484375,"[-2.828165, -8.915915, -11.505958, -8.369002, -3.0940814, -9.805019, -1.0869329]"
a worker made them a card .,the leader left the coat for you .,DO,PD,MAKE,LEAVE,A,THE,for,for,-43.25244903564453,"[-2.8317535, -7.189011, -10.55735, -1.2419606, -10.884932, -4.4551325, -5.1979046, -0.89440185]"
a worker made them a card .,the leader left you the coat .,DO,DO,MAKE,LEAVE,A,THE,for,for,-43.819183349609375,"[-2.8317535, -7.189011, -10.55735, -6.4017305, -3.2735171, -12.6100645, -0.9557561]"
a worker made them an instrument .,the chief sent the meal to you .,DO,PD,MAKE,SEND,A,THE,for,to,-42.93215560913086,"[-2.850001, -7.2004905, -10.054035, -1.9000751, -11.138725, -0.58753836, -8.119561, -1.0817312]"
a worker made them an instrument .,the chief sent you the meal .,DO,DO,MAKE,SEND,A,THE,for,to,-39.91194152832031,"[-2.850001, -7.2004905, -10.054035, -6.4798613, -2.3415136, -9.876629, -1.1094112]"
a worker made us a card .,the pilot fed the pie to you .,DO,PD,MAKE,FEED,A,THE,for,to,-45.63849639892578,"[-2.8202167, -8.347442, -11.815172, -1.3532577, -10.440868, -2.527597, -7.5227156, -0.81122434]"
a worker made us a card .,the pilot fed you the pie .,DO,DO,MAKE,FEED,A,THE,for,to,-41.360435485839844,"[-2.8202167, -8.347442, -11.815172, -5.9962716, -1.7218506, -9.816227, -0.84325284]"
a worker made us a coat .,the soldier drew the crystal for them .,DO,PD,MAKE,DRAW,A,THE,for,for,-44.68492889404297,"[-2.86224, -9.368717, -7.4190693, -2.3515508, -10.076865, -4.7148247, -6.9363966, -0.95526564]"
a worker made us a coat .,the soldier drew them the crystal .,DO,DO,MAKE,DRAW,A,THE,for,for,-41.312156677246094,"[-2.86224, -9.368717, -7.4190693, -6.883647, -3.8876057, -8.903346, -1.9875289]"
a worker made us a television .,the doctor promised the jacket to me .,DO,PD,MAKE,PROMISE,A,THE,for,to,-41.273193359375,"[-2.8214025, -8.628871, -7.813877, -2.749402, -12.2405, -2.9069273, -2.869441, -1.2427694]"
a worker made us a television .,the doctor promised me the jacket .,DO,DO,MAKE,PROMISE,A,THE,for,to,-39.309486389160156,"[-2.8214025, -8.628871, -7.813877, -4.1659613, -2.698403, -11.840833, -1.3401395]"
a worker made us an instrument .,the chief supplied the anchor to you .,DO,PD,MAKE,SUPPLY,A,THE,for,to,-46.74230194091797,"[-2.841885, -7.0871487, -14.41662, -1.8655905, -9.815481, -2.023147, -7.6619997, -1.03043]"
a worker made us an instrument .,the chief supplied you the anchor .,DO,DO,MAKE,SUPPLY,A,THE,for,to,-47.15410614013672,"[-2.841885, -7.0871487, -14.41662, -5.506189, -4.013992, -11.116179, -2.1720912]"
a worker made us an instrument .,the band designed the cup for you .,DO,PD,MAKE,DESIGN,A,THE,for,for,-39.464698791503906,"[-2.841885, -7.5581665, -9.23712, -0.95739716, -9.969763, -2.9222002, -5.266448, -0.71172154]"
a worker made us an instrument .,the band designed you the cup .,DO,DO,MAKE,DESIGN,A,THE,for,for,-42.082908630371094,"[-2.841885, -7.5581665, -9.23712, -6.6128154, -4.463418, -10.288842, -1.080662]"
a worker made us an iron .,the doctor kept the juice for you .,DO,PD,MAKE,KEEP,A,THE,for,for,-41.30707550048828,"[-2.824479, -8.405285, -6.8264766, -2.6914904, -9.061995, -4.1593103, -6.558204, -0.7798366]"
a worker made us an iron .,the doctor kept you the juice .,DO,DO,MAKE,KEEP,A,THE,for,for,-42.884891510009766,"[-2.824479, -8.405285, -6.8264766, -6.754155, -5.6196146, -11.41389, -1.0409902]"
a worker made you a computer .,the writer took the cigarette to me .,DO,PD,MAKE,TAKE,A,THE,for,to,-40.05638122558594,"[-2.8382096, -7.976272, -6.7224145, -1.7926167, -11.862759, -3.3305073, -4.264819, -1.2687849]"
a worker made you a computer .,the writer took me the cigarette .,DO,DO,MAKE,TAKE,A,THE,for,to,-39.29214859008789,"[-2.8382096, -7.976272, -6.7224145, -2.7079573, -5.3635216, -12.114708, -1.5690651]"
a worker made you an instrument .,the employer drew the telephone for me .,DO,PD,MAKE,DRAW,A,THE,for,for,-40.711570739746094,"[-2.831917, -9.9436455, -9.358016, -2.3358178, -8.504092, -3.9819899, -2.750968, -1.0051256]"
a worker made you an instrument .,the employer drew me the telephone .,DO,DO,MAKE,DRAW,A,THE,for,for,-42.266334533691406,"[-2.831917, -9.9436455, -9.358016, -6.2421145, -4.949153, -7.495892, -1.445596]"
a worker promised a beer to him .,the adult saved the tea for it .,PD,PD,PROMISE,SAVE,A,THE,to,for,-45.21669006347656,"[-2.9139295, -10.073706, -12.07326, -1.2181187, -8.355627, -3.3861089, -6.4007707, -0.7951677]"
a worker promised a beer to him .,the adult saved it the tea .,PD,DO,PROMISE,SAVE,A,THE,to,for,-45.476341247558594,"[-2.9139295, -10.073706, -12.07326, -3.4807634, -6.234357, -9.8493185, -0.85100615]"
a worker promised a beer to him .,the champion threw the engine to me .,PD,PD,PROMISE,THROW,A,THE,to,to,-43.93357467651367,"[-2.9139295, -10.177911, -9.221153, -2.3971646, -10.539572, -2.5785165, -5.210666, -0.894661]"
a worker promised a beer to him .,the champion threw me the engine .,PD,DO,PROMISE,THROW,A,THE,to,to,-45.51698684692383,"[-2.9139295, -10.177911, -9.221153, -6.833662, -2.9805899, -12.278103, -1.1116385]"
a worker promised a beer to it .,the parent brought the chocolate to you .,PD,PD,PROMISE,BRING,A,THE,to,to,-37.199729919433594,"[-2.8687298, -8.936112, -9.242223, -1.997422, -7.3075666, -1.366673, -4.786398, -0.6946045]"
a worker promised a beer to it .,the parent brought you the chocolate .,PD,DO,PROMISE,BRING,A,THE,to,to,-36.75151824951172,"[-2.8687298, -8.936112, -9.242223, -5.049637, -1.8418645, -7.238415, -1.5745374]"
a worker promised a beer to us .,the administration designed the cigarette for me .,PD,PD,PROMISE,DESIGN,A,THE,to,for,-42.535465240478516,"[-2.9054842, -7.882989, -10.300926, -0.768204, -10.403482, -4.361197, -4.97592, -0.93726313]"
a worker promised a beer to us .,the administration designed me the cigarette .,PD,DO,PROMISE,DESIGN,A,THE,to,for,-43.47027587890625,"[-2.9054842, -7.882989, -10.300926, -8.660442, -3.7485871, -8.830416, -1.1414304]"
a worker promised a cheese to it .,the mother sent the juice to you .,PD,PD,PROMISE,SEND,A,THE,to,to,-36.67559814453125,"[-2.8943977, -7.1574445, -7.6704583, -1.6319343, -9.436722, -0.43200833, -6.6655064, -0.78712523]"
a worker promised a cheese to it .,the mother sent you the juice .,PD,DO,PROMISE,SEND,A,THE,to,to,-35.87928771972656,"[-2.8943977, -7.1574445, -7.6704583, -6.210988, -2.4155092, -8.296451, -1.2340413]"
a worker promised a cheese to me .,the daughter took the engine to them .,PD,PD,PROMISE,TAKE,A,THE,to,to,-43.24391555786133,"[-2.9222455, -9.130306, -8.671673, -1.8704108, -9.786871, -1.4180213, -8.369457, -1.0749314]"
a worker promised a cheese to me .,the daughter took them the engine .,PD,DO,PROMISE,TAKE,A,THE,to,to,-44.10981369018555,"[-2.9222455, -9.130306, -8.671673, -5.727642, -5.6838126, -10.286946, -1.6871892]"
a worker promised a chocolate to him .,the teacher caught the wire for it .,PD,PD,PROMISE,CATCH,A,THE,to,for,-43.44325256347656,"[-2.913665, -8.8652935, -7.587061, -2.4793956, -10.796133, -4.4010096, -5.389331, -1.0113653]"
a worker promised a chocolate to him .,the teacher caught it the wire .,PD,DO,PROMISE,CATCH,A,THE,to,for,-43.34944534301758,"[-2.913665, -8.8652935, -7.587061, -5.2924128, -6.921863, -10.791144, -0.9780059]"
a worker promised a chocolate to us .,the employee threw the tea to you .,PD,PD,PROMISE,THROW,A,THE,to,to,-35.04728698730469,"[-2.897637, -8.920179, -8.177026, -1.3689508, -5.48413, -2.0591366, -5.429435, -0.7107943]"
a worker promised a chocolate to us .,the employee threw you the tea .,PD,DO,PROMISE,THROW,A,THE,to,to,-38.275291442871094,"[-2.897637, -8.920179, -8.177026, -7.4377594, -3.0318289, -6.749374, -1.0614843]"
a worker promised a jacket to you .,the soldier bought the candy for me .,PD,PD,PROMISE,BUY,A,THE,to,for,-37.25772476196289,"[-2.927177, -9.211178, -7.9816055, -1.3195889, -9.43969, -2.2256649, -3.1244538, -1.0283673]"
a worker promised a jacket to you .,the soldier bought me the candy .,PD,DO,PROMISE,BUY,A,THE,to,for,-38.938194274902344,"[-2.927177, -9.211178, -7.9816055, -5.9122906, -3.3316796, -8.257046, -1.3172175]"
a worker promised him a beer .,the adult saved the tea for it .,DO,PD,PROMISE,SAVE,A,THE,to,for,-45.98169708251953,"[-2.9314222, -10.076645, -11.803483, -1.6543742, -8.732113, -3.6668425, -6.3689747, -0.74784195]"
a worker promised him a beer .,the adult saved it the tea .,DO,DO,PROMISE,SAVE,A,THE,to,for,-46.045166015625,"[-2.9314222, -10.076645, -11.803483, -3.5812101, -6.496061, -10.523279, -0.63306385]"
a worker promised him a beer .,the champion threw the engine to me .,DO,PD,PROMISE,THROW,A,THE,to,to,-45.15062713623047,"[-2.9314222, -10.118676, -9.381937, -2.5414257, -10.673154, -3.0789356, -5.484797, -0.94027936]"
a worker promised him a beer .,the champion threw me the engine .,DO,DO,PROMISE,THROW,A,THE,to,to,-46.25341033935547,"[-2.9314222, -10.118676, -9.381937, -6.5225563, -3.3660204, -13.00553, -0.9272679]"
a worker promised him a chocolate .,the teacher caught the wire for it .,DO,PD,PROMISE,CATCH,A,THE,to,for,-42.733299255371094,"[-2.9175696, -8.777763, -7.623216, -2.0230124, -10.78023, -4.798858, -4.934086, -0.87856513]"
a worker promised him a chocolate .,the teacher caught it the wire .,DO,DO,PROMISE,CATCH,A,THE,to,for,-43.30235290527344,"[-2.9175696, -8.777763, -7.623216, -4.792551, -6.593512, -11.706248, -0.8914906]"
a worker promised it a beer .,the parent brought the chocolate to you .,DO,PD,PROMISE,BRING,A,THE,to,to,-37.408531188964844,"[-2.8840647, -9.001674, -9.245895, -2.0290067, -7.205972, -2.1361651, -4.347567, -0.55818653]"
a worker promised it a beer .,the parent brought you the chocolate .,DO,DO,PROMISE,BRING,A,THE,to,to,-35.41933822631836,"[-2.8840647, -9.001674, -9.245895, -4.754816, -1.7339168, -6.7397213, -1.0592493]"
a worker promised it a cheese .,the mother sent the juice to you .,DO,PD,PROMISE,SEND,A,THE,to,to,-36.57577133178711,"[-2.903474, -7.2705765, -7.394937, -1.7252493, -9.2149, -0.96499336, -6.3982906, -0.70335215]"
a worker promised it a cheese .,the mother sent you the juice .,DO,DO,PROMISE,SEND,A,THE,to,to,-33.878562927246094,"[-2.903474, -7.2705765, -7.394937, -5.581258, -2.3161368, -7.5685916, -0.8435857]"
a worker promised me a cheese .,the daughter took the engine to them .,DO,PD,PROMISE,TAKE,A,THE,to,to,-43.475521087646484,"[-2.9362857, -9.058924, -8.205428, -2.03169, -9.402636, -2.0712502, -8.700621, -1.0686874]"
a worker promised me a cheese .,the daughter took them the engine .,DO,DO,PROMISE,TAKE,A,THE,to,to,-43.075077056884766,"[-2.9362857, -9.058924, -8.205428, -5.5740576, -5.6780024, -10.416431, -1.205949]"
a worker promised us a beer .,the administration designed the cigarette for me .,DO,PD,PROMISE,DESIGN,A,THE,to,for,-42.68126678466797,"[-2.916052, -7.944857, -10.162669, -0.87791693, -10.452978, -4.4872303, -4.9249196, -0.9146421]"
a worker promised us a beer .,the administration designed me the cigarette .,DO,DO,PROMISE,DESIGN,A,THE,to,for,-41.16077423095703,"[-2.916052, -7.944857, -10.162669, -7.83847, -3.7134886, -7.902198, -0.68303895]"
a worker promised us a chocolate .,the employee threw the tea to you .,DO,PD,PROMISE,THROW,A,THE,to,to,-36.795372009277344,"[-2.896634, -8.881597, -8.037655, -1.61044, -5.7414722, -3.2306695, -5.687686, -0.70921576]"
a worker promised us a chocolate .,the employee threw you the tea .,DO,DO,PROMISE,THROW,A,THE,to,to,-36.89468765258789,"[-2.896634, -8.881597, -8.037655, -6.3991404, -3.2250526, -6.8157496, -0.6388606]"
a worker promised you a jacket .,the soldier bought the candy for me .,DO,PD,PROMISE,BUY,A,THE,to,for,-38.089195251464844,"[-2.948483, -9.325384, -7.739599, -1.6155068, -9.305955, -2.5990825, -3.5524583, -1.0027297]"
a worker promised you a jacket .,the soldier bought me the candy .,DO,DO,PROMISE,BUY,A,THE,to,for,-37.91848373413086,"[-2.948483, -9.325384, -7.739599, -5.0164886, -3.6760254, -8.148941, -1.0635632]"
a worker purchased a beer for him .,the mayor sold the pot to you .,PD,PD,PURCHASE,SELL,A,THE,for,to,-38.033729553222656,"[-2.8930244, -6.9420652, -10.195418, -1.6138909, -7.54212, -1.1337994, -7.120975, -0.5924378]"
a worker purchased a beer for him .,the mayor sold you the pot .,PD,DO,PURCHASE,SELL,A,THE,for,to,-37.177032470703125,"[-2.8930244, -6.9420652, -10.195418, -6.9605494, -2.7435365, -6.6651144, -0.7773269]"
a worker purchased a bell for me .,the uncle made the iron for you .,PD,PD,PURCHASE,MAKE,A,THE,for,for,-42.67972183227539,"[-2.9093695, -10.796133, -7.3396306, -1.8979579, -10.339586, -4.6819563, -4.112015, -0.603071]"
a worker purchased a bell for me .,the uncle made you the iron .,PD,DO,PURCHASE,MAKE,A,THE,for,for,-43.58588409423828,"[-2.9093695, -10.796133, -7.3396306, -6.2059774, -3.9198408, -10.744268, -1.6706666]"
a worker purchased a candy for it .,the adult drew the bell for you .,PD,PD,PURCHASE,DRAW,A,THE,for,for,-45.326438903808594,"[-2.8977141, -9.887756, -9.86322, -2.8180935, -9.060345, -2.5658798, -7.343903, -0.8895248]"
a worker purchased a candy for it .,the adult drew you the bell .,PD,DO,PURCHASE,DRAW,A,THE,for,for,-47.019927978515625,"[-2.8977141, -9.887756, -9.86322, -8.655738, -4.0517483, -10.586781, -1.0769691]"
a worker purchased a coffee for me .,the girl showed the plate to you .,PD,PD,PURCHASE,SHOW,A,THE,for,to,-39.30995178222656,"[-2.9036477, -8.030836, -7.0648775, -3.5502255, -9.426176, -1.1048458, -6.6255217, -0.6038217]"
a worker purchased a coffee for me .,the girl showed you the plate .,PD,DO,PURCHASE,SHOW,A,THE,for,to,-36.33551788330078,"[-2.9036477, -8.030836, -7.0648775, -5.7033677, -1.9585541, -9.29698, -1.3772522]"
a worker purchased a coffee for me .,the king fed the chicken to you .,PD,PD,PURCHASE,FEED,A,THE,for,to,-38.79895782470703,"[-2.9036477, -8.386671, -10.673279, -1.6314168, -5.6175103, -2.0497134, -6.8593683, -0.67735094]"
a worker purchased a coffee for me .,the king fed you the chicken .,PD,DO,PURCHASE,FEED,A,THE,for,to,-36.394107818603516,"[-2.9036477, -8.386671, -10.673279, -4.809157, -2.9884288, -5.495627, -1.1372977]"
a worker purchased a coffee for us .,the nurse fed the candy to you .,PD,PD,PURCHASE,FEED,A,THE,for,to,-41.66459655761719,"[-2.9023392, -9.747899, -10.162561, -1.48311, -8.877117, -1.2351114, -6.6673326, -0.5891237]"
a worker purchased a coffee for us .,the nurse fed you the candy .,PD,DO,PURCHASE,FEED,A,THE,for,to,-37.45869827270508,"[-2.9023392, -9.747899, -10.162561, -4.756415, -2.7374897, -6.1043396, -1.0476556]"
a worker purchased a key for you .,the nurse threw the engine to us .,PD,PD,PURCHASE,THROW,A,THE,for,to,-46.03805160522461,"[-2.8653243, -10.129961, -8.938991, -1.6763585, -10.143967, -3.6024735, -7.871036, -0.809943]"
a worker purchased a key for you .,the nurse threw us the engine .,PD,DO,PURCHASE,THROW,A,THE,for,to,-45.73365783691406,"[-2.8653243, -10.129961, -8.938991, -7.218087, -2.683114, -12.59571, -1.302471]"
a worker purchased him a beer .,the mayor sold the pot to you .,DO,PD,PURCHASE,SELL,A,THE,for,to,-38.462501525878906,"[-2.9488418, -7.019327, -9.639224, -2.1899757, -8.050497, -1.125037, -6.9783096, -0.5112916]"
a worker purchased him a beer .,the mayor sold you the pot .,DO,DO,PURCHASE,SELL,A,THE,for,to,-35.184146881103516,"[-2.9488418, -7.019327, -9.639224, -5.3677654, -2.9194915, -6.784695, -0.50480044]"
a worker purchased it a candy .,the adult drew the bell for you .,DO,PD,PURCHASE,DRAW,A,THE,for,for,-45.70098876953125,"[-2.9171922, -9.918758, -9.829809, -2.7761154, -8.279813, -3.727103, -7.3850093, -0.8671887]"
a worker purchased it a candy .,the adult drew you the bell .,DO,DO,PURCHASE,DRAW,A,THE,for,for,-44.980064392089844,"[-2.9171922, -9.918758, -9.829809, -8.632101, -3.229923, -9.620662, -0.8316177]"
a worker purchased me a bell .,the uncle made the iron for you .,DO,PD,PURCHASE,MAKE,A,THE,for,for,-43.459190368652344,"[-2.9642057, -10.797871, -6.9266243, -2.3951101, -9.937318, -5.3925204, -4.2429504, -0.80259234]"
a worker purchased me a bell .,the uncle made you the iron .,DO,DO,PURCHASE,MAKE,A,THE,for,for,-42.162662506103516,"[-2.9642057, -10.797871, -6.9266243, -5.4102182, -4.434332, -9.949288, -1.6801267]"
a worker purchased me a coffee .,the girl showed the plate to you .,DO,PD,PURCHASE,SHOW,A,THE,for,to,-40.3182487487793,"[-2.9470248, -8.010755, -7.037469, -4.1244483, -9.494223, -1.2866455, -6.8036447, -0.6140395]"
a worker purchased me a coffee .,the girl showed you the plate .,DO,DO,PURCHASE,SHOW,A,THE,for,to,-36.119041442871094,"[-2.9470248, -8.010755, -7.037469, -5.928083, -2.0136933, -9.053471, -1.1285484]"
a worker purchased me a coffee .,the king fed the chicken to you .,DO,PD,PURCHASE,FEED,A,THE,for,to,-40.624717712402344,"[-2.9470248, -8.386171, -10.377997, -2.1230004, -6.2291994, -2.5701313, -7.315249, -0.67594576]"
a worker purchased me a coffee .,the king fed you the chicken .,DO,DO,PURCHASE,FEED,A,THE,for,to,-36.4904670715332,"[-2.9470248, -8.386171, -10.377997, -4.782959, -3.4270203, -5.697707, -0.87158597]"
a worker purchased us a coffee .,the nurse fed the candy to you .,DO,PD,PURCHASE,FEED,A,THE,for,to,-43.34345626831055,"[-2.940408, -9.82295, -9.875449, -2.297958, -9.315097, -1.4393816, -7.064367, -0.5878468]"
a worker purchased us a coffee .,the nurse fed you the candy .,DO,DO,PURCHASE,FEED,A,THE,for,to,-36.747154235839844,"[-2.940408, -9.82295, -9.875449, -4.372107, -2.8818765, -6.095063, -0.7592998]"
a worker purchased you a key .,the nurse threw the engine to us .,DO,PD,PURCHASE,THROW,A,THE,for,to,-44.67605972290039,"[-2.8898447, -10.164633, -8.516817, -1.704797, -10.045756, -3.5953865, -6.948476, -0.81034875]"
a worker purchased you a key .,the nurse threw us the engine .,DO,DO,PURCHASE,THROW,A,THE,for,to,-43.280799865722656,"[-2.8898447, -10.164633, -8.516817, -6.0734844, -2.4037056, -12.176818, -1.0554973]"
a worker saved a book for them .,the opponent sold the iron to you .,PD,PD,SAVE,SELL,A,THE,for,to,-44.83502960205078,"[-2.8650327, -10.589426, -9.342476, -1.6424367, -10.284927, -2.4565928, -6.8968463, -0.75729275]"
a worker saved a book for them .,the opponent sold you the iron .,PD,DO,SAVE,SELL,A,THE,for,to,-43.23533630371094,"[-2.8650327, -10.589426, -9.342476, -6.0537014, -2.527734, -10.78559, -1.0713758]"
a worker saved a book for us .,the princess drew the telephone for you .,PD,PD,SAVE,DRAW,A,THE,for,for,-44.72636413574219,"[-2.8642905, -10.58535, -8.879988, -2.4593124, -10.790603, -3.244513, -5.257988, -0.64431876]"
a worker saved a book for us .,the princess drew you the telephone .,PD,DO,SAVE,DRAW,A,THE,for,for,-47.22638702392578,"[-2.8642905, -10.58535, -8.879988, -7.2150154, -5.099043, -11.537771, -1.0449303]"
a worker saved a book for you .,the bishop threw the tea to it .,PD,PD,SAVE,THROW,A,THE,for,to,-45.649070739746094,"[-2.8558881, -10.147331, -10.777483, -2.0604815, -8.44227, -3.2002826, -7.114344, -1.0509896]"
a worker saved a book for you .,the bishop threw it the tea .,PD,DO,SAVE,THROW,A,THE,for,to,-47.82640075683594,"[-2.8558881, -10.147331, -10.777483, -5.17608, -5.7610497, -11.629111, -1.4794569]"
a worker saved a cigarette for it .,the mayor gave the juice to me .,PD,PD,SAVE,GIVE,A,THE,for,to,-39.539710998535156,"[-2.9108417, -6.8410654, -7.123957, -1.8787063, -12.358803, -0.2545638, -7.2318892, -0.9398863]"
a worker saved a cigarette for it .,the mayor gave me the juice .,PD,DO,SAVE,GIVE,A,THE,for,to,-35.339752197265625,"[-2.9108417, -6.8410654, -7.123957, -5.84524, -2.0847602, -9.345316, -1.1885715]"
a worker saved a cigarette for me .,the buddy kept the chicken for it .,PD,PD,SAVE,KEEP,A,THE,for,for,-47.12908172607422,"[-2.9093373, -12.933565, -8.326413, -2.754766, -7.0362387, -3.3152764, -8.7599, -1.0935868]"
a worker saved a cigarette for me .,the buddy kept it the chicken .,PD,DO,SAVE,KEEP,A,THE,for,for,-46.37152099609375,"[-2.9093373, -12.933565, -8.326413, -4.310145, -6.0349245, -10.52414, -1.3329917]"
a worker saved a cigarette for us .,the teacher supplied the cup to me .,PD,PD,SAVE,SUPPLY,A,THE,for,to,-36.98720932006836,"[-2.9094858, -8.696914, -10.258126, -1.6516293, -8.165444, -2.0709655, -2.284573, -0.95007205]"
a worker saved a cigarette for us .,the teacher supplied me the cup .,PD,DO,SAVE,SUPPLY,A,THE,for,to,-38.1300163269043,"[-2.9094858, -8.696914, -10.258126, -3.218667, -3.8828712, -6.941544, -2.2224073]"
a worker saved it a cigarette .,the mayor gave the juice to me .,DO,PD,SAVE,GIVE,A,THE,for,to,-38.58363342285156,"[-2.9057221, -7.1551766, -6.8194294, -1.9414492, -12.357983, -0.6518904, -5.632428, -1.1195549]"
a worker saved it a cigarette .,the mayor gave me the juice .,DO,DO,SAVE,GIVE,A,THE,for,to,-34.46647262573242,"[-2.9057221, -7.1551766, -6.8194294, -5.385255, -2.2610703, -8.837554, -1.1022663]"
a worker saved me a cigarette .,the buddy kept the chicken for it .,DO,PD,SAVE,KEEP,A,THE,for,for,-47.672813415527344,"[-2.9268703, -12.780333, -8.137532, -3.306341, -7.2182207, -4.414903, -7.833501, -1.0551136]"
a worker saved me a cigarette .,the buddy kept it the chicken .,DO,DO,SAVE,KEEP,A,THE,for,for,-45.64691925048828,"[-2.9268703, -12.780333, -8.137532, -4.6855516, -6.3277235, -9.456586, -1.3323247]"
a worker saved them a book .,the opponent sold the iron to you .,DO,PD,SAVE,SELL,A,THE,for,to,-42.70331573486328,"[-2.8801265, -10.429803, -9.293034, -1.7491224, -10.124545, -2.3229103, -5.137275, -0.7665]"
a worker saved them a book .,the opponent sold you the iron .,DO,DO,SAVE,SELL,A,THE,for,to,-40.59498596191406,"[-2.8801265, -10.429803, -9.293034, -4.1880894, -2.3921704, -10.376099, -1.0356672]"
a worker saved us a book .,the princess drew the telephone for you .,DO,PD,SAVE,DRAW,A,THE,for,for,-45.12221908569336,"[-2.8639197, -10.388957, -8.926623, -2.4691668, -10.551994, -4.237412, -4.997705, -0.6864428]"
a worker saved us a book .,the princess drew you the telephone .,DO,DO,SAVE,DRAW,A,THE,for,for,-43.81328582763672,"[-2.8639197, -10.388957, -8.926623, -6.0621996, -3.8904612, -10.822739, -0.85838425]"
a worker saved us a cigarette .,the teacher supplied the cup to me .,DO,PD,SAVE,SUPPLY,A,THE,for,to,-37.192230224609375,"[-2.9294264, -8.523695, -9.806982, -2.027151, -8.205294, -2.5139039, -2.2735684, -0.9122119]"
a worker saved us a cigarette .,the teacher supplied me the cup .,DO,DO,SAVE,SUPPLY,A,THE,for,to,-34.84123229980469,"[-2.9294264, -8.523695, -9.806982, -2.1902704, -3.3097453, -6.04787, -2.0332422]"
a worker saved you a book .,the bishop threw the tea to it .,DO,PD,SAVE,THROW,A,THE,for,to,-44.476497650146484,"[-2.8722968, -10.260204, -10.411451, -1.972826, -8.0019, -3.0089324, -6.9438753, -1.0050111]"
a worker saved you a book .,the bishop threw it the tea .,DO,DO,SAVE,THROW,A,THE,for,to,-45.99716567993164,"[-2.8722968, -10.260204, -10.411451, -4.4645195, -5.7674847, -10.929211, -1.2919973]"
a worker sent a candy to her .,the employer bought the pie for you .,PD,PD,SEND,BUY,A,THE,to,for,-41.71461868286133,"[-2.8765466, -9.807198, -8.928926, -1.028403, -11.514482, -2.2250228, -4.741464, -0.5925764]"
a worker sent a candy to her .,the employer bought you the pie .,PD,DO,SEND,BUY,A,THE,to,for,-41.52555847167969,"[-2.8765466, -9.807198, -8.928926, -7.266227, -3.2892187, -8.509461, -0.84798187]"
a worker sent a candy to us .,the attorney supplied the guitar to you .,PD,PD,SEND,SUPPLY,A,THE,to,to,-41.77924728393555,"[-2.8673913, -8.453964, -13.140405, -1.029611, -9.598073, -0.90322036, -5.3442726, -0.4423104]"
a worker sent a candy to us .,the attorney supplied you the guitar .,PD,DO,SEND,SUPPLY,A,THE,to,to,-45.54872131347656,"[-2.8673913, -8.453964, -13.140405, -5.798841, -4.5442767, -9.691787, -1.0520586]"
a worker sent a cheese to him .,the cousin gave the pie to us .,PD,PD,SEND,GIVE,A,THE,to,to,-39.34390640258789,"[-2.8737328, -11.429798, -8.150394, -2.2803907, -8.39616, -0.20158817, -5.4001436, -0.611699]"
a worker sent a cheese to him .,the cousin gave us the pie .,PD,DO,SEND,GIVE,A,THE,to,to,-36.928810119628906,"[-2.8737328, -11.429798, -8.150394, -4.4383955, -1.7673517, -7.436611, -0.832528]"
a worker sent a cheese to us .,the actor promised the box to you .,PD,PD,SEND,PROMISE,A,THE,to,to,-41.53704071044922,"[-2.8591123, -8.115288, -8.640066, -3.2001028, -8.512287, -3.1935205, -5.8963103, -1.1203558]"
a worker sent a cheese to us .,the actor promised you the box .,PD,DO,SEND,PROMISE,A,THE,to,to,-40.45366668701172,"[-2.8591123, -8.115288, -8.640066, -6.327648, -2.7232876, -8.843515, -2.944748]"
a worker sent a chocolate to us .,the boy bought the coat for them .,PD,PD,SEND,BUY,A,THE,to,for,-39.52044677734375,"[-2.8394601, -7.713472, -9.024593, -1.7544174, -8.861373, -2.2589626, -5.923099, -1.1450691]"
a worker sent a chocolate to us .,the boy bought them the coat .,PD,DO,SEND,BUY,A,THE,to,for,-39.829246520996094,"[-2.8394601, -7.713472, -9.024593, -5.338952, -3.8353548, -9.458131, -1.6192826]"
a worker sent a guitar to him .,the guest designed the crystal for them .,PD,PD,SEND,DESIGN,A,THE,to,for,-42.58672332763672,"[-2.8767352, -9.541193, -10.353891, -1.2900565, -9.373398, -3.3928213, -4.888873, -0.869757]"
a worker sent a guitar to him .,the guest designed them the crystal .,PD,DO,SEND,DESIGN,A,THE,to,for,-45.804168701171875,"[-2.8767352, -9.541193, -10.353891, -5.824048, -5.446423, -9.821133, -1.9407446]"
a worker sent a meal to her .,the manager designed the camera for you .,PD,PD,SEND,DESIGN,A,THE,to,for,-40.031219482421875,"[-2.8879714, -8.362076, -11.332659, -0.76552165, -7.9242306, -2.8019576, -5.3411913, -0.6156089]"
a worker sent a meal to her .,the manager designed you the camera .,PD,DO,SEND,DESIGN,A,THE,to,for,-43.584896087646484,"[-2.8879714, -8.362076, -11.332659, -7.200687, -3.9934106, -8.420785, -1.387308]"
a worker sent a meal to you .,the father bought the juice for him .,PD,PD,SEND,BUY,A,THE,to,for,-39.65087890625,"[-2.8795352, -7.6222367, -11.284651, -1.2342479, -10.044108, -2.4425156, -3.1468565, -0.9967288]"
a worker sent a meal to you .,the father bought him the juice .,PD,DO,SEND,BUY,A,THE,to,for,-38.36921310424805,"[-2.8795352, -7.6222367, -11.284651, -3.980603, -3.5012326, -7.7531614, -1.3477935]"
a worker sent her a candy .,the employer bought the pie for you .,DO,PD,SEND,BUY,A,THE,to,for,-41.34453582763672,"[-2.9010491, -9.681978, -8.735576, -0.90453076, -11.461789, -2.6510296, -4.3334775, -0.67510694]"
a worker sent her a candy .,the employer bought you the pie .,DO,DO,SEND,BUY,A,THE,to,for,-39.585205078125,"[-2.9010491, -9.681978, -8.735576, -6.0836554, -3.3544722, -8.135044, -0.69342774]"
a worker sent her a meal .,the manager designed the camera for you .,DO,PD,SEND,DESIGN,A,THE,to,for,-39.542781829833984,"[-2.9188023, -8.423819, -11.028699, -0.9537679, -7.609388, -2.7185965, -5.2013316, -0.68837816]"
a worker sent her a meal .,the manager designed you the camera .,DO,DO,SEND,DESIGN,A,THE,to,for,-42.3097038269043,"[-2.9188023, -8.423819, -11.028699, -6.280656, -4.095582, -8.378187, -1.1839577]"
a worker sent him a cheese .,the cousin gave the pie to us .,DO,PD,SEND,GIVE,A,THE,to,to,-41.5590934753418,"[-2.9154696, -11.391203, -8.282053, -3.219094, -9.129948, -0.44738877, -5.41001, -0.76392907]"
a worker sent him a cheese .,the cousin gave us the pie .,DO,DO,SEND,GIVE,A,THE,to,to,-36.74247360229492,"[-2.9154696, -11.391203, -8.282053, -4.2633643, -1.7760546, -7.4577026, -0.6566258]"
a worker sent him a guitar .,the guest designed the crystal for them .,DO,PD,SEND,DESIGN,A,THE,to,for,-43.410308837890625,"[-2.921841, -9.639069, -10.410214, -1.2782747, -9.5023, -3.4920058, -5.2923155, -0.87428963]"
a worker sent him a guitar .,the guest designed them the crystal .,DO,DO,SEND,DESIGN,A,THE,to,for,-45.3095703125,"[-2.921841, -9.639069, -10.410214, -5.3744144, -5.6151404, -9.629116, -1.7197742]"
a worker sent us a candy .,the attorney supplied the guitar to you .,DO,PD,SEND,SUPPLY,A,THE,to,to,-44.0522346496582,"[-2.8955696, -8.478027, -12.838911, -1.4984865, -9.390213, -2.0298667, -6.284371, -0.6367879]"
a worker sent us a candy .,the attorney supplied you the guitar .,DO,DO,SEND,SUPPLY,A,THE,to,to,-43.8382453918457,"[-2.8955696, -8.478027, -12.838911, -5.5445747, -4.6978207, -8.502176, -0.88116574]"
a worker sent us a cheese .,the actor promised the box to you .,DO,PD,SEND,PROMISE,A,THE,to,to,-43.08753204345703,"[-2.891032, -8.025651, -8.455364, -3.2616804, -8.439138, -3.9780521, -6.5961337, -1.4404795]"
a worker sent us a cheese .,the actor promised you the box .,DO,DO,SEND,PROMISE,A,THE,to,to,-39.19626998901367,"[-2.891032, -8.025651, -8.455364, -6.031835, -3.017088, -8.610663, -2.1646361]"
a worker sent us a chocolate .,the boy bought the coat for them .,DO,PD,SEND,BUY,A,THE,to,for,-40.506954193115234,"[-2.8660212, -7.7349367, -8.942817, -1.6620712, -8.750071, -2.2636218, -6.7109513, -1.5764652]"
a worker sent us a chocolate .,the boy bought them the coat .,DO,DO,SEND,BUY,A,THE,to,for,-40.36941909790039,"[-2.8660212, -7.7349367, -8.942817, -5.0382423, -4.1544137, -10.115925, -1.5170648]"
a worker sent you a meal .,the father bought the juice for him .,DO,PD,SEND,BUY,A,THE,to,for,-41.204490661621094,"[-2.9102879, -7.8909073, -10.858342, -1.2668829, -11.260012, -2.398096, -3.4676108, -1.1523492]"
a worker sent you a meal .,the father bought him the juice .,DO,DO,SEND,BUY,A,THE,to,for,-37.82917022705078,"[-2.9102879, -7.8909073, -10.858342, -3.3484106, -3.7367218, -7.9538827, -1.1306173]"
a worker showed a chocolate to it .,the aunt delivered the chicken for you .,PD,PD,SHOW,DELIVER,A,THE,to,for,-46.62272644042969,"[-2.8080842, -11.314661, -11.76457, -1.1861782, -8.902484, -4.6477466, -5.2837787, -0.71522456]"
a worker showed a chocolate to it .,the aunt delivered you the chicken .,PD,DO,SHOW,DELIVER,A,THE,to,for,-44.733612060546875,"[-2.8080842, -11.314661, -11.76457, -8.649802, -1.8247595, -7.420947, -0.95078737]"
a worker showed a chocolate to me .,the guest took the camera to it .,PD,PD,SHOW,TAKE,A,THE,to,to,-39.461463928222656,"[-2.8036253, -9.556082, -8.326616, -1.6821797, -6.3855834, -1.4760313, -7.576398, -1.6549491]"
a worker showed a chocolate to me .,the guest took it the camera .,PD,DO,SHOW,TAKE,A,THE,to,to,-41.58380126953125,"[-2.8036253, -9.556082, -8.326616, -4.137559, -5.330226, -8.964662, -2.4650335]"
a worker showed a chocolate to them .,the band designed the bell for him .,PD,PD,SHOW,DESIGN,A,THE,to,for,-38.90788269042969,"[-2.811736, -7.6004925, -9.567886, -0.8224509, -9.233578, -3.0472908, -4.7150545, -1.1093953]"
a worker showed a chocolate to them .,the band designed him the bell .,PD,DO,SHOW,DESIGN,A,THE,to,for,-43.88397216796875,"[-2.811736, -7.6004925, -9.567886, -7.4200354, -4.7531595, -10.219053, -1.5116096]"
a worker showed a glass to it .,the author bought the card for us .,PD,PD,SHOW,BUY,A,THE,to,for,-39.87882995605469,"[-2.8183908, -7.2812734, -9.934407, -1.4447812, -6.5201507, -2.6152408, -7.5874314, -1.6771556]"
a worker showed a glass to it .,the author bought us the card .,PD,DO,SHOW,BUY,A,THE,to,for,-40.46421813964844,"[-2.8183908, -7.2812734, -9.934407, -9.29754, -3.1608768, -6.4661117, -1.5056221]"
a worker showed a meal to you .,the lawyer supplied the plate to us .,PD,PD,SHOW,SUPPLY,A,THE,to,to,-40.420433044433594,"[-2.828191, -8.835239, -11.068472, -1.1391048, -10.184939, -1.2359325, -4.5343957, -0.5941602]"
a worker showed a meal to you .,the lawyer supplied us the plate .,PD,DO,SHOW,SUPPLY,A,THE,to,to,-41.94805908203125,"[-2.828191, -8.835239, -11.068472, -4.3705273, -3.7598114, -9.6826315, -1.4031874]"
a worker showed it a chocolate .,the aunt delivered the chicken for you .,DO,PD,SHOW,DELIVER,A,THE,to,for,-45.11051559448242,"[-2.8222895, -11.622128, -11.068437, -1.116221, -7.37271, -4.5167246, -5.9397826, -0.65222424]"
a worker showed it a chocolate .,the aunt delivered you the chicken .,DO,DO,SHOW,DELIVER,A,THE,to,for,-42.40484619140625,"[-2.8222895, -11.622128, -11.068437, -7.7606273, -2.0333028, -6.3630943, -0.7349701]"
a worker showed it a glass .,the author bought the card for us .,DO,PD,SHOW,BUY,A,THE,to,for,-39.229469299316406,"[-2.832384, -7.2989254, -10.006992, -1.5224588, -6.1867204, -2.53856, -7.1957717, -1.6476568]"
a worker showed it a glass .,the author bought us the card .,DO,DO,SHOW,BUY,A,THE,to,for,-39.754722595214844,"[-2.832384, -7.2989254, -10.006992, -8.709051, -3.1342845, -6.395511, -1.3775728]"
a worker showed me a chocolate .,the guest took the camera to it .,DO,PD,SHOW,TAKE,A,THE,to,to,-39.54585647583008,"[-2.8265047, -9.471813, -8.260582, -1.8437127, -5.9375925, -1.9609933, -7.770299, -1.4743594]"
a worker showed me a chocolate .,the guest took it the camera .,DO,DO,SHOW,TAKE,A,THE,to,to,-40.534629821777344,"[-2.8265047, -9.471813, -8.260582, -4.0350084, -5.3871384, -8.807714, -1.7458673]"
a worker showed them a chocolate .,the band designed the bell for him .,DO,PD,SHOW,DESIGN,A,THE,to,for,-39.74150848388672,"[-2.8116684, -7.611523, -9.530044, -0.76774865, -9.43912, -3.2550154, -5.349167, -0.9772228]"
a worker showed them a chocolate .,the band designed him the bell .,DO,DO,SHOW,DESIGN,A,THE,to,for,-43.54676055908203,"[-2.8116684, -7.611523, -9.530044, -7.4755783, -4.777634, -10.3554535, -0.98486143]"
a worker showed you a meal .,the lawyer supplied the plate to us .,DO,PD,SHOW,SUPPLY,A,THE,to,to,-43.869476318359375,"[-2.8550022, -8.858469, -11.346432, -1.291891, -10.506459, -2.0425467, -6.334679, -0.6339966]"
a worker showed you a meal .,the lawyer supplied us the plate .,DO,DO,SHOW,SUPPLY,A,THE,to,to,-41.24495315551758,"[-2.8550022, -8.858469, -11.346432, -4.2647724, -3.5776021, -9.335087, -1.0075886]"
a worker sold a box to us .,the buddy supplied the tea to me .,PD,PD,SELL,SUPPLY,A,THE,to,to,-41.33058547973633,"[-2.8380299, -13.345105, -11.110301, -1.6301888, -8.940496, -2.016245, -0.70465547, -0.7455621]"
a worker sold a box to us .,the buddy supplied me the tea .,PD,DO,SELL,SUPPLY,A,THE,to,to,-41.54359436035156,"[-2.8380299, -13.345105, -11.110301, -1.6971797, -2.8546426, -8.3495865, -1.3487495]"
a worker sold a chicken to her .,the reader caught the guitar for you .,PD,PD,SELL,CATCH,A,THE,to,for,-46.58338165283203,"[-2.8500566, -9.613537, -9.39332, -1.2739974, -12.588654, -5.228837, -5.0140595, -0.62092465]"
a worker sold a chicken to her .,the reader caught you the guitar .,PD,DO,SELL,CATCH,A,THE,to,for,-48.73511505126953,"[-2.8500566, -9.613537, -9.39332, -6.8816814, -5.3374186, -13.210316, -1.4487885]"
a worker sold a chocolate to him .,the nurse drew the log for them .,PD,PD,SELL,DRAW,A,THE,to,for,-44.728057861328125,"[-2.8463736, -9.99342, -7.838069, -2.4820971, -10.91277, -3.6986406, -6.0869703, -0.8697195]"
a worker sold a chocolate to him .,the nurse drew them the log .,PD,DO,SELL,DRAW,A,THE,to,for,-44.52887725830078,"[-2.8463736, -9.99342, -7.838069, -7.319864, -4.6643343, -10.317647, -1.5491732]"
a worker sold a coffee to me .,the brother bought the bowl for them .,PD,PD,SELL,BUY,A,THE,to,for,-45.32012939453125,"[-2.8522809, -9.465834, -11.852417, -1.1585951, -9.579376, -2.915794, -6.3430295, -1.1528045]"
a worker sold a coffee to me .,the brother bought them the bowl .,PD,DO,SELL,BUY,A,THE,to,for,-43.621055603027344,"[-2.8522809, -9.465834, -11.852417, -5.539054, -3.8558362, -8.340078, -1.7155573]"
a worker sold a coffee to them .,the husband made the motor for me .,PD,PD,SELL,MAKE,A,THE,to,for,-43.06962966918945,"[-2.8409512, -8.952793, -7.5930824, -1.2411114, -11.589298, -5.1265793, -4.372389, -1.3534265]"
a worker sold a coffee to them .,the husband made me the motor .,PD,DO,SELL,MAKE,A,THE,to,for,-41.23719024658203,"[-2.8409512, -8.952793, -7.5930824, -5.6275954, -3.2840946, -10.592485, -2.3461895]"
a worker sold a computer to me .,the king sent the tea to you .,PD,PD,SELL,SEND,A,THE,to,to,-37.65167999267578,"[-2.8545344, -8.336378, -6.9939694, -2.1733165, -9.818888, -1.034937, -5.701008, -0.7386473]"
a worker sold a computer to me .,the king sent you the tea .,PD,DO,SELL,SEND,A,THE,to,to,-34.90958023071289,"[-2.8545344, -8.336378, -6.9939694, -5.44012, -2.3410614, -8.112381, -0.8311356]"
a worker sold her a chicken .,the reader caught the guitar for you .,DO,PD,SELL,CATCH,A,THE,to,for,-46.61631774902344,"[-2.8649254, -9.581222, -9.123254, -1.5427628, -12.319531, -5.3527646, -5.240241, -0.5916145]"
a worker sold her a chicken .,the reader caught you the guitar .,DO,DO,SELL,CATCH,A,THE,to,for,-48.29035186767578,"[-2.8649254, -9.581222, -9.123254, -6.748193, -5.3100367, -13.324236, -1.338489]"
a worker sold him a chocolate .,the nurse drew the log for them .,DO,PD,SELL,DRAW,A,THE,to,for,-45.375240325927734,"[-2.893509, -9.917845, -7.7310867, -2.6348662, -11.297258, -3.6971312, -6.2803144, -0.92322874]"
a worker sold him a chocolate .,the nurse drew them the log .,DO,DO,SELL,DRAW,A,THE,to,for,-44.20730209350586,"[-2.893509, -9.917845, -7.7310867, -7.0898175, -4.5349846, -11.047041, -0.99301803]"
a worker sold me a coffee .,the brother bought the bowl for them .,DO,PD,SELL,BUY,A,THE,to,for,-45.67933654785156,"[-2.880663, -9.344254, -11.67496, -1.7065121, -9.8293705, -2.8831682, -6.2592344, -1.1011752]"
a worker sold me a coffee .,the brother bought them the bowl .,DO,DO,SELL,BUY,A,THE,to,for,-42.334022521972656,"[-2.880663, -9.344254, -11.67496, -5.0661616, -3.6860018, -8.458906, -1.2230761]"
a worker sold me a computer .,the king sent the tea to you .,DO,PD,SELL,SEND,A,THE,to,to,-39.39592742919922,"[-2.8719366, -8.320507, -6.8987355, -2.372209, -10.070469, -1.7949462, -6.297666, -0.7694591]"
a worker sold me a computer .,the king sent you the tea .,DO,DO,SELL,SEND,A,THE,to,to,-35.25820541381836,"[-2.8719366, -8.320507, -6.8987355, -4.8759074, -3.267816, -8.522408, -0.50089556]"
a worker sold them a coffee .,the husband made the motor for me .,DO,PD,SELL,MAKE,A,THE,to,for,-43.258262634277344,"[-2.901404, -8.825172, -7.426316, -1.4427556, -11.006912, -5.701833, -4.6402717, -1.3136032]"
a worker sold them a coffee .,the husband made me the motor .,DO,DO,SELL,MAKE,A,THE,to,for,-39.56081771850586,"[-2.901404, -8.825172, -7.426316, -5.007556, -3.4522214, -9.930975, -2.0171733]"
a worker sold us a box .,the buddy supplied the tea to me .,DO,PD,SELL,SUPPLY,A,THE,to,to,-43.162086486816406,"[-2.8622332, -13.169466, -10.690257, -2.1272633, -8.880447, -3.2604895, -1.2870529, -0.88487744]"
a worker sold us a box .,the buddy supplied me the tea .,DO,DO,SELL,SUPPLY,A,THE,to,to,-41.206153869628906,"[-2.8622332, -13.169466, -10.690257, -1.4559262, -3.7427766, -8.307077, -0.97841454]"
a worker supplied a beer to him .,the friend took the motor to you .,PD,PD,SUPPLY,TAKE,A,THE,to,to,-43.72157287597656,"[-2.8525195, -10.195657, -7.7126036, -1.9133295, -9.369629, -2.8156695, -8.015499, -0.8466683]"
a worker supplied a beer to him .,the friend took you the motor .,PD,DO,SUPPLY,TAKE,A,THE,to,to,-45.62633514404297,"[-2.8525195, -10.195657, -7.7126036, -6.8499827, -6.6725893, -8.17, -3.1729817]"
a worker supplied a beer to us .,the lady threw the coffee to them .,PD,PD,SUPPLY,THROW,A,THE,to,to,-37.025611877441406,"[-2.8498654, -9.669254, -8.225509, -1.9906462, -4.7535305, -2.8896284, -5.9309087, -0.7162686]"
a worker supplied a beer to us .,the lady threw them the coffee .,PD,DO,SUPPLY,THROW,A,THE,to,to,-35.596858978271484,"[-2.8498654, -9.669254, -8.225509, -6.7003813, -3.2048035, -4.0283146, -0.918731]"
a worker supplied a cheese to us .,the employer fed the meal to you .,PD,PD,SUPPLY,FEED,A,THE,to,to,-36.858482360839844,"[-2.861414, -9.776285, -12.963175, -1.2567832, -5.3436785, -0.4575776, -3.5388556, -0.66071177]"
a worker supplied a cheese to us .,the employer fed you the meal .,PD,DO,SUPPLY,FEED,A,THE,to,to,-35.72611999511719,"[-2.861414, -9.776285, -12.963175, -2.836994, -2.377307, -3.8064296, -1.1045158]"
a worker supplied a salad to him .,the employer sent the flower to you .,PD,PD,SUPPLY,SEND,A,THE,to,to,-39.7890625,"[-2.884403, -9.661451, -7.396762, -2.187339, -11.147324, -0.52329516, -5.1034036, -0.8850846]"
a worker supplied a salad to him .,the employer sent you the flower .,PD,DO,SUPPLY,SEND,A,THE,to,to,-39.972145080566406,"[-2.884403, -9.661451, -7.396762, -4.449768, -2.995143, -10.833413, -1.7512026]"
a worker supplied a salad to him .,the reader caught the television for me .,PD,PD,SUPPLY,CATCH,A,THE,to,for,-44.86442565917969,"[-2.884403, -9.500246, -9.408987, -1.9348139, -8.830079, -5.8248196, -5.253631, -1.227443]"
a worker supplied a salad to him .,the reader caught me the television .,PD,DO,SUPPLY,CATCH,A,THE,to,for,-45.09770202636719,"[-2.884403, -9.500246, -9.408987, -2.1890798, -6.0735197, -11.802871, -3.2385929]"
a worker supplied a salad to it .,the kid bought the cigarette for you .,PD,PD,SUPPLY,BUY,A,THE,to,for,-42.04256057739258,"[-2.8683028, -10.267948, -8.274354, -2.146596, -8.051843, -4.3595705, -5.3968167, -0.6771283]"
a worker supplied a salad to it .,the kid bought you the cigarette .,PD,DO,SUPPLY,BUY,A,THE,to,for,-40.63823699951172,"[-2.8683028, -10.267948, -8.274354, -6.326313, -3.405326, -8.464384, -1.0316074]"
a worker supplied a salad to you .,the cousin gave the pie to us .,PD,PD,SUPPLY,GIVE,A,THE,to,to,-37.6104850769043,"[-2.8614104, -11.542823, -8.590256, -2.5600593, -7.7580233, -0.20887531, -3.4388928, -0.65014493]"
a worker supplied a salad to you .,the cousin gave us the pie .,PD,DO,SUPPLY,GIVE,A,THE,to,to,-36.574913024902344,"[-2.8614104, -11.542823, -8.590256, -3.3069646, -1.9997796, -7.19409, -1.07959]"
a worker supplied a tea to him .,the aunt made the television for it .,PD,PD,SUPPLY,MAKE,A,THE,to,for,-43.35139846801758,"[-2.8742042, -11.3245535, -7.71996, -2.2167962, -9.853842, -3.3070066, -5.082664, -0.97237283]"
a worker supplied a tea to him .,the aunt made it the television .,PD,DO,SUPPLY,MAKE,A,THE,to,for,-46.91520309448242,"[-2.8742042, -11.3245535, -7.71996, -3.5544522, -6.737352, -11.278462, -3.426217]"
a worker supplied a tea to me .,the hero delivered the salad for us .,PD,PD,SUPPLY,DELIVER,A,THE,to,for,-44.68498611450195,"[-2.8649576, -9.814398, -10.8096695, -1.5611857, -12.627514, -4.4418397, -1.897678, -0.6677445]"
a worker supplied a tea to me .,the hero delivered us the salad .,PD,DO,SUPPLY,DELIVER,A,THE,to,for,-43.33048629760742,"[-2.8649576, -9.814398, -10.8096695, -7.04963, -1.9789793, -9.601766, -1.2110841]"
a worker supplied a tea to me .,the princess promised the chicken to them .,PD,PD,SUPPLY,PROMISE,A,THE,to,to,-41.69142150878906,"[-2.8649576, -10.574558, -8.444296, -3.2719612, -9.405242, -1.3715127, -4.810026, -0.94886625]"
a worker supplied a tea to me .,the princess promised them the chicken .,PD,DO,SUPPLY,PROMISE,A,THE,to,to,-39.84125518798828,"[-2.8649576, -10.574558, -8.444296, -4.7006454, -2.6246958, -8.756841, -1.8752607]"
a worker supplied a tea to us .,the guest took the camera to it .,PD,PD,SUPPLY,TAKE,A,THE,to,to,-40.88801956176758,"[-2.86209, -9.157879, -8.513694, -1.8395815, -6.7007923, -1.8805681, -7.870183, -2.063229]"
a worker supplied a tea to us .,the guest took it the camera .,PD,DO,SUPPLY,TAKE,A,THE,to,to,-42.32326126098633,"[-2.86209, -9.157879, -8.513694, -4.5375776, -5.765707, -8.4403925, -3.0459223]"
a worker supplied him a beer .,the friend took the motor to you .,DO,PD,SUPPLY,TAKE,A,THE,to,to,-44.84209442138672,"[-2.9180593, -10.214486, -7.403924, -2.2906902, -9.019308, -3.3649273, -8.907336, -0.7233652]"
a worker supplied him a beer .,the friend took you the motor .,DO,DO,SUPPLY,TAKE,A,THE,to,to,-44.552513122558594,"[-2.9180593, -10.214486, -7.403924, -7.0897284, -6.588251, -7.684185, -2.653881]"
a worker supplied him a salad .,the employer sent the flower to you .,DO,PD,SUPPLY,SEND,A,THE,to,to,-42.65397644042969,"[-2.948695, -9.481694, -7.2992373, -2.707804, -11.422081, -1.4176043, -6.3064766, -1.0703821]"
a worker supplied him a salad .,the employer sent you the flower .,DO,DO,SUPPLY,SEND,A,THE,to,to,-39.67439651489258,"[-2.948695, -9.481694, -7.2992373, -5.450594, -2.779136, -10.301398, -1.4136426]"
a worker supplied him a salad .,the reader caught the television for me .,DO,PD,SUPPLY,CATCH,A,THE,to,for,-46.12605285644531,"[-2.948695, -9.662037, -9.311119, -2.2961433, -8.811897, -6.1307464, -5.5714035, -1.3940103]"
a worker supplied him a salad .,the reader caught me the television .,DO,DO,SUPPLY,CATCH,A,THE,to,for,-44.83401870727539,"[-2.948695, -9.662037, -9.311119, -1.9848421, -5.86126, -11.87808, -3.1879873]"
a worker supplied him a tea .,the aunt made the television for it .,DO,PD,SUPPLY,MAKE,A,THE,to,for,-43.98794937133789,"[-2.92118, -11.0706005, -7.97722, -2.101756, -9.387205, -4.236818, -5.2717304, -1.0214403]"
a worker supplied him a tea .,the aunt made it the television .,DO,DO,SUPPLY,MAKE,A,THE,to,for,-48.21589660644531,"[-2.92118, -11.0706005, -7.97722, -2.924984, -7.2601547, -11.658859, -4.402898]"
a worker supplied it a salad .,the kid bought the cigarette for you .,DO,PD,SUPPLY,BUY,A,THE,to,for,-42.90544509887695,"[-2.894302, -10.207727, -8.096213, -2.1583073, -8.362787, -4.3717055, -6.0827875, -0.7316136]"
a worker supplied it a salad .,the kid bought you the cigarette .,DO,DO,SUPPLY,BUY,A,THE,to,for,-40.5036735534668,"[-2.894302, -10.207727, -8.096213, -5.971033, -3.5548644, -8.976057, -0.80347633]"
a worker supplied me a tea .,the hero delivered the salad for us .,DO,PD,SUPPLY,DELIVER,A,THE,to,for,-44.65771484375,"[-2.8916821, -9.846521, -10.508705, -1.756396, -12.659007, -3.7880683, -2.4307773, -0.7765583]"
a worker supplied me a tea .,the hero delivered us the salad .,DO,DO,SUPPLY,DELIVER,A,THE,to,for,-41.495887756347656,"[-2.8916821, -9.846521, -10.508705, -5.99378, -1.9086232, -9.4086, -0.937977]"
a worker supplied me a tea .,the princess promised the chicken to them .,DO,PD,SUPPLY,PROMISE,A,THE,to,to,-44.04549026489258,"[-2.8916821, -10.474691, -8.110704, -3.4066496, -9.898461, -2.6337087, -5.3813567, -1.2482344]"
a worker supplied me a tea .,the princess promised them the chicken .,DO,DO,SUPPLY,PROMISE,A,THE,to,to,-39.755409240722656,"[-2.8916821, -10.474691, -8.110704, -4.9563723, -2.9210124, -9.037834, -1.363113]"
a worker supplied us a beer .,the lady threw the coffee to them .,DO,PD,SUPPLY,THROW,A,THE,to,to,-39.20185852050781,"[-2.886656, -9.524434, -8.285802, -2.1704419, -5.0855637, -4.005058, -6.4810605, -0.7628453]"
a worker supplied us a beer .,the lady threw them the coffee .,DO,DO,SUPPLY,THROW,A,THE,to,to,-34.41485595703125,"[-2.886656, -9.524434, -8.285802, -6.411333, -2.9833746, -3.7085798, -0.6146785]"
a worker supplied us a cheese .,the employer fed the meal to you .,DO,PD,SUPPLY,FEED,A,THE,to,to,-41.09061813354492,"[-2.9030943, -9.633425, -12.490911, -1.5699201, -5.8494654, -1.0960875, -6.6736817, -0.8740337]"
a worker supplied us a cheese .,the employer fed you the meal .,DO,DO,SUPPLY,FEED,A,THE,to,to,-36.274322509765625,"[-2.9030943, -9.633425, -12.490911, -3.1069493, -2.561483, -4.580801, -0.9976604]"
a worker supplied us a tea .,the guest took the camera to it .,DO,PD,SUPPLY,TAKE,A,THE,to,to,-41.20911407470703,"[-2.8950965, -9.139463, -8.433996, -2.011976, -6.4823337, -2.177863, -8.123054, -1.9453313]"
a worker supplied us a tea .,the guest took it the camera .,DO,DO,SUPPLY,TAKE,A,THE,to,to,-41.534297943115234,"[-2.8950965, -9.139463, -8.433996, -4.370594, -5.6159973, -8.864081, -2.2150712]"
a worker supplied you a salad .,the cousin gave the pie to us .,DO,PD,SUPPLY,GIVE,A,THE,to,to,-39.57527160644531,"[-2.9377851, -11.4039955, -7.6561832, -2.9254436, -8.858025, -0.47120953, -4.533375, -0.7892548]"
a worker supplied you a salad .,the cousin gave us the pie .,DO,DO,SUPPLY,GIVE,A,THE,to,to,-35.10017776489258,"[-2.9377851, -11.4039955, -7.6561832, -3.342554, -2.2830787, -6.7341585, -0.742425]"
a worker threw a cheese to us .,the employee promised the juice to it .,PD,PD,THROW,PROMISE,A,THE,to,to,-42.39414978027344,"[-2.917717, -8.837936, -8.521799, -3.1590471, -9.234591, -0.8688919, -7.8485107, -1.0056566]"
a worker threw a cheese to us .,the employee promised it the juice .,PD,DO,THROW,PROMISE,A,THE,to,to,-40.846160888671875,"[-2.917717, -8.837936, -8.521799, -5.3610106, -5.786475, -7.948098, -1.4731268]"
a worker threw us a cheese .,the employee promised the juice to it .,DO,PD,THROW,PROMISE,A,THE,to,to,-43.45917510986328,"[-2.9447389, -8.75409, -8.43611, -3.3323855, -9.028098, -2.5353384, -7.359364, -1.0690491]"
a worker threw us a cheese .,the employee promised it the juice .,DO,DO,THROW,PROMISE,A,THE,to,to,-40.06852340698242,"[-2.9447389, -8.75409, -8.43611, -4.9773955, -6.3803134, -7.2965207, -1.2793536]"
a worker took a guitar to them .,the mother sold the pot to me .,PD,PD,TAKE,SELL,A,THE,to,to,-35.78888702392578,"[-2.8341868, -6.832845, -11.361456, -1.2172639, -7.6478977, -0.5341385, -4.4555707, -0.90552783]"
a worker took a guitar to them .,the mother sold me the pot .,PD,DO,TAKE,SELL,A,THE,to,to,-37.670379638671875,"[-2.8341868, -6.832845, -11.361456, -5.973592, -2.370477, -7.1832733, -1.1145499]"
a worker took a jacket to them .,the girl fed the salad to you .,PD,PD,TAKE,FEED,A,THE,to,to,-40.08675765991211,"[-2.8403714, -7.4185877, -11.259726, -1.232361, -8.665671, -1.0192075, -7.024105, -0.6267278]"
a worker took a jacket to them .,the girl fed you the salad .,PD,DO,TAKE,FEED,A,THE,to,to,-38.70842742919922,"[-2.8403714, -7.4185877, -11.259726, -5.5857067, -2.8689928, -7.5196404, -1.2154013]"
a worker took a jacket to us .,the brother made the flower for it .,PD,PD,TAKE,MAKE,A,THE,to,for,-45.18299102783203,"[-2.847135, -9.193417, -7.792528, -1.9790231, -11.661953, -3.7191331, -6.756153, -1.2336473]"
a worker took a jacket to us .,the brother made it the flower .,PD,DO,TAKE,MAKE,A,THE,to,for,-43.15974044799805,"[-2.847135, -9.193417, -7.792528, -2.6053724, -5.913307, -11.500574, -3.307405]"
a worker took a jacket to you .,the professor gave the card to them .,PD,PD,TAKE,GIVE,A,THE,to,to,-32.75504684448242,"[-2.8352942, -8.895136, -5.6975546, -1.9198761, -6.8046827, -0.24939302, -5.5406914, -0.8124166]"
a worker took a jacket to you .,the professor gave them the card .,PD,DO,TAKE,GIVE,A,THE,to,to,-31.90769386291504,"[-2.8352942, -8.895136, -5.6975546, -4.9522934, -2.365942, -6.0223894, -1.1390847]"
a worker took an iron to them .,the employee sold the coffee to her .,PD,PD,TAKE,SELL,A,THE,to,to,-37.344539642333984,"[-2.8368592, -8.7879505, -9.1002035, -0.9736548, -6.357983, -1.0146785, -3.8540313, -4.41918]"
a worker took an iron to them .,the employee sold her the coffee .,PD,DO,TAKE,SELL,A,THE,to,to,-37.4119758605957,"[-2.8368592, -8.7879505, -9.1002035, -2.920123, -6.416465, -6.040127, -1.3102468]"
a worker took an iron to us .,the doctor kept the juice for you .,PD,PD,TAKE,KEEP,A,THE,to,for,-39.14413070678711,"[-2.8393972, -8.3396015, -7.006021, -2.5814142, -8.666831, -3.61945, -5.4104977, -0.6809187]"
a worker took an iron to us .,the doctor kept you the juice .,PD,DO,TAKE,KEEP,A,THE,to,for,-40.86204528808594,"[-2.8393972, -8.3396015, -7.006021, -6.7321215, -5.7502437, -9.063244, -1.1314176]"
a worker took an iron to you .,the boy gave the beer to them .,PD,PD,TAKE,GIVE,A,THE,to,to,-35.32535934448242,"[-2.849472, -7.686986, -6.711808, -2.2207537, -9.461047, -0.43905312, -5.1868973, -0.7693399]"
a worker took an iron to you .,the boy gave them the beer .,PD,DO,TAKE,GIVE,A,THE,to,to,-32.778785705566406,"[-2.849472, -7.686986, -6.711808, -5.0602446, -2.1769352, -7.229702, -1.0636357]"
a worker took an iron to you .,the colonel delivered the salad for me .,PD,PD,TAKE,DELIVER,A,THE,to,for,-43.937904357910156,"[-2.849472, -11.68013, -9.089315, -1.4532192, -12.213676, -4.1175284, -1.7557638, -0.7787993]"
a worker took an iron to you .,the colonel delivered me the salad .,PD,DO,TAKE,DELIVER,A,THE,to,for,-42.16453552246094,"[-2.849472, -11.68013, -9.089315, -5.525797, -2.221507, -9.721808, -1.0765023]"
a worker took them a guitar .,the mother sold the pot to me .,DO,PD,TAKE,SELL,A,THE,to,to,-35.69916915893555,"[-2.8838258, -7.177553, -10.186704, -1.4921371, -7.626694, -1.1860523, -4.1433983, -1.0028064]"
a worker took them a guitar .,the mother sold me the pot .,DO,DO,TAKE,SELL,A,THE,to,to,-35.99730682373047,"[-2.8838258, -7.177553, -10.186704, -4.758252, -2.5160327, -7.5772395, -0.8977004]"
a worker took them a jacket .,the girl fed the salad to you .,DO,PD,TAKE,FEED,A,THE,to,to,-41.581748962402344,"[-2.8939779, -7.7514763, -10.779481, -2.022263, -8.098085, -2.9166648, -6.3257046, -0.79409534]"
a worker took them a jacket .,the girl fed you the salad .,DO,DO,TAKE,FEED,A,THE,to,to,-36.04176330566406,"[-2.8939779, -7.7514763, -10.779481, -3.9951558, -2.7840934, -6.7294216, -1.1081548]"
a worker took them an iron .,the employee sold the coffee to her .,DO,PD,TAKE,SELL,A,THE,to,to,-37.13185119628906,"[-2.8566587, -8.757517, -8.839685, -1.1055751, -6.3480897, -1.8591706, -3.5217056, -3.8434465]"
a worker took them an iron .,the employee sold her the coffee .,DO,DO,TAKE,SELL,A,THE,to,to,-36.499725341796875,"[-2.8566587, -8.757517, -8.839685, -3.0730605, -5.871994, -5.881038, -1.2197696]"
a worker took us a jacket .,the brother made the flower for it .,DO,PD,TAKE,MAKE,A,THE,to,for,-45.09543228149414,"[-2.8929508, -9.353513, -7.36862, -2.1577122, -11.5397415, -3.911551, -6.68033, -1.1910129]"
a worker took us a jacket .,the brother made it the flower .,DO,DO,TAKE,MAKE,A,THE,to,for,-41.422447204589844,"[-2.8929508, -9.353513, -7.36862, -2.2971842, -5.706658, -11.345497, -2.4580262]"
a worker took us an iron .,the doctor kept the juice for you .,DO,PD,TAKE,KEEP,A,THE,to,for,-39.40442657470703,"[-2.8782508, -8.29022, -6.7823195, -2.910844, -8.301876, -3.4687138, -5.945545, -0.82665575]"
a worker took us an iron .,the doctor kept you the juice .,DO,DO,TAKE,KEEP,A,THE,to,for,-38.95418167114258,"[-2.8782508, -8.29022, -6.7823195, -6.440406, -5.5664067, -7.8554277, -1.1411505]"
a worker took you a jacket .,the professor gave the card to them .,DO,PD,TAKE,GIVE,A,THE,to,to,-33.798316955566406,"[-2.8768961, -8.741264, -5.373576, -2.1314383, -6.8932104, -0.58810514, -6.1534634, -1.0403628]"
a worker took you a jacket .,the professor gave them the card .,DO,DO,TAKE,GIVE,A,THE,to,to,-30.71190643310547,"[-2.8768961, -8.741264, -5.373576, -4.776556, -2.451756, -5.418502, -1.0733562]"
a worker took you an iron .,the boy gave the beer to them .,DO,PD,TAKE,GIVE,A,THE,to,to,-36.906517028808594,"[-2.8694398, -7.6270995, -6.453114, -2.4086237, -9.5972805, -1.0366659, -5.9322557, -0.9820368]"
a worker took you an iron .,the boy gave them the beer .,DO,DO,TAKE,GIVE,A,THE,to,to,-32.21619415283203,"[-2.8694398, -7.6270995, -6.453114, -4.9293585, -2.2243536, -7.085678, -1.0271484]"
a worker took you an iron .,the colonel delivered the salad for me .,DO,PD,TAKE,DELIVER,A,THE,to,for,-43.37984085083008,"[-2.8694398, -11.142238, -8.785202, -1.449132, -12.336205, -4.0517154, -1.8568486, -0.8890606]"
a worker took you an iron .,the colonel delivered me the salad .,DO,DO,TAKE,DELIVER,A,THE,to,for,-40.985130310058594,"[-2.8694398, -11.142238, -8.785202, -5.051839, -2.0418553, -10.057769, -1.0367879]"
a writer bought a beer for him .,the manager designed the camera for you .,PD,PD,BUY,DESIGN,A,THE,for,for,-37.37976837158203,"[-2.9285603, -8.311617, -11.017834, -1.0080373, -7.1910634, -1.8887278, -4.496545, -0.5373858]"
a writer bought a beer for him .,the manager designed you the camera .,PD,DO,BUY,DESIGN,A,THE,for,for,-42.704986572265625,"[-2.9285603, -8.311617, -11.017834, -6.450781, -4.507253, -8.2460375, -1.2429035]"
a writer bought a salad for me .,the champion drew the knife for us .,PD,PD,BUY,DRAW,A,THE,for,for,-42.417564392089844,"[-2.9486544, -10.112509, -9.563786, -2.7775621, -8.476679, -3.6044593, -4.3230906, -0.6108255]"
a writer bought a salad for me .,the champion drew us the knife .,PD,DO,BUY,DRAW,A,THE,for,for,-44.025390625,"[-2.9486544, -10.112509, -9.563786, -8.025601, -4.5073004, -7.792575, -1.0749664]"
a writer bought a salad for them .,the actor sold the beer to you .,PD,PD,BUY,SELL,A,THE,for,to,-38.55824279785156,"[-2.9453132, -7.64089, -8.9218025, -2.2251003, -7.159277, -2.0684426, -6.792144, -0.8052708]"
a writer bought a salad for them .,the actor sold you the beer .,PD,DO,BUY,SELL,A,THE,for,to,-37.36494445800781,"[-2.9453132, -7.64089, -8.9218025, -7.1469374, -3.4934704, -6.1187286, -1.0978018]"
a writer bought a salad for us .,the leader made the guitar for him .,PD,PD,BUY,MAKE,A,THE,for,for,-47.57698059082031,"[-2.9567392, -7.1584115, -13.207686, -1.8855258, -14.120596, -3.512856, -4.1023927, -0.6327758]"
a writer bought a salad for us .,the leader made him the guitar .,PD,DO,BUY,MAKE,A,THE,for,for,-47.28862380981445,"[-2.9567392, -7.1584115, -13.207686, -6.4746504, -3.930305, -10.466673, -3.0941582]"
a writer bought him a beer .,the manager designed the camera for you .,DO,PD,BUY,DESIGN,A,THE,for,for,-38.330665588378906,"[-2.9809916, -8.384576, -10.775319, -1.266067, -6.779113, -2.8447688, -4.7765107, -0.5233207]"
a writer bought him a beer .,the manager designed you the camera .,DO,DO,BUY,DESIGN,A,THE,for,for,-41.414573669433594,"[-2.9809916, -8.384576, -10.775319, -5.455642, -4.730815, -8.217083, -0.8701466]"
a writer bought me a salad .,the champion drew the knife for us .,DO,PD,BUY,DRAW,A,THE,for,for,-43.19556427001953,"[-2.9930072, -10.009491, -9.708986, -2.7861142, -7.7749367, -4.245304, -4.821164, -0.85656077]"
a writer bought me a salad .,the champion drew us the knife .,DO,DO,BUY,DRAW,A,THE,for,for,-41.80760192871094,"[-2.9930072, -10.009491, -9.708986, -6.5161757, -4.7223005, -6.8202114, -1.0374297]"
a writer bought them a salad .,the actor sold the beer to you .,DO,PD,BUY,SELL,A,THE,for,to,-41.20100402832031,"[-2.9958599, -7.6285906, -8.906489, -2.347919, -8.995956, -2.6637692, -6.8684845, -0.7939367]"
a writer bought them a salad .,the actor sold you the beer .,DO,DO,BUY,SELL,A,THE,for,to,-37.01411437988281,"[-2.9958599, -7.6285906, -8.906489, -6.356157, -3.363192, -6.9613442, -0.8024809]"
a writer bought us a salad .,the leader made the guitar for him .,DO,PD,BUY,MAKE,A,THE,for,for,-47.57756042480469,"[-3.0254774, -7.2244983, -13.28358, -2.4755177, -12.842144, -4.2831383, -3.5098429, -0.93336314]"
a writer bought us a salad .,the leader made him the guitar .,DO,DO,BUY,MAKE,A,THE,for,for,-46.4373779296875,"[-3.0254774, -7.2244983, -13.28358, -5.3760104, -4.5541797, -9.963903, -3.009728]"
a writer brought a box to it .,the physician showed the tea to me .,PD,PD,BRING,SHOW,A,THE,to,to,-36.58346939086914,"[-2.8259974, -10.875065, -7.6995435, -2.0761094, -8.344069, -0.9187219, -3.0874202, -0.7565445]"
a writer brought a box to it .,the physician showed me the tea .,PD,DO,BRING,SHOW,A,THE,to,to,-33.855079650878906,"[-2.8259974, -10.875065, -7.6995435, -1.9207672, -1.9105226, -7.5165615, -1.1066225]"
a writer brought a box to me .,the colonel supplied the coffee to you .,PD,PD,BRING,SUPPLY,A,THE,to,to,-43.114261627197266,"[-2.8432276, -11.930975, -10.298655, -1.5958855, -7.7304025, -1.323513, -6.810334, -0.5812695]"
a writer brought a box to me .,the colonel supplied you the coffee .,PD,DO,BRING,SUPPLY,A,THE,to,to,-43.23464584350586,"[-2.8432276, -11.930975, -10.298655, -5.9623423, -4.202857, -7.200817, -0.795774]"
a writer brought a box to me .,the author designed the instrument for us .,PD,PD,BRING,DESIGN,A,THE,to,for,-36.9482421875,"[-2.8432276, -5.8448143, -9.9004545, -1.3286122, -7.780676, -2.548551, -5.935247, -0.7666563]"
a writer brought a box to me .,the author designed us the instrument .,PD,DO,BRING,DESIGN,A,THE,to,for,-41.57664489746094,"[-2.8432276, -5.8448143, -9.9004545, -9.8316145, -4.674241, -7.069377, -1.4129177]"
a writer brought a box to us .,the nurse left the camera for it .,PD,PD,BRING,LEAVE,A,THE,to,for,-42.8386344909668,"[-2.8504121, -10.760662, -6.2035494, -0.985716, -9.26956, -4.4450274, -6.951838, -1.3718714]"
a writer brought a box to us .,the nurse left it the camera .,PD,DO,BRING,LEAVE,A,THE,to,for,-41.1175537109375,"[-2.8504121, -10.760662, -6.2035494, -5.0909204, -6.21451, -8.137044, -1.860457]"
a writer brought a camera to me .,the guy drew the newspaper for him .,PD,PD,BRING,DRAW,A,THE,to,for,-40.65575408935547,"[-2.8876762, -7.963546, -9.429331, -1.9318018, -8.665594, -4.2344427, -5.0205026, -0.5228583]"
a writer brought a camera to me .,the guy drew him the newspaper .,PD,DO,BRING,DRAW,A,THE,to,for,-40.44440460205078,"[-2.8876762, -7.963546, -9.429331, -6.9705048, -3.429036, -8.705065, -1.0592496]"
a writer brought a camera to me .,the colonel saved the pie for us .,PD,PD,BRING,SAVE,A,THE,to,for,-44.8286247253418,"[-2.8876762, -11.954002, -10.366886, -1.425889, -10.171626, -3.5526032, -3.9871438, -0.48279738]"
a writer brought a camera to me .,the colonel saved us the pie .,PD,DO,BRING,SAVE,A,THE,to,for,-46.181976318359375,"[-2.8876762, -11.954002, -10.366886, -4.1782684, -4.1262417, -12.026743, -0.64215845]"
a writer brought a camera to me .,the bishop took the bag to us .,PD,PD,BRING,TAKE,A,THE,to,to,-36.63865280151367,"[-2.8876762, -10.77404, -7.0496235, -1.5705072, -6.065407, -2.4650307, -5.1829634, -0.643405]"
a writer brought a camera to me .,the bishop took us the bag .,PD,DO,BRING,TAKE,A,THE,to,to,-41.94242858886719,"[-2.8876762, -10.77404, -7.0496235, -5.3955526, -5.6936984, -7.897565, -2.2442722]"
a writer brought a camera to us .,the wife showed the telephone to you .,PD,PD,BRING,SHOW,A,THE,to,to,-41.60060501098633,"[-2.8963177, -8.562376, -10.284723, -2.6507547, -9.346713, -0.47080493, -6.781138, -0.6077773]"
a writer brought a camera to us .,the wife showed you the telephone .,PD,DO,BRING,SHOW,A,THE,to,to,-40.42326354980469,"[-2.8963177, -8.562376, -10.284723, -6.315818, -1.7242709, -9.337577, -1.3021828]"
a writer brought a candy to me .,the guy drew the iron for us .,PD,PD,BRING,DRAW,A,THE,to,for,-40.46137619018555,"[-2.8880985, -7.89848, -9.188757, -2.0098627, -8.708442, -5.474513, -3.736942, -0.55628085]"
a writer brought a candy to me .,the guy drew us the iron .,PD,DO,BRING,DRAW,A,THE,to,for,-40.21843719482422,"[-2.8880985, -7.89848, -9.188757, -6.376279, -2.9820957, -9.5973625, -1.2873673]"
a writer brought a juice to him .,the chief gave the instrument to me .,PD,PD,BRING,GIVE,A,THE,to,to,-40.831939697265625,"[-2.9094293, -7.4053063, -11.52215, -2.6133823, -10.617995, -1.1947855, -3.9126072, -0.6562836]"
a writer brought a juice to him .,the chief gave me the instrument .,PD,DO,BRING,GIVE,A,THE,to,to,-40.4105224609375,"[-2.9094293, -7.4053063, -11.52215, -4.3066397, -2.7504168, -9.83398, -1.682602]"
a writer brought a juice to you .,the reader found the candy for her .,PD,PD,BRING,FIND,A,THE,to,for,-49.41081237792969,"[-2.9123213, -8.143364, -6.339354, -0.90957206, -19.59516, -4.6724157, -4.7013826, -2.1372457]"
a writer brought a juice to you .,the reader found her the candy .,PD,DO,BRING,FIND,A,THE,to,for,-49.402099609375,"[-2.9123213, -8.143364, -6.339354, -11.815686, -8.18164, -11.224235, -0.7855015]"
a writer brought a salad to you .,the aunt threw the motor to them .,PD,PD,BRING,THROW,A,THE,to,to,-50.66400909423828,"[-2.8889585, -11.82988, -10.458279, -2.262147, -11.441797, -3.7017884, -7.1989326, -0.882231]"
a writer brought a salad to you .,the aunt threw them the motor .,PD,DO,BRING,THROW,A,THE,to,to,-49.118492126464844,"[-2.8889585, -11.82988, -10.458279, -6.3760815, -3.5868573, -12.003731, -1.9747059]"
a writer brought a tea to her .,the father drew the card for us .,PD,PD,BRING,DRAW,A,THE,to,for,-41.064674377441406,"[-2.8643198, -7.6364, -10.702744, -2.6164994, -5.296361, -4.7686424, -6.418324, -0.76138604]"
a writer brought a tea to her .,the father drew us the card .,PD,DO,BRING,DRAW,A,THE,to,for,-41.42631149291992,"[-2.8643198, -7.6364, -10.702744, -9.164949, -5.1462483, -4.518511, -1.3931384]"
a writer brought a tea to us .,the manager fed the meal to them .,PD,PD,BRING,FEED,A,THE,to,to,-38.01728057861328,"[-2.8704972, -8.555803, -12.756753, -1.5038567, -6.3596115, -0.6062863, -4.7571297, -0.6073446]"
a writer brought a tea to us .,the manager fed them the meal .,PD,DO,BRING,FEED,A,THE,to,to,-37.34978485107422,"[-2.8704972, -8.555803, -12.756753, -4.7385387, -2.8573065, -4.483345, -1.0875429]"
a writer brought a tea to you .,the soldier bought the candy for me .,PD,PD,BRING,BUY,A,THE,to,for,-39.50189971923828,"[-2.8752093, -10.5609865, -8.895841, -1.7922263, -8.194843, -2.5413423, -3.8051524, -0.83630145]"
a writer brought a tea to you .,the soldier bought me the candy .,PD,DO,BRING,BUY,A,THE,to,for,-40.014930725097656,"[-2.8752093, -10.5609865, -8.895841, -5.9383893, -3.4568238, -7.309581, -0.9781029]"
a writer brought her a tea .,the father drew the card for us .,DO,PD,BRING,DRAW,A,THE,to,for,-39.744808197021484,"[-2.914468, -7.795909, -10.267587, -2.615311, -5.5779753, -3.6871064, -6.1530743, -0.7333802]"
a writer brought her a tea .,the father drew us the card .,DO,DO,BRING,DRAW,A,THE,to,for,-38.597618103027344,"[-2.914468, -7.795909, -10.267587, -8.02985, -3.989793, -4.57129, -1.0287218]"
a writer brought him a juice .,the chief gave the instrument to me .,DO,PD,BRING,GIVE,A,THE,to,to,-43.552913665771484,"[-2.9352794, -7.5558987, -12.115182, -2.7299967, -11.489593, -1.8106012, -3.8954036, -1.0209584]"
a writer brought him a juice .,the chief gave me the instrument .,DO,DO,BRING,GIVE,A,THE,to,to,-41.81413650512695,"[-2.9352794, -7.5558987, -12.115182, -3.900218, -2.9127858, -10.634695, -1.7600775]"
a writer brought it a box .,the physician showed the tea to me .,DO,PD,BRING,SHOW,A,THE,to,to,-39.93729019165039,"[-2.8576994, -11.0779, -7.974622, -2.6003187, -9.361837, -2.2676697, -2.6618962, -1.135346]"
a writer brought it a box .,the physician showed me the tea .,DO,DO,BRING,SHOW,A,THE,to,to,-34.454742431640625,"[-2.8576994, -11.0779, -7.974622, -1.6097372, -1.8982227, -7.734622, -1.3019365]"
a writer brought me a box .,the colonel supplied the coffee to you .,DO,PD,BRING,SUPPLY,A,THE,to,to,-45.74599838256836,"[-2.864165, -11.793278, -10.127736, -2.12876, -8.555818, -2.3723662, -7.167041, -0.73683316]"
a writer brought me a box .,the colonel supplied you the coffee .,DO,DO,BRING,SUPPLY,A,THE,to,to,-43.23186492919922,"[-2.864165, -11.793278, -10.127736, -5.8654404, -4.5047007, -7.249809, -0.8267355]"
a writer brought me a box .,the author designed the instrument for us .,DO,PD,BRING,DESIGN,A,THE,to,for,-36.96879196166992,"[-2.864165, -5.705386, -9.418137, -1.7751405, -8.023065, -2.5355496, -5.7023497, -0.9449996]"
a writer brought me a box .,the author designed us the instrument .,DO,DO,BRING,DESIGN,A,THE,to,for,-40.936065673828125,"[-2.864165, -5.705386, -9.418137, -8.648672, -5.414821, -7.4765234, -1.4083595]"
a writer brought me a camera .,the guy drew the newspaper for him .,DO,PD,BRING,DRAW,A,THE,to,for,-41.5688362121582,"[-2.908096, -7.847003, -9.5333185, -1.9711646, -9.36996, -4.2341857, -5.096342, -0.6087669]"
a writer brought me a camera .,the guy drew him the newspaper .,DO,DO,BRING,DRAW,A,THE,to,for,-40.03521728515625,"[-2.908096, -7.847003, -9.5333185, -6.786462, -2.888779, -9.218834, -0.852723]"
a writer brought me a camera .,the colonel saved the pie for us .,DO,PD,BRING,SAVE,A,THE,to,for,-44.45606994628906,"[-2.908096, -11.793224, -10.0003395, -1.7672678, -9.835922, -3.5158873, -4.093766, -0.5415644]"
a writer brought me a camera .,the colonel saved us the pie .,DO,DO,BRING,SAVE,A,THE,to,for,-44.18193817138672,"[-2.908096, -11.793224, -10.0003395, -3.735268, -3.8242466, -11.36716, -0.55360305]"
a writer brought me a camera .,the bishop took the bag to us .,DO,PD,BRING,TAKE,A,THE,to,to,-40.742462158203125,"[-2.908096, -10.651541, -6.799535, -1.7843269, -6.548155, -2.7891235, -8.129345, -1.1323409]"
a writer brought me a camera .,the bishop took us the bag .,DO,DO,BRING,TAKE,A,THE,to,to,-39.100250244140625,"[-2.908096, -10.651541, -6.799535, -4.3831, -5.4180565, -7.4178934, -1.5220295]"
a writer brought me a candy .,the guy drew the iron for us .,DO,PD,BRING,DRAW,A,THE,to,for,-40.825775146484375,"[-2.9093583, -7.83497, -9.212707, -2.1736846, -8.71084, -5.530504, -3.761379, -0.6923336]"
a writer brought me a candy .,the guy drew us the iron .,DO,DO,BRING,DRAW,A,THE,to,for,-40.53754425048828,"[-2.9093583, -7.83497, -9.212707, -5.452122, -3.3379238, -10.636042, -1.1544223]"
a writer brought us a box .,the nurse left the camera for it .,DO,PD,BRING,LEAVE,A,THE,to,for,-42.772193908691406,"[-2.8809373, -10.672873, -6.4557657, -1.2329197, -9.018379, -4.356768, -6.915616, -1.2389357]"
a writer brought us a box .,the nurse left it the camera .,DO,DO,BRING,LEAVE,A,THE,to,for,-41.01728057861328,"[-2.8809373, -10.672873, -6.4557657, -4.6374273, -6.0450773, -8.554264, -1.770937]"
a writer brought us a camera .,the wife showed the telephone to you .,DO,PD,BRING,SHOW,A,THE,to,to,-42.69256591796875,"[-2.915195, -8.617149, -9.396897, -3.3503149, -9.311764, -1.1480651, -7.162314, -0.790867]"
a writer brought us a camera .,the wife showed you the telephone .,DO,DO,BRING,SHOW,A,THE,to,to,-38.311248779296875,"[-2.915195, -8.617149, -9.396897, -5.979435, -1.8911269, -8.675465, -0.835981]"
a writer brought us a tea .,the manager fed the meal to them .,DO,PD,BRING,FEED,A,THE,to,to,-42.03836441040039,"[-2.909448, -8.518614, -12.4341, -1.939056, -7.3278775, -1.5140591, -6.3998103, -0.9954003]"
a writer brought us a tea .,the manager fed them the meal .,DO,DO,BRING,FEED,A,THE,to,to,-37.744720458984375,"[-2.909448, -8.518614, -12.4341, -4.493077, -3.2430162, -5.086087, -1.0603774]"
a writer brought you a juice .,the reader found the candy for her .,DO,PD,BRING,FIND,A,THE,to,for,-46.056678771972656,"[-2.9163327, -8.093052, -6.370275, -0.5288099, -18.290312, -4.533659, -2.8450944, -2.479144]"
a writer brought you a juice .,the reader found her the candy .,DO,DO,BRING,FIND,A,THE,to,for,-45.636497497558594,"[-2.9163327, -8.093052, -6.370275, -8.874313, -6.76785, -11.940289, -0.67438304]"
a writer brought you a salad .,the aunt threw the motor to them .,DO,PD,BRING,THROW,A,THE,to,to,-52.91926574707031,"[-2.8777401, -11.79926, -10.91523, -2.325836, -11.116048, -4.504334, -8.327922, -1.0528935]"
a writer brought you a salad .,the aunt threw them the motor .,DO,DO,BRING,THROW,A,THE,to,to,-49.66707992553711,"[-2.8777401, -11.79926, -10.91523, -6.517412, -4.08948, -11.665224, -1.8027323]"
a writer brought you a tea .,the soldier bought the candy for me .,DO,PD,BRING,BUY,A,THE,to,for,-41.09162139892578,"[-2.9013205, -10.462074, -8.593198, -1.82407, -8.997808, -2.3998983, -4.7077293, -1.2055203]"
a writer brought you a tea .,the soldier bought me the candy .,DO,DO,BRING,BUY,A,THE,to,for,-40.19129943847656,"[-2.9013205, -10.462074, -8.593198, -5.880107, -3.7228024, -7.5172653, -1.1145315]"
a writer caught a box for it .,the wife got the chicken for him .,PD,PD,CATCH,GET,A,THE,for,for,-39.55038070678711,"[-2.840742, -8.270739, -10.059292, -2.3521738, -7.769642, -3.3999157, -4.171529, -0.686349]"
a writer caught a box for it .,the wife got him the chicken .,PD,DO,CATCH,GET,A,THE,for,for,-38.09370422363281,"[-2.840742, -8.270739, -10.059292, -5.7945547, -3.2141929, -6.992606, -0.9215796]"
a writer caught a box for us .,the lawyer found the juice for him .,PD,PD,CATCH,FIND,A,THE,for,for,-40.56428527832031,"[-2.8558807, -9.118181, -7.4486895, -1.9483188, -11.003036, -3.8846457, -3.2774262, -1.0281097]"
a writer caught a box for us .,the lawyer found him the juice .,PD,DO,CATCH,FIND,A,THE,for,for,-42.947628021240234,"[-2.8558807, -9.118181, -7.4486895, -5.1567235, -4.056388, -12.738613, -1.5731539]"
a writer caught a box for you .,the lawyer saved the newspaper for them .,PD,PD,CATCH,SAVE,A,THE,for,for,-44.43586730957031,"[-2.8497784, -9.157673, -12.966357, -1.1892986, -8.39065, -2.8960614, -6.520176, -0.46587294]"
a writer caught a box for you .,the lawyer saved them the newspaper .,PD,DO,CATCH,SAVE,A,THE,for,for,-48.570430755615234,"[-2.8497784, -9.157673, -12.966357, -6.1408424, -3.5213385, -12.481782, -1.4526616]"
a writer caught a button for him .,the woman got the motor for them .,PD,PD,CATCH,GET,A,THE,for,for,-40.915733337402344,"[-2.9081106, -7.357631, -7.3872766, -3.0469368, -9.282286, -3.2116237, -7.1490355, -0.5728314]"
a writer caught a button for him .,the woman got them the motor .,PD,DO,CATCH,GET,A,THE,for,for,-40.430519104003906,"[-2.9081106, -7.357631, -7.3872766, -7.297304, -4.250107, -9.783802, -1.446286]"
a writer caught a button for it .,the child supplied the beer to you .,PD,PD,CATCH,SUPPLY,A,THE,for,to,-40.49641418457031,"[-2.8721638, -8.5635395, -11.539946, -1.1480448, -6.932168, -3.159609, -5.494135, -0.786812]"
a writer caught a button for it .,the child supplied you the beer .,PD,DO,CATCH,SUPPLY,A,THE,for,to,-42.01826477050781,"[-2.8721638, -8.5635395, -11.539946, -6.253377, -3.852344, -7.807642, -1.1292547]"
a writer caught a hat for him .,the priest gave the tea to us .,PD,PD,CATCH,GIVE,A,THE,for,to,-39.188907623291016,"[-2.898104, -10.409243, -6.753169, -1.8174417, -9.615583, -0.7987782, -5.89098, -1.0056095]"
a writer caught a hat for him .,the priest gave us the tea .,PD,DO,CATCH,GIVE,A,THE,for,to,-35.98923110961914,"[-2.898104, -10.409243, -6.753169, -4.204508, -1.4983199, -9.091977, -1.1339113]"
a writer caught him a button .,the woman got the motor for them .,DO,PD,CATCH,GET,A,THE,for,for,-42.18364715576172,"[-2.8818252, -7.2983303, -6.8557053, -3.1598783, -9.223418, -4.032642, -7.9211383, -0.8107111]"
a writer caught him a button .,the woman got them the motor .,DO,DO,CATCH,GET,A,THE,for,for,-36.7689208984375,"[-2.8818252, -7.2983303, -6.8557053, -7.180449, -3.1864629, -8.40292, -0.9632304]"
a writer caught him a hat .,the priest gave the tea to us .,DO,PD,CATCH,GIVE,A,THE,for,to,-39.647830963134766,"[-2.9020252, -10.371641, -6.5937233, -2.1797285, -9.609979, -0.88577425, -6.0599284, -1.0450304]"
a writer caught him a hat .,the priest gave us the tea .,DO,DO,CATCH,GIVE,A,THE,for,to,-35.79327392578125,"[-2.9020252, -10.371641, -6.5937233, -4.055544, -1.402666, -9.516738, -0.95093834]"
a writer caught it a box .,the wife got the chicken for him .,DO,PD,CATCH,GET,A,THE,for,for,-41.791656494140625,"[-2.8268175, -8.303986, -10.037223, -2.1927295, -8.23187, -4.1654835, -5.1754355, -0.8581116]"
a writer caught it a box .,the wife got him the chicken .,DO,DO,CATCH,GET,A,THE,for,for,-37.727989196777344,"[-2.8268175, -8.303986, -10.037223, -5.7601027, -3.2773504, -6.7932053, -0.7293063]"
a writer caught it a button .,the child supplied the beer to you .,DO,PD,CATCH,SUPPLY,A,THE,for,to,-41.48970031738281,"[-2.8495078, -8.735445, -11.696481, -1.3796964, -7.2273936, -3.199328, -5.686228, -0.7156212]"
a writer caught it a button .,the child supplied you the beer .,DO,DO,CATCH,SUPPLY,A,THE,for,to,-43.19081115722656,"[-2.8495078, -8.735445, -11.696481, -6.333402, -4.4551363, -8.104776, -1.0160611]"
a writer caught us a box .,the lawyer found the juice for him .,DO,PD,CATCH,FIND,A,THE,for,for,-44.82501220703125,"[-2.8336697, -9.038374, -7.4520326, -2.121726, -11.340606, -4.9769497, -5.3202558, -1.7413975]"
a writer caught us a box .,the lawyer found him the juice .,DO,DO,CATCH,FIND,A,THE,for,for,-39.742191314697266,"[-2.8336697, -9.038374, -7.4520326, -4.224518, -3.423809, -11.624843, -1.1449476]"
a writer caught you a box .,the lawyer saved the newspaper for them .,DO,PD,CATCH,SAVE,A,THE,for,for,-45.12737274169922,"[-2.8355188, -9.117411, -12.849144, -1.2819687, -8.364049, -3.799182, -6.257074, -0.62302816]"
a writer caught you a box .,the lawyer saved them the newspaper .,DO,DO,CATCH,SAVE,A,THE,for,for,-45.389373779296875,"[-2.8355188, -9.117411, -12.849144, -5.8679605, -3.0895603, -10.512209, -1.1175712]"
a writer delivered a camera for him .,the priest saved the machine for you .,PD,PD,DELIVER,SAVE,A,THE,for,for,-45.27330780029297,"[-2.9449391, -10.296558, -9.59523, -1.6854465, -10.376936, -3.4430604, -6.2921214, -0.6390153]"
a writer delivered a camera for him .,the priest saved you the machine .,PD,DO,DELIVER,SAVE,A,THE,for,for,-48.25140380859375,"[-2.9449391, -10.296558, -9.59523, -6.876663, -5.3970585, -12.122776, -1.0181775]"
a writer delivered a camera for me .,the father bought the juice for him .,PD,PD,DELIVER,BUY,A,THE,for,for,-41.40294647216797,"[-2.957268, -7.9574013, -11.173944, -1.6096237, -11.384478, -1.9671105, -2.6354647, -1.7176529]"
a writer delivered a camera for me .,the father bought him the juice .,PD,DO,DELIVER,BUY,A,THE,for,for,-40.36457061767578,"[-2.957268, -7.9574013, -11.173944, -3.659085, -3.4649675, -9.327575, -1.8243282]"
a writer delivered a camera for you .,the hero found the flower for me .,PD,PD,DELIVER,FIND,A,THE,for,for,-36.89805603027344,"[-2.9625428, -9.629715, -6.2973557, -2.04614, -7.451449, -4.6119757, -3.0228524, -0.8760262]"
a writer delivered a camera for you .,the hero found me the flower .,PD,DO,DELIVER,FIND,A,THE,for,for,-39.01734924316406,"[-2.9625428, -9.629715, -6.2973557, -6.5343504, -4.1583166, -7.7882967, -1.6467717]"
a writer delivered a camera for you .,the pilot gave the beer to me .,PD,PD,DELIVER,GIVE,A,THE,for,to,-36.80189895629883,"[-2.9625428, -8.700293, -7.07335, -2.0585666, -9.202453, -2.7926393, -2.5298185, -1.4822385]"
a writer delivered a camera for you .,the pilot gave me the beer .,PD,DO,DELIVER,GIVE,A,THE,for,to,-34.144287109375,"[-2.9625428, -8.700293, -7.07335, -2.5230994, -1.9631921, -8.914828, -2.0069845]"
a writer delivered a salad for her .,the girl threw the computer to us .,PD,PD,DELIVER,THROW,A,THE,for,to,-42.649085998535156,"[-2.974198, -8.199583, -6.334057, -2.3305597, -7.950527, -2.9918513, -10.952652, -0.9156573]"
a writer delivered a salad for her .,the girl threw us the computer .,PD,DO,DELIVER,THROW,A,THE,for,to,-38.058250427246094,"[-2.974198, -8.199583, -6.334057, -7.9533854, -2.9322896, -8.201016, -1.4637222]"
a writer delivered a salad for it .,the woman kept the beer for us .,PD,PD,DELIVER,KEEP,A,THE,for,for,-38.711910247802734,"[-2.944305, -7.2519007, -7.7525444, -3.8771327, -6.174471, -3.5094814, -6.291999, -0.9100778]"
a writer delivered a salad for it .,the woman kept us the beer .,PD,DO,DELIVER,KEEP,A,THE,for,for,-41.37700653076172,"[-2.944305, -7.2519007, -7.7525444, -7.179886, -7.408164, -7.27632, -1.5638855]"
a writer delivered a salad for me .,the king found the guitar for her .,PD,PD,DELIVER,FIND,A,THE,for,for,-38.66035079956055,"[-2.9692338, -8.203025, -7.106368, -2.8464265, -8.684234, -3.8561568, -3.6072636, -1.3876436]"
a writer delivered a salad for me .,the king found her the guitar .,PD,DO,DELIVER,FIND,A,THE,for,for,-40.230140686035156,"[-2.9692338, -8.203025, -7.106368, -4.202064, -4.8981247, -11.064246, -1.7870823]"
a writer delivered a salad for us .,the chief sent the meal to you .,PD,PD,DELIVER,SEND,A,THE,for,to,-42.75408935546875,"[-2.9859915, -7.4942355, -10.582022, -2.725578, -9.41864, -1.0344876, -7.3314066, -1.1817286]"
a writer delivered a salad for us .,the chief sent you the meal .,PD,DO,DELIVER,SEND,A,THE,for,to,-40.227256774902344,"[-2.9859915, -7.4942355, -10.582022, -6.1387787, -3.1675005, -8.65254, -1.2061896]"
a writer delivered a tea for him .,the doctor kept the juice for you .,PD,PD,DELIVER,KEEP,A,THE,for,for,-42.154991149902344,"[-2.9512253, -8.536102, -6.9530735, -3.752864, -8.234458, -3.828468, -7.1079893, -0.79081184]"
a writer delivered a tea for him .,the doctor kept you the juice .,PD,DO,DELIVER,KEEP,A,THE,for,for,-43.906429290771484,"[-2.9512253, -8.536102, -6.9530735, -8.092081, -6.700967, -9.336905, -1.3360759]"
a writer delivered a tea for us .,the hero threw the flower to you .,PD,PD,DELIVER,THROW,A,THE,for,to,-42.73905944824219,"[-2.982554, -9.557688, -9.281703, -2.1203547, -7.3539505, -3.0669284, -7.2759557, -1.0999258]"
a writer delivered a tea for us .,the hero threw you the flower .,PD,DO,DELIVER,THROW,A,THE,for,to,-42.22418212890625,"[-2.982554, -9.557688, -9.281703, -8.965016, -3.0514798, -6.5608044, -1.8249373]"
a writer delivered her a salad .,the girl threw the computer to us .,DO,PD,DELIVER,THROW,A,THE,for,to,-41.96641540527344,"[-2.996216, -8.264157, -6.1977463, -2.4761968, -7.7719, -3.1944723, -10.24457, -0.8211572]"
a writer delivered her a salad .,the girl threw us the computer .,DO,DO,DELIVER,THROW,A,THE,for,to,-37.8656005859375,"[-2.996216, -8.264157, -6.1977463, -7.5452533, -3.1246681, -8.675844, -1.0617173]"
a writer delivered him a camera .,the priest saved the machine for you .,DO,PD,DELIVER,SAVE,A,THE,for,for,-47.16838073730469,"[-2.9913077, -10.2289715, -9.467199, -2.3306327, -10.845718, -4.452532, -6.293667, -0.55835223]"
a writer delivered him a camera .,the priest saved you the machine .,DO,DO,DELIVER,SAVE,A,THE,for,for,-47.35197830200195,"[-2.9913077, -10.2289715, -9.467199, -6.6132493, -5.2362905, -12.050293, -0.76466715]"
a writer delivered him a tea .,the doctor kept the juice for you .,DO,PD,DELIVER,KEEP,A,THE,for,for,-42.828269958496094,"[-3.002542, -8.31946, -6.969898, -4.485063, -7.9043274, -4.555208, -6.8991575, -0.6926139]"
a writer delivered him a tea .,the doctor kept you the juice .,DO,DO,DELIVER,KEEP,A,THE,for,for,-43.623046875,"[-3.002542, -8.31946, -6.969898, -8.06571, -7.004834, -9.420376, -0.84022576]"
a writer delivered it a salad .,the woman kept the beer for us .,DO,PD,DELIVER,KEEP,A,THE,for,for,-38.10162353515625,"[-2.9686317, -7.299526, -7.7964783, -3.587301, -5.9889264, -3.8444877, -5.55007, -1.0662007]"
a writer delivered it a salad .,the woman kept us the beer .,DO,DO,DELIVER,KEEP,A,THE,for,for,-39.01864242553711,"[-2.9686317, -7.299526, -7.7964783, -6.73168, -7.502117, -5.489415, -1.2307936]"
a writer delivered me a camera .,the father bought the juice for him .,DO,PD,DELIVER,BUY,A,THE,for,for,-44.60550308227539,"[-2.9598927, -7.796127, -11.658479, -2.07555, -11.601006, -2.5908332, -3.9844012, -1.9392158]"
a writer delivered me a camera .,the father bought him the juice .,DO,DO,DELIVER,BUY,A,THE,for,for,-40.29221725463867,"[-2.9598927, -7.796127, -11.658479, -2.9996223, -4.1799254, -9.450936, -1.2472364]"
a writer delivered me a salad .,the king found the guitar for her .,DO,PD,DELIVER,FIND,A,THE,for,for,-40.48216247558594,"[-3.0037155, -8.2283535, -7.150399, -3.225462, -8.4487095, -4.5224667, -3.656737, -2.2463183]"
a writer delivered me a salad .,the king found her the guitar .,DO,DO,DELIVER,FIND,A,THE,for,for,-41.01844787597656,"[-3.0037155, -8.2283535, -7.150399, -4.155776, -6.0524716, -10.975477, -1.4522545]"
a writer delivered us a salad .,the chief sent the meal to you .,DO,PD,DELIVER,SEND,A,THE,for,to,-42.21205520629883,"[-3.0191655, -7.541623, -10.665878, -2.847783, -9.254194, -0.85767984, -7.0382414, -0.9874901]"
a writer delivered us a salad .,the chief sent you the meal .,DO,DO,DELIVER,SEND,A,THE,for,to,-36.21009826660156,"[-3.0191655, -7.541623, -10.665878, -5.1198845, -3.0164375, -6.154223, -0.6928861]"
a writer delivered us a tea .,the hero threw the flower to you .,DO,PD,DELIVER,THROW,A,THE,for,to,-41.94258117675781,"[-2.9975686, -9.637348, -9.469747, -2.051783, -7.178027, -2.992933, -6.826655, -0.7885181]"
a writer delivered us a tea .,the hero threw you the flower .,DO,DO,DELIVER,THROW,A,THE,for,to,-39.658939361572266,"[-2.9975686, -9.637348, -9.469747, -7.5954995, -3.3098028, -5.655042, -0.99393094]"
a writer delivered you a camera .,the hero found the flower for me .,DO,PD,DELIVER,FIND,A,THE,for,for,-38.9869384765625,"[-2.9553688, -9.559221, -6.4152393, -2.3754377, -7.675335, -5.0949035, -4.117335, -0.7940975]"
a writer delivered you a camera .,the hero found me the flower .,DO,DO,DELIVER,FIND,A,THE,for,for,-37.87896728515625,"[-2.9553688, -9.559221, -6.4152393, -6.1785336, -3.722209, -7.8809714, -1.1674225]"
a writer delivered you a camera .,the pilot gave the beer to me .,DO,PD,DELIVER,GIVE,A,THE,for,to,-37.24464797973633,"[-2.9553688, -8.645302, -6.9577274, -2.172067, -9.1404705, -2.7354198, -3.5344338, -1.1038591]"
a writer delivered you a camera .,the pilot gave me the beer .,DO,DO,DELIVER,GIVE,A,THE,for,to,-32.542083740234375,"[-2.9553688, -8.645302, -6.9577274, -2.0359328, -1.7527812, -8.9848385, -1.2101318]"
a writer designed a crystal for us .,the president got the beer for him .,PD,PD,DESIGN,GET,A,THE,for,for,-38.4899787902832,"[-2.916807, -6.95081, -7.816039, -2.6675255, -9.037619, -2.4818993, -5.8731403, -0.7461396]"
a writer designed a crystal for us .,the president got him the beer .,PD,DO,DESIGN,GET,A,THE,for,for,-36.97443771362305,"[-2.916807, -6.95081, -7.816039, -6.4439154, -3.9509501, -7.9750824, -0.92083675]"
a writer designed a telephone for them .,the son sent the salad to you .,PD,PD,DESIGN,SEND,A,THE,for,to,-44.17715072631836,"[-2.9066143, -8.248121, -10.365239, -2.2868662, -12.423153, -0.7893228, -6.183429, -0.97440493]"
a writer designed a telephone for them .,the son sent you the salad .,PD,DO,DESIGN,SEND,A,THE,for,to,-42.10026550292969,"[-2.9066143, -8.248121, -10.365239, -5.5407724, -2.5669665, -11.170262, -1.3022895]"
a writer designed a telephone for us .,the teacher supplied the cup to me .,PD,PD,DESIGN,SUPPLY,A,THE,for,to,-36.98994064331055,"[-2.9398239, -9.274101, -9.97791, -1.5119288, -8.719754, -2.1422296, -1.5347023, -0.889489]"
a writer designed a telephone for us .,the teacher supplied me the cup .,PD,DO,DESIGN,SUPPLY,A,THE,for,to,-36.852638244628906,"[-2.9398239, -9.274101, -9.97791, -2.3164551, -3.4831524, -6.925956, -1.9352366]"
a writer designed an instrument for me .,the student got the pie for you .,PD,PD,DESIGN,GET,A,THE,for,for,-41.78199005126953,"[-2.9911683, -8.344297, -7.7980986, -2.9847243, -10.479276, -3.3092551, -5.1219606, -0.7532121]"
a writer designed an instrument for me .,the student got you the pie .,PD,DO,DESIGN,GET,A,THE,for,for,-41.71230697631836,"[-2.9911683, -8.344297, -7.7980986, -7.25329, -3.9068854, -10.449638, -0.9689273]"
a writer designed me an instrument .,the student got the pie for you .,DO,PD,DESIGN,GET,A,THE,for,for,-44.93433380126953,"[-3.0652993, -8.37913, -7.8306036, -3.293832, -10.3041, -3.8890505, -7.1946487, -0.9776727]"
a writer designed me an instrument .,the student got you the pie .,DO,DO,DESIGN,GET,A,THE,for,for,-41.86360549926758,"[-3.0652993, -8.37913, -7.8306036, -7.7235384, -3.8283935, -10.084391, -0.9522507]"
a writer designed them a telephone .,the son sent the salad to you .,DO,PD,DESIGN,SEND,A,THE,for,to,-44.86499786376953,"[-2.9994643, -8.348274, -10.119084, -2.3801897, -12.098816, -1.1274238, -6.6736784, -1.1180702]"
a writer designed them a telephone .,the son sent you the salad .,DO,DO,DESIGN,SEND,A,THE,for,to,-41.399444580078125,"[-2.9994643, -8.348274, -10.119084, -5.554264, -2.5101767, -10.646189, -1.2219892]"
a writer designed us a crystal .,the president got the beer for him .,DO,PD,DESIGN,GET,A,THE,for,for,-39.535850524902344,"[-3.0022118, -6.98321, -7.5630336, -2.8451326, -9.052359, -3.271769, -5.8677373, -0.95039797]"
a writer designed us a crystal .,the president got him the beer .,DO,DO,DESIGN,GET,A,THE,for,for,-36.05651092529297,"[-3.0022118, -6.98321, -7.5630336, -6.050667, -3.689129, -7.847208, -0.9210504]"
a writer designed us a telephone .,the teacher supplied the cup to me .,DO,PD,DESIGN,SUPPLY,A,THE,for,to,-39.36458206176758,"[-3.0165918, -9.339265, -9.698559, -2.017107, -8.904521, -2.5021188, -2.840324, -1.0460967]"
a writer designed us a telephone .,the teacher supplied me the cup .,DO,DO,DESIGN,SUPPLY,A,THE,for,to,-36.258445739746094,"[-3.0165918, -9.339265, -9.698559, -2.084896, -3.3876953, -6.760759, -1.9706825]"
a writer drew a bowl for him .,the chief got the juice for us .,PD,PD,DRAW,GET,A,THE,for,for,-43.33399963378906,"[-2.9912825, -7.488298, -10.801508, -3.4495711, -8.541976, -2.1988077, -6.8828616, -0.97969675]"
a writer drew a bowl for him .,the chief got us the juice .,PD,DO,DRAW,GET,A,THE,for,for,-40.47247314453125,"[-2.9912825, -7.488298, -10.801508, -6.384196, -3.802931, -7.7427874, -1.2614732]"
a writer drew a bowl for me .,the guest took the camera to it .,PD,PD,DRAW,TAKE,A,THE,for,to,-40.44425964355469,"[-2.9738243, -9.24737, -9.292524, -2.0815122, -5.8022785, -2.3001847, -7.2000165, -1.546552]"
a writer drew a bowl for me .,the guest took it the camera .,PD,DO,DRAW,TAKE,A,THE,for,to,-41.91950225830078,"[-2.9738243, -9.24737, -9.292524, -3.6791017, -6.1184464, -8.264754, -2.3434834]"
a writer drew a bowl for us .,the bishop brought the pie to you .,PD,PD,DRAW,BRING,A,THE,for,to,-39.45753479003906,"[-2.987113, -10.11945, -8.098344, -2.1387644, -8.170916, -1.1824232, -6.030346, -0.7301796]"
a writer drew a bowl for us .,the bishop brought you the pie .,PD,DO,DRAW,BRING,A,THE,for,to,-39.256797790527344,"[-2.987113, -10.11945, -8.098344, -4.917639, -2.400545, -9.671814, -1.0618935]"
a writer drew a jacket for him .,the employer promised the tea to them .,PD,PD,DRAW,PROMISE,A,THE,for,to,-43.93113708496094,"[-2.9592667, -9.867783, -7.788583, -3.4689775, -10.334427, -3.6249552, -4.6704283, -1.2167152]"
a writer drew a jacket for him .,the employer promised them the tea .,PD,DO,DRAW,PROMISE,A,THE,for,to,-39.68788146972656,"[-2.9592667, -9.867783, -7.788583, -4.464597, -3.0485497, -10.171685, -1.3874166]"
a writer drew a motor for him .,the friend saved the salad for us .,PD,PD,DRAW,SAVE,A,THE,for,for,-43.0831298828125,"[-2.8788924, -9.714762, -10.476605, -1.6231157, -12.142711, -2.590684, -3.0264263, -0.6299348]"
a writer drew a motor for him .,the friend saved us the salad .,PD,DO,DRAW,SAVE,A,THE,for,for,-46.19493103027344,"[-2.8788924, -9.714762, -10.476605, -3.6049967, -3.6242785, -14.92234, -0.97305715]"
a writer drew him a bowl .,the chief got the juice for us .,DO,PD,DRAW,GET,A,THE,for,for,-45.60069274902344,"[-3.0035756, -7.5196047, -10.827416, -3.4822874, -8.616519, -3.5056934, -7.5853014, -1.0602978]"
a writer drew him a bowl .,the chief got us the juice .,DO,DO,DRAW,GET,A,THE,for,for,-39.097991943359375,"[-3.0035756, -7.5196047, -10.827416, -6.0548935, -3.4722362, -7.2396564, -0.9806104]"
a writer drew him a jacket .,the employer promised the tea to them .,DO,PD,DRAW,PROMISE,A,THE,for,to,-45.314361572265625,"[-3.0057514, -9.848564, -7.9767113, -3.5633316, -10.364174, -3.8350983, -5.5755453, -1.1451834]"
a writer drew him a jacket .,the employer promised them the tea .,DO,DO,DRAW,PROMISE,A,THE,for,to,-39.11046600341797,"[-3.0057514, -9.848564, -7.9767113, -4.0544567, -3.1342027, -10.217558, -0.8732231]"
a writer drew him a motor .,the friend saved the salad for us .,DO,PD,DRAW,SAVE,A,THE,for,for,-45.05440139770508,"[-2.9197404, -9.639109, -10.8687105, -1.8709695, -12.4127655, -3.2340984, -3.4207833, -0.6882244]"
a writer drew him a motor .,the friend saved us the salad .,DO,DO,DRAW,SAVE,A,THE,for,for,-45.97702407836914,"[-2.9197404, -9.639109, -10.8687105, -3.5975273, -2.930514, -15.224586, -0.7968378]"
a writer drew me a bowl .,the guest took the camera to it .,DO,PD,DRAW,TAKE,A,THE,for,to,-41.27313995361328,"[-3.0041387, -9.320324, -9.194821, -2.4539475, -5.878172, -2.3576388, -7.408144, -1.6559525]"
a writer drew me a bowl .,the guest took it the camera .,DO,DO,DRAW,TAKE,A,THE,for,to,-41.74040222167969,"[-3.0041387, -9.320324, -9.194821, -3.8971038, -6.0649776, -8.13386, -2.1251752]"
a writer drew us a bowl .,the bishop brought the pie to you .,DO,PD,DRAW,BRING,A,THE,for,to,-40.56842803955078,"[-2.9901526, -10.08713, -8.135762, -2.3663511, -8.4930935, -1.1216316, -6.5841403, -0.79016864]"
a writer drew us a bowl .,the bishop brought you the pie .,DO,DO,DRAW,BRING,A,THE,for,to,-37.63883590698242,"[-2.9901526, -10.08713, -8.135762, -4.4307966, -2.2099333, -8.969396, -0.8156672]"
a writer fed a chicken to him .,the attorney drew the telephone for me .,PD,PD,FEED,DRAW,A,THE,to,for,-41.264190673828125,"[-2.9170444, -8.267232, -10.78533, -2.8965633, -8.208771, -3.7090526, -3.5205429, -0.95965385]"
a writer fed a chicken to him .,the attorney drew me the telephone .,PD,DO,FEED,DRAW,A,THE,to,for,-43.17914581298828,"[-2.9170444, -8.267232, -10.78533, -7.098152, -4.9359827, -7.7049923, -1.4704117]"
a writer fed a chicken to it .,the singer found the coffee for you .,PD,PD,FEED,FIND,A,THE,to,for,-43.751075744628906,"[-2.8952544, -8.683013, -7.1158166, -3.1314497, -8.466489, -4.5346727, -7.7728295, -1.1515518]"
a writer fed a chicken to it .,the singer found you the coffee .,PD,DO,FEED,FIND,A,THE,to,for,-40.782508850097656,"[-2.8952544, -8.683013, -7.1158166, -8.371675, -3.6123738, -8.801697, -1.3026791]"
a writer fed a chicken to it .,the minister took the box to her .,PD,PD,FEED,TAKE,A,THE,to,to,-38.64414978027344,"[-2.8952544, -8.834221, -7.145925, -1.970834, -9.288237, -2.2076004, -2.9273205, -3.3747573]"
a writer fed a chicken to it .,the minister took her the box .,PD,DO,FEED,TAKE,A,THE,to,to,-41.20826721191406,"[-2.8952544, -8.834221, -7.145925, -4.7766304, -7.010541, -8.731265, -1.8144298]"
a writer fed a chicken to me .,the employee left the coffee for you .,PD,PD,FEED,LEAVE,A,THE,to,for,-38.65391159057617,"[-2.9094906, -9.574165, -6.64841, -1.2945384, -5.841993, -6.0133295, -5.698098, -0.67388636]"
a writer fed a chicken to me .,the employee left you the coffee .,PD,DO,FEED,LEAVE,A,THE,to,for,-37.99325180053711,"[-2.9094906, -9.574165, -6.64841, -7.7963276, -4.0980644, -5.9020395, -1.0647537]"
a writer fed a chicken to us .,the son showed the crystal to him .,PD,PD,FEED,SHOW,A,THE,to,to,-40.578285217285156,"[-2.905751, -8.129673, -9.670433, -2.826373, -10.959822, -1.315751, -3.9054422, -0.8650388]"
a writer fed a chicken to us .,the son showed him the crystal .,PD,DO,FEED,SHOW,A,THE,to,to,-38.67034912109375,"[-2.905751, -8.129673, -9.670433, -4.805381, -1.5303054, -9.817721, -1.8110856]"
a writer fed a chicken to us .,the army designed the engine for them .,PD,PD,FEED,DESIGN,A,THE,to,for,-40.68799591064453,"[-2.905751, -9.176287, -9.8396, -1.5460742, -7.5171127, -2.2357907, -6.509018, -0.9583644]"
a writer fed a chicken to us .,the army designed them the engine .,PD,DO,FEED,DESIGN,A,THE,to,for,-47.26837921142578,"[-2.905751, -9.176287, -9.8396, -6.4852266, -6.3407135, -9.950155, -2.5706463]"
a writer fed a chicken to us .,the opponent took the engine to you .,PD,PD,FEED,TAKE,A,THE,to,to,-41.62272644042969,"[-2.905751, -10.535815, -6.572239, -1.6054955, -10.130184, -2.786336, -6.285593, -0.8013102]"
a writer fed a chicken to us .,the opponent took you the engine .,PD,DO,FEED,TAKE,A,THE,to,to,-45.56566619873047,"[-2.905751, -10.535815, -6.572239, -6.6515665, -6.8851967, -10.621351, -1.3937501]"
a writer fed a chicken to you .,the boy left the bag for me .,PD,PD,FEED,LEAVE,A,THE,to,for,-33.45652770996094,"[-2.9174576, -8.344234, -6.43614, -1.8365507, -7.180277, -3.4311857, -2.0796895, -1.2309961]"
a writer fed a chicken to you .,the boy left me the bag .,PD,DO,FEED,LEAVE,A,THE,to,for,-33.76536560058594,"[-2.9174576, -8.344234, -6.43614, -4.377948, -3.98074, -6.3563747, -1.3524694]"
a writer fed a chicken to you .,the band designed the bell for him .,PD,PD,FEED,DESIGN,A,THE,to,for,-40.48117446899414,"[-2.9174576, -7.982423, -9.110443, -1.3543354, -9.452005, -3.2668924, -5.296505, -1.1011133]"
a writer fed a chicken to you .,the band designed him the bell .,PD,DO,FEED,DESIGN,A,THE,to,for,-43.84507751464844,"[-2.9174576, -7.982423, -9.110443, -7.4523845, -4.9629974, -10.029903, -1.38947]"
a writer fed a meal to him .,the wife got the key for us .,PD,PD,FEED,GET,A,THE,to,for,-41.511619567871094,"[-2.9058971, -8.089607, -10.340629, -3.1820362, -6.7012205, -3.577211, -5.680847, -1.0341743]"
a writer fed a meal to him .,the wife got us the key .,PD,DO,FEED,GET,A,THE,to,for,-40.180992126464844,"[-2.9058971, -8.089607, -10.340629, -7.006633, -3.9060524, -5.9768395, -1.9553355]"
a writer fed a meal to me .,the guy supplied the coffee to you .,PD,PD,FEED,SUPPLY,A,THE,to,to,-38.125999450683594,"[-2.9072654, -8.021709, -11.6751175, -1.4606241, -5.8298087, -2.9149866, -4.7226624, -0.59382784]"
a writer fed a meal to me .,the guy supplied you the coffee .,PD,DO,FEED,SUPPLY,A,THE,to,to,-37.80485916137695,"[-2.9072654, -8.021709, -11.6751175, -4.569055, -4.071405, -5.6823807, -0.8779267]"
a writer fed a pie to it .,the doctor got the meal for you .,PD,PD,FEED,GET,A,THE,to,for,-42.469261169433594,"[-2.892085, -8.650099, -7.183235, -2.7398639, -9.470134, -3.9322696, -6.9519186, -0.6496588]"
a writer fed a pie to it .,the doctor got you the meal .,PD,DO,FEED,GET,A,THE,to,for,-37.68370819091797,"[-2.892085, -8.650099, -7.183235, -7.8338447, -3.715683, -6.4905295, -0.9182289]"
a writer fed a pie to me .,the actor kept the juice for them .,PD,PD,FEED,KEEP,A,THE,to,for,-45.900028228759766,"[-2.906977, -7.8096275, -8.756575, -3.616879, -9.78602, -4.728633, -7.325082, -0.9702358]"
a writer fed a pie to me .,the actor kept them the juice .,PD,DO,FEED,KEEP,A,THE,to,for,-46.226165771484375,"[-2.906977, -7.8096275, -8.756575, -7.4478717, -6.4317584, -11.34631, -1.5270487]"
a writer fed him a chicken .,the attorney drew the telephone for me .,DO,PD,FEED,DRAW,A,THE,to,for,-42.287315368652344,"[-2.9275918, -8.249088, -10.947194, -2.9165275, -8.269123, -3.5415363, -4.133061, -1.3031924]"
a writer fed him a chicken .,the attorney drew me the telephone .,DO,DO,FEED,DRAW,A,THE,to,for,-41.9785270690918,"[-2.9275918, -8.249088, -10.947194, -6.43186, -4.9746404, -7.5333734, -0.9147816]"
a writer fed him a meal .,the wife got the key for us .,DO,PD,FEED,GET,A,THE,to,for,-40.86536407470703,"[-2.9445682, -8.128407, -9.522536, -3.0678885, -6.6497808, -3.6624463, -5.958226, -0.9315093]"
a writer fed him a meal .,the wife got us the key .,DO,DO,FEED,GET,A,THE,to,for,-38.76052474975586,"[-2.9445682, -8.128407, -9.522536, -6.626379, -4.00601, -6.126737, -1.4058867]"
a writer fed it a chicken .,the singer found the coffee for you .,DO,PD,FEED,FIND,A,THE,to,for,-43.77410125732422,"[-2.8777602, -8.722565, -7.169098, -2.955349, -8.926588, -4.6518235, -7.4536743, -1.0172471]"
a writer fed it a chicken .,the singer found you the coffee .,DO,DO,FEED,FIND,A,THE,to,for,-40.45866394042969,"[-2.8777602, -8.722565, -7.169098, -8.255968, -3.9766011, -8.558176, -0.89849716]"
a writer fed it a chicken .,the minister took the box to her .,DO,PD,FEED,TAKE,A,THE,to,to,-39.63871765136719,"[-2.8777602, -9.036222, -6.8487086, -1.764323, -9.067535, -2.4416544, -3.5190115, -4.0835032]"
a writer fed it a chicken .,the minister took her the box .,DO,DO,FEED,TAKE,A,THE,to,to,-40.74457931518555,"[-2.8777602, -9.036222, -6.8487086, -4.619462, -6.5902686, -9.354384, -1.4177728]"
a writer fed it a pie .,the doctor got the meal for you .,DO,PD,FEED,GET,A,THE,to,for,-40.51572036743164,"[-2.910756, -8.614576, -6.737687, -2.4727826, -9.289227, -4.137297, -5.7505093, -0.60288686]"
a writer fed it a pie .,the doctor got you the meal .,DO,DO,FEED,GET,A,THE,to,for,-35.69249725341797,"[-2.910756, -8.614576, -6.737687, -7.062572, -3.4648001, -6.3161054, -0.586003]"
a writer fed me a chicken .,the employee left the coffee for you .,DO,PD,FEED,LEAVE,A,THE,to,for,-39.82176208496094,"[-2.9171023, -9.691574, -6.7541504, -1.448181, -5.748967, -6.0457783, -6.391494, -0.8245169]"
a writer fed me a chicken .,the employee left you the coffee .,DO,DO,FEED,LEAVE,A,THE,to,for,-37.15104675292969,"[-2.9171023, -9.691574, -6.7541504, -7.285038, -4.4054956, -5.351044, -0.7466444]"
a writer fed me a meal .,the guy supplied the coffee to you .,DO,PD,FEED,SUPPLY,A,THE,to,to,-38.979278564453125,"[-2.9423792, -7.9218516, -11.624062, -1.9371879, -5.9815617, -3.8519187, -4.1026735, -0.6176426]"
a writer fed me a meal .,the guy supplied you the coffee .,DO,DO,FEED,SUPPLY,A,THE,to,to,-36.554649353027344,"[-2.9423792, -7.9218516, -11.624062, -4.3029046, -4.455924, -4.588687, -0.7188411]"
a writer fed me a pie .,the actor kept the juice for them .,DO,PD,FEED,KEEP,A,THE,to,for,-46.328346252441406,"[-2.9323304, -7.8334365, -8.929524, -4.088644, -9.728586, -4.898837, -6.968745, -0.9482429]"
a writer fed me a pie .,the actor kept them the juice .,DO,DO,FEED,KEEP,A,THE,to,for,-46.739524841308594,"[-2.9323304, -7.8334365, -8.929524, -7.644758, -6.4029922, -11.95697, -1.0395119]"
a writer fed us a chicken .,the son showed the crystal to him .,DO,PD,FEED,SHOW,A,THE,to,to,-43.15241622924805,"[-2.906956, -8.086825, -9.855675, -3.1735, -10.934938, -2.4568136, -4.7781954, -0.95951116]"
a writer fed us a chicken .,the son showed him the crystal .,DO,DO,FEED,SHOW,A,THE,to,to,-38.83515930175781,"[-2.906956, -8.086825, -9.855675, -5.140847, -1.6694546, -9.735191, -1.4402103]"
a writer fed us a chicken .,the army designed the engine for them .,DO,PD,FEED,DESIGN,A,THE,to,for,-41.83109664916992,"[-2.906956, -9.176297, -9.720808, -1.7179917, -7.7528377, -2.0764217, -7.367446, -1.1123384]"
a writer fed us a chicken .,the army designed them the engine .,DO,DO,FEED,DESIGN,A,THE,to,for,-46.87392044067383,"[-2.906956, -9.176297, -9.720808, -6.4447765, -5.750082, -9.931045, -2.943956]"
a writer fed us a chicken .,the opponent took the engine to you .,DO,PD,FEED,TAKE,A,THE,to,to,-42.58125686645508,"[-2.906956, -10.499588, -6.552531, -1.5952594, -10.308765, -2.9093037, -6.9987164, -0.81013834]"
a writer fed us a chicken .,the opponent took you the engine .,DO,DO,FEED,TAKE,A,THE,to,to,-45.096744537353516,"[-2.906956, -10.499588, -6.552531, -6.037074, -6.782006, -11.2314415, -1.0871493]"
a writer fed you a chicken .,the boy left the bag for me .,DO,PD,FEED,LEAVE,A,THE,to,for,-33.61069869995117,"[-2.9133768, -8.355192, -6.558771, -1.7862833, -6.97968, -3.614332, -2.268935, -1.1341279]"
a writer fed you a chicken .,the boy left me the bag .,DO,DO,FEED,LEAVE,A,THE,to,for,-32.17608642578125,"[-2.9133768, -8.355192, -6.558771, -3.1797483, -3.9249125, -6.2134233, -1.0306604]"
a writer fed you a chicken .,the band designed the bell for him .,DO,PD,FEED,DESIGN,A,THE,to,for,-40.64259719848633,"[-2.9133768, -7.951993, -9.084799, -1.3260359, -9.720417, -3.222327, -5.4530535, -0.97059596]"
a writer fed you a chicken .,the band designed him the bell .,DO,DO,FEED,DESIGN,A,THE,to,for,-43.22731018066406,"[-2.9133768, -7.951993, -9.084799, -6.8739724, -5.0624537, -10.354885, -0.98583126]"
a writer found a beer for it .,the minister delivered the juice for you .,PD,PD,FIND,DELIVER,A,THE,for,for,-49.55980682373047,"[-2.838776, -9.241319, -11.209875, -1.9203407, -13.561741, -1.7283036, -7.7885804, -1.2708682]"
a writer found a beer for it .,the minister delivered you the juice .,PD,DO,FIND,DELIVER,A,THE,for,for,-46.27973556518555,"[-2.838776, -9.241319, -11.209875, -10.509307, -1.8944899, -9.677982, -0.9079879]"
a writer found a beer for them .,the leader made the television for you .,PD,PD,FIND,MAKE,A,THE,for,for,-49.85267639160156,"[-2.846826, -7.0207257, -13.833296, -1.948278, -10.693912, -5.979376, -6.8119526, -0.7183132]"
a writer found a beer for them .,the leader made you the television .,PD,DO,FIND,MAKE,A,THE,for,for,-51.49726104736328,"[-2.846826, -7.0207257, -13.833296, -7.9694524, -3.4013772, -11.824841, -4.600746]"
a writer found a chocolate for me .,the teacher promised the bag to her .,PD,PD,FIND,PROMISE,A,THE,for,to,-37.763336181640625,"[-2.8778772, -9.117698, -9.291298, -3.0294003, -7.929144, -2.1815023, -1.2429546, -2.0934608]"
a writer found a chocolate for me .,the teacher promised her the bag .,PD,DO,FIND,PROMISE,A,THE,for,to,-37.30280303955078,"[-2.8778772, -9.117698, -9.291298, -3.3955941, -3.253738, -7.3678823, -1.9987181]"
a writer found a tea for us .,the candidate gave the bag to you .,PD,PD,FIND,GIVE,A,THE,for,to,-40.759307861328125,"[-2.8414922, -9.49944, -6.8564453, -2.3318932, -11.128389, -0.866914, -6.471673, -0.76306117]"
a writer found a tea for us .,the candidate gave you the bag .,PD,DO,FIND,GIVE,A,THE,for,to,-37.936744689941406,"[-2.8414922, -9.49944, -6.8564453, -6.4234076, -2.007025, -8.926481, -1.3824518]"
a writer found a tea for you .,the champion threw the engine to me .,PD,PD,FIND,THROW,A,THE,for,to,-46.80248260498047,"[-2.8422065, -10.170459, -11.113612, -2.4143622, -10.807036, -2.7360306, -5.4887424, -1.2300347]"
a writer found a tea for you .,the champion threw me the engine .,PD,DO,FIND,THROW,A,THE,for,to,-48.77635192871094,"[-2.8422065, -10.170459, -11.113612, -6.880225, -3.0780358, -13.416126, -1.2756855]"
a writer found an engine for him .,the employer fed the meal to you .,PD,PD,FIND,FEED,A,THE,for,to,-41.97869873046875,"[-2.898356, -9.835657, -13.270393, -1.5955167, -7.202544, -1.8831607, -4.606528, -0.6865442]"
a writer found an engine for him .,the employer fed you the meal .,PD,DO,FIND,FEED,A,THE,for,to,-37.21763610839844,"[-2.898356, -9.835657, -13.270393, -2.9612393, -2.4503815, -4.9088087, -0.8927997]"
a writer found an instrument for you .,the administration designed the bag for her .,PD,PD,FIND,DESIGN,A,THE,for,for,-40.77165985107422,"[-2.8920903, -8.737148, -10.410593, -0.8471473, -8.92085, -1.7220602, -6.244936, -0.996838]"
a writer found an instrument for you .,the administration designed her the bag .,PD,DO,FIND,DESIGN,A,THE,for,for,-44.19117736816406,"[-2.8920903, -8.737148, -10.410593, -6.814548, -4.1381726, -9.745147, -1.4534763]"
a writer found him an engine .,the employer fed the meal to you .,DO,PD,FIND,FEED,A,THE,for,to,-43.389564514160156,"[-2.9224913, -9.706975, -13.358541, -1.6161553, -7.4010115, -1.6463635, -5.9242787, -0.8137482]"
a writer found him an engine .,the employer fed you the meal .,DO,DO,FIND,FEED,A,THE,for,to,-37.304325103759766,"[-2.9224913, -9.706975, -13.358541, -2.9730573, -2.3974926, -5.0636015, -0.88216627]"
a writer found it a beer .,the minister delivered the juice for you .,DO,PD,FIND,DELIVER,A,THE,for,for,-50.904052734375,"[-2.8050625, -9.347181, -11.230865, -1.8233987, -13.85191, -2.9219904, -7.6971855, -1.2264622]"
a writer found it a beer .,the minister delivered you the juice .,DO,DO,FIND,DELIVER,A,THE,for,for,-45.84803009033203,"[-2.8050625, -9.347181, -11.230865, -10.431608, -1.7959523, -9.603787, -0.6335731]"
a writer found me a chocolate .,the teacher promised the bag to her .,DO,PD,FIND,PROMISE,A,THE,for,to,-38.00099182128906,"[-2.8601398, -9.09599, -9.209267, -3.046159, -7.9802427, -2.5437422, -1.2720988, -1.9933518]"
a writer found me a chocolate .,the teacher promised her the bag .,DO,DO,FIND,PROMISE,A,THE,for,to,-36.88922882080078,"[-2.8601398, -9.09599, -9.209267, -3.0207655, -4.070117, -7.1455913, -1.4873589]"
a writer found them a beer .,the leader made the television for you .,DO,PD,FIND,MAKE,A,THE,for,for,-48.728763580322266,"[-2.8483286, -7.024579, -13.384258, -1.3854756, -9.897831, -6.089391, -7.3184037, -0.78049576]"
a writer found them a beer .,the leader made you the television .,DO,DO,FIND,MAKE,A,THE,for,for,-46.93996810913086,"[-2.8483286, -7.024579, -13.384258, -7.131783, -2.8703992, -10.870121, -2.8105009]"
a writer found us a tea .,the candidate gave the bag to you .,DO,PD,FIND,GIVE,A,THE,for,to,-40.63969039916992,"[-2.8782544, -9.457163, -6.679268, -2.4251268, -10.794471, -1.0939612, -6.4065166, -0.90493]"
a writer found us a tea .,the candidate gave you the bag .,DO,DO,FIND,GIVE,A,THE,for,to,-36.06599426269531,"[-2.8782544, -9.457163, -6.679268, -5.386737, -2.2681243, -8.208913, -1.187537]"
a writer found you a tea .,the champion threw the engine to me .,DO,PD,FIND,THROW,A,THE,for,to,-45.58771896362305,"[-2.8630195, -10.264311, -10.616924, -2.359727, -10.688199, -2.8972485, -4.7997966, -1.0984943]"
a writer found you a tea .,the champion threw me the engine .,DO,DO,FIND,THROW,A,THE,for,to,-48.226158142089844,"[-2.8630195, -10.264311, -10.616924, -6.0445414, -3.3659651, -14.116646, -0.9547514]"
a writer found you an instrument .,the administration designed the bag for her .,DO,PD,FIND,DESIGN,A,THE,for,for,-40.60466766357422,"[-2.9058774, -8.470207, -9.772309, -0.90810686, -9.089829, -2.2080026, -5.6280956, -1.6222419]"
a writer found you an instrument .,the administration designed her the bag .,DO,DO,FIND,DESIGN,A,THE,for,for,-43.549072265625,"[-2.9058774, -8.470207, -9.772309, -6.621953, -4.3432007, -9.993247, -1.4422764]"
a writer gave a ball to me .,the employee left the coffee for you .,PD,PD,GIVE,LEAVE,A,THE,to,for,-36.93281555175781,"[-2.8621328, -9.792352, -5.874513, -1.0992767, -5.996623, -5.2917924, -5.3631454, -0.65298164]"
a writer gave a ball to me .,the employee left you the coffee .,PD,DO,GIVE,LEAVE,A,THE,to,for,-37.094871520996094,"[-2.8621328, -9.792352, -5.874513, -7.6328783, -3.7025213, -6.3366995, -0.89377594]"
a writer gave a chicken to you .,the child bought the candy for them .,PD,PD,GIVE,BUY,A,THE,to,for,-39.157752990722656,"[-2.8893313, -8.467678, -11.399809, -1.6744843, -5.835085, -2.9238272, -5.2629704, -0.7045671]"
a writer gave a chicken to you .,the child bought them the candy .,PD,DO,GIVE,BUY,A,THE,to,for,-39.82823944091797,"[-2.8893313, -8.467678, -11.399809, -5.996092, -4.971875, -5.1083345, -0.995118]"
a writer gave a coffee to them .,the winner fed the pie to me .,PD,PD,GIVE,FEED,A,THE,to,to,-40.079044342041016,"[-2.867142, -8.362337, -14.412793, -1.0314764, -7.8498764, -0.8664756, -4.0551434, -0.63380134]"
a writer gave a coffee to them .,the winner fed me the pie .,PD,DO,GIVE,FEED,A,THE,to,to,-39.996639251708984,"[-2.867142, -8.362337, -14.412793, -4.4635167, -2.825447, -6.2602053, -0.80519736]"
a writer gave a coffee to you .,the colonel sent the iron to me .,PD,PD,GIVE,SEND,A,THE,to,to,-38.46018981933594,"[-2.915362, -11.872799, -5.8186064, -2.0504527, -10.024009, -2.3537455, -2.7304401, -0.6947744]"
a writer gave a coffee to you .,the colonel sent me the iron .,PD,DO,GIVE,SEND,A,THE,to,to,-38.037925720214844,"[-2.915362, -11.872799, -5.8186064, -2.478292, -2.8802884, -10.539397, -1.5331813]"
a writer gave a tea to us .,the adult left the jacket for it .,PD,PD,GIVE,LEAVE,A,THE,to,for,-44.83692169189453,"[-2.9086857, -9.971355, -8.355475, -1.3854842, -9.98065, -4.4772186, -6.3568745, -1.4011768]"
a writer gave a tea to us .,the adult left it the jacket .,PD,DO,GIVE,LEAVE,A,THE,to,for,-44.19567108154297,"[-2.9086857, -9.971355, -8.355475, -4.334418, -6.262512, -10.517673, -1.8455524]"
a writer gave a tea to us .,the lady promised the meal to me .,PD,PD,GIVE,PROMISE,A,THE,to,to,-35.99678421020508,"[-2.9086857, -9.433857, -8.711805, -3.7691143, -6.6896214, -2.0832021, -1.6362317, -0.7642652]"
a writer gave a tea to us .,the lady promised me the meal .,PD,DO,GIVE,PROMISE,A,THE,to,to,-33.32012176513672,"[-2.9086857, -9.433857, -8.711805, -1.9524038, -3.1082172, -6.086462, -1.1186883]"
a writer gave me a ball .,the employee left the coffee for you .,DO,PD,GIVE,LEAVE,A,THE,to,for,-39.07164001464844,"[-2.8671308, -9.681677, -6.1789646, -1.3093466, -6.1423616, -5.924537, -6.1723557, -0.795268]"
a writer gave me a ball .,the employee left you the coffee .,DO,DO,GIVE,LEAVE,A,THE,to,for,-37.87568283081055,"[-2.8671308, -9.681677, -6.1789646, -7.2864337, -4.3181343, -6.743662, -0.7996813]"
a writer gave them a coffee .,the winner fed the pie to me .,DO,PD,GIVE,FEED,A,THE,to,to,-42.67768859863281,"[-2.8824332, -8.28268, -14.161856, -1.2608176, -8.603716, -1.653472, -5.2124043, -0.62030977]"
a writer gave them a coffee .,the winner fed me the pie .,DO,DO,GIVE,FEED,A,THE,to,to,-39.262935638427734,"[-2.8824332, -8.28268, -14.161856, -3.9479685, -3.1487179, -6.2696815, -0.5696002]"
a writer gave us a tea .,the adult left the jacket for it .,DO,PD,GIVE,LEAVE,A,THE,to,for,-44.304664611816406,"[-2.9258754, -9.912534, -8.570995, -1.7388386, -9.588629, -4.089409, -6.3358903, -1.1424948]"
a writer gave us a tea .,the adult left it the jacket .,DO,DO,GIVE,LEAVE,A,THE,to,for,-44.07178497314453,"[-2.9258754, -9.912534, -8.570995, -4.2246556, -6.2701397, -10.804251, -1.363334]"
a writer gave us a tea .,the lady promised the meal to me .,DO,PD,GIVE,PROMISE,A,THE,to,to,-39.07950210571289,"[-2.9258754, -9.296569, -8.632398, -4.180354, -7.447729, -3.3899398, -2.3032901, -0.9033475]"
a writer gave us a tea .,the lady promised me the meal .,DO,DO,GIVE,PROMISE,A,THE,to,to,-33.32997131347656,"[-2.9258754, -9.296569, -8.632398, -1.5578053, -3.649219, -6.3407927, -0.92731196]"
a writer gave you a chicken .,the child bought the candy for them .,DO,PD,GIVE,BUY,A,THE,to,for,-40.11802291870117,"[-2.8660243, -8.537389, -11.402319, -1.9098126, -5.714898, -2.9695218, -5.9923177, -0.7257395]"
a writer gave you a chicken .,the child bought them the candy .,DO,DO,GIVE,BUY,A,THE,to,for,-40.040679931640625,"[-2.8660243, -8.537389, -11.402319, -5.9345784, -5.177357, -5.271422, -0.85158783]"
a writer gave you a coffee .,the colonel sent the iron to me .,DO,PD,GIVE,SEND,A,THE,to,to,-39.87373352050781,"[-2.895619, -11.851419, -5.636001, -2.4826648, -10.387019, -3.0381508, -2.9564805, -0.6263777]"
a writer gave you a coffee .,the colonel sent me the iron .,DO,DO,GIVE,SEND,A,THE,to,to,-37.26676940917969,"[-2.895619, -11.851419, -5.636001, -2.2482774, -3.2279897, -10.184223, -1.2232405]"
a writer got a ball for him .,the daughter bought the tea for them .,PD,PD,GET,BUY,A,THE,for,for,-43.91975021362305,"[-2.836243, -9.3539, -12.485075, -1.6250447, -9.346105, -2.1535687, -5.2235456, -0.89626807]"
a writer got a ball for him .,the daughter bought them the tea .,PD,DO,GET,BUY,A,THE,for,for,-43.41440200805664,"[-2.836243, -9.3539, -12.485075, -5.2786036, -3.7791717, -8.534279, -1.1471287]"
a writer got a box for me .,the manager fed the cheese to us .,PD,PD,GET,FEED,A,THE,for,to,-42.53281784057617,"[-2.831002, -8.839799, -12.834938, -1.7103796, -9.2373905, -1.3386337, -5.0870533, -0.6536238]"
a writer got a box for me .,the manager fed us the cheese .,PD,DO,GET,FEED,A,THE,for,to,-39.659759521484375,"[-2.831002, -8.839799, -12.834938, -4.6895027, -2.2188652, -7.3491187, -0.89653444]"
a writer got a box for you .,the chief gave the instrument to me .,PD,PD,GET,GIVE,A,THE,for,to,-43.59669494628906,"[-2.812718, -7.5571766, -12.222604, -1.7095273, -12.578798, -1.7136943, -3.4478145, -1.5543648]"
a writer got a box for you .,the chief gave me the instrument .,PD,DO,GET,GIVE,A,THE,for,to,-42.87150573730469,"[-2.812718, -7.5571766, -12.222604, -4.85419, -1.9267352, -10.908149, -2.5899353]"
a writer got a chocolate for him .,the child left the beer for me .,PD,PD,GET,LEAVE,A,THE,for,for,-37.07799530029297,"[-2.8749304, -8.497157, -6.5893927, -2.1692257, -10.003051, -3.0047395, -3.272615, -0.6668835]"
a writer got a chocolate for him .,the child left me the beer .,PD,DO,GET,LEAVE,A,THE,for,for,-36.09382247924805,"[-2.8749304, -8.497157, -6.5893927, -4.80186, -4.4646215, -7.85756, -1.008302]"
a writer got a chocolate for him .,the lawyer sold the ball to you .,PD,PD,GET,SELL,A,THE,for,to,-41.52020263671875,"[-2.8749304, -9.1816635, -11.448131, -1.8380449, -7.2190585, -0.91050005, -7.036133, -1.0117397]"
a writer got a chocolate for him .,the lawyer sold you the ball .,PD,DO,GET,SELL,A,THE,for,to,-39.76003646850586,"[-2.8749304, -9.1816635, -11.448131, -7.216118, -2.6466746, -5.2186766, -1.1738429]"
a writer got a coffee for us .,the opponent supplied the juice to me .,PD,PD,GET,SUPPLY,A,THE,for,to,-41.35025405883789,"[-2.882615, -10.651251, -10.852205, -1.3152034, -8.116953, -2.2023768, -4.6483946, -0.6812538]"
a writer got a coffee for us .,the opponent supplied me the juice .,PD,DO,GET,SUPPLY,A,THE,for,to,-39.9578857421875,"[-2.882615, -10.651251, -10.852205, -4.309991, -3.1707458, -7.0418415, -1.0492351]"
a writer got a hat for me .,the priest kept the coffee for it .,PD,PD,GET,KEEP,A,THE,for,for,-44.99260711669922,"[-2.8809733, -10.710999, -8.290228, -1.767683, -8.974262, -3.2482834, -8.120514, -0.9996648]"
a writer got a hat for me .,the priest kept it the coffee .,PD,DO,GET,KEEP,A,THE,for,for,-44.59013366699219,"[-2.8809733, -10.710999, -8.290228, -4.0492687, -5.635795, -11.519838, -1.5030342]"
a writer got a meal for her .,the actress found the instrument for me .,PD,PD,GET,FIND,A,THE,for,for,-41.95635986328125,"[-2.892693, -8.855427, -6.609005, -2.9788427, -10.046446, -2.4755716, -6.989761, -1.1086121]"
a writer got a meal for her .,the actress found me the instrument .,PD,DO,GET,FIND,A,THE,for,for,-44.50202941894531,"[-2.892693, -8.855427, -6.609005, -7.90954, -3.826727, -11.062689, -3.3459473]"
a writer got a meal for him .,the prince sent the crystal to us .,PD,PD,GET,SEND,A,THE,for,to,-39.362342834472656,"[-2.890611, -10.115851, -6.171505, -2.4562507, -8.881486, -1.4502677, -6.5449305, -0.8514375]"
a writer got a meal for him .,the prince sent us the crystal .,PD,DO,GET,SEND,A,THE,for,to,-37.517845153808594,"[-2.890611, -10.115851, -6.171505, -5.0429807, -2.7743917, -8.607939, -1.9145662]"
a writer got a meal for them .,the band designed the cup for you .,PD,PD,GET,DESIGN,A,THE,for,for,-37.96318817138672,"[-2.8862076, -7.6149964, -9.43917, -1.1752864, -9.338908, -2.472705, -4.4564815, -0.57943237]"
a writer got a meal for them .,the band designed you the cup .,PD,DO,GET,DESIGN,A,THE,for,for,-42.407135009765625,"[-2.8862076, -7.6149964, -9.43917, -6.962927, -4.275807, -9.734464, -1.4935625]"
a writer got a meal for us .,the husband made the motor for me .,PD,PD,GET,MAKE,A,THE,for,for,-40.098846435546875,"[-2.8853805, -9.0236225, -7.257582, -1.7862967, -10.771851, -4.1926374, -3.0949368, -1.0865427]"
a writer got a meal for us .,the husband made me the motor .,PD,DO,GET,MAKE,A,THE,for,for,-40.06958770751953,"[-2.8853805, -9.0236225, -7.257582, -4.298197, -4.097503, -10.432606, -2.0746975]"
a writer got a newspaper for it .,the pilot gave the beer to me .,PD,PD,GET,GIVE,A,THE,for,to,-37.38249969482422,"[-2.8349802, -8.720138, -6.8058615, -1.3058331, -9.646389, -1.8348987, -5.1114545, -1.1229442]"
a writer got a newspaper for it .,the pilot gave me the beer .,PD,DO,GET,GIVE,A,THE,for,to,-33.29097366333008,"[-2.8349802, -8.720138, -6.8058615, -3.2531426, -1.6701989, -8.515942, -1.4907104]"
a writer got a newspaper for it .,the secretary supplied the knife to you .,PD,PD,GET,SUPPLY,A,THE,for,to,-47.24944305419922,"[-2.8349802, -9.607996, -14.250686, -1.3766224, -9.575683, -0.87410486, -7.6527896, -1.0765835]"
a writer got a newspaper for it .,the secretary supplied you the knife .,PD,DO,GET,SUPPLY,A,THE,for,to,-47.45903778076172,"[-2.8349802, -9.607996, -14.250686, -5.8791533, -4.010748, -9.483163, -1.3923119]"
a writer got a newspaper for you .,the author saved the juice for us .,PD,PD,GET,SAVE,A,THE,for,for,-40.663726806640625,"[-2.8350768, -6.1507206, -11.919311, -1.2510577, -11.804747, -1.1971452, -4.914088, -0.5915823]"
a writer got a newspaper for you .,the author saved us the juice .,PD,DO,GET,SAVE,A,THE,for,for,-40.81297302246094,"[-2.8350768, -6.1507206, -11.919311, -4.3012238, -2.7240684, -12.031992, -0.8505827]"
a writer got an anchor for him .,the mother designed the glass for you .,PD,PD,GET,DESIGN,A,THE,for,for,-39.87199401855469,"[-2.9119642, -7.5331974, -12.193224, -1.1463418, -6.545537, -3.4468558, -5.461722, -0.6331538]"
a writer got an anchor for him .,the mother designed you the glass .,PD,DO,GET,DESIGN,A,THE,for,for,-43.376380920410156,"[-2.9119642, -7.5331974, -12.193224, -6.7312703, -4.6973844, -7.5465946, -1.7627447]"
a writer got an anchor for it .,the pilot found the box for them .,PD,PD,GET,FIND,A,THE,for,for,-38.500953674316406,"[-2.871128, -8.429565, -6.311266, -2.1301098, -7.5982695, -4.2188187, -5.8315177, -1.1102782]"
a writer got an anchor for it .,the pilot found them the box .,PD,DO,GET,FIND,A,THE,for,for,-39.062808990478516,"[-2.871128, -8.429565, -6.311266, -6.050806, -4.8508687, -9.191326, -1.3578497]"
a writer got an anchor for us .,the partner gave the salad to you .,PD,PD,GET,GIVE,A,THE,for,to,-41.39518737792969,"[-2.9210525, -10.137663, -6.8047705, -2.5194726, -10.989971, -1.6667678, -5.6217823, -0.7337046]"
a writer got an anchor for us .,the partner gave you the salad .,PD,DO,GET,GIVE,A,THE,for,to,-37.21849060058594,"[-2.9210525, -10.137663, -6.8047705, -4.0010114, -1.8422322, -10.140994, -1.3707702]"
a writer got an instrument for us .,the lady drew the telephone for you .,PD,PD,GET,DRAW,A,THE,for,for,-39.52010726928711,"[-2.8967772, -9.763285, -8.185318, -2.0217783, -8.701559, -3.8603916, -3.589408, -0.50159204]"
a writer got an instrument for us .,the lady drew you the telephone .,PD,DO,GET,DRAW,A,THE,for,for,-41.68067932128906,"[-2.8967772, -9.763285, -8.185318, -5.2931643, -4.461085, -10.245312, -0.83573836]"
a writer got her a meal .,the actress found the instrument for me .,DO,PD,GET,FIND,A,THE,for,for,-43.016319274902344,"[-2.9104137, -8.735825, -6.5912647, -3.400436, -10.085384, -3.0758538, -6.685089, -1.5320529]"
a writer got her a meal .,the actress found me the instrument .,DO,DO,GET,FIND,A,THE,for,for,-44.32220458984375,"[-2.9104137, -8.735825, -6.5912647, -7.757252, -3.9023576, -12.275487, -2.1496062]"
a writer got him a ball .,the daughter bought the tea for them .,DO,PD,GET,BUY,A,THE,for,for,-45.40299987792969,"[-2.8896968, -9.106211, -12.158104, -2.106533, -9.330958, -2.6693811, -5.794383, -1.3477353]"
a writer got him a ball .,the daughter bought them the tea .,DO,DO,GET,BUY,A,THE,for,for,-43.70674514770508,"[-2.8896968, -9.106211, -12.158104, -4.738656, -4.411434, -9.424547, -0.97809505]"
a writer got him a chocolate .,the child left the beer for me .,DO,PD,GET,LEAVE,A,THE,for,for,-38.652076721191406,"[-2.9028246, -8.565755, -6.467695, -2.3390174, -10.106571, -3.9072766, -3.4889817, -0.8739548]"
a writer got him a chocolate .,the child left me the beer .,DO,DO,GET,LEAVE,A,THE,for,for,-34.781044006347656,"[-2.9028246, -8.565755, -6.467695, -4.209993, -4.2267613, -7.6650085, -0.7430085]"
a writer got him a chocolate .,the lawyer sold the ball to you .,DO,PD,GET,SELL,A,THE,for,to,-41.82537841796875,"[-2.9028246, -9.030886, -11.333336, -2.0932713, -7.1593914, -0.8199324, -7.383693, -1.1020429]"
a writer got him a chocolate .,the lawyer sold you the ball .,DO,DO,GET,SELL,A,THE,for,to,-39.775840759277344,"[-2.9028246, -9.030886, -11.333336, -6.6091604, -2.964982, -6.0046396, -0.93001103]"
a writer got him a meal .,the prince sent the crystal to us .,DO,PD,GET,SEND,A,THE,for,to,-39.9462776184082,"[-2.9234602, -10.104557, -5.731388, -2.825314, -9.4343405, -1.4210012, -6.6835823, -0.82263446]"
a writer got him a meal .,the prince sent us the crystal .,DO,DO,GET,SEND,A,THE,for,to,-37.08424758911133,"[-2.9234602, -10.104557, -5.731388, -4.611359, -3.0127535, -8.855942, -1.8447865]"
a writer got him an anchor .,the mother designed the glass for you .,DO,PD,GET,DESIGN,A,THE,for,for,-40.573822021484375,"[-2.9458992, -7.572062, -11.683031, -1.3384718, -6.543916, -3.8502624, -5.926773, -0.7134062]"
a writer got him an anchor .,the mother designed you the glass .,DO,DO,GET,DESIGN,A,THE,for,for,-41.830970764160156,"[-2.9458992, -7.572062, -11.683031, -6.479979, -4.2311563, -7.3509793, -1.5678649]"
a writer got it a newspaper .,the pilot gave the beer to me .,DO,PD,GET,GIVE,A,THE,for,to,-38.30174255371094,"[-2.8518865, -8.691774, -6.893466, -1.574226, -9.759064, -3.2914796, -3.9722054, -1.2676429]"
a writer got it a newspaper .,the pilot gave me the beer .,DO,DO,GET,GIVE,A,THE,for,to,-33.173194885253906,"[-2.8518865, -8.691774, -6.893466, -2.3250976, -1.568618, -9.348549, -1.4938036]"
a writer got it a newspaper .,the secretary supplied the knife to you .,DO,PD,GET,SUPPLY,A,THE,for,to,-46.95231628417969,"[-2.8518865, -9.576479, -13.783454, -1.4110255, -9.878832, -1.0213156, -7.3496976, -1.0796273]"
a writer got it a newspaper .,the secretary supplied you the knife .,DO,DO,GET,SUPPLY,A,THE,for,to,-46.71611022949219,"[-2.8518865, -9.576479, -13.783454, -5.479029, -3.8574297, -9.894799, -1.2730302]"
a writer got it an anchor .,the pilot found the box for them .,DO,PD,GET,FIND,A,THE,for,for,-41.54882049560547,"[-2.8657224, -8.483818, -6.568968, -2.1044931, -7.6737833, -4.8352065, -7.421239, -1.5955892]"
a writer got it an anchor .,the pilot found them the box .,DO,DO,GET,FIND,A,THE,for,for,-37.540958404541016,"[-2.8657224, -8.483818, -6.568968, -5.737211, -4.0115294, -8.4811535, -1.3925552]"
a writer got me a box .,the manager fed the cheese to us .,DO,PD,GET,FEED,A,THE,for,to,-43.664608001708984,"[-2.8648713, -8.658588, -12.54408, -2.415231, -9.749984, -1.4043818, -5.1475477, -0.8799249]"
a writer got me a box .,the manager fed us the cheese .,DO,DO,GET,FEED,A,THE,for,to,-39.07231903076172,"[-2.8648713, -8.658588, -12.54408, -4.2432947, -2.3427362, -7.4998503, -0.9188984]"
a writer got me a hat .,the priest kept the coffee for it .,DO,PD,GET,KEEP,A,THE,for,for,-45.16575622558594,"[-2.9025192, -10.571744, -7.893044, -2.4359229, -8.667202, -4.003854, -7.7016435, -0.98982847]"
a writer got me a hat .,the priest kept it the coffee .,DO,DO,GET,KEEP,A,THE,for,for,-44.75587463378906,"[-2.9025192, -10.571744, -7.893044, -4.411153, -5.70647, -11.860585, -1.4103606]"
a writer got them a meal .,the band designed the cup for you .,DO,PD,GET,DESIGN,A,THE,for,for,-39.01873016357422,"[-2.8763742, -7.671252, -9.329299, -1.2852776, -9.564911, -2.7350936, -4.9236417, -0.6328784]"
a writer got them a meal .,the band designed you the cup .,DO,DO,GET,DESIGN,A,THE,for,for,-42.31538391113281,"[-2.8763742, -7.671252, -9.329299, -6.7027216, -4.0531693, -10.017038, -1.6655315]"
a writer got us a coffee .,the opponent supplied the juice to me .,DO,PD,GET,SUPPLY,A,THE,for,to,-40.18635559082031,"[-2.8789916, -10.524637, -10.600612, -1.4068557, -7.9194794, -2.1765723, -4.0306697, -0.6485361]"
a writer got us a coffee .,the opponent supplied me the juice .,DO,DO,GET,SUPPLY,A,THE,for,to,-38.84763717651367,"[-2.8789916, -10.524637, -10.600612, -3.8846436, -3.3212364, -6.8376894, -0.7998273]"
a writer got us a meal .,the husband made the motor for me .,DO,PD,GET,MAKE,A,THE,for,for,-42.62991714477539,"[-2.8749378, -8.922998, -7.111242, -1.8744303, -10.832685, -5.532715, -4.318227, -1.1626835]"
a writer got us a meal .,the husband made me the motor .,DO,DO,GET,MAKE,A,THE,for,for,-39.09989929199219,"[-2.8749378, -8.922998, -7.111242, -3.341804, -4.2683306, -10.5145855, -2.0659995]"
a writer got us an anchor .,the partner gave the salad to you .,DO,PD,GET,GIVE,A,THE,for,to,-41.42906188964844,"[-2.92878, -10.02785, -6.7915716, -2.7974699, -10.628821, -2.327952, -5.165411, -0.7612041]"
a writer got us an anchor .,the partner gave you the salad .,DO,DO,GET,GIVE,A,THE,for,to,-35.82887649536133,"[-2.92878, -10.02785, -6.7915716, -3.3969257, -1.9204029, -9.770512, -0.99283385]"
a writer got us an instrument .,the lady drew the telephone for you .,DO,PD,GET,DRAW,A,THE,for,for,-40.30277633666992,"[-2.9218056, -9.509198, -7.9492903, -2.3872724, -8.742174, -4.2501225, -3.9386206, -0.6042931]"
a writer got us an instrument .,the lady drew you the telephone .,DO,DO,GET,DRAW,A,THE,for,for,-40.3344841003418,"[-2.9218056, -9.509198, -7.9492903, -4.765778, -4.4766994, -9.785808, -0.92590404]"
a writer got you a box .,the chief gave the instrument to me .,DO,PD,GET,GIVE,A,THE,for,to,-42.83595275878906,"[-2.8431764, -7.575135, -11.9237995, -1.7603842, -12.217114, -1.7810638, -3.4499485, -1.2853279]"
a writer got you a box .,the chief gave me the instrument .,DO,DO,GET,GIVE,A,THE,for,to,-40.16836929321289,"[-2.8431764, -7.575135, -11.9237995, -3.7809148, -2.0689402, -10.144975, -1.8314283]"
a writer got you a newspaper .,the author saved the juice for us .,DO,PD,GET,SAVE,A,THE,for,for,-41.3869514465332,"[-2.8525746, -6.2283797, -11.565091, -1.6180921, -11.936142, -1.8429048, -4.6069865, -0.73678136]"
a writer got you a newspaper .,the author saved us the juice .,DO,DO,GET,SAVE,A,THE,for,for,-39.34320068359375,"[-2.8525746, -6.2283797, -11.565091, -3.4895577, -3.21215, -11.260775, -0.73467064]"
a writer kept a beer for him .,the brother bought the bowl for them .,PD,PD,KEEP,BUY,A,THE,for,for,-43.150123596191406,"[-2.873992, -9.392307, -13.009093, -1.3112559, -9.16333, -1.8150377, -4.6465664, -0.93854094]"
a writer kept a beer for him .,the brother bought them the bowl .,PD,DO,KEEP,BUY,A,THE,for,for,-45.133033752441406,"[-2.873992, -9.392307, -13.009093, -5.145844, -4.134048, -8.855568, -1.7221847]"
a writer kept a beer for it .,the mother designed the glass for you .,PD,PD,KEEP,DESIGN,A,THE,for,for,-39.3181037902832,"[-2.8503065, -7.3170877, -12.90611, -0.979056, -6.3063307, -2.7600737, -5.5182714, -0.680868]"
a writer kept a beer for it .,the mother designed you the glass .,PD,DO,KEEP,DESIGN,A,THE,for,for,-43.16035079956055,"[-2.8503065, -7.3170877, -12.90611, -7.426768, -3.85372, -7.2842665, -1.5220923]"
a writer kept a juice for him .,the scientist purchased the instrument for them .,PD,PD,KEEP,PURCHASE,A,THE,for,for,-42.48643112182617,"[-2.8924003, -9.638824, -12.291195, -1.4423392, -6.7174435, -2.176091, -6.2414875, -1.0866497]"
a writer kept a juice for him .,the scientist purchased them the instrument .,PD,DO,KEEP,PURCHASE,A,THE,for,for,-50.961708068847656,"[-2.8924003, -9.638824, -12.291195, -6.0838623, -5.8120103, -11.831216, -2.412199]"
a writer kept a juice for them .,the opponent showed the coffee to us .,PD,PD,KEEP,SHOW,A,THE,for,to,-43.24169921875,"[-2.8826985, -10.428324, -7.919348, -2.8363247, -11.416017, -3.2541478, -3.6333063, -0.87153757]"
a writer kept a juice for them .,the opponent showed us the coffee .,PD,DO,KEEP,SHOW,A,THE,for,to,-39.789390563964844,"[-2.8826985, -10.428324, -7.919348, -4.7435856, -1.920746, -10.558611, -1.3360802]"
a writer kept him a beer .,the brother bought the bowl for them .,DO,PD,KEEP,BUY,A,THE,for,for,-44.607723236083984,"[-2.9141831, -9.339952, -12.177415, -1.5361499, -9.054929, -2.9012563, -5.5635524, -1.1202841]"
a writer kept him a beer .,the brother bought them the bowl .,DO,DO,KEEP,BUY,A,THE,for,for,-41.87593078613281,"[-2.9141831, -9.339952, -12.177415, -4.6621275, -3.5783384, -8.021735, -1.182182]"
a writer kept him a juice .,the scientist purchased the instrument for them .,DO,PD,KEEP,PURCHASE,A,THE,for,for,-44.79810333251953,"[-2.9273968, -9.59278, -11.9594965, -1.5272301, -6.465662, -2.6005125, -7.9455156, -1.7795085]"
a writer kept him a juice .,the scientist purchased them the instrument .,DO,DO,KEEP,PURCHASE,A,THE,for,for,-50.151756286621094,"[-2.9273968, -9.59278, -11.9594965, -5.733322, -5.4066334, -12.06223, -2.4698997]"
a writer kept it a beer .,the mother designed the glass for you .,DO,PD,KEEP,DESIGN,A,THE,for,for,-39.45770263671875,"[-2.8490176, -7.4467506, -11.920358, -0.83448803, -6.3394575, -3.3546672, -6.09675, -0.61621386]"
a writer kept it a beer .,the mother designed you the glass .,DO,DO,KEEP,DESIGN,A,THE,for,for,-42.08464050292969,"[-2.8490176, -7.4467506, -11.920358, -7.7033587, -3.6827235, -7.044092, -1.4383403]"
a writer kept them a juice .,the opponent showed the coffee to us .,DO,PD,KEEP,SHOW,A,THE,for,to,-43.50520324707031,"[-2.8811352, -10.489439, -7.776544, -2.9318616, -11.416241, -3.3015556, -3.475684, -1.2327414]"
a writer kept them a juice .,the opponent showed us the coffee .,DO,DO,KEEP,SHOW,A,THE,for,to,-38.888572692871094,"[-2.8811352, -10.489439, -7.776544, -4.0407724, -1.9775593, -10.261284, -1.4618399]"
a writer left a bell for him .,the mother sold the computer to us .,PD,PD,LEAVE,SELL,A,THE,for,to,-40.00244140625,"[-2.8622806, -7.2802596, -11.733747, -1.4944676, -7.932859, -1.2829043, -6.4665422, -0.94938403]"
a writer left a bell for him .,the mother sold us the computer .,PD,DO,LEAVE,SELL,A,THE,for,to,-40.853294372558594,"[-2.8622806, -7.2802596, -11.733747, -6.909585, -2.6049685, -8.377903, -1.0845509]"
a writer left a button for you .,the attorney drew the telephone for me .,PD,PD,LEAVE,DRAW,A,THE,for,for,-41.11846160888672,"[-2.8742177, -8.811026, -10.67763, -2.4849553, -8.832283, -3.4994035, -2.861639, -1.0773065]"
a writer left a button for you .,the attorney drew me the telephone .,PD,DO,LEAVE,DRAW,A,THE,for,for,-43.90979766845703,"[-2.8742177, -8.811026, -10.67763, -7.0365853, -4.682617, -8.440686, -1.3870368]"
a writer left a juice for him .,the nurse got the beer for me .,PD,PD,LEAVE,GET,A,THE,for,for,-37.38048553466797,"[-2.8980708, -10.435297, -6.278438, -2.4978113, -7.9918528, -3.3445554, -3.253403, -0.6810563]"
a writer left a juice for him .,the nurse got me the beer .,PD,DO,LEAVE,GET,A,THE,for,for,-35.467716217041016,"[-2.8980708, -10.435297, -6.278438, -5.4380064, -3.1880746, -6.288723, -0.9411073]"
a writer left a juice for him .,the band designed the cup for you .,PD,PD,LEAVE,DESIGN,A,THE,for,for,-38.38161087036133,"[-2.8980708, -7.7846413, -9.622639, -1.0226811, -9.422931, -2.1185186, -4.9598923, -0.5522355]"
a writer left a juice for him .,the band designed you the cup .,PD,DO,LEAVE,DESIGN,A,THE,for,for,-42.45827865600586,"[-2.8980708, -7.7846413, -9.622639, -6.8278103, -4.301349, -9.947089, -1.0766778]"
a writer left a juice for me .,the father caught the pot for her .,PD,PD,LEAVE,CATCH,A,THE,for,for,-41.32957458496094,"[-2.8862817, -7.7545257, -9.85684, -1.4346695, -8.747137, -4.3740115, -5.3019047, -0.9742068]"
a writer left a juice for me .,the father caught her the pot .,PD,DO,LEAVE,CATCH,A,THE,for,for,-42.96196746826172,"[-2.8862817, -7.7545257, -9.85684, -4.9568768, -6.0976257, -9.980566, -1.4292505]"
a writer left a salad for it .,the husband sent the coffee to you .,PD,PD,LEAVE,SEND,A,THE,for,to,-40.37214660644531,"[-2.835788, -8.79309, -7.923839, -1.8345314, -9.343836, -1.3748707, -7.240586, -1.0256076]"
a writer left a salad for it .,the husband sent you the coffee .,PD,DO,LEAVE,SEND,A,THE,for,to,-36.68144989013672,"[-2.835788, -8.79309, -7.923839, -6.370044, -2.683045, -7.0835075, -0.9921359]"
a writer left a salad for me .,the child got the pie for him .,PD,PD,LEAVE,GET,A,THE,for,for,-38.47322082519531,"[-2.8520966, -8.502738, -7.5612803, -2.702203, -8.588126, -3.4288983, -4.2422686, -0.59561217]"
a writer left a salad for me .,the child got him the pie .,PD,DO,LEAVE,GET,A,THE,for,for,-37.09397506713867,"[-2.8520966, -8.502738, -7.5612803, -5.6859465, -3.6621423, -8.101728, -0.72804374]"
a writer left a salad for you .,the brother made the flower for it .,PD,PD,LEAVE,MAKE,A,THE,for,for,-45.26403045654297,"[-2.856045, -9.55462, -8.692226, -2.133267, -11.784918, -2.7121935, -6.4427547, -1.0880076]"
a writer left a salad for you .,the brother made it the flower .,PD,DO,LEAVE,MAKE,A,THE,for,for,-44.136104583740234,"[-2.856045, -9.55462, -8.692226, -2.4279208, -5.407254, -11.715637, -3.4824038]"
a writer left him a bell .,the mother sold the computer to us .,DO,PD,LEAVE,SELL,A,THE,for,to,-40.46979522705078,"[-2.8897326, -7.391399, -11.285349, -1.9753928, -7.7293625, -1.3946677, -6.6775675, -1.1263258]"
a writer left him a bell .,the mother sold us the computer .,DO,DO,LEAVE,SELL,A,THE,for,to,-40.54076385498047,"[-2.8897326, -7.391399, -11.285349, -6.41011, -2.643346, -9.035555, -0.8852737]"
a writer left him a juice .,the nurse got the beer for me .,DO,PD,LEAVE,GET,A,THE,for,for,-38.996604919433594,"[-2.8890476, -10.395573, -6.443926, -2.6724856, -8.131256, -4.490276, -3.2411313, -0.73291034]"
a writer left him a juice .,the nurse got me the beer .,DO,DO,LEAVE,GET,A,THE,for,for,-35.0694694519043,"[-2.8890476, -10.395573, -6.443926, -5.4355783, -3.0855064, -6.121705, -0.69813555]"
a writer left him a juice .,the band designed the cup for you .,DO,PD,LEAVE,DESIGN,A,THE,for,for,-40.014427185058594,"[-2.8890476, -7.8331466, -9.45497, -0.98887837, -9.81377, -2.7643733, -5.649176, -0.6210667]"
a writer left him a juice .,the band designed you the cup .,DO,DO,LEAVE,DESIGN,A,THE,for,for,-42.162628173828125,"[-2.8890476, -7.8331466, -9.45497, -6.906642, -4.1551027, -9.964962, -0.95875573]"
a writer left it a salad .,the husband sent the coffee to you .,DO,PD,LEAVE,SEND,A,THE,for,to,-41.13896942138672,"[-2.8141186, -8.995148, -8.120205, -1.8237748, -9.764597, -1.1642804, -7.48118, -0.9756638]"
a writer left it a salad .,the husband sent you the coffee .,DO,DO,LEAVE,SEND,A,THE,for,to,-36.898956298828125,"[-2.8141186, -8.995148, -8.120205, -6.0465245, -2.6073177, -7.454088, -0.8615557]"
a writer left me a juice .,the father caught the pot for her .,DO,PD,LEAVE,CATCH,A,THE,for,for,-42.77485275268555,"[-2.8944492, -7.8135867, -9.852686, -1.7911985, -8.513558, -5.12689, -5.577791, -1.2046916]"
a writer left me a juice .,the father caught her the pot .,DO,DO,LEAVE,CATCH,A,THE,for,for,-41.8756103515625,"[-2.8944492, -7.8135867, -9.852686, -4.89141, -6.2095675, -9.118546, -1.095366]"
a writer left me a salad .,the child got the pie for him .,DO,PD,LEAVE,GET,A,THE,for,for,-40.25520324707031,"[-2.870973, -8.66968, -7.7758627, -2.558775, -8.326682, -4.2936654, -5.0753317, -0.68423563]"
a writer left me a salad .,the child got him the pie .,DO,DO,LEAVE,GET,A,THE,for,for,-37.05170822143555,"[-2.870973, -8.66968, -7.7758627, -5.4589043, -3.8729815, -7.769905, -0.6334011]"
a writer left you a button .,the attorney drew the telephone for me .,DO,PD,LEAVE,DRAW,A,THE,for,for,-42.89361572265625,"[-2.8602593, -8.809296, -10.887097, -2.4130802, -9.152236, -3.6415956, -3.9590921, -1.1709576]"
a writer left you a button .,the attorney drew me the telephone .,DO,DO,LEAVE,DRAW,A,THE,for,for,-43.834842681884766,"[-2.8602593, -8.809296, -10.887097, -7.0363503, -4.785703, -8.260401, -1.1957352]"
a writer left you a salad .,the brother made the flower for it .,DO,PD,LEAVE,MAKE,A,THE,for,for,-47.10560989379883,"[-2.8645656, -9.55118, -9.053971, -2.0524762, -11.942214, -3.7167118, -6.564113, -1.3603766]"
a writer left you a salad .,the brother made it the flower .,DO,DO,LEAVE,MAKE,A,THE,for,for,-44.000423431396484,"[-2.8645656, -9.55118, -9.053971, -2.385997, -5.5144277, -11.417288, -3.2129931]"
a writer made a crystal for me .,the pilot took the log to you .,PD,PD,MAKE,TAKE,A,THE,for,to,-39.660606384277344,"[-2.7908306, -8.944293, -6.24018, -1.9484161, -9.431803, -2.346987, -7.1879125, -0.7701841]"
a writer made a crystal for me .,the pilot took you the log .,PD,DO,MAKE,TAKE,A,THE,for,to,-42.722862243652344,"[-2.7908306, -8.944293, -6.24018, -5.754147, -6.341811, -9.894633, -2.756968]"
a writer made a crystal for them .,the candidate threw the jacket to us .,PD,PD,MAKE,THROW,A,THE,for,to,-44.99137878417969,"[-2.782961, -9.524162, -9.166235, -2.6314783, -9.415679, -3.908564, -6.5857, -0.9766016]"
a writer made a crystal for them .,the candidate threw us the jacket .,PD,DO,MAKE,THROW,A,THE,for,to,-43.93257141113281,"[-2.782961, -9.524162, -9.166235, -9.33591, -2.5053556, -9.579021, -1.038928]"
a writer made a flower for him .,the candidate got the beer for you .,PD,PD,MAKE,GET,A,THE,for,for,-39.053466796875,"[-2.8563638, -9.453737, -7.527593, -2.20938, -8.97419, -2.7342386, -4.7387886, -0.55917454]"
a writer made a flower for him .,the candidate got you the beer .,PD,DO,MAKE,GET,A,THE,for,for,-37.74531173706055,"[-2.8563638, -9.453737, -7.527593, -6.8889933, -3.2335193, -7.060421, -0.72468334]"
a writer made a flower for you .,the mother brought the coffee to it .,PD,PD,MAKE,BRING,A,THE,for,to,-37.50669479370117,"[-2.8575702, -7.376403, -9.4291115, -1.9457053, -6.589529, -1.4565277, -6.9258165, -0.92603326]"
a writer made a flower for you .,the mother brought it the coffee .,PD,DO,MAKE,BRING,A,THE,for,to,-38.105892181396484,"[-2.8575702, -7.376403, -9.4291115, -3.4138784, -6.539546, -7.668989, -0.8203932]"
a writer made a flower for you .,the opponent purchased the beer for me .,PD,PD,MAKE,PURCHASE,A,THE,for,for,-41.423370361328125,"[-2.8575702, -10.611399, -11.645789, -1.1022183, -7.195945, -2.8736064, -4.268916, -0.8679265]"
a writer made a flower for you .,the opponent purchased me the beer .,PD,DO,MAKE,PURCHASE,A,THE,for,for,-43.449134826660156,"[-2.8575702, -10.611399, -11.645789, -7.1187434, -3.145308, -6.7537613, -1.3165641]"
a writer made a jacket for them .,the parent fed the chocolate to him .,PD,PD,MAKE,FEED,A,THE,for,to,-39.941871643066406,"[-2.8560607, -8.924828, -12.149333, -1.4762928, -8.024266, -2.2988787, -3.4846838, -0.7275285]"
a writer made a jacket for them .,the parent fed him the chocolate .,PD,DO,MAKE,FEED,A,THE,for,to,-36.98862075805664,"[-2.8560607, -8.924828, -12.149333, -3.9824002, -2.6331818, -5.241708, -1.2011106]"
a writer made a knife for it .,the girl showed the plate to you .,PD,PD,MAKE,SHOW,A,THE,for,to,-39.16196060180664,"[-2.8438976, -8.451008, -7.6968327, -2.6978066, -8.932113, -1.4984312, -6.2450933, -0.7967776]"
a writer made a knife for it .,the girl showed you the plate .,PD,DO,MAKE,SHOW,A,THE,for,to,-36.350616455078125,"[-2.8438976, -8.451008, -7.6968327, -5.018428, -1.8058333, -9.299059, -1.235557]"
a writer made a knife for them .,the opponent sold the salad to you .,PD,PD,MAKE,SELL,A,THE,for,to,-42.6834831237793,"[-2.8494473, -10.672644, -9.383533, -1.7372161, -11.087558, -1.8966279, -4.4336042, -0.62285316]"
a writer made a knife for them .,the opponent sold you the salad .,PD,DO,MAKE,SELL,A,THE,for,to,-40.9232063293457,"[-2.8494473, -10.672644, -9.383533, -4.188671, -2.629085, -10.278749, -0.92107666]"
a writer made an iron for him .,the employee brought the television to us .,PD,PD,MAKE,BRING,A,THE,for,to,-37.49317932128906,"[-2.8566256, -9.596511, -7.253139, -1.6256938, -8.19155, -0.8920319, -6.208367, -0.8692583]"
a writer made an iron for him .,the employee brought us the television .,PD,DO,MAKE,BRING,A,THE,for,to,-36.57278060913086,"[-2.8566256, -9.596511, -7.253139, -4.8254523, -1.9561698, -8.922903, -1.1619799]"
a writer made him a flower .,the candidate got the beer for you .,DO,PD,MAKE,GET,A,THE,for,for,-41.87588882446289,"[-2.8917098, -9.505, -7.1326065, -2.5547187, -9.190657, -3.879551, -6.1084547, -0.61319196]"
a writer made him a flower .,the candidate got you the beer .,DO,DO,MAKE,GET,A,THE,for,for,-37.107421875,"[-2.8917098, -9.505, -7.1326065, -6.9553766, -3.51125, -6.5328026, -0.57867503]"
a writer made him an iron .,the employee brought the television to us .,DO,PD,MAKE,BRING,A,THE,for,to,-37.91482162475586,"[-2.889552, -9.523447, -7.1010833, -1.8686665, -8.144372, -0.9600122, -6.386688, -1.0410012]"
a writer made him an iron .,the employee brought us the television .,DO,DO,MAKE,BRING,A,THE,for,to,-36.05293273925781,"[-2.889552, -9.523447, -7.1010833, -4.8811874, -2.043293, -8.512944, -1.1014253]"
a writer made it a knife .,the girl showed the plate to you .,DO,PD,MAKE,SHOW,A,THE,for,to,-40.43115997314453,"[-2.8043685, -8.409227, -7.9467487, -2.5263293, -9.31686, -2.1038692, -6.5501585, -0.77359927]"
a writer made it a knife .,the girl showed you the plate .,DO,DO,MAKE,SHOW,A,THE,for,to,-36.84033966064453,"[-2.8043685, -8.409227, -7.9467487, -5.340272, -1.7223938, -9.597906, -1.0194249]"
a writer made me a crystal .,the pilot took the log to you .,DO,PD,MAKE,TAKE,A,THE,for,to,-40.41594696044922,"[-2.8468235, -8.922489, -5.794187, -2.2356968, -8.960437, -2.4394174, -8.226698, -0.990198]"
a writer made me a crystal .,the pilot took you the log .,DO,DO,MAKE,TAKE,A,THE,for,to,-41.944068908691406,"[-2.8468235, -8.922489, -5.794187, -5.796076, -6.296181, -10.045545, -2.242769]"
a writer made them a crystal .,the candidate threw the jacket to us .,DO,PD,MAKE,THROW,A,THE,for,to,-45.130516052246094,"[-2.8367584, -9.612093, -9.025175, -2.1595283, -9.159727, -3.6783166, -7.698121, -0.9607955]"
a writer made them a crystal .,the candidate threw us the jacket .,DO,DO,MAKE,THROW,A,THE,for,to,-42.59795379638672,"[-2.8367584, -9.612093, -9.025175, -8.970339, -2.2869077, -8.956005, -0.91067463]"
a writer made them a jacket .,the parent fed the chocolate to him .,DO,PD,MAKE,FEED,A,THE,for,to,-41.498748779296875,"[-2.8778484, -8.86569, -11.783316, -1.2157788, -7.991084, -3.6330159, -4.4144034, -0.71761155]"
a writer made them a jacket .,the parent fed him the chocolate .,DO,DO,MAKE,FEED,A,THE,for,to,-37.13227844238281,"[-2.8778484, -8.86569, -11.783316, -4.6365237, -2.6639647, -5.3351994, -0.9697368]"
a writer made them a knife .,the opponent sold the salad to you .,DO,PD,MAKE,SELL,A,THE,for,to,-41.58543395996094,"[-2.850696, -10.506536, -9.4897785, -1.6677771, -10.902921, -1.9276581, -3.6418874, -0.5981843]"
a writer made them a knife .,the opponent sold you the salad .,DO,DO,MAKE,SELL,A,THE,for,to,-40.594207763671875,"[-2.850696, -10.506536, -9.4897785, -3.8203611, -2.5672414, -10.586033, -0.7735602]"
a writer made you a flower .,the mother brought the coffee to it .,DO,PD,MAKE,BRING,A,THE,for,to,-37.77473449707031,"[-2.8719049, -7.467849, -9.686775, -2.0243669, -6.7350664, -1.3236234, -6.7856007, -0.8795486]"
a writer made you a flower .,the mother brought it the coffee .,DO,DO,MAKE,BRING,A,THE,for,to,-38.59709167480469,"[-2.8719049, -7.467849, -9.686775, -3.891066, -6.484923, -7.4728713, -0.7217049]"
a writer made you a flower .,the opponent purchased the beer for me .,DO,PD,MAKE,PURCHASE,A,THE,for,for,-43.401309967041016,"[-2.8719049, -10.607703, -11.874102, -1.1696463, -7.440607, -3.6443198, -4.9747686, -0.81825656]"
a writer made you a flower .,the opponent purchased me the beer .,DO,DO,MAKE,PURCHASE,A,THE,for,for,-43.472965240478516,"[-2.8719049, -10.607703, -11.874102, -7.0009394, -3.3468208, -6.7319994, -1.0394964]"
a writer promised a coffee to him .,the attorney supplied the guitar to you .,PD,PD,PROMISE,SUPPLY,A,THE,to,to,-41.17182159423828,"[-2.9677167, -8.386549, -11.823098, -1.4299973, -9.640989, -0.8785478, -5.532575, -0.5123512]"
a writer promised a coffee to him .,the attorney supplied you the guitar .,PD,DO,PROMISE,SUPPLY,A,THE,to,to,-45.75205993652344,"[-2.9677167, -8.386549, -11.823098, -5.8195333, -5.8989067, -9.784896, -1.0713608]"
a writer promised a coffee to you .,the physician showed the coat to me .,PD,PD,PROMISE,SHOW,A,THE,to,to,-38.98566818237305,"[-2.9416611, -10.624612, -8.234597, -2.744968, -10.606344, -1.1530275, -1.6520417, -1.0284183]"
a writer promised a coffee to you .,the physician showed me the coat .,PD,DO,PROMISE,SHOW,A,THE,to,to,-35.82445526123047,"[-2.9416611, -10.624612, -8.234597, -1.4437937, -2.0095723, -9.122915, -1.447305]"
a writer promised a cup to them .,the lawyer sold the ball to you .,PD,PD,PROMISE,SELL,A,THE,to,to,-39.55707931518555,"[-2.9312148, -8.992912, -11.071581, -1.7714186, -6.970579, -0.51927316, -6.2593374, -1.040761]"
a writer promised a cup to them .,the lawyer sold you the ball .,PD,DO,PROMISE,SELL,A,THE,to,to,-38.732627868652344,"[-2.9312148, -8.992912, -11.071581, -6.9232063, -2.5986848, -4.79235, -1.4226766]"
a writer promised a pie to it .,the pilot made the book for us .,PD,PD,PROMISE,MAKE,A,THE,to,for,-40.259239196777344,"[-2.9183388, -8.763184, -7.0298376, -2.5853496, -9.24484, -4.5482664, -4.1061525, -1.0632737]"
a writer promised a pie to it .,the pilot made us the book .,PD,DO,PROMISE,MAKE,A,THE,to,for,-41.88096618652344,"[-2.9183388, -8.763184, -7.0298376, -7.878162, -5.12547, -9.033621, -1.1323543]"
a writer promised a pie to me .,the parent fed the chocolate to us .,PD,PD,PROMISE,FEED,A,THE,to,to,-39.61955261230469,"[-2.9776492, -8.72268, -11.857425, -1.602671, -7.4886312, -1.7843026, -4.332881, -0.8533151]"
a writer promised a pie to me .,the parent fed us the chocolate .,PD,DO,PROMISE,FEED,A,THE,to,to,-39.705291748046875,"[-2.9776492, -8.72268, -11.857425, -6.144486, -3.082346, -5.717087, -1.2036197]"
a writer promised a pie to us .,the cop showed the flower to him .,PD,PD,PROMISE,SHOW,A,THE,to,to,-36.94084167480469,"[-2.9676027, -10.33359, -5.2719955, -3.3987303, -9.458949, -1.438717, -3.245465, -0.8257917]"
a writer promised a pie to us .,the cop showed him the flower .,PD,DO,PROMISE,SHOW,A,THE,to,to,-34.5657958984375,"[-2.9676027, -10.33359, -5.2719955, -3.5065928, -1.7858925, -9.269468, -1.4306536]"
a writer promised a tea to us .,the doctor kept the beer for them .,PD,PD,PROMISE,KEEP,A,THE,to,for,-39.88212966918945,"[-2.9652696, -8.589964, -6.96539, -3.524645, -7.594887, -3.7373886, -5.583509, -0.9210753]"
a writer promised a tea to us .,the doctor kept them the beer .,PD,DO,PROMISE,KEEP,A,THE,to,for,-41.89472198486328,"[-2.9652696, -8.589964, -6.96539, -7.0671387, -6.3273983, -8.467118, -1.5124444]"
a writer promised a tea to you .,the pilot kept the meal for him .,PD,PD,PROMISE,KEEP,A,THE,to,for,-40.470237731933594,"[-2.948323, -9.018753, -7.9278836, -2.461706, -9.1397505, -3.3454726, -4.4628696, -1.1654767]"
a writer promised a tea to you .,the pilot kept him the meal .,PD,DO,PROMISE,KEEP,A,THE,to,for,-43.87041091918945,"[-2.948323, -9.018753, -7.9278836, -5.402665, -6.788694, -10.376931, -1.4071627]"
a writer promised a tea to you .,the manager fed the meal to them .,PD,PD,PROMISE,FEED,A,THE,to,to,-40.421958923339844,"[-2.948323, -8.504904, -12.636849, -1.7740233, -7.8264303, -0.75871396, -5.0886674, -0.8840478]"
a writer promised a tea to you .,the manager fed them the meal .,PD,DO,PROMISE,FEED,A,THE,to,to,-38.01789474487305,"[-2.948323, -8.504904, -12.636849, -4.685851, -2.6667695, -5.456387, -1.1188123]"
a writer promised him a coffee .,the attorney supplied the guitar to you .,DO,PD,PROMISE,SUPPLY,A,THE,to,to,-43.55515670776367,"[-2.9845893, -8.322281, -11.478078, -1.7063619, -9.805568, -2.228837, -6.495983, -0.5334579]"
a writer promised him a coffee .,the attorney supplied you the guitar .,DO,DO,PROMISE,SUPPLY,A,THE,to,to,-45.561370849609375,"[-2.9845893, -8.322281, -11.478078, -5.5429325, -6.122684, -10.125273, -0.9855367]"
a writer promised it a pie .,the pilot made the book for us .,DO,PD,PROMISE,MAKE,A,THE,to,for,-40.50920104980469,"[-2.9612236, -8.761031, -7.039027, -2.7297325, -8.992065, -5.135238, -3.7709956, -1.1198897]"
a writer promised it a pie .,the pilot made us the book .,DO,DO,PROMISE,MAKE,A,THE,to,for,-41.2974853515625,"[-2.9612236, -8.761031, -7.039027, -7.0195637, -5.326618, -9.220249, -0.9697702]"
a writer promised me a pie .,the parent fed the chocolate to us .,DO,PD,PROMISE,FEED,A,THE,to,to,-43.92237854003906,"[-2.9724607, -8.764912, -11.768313, -1.6139462, -8.274393, -4.25786, -5.4632707, -0.80722076]"
a writer promised me a pie .,the parent fed us the chocolate .,DO,DO,PROMISE,FEED,A,THE,to,to,-38.757606506347656,"[-2.9724607, -8.764912, -11.768313, -6.0243883, -3.4547858, -5.02398, -0.7487663]"
a writer promised them a cup .,the lawyer sold the ball to you .,DO,PD,PROMISE,SELL,A,THE,to,to,-39.605133056640625,"[-2.9403567, -8.987289, -10.998095, -2.1455235, -6.6040707, -0.9053252, -6.099818, -0.92465705]"
a writer promised them a cup .,the lawyer sold you the ball .,DO,DO,PROMISE,SELL,A,THE,to,to,-36.530517578125,"[-2.9403567, -8.987289, -10.998095, -5.5763288, -3.0581794, -4.0003014, -0.9699705]"
a writer promised us a pie .,the cop showed the flower to him .,DO,PD,PROMISE,SHOW,A,THE,to,to,-38.05384063720703,"[-2.988039, -10.287729, -5.0931864, -3.7910144, -9.411268, -2.110444, -3.6043863, -0.76777047]"
a writer promised us a pie .,the cop showed him the flower .,DO,DO,PROMISE,SHOW,A,THE,to,to,-33.6081657409668,"[-2.988039, -10.287729, -5.0931864, -3.6330783, -1.8579725, -8.755352, -0.9928078]"
a writer promised us a tea .,the doctor kept the beer for them .,DO,PD,PROMISE,KEEP,A,THE,to,for,-41.201324462890625,"[-2.974518, -8.664585, -7.0383725, -3.9754553, -7.482655, -3.9601293, -6.355893, -0.7497137]"
a writer promised us a tea .,the doctor kept them the beer .,DO,DO,PROMISE,KEEP,A,THE,to,for,-42.07813262939453,"[-2.974518, -8.664585, -7.0383725, -7.3170996, -6.3838487, -8.787191, -0.9125193]"
a writer promised you a coffee .,the physician showed the coat to me .,DO,PD,PROMISE,SHOW,A,THE,to,to,-40.42436218261719,"[-2.9515991, -10.572305, -8.239359, -3.2066376, -11.002738, -1.5215744, -1.8642881, -1.0658615]"
a writer promised you a coffee .,the physician showed me the coat .,DO,DO,PROMISE,SHOW,A,THE,to,to,-34.72742462158203,"[-2.9515991, -10.572305, -8.239359, -0.95307565, -2.2160552, -8.696258, -1.0987756]"
a writer promised you a tea .,the pilot kept the meal for him .,DO,PD,PROMISE,KEEP,A,THE,to,for,-41.02021026611328,"[-2.9486816, -9.00342, -7.5087967, -2.6685863, -9.45613, -3.414646, -4.8053117, -1.2146351]"
a writer promised you a tea .,the pilot kept him the meal .,DO,DO,PROMISE,KEEP,A,THE,to,for,-43.3237419128418,"[-2.9486816, -9.00342, -7.5087967, -5.433397, -6.951713, -10.19669, -1.281045]"
a writer promised you a tea .,the manager fed the meal to them .,DO,PD,PROMISE,FEED,A,THE,to,to,-41.70451354980469,"[-2.9486816, -8.413229, -12.366917, -1.9844431, -7.549597, -1.3167571, -6.1931276, -0.9317614]"
a writer promised you a tea .,the manager fed them the meal .,DO,DO,PROMISE,FEED,A,THE,to,to,-37.403282165527344,"[-2.9486816, -8.413229, -12.366917, -4.5555997, -3.0537205, -5.0911775, -0.97395456]"
a writer purchased a coffee for them .,the author designed the instrument for us .,PD,PD,PURCHASE,DESIGN,A,THE,for,for,-40.184600830078125,"[-2.9633484, -5.602661, -9.965417, -2.3102257, -11.15631, -1.778988, -5.8414803, -0.56617165]"
a writer purchased a coffee for them .,the author designed us the instrument .,PD,DO,PURCHASE,DESIGN,A,THE,for,for,-47.505393981933594,"[-2.9633484, -5.602661, -9.965417, -11.653656, -6.220086, -9.707364, -1.3928618]"
a writer purchased a juice for me .,the actress gave the glass to it .,PD,PD,PURCHASE,GIVE,A,THE,for,to,-41.890682220458984,"[-2.9874213, -8.885933, -6.260997, -2.4541125, -10.83399, -1.3190484, -8.05884, -1.0903423]"
a writer purchased a juice for me .,the actress gave it the glass .,PD,DO,PURCHASE,GIVE,A,THE,for,to,-41.09128952026367,"[-2.9874213, -8.885933, -6.260997, -4.541124, -4.417517, -10.389124, -3.6091723]"
a writer purchased a juice for me .,the club designed the engine for us .,PD,PD,PURCHASE,DESIGN,A,THE,for,for,-35.04777526855469,"[-2.9874213, -8.050746, -9.368749, -1.2692639, -7.693157, -1.4695048, -3.2695756, -0.9393552]"
a writer purchased a juice for me .,the club designed us the engine .,PD,DO,PURCHASE,DESIGN,A,THE,for,for,-43.3521842956543,"[-2.9874213, -8.050746, -9.368749, -7.2343326, -5.1426215, -8.771542, -1.7967724]"
a writer purchased a juice for me .,the secretary fed the chicken to us .,PD,PD,PURCHASE,FEED,A,THE,for,to,-41.50572204589844,"[-2.9874213, -9.5264, -13.362348, -1.7018334, -7.2072206, -1.3476726, -4.5814104, -0.7914169]"
a writer purchased a juice for me .,the secretary fed us the chicken .,PD,DO,PURCHASE,FEED,A,THE,for,to,-41.79151153564453,"[-2.9874213, -9.5264, -13.362348, -5.3343377, -2.5023787, -6.7298956, -1.3487344]"
a writer purchased a juice for you .,the candidate fed the cheese to him .,PD,PD,PURCHASE,FEED,A,THE,for,to,-41.65563201904297,"[-2.955452, -9.461032, -13.116379, -1.6095295, -8.514531, -1.2637029, -4.069965, -0.66503894]"
a writer purchased a juice for you .,the candidate fed him the cheese .,PD,DO,PURCHASE,FEED,A,THE,for,to,-39.80375289916992,"[-2.955452, -9.461032, -13.116379, -4.7966776, -2.5551262, -5.9485254, -0.97056156]"
a writer purchased a meal for it .,the leader kept the beer for you .,PD,PD,PURCHASE,KEEP,A,THE,for,for,-47.8774528503418,"[-2.9287004, -6.993611, -16.643288, -3.2013345, -7.4683967, -3.8534193, -6.122196, -0.66650856]"
a writer purchased a meal for it .,the leader kept you the beer .,PD,DO,PURCHASE,KEEP,A,THE,for,for,-50.88248825073242,"[-2.9287004, -6.993611, -16.643288, -7.4583516, -7.578596, -8.17894, -1.1010022]"
a writer purchased an iron for you .,the father fed the meal to us .,PD,PD,PURCHASE,FEED,A,THE,for,to,-41.521881103515625,"[-2.942985, -7.699981, -13.243232, -1.2764115, -9.007458, -0.8648573, -5.593029, -0.89392924]"
a writer purchased an iron for you .,the father fed us the meal .,PD,DO,PURCHASE,FEED,A,THE,for,to,-38.53279113769531,"[-2.942985, -7.699981, -13.243232, -5.6913238, -2.5426345, -5.1556063, -1.2570276]"
a writer purchased it a meal .,the leader kept the beer for you .,DO,PD,PURCHASE,KEEP,A,THE,for,for,-47.81090545654297,"[-2.9952664, -7.1476345, -14.979179, -3.5014434, -7.496492, -4.5177383, -6.283681, -0.8894713]"
a writer purchased it a meal .,the leader kept you the beer .,DO,DO,PURCHASE,KEEP,A,THE,for,for,-49.36016845703125,"[-2.9952664, -7.1476345, -14.979179, -7.3642993, -7.5049396, -8.094437, -1.2744111]"
a writer purchased me a juice .,the actress gave the glass to it .,DO,PD,PURCHASE,GIVE,A,THE,for,to,-42.724998474121094,"[-3.0136113, -8.840202, -6.2743664, -2.7443457, -11.1630745, -1.3513923, -8.188443, -1.1495626]"
a writer purchased me a juice .,the actress gave it the glass .,DO,DO,PURCHASE,GIVE,A,THE,for,to,-40.493404388427734,"[-3.0136113, -8.840202, -6.2743664, -4.397768, -4.6637354, -10.354013, -2.9497073]"
a writer purchased me a juice .,the club designed the engine for us .,DO,PD,PURCHASE,DESIGN,A,THE,for,for,-37.641822814941406,"[-3.0136113, -7.994365, -9.252195, -1.5121642, -7.3591967, -2.1499033, -5.136869, -1.2235178]"
a writer purchased me a juice .,the club designed us the engine .,DO,DO,PURCHASE,DESIGN,A,THE,for,for,-41.381473541259766,"[-3.0136113, -7.994365, -9.252195, -5.399521, -5.1483974, -9.259402, -1.313983]"
a writer purchased me a juice .,the secretary fed the chicken to us .,DO,PD,PURCHASE,FEED,A,THE,for,to,-43.2197151184082,"[-3.0136113, -9.602468, -13.299457, -2.0464835, -7.308633, -1.6979319, -5.325519, -0.9256122]"
a writer purchased me a juice .,the secretary fed us the chicken .,DO,DO,PURCHASE,FEED,A,THE,for,to,-40.63114547729492,"[-3.0136113, -9.602468, -13.299457, -4.5869975, -2.7611456, -6.4127593, -0.95470786]"
a writer purchased them a coffee .,the author designed the instrument for us .,DO,PD,PURCHASE,DESIGN,A,THE,for,for,-38.22006607055664,"[-3.064639, -5.6981153, -9.26411, -1.629779, -8.350435, -2.6766474, -6.474759, -1.0615823]"
a writer purchased them a coffee .,the author designed us the instrument .,DO,DO,PURCHASE,DESIGN,A,THE,for,for,-38.615753173828125,"[-3.064639, -5.6981153, -9.26411, -7.980158, -2.8291686, -8.242411, -1.5371519]"
a writer purchased you a juice .,the candidate fed the cheese to him .,DO,PD,PURCHASE,FEED,A,THE,for,to,-44.02619552612305,"[-3.0177865, -9.529262, -13.152746, -2.1288264, -9.347454, -1.9593906, -4.052144, -0.8385862]"
a writer purchased you a juice .,the candidate fed him the cheese .,DO,DO,PURCHASE,FEED,A,THE,for,to,-39.95783996582031,"[-3.0177865, -9.529262, -13.152746, -4.5908365, -2.7928638, -6.1014194, -0.77292615]"
a writer purchased you an iron .,the father fed the meal to us .,DO,PD,PURCHASE,FEED,A,THE,for,to,-42.63481903076172,"[-2.9895082, -7.868433, -12.316875, -1.4845616, -9.427797, -1.1502991, -6.39387, -1.0034742]"
a writer purchased you an iron .,the father fed us the meal .,DO,DO,PURCHASE,FEED,A,THE,for,to,-38.05046081542969,"[-2.9895082, -7.868433, -12.316875, -5.023936, -2.66135, -5.9572754, -1.2330858]"
a writer saved a chocolate for it .,the scientist threw the flower to you .,PD,PD,SAVE,THROW,A,THE,for,to,-43.978607177734375,"[-2.8976912, -9.777468, -9.201984, -2.4085894, -7.7206364, -3.569137, -7.5348372, -0.8682641]"
a writer saved a chocolate for it .,the scientist threw you the flower .,PD,DO,SAVE,THROW,A,THE,for,to,-42.63600158691406,"[-2.8976912, -9.777468, -9.201984, -8.816823, -2.9803565, -7.637569, -1.3241117]"
a writer saved a crystal for him .,the company designed the iron for them .,PD,PD,SAVE,DESIGN,A,THE,for,for,-37.42256164550781,"[-2.940443, -6.8069105, -7.923406, -1.2211355, -9.686986, -3.1665764, -4.9470468, -0.73005784]"
a writer saved a crystal for him .,the company designed them the iron .,PD,DO,SAVE,DESIGN,A,THE,for,for,-45.46949005126953,"[-2.940443, -6.8069105, -7.923406, -6.405105, -6.460738, -11.926946, -3.0059428]"
a writer saved a crystal for me .,the adult drew the bell for you .,PD,PD,SAVE,DRAW,A,THE,for,for,-44.360679626464844,"[-2.9235482, -10.014185, -10.741123, -2.712483, -8.689687, -2.682581, -5.7890654, -0.8080065]"
a writer saved a crystal for me .,the adult drew you the bell .,PD,DO,SAVE,DRAW,A,THE,for,for,-46.69641876220703,"[-2.9235482, -10.014185, -10.741123, -7.7022386, -3.849629, -10.270294, -1.1954033]"
a writer saved a crystal for them .,the leader left the coat for you .,PD,PD,SAVE,LEAVE,A,THE,for,for,-43.39559555053711,"[-2.9065354, -6.895332, -10.984695, -2.2055156, -12.344966, -4.0007024, -3.3496966, -0.708151]"
a writer saved a crystal for them .,the leader left you the coat .,PD,DO,SAVE,LEAVE,A,THE,for,for,-55.66410827636719,"[-2.9065354, -6.895332, -10.984695, -5.132043, -12.204599, -16.349241, -1.191662]"
a writer saved a crystal for us .,the father fed the pie to them .,PD,PD,SAVE,FEED,A,THE,for,to,-43.22960662841797,"[-2.9256282, -7.8357697, -12.491198, -1.7641139, -9.925865, -1.1034896, -6.3135166, -0.87002313]"
a writer saved a crystal for us .,the father fed them the pie .,PD,DO,SAVE,FEED,A,THE,for,to,-41.26353454589844,"[-2.9256282, -7.8357697, -12.491198, -6.3296733, -3.0875363, -7.3637137, -1.2300143]"
a writer saved a tea for him .,the lady threw the coffee to them .,PD,PD,SAVE,THROW,A,THE,for,to,-37.700836181640625,"[-2.9354343, -9.392757, -7.513032, -2.179217, -4.8055773, -3.9211092, -6.1737213, -0.7799885]"
a writer saved a tea for him .,the lady threw them the coffee .,PD,DO,SAVE,THROW,A,THE,for,to,-34.7163200378418,"[-2.9354343, -9.392757, -7.513032, -6.512946, -3.4585466, -4.0679913, -0.8356141]"
a writer saved a tea for me .,the worker bought the beer for them .,PD,PD,SAVE,BUY,A,THE,for,for,-35.80693054199219,"[-2.9216056, -9.896548, -7.9986157, -1.8880304, -5.2731853, -1.7217534, -5.1476254, -0.9595684]"
a writer saved a tea for me .,the worker bought them the beer .,PD,DO,SAVE,BUY,A,THE,for,for,-39.25968933105469,"[-2.9216056, -9.896548, -7.9986157, -6.506925, -4.6315007, -5.611451, -1.6930404]"
a writer saved a tea for them .,the employer sent the flower to you .,PD,PD,SAVE,SEND,A,THE,for,to,-41.35252380371094,"[-2.899235, -9.727736, -7.5885906, -2.5146918, -10.842848, -1.014721, -5.453696, -1.3110064]"
a writer saved a tea for them .,the employer sent you the flower .,PD,DO,SAVE,SEND,A,THE,for,to,-40.33180236816406,"[-2.899235, -9.727736, -7.5885906, -3.9319434, -3.1362023, -11.208717, -1.8393723]"
a writer saved a telephone for you .,the husband left the meal for me .,PD,PD,SAVE,LEAVE,A,THE,for,for,-35.408233642578125,"[-2.8966277, -8.822169, -6.7076545, -1.7110577, -9.144269, -2.0200891, -2.8956623, -1.2107072]"
a writer saved a telephone for you .,the husband left me the meal .,PD,DO,SAVE,LEAVE,A,THE,for,for,-35.39387130737305,"[-2.8966277, -8.822169, -6.7076545, -3.1810865, -3.355739, -8.577877, -1.8527145]"
a writer saved a telephone for you .,the nurse threw the engine to us .,PD,PD,SAVE,THROW,A,THE,for,to,-46.216514587402344,"[-2.8966277, -10.475021, -8.5924225, -1.7881999, -9.829004, -3.4931931, -8.176317, -0.96572924]"
a writer saved a telephone for you .,the nurse threw us the engine .,PD,DO,SAVE,THROW,A,THE,for,to,-45.76591873168945,"[-2.8966277, -10.475021, -8.5924225, -7.9663672, -2.8118415, -11.83507, -1.1885694]"
a writer saved him a crystal .,the company designed the iron for them .,DO,PD,SAVE,DESIGN,A,THE,for,for,-39.014198303222656,"[-2.9463768, -6.7304173, -7.8327007, -1.0484837, -9.921943, -3.572874, -6.071886, -0.88951814]"
a writer saved him a crystal .,the company designed them the iron .,DO,DO,SAVE,DESIGN,A,THE,for,for,-41.48758316040039,"[-2.9463768, -6.7304173, -7.8327007, -5.8103046, -6.1112194, -10.486118, -1.5704447]"
a writer saved him a tea .,the lady threw the coffee to them .,DO,PD,SAVE,THROW,A,THE,for,to,-39.200191497802734,"[-2.9577177, -9.386406, -7.98339, -2.201664, -5.0124063, -4.243822, -6.545479, -0.8693054]"
a writer saved him a tea .,the lady threw them the coffee .,DO,DO,SAVE,THROW,A,THE,for,to,-33.9470329284668,"[-2.9577177, -9.386406, -7.98339, -6.2750797, -3.0624402, -3.7527626, -0.5292361]"
a writer saved it a chocolate .,the scientist threw the flower to you .,DO,PD,SAVE,THROW,A,THE,for,to,-43.96388626098633,"[-2.934085, -9.725891, -8.970457, -2.4773502, -7.918763, -3.7429562, -7.2259283, -0.9684552]"
a writer saved it a chocolate .,the scientist threw you the flower .,DO,DO,SAVE,THROW,A,THE,for,to,-41.54492950439453,"[-2.934085, -9.725891, -8.970457, -8.443472, -2.6757026, -7.744124, -1.0511978]"
a writer saved me a crystal .,the adult drew the bell for you .,DO,PD,SAVE,DRAW,A,THE,for,for,-44.34761428833008,"[-2.9442878, -10.023251, -10.335768, -2.5858183, -8.015316, -3.7787952, -5.810928, -0.8534484]"
a writer saved me a crystal .,the adult drew you the bell .,DO,DO,SAVE,DRAW,A,THE,for,for,-43.29865264892578,"[-2.9442878, -10.023251, -10.335768, -7.1283016, -2.9845865, -9.00712, -0.8753383]"
a writer saved me a tea .,the worker bought the beer for them .,DO,PD,SAVE,BUY,A,THE,for,for,-37.54724884033203,"[-2.9593647, -10.009481, -8.224199, -1.5885395, -5.3127155, -2.9787085, -5.4367275, -1.0375134]"
a writer saved me a tea .,the worker bought them the beer .,DO,DO,SAVE,BUY,A,THE,for,for,-37.49998092651367,"[-2.9593647, -10.009481, -8.224199, -5.870333, -4.3973694, -4.9210687, -1.1181635]"
a writer saved them a crystal .,the leader left the coat for you .,DO,PD,SAVE,LEAVE,A,THE,for,for,-46.20030212402344,"[-2.9237936, -7.1075134, -11.642128, -2.3841634, -13.4562025, -4.7439823, -3.1543493, -0.78817093]"
a writer saved them a crystal .,the leader left you the coat .,DO,DO,SAVE,LEAVE,A,THE,for,for,-54.548667907714844,"[-2.9237936, -7.1075134, -11.642128, -4.9953227, -12.198753, -15.086064, -0.59509134]"
a writer saved them a tea .,the employer sent the flower to you .,DO,PD,SAVE,SEND,A,THE,for,to,-40.52766036987305,"[-2.9444523, -9.808329, -7.902281, -2.4687035, -10.908728, -1.5552287, -3.7155962, -1.224344]"
a writer saved them a tea .,the employer sent you the flower .,DO,DO,SAVE,SEND,A,THE,for,to,-38.11598205566406,"[-2.9444523, -9.808329, -7.902281, -2.3132136, -2.749774, -11.035307, -1.3626289]"
a writer saved us a crystal .,the father fed the pie to them .,DO,PD,SAVE,FEED,A,THE,for,to,-43.03772735595703,"[-2.9407988, -7.8273916, -11.982715, -1.7786645, -9.764736, -0.92830676, -6.838589, -0.9765257]"
a writer saved us a crystal .,the father fed them the pie .,DO,DO,SAVE,FEED,A,THE,for,to,-39.385948181152344,"[-2.9407988, -7.8273916, -11.982715, -5.4823093, -3.1027803, -7.004039, -1.0459114]"
a writer saved you a telephone .,the husband left the meal for me .,DO,PD,SAVE,LEAVE,A,THE,for,for,-38.1165771484375,"[-2.9322581, -9.10653, -6.578055, -1.7784367, -9.714831, -2.9489887, -3.7146804, -1.3427955]"
a writer saved you a telephone .,the husband left me the meal .,DO,DO,SAVE,LEAVE,A,THE,for,for,-34.78219985961914,"[-2.9322581, -9.10653, -6.578055, -2.8239584, -3.0070524, -8.528406, -1.8059381]"
a writer saved you a telephone .,the nurse threw the engine to us .,DO,PD,SAVE,THROW,A,THE,for,to,-46.45209503173828,"[-2.9322581, -10.635009, -8.636231, -1.8740945, -10.026127, -3.4548168, -8.03914, -0.8544215]"
a writer saved you a telephone .,the nurse threw us the engine .,DO,DO,SAVE,THROW,A,THE,for,to,-44.09709930419922,"[-2.9322581, -10.635009, -8.636231, -7.371037, -2.329552, -11.351715, -0.84129375]"
a writer sent a beer to you .,the wife got the chicken for him .,PD,PD,SEND,GET,A,THE,to,for,-40.207855224609375,"[-2.854089, -8.539436, -9.757479, -2.1259294, -7.4036326, -4.6619644, -4.3124475, -0.55287725]"
a writer sent a beer to you .,the wife got him the chicken .,PD,DO,SEND,GET,A,THE,to,for,-37.993221282958984,"[-2.854089, -8.539436, -9.757479, -6.023087, -3.4737167, -6.674488, -0.67092717]"
a writer sent a cheese to you .,the employee sold the coffee to her .,PD,PD,SEND,SELL,A,THE,to,to,-36.28120422363281,"[-2.856464, -9.833387, -9.751179, -1.0392966, -6.3531494, -0.9271064, -3.2629335, -2.257687]"
a writer sent a cheese to you .,the employee sold her the coffee .,PD,DO,SEND,SELL,A,THE,to,to,-39.002899169921875,"[-2.856464, -9.833387, -9.751179, -3.0465531, -6.4515553, -5.973052, -1.0907093]"
a writer sent a chicken to her .,the champion delivered the anchor for us .,PD,PD,SEND,DELIVER,A,THE,to,for,-46.899017333984375,"[-2.8476439, -10.199971, -11.05979, -2.0217319, -10.332178, -2.701568, -6.747599, -0.988536]"
a writer sent a chicken to her .,the champion delivered us the anchor .,PD,DO,SEND,DELIVER,A,THE,to,for,-45.88536834716797,"[-2.8476439, -10.199971, -11.05979, -6.7930713, -2.5377903, -10.787946, -1.6591576]"
a writer sent a chocolate to me .,the leader caught the box for us .,PD,PD,SEND,CATCH,A,THE,to,for,-46.86417007446289,"[-2.846702, -6.9440937, -14.228413, -1.9270196, -10.558368, -3.7890613, -5.7057943, -0.86471903]"
a writer sent a chocolate to me .,the leader caught us the box .,PD,DO,SEND,CATCH,A,THE,to,for,-47.35814666748047,"[-2.846702, -6.9440937, -14.228413, -6.0362964, -5.7719774, -10.271698, -1.2589694]"
a writer sent a cigarette to it .,the lawyer drew the flower for us .,PD,PD,SEND,DRAW,A,THE,to,for,-45.95092010498047,"[-2.8368814, -8.852165, -9.352448, -2.5202565, -10.886159, -3.6724913, -6.8019104, -1.0286059]"
a writer sent a cigarette to it .,the lawyer drew us the flower .,PD,DO,SEND,DRAW,A,THE,to,for,-44.631622314453125,"[-2.8368814, -8.852165, -9.352448, -8.560002, -4.045099, -9.343057, -1.6419694]"
a writer sent a gun to him .,the student sold the salad to us .,PD,PD,SEND,SELL,A,THE,to,to,-42.859474182128906,"[-2.8424056, -8.22443, -10.687055, -1.5886402, -11.308218, -1.0592254, -6.41504, -0.73446053]"
a writer sent a gun to him .,the student sold us the salad .,PD,DO,SEND,SELL,A,THE,to,to,-43.409732818603516,"[-2.8424056, -8.22443, -10.687055, -7.0645304, -2.7827282, -10.857452, -0.95113206]"
a writer sent a gun to me .,the guy supplied the coffee to you .,PD,PD,SEND,SUPPLY,A,THE,to,to,-37.111900329589844,"[-2.84383, -7.967624, -12.4577675, -0.7646079, -6.4668446, -3.1096954, -2.9060278, -0.59550285]"
a writer sent a gun to me .,the guy supplied you the coffee .,PD,DO,SEND,SUPPLY,A,THE,to,to,-36.92695617675781,"[-2.84383, -7.967624, -12.4577675, -4.4299254, -3.1613247, -5.3178635, -0.74862087]"
a writer sent an instrument to you .,the club designed the flower for it .,PD,PD,SEND,DESIGN,A,THE,to,for,-43.58699035644531,"[-2.8547382, -8.066669, -9.842618, -1.1378218, -11.150028, -2.8485684, -5.4547668, -2.2317786]"
a writer sent an instrument to you .,the club designed it the flower .,PD,DO,SEND,DESIGN,A,THE,to,for,-46.59557342529297,"[-2.8547382, -8.066669, -9.842618, -3.9703135, -6.5846133, -13.036777, -2.2398453]"
a writer sent her a chicken .,the champion delivered the anchor for us .,DO,PD,SEND,DELIVER,A,THE,to,for,-46.62492370605469,"[-2.8964062, -10.127453, -10.630268, -2.2151957, -10.062073, -2.664617, -6.8873644, -1.1415449]"
a writer sent her a chicken .,the champion delivered us the anchor .,DO,DO,SEND,DELIVER,A,THE,to,for,-44.25551986694336,"[-2.8964062, -10.127453, -10.630268, -5.8656216, -2.5071914, -10.69992, -1.5286579]"
a writer sent him a gun .,the student sold the salad to us .,DO,PD,SEND,SELL,A,THE,to,to,-45.026390075683594,"[-2.8971019, -8.188034, -10.619374, -2.1147647, -11.557688, -1.7981538, -7.0246058, -0.8266703]"
a writer sent him a gun .,the student sold us the salad .,DO,DO,SEND,SELL,A,THE,to,to,-42.94136047363281,"[-2.8971019, -8.188034, -10.619374, -6.7065787, -3.1090293, -10.602713, -0.81853056]"
a writer sent it a cigarette .,the lawyer drew the flower for us .,DO,PD,SEND,DRAW,A,THE,to,for,-45.748817443847656,"[-2.8900185, -8.900019, -9.234708, -2.6507857, -11.230627, -3.6601572, -5.899845, -1.2826592]"
a writer sent it a cigarette .,the lawyer drew us the flower .,DO,DO,SEND,DRAW,A,THE,to,for,-43.19695281982422,"[-2.8900185, -8.900019, -9.234708, -7.9277067, -3.5887265, -9.170563, -1.4852146]"
a writer sent me a chocolate .,the leader caught the box for us .,DO,PD,SEND,CATCH,A,THE,to,for,-49.10069274902344,"[-2.8504453, -6.7928734, -14.419708, -1.8572596, -10.537907, -3.7017548, -7.6731234, -1.2676224]"
a writer sent me a chocolate .,the leader caught us the box .,DO,DO,SEND,CATCH,A,THE,to,for,-46.29080581665039,"[-2.8504453, -6.7928734, -14.419708, -5.041003, -6.0133066, -10.07609, -1.0973778]"
a writer sent me a gun .,the guy supplied the coffee to you .,DO,PD,SEND,SUPPLY,A,THE,to,to,-39.10791015625,"[-2.8733368, -7.880545, -11.689045, -0.99490607, -7.0434275, -4.475335, -3.5323513, -0.6189642]"
a writer sent me a gun .,the guy supplied you the coffee .,DO,DO,SEND,SUPPLY,A,THE,to,to,-37.34465026855469,"[-2.8733368, -7.880545, -11.689045, -4.5332665, -3.8127422, -5.9304447, -0.6252687]"
a writer sent you a beer .,the wife got the chicken for him .,DO,PD,SEND,GET,A,THE,to,for,-39.73834228515625,"[-2.8786035, -8.599026, -9.294809, -2.3895597, -7.164669, -4.429323, -4.3771296, -0.6052204]"
a writer sent you a beer .,the wife got him the chicken .,DO,DO,SEND,GET,A,THE,to,for,-37.01096725463867,"[-2.8786035, -8.599026, -9.294809, -5.7239265, -3.6106205, -6.2880135, -0.6159689]"
a writer sent you a cheese .,the employee sold the coffee to her .,DO,PD,SEND,SELL,A,THE,to,to,-38.40224838256836,"[-2.8890727, -9.718023, -9.134443, -1.5279338, -6.283267, -1.95821, -3.5830672, -3.30823]"
a writer sent you a cheese .,the employee sold her the coffee .,DO,DO,SEND,SELL,A,THE,to,to,-38.402252197265625,"[-2.8890727, -9.718023, -9.134443, -3.419874, -7.103321, -5.3234444, -0.8140742]"
a writer sent you an instrument .,the club designed the flower for it .,DO,PD,SEND,DESIGN,A,THE,to,for,-44.11482238769531,"[-2.907705, -8.002319, -9.327658, -1.3403656, -10.859392, -3.2035284, -5.656137, -2.8177145]"
a writer sent you an instrument .,the club designed it the flower .,DO,DO,SEND,DESIGN,A,THE,to,for,-45.59378433227539,"[-2.907705, -8.002319, -9.327658, -3.8179944, -6.8422356, -12.741222, -1.9546493]"
a writer showed a beer to him .,the buddy supplied the tea to me .,PD,PD,SHOW,SUPPLY,A,THE,to,to,-40.34184265136719,"[-2.8529992, -12.542513, -11.223527, -1.685217, -7.6636915, -2.4584394, -1.2704636, -0.6449906]"
a writer showed a beer to him .,the buddy supplied me the tea .,PD,DO,SHOW,SUPPLY,A,THE,to,to,-40.600921630859375,"[-2.8529992, -12.542513, -11.223527, -3.07261, -2.9922893, -6.7957397, -1.1212465]"
a writer showed a beer to me .,the daughter bought the tea for them .,PD,PD,SHOW,BUY,A,THE,to,for,-42.88135528564453,"[-2.8655243, -9.363545, -11.999733, -1.5373102, -7.5463014, -2.6885488, -5.742175, -1.1382178]"
a writer showed a beer to me .,the daughter bought them the tea .,PD,DO,SHOW,BUY,A,THE,to,for,-42.73164367675781,"[-2.8655243, -9.363545, -11.999733, -5.6285186, -4.0266542, -7.646703, -1.2009643]"
a writer showed a beer to you .,the hero sold the meal to us .,PD,PD,SHOW,SELL,A,THE,to,to,-40.32263946533203,"[-2.8857741, -9.588182, -10.883692, -1.7205251, -8.960084, -1.059168, -4.470111, -0.7551019]"
a writer showed a beer to you .,the hero sold us the meal .,PD,DO,SHOW,SELL,A,THE,to,to,-41.022342681884766,"[-2.8857741, -9.588182, -10.883692, -5.964351, -2.9368834, -7.9636803, -0.7997798]"
a writer showed a candy to them .,the worker gave the juice to him .,PD,PD,SHOW,GIVE,A,THE,to,to,-33.18259811401367,"[-2.8872995, -10.000919, -6.712242, -1.6750709, -8.186675, -0.1949252, -2.8755152, -0.64995176]"
a writer showed a candy to them .,the worker gave him the juice .,PD,DO,SHOW,GIVE,A,THE,to,to,-31.815185546875,"[-2.8872995, -10.000919, -6.712242, -1.873254, -2.4466324, -6.9133625, -0.98147386]"
a writer showed a chocolate to you .,the bishop threw the tea to it .,PD,PD,SHOW,THROW,A,THE,to,to,-43.989532470703125,"[-2.8546257, -10.7234535, -11.3691435, -2.018426, -7.088987, -2.5186534, -6.5495367, -0.866709]"
a writer showed a chocolate to you .,the bishop threw it the tea .,PD,DO,SHOW,THROW,A,THE,to,to,-47.84160232543945,"[-2.8546257, -10.7234535, -11.3691435, -5.408679, -5.8494983, -10.63844, -0.9977637]"
a writer showed a cup to her .,the man drew the coat for them .,PD,PD,SHOW,DRAW,A,THE,to,for,-41.063053131103516,"[-2.85228, -5.497924, -8.431727, -2.7176137, -7.5261683, -6.3433113, -6.2711973, -1.4228299]"
a writer showed a cup to her .,the man drew them the coat .,PD,DO,SHOW,DRAW,A,THE,to,for,-40.15618133544922,"[-2.85228, -5.497924, -8.431727, -8.009533, -5.636889, -7.3190413, -2.4087858]"
a writer showed a cup to it .,the scientist threw the flower to you .,PD,PD,SHOW,THROW,A,THE,to,to,-44.304569244384766,"[-2.8482826, -9.900943, -9.329387, -1.8927317, -8.437988, -2.6213195, -8.531989, -0.74192923]"
a writer showed a cup to it .,the scientist threw you the flower .,PD,DO,SHOW,THROW,A,THE,to,to,-43.83618927001953,"[-2.8482826, -9.900943, -9.329387, -9.951959, -2.8525126, -7.785396, -1.1677103]"
a writer showed a tea to me .,the lawyer saved the newspaper for them .,PD,PD,SHOW,SAVE,A,THE,to,for,-42.12770080566406,"[-2.847656, -9.137091, -12.565363, -1.1623635, -7.2017035, -2.5013032, -6.06454, -0.6476797]"
a writer showed a tea to me .,the lawyer saved them the newspaper .,PD,DO,SHOW,SAVE,A,THE,to,for,-46.48820495605469,"[-2.847656, -9.137091, -12.565363, -5.8169694, -3.4285202, -11.235006, -1.4575969]"
a writer showed a tea to us .,the lady brought the key to it .,PD,PD,SHOW,BRING,A,THE,to,to,-35.982704162597656,"[-2.8632197, -9.55571, -6.8832407, -2.229352, -6.63842, -0.94348, -5.9798183, -0.88946545]"
a writer showed a tea to us .,the lady brought it the key .,PD,DO,SHOW,BRING,A,THE,to,to,-39.313053131103516,"[-2.8632197, -9.55571, -6.8832407, -4.3952713, -6.8191442, -7.2831736, -1.5132962]"
a writer showed her a cup .,the man drew the coat for them .,DO,PD,SHOW,DRAW,A,THE,to,for,-40.72177505493164,"[-2.875298, -5.6215878, -8.506098, -2.7936552, -7.804592, -5.700425, -6.195609, -1.2245113]"
a writer showed her a cup .,the man drew them the coat .,DO,DO,SHOW,DRAW,A,THE,to,for,-38.615028381347656,"[-2.875298, -5.6215878, -8.506098, -7.499075, -5.079243, -7.6530867, -1.3806418]"
a writer showed him a beer .,the buddy supplied the tea to me .,DO,PD,SHOW,SUPPLY,A,THE,to,to,-43.22648620605469,"[-2.8857598, -12.343024, -11.638119, -1.9332056, -7.649047, -4.2082176, -1.8365719, -0.73253965]"
a writer showed him a beer .,the buddy supplied me the tea .,DO,DO,SHOW,SUPPLY,A,THE,to,to,-39.49422836303711,"[-2.8857598, -12.343024, -11.638119, -2.465125, -3.0247746, -6.3203516, -0.8170757]"
a writer showed it a cup .,the scientist threw the flower to you .,DO,PD,SHOW,THROW,A,THE,to,to,-44.191444396972656,"[-2.869197, -9.71805, -9.338967, -1.9384274, -8.015156, -3.534196, -7.971311, -0.8061366]"
a writer showed it a cup .,the scientist threw you the flower .,DO,DO,SHOW,THROW,A,THE,to,to,-42.548187255859375,"[-2.869197, -9.71805, -9.338967, -9.382086, -2.7412858, -7.537384, -0.9612175]"
a writer showed me a beer .,the daughter bought the tea for them .,DO,PD,SHOW,BUY,A,THE,to,for,-43.69033432006836,"[-2.8693476, -9.307973, -11.474379, -2.1239727, -7.954741, -3.0412545, -5.8280916, -1.0905747]"
a writer showed me a beer .,the daughter bought them the tea .,DO,DO,SHOW,BUY,A,THE,to,for,-42.039085388183594,"[-2.8693476, -9.307973, -11.474379, -5.480485, -4.5286756, -7.62421, -0.7540157]"
a writer showed me a tea .,the lawyer saved the newspaper for them .,DO,PD,SHOW,SAVE,A,THE,to,for,-43.54707717895508,"[-2.8634045, -9.071392, -12.2779455, -1.7275028, -7.6590466, -3.0777268, -6.284256, -0.5858033]"
a writer showed me a tea .,the lawyer saved them the newspaper .,DO,DO,SHOW,SAVE,A,THE,to,for,-44.711952209472656,"[-2.8634045, -9.071392, -12.2779455, -5.7160845, -3.6159062, -9.992901, -1.1743156]"
a writer showed them a candy .,the worker gave the juice to him .,DO,PD,SHOW,GIVE,A,THE,to,to,-36.997314453125,"[-2.8521278, -10.0136175, -6.7602425, -2.0450478, -9.11928, -0.43227932, -5.056447, -0.71827257]"
a writer showed them a candy .,the worker gave him the juice .,DO,DO,SHOW,GIVE,A,THE,to,to,-31.440540313720703,"[-2.8521278, -10.0136175, -6.7602425, -1.7248831, -2.9989007, -6.506734, -0.5840342]"
a writer showed us a tea .,the lady brought the key to it .,DO,PD,SHOW,BRING,A,THE,to,to,-37.72676086425781,"[-2.8628614, -9.437818, -7.309918, -2.8644881, -6.429181, -1.2231681, -6.844489, -0.75483555]"
a writer showed us a tea .,the lady brought it the key .,DO,DO,SHOW,BRING,A,THE,to,to,-39.09526824951172,"[-2.8628614, -9.437818, -7.309918, -3.9097934, -6.337931, -8.050619, -1.1863279]"
a writer showed you a beer .,the hero sold the meal to us .,DO,PD,SHOW,SELL,A,THE,to,to,-43.62875747680664,"[-2.873559, -9.4873, -10.8724375, -2.031877, -9.400838, -1.9218811, -6.294817, -0.74604857]"
a writer showed you a beer .,the hero sold us the meal .,DO,DO,SHOW,SELL,A,THE,to,to,-40.05862045288086,"[-2.873559, -9.4873, -10.8724375, -5.4158626, -2.861653, -7.9235325, -0.6242771]"
a writer showed you a chocolate .,the bishop threw the tea to it .,DO,PD,SHOW,THROW,A,THE,to,to,-43.54450988769531,"[-2.860117, -10.613229, -10.618315, -1.8205519, -6.9734073, -2.9561121, -6.7538066, -0.948969]"
a writer showed you a chocolate .,the bishop threw it the tea .,DO,DO,SHOW,THROW,A,THE,to,to,-45.69324493408203,"[-2.860117, -10.613229, -10.618315, -5.015999, -6.0245724, -9.815185, -0.7458299]"
a writer sold a candy to him .,the wife showed the telephone to you .,PD,PD,SELL,SHOW,A,THE,to,to,-41.713172912597656,"[-2.9434958, -8.4120655, -9.985656, -3.1492662, -9.198102, -0.56768906, -6.7705584, -0.68634284]"
a writer sold a candy to him .,the wife showed you the telephone .,PD,DO,SELL,SHOW,A,THE,to,to,-39.679443359375,"[-2.9434958, -8.4120655, -9.985656, -6.0564623, -2.059429, -8.915688, -1.306647]"
a writer sold a coffee to us .,the attorney gave the instrument to you .,PD,PD,SELL,GIVE,A,THE,to,to,-41.462345123291016,"[-2.910615, -8.675137, -8.078753, -1.8589561, -12.720933, -0.8419539, -5.677036, -0.69896114]"
a writer sold a coffee to us .,the attorney gave you the instrument .,PD,DO,SELL,GIVE,A,THE,to,to,-38.787132263183594,"[-2.910615, -8.675137, -8.078753, -4.948044, -1.7007308, -10.974983, -1.4988722]"
a writer sold a pie to me .,the brother saved the juice for you .,PD,PD,SELL,SAVE,A,THE,to,for,-47.93147277832031,"[-2.9233854, -9.559339, -13.977627, -1.7518319, -11.813239, -3.0590634, -4.174554, -0.67243123]"
a writer sold a pie to me .,the brother saved you the juice .,PD,DO,SELL,SAVE,A,THE,to,for,-47.672306060791016,"[-2.9233854, -9.559339, -13.977627, -5.084915, -4.1319656, -10.998374, -0.99670106]"
a writer sold a tea to us .,the prince showed the juice to them .,PD,PD,SELL,SHOW,A,THE,to,to,-40.74745178222656,"[-2.910103, -10.062489, -8.158211, -2.8051693, -10.620804, -0.6465661, -4.664836, -0.8792746]"
a writer sold a tea to us .,the prince showed them the juice .,PD,DO,SELL,SHOW,A,THE,to,to,-38.784549713134766,"[-2.910103, -10.062489, -8.158211, -4.915943, -1.6520947, -9.765501, -1.3202087]"
a writer sold him a candy .,the wife showed the telephone to you .,DO,PD,SELL,SHOW,A,THE,to,to,-42.34771728515625,"[-2.9690037, -8.298602, -9.834857, -3.4436264, -9.260836, -0.9372656, -6.883934, -0.7195921]"
a writer sold him a candy .,the wife showed you the telephone .,DO,DO,SELL,SHOW,A,THE,to,to,-39.66263198852539,"[-2.9690037, -8.298602, -9.834857, -6.0924473, -2.257123, -9.338516, -0.8720807]"
a writer sold me a pie .,the brother saved the juice for you .,DO,PD,SELL,SAVE,A,THE,to,for,-48.55548095703125,"[-2.958243, -9.629568, -14.164969, -1.9466212, -12.829578, -2.8871503, -3.503356, -0.63599604]"
a writer sold me a pie .,the brother saved you the juice .,DO,DO,SELL,SAVE,A,THE,to,for,-47.46242141723633,"[-2.958243, -9.629568, -14.164969, -4.781474, -4.29261, -10.99959, -0.63596714]"
a writer sold us a coffee .,the attorney gave the instrument to you .,DO,PD,SELL,GIVE,A,THE,to,to,-43.708885192871094,"[-2.9716952, -8.433918, -8.537809, -2.3386881, -12.905969, -1.4916624, -6.1706686, -0.85847527]"
a writer sold us a coffee .,the attorney gave you the instrument .,DO,DO,SELL,GIVE,A,THE,to,to,-39.294822692871094,"[-2.9716952, -8.433918, -8.537809, -4.139617, -2.0677881, -11.619358, -1.5246359]"
a writer sold us a tea .,the prince showed the juice to them .,DO,PD,SELL,SHOW,A,THE,to,to,-44.458621978759766,"[-2.9631033, -10.079066, -8.132346, -3.2570896, -10.7706585, -2.4110177, -5.8384795, -1.0068614]"
a writer sold us a tea .,the prince showed them the juice .,DO,DO,SELL,SHOW,A,THE,to,to,-38.50822067260742,"[-2.9631033, -10.079066, -8.132346, -4.6819687, -1.9530386, -9.839201, -0.8594976]"
a writer supplied a chicken to me .,the worker brought the pie to us .,PD,PD,SUPPLY,BRING,A,THE,to,to,-32.00086212158203,"[-2.9265895, -9.827709, -6.4229846, -1.8206816, -7.3675995, -0.35526264, -2.742871, -0.537165]"
a writer supplied a chicken to me .,the worker brought us the pie .,PD,DO,SUPPLY,BRING,A,THE,to,to,-34.29999542236328,"[-2.9265895, -9.827709, -6.4229846, -4.8015423, -2.3959646, -7.1124206, -0.81278276]"
a writer supplied a chicken to me .,the priest saved the machine for you .,PD,PD,SUPPLY,SAVE,A,THE,to,for,-44.683231353759766,"[-2.9265895, -10.2949505, -9.705108, -1.5047265, -10.489857, -4.122776, -5.133914, -0.50531197]"
a writer supplied a chicken to me .,the priest saved you the machine .,PD,DO,SUPPLY,SAVE,A,THE,to,for,-47.804927825927734,"[-2.9265895, -10.2949505, -9.705108, -6.6609335, -4.7337303, -12.463773, -1.0198427]"
a writer supplied a chicken to me .,the priest promised the coffee to us .,PD,PD,SUPPLY,PROMISE,A,THE,to,to,-40.14820098876953,"[-2.9265895, -10.2949505, -8.9433, -2.7803507, -9.802343, -0.85840243, -3.8417735, -0.7004938]"
a writer supplied a chicken to me .,the priest promised us the coffee .,PD,DO,SUPPLY,PROMISE,A,THE,to,to,-38.15837097167969,"[-2.9265895, -10.2949505, -8.9433, -4.535733, -2.469552, -7.8222566, -1.1659904]"
a writer supplied a hat to them .,the employee promised the beer to you .,PD,PD,SUPPLY,PROMISE,A,THE,to,to,-41.805870056152344,"[-2.9341254, -9.559574, -8.796152, -3.0579367, -8.916061, -1.49689, -5.984335, -1.0607921]"
a writer supplied a hat to them .,the employee promised you the beer .,PD,DO,SUPPLY,PROMISE,A,THE,to,to,-39.47679901123047,"[-2.9341254, -9.559574, -8.796152, -5.733239, -2.8823469, -8.009651, -1.5617107]"
a writer supplied a motor to him .,the hero found the flower for me .,PD,PD,SUPPLY,FIND,A,THE,to,for,-39.930877685546875,"[-2.9862146, -9.596712, -6.1880655, -2.1170816, -7.8531547, -5.194867, -5.033641, -0.9611413]"
a writer supplied a motor to him .,the hero found me the flower .,PD,DO,SUPPLY,FIND,A,THE,to,for,-40.205692291259766,"[-2.9862146, -9.596712, -6.1880655, -7.1204433, -4.24596, -8.109473, -1.9588243]"
a writer supplied him a motor .,the hero found the flower for me .,DO,PD,SUPPLY,FIND,A,THE,to,for,-40.684112548828125,"[-2.9926147, -9.538137, -6.3245115, -2.4398723, -8.060489, -4.9613914, -5.3558674, -1.0112296]"
a writer supplied him a motor .,the hero found me the flower .,DO,DO,SUPPLY,FIND,A,THE,to,for,-38.31975555419922,"[-2.9926147, -9.538137, -6.3245115, -7.1827083, -2.7681327, -8.038662, -1.4749889]"
a writer supplied me a chicken .,the worker brought the pie to us .,DO,PD,SUPPLY,BRING,A,THE,to,to,-34.90232849121094,"[-2.9612865, -9.8637705, -6.4966187, -2.1115625, -7.645606, -1.1664573, -3.5136771, -1.1433493]"
a writer supplied me a chicken .,the worker brought us the pie .,DO,DO,SUPPLY,BRING,A,THE,to,to,-32.864601135253906,"[-2.9612865, -9.8637705, -6.4966187, -3.7025497, -2.1230407, -7.068634, -0.64869976]"
a writer supplied me a chicken .,the priest saved the machine for you .,DO,PD,SUPPLY,SAVE,A,THE,to,for,-45.68182373046875,"[-2.9612865, -10.230617, -9.66622, -1.7539221, -10.585507, -4.098732, -5.7211094, -0.6644318]"
a writer supplied me a chicken .,the priest saved you the machine .,DO,DO,SUPPLY,SAVE,A,THE,to,for,-45.875221252441406,"[-2.9612865, -10.230617, -9.66622, -6.477658, -4.160369, -11.500938, -0.87813413]"
a writer supplied me a chicken .,the priest promised the coffee to us .,DO,PD,SUPPLY,PROMISE,A,THE,to,to,-43.708316802978516,"[-2.9612865, -10.230617, -8.771544, -2.9286072, -9.692095, -2.348948, -5.677149, -1.098069]"
a writer supplied me a chicken .,the priest promised us the coffee .,DO,DO,SUPPLY,PROMISE,A,THE,to,to,-37.58726501464844,"[-2.9612865, -10.230617, -8.771544, -4.2129507, -2.6828637, -7.7663693, -0.9616351]"
a writer supplied them a hat .,the employee promised the beer to you .,DO,PD,SUPPLY,PROMISE,A,THE,to,to,-41.282283782958984,"[-2.9524188, -9.489687, -8.762815, -3.113089, -8.096615, -1.7572192, -6.023369, -1.0870707]"
a writer supplied them a hat .,the employee promised you the beer .,DO,DO,SUPPLY,PROMISE,A,THE,to,to,-37.44005584716797,"[-2.9524188, -9.489687, -8.762815, -5.0039926, -2.9833984, -7.0680914, -1.1796516]"
a writer threw a beer to me .,the husband got the cigarette for us .,PD,PD,THROW,GET,A,THE,to,for,-39.83428192138672,"[-2.9288256, -8.927147, -6.6896014, -2.9469364, -8.270854, -5.598442, -3.618073, -0.85440004]"
a writer threw a beer to me .,the husband got us the cigarette .,PD,DO,THROW,GET,A,THE,to,for,-36.74739456176758,"[-2.9288256, -8.927147, -6.6896014, -5.8921785, -3.5916595, -7.5957465, -1.1222347]"
a writer threw a beer to you .,the soldier bought the candy for me .,PD,PD,THROW,BUY,A,THE,to,for,-37.64253616333008,"[-2.9125688, -10.086098, -8.642296, -1.6284832, -8.294981, -2.4872148, -2.6397762, -0.9511173]"
a writer threw a beer to you .,the soldier bought me the candy .,PD,DO,THROW,BUY,A,THE,to,for,-38.493412017822266,"[-2.9125688, -10.086098, -8.642296, -5.110809, -3.528543, -7.0872, -1.1258965]"
a writer threw a button to them .,the champion got the pie for me .,PD,PD,THROW,GET,A,THE,to,for,-42.90763473510742,"[-2.9304643, -10.090363, -6.803813, -2.729311, -10.020852, -3.547586, -5.97163, -0.81361544]"
a writer threw a button to them .,the champion got me the pie .,PD,DO,THROW,GET,A,THE,to,for,-40.594825744628906,"[-2.9304643, -10.090363, -6.803813, -6.583477, -3.2502792, -9.9352455, -1.0011817]"
a writer threw a button to them .,the kid gave the candy to him .,PD,PD,THROW,GIVE,A,THE,to,to,-32.38582229614258,"[-2.9304643, -9.484972, -6.4374824, -2.9531622, -7.123304, -0.68912137, -2.1129713, -0.65434515]"
a writer threw a button to them .,the kid gave him the candy .,PD,DO,THROW,GIVE,A,THE,to,to,-31.17021942138672,"[-2.9304643, -9.484972, -6.4374824, -2.4304543, -2.7170796, -6.2624025, -0.90736383]"
a writer threw a hat to her .,the wife got the key for us .,PD,PD,THROW,GET,A,THE,to,for,-39.43595886230469,"[-2.9487123, -8.113201, -8.868976, -2.6804345, -6.5993805, -3.73765, -5.618845, -0.868757]"
a writer threw a hat to her .,the wife got us the key .,PD,DO,THROW,GET,A,THE,to,for,-37.709197998046875,"[-2.9487123, -8.113201, -8.868976, -7.1195784, -3.5725145, -5.587878, -1.498339]"
a writer threw a hat to him .,the opponent sold the iron to you .,PD,PD,THROW,SELL,A,THE,to,to,-41.455162048339844,"[-2.970426, -9.988556, -9.379706, -2.1212015, -10.502806, -2.1118243, -3.715763, -0.6648768]"
a writer threw a hat to him .,the opponent sold you the iron .,PD,DO,THROW,SELL,A,THE,to,to,-41.6270637512207,"[-2.970426, -9.988556, -9.379706, -4.7848663, -2.6313515, -10.768898, -1.10326]"
a writer threw a hat to him .,the nurse showed the crystal to me .,PD,PD,THROW,SHOW,A,THE,to,to,-39.2783317565918,"[-2.970426, -10.427237, -7.0521164, -3.0483375, -10.909784, -1.2775407, -2.8454413, -0.7474486]"
a writer threw a hat to him .,the nurse showed me the crystal .,PD,DO,THROW,SHOW,A,THE,to,to,-35.16157150268555,"[-2.970426, -10.427237, -7.0521164, -1.4849485, -1.8758447, -9.719322, -1.6316798]"
a writer threw a hat to you .,the scientist purchased the instrument for them .,PD,PD,THROW,PURCHASE,A,THE,to,for,-44.56349563598633,"[-2.9460695, -9.932554, -12.186944, -1.4663678, -5.8868904, -2.7313976, -7.8585978, -1.5546736]"
a writer threw a hat to you .,the scientist purchased them the instrument .,PD,DO,THROW,PURCHASE,A,THE,to,for,-50.325225830078125,"[-2.9460695, -9.932554, -12.186944, -6.0284357, -5.8314285, -10.911112, -2.4886851]"
a writer threw a hat to you .,the champion delivered the beer for me .,PD,PD,THROW,DELIVER,A,THE,to,for,-41.2273063659668,"[-2.9460695, -10.074755, -10.756189, -2.049296, -8.868443, -3.2955174, -2.6027493, -0.63428915]"
a writer threw a hat to you .,the champion delivered me the beer .,PD,DO,THROW,DELIVER,A,THE,to,for,-40.36308288574219,"[-2.9460695, -10.074755, -10.756189, -5.8249154, -2.3060668, -7.55599, -0.8990956]"
a writer threw a pie to him .,the captain purchased the television for you .,PD,PD,THROW,PURCHASE,A,THE,to,for,-43.249908447265625,"[-2.9390688, -8.769197, -11.253109, -1.3847861, -7.8376007, -2.2035518, -7.8382254, -1.0243673]"
a writer threw a pie to him .,the captain purchased you the television .,PD,DO,THROW,PURCHASE,A,THE,to,for,-45.63600540161133,"[-2.9390688, -8.769197, -11.253109, -8.788534, -3.0265079, -9.018244, -1.8413444]"
a writer threw a salad to me .,the nurse caught the telephone for him .,PD,PD,THROW,CATCH,A,THE,to,for,-41.5948600769043,"[-2.9647171, -10.176075, -7.277154, -2.183826, -9.307879, -5.0984073, -3.9342659, -0.6525359]"
a writer threw a salad to me .,the nurse caught him the telephone .,PD,DO,THROW,CATCH,A,THE,to,for,-42.8862190246582,"[-2.9647171, -10.176075, -7.277154, -4.051947, -6.85408, -10.595193, -0.9670522]"
a writer threw a salad to you .,the friend sent the pie to them .,PD,PD,THROW,SEND,A,THE,to,to,-39.04374313354492,"[-2.9483728, -9.520301, -6.8063507, -3.831423, -8.963005, -0.419209, -5.8051023, -0.7499802]"
a writer threw a salad to you .,the friend sent them the pie .,PD,DO,THROW,SEND,A,THE,to,to,-37.81433868408203,"[-2.9483728, -9.520301, -6.8063507, -5.930128, -2.9139633, -8.664888, -1.0303365]"
a writer threw a tea to him .,the man promised the candy to you .,PD,PD,THROW,PROMISE,A,THE,to,to,-37.817588806152344,"[-2.9250991, -5.5006714, -8.381265, -3.6618035, -9.293077, -1.2208493, -5.9538865, -0.880939]"
a writer threw a tea to him .,the man promised you the candy .,PD,DO,THROW,PROMISE,A,THE,to,to,-35.65593719482422,"[-2.9250991, -5.5006714, -8.381265, -5.824688, -3.2759514, -8.4782505, -1.2700106]"
a writer threw her a hat .,the wife got the key for us .,DO,PD,THROW,GET,A,THE,to,for,-39.87403106689453,"[-2.9755, -8.192693, -8.295734, -2.960566, -6.777543, -3.8532877, -5.838126, -0.9805808]"
a writer threw her a hat .,the wife got us the key .,DO,DO,THROW,GET,A,THE,to,for,-37.442893981933594,"[-2.9755, -8.192693, -8.295734, -6.896216, -3.8392193, -5.808529, -1.4350021]"
a writer threw him a hat .,the opponent sold the iron to you .,DO,PD,THROW,SELL,A,THE,to,to,-42.41695022583008,"[-3.0128293, -10.002777, -9.107999, -2.3220596, -10.494116, -2.6690884, -4.1018286, -0.7062536]"
a writer threw him a hat .,the opponent sold you the iron .,DO,DO,THROW,SELL,A,THE,to,to,-40.84846496582031,"[-3.0128293, -10.002777, -9.107999, -4.0725145, -2.946454, -10.761419, -0.94447327]"
a writer threw him a hat .,the nurse showed the crystal to me .,DO,PD,THROW,SHOW,A,THE,to,to,-40.68177795410156,"[-3.0128293, -10.444239, -6.989199, -3.836442, -10.897632, -1.8171588, -2.907228, -0.7770513]"
a writer threw him a hat .,the nurse showed me the crystal .,DO,DO,THROW,SHOW,A,THE,to,to,-35.25624084472656,"[-3.0128293, -10.444239, -6.989199, -1.2501076, -2.0753703, -9.740197, -1.7442973]"
a writer threw him a pie .,the captain purchased the television for you .,DO,PD,THROW,PURCHASE,A,THE,to,for,-43.30447769165039,"[-3.0073512, -8.748278, -11.1926, -1.6286594, -7.7630997, -2.1996646, -7.761589, -1.0032351]"
a writer threw him a pie .,the captain purchased you the television .,DO,DO,THROW,PURCHASE,A,THE,to,for,-44.13783264160156,"[-3.0073512, -8.748278, -11.1926, -7.7189655, -3.3294315, -8.716063, -1.4251434]"
a writer threw him a tea .,the man promised the candy to you .,DO,PD,THROW,PROMISE,A,THE,to,to,-39.50627136230469,"[-3.0068493, -5.6498566, -8.2411175, -4.13152, -9.156843, -2.3815439, -6.0707436, -0.86779803]"
a writer threw him a tea .,the man promised you the candy .,DO,DO,THROW,PROMISE,A,THE,to,to,-35.13941955566406,"[-3.0068493, -5.6498566, -8.2411175, -5.4728236, -3.7269628, -7.989186, -1.0526218]"
a writer threw me a beer .,the husband got the cigarette for us .,DO,PD,THROW,GET,A,THE,to,for,-40.386993408203125,"[-2.9956553, -8.930679, -6.1651692, -3.3195302, -8.330786, -5.723345, -4.000458, -0.92137015]"
a writer threw me a beer .,the husband got us the cigarette .,DO,DO,THROW,GET,A,THE,to,for,-35.65032958984375,"[-2.9956553, -8.930679, -6.1651692, -5.261549, -4.021592, -7.405631, -0.8700517]"
a writer threw me a salad .,the nurse caught the telephone for him .,DO,PD,THROW,CATCH,A,THE,to,for,-42.9675178527832,"[-3.0071523, -10.35545, -7.0418224, -3.0691934, -9.483548, -5.2728214, -4.06028, -0.677252]"
a writer threw me a salad .,the nurse caught him the telephone .,DO,DO,THROW,CATCH,A,THE,to,for,-43.46033477783203,"[-3.0071523, -10.35545, -7.0418224, -3.526773, -7.2685375, -11.406782, -0.8538152]"
a writer threw them a button .,the champion got the pie for me .,DO,PD,THROW,GET,A,THE,to,for,-43.84138107299805,"[-3.0243864, -10.03413, -6.7263265, -2.9618409, -9.889375, -4.0960646, -6.1749687, -0.9342873]"
a writer threw them a button .,the champion got me the pie .,DO,DO,THROW,GET,A,THE,to,for,-39.69812774658203,"[-3.0243864, -10.03413, -6.7263265, -6.2072163, -3.1321836, -9.626463, -0.9474207]"
a writer threw them a button .,the kid gave the candy to him .,DO,PD,THROW,GIVE,A,THE,to,to,-34.125091552734375,"[-3.0243864, -9.302181, -6.338306, -3.3013227, -7.064909, -1.3900212, -2.9580462, -0.7459177]"
a writer threw them a button .,the kid gave him the candy .,DO,DO,THROW,GIVE,A,THE,to,to,-30.544715881347656,"[-3.0243864, -9.302181, -6.338306, -2.3688047, -2.7699535, -5.926054, -0.81502855]"
a writer threw you a beer .,the soldier bought the candy for me .,DO,PD,THROW,BUY,A,THE,to,for,-38.15501403808594,"[-2.9716651, -10.066092, -8.272102, -1.8811526, -8.405716, -2.7867901, -2.7975767, -0.9739164]"
a writer threw you a beer .,the soldier bought me the candy .,DO,DO,THROW,BUY,A,THE,to,for,-36.2816162109375,"[-2.9716651, -10.066092, -8.272102, -3.1851697, -3.7338583, -7.103939, -0.9487918]"
a writer threw you a hat .,the scientist purchased the instrument for them .,DO,PD,THROW,PURCHASE,A,THE,to,for,-45.04899597167969,"[-2.9545157, -9.769249, -11.957467, -1.7655171, -6.353793, -2.701174, -7.916092, -1.6311888]"
a writer threw you a hat .,the scientist purchased them the instrument .,DO,DO,THROW,PURCHASE,A,THE,to,for,-50.1727294921875,"[-2.9545157, -9.769249, -11.957467, -5.9424515, -5.776523, -11.427233, -2.3452888]"
a writer threw you a hat .,the champion delivered the beer for me .,DO,PD,THROW,DELIVER,A,THE,to,for,-40.58921813964844,"[-2.9545157, -10.012948, -10.492477, -2.1306462, -8.455113, -3.5014741, -2.3827472, -0.6592963]"
a writer threw you a hat .,the champion delivered me the beer .,DO,DO,THROW,DELIVER,A,THE,to,for,-38.55881118774414,"[-2.9545157, -10.012948, -10.492477, -4.7995725, -2.4788442, -6.988475, -0.83197725]"
a writer threw you a salad .,the friend sent the pie to them .,DO,PD,THROW,SEND,A,THE,to,to,-41.12191390991211,"[-2.980715, -9.482191, -7.31396, -4.342335, -8.816626, -1.283204, -6.100959, -0.801924]"
a writer threw you a salad .,the friend sent them the pie .,DO,DO,THROW,SEND,A,THE,to,to,-37.62733840942383,"[-2.980715, -9.482191, -7.31396, -6.072763, -3.118359, -7.919919, -0.7394284]"
a writer took a bell to me .,the leader kept the beer for you .,PD,PD,TAKE,KEEP,A,THE,to,for,-46.7163200378418,"[-2.84156, -7.0539927, -15.141776, -3.1818252, -7.7384977, -4.556871, -5.5616345, -0.6401631]"
a writer took a bell to me .,the leader kept you the beer .,PD,DO,TAKE,KEEP,A,THE,to,for,-49.0201301574707,"[-2.84156, -7.0539927, -15.141776, -7.4290404, -6.915723, -8.475899, -1.1621383]"
a writer took an instrument to her .,the king sent the beer to me .,PD,PD,TAKE,SEND,A,THE,to,to,-37.27224349975586,"[-2.8821473, -8.242601, -6.6247334, -2.3557115, -11.404324, -0.8976764, -4.1257296, -0.7393202]"
a writer took an instrument to her .,the king sent me the beer .,PD,DO,TAKE,SEND,A,THE,to,to,-35.66511154174805,"[-2.8821473, -8.242601, -6.6247334, -4.086927, -3.2788744, -9.379356, -1.170471]"
a writer took her an instrument .,the king sent the beer to me .,DO,PD,TAKE,SEND,A,THE,to,to,-38.21958923339844,"[-2.9133704, -8.26795, -6.552396, -2.7116086, -11.4252205, -1.562053, -4.070732, -0.71626127]"
a writer took her an instrument .,the king sent me the beer .,DO,DO,TAKE,SEND,A,THE,to,to,-34.320350646972656,"[-2.9133704, -8.26795, -6.552396, -3.5423372, -3.0217006, -9.156646, -0.86595225]"
a writer took me a bell .,the leader kept the beer for you .,DO,PD,TAKE,KEEP,A,THE,to,for,-47.64757537841797,"[-2.879621, -7.251202, -14.915921, -3.6654074, -7.835406, -4.5107603, -5.8178535, -0.7714046]"
a writer took me a bell .,the leader kept you the beer .,DO,DO,TAKE,KEEP,A,THE,to,for,-47.37133026123047,"[-2.879621, -7.251202, -14.915921, -7.2668734, -6.9166446, -7.029066, -1.1120012]"
an actor bought a candy for it .,the husband left the telephone for you .,PD,PD,BUY,LEAVE,A,THE,for,for,-38.80291748046875,"[-2.7866633, -8.944813, -6.657332, -1.4663184, -7.702448, -2.9266303, -7.464823, -0.853891]"
an actor bought a candy for it .,the husband left you the telephone .,PD,DO,BUY,LEAVE,A,THE,for,for,-38.45671844482422,"[-2.7866633, -8.944813, -6.657332, -6.2116404, -3.9804487, -8.079747, -1.7960722]"
an actor bought a candy for them .,the lawyer sold the bottle to you .,PD,PD,BUY,SELL,A,THE,for,to,-38.215126037597656,"[-2.840056, -8.942433, -9.49929, -1.6975313, -6.4947143, -1.4126353, -6.533304, -0.7951599]"
an actor bought a candy for them .,the lawyer sold you the bottle .,PD,DO,BUY,SELL,A,THE,for,to,-37.39985656738281,"[-2.840056, -8.942433, -9.49929, -5.6169972, -3.0244474, -6.2103662, -1.2662635]"
an actor bought a cheese for them .,the singer gave the tea to her .,PD,PD,BUY,GIVE,A,THE,for,to,-35.73802947998047,"[-2.8142052, -8.466906, -6.0535793, -2.6308265, -9.745782, -0.8964169, -1.818056, -3.3122559]"
an actor bought a cheese for them .,the singer gave her the tea .,PD,DO,BUY,GIVE,A,THE,for,to,-35.91535568237305,"[-2.8142052, -8.466906, -6.0535793, -2.3058295, -4.236232, -10.043384, -1.9952202]"
an actor bought a juice for it .,the prince designed the card for us .,PD,PD,BUY,DESIGN,A,THE,for,for,-35.79913330078125,"[-2.7839842, -9.771427, -8.65676, -1.4129387, -5.9164934, -2.591127, -3.7930288, -0.87337285]"
an actor bought a juice for it .,the prince designed us the card .,PD,DO,BUY,DESIGN,A,THE,for,for,-39.43236541748047,"[-2.7839842, -9.771427, -8.65676, -7.4167056, -3.439547, -6.209916, -1.1540264]"
an actor bought a juice for them .,the cousin left the cheese for us .,PD,PD,BUY,LEAVE,A,THE,for,for,-39.96695327758789,"[-2.825825, -11.259234, -7.0835586, -1.62271, -10.847484, -2.6675792, -2.9030004, -0.7575617]"
an actor bought a juice for them .,the cousin left us the cheese .,PD,DO,BUY,LEAVE,A,THE,for,for,-39.278690338134766,"[-2.825825, -11.259234, -7.0835586, -4.485243, -3.766374, -8.495266, -1.3631881]"
an actor bought a juice for you .,the hero delivered the salad for us .,PD,PD,BUY,DELIVER,A,THE,for,for,-41.45978546142578,"[-2.797928, -9.384775, -10.568649, -1.8037684, -10.68993, -2.6482418, -2.9259598, -0.6405304]"
an actor bought a juice for you .,the hero delivered us the salad .,PD,DO,BUY,DELIVER,A,THE,for,for,-40.874961853027344,"[-2.797928, -9.384775, -10.568649, -5.7376804, -2.511066, -8.821481, -1.0533828]"
an actor bought a pie for me .,the writer promised the coffee to it .,PD,PD,BUY,PROMISE,A,THE,for,to,-43.487396240234375,"[-2.804772, -7.0124946, -9.308248, -3.831859, -8.253669, -4.1941404, -7.252466, -0.82974535]"
an actor bought a pie for me .,the writer promised it the coffee .,PD,DO,BUY,PROMISE,A,THE,for,to,-40.550838470458984,"[-2.804772, -7.0124946, -9.308248, -4.3189235, -6.820254, -8.799604, -1.4865415]"
an actor bought a pie for you .,the secretary brought the chocolate to us .,PD,PD,BUY,BRING,A,THE,for,to,-40.26445770263672,"[-2.8029182, -9.421377, -10.805307, -2.5085635, -8.897108, -1.6017333, -3.0822482, -1.145204]"
an actor bought a pie for you .,the secretary brought us the chocolate .,PD,DO,BUY,BRING,A,THE,for,to,-39.570579528808594,"[-2.8029182, -9.421377, -10.805307, -4.594931, -2.3734741, -7.837331, -1.7352389]"
an actor bought a tea for it .,the lady threw the coffee to them .,PD,PD,BUY,THROW,A,THE,for,to,-38.104156494140625,"[-2.7460532, -9.347636, -7.6846843, -2.0752172, -5.099477, -4.1510353, -6.135541, -0.8645142]"
an actor bought a tea for it .,the lady threw them the coffee .,PD,DO,BUY,THROW,A,THE,for,to,-35.03540802001953,"[-2.7460532, -9.347636, -7.6846843, -6.1115303, -3.8630743, -4.393924, -0.88850474]"
an actor bought it a candy .,the husband left the telephone for you .,DO,PD,BUY,LEAVE,A,THE,for,for,-39.53898620605469,"[-2.806882, -8.990732, -6.5322027, -1.7627323, -7.5842876, -3.7018855, -7.1204643, -1.0398003]"
an actor bought it a candy .,the husband left you the telephone .,DO,DO,BUY,LEAVE,A,THE,for,for,-37.3992919921875,"[-2.806882, -8.990732, -6.5322027, -5.663868, -3.900519, -7.928978, -1.5761085]"
an actor bought it a juice .,the prince designed the card for us .,DO,PD,BUY,DESIGN,A,THE,for,for,-36.79539489746094,"[-2.8088028, -9.840123, -8.431912, -1.3760455, -6.3810544, -3.4445689, -3.4105735, -1.1023132]"
an actor bought it a juice .,the prince designed us the card .,DO,DO,BUY,DESIGN,A,THE,for,for,-38.59623336791992,"[-2.8088028, -9.840123, -8.431912, -6.6316624, -3.1103928, -6.501996, -1.271343]"
an actor bought it a tea .,the lady threw the coffee to them .,DO,PD,BUY,THROW,A,THE,for,to,-39.19593048095703,"[-2.7941184, -9.314514, -7.8617907, -2.1876419, -5.2729697, -4.1288013, -6.629505, -1.0065904]"
an actor bought it a tea .,the lady threw them the coffee .,DO,DO,BUY,THROW,A,THE,for,to,-33.7427978515625,"[-2.7941184, -9.314514, -7.8617907, -5.879445, -2.9780908, -4.2580037, -0.6568374]"
an actor bought me a pie .,the writer promised the coffee to it .,DO,PD,BUY,PROMISE,A,THE,for,to,-44.737220764160156,"[-2.8437612, -7.0404687, -9.130885, -4.0978684, -8.446705, -5.0557666, -7.201789, -0.91997814]"
an actor bought me a pie .,the writer promised it the coffee .,DO,DO,BUY,PROMISE,A,THE,for,to,-40.376197814941406,"[-2.8437612, -7.0404687, -9.130885, -4.32799, -6.8916936, -8.971366, -1.170032]"
an actor bought them a candy .,the lawyer sold the bottle to you .,DO,PD,BUY,SELL,A,THE,for,to,-39.73980712890625,"[-2.8788145, -8.943959, -9.611827, -2.1524887, -7.460651, -1.637707, -6.325329, -0.7290319]"
an actor bought them a candy .,the lawyer sold you the bottle .,DO,DO,BUY,SELL,A,THE,for,to,-36.40968322753906,"[-2.8788145, -8.943959, -9.611827, -4.7273207, -3.1336384, -6.199087, -0.91503537]"
an actor bought them a cheese .,the singer gave the tea to her .,DO,PD,BUY,GIVE,A,THE,for,to,-36.58647918701172,"[-2.8530133, -8.266346, -5.9494495, -2.8705158, -10.079454, -1.0551776, -1.7249668, -3.7875562]"
an actor bought them a cheese .,the singer gave her the tea .,DO,DO,BUY,GIVE,A,THE,for,to,-34.00579071044922,"[-2.8530133, -8.266346, -5.9494495, -2.0600119, -3.5314937, -10.0858555, -1.2596192]"
an actor bought them a juice .,the cousin left the cheese for us .,DO,PD,BUY,LEAVE,A,THE,for,for,-42.56147766113281,"[-2.8679357, -11.149281, -6.9417205, -1.8273499, -11.111677, -3.8834367, -3.8128357, -0.96724486]"
an actor bought them a juice .,the cousin left us the cheese .,DO,DO,BUY,LEAVE,A,THE,for,for,-37.77986145019531,"[-2.8679357, -11.149281, -6.9417205, -4.23499, -3.294757, -8.279807, -1.0113696]"
an actor bought you a juice .,the hero delivered the salad for us .,DO,PD,BUY,DELIVER,A,THE,for,for,-43.04864501953125,"[-2.8273757, -9.330838, -10.3939705, -1.7690082, -11.535414, -3.7833273, -2.7152526, -0.69345576]"
an actor bought you a juice .,the hero delivered us the salad .,DO,DO,BUY,DELIVER,A,THE,for,for,-39.397064208984375,"[-2.8273757, -9.330838, -10.3939705, -4.9007792, -2.3542595, -8.765861, -0.82398355]"
an actor bought you a pie .,the secretary brought the chocolate to us .,DO,PD,BUY,BRING,A,THE,for,to,-40.22296905517578,"[-2.8478234, -9.509264, -10.301644, -2.6683962, -8.3833275, -2.0604153, -3.447953, -1.0041444]"
an actor bought you a pie .,the secretary brought us the chocolate .,DO,DO,BUY,BRING,A,THE,for,to,-37.33421325683594,"[-2.8478234, -9.509264, -10.301644, -3.7773068, -2.3671522, -6.9164934, -1.6145266]"
an actor brought a pie to him .,the hero delivered the salad for us .,PD,PD,BRING,DELIVER,A,THE,to,for,-42.57675552368164,"[-2.7589579, -9.277794, -10.1543455, -1.7126831, -10.069969, -4.6843996, -3.2328978, -0.6857097]"
an actor brought a pie to him .,the hero delivered us the salad .,PD,DO,BRING,DELIVER,A,THE,to,for,-41.235774993896484,"[-2.7589579, -9.277794, -10.1543455, -7.317847, -2.3599901, -8.373971, -0.99287105]"
an actor brought a pie to us .,the king bought the crystal for me .,PD,PD,BRING,BUY,A,THE,to,for,-37.47068786621094,"[-2.7290714, -8.10935, -8.792854, -2.0823643, -7.6947546, -2.8514805, -4.22089, -0.98992145]"
an actor brought a pie to us .,the king bought me the crystal .,PD,DO,BRING,BUY,A,THE,to,for,-37.86788558959961,"[-2.7290714, -8.10935, -8.792854, -4.8702965, -3.620727, -7.6997604, -2.0458252]"
an actor brought a plate to him .,the guest delivered the tea for us .,PD,PD,BRING,DELIVER,A,THE,to,for,-37.35356140136719,"[-2.7765007, -9.140734, -8.849972, -2.342442, -6.5839787, -4.609048, -2.424981, -0.62590706]"
an actor brought a plate to him .,the guest delivered us the tea .,PD,DO,BRING,DELIVER,A,THE,to,for,-36.10370635986328,"[-2.7765007, -9.140734, -8.849972, -5.6637254, -2.7058463, -5.9600596, -1.0068672]"
an actor brought a plate to me .,the king found the guitar for her .,PD,PD,BRING,FIND,A,THE,to,for,-39.22614288330078,"[-2.7584574, -7.984841, -6.8580413, -2.3920875, -9.313331, -5.111055, -3.8031695, -1.0051594]"
an actor brought a plate to me .,the king found her the guitar .,PD,DO,BRING,FIND,A,THE,to,for,-40.957908630371094,"[-2.7584574, -7.984841, -6.8580413, -4.1238837, -5.515256, -11.923016, -1.7944144]"
an actor brought a plate to me .,the teacher sent the chicken to him .,PD,PD,BRING,SEND,A,THE,to,to,-35.67161560058594,"[-2.7584574, -8.90065, -6.382618, -2.7001739, -9.702185, -0.78400654, -3.8583841, -0.58513886]"
an actor brought a plate to me .,the teacher sent him the chicken .,PD,DO,BRING,SEND,A,THE,to,to,-34.8067626953125,"[-2.7584574, -8.90065, -6.382618, -2.9532857, -3.3200178, -9.06754, -1.4241934]"
an actor brought him a pie .,the hero delivered the salad for us .,DO,PD,BRING,DELIVER,A,THE,to,for,-42.5950927734375,"[-2.7970417, -9.230698, -9.955894, -1.9114274, -10.849073, -4.121362, -3.0569804, -0.67261666]"
an actor brought him a pie .,the hero delivered us the salad .,DO,DO,BRING,DELIVER,A,THE,to,for,-39.15280532836914,"[-2.7970417, -9.230698, -9.955894, -5.912158, -2.6200924, -7.934801, -0.7021186]"
an actor brought him a plate .,the guest delivered the tea for us .,DO,PD,BRING,DELIVER,A,THE,to,for,-36.91252517700195,"[-2.7920702, -9.115425, -9.092322, -2.3169613, -6.718663, -3.8295789, -2.36892, -0.6785829]"
an actor brought him a plate .,the guest delivered us the tea .,DO,DO,BRING,DELIVER,A,THE,to,for,-34.9781494140625,"[-2.7920702, -9.115425, -9.092322, -4.2409363, -3.1089406, -5.9265375, -0.7019164]"
an actor brought me a plate .,the king found the guitar for her .,DO,PD,BRING,FIND,A,THE,to,for,-39.449989318847656,"[-2.7800663, -8.030991, -6.808136, -2.6226552, -9.142294, -4.9330134, -3.7140138, -1.4188188]"
an actor brought me a plate .,the king found her the guitar .,DO,DO,BRING,FIND,A,THE,to,for,-41.1805534362793,"[-2.7800663, -8.030991, -6.808136, -3.8357575, -5.6774306, -12.429688, -1.6184851]"
an actor brought me a plate .,the teacher sent the chicken to him .,DO,PD,BRING,SEND,A,THE,to,to,-37.372623443603516,"[-2.7800663, -9.01906, -6.2980385, -3.6835792, -9.542527, -1.2959505, -3.9030166, -0.8503849]"
an actor brought me a plate .,the teacher sent him the chicken .,DO,DO,BRING,SEND,A,THE,to,to,-34.530704498291016,"[-2.7800663, -9.01906, -6.2980385, -3.5810897, -3.5902355, -8.112613, -1.1496018]"
an actor brought us a pie .,the king bought the crystal for me .,DO,PD,BRING,BUY,A,THE,to,for,-38.30799102783203,"[-2.7486424, -8.046946, -8.8062315, -2.1497762, -8.12731, -3.1709626, -4.1051326, -1.1529896]"
an actor brought us a pie .,the king bought me the crystal .,DO,DO,BRING,BUY,A,THE,to,for,-36.81584167480469,"[-2.7486424, -8.046946, -8.8062315, -3.3307245, -4.088975, -7.9633718, -1.8309509]"
an actor caught a ball for it .,the guy delivered the juice for us .,PD,PD,CATCH,DELIVER,A,THE,for,for,-38.35247039794922,"[-2.7226262, -7.6408157, -10.315944, -1.6788809, -9.418574, -2.8431845, -3.1836128, -0.54883236]"
an actor caught a ball for it .,the guy delivered us the juice .,PD,DO,CATCH,DELIVER,A,THE,for,for,-37.266048431396484,"[-2.7226262, -7.6408157, -10.315944, -5.526908, -2.3094745, -8.11748, -0.63279885]"
an actor caught a camera for you .,the professor purchased the beer for us .,PD,PD,CATCH,PURCHASE,A,THE,for,for,-39.491455078125,"[-2.746844, -9.093103, -11.9276495, -1.9436023, -7.377556, -2.067447, -3.388413, -0.9468407]"
an actor caught a camera for you .,the professor purchased us the beer .,PD,DO,CATCH,PURCHASE,A,THE,for,for,-43.31382751464844,"[-2.746844, -9.093103, -11.9276495, -8.626288, -3.6615644, -5.926711, -1.3316665]"
an actor caught a flower for him .,the cop found the pie for me .,PD,PD,CATCH,FIND,A,THE,for,for,-39.20423889160156,"[-2.8319943, -10.052021, -6.0954256, -1.7948391, -10.002096, -3.8323743, -3.9449818, -0.65050524]"
an actor caught a flower for him .,the cop found me the pie .,PD,DO,CATCH,FIND,A,THE,for,for,-40.418235778808594,"[-2.8319943, -10.052021, -6.0954256, -6.211998, -4.3449645, -9.890566, -0.99126923]"
an actor caught a guitar for us .,the writer made the cigarette for you .,PD,PD,CATCH,MAKE,A,THE,for,for,-38.66899490356445,"[-2.78864, -7.1998596, -7.0502567, -2.1568508, -12.431016, -3.6135356, -2.8537169, -0.57511926]"
an actor caught a guitar for us .,the writer made you the cigarette .,PD,DO,CATCH,MAKE,A,THE,for,for,-39.76288986206055,"[-2.78864, -7.1998596, -7.0502567, -7.221882, -3.3804822, -10.772328, -1.3494406]"
an actor caught him a flower .,the cop found the pie for me .,DO,PD,CATCH,FIND,A,THE,for,for,-40.43693923950195,"[-2.7818213, -10.141033, -6.129013, -1.9352834, -9.799777, -4.9077005, -3.8127728, -0.9295365]"
an actor caught him a flower .,the cop found me the pie .,DO,DO,CATCH,FIND,A,THE,for,for,-38.864585876464844,"[-2.7818213, -10.141033, -6.129013, -5.8679266, -3.1158385, -10.227603, -0.60134995]"
an actor caught it a ball .,the guy delivered the juice for us .,DO,PD,CATCH,DELIVER,A,THE,for,for,-38.52888488769531,"[-2.6937704, -7.62302, -10.2192545, -1.8593314, -9.638773, -3.1233957, -2.752029, -0.6193116]"
an actor caught it a ball .,the guy delivered us the juice .,DO,DO,CATCH,DELIVER,A,THE,for,for,-36.73411560058594,"[-2.6937704, -7.62302, -10.2192545, -5.082302, -2.3845294, -8.148909, -0.5823302]"
an actor caught us a guitar .,the writer made the cigarette for you .,DO,PD,CATCH,MAKE,A,THE,for,for,-41.446685791015625,"[-2.7801685, -7.165353, -7.064026, -2.0645037, -12.492521, -4.6102133, -4.5390344, -0.7308647]"
an actor caught us a guitar .,the writer made you the cigarette .,DO,DO,CATCH,MAKE,A,THE,for,for,-37.235626220703125,"[-2.7801685, -7.165353, -7.064026, -6.9464283, -3.0787761, -9.445803, -0.75507236]"
an actor caught you a camera .,the professor purchased the beer for us .,DO,PD,CATCH,PURCHASE,A,THE,for,for,-41.264434814453125,"[-2.6933997, -9.147057, -11.665419, -1.9006226, -7.447505, -2.6537194, -4.5786386, -1.1780736]"
an actor caught you a camera .,the professor purchased us the beer .,DO,DO,CATCH,PURCHASE,A,THE,for,for,-42.553863525390625,"[-2.6933997, -9.147057, -11.665419, -8.320981, -3.4606314, -6.1860948, -1.080283]"
an actor delivered a beer for him .,the cousin gave the pie to us .,PD,PD,DELIVER,GIVE,A,THE,for,to,-40.761146545410156,"[-2.7464888, -11.530933, -8.0772, -2.9897554, -9.113424, -0.5412742, -4.9724894, -0.7895806]"
an actor delivered a beer for him .,the cousin gave us the pie .,PD,DO,DELIVER,GIVE,A,THE,for,to,-37.42910385131836,"[-2.7464888, -11.530933, -8.0772, -3.9337804, -2.230671, -7.841516, -1.0685128]"
an actor delivered a beer for us .,the man purchased the juice for them .,PD,PD,DELIVER,PURCHASE,A,THE,for,for,-38.150596618652344,"[-2.7325377, -5.705768, -10.63737, -1.2736708, -9.411266, -1.7780854, -5.621925, -0.989975]"
an actor delivered a beer for us .,the man purchased them the juice .,PD,DO,DELIVER,PURCHASE,A,THE,for,for,-42.61588668823242,"[-2.7325377, -5.705768, -10.63737, -6.0745273, -5.814992, -9.880806, -1.7698853]"
an actor delivered a cheese for us .,the physician left the tea for you .,PD,PD,DELIVER,LEAVE,A,THE,for,for,-38.64985656738281,"[-2.751103, -10.699406, -7.502375, -1.4287276, -8.770894, -1.973806, -4.8851323, -0.63841236]"
an actor delivered a cheese for us .,the physician left you the tea .,PD,DO,DELIVER,LEAVE,A,THE,for,for,-40.59247970581055,"[-2.751103, -10.699406, -7.502375, -6.7724347, -4.611336, -7.0395293, -1.2162951]"
an actor delivered a cheese for you .,the president took the telephone to us .,PD,PD,DELIVER,TAKE,A,THE,for,to,-38.63762283325195,"[-2.7333534, -6.793924, -5.706421, -2.1203547, -10.152344, -2.8117275, -6.8353, -1.4841992]"
an actor delivered a cheese for you .,the president took us the telephone .,PD,DO,DELIVER,TAKE,A,THE,for,to,-41.0717658996582,"[-2.7333534, -6.793924, -5.706421, -6.8210487, -6.672599, -10.752501, -1.5919186]"
an actor delivered a pie for me .,the student sold the salad to us .,PD,PD,DELIVER,SELL,A,THE,for,to,-40.12223434448242,"[-2.7466888, -8.3281765, -10.054979, -2.0870583, -9.428852, -2.3052306, -4.152346, -1.0189009]"
an actor delivered a pie for me .,the student sold us the salad .,PD,DO,DELIVER,SELL,A,THE,for,to,-40.67427062988281,"[-2.7466888, -8.3281765, -10.054979, -6.1534643, -3.4801505, -8.648238, -1.2625766]"
an actor delivered a tea for us .,the mother brought the coffee to it .,PD,PD,DELIVER,BRING,A,THE,for,to,-37.56599426269531,"[-2.7562857, -7.5226445, -9.104333, -2.1801271, -5.515285, -2.1783767, -7.473647, -0.83529645]"
an actor delivered a tea for us .,the mother brought it the coffee .,PD,DO,DELIVER,BRING,A,THE,for,to,-36.840972900390625,"[-2.7562857, -7.5226445, -9.104333, -3.771103, -7.2569904, -5.546673, -0.8829456]"
an actor delivered a television for her .,the leader left the coat for you .,PD,PD,DELIVER,LEAVE,A,THE,for,for,-46.855125427246094,"[-2.7243512, -7.2113724, -11.743633, -1.8293417, -13.718068, -4.3343487, -4.587601, -0.70640767]"
an actor delivered a television for her .,the leader left you the coat .,PD,DO,DELIVER,LEAVE,A,THE,for,for,-48.51121520996094,"[-2.7243512, -7.2113724, -11.743633, -6.094904, -6.384182, -13.225306, -1.1274643]"
an actor delivered a television for her .,the son sold the beer to them .,PD,PD,DELIVER,SELL,A,THE,for,to,-42.70359802246094,"[-2.7243512, -7.951461, -12.443719, -1.7009848, -8.146738, -2.0581374, -6.7083735, -0.9698352]"
an actor delivered a television for her .,the son sold them the beer .,PD,DO,DELIVER,SELL,A,THE,for,to,-41.82483673095703,"[-2.7243512, -7.951461, -12.443719, -5.3488245, -4.5406237, -7.4571495, -1.358709]"
an actor delivered a television for him .,the teacher left the chicken for you .,PD,PD,DELIVER,LEAVE,A,THE,for,for,-40.58509826660156,"[-2.7511258, -9.014275, -6.0248284, -1.4907236, -11.818886, -3.347744, -5.421711, -0.7158045]"
an actor delivered a television for him .,the teacher left you the chicken .,PD,DO,DELIVER,LEAVE,A,THE,for,for,-40.58924865722656,"[-2.7511258, -9.014275, -6.0248284, -7.4999504, -4.6493936, -9.336948, -1.3127269]"
an actor delivered a television for us .,the cop showed the flower to him .,PD,PD,DELIVER,SHOW,A,THE,for,to,-38.30966567993164,"[-2.7362962, -10.19478, -4.9556456, -2.9366305, -10.288371, -2.64709, -3.5791402, -0.97171175]"
an actor delivered a television for us .,the cop showed him the flower .,PD,DO,DELIVER,SHOW,A,THE,for,to,-34.68845748901367,"[-2.7362962, -10.19478, -4.9556456, -3.5444577, -1.6701282, -10.006395, -1.5807539]"
an actor delivered a television for you .,the captain made the bag for them .,PD,PD,DELIVER,MAKE,A,THE,for,for,-38.68748092651367,"[-2.7079291, -8.781305, -5.4699073, -2.1108785, -10.258827, -2.4900944, -6.0562906, -0.8122484]"
an actor delivered a television for you .,the captain made them the bag .,PD,DO,DELIVER,MAKE,A,THE,for,for,-40.87664031982422,"[-2.7079291, -8.781305, -5.4699073, -7.5481763, -4.4249563, -10.505688, -1.4386805]"
an actor delivered an anchor for her .,the buddy bought the coffee for me .,PD,PD,DELIVER,BUY,A,THE,for,for,-40.09980773925781,"[-2.822553, -12.365692, -9.292521, -2.2772913, -6.7424726, -2.9556837, -2.4696221, -1.1739745]"
an actor delivered an anchor for her .,the buddy bought me the coffee .,PD,DO,DELIVER,BUY,A,THE,for,for,-38.873085021972656,"[-2.822553, -12.365692, -9.292521, -3.4584732, -3.4709373, -5.916131, -1.5467746]"
an actor delivered her a television .,the leader left the coat for you .,DO,PD,DELIVER,LEAVE,A,THE,for,for,-46.5213737487793,"[-2.8118036, -7.351551, -11.821274, -2.0658402, -11.425305, -4.980334, -5.051117, -1.014149]"
an actor delivered her a television .,the leader left you the coat .,DO,DO,DELIVER,LEAVE,A,THE,for,for,-47.11567687988281,"[-2.8118036, -7.351551, -11.821274, -6.420735, -5.7791734, -11.874569, -1.0565718]"
an actor delivered her a television .,the son sold the beer to them .,DO,PD,DELIVER,SELL,A,THE,for,to,-42.463775634765625,"[-2.8118036, -8.035593, -12.083355, -2.1255736, -8.260504, -1.2814435, -6.785137, -1.0803647]"
an actor delivered her a television .,the son sold them the beer .,DO,DO,DELIVER,SELL,A,THE,for,to,-39.510658264160156,"[-2.8118036, -8.035593, -12.083355, -5.209699, -3.156178, -7.037636, -1.1763928]"
an actor delivered her an anchor .,the buddy bought the coffee for me .,DO,PD,DELIVER,BUY,A,THE,for,for,-40.70297622680664,"[-2.845388, -12.383509, -9.089302, -2.5441217, -6.81828, -3.2970552, -2.5415192, -1.1838024]"
an actor delivered her an anchor .,the buddy bought me the coffee .,DO,DO,DELIVER,BUY,A,THE,for,for,-38.34856414794922,"[-2.845388, -12.383509, -9.089302, -3.0722961, -3.5094275, -6.1439238, -1.304717]"
an actor delivered him a beer .,the cousin gave the pie to us .,DO,PD,DELIVER,GIVE,A,THE,for,to,-41.89795684814453,"[-2.8161802, -11.44558, -7.6377697, -4.021534, -9.69422, -0.36097947, -5.1869297, -0.73476523]"
an actor delivered him a beer .,the cousin gave us the pie .,DO,DO,DELIVER,GIVE,A,THE,for,to,-37.25967025756836,"[-2.8161802, -11.44558, -7.6377697, -4.5916796, -2.5194204, -7.5170045, -0.7320379]"
an actor delivered him a television .,the teacher left the chicken for you .,DO,PD,DELIVER,LEAVE,A,THE,for,for,-42.427024841308594,"[-2.8354776, -9.073982, -5.9682374, -1.7779789, -11.993629, -3.7235482, -6.146885, -0.9072896]"
an actor delivered him a television .,the teacher left you the chicken .,DO,DO,DELIVER,LEAVE,A,THE,for,for,-39.986732482910156,"[-2.8354776, -9.073982, -5.9682374, -7.08689, -4.829975, -9.080367, -1.1118013]"
an actor delivered me a pie .,the student sold the salad to us .,DO,PD,DELIVER,SELL,A,THE,for,to,-41.07264709472656,"[-2.816848, -8.379345, -10.199868, -2.4808626, -9.404327, -1.7812642, -5.055929, -0.9542018]"
an actor delivered me a pie .,the student sold us the salad .,DO,DO,DELIVER,SELL,A,THE,for,to,-38.722137451171875,"[-2.816848, -8.379345, -10.199868, -4.501047, -4.0356054, -8.039529, -0.7498937]"
an actor delivered us a beer .,the man purchased the juice for them .,DO,PD,DELIVER,PURCHASE,A,THE,for,for,-39.82048034667969,"[-2.8026319, -5.678735, -10.495007, -1.3978964, -9.265315, -2.9311175, -6.0548606, -1.1949161]"
an actor delivered us a beer .,the man purchased them the juice .,DO,DO,DELIVER,PURCHASE,A,THE,for,for,-39.880027770996094,"[-2.8026319, -5.678735, -10.495007, -5.419743, -5.9116282, -8.402984, -1.1692972]"
an actor delivered us a cheese .,the physician left the tea for you .,DO,PD,DELIVER,LEAVE,A,THE,for,for,-41.287925720214844,"[-2.8057823, -10.683649, -7.44741, -1.787626, -8.77034, -3.0867116, -5.9003735, -0.8060325]"
an actor delivered us a cheese .,the physician left you the tea .,DO,DO,DELIVER,LEAVE,A,THE,for,for,-39.01669692993164,"[-2.8057823, -10.683649, -7.44741, -5.51875, -5.0069675, -6.90958, -0.64455724]"
an actor delivered us a tea .,the mother brought the coffee to it .,DO,PD,DELIVER,BRING,A,THE,for,to,-37.80257034301758,"[-2.810891, -7.5061307, -9.178821, -2.5934772, -6.126061, -1.4371562, -7.477413, -0.67261964]"
an actor delivered us a tea .,the mother brought it the coffee .,DO,DO,DELIVER,BRING,A,THE,for,to,-35.76256561279297,"[-2.810891, -7.5061307, -9.178821, -3.9450645, -7.331997, -4.5332403, -0.45642257]"
an actor delivered us a television .,the cop showed the flower to him .,DO,PD,DELIVER,SHOW,A,THE,for,to,-38.92644119262695,"[-2.7907925, -10.228464, -4.9825583, -3.8986435, -10.188648, -2.3456976, -3.554487, -0.9371495]"
an actor delivered us a television .,the cop showed him the flower .,DO,DO,DELIVER,SHOW,A,THE,for,to,-34.52637481689453,"[-2.7907925, -10.228464, -4.9825583, -3.6504602, -1.8244208, -9.854775, -1.1949011]"
an actor delivered you a cheese .,the president took the telephone to us .,DO,PD,DELIVER,TAKE,A,THE,for,to,-38.282928466796875,"[-2.7877502, -6.8305054, -5.6084437, -2.254214, -9.7261, -3.0413942, -6.760851, -1.2736683]"
an actor delivered you a cheese .,the president took us the telephone .,DO,DO,DELIVER,TAKE,A,THE,for,to,-39.536842346191406,"[-2.7877502, -6.8305054, -5.6084437, -5.74424, -6.568755, -11.068668, -0.9284786]"
an actor delivered you a television .,the captain made the bag for them .,DO,PD,DELIVER,MAKE,A,THE,for,for,-39.45344543457031,"[-2.7894185, -8.793392, -5.2853146, -2.2861676, -10.030021, -3.3457692, -5.801676, -1.1216867]"
an actor delivered you a television .,the captain made them the bag .,DO,DO,DELIVER,MAKE,A,THE,for,for,-39.8004264831543,"[-2.7894185, -8.793392, -5.2853146, -6.9124236, -4.725511, -9.960119, -1.3342485]"
an actor designed a card for him .,the lady promised the meal to me .,PD,PD,DESIGN,PROMISE,A,THE,for,to,-39.94856643676758,"[-2.7623494, -9.578102, -8.799487, -4.3839803, -7.634254, -3.0872781, -2.7067914, -0.9963242]"
an actor designed a card for him .,the lady promised me the meal .,PD,DO,DESIGN,PROMISE,A,THE,for,to,-34.87696075439453,"[-2.7623494, -9.578102, -8.799487, -1.8294778, -3.5576355, -6.994673, -1.3552343]"
an actor designed a card for them .,the guy gave the meal to us .,PD,PD,DESIGN,GIVE,A,THE,for,to,-35.80546569824219,"[-2.7413642, -7.8576317, -6.853186, -3.2117555, -9.968902, -0.8880416, -3.3523555, -0.93223053]"
an actor designed a card for them .,the guy gave us the meal .,PD,DO,DESIGN,GIVE,A,THE,for,to,-33.22284698486328,"[-2.7413642, -7.8576317, -6.853186, -2.521589, -2.102777, -9.831339, -1.3149617]"
an actor designed a card for you .,the attorney fed the cheese to him .,PD,PD,DESIGN,FEED,A,THE,for,to,-43.91830825805664,"[-2.7260406, -8.800522, -14.750074, -1.5737845, -9.772698, -1.6403698, -3.986622, -0.6681959]"
an actor designed a card for you .,the attorney fed him the cheese .,PD,DO,DESIGN,FEED,A,THE,for,to,-42.89281463623047,"[-2.7260406, -8.800522, -14.750074, -4.099542, -1.9945412, -9.606457, -0.9156361]"
an actor designed a computer for her .,the girl showed the plate to you .,PD,PD,DESIGN,SHOW,A,THE,for,to,-40.25713348388672,"[-2.707617, -8.18331, -7.4033527, -3.0372252, -9.968088, -1.2087028, -7.1189775, -0.62985945]"
an actor designed a computer for her .,the girl showed you the plate .,PD,DO,DESIGN,SHOW,A,THE,for,to,-37.272403717041016,"[-2.707617, -8.18331, -7.4033527, -5.579251, -2.105224, -9.998755, -1.2948949]"
an actor designed a crystal for us .,the parent showed the salad to me .,PD,PD,DESIGN,SHOW,A,THE,for,to,-40.984004974365234,"[-2.7730029, -8.951744, -10.007235, -2.8787425, -11.683111, -2.0599866, -1.5520047, -1.078179]"
an actor designed a crystal for us .,the parent showed me the salad .,PD,DO,DESIGN,SHOW,A,THE,for,to,-36.95903778076172,"[-2.7730029, -8.951744, -10.007235, -1.4628203, -1.8887844, -10.220434, -1.6550182]"
an actor designed a guitar for him .,the king fed the chicken to you .,PD,PD,DESIGN,FEED,A,THE,for,to,-40.932899475097656,"[-2.8244545, -8.132177, -10.959847, -2.0450134, -6.367998, -2.7496674, -7.177844, -0.67589676]"
an actor designed a guitar for him .,the king fed you the chicken .,PD,DO,DESIGN,FEED,A,THE,for,to,-37.476741790771484,"[-2.8244545, -8.132177, -10.959847, -4.824704, -3.3958383, -6.1906705, -1.1490501]"
an actor designed a guitar for them .,the brother kept the wire for me .,PD,PD,DESIGN,KEEP,A,THE,for,for,-43.67839431762695,"[-2.7917624, -9.715672, -10.895343, -2.8148906, -8.855991, -4.189677, -3.4951468, -0.91991335]"
an actor designed a guitar for them .,the brother kept me the wire .,PD,DO,DESIGN,KEEP,A,THE,for,for,-49.325469970703125,"[-2.7917624, -9.715672, -10.895343, -5.0121393, -7.770736, -11.489187, -1.650632]"
an actor designed a key for you .,the guy got the chicken for us .,PD,PD,DESIGN,GET,A,THE,for,for,-35.40228271484375,"[-2.6528668, -7.888664, -5.9232054, -2.4191504, -8.236616, -4.507557, -3.0948932, -0.679329]"
an actor designed a key for you .,the guy got us the chicken .,PD,DO,DESIGN,GET,A,THE,for,for,-33.801605224609375,"[-2.6528668, -7.888664, -5.9232054, -5.0227957, -3.0917926, -8.156178, -1.0661026]"
an actor designed a key for you .,the captain made the bag for them .,PD,PD,DESIGN,MAKE,A,THE,for,for,-38.17412185668945,"[-2.6528668, -8.764257, -5.422788, -2.0972064, -10.663819, -1.9838934, -5.6684875, -0.92080265]"
an actor designed a key for you .,the captain made them the bag .,PD,DO,DESIGN,MAKE,A,THE,for,for,-39.994110107421875,"[-2.6528668, -8.764257, -5.422788, -7.4158907, -4.0246983, -10.284488, -1.429124]"
an actor designed her a computer .,the girl showed the plate to you .,DO,PD,DESIGN,SHOW,A,THE,for,to,-41.292938232421875,"[-2.7763433, -8.260464, -7.40688, -3.4147518, -9.90247, -1.9029522, -6.9691963, -0.6598801]"
an actor designed her a computer .,the girl showed you the plate .,DO,DO,DESIGN,SHOW,A,THE,for,to,-37.67107391357422,"[-2.7763433, -8.260464, -7.40688, -5.5950127, -2.3502097, -9.994359, -1.2878077]"
an actor designed him a card .,the lady promised the meal to me .,DO,PD,DESIGN,PROMISE,A,THE,for,to,-41.225738525390625,"[-2.842893, -9.478975, -8.738653, -4.20766, -8.506496, -3.2707043, -3.0380313, -1.1423278]"
an actor designed him a card .,the lady promised me the meal .,DO,DO,DESIGN,PROMISE,A,THE,for,to,-35.02018356323242,"[-2.842893, -9.478975, -8.738653, -1.4083477, -3.6207638, -7.565183, -1.3653656]"
an actor designed him a guitar .,the king fed the chicken to you .,DO,PD,DESIGN,FEED,A,THE,for,to,-41.394325256347656,"[-2.844298, -8.135654, -10.64637, -2.3417616, -6.4887857, -3.0671453, -7.0846987, -0.78561324]"
an actor designed him a guitar .,the king fed you the chicken .,DO,DO,DESIGN,FEED,A,THE,for,to,-37.04407501220703,"[-2.844298, -8.135654, -10.64637, -4.8566732, -3.3294811, -6.2333155, -0.9982823]"
an actor designed them a card .,the guy gave the meal to us .,DO,PD,DESIGN,GIVE,A,THE,for,to,-37.057979583740234,"[-2.8101008, -7.9717546, -6.8675447, -3.2463274, -10.013405, -1.2495991, -3.8447635, -1.0544832]"
an actor designed them a card .,the guy gave us the meal .,DO,DO,DESIGN,GIVE,A,THE,for,to,-33.42424774169922,"[-2.8101008, -7.9717546, -6.8675447, -2.7501192, -2.107501, -9.701544, -1.2156817]"
an actor designed them a guitar .,the brother kept the wire for me .,DO,PD,DESIGN,KEEP,A,THE,for,for,-43.74958038330078,"[-2.84526, -9.674154, -10.729733, -2.9038732, -8.640608, -4.6354723, -3.2654743, -1.0550054]"
an actor designed them a guitar .,the brother kept me the wire .,DO,DO,DESIGN,KEEP,A,THE,for,for,-47.408451080322266,"[-2.84526, -9.674154, -10.729733, -4.8481503, -7.6303535, -10.308204, -1.3725979]"
an actor designed us a crystal .,the parent showed the salad to me .,DO,PD,DESIGN,SHOW,A,THE,for,to,-41.277976989746094,"[-2.8280158, -8.973649, -9.641047, -3.3096533, -11.240913, -2.4379818, -1.6401289, -1.206588]"
an actor designed us a crystal .,the parent showed me the salad .,DO,DO,DESIGN,SHOW,A,THE,for,to,-35.96535873413086,"[-2.8280158, -8.973649, -9.641047, -1.153347, -1.9958738, -9.858529, -1.5148994]"
an actor designed you a card .,the attorney fed the cheese to him .,DO,PD,DESIGN,FEED,A,THE,for,to,-43.771907806396484,"[-2.796785, -8.685372, -14.512969, -1.7945507, -9.312772, -1.996728, -3.987307, -0.6854233]"
an actor designed you a card .,the attorney fed him the cheese .,DO,DO,DESIGN,FEED,A,THE,for,to,-42.09700393676758,"[-2.796785, -8.685372, -14.512969, -3.895005, -2.2086744, -9.218389, -0.77980864]"
an actor designed you a key .,the guy got the chicken for us .,DO,PD,DESIGN,GET,A,THE,for,for,-36.846099853515625,"[-2.7062354, -7.9192996, -5.8064256, -2.519619, -8.132001, -4.808126, -4.142443, -0.8119502]"
an actor designed you a key .,the guy got us the chicken .,DO,DO,DESIGN,GET,A,THE,for,for,-33.59522247314453,"[-2.7062354, -7.9192996, -5.8064256, -5.2542458, -2.9648945, -8.094368, -0.849752]"
an actor designed you a key .,the captain made the bag for them .,DO,PD,DESIGN,MAKE,A,THE,for,for,-39.61513137817383,"[-2.7062354, -8.729191, -5.4099717, -2.2618115, -10.45202, -3.1541836, -5.8198643, -1.0818536]"
an actor designed you a key .,the captain made them the bag .,DO,DO,DESIGN,MAKE,A,THE,for,for,-39.99732971191406,"[-2.7062354, -8.729191, -5.4099717, -7.1331387, -3.9951918, -10.804354, -1.2192472]"
an actor drew a guitar for me .,the prince purchased the beer for it .,PD,PD,DRAW,PURCHASE,A,THE,for,for,-42.40346908569336,"[-2.800911, -9.874601, -9.199455, -1.6186932, -7.4859543, -1.9313074, -8.180956, -1.3115914]"
an actor drew a guitar for me .,the prince purchased it the beer .,PD,DO,DRAW,PURCHASE,A,THE,for,for,-45.361053466796875,"[-2.800911, -9.874601, -9.199455, -4.2402287, -5.806906, -11.463696, -1.9752568]"
an actor drew a guitar for you .,the teacher found the instrument for them .,PD,PD,DRAW,FIND,A,THE,for,for,-37.24298095703125,"[-2.7889388, -9.257149, -5.952784, -1.8806118, -6.878476, -3.0409243, -6.6225185, -0.82158107]"
an actor drew a guitar for you .,the teacher found them the instrument .,PD,DO,DRAW,FIND,A,THE,for,for,-41.132484436035156,"[-2.7889388, -9.257149, -5.952784, -6.262856, -4.496933, -10.545989, -1.8278352]"
an actor drew a wire for us .,the reader purchased the beer for you .,PD,PD,DRAW,PURCHASE,A,THE,for,for,-39.08517837524414,"[-2.7744808, -8.595203, -9.479585, -1.4183619, -8.805054, -2.9768739, -4.5866165, -0.4490042]"
an actor drew a wire for us .,the reader purchased you the beer .,PD,DO,DRAW,PURCHASE,A,THE,for,for,-43.26105880737305,"[-2.7744808, -8.595203, -9.479585, -10.968016, -3.1538334, -7.286125, -1.0038158]"
an actor drew me a guitar .,the prince purchased the beer for it .,DO,PD,DRAW,PURCHASE,A,THE,for,for,-43.10076904296875,"[-2.8419342, -9.778095, -9.130198, -1.7152735, -7.840004, -2.8983283, -7.4081187, -1.4888184]"
an actor drew me a guitar .,the prince purchased it the beer .,DO,DO,DRAW,PURCHASE,A,THE,for,for,-44.76683044433594,"[-2.8419342, -9.778095, -9.130198, -4.34794, -5.9625063, -10.969133, -1.7370219]"
an actor drew us a wire .,the reader purchased the beer for you .,DO,PD,DRAW,PURCHASE,A,THE,for,for,-41.113162994384766,"[-2.794595, -8.381147, -9.328934, -1.5819952, -8.600573, -3.5794044, -6.256736, -0.58977914]"
an actor drew us a wire .,the reader purchased you the beer .,DO,DO,DRAW,PURCHASE,A,THE,for,for,-42.83219909667969,"[-2.794595, -8.381147, -9.328934, -10.588601, -3.3259907, -7.4261656, -0.9867649]"
an actor drew you a guitar .,the teacher found the instrument for them .,DO,PD,DRAW,FIND,A,THE,for,for,-39.77241516113281,"[-2.80811, -9.300445, -6.1482058, -2.247619, -6.6983, -4.1977744, -7.204994, -1.1669655]"
an actor drew you a guitar .,the teacher found them the instrument .,DO,DO,DRAW,FIND,A,THE,for,for,-39.49806594848633,"[-2.80811, -9.300445, -6.1482058, -5.988348, -4.4504104, -9.043198, -1.7593498]"
an actor fed a candy to us .,the mother delivered the tea for you .,PD,PD,FEED,DELIVER,A,THE,to,for,-39.993873596191406,"[-2.789139, -7.3761606, -10.182728, -1.7409478, -8.244424, -3.8948407, -5.0275617, -0.7380707]"
an actor fed a candy to us .,the mother delivered you the tea .,PD,DO,FEED,DELIVER,A,THE,to,for,-37.44967269897461,"[-2.789139, -7.3761606, -10.182728, -7.466173, -2.5679474, -6.2980633, -0.7694599]"
an actor fed a chicken to him .,the actress found the instrument for me .,PD,PD,FEED,FIND,A,THE,to,for,-42.263832092285156,"[-2.7723293, -8.155998, -6.8736935, -3.5413055, -9.12826, -3.4479318, -6.5818505, -1.762466]"
an actor fed a chicken to him .,the actress found me the instrument .,PD,DO,FEED,FIND,A,THE,to,for,-42.28053283691406,"[-2.7723293, -8.155998, -6.8736935, -7.537402, -4.496729, -10.107096, -2.3372834]"
an actor fed a chicken to me .,the buddy showed the cigarette to it .,PD,PD,FEED,SHOW,A,THE,to,to,-49.365577697753906,"[-2.759612, -12.357573, -9.064344, -3.9072714, -10.014795, -1.2017835, -8.40195, -1.6582493]"
an actor fed a chicken to me .,the buddy showed it the cigarette .,PD,DO,FEED,SHOW,A,THE,to,to,-47.377830505371094,"[-2.759612, -12.357573, -9.064344, -5.105239, -6.202634, -10.580267, -1.3081604]"
an actor fed a chicken to us .,the woman got the pie for you .,PD,PD,FEED,GET,A,THE,to,for,-38.898860931396484,"[-2.7561162, -7.1865726, -6.386216, -3.81822, -9.26362, -4.002845, -4.774723, -0.7105464]"
an actor fed a chicken to us .,the woman got you the pie .,PD,DO,FEED,GET,A,THE,to,for,-38.91070556640625,"[-2.7561162, -7.1865726, -6.386216, -8.924129, -4.956272, -7.801857, -0.89954364]"
an actor fed a chicken to you .,the worker bought the beer for them .,PD,PD,FEED,BUY,A,THE,to,for,-37.37725067138672,"[-2.7622774, -9.762157, -8.704673, -1.6444176, -6.072911, -2.6160388, -4.68331, -1.131464]"
an actor fed a chicken to you .,the worker bought them the beer .,PD,DO,FEED,BUY,A,THE,to,for,-38.714717864990234,"[-2.7622774, -9.762157, -8.704673, -5.958498, -4.130909, -5.828124, -1.5680809]"
an actor fed a chocolate to us .,the friend supplied the television to it .,PD,PD,FEED,SUPPLY,A,THE,to,to,-44.204139709472656,"[-2.7453232, -9.649894, -8.806985, -2.236002, -10.177202, -1.8011205, -7.5694737, -1.2181393]"
an actor fed a chocolate to us .,the friend supplied it the television .,PD,DO,FEED,SUPPLY,A,THE,to,to,-44.645137786865234,"[-2.7453232, -9.649894, -8.806985, -5.316784, -6.203173, -10.186467, -1.736513]"
an actor fed a chocolate to us .,the champion delivered the beer for me .,PD,PD,FEED,DELIVER,A,THE,to,for,-41.426761627197266,"[-2.7453232, -10.094664, -10.66849, -2.2806468, -9.346082, -2.9636645, -2.5088649, -0.81902677]"
an actor fed a chocolate to us .,the champion delivered me the beer .,PD,DO,FEED,DELIVER,A,THE,to,for,-41.02444076538086,"[-2.7453232, -10.094664, -10.66849, -7.0690875, -2.5209851, -6.8009872, -1.1249049]"
an actor fed a meal to it .,the hero kept the chicken for me .,PD,PD,FEED,KEEP,A,THE,to,for,-42.4656982421875,"[-2.7333636, -9.4025755, -7.276537, -2.9557, -8.63968, -4.3681254, -6.153229, -0.9364899]"
an actor fed a meal to it .,the hero kept me the chicken .,PD,DO,FEED,KEEP,A,THE,to,for,-44.667327880859375,"[-2.7333636, -9.4025755, -7.276537, -6.4759083, -7.5702715, -9.911978, -1.2966973]"
an actor fed a meal to them .,the cop saved the beer for us .,PD,PD,FEED,SAVE,A,THE,to,for,-41.15645217895508,"[-2.7700589, -10.13223, -8.318816, -1.5658139, -10.880677, -2.707086, -4.1430697, -0.6387002]"
an actor fed a meal to them .,the cop saved us the beer .,PD,DO,FEED,SAVE,A,THE,to,for,-42.416316986083984,"[-2.7700589, -10.13223, -8.318816, -4.5006285, -4.2972603, -11.4855385, -0.911786]"
an actor fed a meal to you .,the father drew the card for us .,PD,PD,FEED,DRAW,A,THE,to,for,-37.696292877197266,"[-2.7602146, -7.6862116, -10.666713, -2.4311953, -6.1143966, -3.1436157, -3.990333, -0.90361357]"
an actor fed a meal to you .,the father drew us the card .,PD,DO,FEED,DRAW,A,THE,to,for,-38.13897705078125,"[-2.7602146, -7.6862116, -10.666713, -6.3336096, -3.4746842, -5.845819, -1.3717257]"
an actor fed a pie to it .,the son supplied the beer to me .,PD,PD,FEED,SUPPLY,A,THE,to,to,-38.41405487060547,"[-2.7435484, -7.9925027, -13.520752, -1.2574188, -7.6101637, -1.2414069, -3.2804966, -0.7677688]"
an actor fed a pie to it .,the son supplied me the beer .,PD,DO,FEED,SUPPLY,A,THE,to,to,-39.1930046081543,"[-2.7435484, -7.9925027, -13.520752, -3.0756474, -2.940416, -7.595825, -1.3243126]"
an actor fed him a chicken .,the actress found the instrument for me .,DO,PD,FEED,FIND,A,THE,to,for,-42.97196960449219,"[-2.7642553, -7.9664764, -6.7778807, -3.274827, -9.417536, -3.436754, -7.501112, -1.8331267]"
an actor fed him a chicken .,the actress found me the instrument .,DO,DO,FEED,FIND,A,THE,to,for,-41.32234191894531,"[-2.7642553, -7.9664764, -6.7778807, -7.0584373, -4.197792, -10.534685, -2.0228164]"
an actor fed it a meal .,the hero kept the chicken for me .,DO,PD,FEED,KEEP,A,THE,to,for,-42.3824577331543,"[-2.7367268, -9.327831, -7.4762783, -2.9739819, -8.370264, -4.6329837, -6.065316, -0.7990745]"
an actor fed it a meal .,the hero kept me the chicken .,DO,DO,FEED,KEEP,A,THE,to,for,-43.93098831176758,"[-2.7367268, -9.327831, -7.4762783, -6.242812, -7.341544, -9.572252, -1.2335422]"
an actor fed it a pie .,the son supplied the beer to me .,DO,PD,FEED,SUPPLY,A,THE,to,to,-38.03802490234375,"[-2.75485, -7.9847107, -12.742511, -1.1370572, -7.1103854, -2.2599554, -3.3609939, -0.68756115]"
an actor fed it a pie .,the son supplied me the beer .,DO,DO,FEED,SUPPLY,A,THE,to,to,-36.30821228027344,"[-2.75485, -7.9847107, -12.742511, -2.5257454, -2.991737, -6.3886743, -0.91998386]"
an actor fed me a chicken .,the buddy showed the cigarette to it .,DO,PD,FEED,SHOW,A,THE,to,to,-49.55133056640625,"[-2.754287, -12.298473, -8.821446, -4.1152706, -10.108248, -2.033606, -7.9110346, -1.5089628]"
an actor fed me a chicken .,the buddy showed it the cigarette .,DO,DO,FEED,SHOW,A,THE,to,to,-47.12541580200195,"[-2.754287, -12.298473, -8.821446, -5.2499523, -5.915001, -11.272086, -0.8141667]"
an actor fed them a meal .,the cop saved the beer for us .,DO,PD,FEED,SAVE,A,THE,to,for,-43.03639221191406,"[-2.73669, -10.177931, -8.294811, -1.7685355, -11.591951, -3.4414399, -4.4917164, -0.53331774]"
an actor fed them a meal .,the cop saved us the beer .,DO,DO,FEED,SAVE,A,THE,to,for,-40.9279899597168,"[-2.73669, -10.177931, -8.294811, -4.32224, -4.3751097, -10.3918915, -0.6293178]"
an actor fed us a candy .,the mother delivered the tea for you .,DO,PD,FEED,DELIVER,A,THE,to,for,-40.78279113769531,"[-2.7659442, -7.3598685, -10.495245, -1.9248383, -8.599731, -3.4245582, -5.4499197, -0.76268494]"
an actor fed us a candy .,the mother delivered you the tea .,DO,DO,FEED,DELIVER,A,THE,to,for,-36.93354797363281,"[-2.7659442, -7.3598685, -10.495245, -6.455617, -2.9827538, -6.362773, -0.5113457]"
an actor fed us a chicken .,the woman got the pie for you .,DO,PD,FEED,GET,A,THE,to,for,-39.39614486694336,"[-2.7494996, -7.2199955, -6.432265, -3.6900592, -9.052805, -3.9643612, -5.5850563, -0.70210224]"
an actor fed us a chicken .,the woman got you the pie .,DO,DO,FEED,GET,A,THE,to,for,-37.675010681152344,"[-2.7494996, -7.2199955, -6.432265, -8.249103, -4.8917084, -7.453619, -0.67881805]"
an actor fed us a chocolate .,the friend supplied the television to it .,DO,PD,FEED,SUPPLY,A,THE,to,to,-45.59269714355469,"[-2.7311559, -9.663406, -9.274128, -2.718882, -9.885095, -2.7997775, -7.3756776, -1.1445743]"
an actor fed us a chocolate .,the friend supplied it the television .,DO,DO,FEED,SUPPLY,A,THE,to,to,-45.51836013793945,"[-2.7311559, -9.663406, -9.274128, -5.8394637, -6.241731, -10.383243, -1.3852317]"
an actor fed us a chocolate .,the champion delivered the beer for me .,DO,PD,FEED,DELIVER,A,THE,to,for,-41.01826095581055,"[-2.7311559, -10.097343, -10.620569, -2.268699, -8.955865, -3.0071783, -2.6406229, -0.69683003]"
an actor fed us a chocolate .,the champion delivered me the beer .,DO,DO,FEED,DELIVER,A,THE,to,for,-38.856117248535156,"[-2.7311559, -10.097343, -10.620569, -5.587449, -2.7467668, -6.408269, -0.6645674]"
an actor fed you a chicken .,the worker bought the beer for them .,DO,PD,FEED,BUY,A,THE,to,for,-38.1198844909668,"[-2.739448, -9.849401, -8.517422, -1.5140687, -6.0439796, -3.043467, -5.291649, -1.120449]"
an actor fed you a chicken .,the worker bought them the beer .,DO,DO,FEED,BUY,A,THE,to,for,-38.72245788574219,"[-2.739448, -9.849401, -8.517422, -5.693186, -4.2261763, -6.5649204, -1.1319041]"
an actor fed you a meal .,the father drew the card for us .,DO,PD,FEED,DRAW,A,THE,to,for,-37.94585037231445,"[-2.7478256, -7.7126107, -10.283277, -2.239637, -6.112506, -3.3901935, -4.6131268, -0.8466753]"
an actor fed you a meal .,the father drew us the card .,DO,DO,FEED,DRAW,A,THE,to,for,-36.57490921020508,"[-2.7478256, -7.7126107, -10.283277, -5.4559226, -3.6755676, -5.616817, -1.0828884]"
an actor found a beer for them .,the father gave the hat to me .,PD,PD,FIND,GIVE,A,THE,for,to,-36.44283676147461,"[-2.6894457, -7.705191, -9.073143, -1.872931, -9.667945, -0.34781092, -4.0191584, -1.067213]"
an actor found a beer for them .,the father gave me the hat .,PD,DO,FIND,GIVE,A,THE,for,to,-34.00472640991211,"[-2.6894457, -7.705191, -9.073143, -3.2375941, -2.0406375, -8.100809, -1.1579059]"
an actor found a beer for us .,the writer saved the coffee for him .,PD,PD,FIND,SAVE,A,THE,for,for,-37.49768829345703,"[-2.6877983, -7.214634, -11.11897, -1.1694648, -9.230533, -0.80473137, -4.7872915, -0.48426354]"
an actor found a beer for us .,the writer saved him the coffee .,PD,DO,FIND,SAVE,A,THE,for,for,-39.3942756652832,"[-2.6877983, -7.214634, -11.11897, -5.6688604, -2.938167, -9.06507, -0.70077485]"
an actor found a beer for you .,the lady made the engine for him .,PD,PD,FIND,MAKE,A,THE,for,for,-43.59999084472656,"[-2.6724267, -9.725539, -7.2493486, -2.4291756, -10.751112, -3.9843307, -6.032446, -0.7556125]"
an actor found a beer for you .,the lady made him the engine .,PD,DO,FIND,MAKE,A,THE,for,for,-41.74628448486328,"[-2.6724267, -9.725539, -7.2493486, -5.7267656, -4.731366, -10.772022, -0.8688124]"
an actor found a beer for you .,the priest saved the meal for us .,PD,PD,FIND,SAVE,A,THE,for,for,-37.97385787963867,"[-2.6724267, -10.391851, -9.813624, -1.2345343, -9.353313, -0.85043705, -3.1720319, -0.48563927]"
an actor found a beer for you .,the priest saved us the meal .,PD,DO,FIND,SAVE,A,THE,for,for,-42.37226104736328,"[-2.6724267, -10.391851, -9.813624, -4.7719574, -4.335225, -9.568818, -0.81835663]"
an actor found a key for you .,the physician showed the coat to me .,PD,PD,FIND,SHOW,A,THE,for,to,-40.29643249511719,"[-2.6319726, -11.073091, -7.9322634, -2.1305935, -10.84682, -1.8026619, -2.655509, -1.2235205]"
an actor found a key for you .,the physician showed me the coat .,PD,DO,FIND,SHOW,A,THE,for,to,-36.80870819091797,"[-2.6319726, -11.073091, -7.9322634, -2.1938422, -1.7488298, -9.765501, -1.4632103]"
an actor found a tea for you .,the business designed the gun for them .,PD,PD,FIND,DESIGN,A,THE,for,for,-39.401737213134766,"[-2.6815975, -8.107065, -11.276005, -1.9925745, -7.8208294, -1.7177464, -5.339745, -0.4661723]"
an actor found a tea for you .,the business designed them the gun .,PD,DO,FIND,DESIGN,A,THE,for,for,-45.93373489379883,"[-2.6815975, -8.107065, -11.276005, -6.6474686, -6.0553994, -9.682688, -1.4835122]"
an actor found them a beer .,the father gave the hat to me .,DO,PD,FIND,GIVE,A,THE,for,to,-35.800880432128906,"[-2.6985548, -7.7736692, -8.511801, -2.1995845, -9.415983, -0.43075544, -3.7983258, -0.972207]"
an actor found them a beer .,the father gave me the hat .,DO,DO,FIND,GIVE,A,THE,for,to,-32.45904541015625,"[-2.6985548, -7.7736692, -8.511801, -2.4347854, -2.1211207, -7.9833236, -0.93578947]"
an actor found us a beer .,the writer saved the coffee for him .,DO,PD,FIND,SAVE,A,THE,for,for,-38.071022033691406,"[-2.7108526, -7.099876, -11.01915, -1.638107, -8.964134, -1.8037342, -4.2529383, -0.58223176]"
an actor found us a beer .,the writer saved him the coffee .,DO,DO,FIND,SAVE,A,THE,for,for,-37.60613250732422,"[-2.7108526, -7.099876, -11.01915, -5.132399, -2.9339614, -8.245679, -0.46421355]"
an actor found you a beer .,the lady made the engine for him .,DO,PD,FIND,MAKE,A,THE,for,for,-43.22772979736328,"[-2.6513832, -9.728702, -7.0647507, -2.3941903, -10.240163, -4.691515, -5.590683, -0.8663424]"
an actor found you a beer .,the lady made him the engine .,DO,DO,FIND,MAKE,A,THE,for,for,-40.46192169189453,"[-2.6513832, -9.728702, -7.0647507, -4.925566, -4.733934, -10.708511, -0.64907604]"
an actor found you a beer .,the priest saved the meal for us .,DO,PD,FIND,SAVE,A,THE,for,for,-40.840396881103516,"[-2.6513832, -10.405234, -9.491482, -1.3116261, -10.14484, -1.7593743, -4.5066223, -0.56983286]"
an actor found you a beer .,the priest saved us the meal .,DO,DO,FIND,SAVE,A,THE,for,for,-41.06830596923828,"[-2.6513832, -10.405234, -9.491482, -5.2449946, -4.3971395, -8.175492, -0.7025817]"
an actor found you a key .,the physician showed the coat to me .,DO,PD,FIND,SHOW,A,THE,for,to,-41.02149963378906,"[-2.6269667, -11.082392, -8.216417, -2.5127864, -11.255675, -2.1857162, -2.119666, -1.0218797]"
an actor found you a key .,the physician showed me the coat .,DO,DO,FIND,SHOW,A,THE,for,to,-36.92068862915039,"[-2.6269667, -11.082392, -8.216417, -2.1395946, -1.8275633, -9.770985, -1.2567691]"
an actor found you a tea .,the business designed the gun for them .,DO,PD,FIND,DESIGN,A,THE,for,for,-41.153961181640625,"[-2.6563897, -8.172083, -11.496065, -2.102366, -7.7051487, -2.6442695, -5.7125907, -0.6650496]"
an actor found you a tea .,the business designed them the gun .,DO,DO,FIND,DESIGN,A,THE,for,for,-45.41734313964844,"[-2.6563897, -8.172083, -11.496065, -6.3335843, -6.196018, -9.557819, -1.0053821]"
an actor gave a candy to him .,the friend purchased the box for me .,PD,PD,GIVE,PURCHASE,A,THE,to,for,-34.82672119140625,"[-2.7734218, -9.670177, -9.144191, -1.8147293, -5.098319, -3.067233, -2.1401963, -1.1184554]"
an actor gave a candy to him .,the friend purchased me the box .,PD,DO,GIVE,PURCHASE,A,THE,to,for,-36.975746154785156,"[-2.7734218, -9.670177, -9.144191, -4.9392734, -3.4421566, -5.4145846, -1.5919437]"
an actor gave a candy to me .,the uncle made the guitar for us .,PD,PD,GIVE,MAKE,A,THE,to,for,-40.27460479736328,"[-2.752331, -11.094623, -7.2336903, -2.243065, -9.866367, -3.3804395, -2.9498863, -0.7542041]"
an actor gave a candy to me .,the uncle made us the guitar .,PD,DO,GIVE,MAKE,A,THE,to,for,-41.25454330444336,"[-2.752331, -11.094623, -7.2336903, -5.4657745, -4.313139, -9.000658, -1.3943292]"
an actor gave a cheese to him .,the prince showed the juice to them .,PD,PD,GIVE,SHOW,A,THE,to,to,-39.69971466064453,"[-2.725815, -9.884071, -7.6598053, -2.7193851, -9.654434, -0.9614427, -5.3650594, -0.7297033]"
an actor gave a cheese to him .,the prince showed them the juice .,PD,DO,GIVE,SHOW,A,THE,to,to,-37.57286834716797,"[-2.725815, -9.884071, -7.6598053, -4.704894, -1.8076999, -9.5414, -1.2491804]"
an actor gave a chocolate to him .,the buddy delivered the bowl for you .,PD,PD,GIVE,DELIVER,A,THE,to,for,-43.539527893066406,"[-2.7148037, -12.586184, -11.539907, -1.8739986, -7.3264723, -4.2018757, -2.7336183, -0.56266725]"
an actor gave a chocolate to him .,the buddy delivered you the bowl .,PD,DO,GIVE,DELIVER,A,THE,to,for,-42.71056365966797,"[-2.7148037, -12.586184, -11.539907, -5.279661, -2.6086025, -6.89629, -1.0851166]"
an actor gave a chocolate to me .,the secretary purchased the juice for you .,PD,PD,GIVE,PURCHASE,A,THE,to,for,-49.895591735839844,"[-2.6821404, -9.481219, -17.109003, -1.7218359, -10.215548, -2.5871866, -5.2741904, -0.8244707]"
an actor gave a chocolate to me .,the secretary purchased you the juice .,PD,DO,GIVE,PURCHASE,A,THE,to,for,-51.008846282958984,"[-2.6821404, -9.481219, -17.109003, -8.901133, -3.5662265, -7.975575, -1.2935481]"
an actor gave a chocolate to you .,the man saved the juice for it .,PD,PD,GIVE,SAVE,A,THE,to,for,-42.045082092285156,"[-2.6962607, -5.3582463, -9.52157, -1.2193328, -13.407646, -2.7619574, -6.461506, -0.6185615]"
an actor gave a chocolate to you .,the man saved it the juice .,PD,DO,GIVE,SAVE,A,THE,to,for,-42.88862991333008,"[-2.6962607, -5.3582463, -9.52157, -4.715193, -6.818684, -13.032744, -0.7459284]"
an actor gave him a candy .,the friend purchased the box for me .,DO,PD,GIVE,PURCHASE,A,THE,to,for,-34.62108612060547,"[-2.8239763, -9.566217, -8.708068, -1.853395, -5.006053, -2.9621313, -2.296588, -1.4046557]"
an actor gave him a candy .,the friend purchased me the box .,DO,DO,GIVE,PURCHASE,A,THE,to,for,-36.85511779785156,"[-2.8239763, -9.566217, -8.708068, -5.0413976, -3.8800292, -5.359826, -1.475605]"
an actor gave him a cheese .,the prince showed the juice to them .,DO,PD,GIVE,SHOW,A,THE,to,to,-41.57230758666992,"[-2.789337, -9.6209755, -7.4044285, -3.368112, -9.795046, -1.814976, -5.9844236, -0.79500896]"
an actor gave him a cheese .,the prince showed them the juice .,DO,DO,GIVE,SHOW,A,THE,to,to,-35.57988357543945,"[-2.789337, -9.6209755, -7.4044285, -4.4801917, -2.240673, -8.329698, -0.71458125]"
an actor gave him a chocolate .,the buddy delivered the bowl for you .,DO,PD,GIVE,DELIVER,A,THE,to,for,-43.330406188964844,"[-2.756698, -12.36549, -11.009331, -2.1593013, -7.272225, -3.9102192, -3.21035, -0.6467919]"
an actor gave him a chocolate .,the buddy delivered you the bowl .,DO,DO,GIVE,DELIVER,A,THE,to,for,-41.908180236816406,"[-2.756698, -12.36549, -11.009331, -4.996693, -2.8881614, -6.906144, -0.9856622]"
an actor gave me a candy .,the uncle made the guitar for us .,DO,PD,GIVE,MAKE,A,THE,to,for,-41.137062072753906,"[-2.7862651, -10.977863, -7.241758, -2.6418173, -10.10371, -3.5119646, -3.070466, -0.8032174]"
an actor gave me a candy .,the uncle made us the guitar .,DO,DO,GIVE,MAKE,A,THE,to,for,-41.11896514892578,"[-2.7862651, -10.977863, -7.241758, -4.5905895, -5.093332, -9.235025, -1.1941316]"
an actor gave me a chocolate .,the secretary purchased the juice for you .,DO,PD,GIVE,PURCHASE,A,THE,to,for,-50.324153900146484,"[-2.708304, -9.507406, -16.618927, -2.0510068, -9.886425, -2.675198, -5.929433, -0.9474554]"
an actor gave me a chocolate .,the secretary purchased you the juice .,DO,DO,GIVE,PURCHASE,A,THE,to,for,-49.77046203613281,"[-2.708304, -9.507406, -16.618927, -8.51612, -4.0495415, -7.3534803, -1.0166824]"
an actor gave you a chocolate .,the man saved the juice for it .,DO,PD,GIVE,SAVE,A,THE,to,for,-42.68848419189453,"[-2.6749418, -5.43644, -9.436223, -1.4092716, -13.424134, -3.2239223, -6.46588, -0.61767316]"
an actor gave you a chocolate .,the man saved it the juice .,DO,DO,GIVE,SAVE,A,THE,to,for,-43.2451171875,"[-2.6749418, -5.43644, -9.436223, -4.9857774, -6.9124184, -13.166884, -0.63243264]"
an actor got a ball for me .,the lawyer saved the newspaper for them .,PD,PD,GET,SAVE,A,THE,for,for,-42.8249397277832,"[-2.6418514, -9.374598, -12.316209, -1.2983229, -8.189474, -3.0471902, -5.455719, -0.5015755]"
an actor got a ball for me .,the lawyer saved them the newspaper .,PD,DO,GET,SAVE,A,THE,for,for,-46.72434616088867,"[-2.6418514, -9.374598, -12.316209, -5.643592, -3.4683528, -12.070157, -1.2095854]"
an actor got a ball for me .,the band designed the card for him .,PD,PD,GET,DESIGN,A,THE,for,for,-38.07014465332031,"[-2.6418514, -7.2425027, -9.755781, -1.023822, -7.9539175, -2.399779, -6.216413, -0.8360789]"
an actor got a ball for me .,the band designed him the card .,PD,DO,GET,DESIGN,A,THE,for,for,-40.671966552734375,"[-2.6418514, -7.2425027, -9.755781, -7.016199, -4.558709, -8.135256, -1.3216676]"
an actor got a salad for us .,the bishop drew the bell for them .,PD,PD,GET,DRAW,A,THE,for,for,-40.68373107910156,"[-2.7074394, -10.295405, -8.711558, -2.554274, -8.3386755, -2.464791, -4.694273, -0.9173124]"
an actor got a salad for us .,the bishop drew them the bell .,PD,DO,GET,DRAW,A,THE,for,for,-42.88579177856445,"[-2.7074394, -10.295405, -8.711558, -6.742558, -5.1384554, -7.7678547, -1.5225219]"
an actor got a salad for you .,the king found the guitar for her .,PD,PD,GET,FIND,A,THE,for,for,-38.702022552490234,"[-2.6898367, -8.194079, -7.543022, -2.3844695, -9.138621, -3.7120447, -4.302018, -0.7379284]"
an actor got a salad for you .,the king found her the guitar .,PD,DO,GET,FIND,A,THE,for,for,-40.532081604003906,"[-2.6898367, -8.194079, -7.543022, -4.5448966, -4.6171618, -11.521229, -1.4218528]"
an actor got a wire for it .,the cousin left the cheese for us .,PD,PD,GET,LEAVE,A,THE,for,for,-42.34862518310547,"[-2.6803052, -11.677095, -7.5775347, -1.240214, -11.182719, -3.1651382, -4.0033226, -0.8222981]"
an actor got a wire for it .,the cousin left us the cheese .,PD,DO,GET,LEAVE,A,THE,for,for,-40.65562057495117,"[-2.6803052, -11.677095, -7.5775347, -4.6584764, -2.7385, -9.934635, -1.3890725]"
an actor got it a wire .,the cousin left the cheese for us .,DO,PD,GET,LEAVE,A,THE,for,for,-42.12389373779297,"[-2.6879308, -11.646781, -7.489554, -1.4951837, -10.66465, -3.6116328, -3.50649, -1.0216703]"
an actor got it a wire .,the cousin left us the cheese .,DO,DO,GET,LEAVE,A,THE,for,for,-39.55564880371094,"[-2.6879308, -11.646781, -7.489554, -3.973788, -2.8404648, -9.553181, -1.3639464]"
an actor got me a ball .,the lawyer saved the newspaper for them .,DO,PD,GET,SAVE,A,THE,for,for,-43.02552032470703,"[-2.6723945, -9.198772, -11.967947, -1.8208581, -8.016076, -3.015976, -5.784781, -0.5487162]"
an actor got me a ball .,the lawyer saved them the newspaper .,DO,DO,GET,SAVE,A,THE,for,for,-46.88577651977539,"[-2.6723945, -9.198772, -11.967947, -5.566367, -3.3776515, -12.91061, -1.1920345]"
an actor got me a ball .,the band designed the card for him .,DO,PD,GET,DESIGN,A,THE,for,for,-38.85645294189453,"[-2.6723945, -7.2786803, -9.602709, -1.2060407, -8.445528, -2.7660148, -5.799283, -1.0858028]"
an actor got me a ball .,the band designed him the card .,DO,DO,GET,DESIGN,A,THE,for,for,-40.243858337402344,"[-2.6723945, -7.2786803, -9.602709, -6.438948, -4.749614, -8.371292, -1.1302173]"
an actor got us a salad .,the bishop drew the bell for them .,DO,PD,GET,DRAW,A,THE,for,for,-42.531673431396484,"[-2.7052703, -10.334165, -8.885603, -2.526624, -8.389837, -3.1228213, -5.479168, -1.0881872]"
an actor got us a salad .,the bishop drew them the bell .,DO,DO,GET,DRAW,A,THE,for,for,-42.13245391845703,"[-2.7052703, -10.334165, -8.885603, -6.4482994, -4.772374, -7.6305323, -1.356211]"
an actor got you a salad .,the king found the guitar for her .,DO,PD,GET,FIND,A,THE,for,for,-39.215538024902344,"[-2.6665833, -8.208849, -7.600984, -2.4893765, -9.174351, -4.254597, -3.7977977, -1.0230013]"
an actor got you a salad .,the king found her the guitar .,DO,DO,GET,FIND,A,THE,for,for,-40.44228744506836,"[-2.6665833, -8.208849, -7.600984, -4.30662, -4.509303, -12.004431, -1.1455169]"
an actor kept a ball for us .,the adult drew the bell for you .,PD,PD,KEEP,DRAW,A,THE,for,for,-41.83973693847656,"[-2.664629, -9.940541, -9.846097, -2.4816027, -8.530923, -2.635362, -4.921343, -0.81923866]"
an actor kept a ball for us .,the adult drew you the bell .,PD,DO,KEEP,DRAW,A,THE,for,for,-45.73357391357422,"[-2.664629, -9.940541, -9.846097, -7.650301, -4.141518, -10.557733, -0.9327563]"
an actor kept a ball for you .,the lawyer found the juice for him .,PD,PD,KEEP,FIND,A,THE,for,for,-43.773155212402344,"[-2.6509087, -9.407602, -7.820721, -1.6964123, -11.060366, -4.466725, -5.3416595, -1.3287609]"
an actor kept a ball for you .,the lawyer found him the juice .,PD,DO,KEEP,FIND,A,THE,for,for,-42.94913101196289,"[-2.6509087, -9.407602, -7.820721, -4.748991, -4.188768, -12.859062, -1.2730757]"
an actor kept a bell for me .,the guy got the chicken for us .,PD,PD,KEEP,GET,A,THE,for,for,-33.992530822753906,"[-2.6871824, -7.6845737, -5.5015244, -2.3957553, -7.3019333, -4.5646925, -3.19064, -0.66622937]"
an actor kept a bell for me .,the guy got us the chicken .,PD,DO,KEEP,GET,A,THE,for,for,-32.194435119628906,"[-2.6871824, -7.6845737, -5.5015244, -5.1377873, -3.445079, -6.7090063, -1.0292822]"
an actor kept a bell for them .,the singer gave the juice to me .,PD,PD,KEEP,GIVE,A,THE,for,to,-36.65422058105469,"[-2.7119212, -8.478764, -6.377453, -2.3933454, -10.992763, -0.5368536, -4.14285, -1.0202699]"
an actor kept a bell for them .,the singer gave me the juice .,PD,DO,KEEP,GIVE,A,THE,for,to,-33.18128204345703,"[-2.7119212, -8.478764, -6.377453, -3.5945182, -2.4151416, -8.283365, -1.3201218]"
an actor kept a bell for them .,the attorney fed the chocolate to us .,PD,PD,KEEP,FEED,A,THE,for,to,-44.16315460205078,"[-2.7119212, -8.772813, -14.413947, -1.5012094, -8.522077, -2.5969827, -4.954464, -0.68973863]"
an actor kept a bell for them .,the attorney fed us the chocolate .,PD,DO,KEEP,FEED,A,THE,for,to,-42.654945373535156,"[-2.7119212, -8.772813, -14.413947, -5.285166, -2.1161861, -8.237487, -1.1174246]"
an actor kept a bell for us .,the nurse drew the anchor for you .,PD,PD,KEEP,DRAW,A,THE,for,for,-41.92873764038086,"[-2.704731, -10.238115, -7.185213, -2.4877965, -9.674887, -3.0891817, -5.836586, -0.7122274]"
an actor kept a bell for us .,the nurse drew you the anchor .,PD,DO,KEEP,DRAW,A,THE,for,for,-44.138084411621094,"[-2.704731, -10.238115, -7.185213, -7.7107134, -5.3026524, -9.25419, -1.7424661]"
an actor kept a bell for us .,the colonel saved the candy for you .,PD,PD,KEEP,SAVE,A,THE,for,for,-42.89105987548828,"[-2.704731, -11.086475, -10.150543, -1.417012, -10.871042, -1.96731, -4.188802, -0.5051469]"
an actor kept a bell for us .,the colonel saved you the candy .,PD,DO,KEEP,SAVE,A,THE,for,for,-45.845947265625,"[-2.704731, -11.086475, -10.150543, -5.6229477, -3.3675108, -11.9347725, -0.97896516]"
an actor kept a chicken for him .,the woman got the motor for them .,PD,PD,KEEP,GET,A,THE,for,for,-39.870330810546875,"[-2.7107465, -7.0519366, -6.2402334, -3.429412, -9.07238, -3.218842, -7.1548486, -0.9919344]"
an actor kept a chicken for him .,the woman got them the motor .,PD,DO,KEEP,GET,A,THE,for,for,-39.37889862060547,"[-2.7107465, -7.0519366, -6.2402334, -7.2491684, -4.3954387, -9.694746, -2.0366313]"
an actor kept him a chicken .,the woman got the motor for them .,DO,PD,KEEP,GET,A,THE,for,for,-41.28116989135742,"[-2.7079391, -7.1774936, -6.332447, -2.935716, -9.773432, -3.7677114, -7.707068, -0.879363]"
an actor kept him a chicken .,the woman got them the motor .,DO,DO,KEEP,GET,A,THE,for,for,-38.57289505004883,"[-2.7079391, -7.1774936, -6.332447, -6.445863, -3.8302498, -10.629176, -1.4497279]"
an actor kept me a bell .,the guy got the chicken for us .,DO,PD,KEEP,GET,A,THE,for,for,-35.1142578125,"[-2.7278068, -7.6394043, -5.5656652, -2.634966, -7.2645216, -4.8803854, -3.5634065, -0.83809906]"
an actor kept me a bell .,the guy got us the chicken .,DO,DO,KEEP,GET,A,THE,for,for,-31.067466735839844,"[-2.7278068, -7.6394043, -5.5656652, -4.72948, -2.636069, -6.8232913, -0.9457488]"
an actor kept them a bell .,the singer gave the juice to me .,DO,PD,KEEP,GIVE,A,THE,for,to,-36.922542572021484,"[-2.7342122, -8.411584, -6.375413, -2.3823328, -10.916259, -0.6709985, -4.1747093, -1.257035]"
an actor kept them a bell .,the singer gave me the juice .,DO,DO,KEEP,GIVE,A,THE,for,to,-32.59230041503906,"[-2.7342122, -8.411584, -6.375413, -3.1189976, -2.158626, -8.525423, -1.2680466]"
an actor kept them a bell .,the attorney fed the chocolate to us .,DO,PD,KEEP,FEED,A,THE,for,to,-44.842979431152344,"[-2.7342122, -8.641169, -14.157535, -1.6115084, -8.478981, -2.7659993, -5.5104713, -0.94310373]"
an actor kept them a bell .,the attorney fed us the chocolate .,DO,DO,KEEP,FEED,A,THE,for,to,-40.99335479736328,"[-2.7342122, -8.641169, -14.157535, -4.7279444, -1.9543389, -7.634664, -1.1434934]"
an actor kept us a ball .,the adult drew the bell for you .,DO,PD,KEEP,DRAW,A,THE,for,for,-43.55746078491211,"[-2.678273, -9.930141, -9.689398, -2.5108523, -8.240955, -3.5812266, -6.078488, -0.84812504]"
an actor kept us a ball .,the adult drew you the bell .,DO,DO,KEEP,DRAW,A,THE,for,for,-42.560882568359375,"[-2.678273, -9.930141, -9.689398, -6.853187, -2.870543, -9.793428, -0.7459128]"
an actor kept us a bell .,the nurse drew the anchor for you .,DO,PD,KEEP,DRAW,A,THE,for,for,-44.34721374511719,"[-2.7170002, -10.188775, -7.3853617, -2.3354654, -9.570139, -3.703434, -7.498725, -0.9483121]"
an actor kept us a bell .,the nurse drew you the anchor .,DO,DO,KEEP,DRAW,A,THE,for,for,-41.14338684082031,"[-2.7170002, -10.188775, -7.3853617, -6.9775953, -3.1057625, -9.228914, -1.5399778]"
an actor kept us a bell .,the colonel saved the candy for you .,DO,PD,KEEP,SAVE,A,THE,for,for,-44.49150085449219,"[-2.7170002, -11.141056, -9.952365, -1.6474295, -10.6378765, -2.889824, -4.8626156, -0.64333254]"
an actor kept us a bell .,the colonel saved you the candy .,DO,DO,KEEP,SAVE,A,THE,for,for,-42.494712829589844,"[-2.7170002, -11.141056, -9.952365, -5.152582, -2.9228942, -9.770668, -0.83814543]"
an actor kept you a ball .,the lawyer found the juice for him .,DO,PD,KEEP,FIND,A,THE,for,for,-44.3956298828125,"[-2.660361, -9.266016, -7.8514028, -1.8220217, -10.778284, -4.851108, -5.754654, -1.4117801]"
an actor kept you a ball .,the lawyer found him the juice .,DO,DO,KEEP,FIND,A,THE,for,for,-40.530738830566406,"[-2.660361, -9.266016, -7.8514028, -4.4032125, -3.7428398, -11.553867, -1.0530392]"
an actor left a beer for him .,the husband showed the coffee to you .,PD,PD,LEAVE,SHOW,A,THE,for,to,-44.456642150878906,"[-2.6850502, -8.774355, -8.945739, -2.4929457, -11.077804, -1.684332, -8.09035, -0.70606697]"
an actor left a beer for him .,the husband showed you the coffee .,PD,DO,LEAVE,SHOW,A,THE,for,to,-38.1252326965332,"[-2.6850502, -8.774355, -8.945739, -6.5079575, -1.7766926, -8.496748, -0.9386898]"
an actor left a beer for me .,the leader drew the telephone for you .,PD,PD,LEAVE,DRAW,A,THE,for,for,-50.196205139160156,"[-2.6511106, -7.097223, -17.124489, -2.6397648, -10.3907, -3.0676627, -6.556683, -0.66857517]"
an actor left a beer for me .,the leader drew you the telephone .,PD,DO,LEAVE,DRAW,A,THE,for,for,-55.139686584472656,"[-2.6511106, -7.097223, -17.124489, -9.012478, -5.489423, -12.421448, -1.3435134]"
an actor left a beer for us .,the nurse fed the candy to you .,PD,PD,LEAVE,FEED,A,THE,for,to,-43.79847717285156,"[-2.667605, -10.430237, -10.828587, -1.2905664, -9.248374, -1.8834201, -6.8036423, -0.64604473]"
an actor left a beer for us .,the nurse fed you the candy .,PD,DO,LEAVE,FEED,A,THE,for,to,-39.06471252441406,"[-2.667605, -10.430237, -10.828587, -5.041724, -2.911192, -6.192832, -0.9925378]"
an actor left a card for her .,the prince showed the juice to them .,PD,PD,LEAVE,SHOW,A,THE,for,to,-43.845123291015625,"[-2.6678176, -10.104076, -8.582359, -2.5356507, -10.869584, -1.925722, -6.3130836, -0.84683067]"
an actor left a card for her .,the prince showed them the juice .,PD,DO,LEAVE,SHOW,A,THE,for,to,-40.1075325012207,"[-2.6678176, -10.104076, -8.582359, -5.4752774, -1.4490293, -10.487928, -1.3410445]"
an actor left a coffee for us .,the company designed the iron for them .,PD,PD,LEAVE,DESIGN,A,THE,for,for,-38.64222717285156,"[-2.6873999, -6.03549, -8.598142, -0.86841667, -10.018078, -3.2091827, -6.3978977, -0.827618]"
an actor left a coffee for us .,the company designed them the iron .,PD,DO,LEAVE,DESIGN,A,THE,for,for,-46.058502197265625,"[-2.6873999, -6.03549, -8.598142, -6.58696, -6.405631, -12.717111, -3.0277708]"
an actor left a coffee for you .,the author designed the instrument for us .,PD,PD,LEAVE,DESIGN,A,THE,for,for,-37.35321807861328,"[-2.6877277, -6.2870235, -10.614302, -1.2627664, -7.468776, -2.346581, -5.677555, -1.0084856]"
an actor left a coffee for you .,the author designed us the instrument .,PD,DO,LEAVE,DESIGN,A,THE,for,for,-42.37517547607422,"[-2.6877277, -6.2870235, -10.614302, -8.695715, -4.7463923, -7.45469, -1.8893232]"
an actor left a telephone for me .,the woman found the tea for you .,PD,PD,LEAVE,FIND,A,THE,for,for,-36.77769470214844,"[-2.6851804, -7.029686, -5.853536, -0.9653193, -8.895742, -4.461687, -6.2516484, -0.6348944]"
an actor left a telephone for me .,the woman found you the tea .,PD,DO,LEAVE,FIND,A,THE,for,for,-40.93766784667969,"[-2.6851804, -7.029686, -5.853536, -9.082465, -5.036383, -9.956379, -1.2940367]"
an actor left her a card .,the prince showed the juice to them .,DO,PD,LEAVE,SHOW,A,THE,for,to,-45.260154724121094,"[-2.658612, -10.409322, -8.71319, -2.7061086, -11.01136, -2.011143, -6.8357177, -0.9147023]"
an actor left her a card .,the prince showed them the juice .,DO,DO,LEAVE,SHOW,A,THE,for,to,-40.40767288208008,"[-2.658612, -10.409322, -8.71319, -5.3769593, -1.4670625, -10.597816, -1.1847104]"
an actor left him a beer .,the husband showed the coffee to you .,DO,PD,LEAVE,SHOW,A,THE,for,to,-45.939273834228516,"[-2.6939282, -8.64988, -9.455543, -2.7267451, -11.118866, -1.9228451, -8.557867, -0.8135982]"
an actor left him a beer .,the husband showed you the coffee .,DO,DO,LEAVE,SHOW,A,THE,for,to,-38.62641143798828,"[-2.6939282, -8.64988, -9.455543, -6.6418414, -1.9868128, -8.362127, -0.8362806]"
an actor left me a beer .,the leader drew the telephone for you .,DO,PD,LEAVE,DRAW,A,THE,for,for,-50.890907287597656,"[-2.6289668, -7.094782, -16.953701, -2.6419437, -10.067144, -3.4466174, -7.26885, -0.7889026]"
an actor left me a beer .,the leader drew you the telephone .,DO,DO,LEAVE,DRAW,A,THE,for,for,-54.4361572265625,"[-2.6289668, -7.094782, -16.953701, -8.8449135, -5.191005, -12.880272, -0.8425165]"
an actor left me a telephone .,the woman found the tea for you .,DO,PD,LEAVE,FIND,A,THE,for,for,-41.42900848388672,"[-2.7084415, -7.2498064, -5.6183043, -2.3486886, -9.740984, -5.2018228, -7.5054097, -1.055554]"
an actor left me a telephone .,the woman found you the tea .,DO,DO,LEAVE,FIND,A,THE,for,for,-41.837093353271484,"[-2.7084415, -7.2498064, -5.6183043, -8.606865, -5.530408, -10.649983, -1.4732839]"
an actor left us a beer .,the nurse fed the candy to you .,DO,PD,LEAVE,FEED,A,THE,for,to,-44.565284729003906,"[-2.6624503, -10.732203, -10.768392, -1.5911783, -9.240695, -2.0177712, -6.8276896, -0.7249042]"
an actor left us a beer .,the nurse fed you the candy .,DO,DO,LEAVE,FEED,A,THE,for,to,-37.78056716918945,"[-2.6624503, -10.732203, -10.768392, -4.3402076, -2.8389466, -5.784438, -0.6539316]"
an actor left us a coffee .,the company designed the iron for them .,DO,PD,LEAVE,DESIGN,A,THE,for,for,-40.530113220214844,"[-2.7095342, -6.23773, -8.520201, -0.9934072, -10.408195, -4.0704813, -6.782532, -0.80803084]"
an actor left us a coffee .,the company designed them the iron .,DO,DO,LEAVE,DESIGN,A,THE,for,for,-45.32011413574219,"[-2.7095342, -6.23773, -8.520201, -6.7846813, -6.361802, -12.400966, -2.3051987]"
an actor left you a coffee .,the author designed the instrument for us .,DO,PD,LEAVE,DESIGN,A,THE,for,for,-38.87880325317383,"[-2.6496758, -6.1649885, -10.638642, -1.2491012, -7.5671864, -2.714555, -6.872551, -1.0221033]"
an actor left you a coffee .,the author designed us the instrument .,DO,DO,LEAVE,DESIGN,A,THE,for,for,-41.08049392700195,"[-2.6496758, -6.1649885, -10.638642, -8.426231, -3.9909475, -7.3411417, -1.8688668]"
an actor made a bell for her .,the lawyer brought the newspaper to me .,PD,PD,MAKE,BRING,A,THE,for,to,-38.47932815551758,"[-2.6496773, -9.065617, -7.0640235, -1.0873289, -8.0575485, -1.6803075, -7.5360556, -1.3387713]"
an actor made a bell for her .,the lawyer brought me the newspaper .,PD,DO,MAKE,BRING,A,THE,for,to,-33.505435943603516,"[-2.6496773, -9.065617, -7.0640235, -5.0553026, -2.191465, -6.1468134, -1.3325388]"
an actor made a bottle for it .,the pilot saved the beer for me .,PD,PD,MAKE,SAVE,A,THE,for,for,-38.01506423950195,"[-2.633634, -8.425623, -9.380572, -0.8687286, -8.980125, -1.946995, -5.0700316, -0.7093522]"
an actor made a bottle for it .,the pilot saved me the beer .,PD,DO,MAKE,SAVE,A,THE,for,for,-41.47134780883789,"[-2.633634, -8.425623, -9.380572, -5.6272907, -2.9369798, -11.34183, -1.1254175]"
an actor made a bottle for me .,the professor sent the chocolate to them .,PD,PD,MAKE,SEND,A,THE,for,to,-40.40739440917969,"[-2.6502893, -9.090048, -6.6621103, -2.7468996, -10.06505, -0.9681682, -7.1664186, -1.0584122]"
an actor made a bottle for me .,the professor sent them the chocolate .,PD,DO,MAKE,SEND,A,THE,for,to,-37.028350830078125,"[-2.6502893, -9.090048, -6.6621103, -6.0534954, -2.7437248, -8.480186, -1.3484977]"
an actor made a bottle for you .,the singer gave the tea to her .,PD,PD,MAKE,GIVE,A,THE,for,to,-36.16650390625,"[-2.6345139, -8.794558, -6.4519787, -2.1933196, -9.995176, -0.9421756, -2.2130609, -2.941721]"
an actor made a bottle for you .,the singer gave her the tea .,PD,DO,MAKE,GIVE,A,THE,for,to,-36.81069564819336,"[-2.6345139, -8.794558, -6.4519787, -2.892606, -3.8461497, -10.258301, -1.9325888]"
an actor made a box for him .,the sheriff threw the salad to me .,PD,PD,MAKE,THROW,A,THE,for,to,-43.54081726074219,"[-2.6506739, -9.368372, -9.45893, -2.1671872, -10.240521, -3.9775655, -4.7117453, -0.9658205]"
an actor made a box for him .,the sheriff threw me the salad .,PD,DO,MAKE,THROW,A,THE,for,to,-42.05583190917969,"[-2.6506739, -9.368372, -9.45893, -5.7679496, -4.0481863, -9.72968, -1.0320402]"
an actor made a box for me .,the lady drew the telephone for you .,PD,PD,MAKE,DRAW,A,THE,for,for,-40.687984466552734,"[-2.6308544, -9.842951, -8.286694, -2.1116118, -8.801462, -3.7075036, -4.874096, -0.43281063]"
an actor made a box for me .,the lady drew you the telephone .,PD,DO,MAKE,DRAW,A,THE,for,for,-43.10939407348633,"[-2.6308544, -9.842951, -8.286694, -6.591247, -3.850049, -10.924313, -0.98328674]"
an actor made a box for us .,the champion threw the engine to me .,PD,PD,MAKE,THROW,A,THE,for,to,-45.130157470703125,"[-2.6319098, -10.261701, -10.311392, -2.1990519, -10.329023, -2.799476, -5.5296617, -1.0679455]"
an actor made a box for us .,the champion threw me the engine .,PD,DO,MAKE,THROW,A,THE,for,to,-46.425621032714844,"[-2.6319098, -10.261701, -10.311392, -6.5334454, -2.855936, -12.728926, -1.102308]"
an actor made a computer for us .,the guest took the camera to it .,PD,PD,MAKE,TAKE,A,THE,for,to,-38.594276428222656,"[-2.6216457, -9.618334, -8.954532, -1.6320307, -4.855013, -1.8148739, -7.5365257, -1.5613245]"
an actor made a computer for us .,the guest took it the camera .,PD,DO,MAKE,TAKE,A,THE,for,to,-40.37240982055664,"[-2.6216457, -9.618334, -8.954532, -3.622431, -5.323905, -8.665628, -1.5659355]"
an actor made a machine for you .,the prince showed the juice to them .,PD,PD,MAKE,SHOW,A,THE,for,to,-43.64545440673828,"[-2.6084127, -10.637775, -8.5270195, -2.4700196, -10.827343, -1.687126, -5.992037, -0.89571893]"
an actor made a machine for you .,the prince showed them the juice .,PD,DO,MAKE,SHOW,A,THE,for,to,-39.861698150634766,"[-2.6084127, -10.637775, -8.5270195, -4.8587217, -1.5131422, -10.551641, -1.1649841]"
an actor made a newspaper for you .,the worker got the beer for us .,PD,PD,MAKE,GET,A,THE,for,for,-36.98263931274414,"[-2.6293993, -10.06599, -6.9148726, -2.276299, -7.1808786, -2.7523537, -4.3244295, -0.8384151]"
an actor made a newspaper for you .,the worker got us the beer .,PD,DO,MAKE,GET,A,THE,for,for,-37.3524169921875,"[-2.6293993, -10.06599, -6.9148726, -7.2733827, -3.0337968, -6.296063, -1.1389126]"
an actor made a telephone for her .,the kid caught the pot for you .,PD,PD,MAKE,CATCH,A,THE,for,for,-38.05743408203125,"[-2.6227582, -9.8789425, -5.8127646, -1.5833776, -7.3866735, -5.0854754, -5.01784, -0.6696005]"
an actor made a telephone for her .,the kid caught you the pot .,PD,DO,MAKE,CATCH,A,THE,for,for,-39.33228302001953,"[-2.6227582, -9.8789425, -5.8127646, -5.6290903, -5.9734373, -8.262602, -1.1526895]"
an actor made her a bell .,the lawyer brought the newspaper to me .,DO,PD,MAKE,BRING,A,THE,for,to,-37.345298767089844,"[-2.654892, -9.123305, -6.807136, -1.2894994, -8.396727, -1.5611503, -6.0554233, -1.457164]"
an actor made her a bell .,the lawyer brought me the newspaper .,DO,DO,MAKE,BRING,A,THE,for,to,-33.51791000366211,"[-2.654892, -9.123305, -6.807136, -5.1473675, -2.2515092, -6.3267064, -1.2069943]"
an actor made her a telephone .,the kid caught the pot for you .,DO,PD,MAKE,CATCH,A,THE,for,for,-39.887847900390625,"[-2.6119785, -9.938511, -5.8186812, -1.9019945, -8.032436, -5.485631, -5.320324, -0.7782924]"
an actor made her a telephone .,the kid caught you the pot .,DO,DO,MAKE,CATCH,A,THE,for,for,-39.92139434814453,"[-2.6119785, -9.938511, -5.8186812, -6.578, -5.799652, -8.190135, -0.98443365]"
an actor made him a box .,the sheriff threw the salad to me .,DO,PD,MAKE,THROW,A,THE,for,to,-43.5950927734375,"[-2.6506023, -9.142181, -9.654883, -2.5145879, -10.31932, -3.8098226, -4.2799497, -1.2237418]"
an actor made him a box .,the sheriff threw me the salad .,DO,DO,MAKE,THROW,A,THE,for,to,-41.775970458984375,"[-2.6506023, -9.142181, -9.654883, -5.809342, -3.8054237, -9.679522, -1.0340179]"
an actor made it a bottle .,the pilot saved the beer for me .,DO,PD,MAKE,SAVE,A,THE,for,for,-39.29315185546875,"[-2.612454, -8.518667, -9.664176, -0.85343474, -9.687561, -3.0496473, -4.2565365, -0.6506757]"
an actor made it a bottle .,the pilot saved me the beer .,DO,DO,MAKE,SAVE,A,THE,for,for,-40.16265106201172,"[-2.612454, -8.518667, -9.664176, -5.2437687, -2.875341, -10.488221, -0.76002115]"
an actor made me a bottle .,the professor sent the chocolate to them .,DO,PD,MAKE,SEND,A,THE,for,to,-42.105796813964844,"[-2.6697435, -8.989512, -6.8721356, -2.9757898, -11.215328, -1.2093847, -7.031706, -1.1421938]"
an actor made me a bottle .,the professor sent them the chocolate .,DO,DO,MAKE,SEND,A,THE,for,to,-37.317230224609375,"[-2.6697435, -8.989512, -6.8721356, -6.2457485, -2.7496834, -8.666316, -1.1240921]"
an actor made me a box .,the lady drew the telephone for you .,DO,PD,MAKE,DRAW,A,THE,for,for,-42.005516052246094,"[-2.6347501, -9.756106, -8.349916, -2.454777, -8.455312, -4.2660522, -5.5251756, -0.5634252]"
an actor made me a box .,the lady drew you the telephone .,DO,DO,MAKE,DRAW,A,THE,for,for,-41.249359130859375,"[-2.6347501, -9.756106, -8.349916, -6.0798855, -3.9120543, -9.656866, -0.8597795]"
an actor made us a box .,the champion threw the engine to me .,DO,PD,MAKE,THROW,A,THE,for,to,-44.59806823730469,"[-2.6331496, -10.242134, -10.304905, -2.2832665, -10.645895, -2.8039308, -4.394309, -1.290477]"
an actor made us a box .,the champion threw me the engine .,DO,DO,MAKE,THROW,A,THE,for,to,-45.59003448486328,"[-2.6331496, -10.242134, -10.304905, -5.8670983, -2.721968, -12.819826, -1.0009557]"
an actor made us a computer .,the guest took the camera to it .,DO,PD,MAKE,TAKE,A,THE,for,to,-40.017242431640625,"[-2.6179035, -9.738249, -9.09904, -1.726187, -5.311147, -1.7362382, -8.060932, -1.7275486]"
an actor made us a computer .,the guest took it the camera .,DO,DO,MAKE,TAKE,A,THE,for,to,-40.210201263427734,"[-2.6179035, -9.738249, -9.09904, -3.9050448, -5.173586, -8.327131, -1.3492489]"
an actor made you a bottle .,the singer gave the tea to her .,DO,PD,MAKE,GIVE,A,THE,for,to,-38.34893035888672,"[-2.6628146, -8.496246, -6.3288465, -2.2652297, -10.92321, -1.4260798, -2.0752094, -4.1712923]"
an actor made you a bottle .,the singer gave her the tea .,DO,DO,MAKE,GIVE,A,THE,for,to,-38.90748596191406,"[-2.6628146, -8.496246, -6.3288465, -2.912949, -5.420269, -11.438064, -1.6482973]"
an actor made you a machine .,the prince showed the juice to them .,DO,PD,MAKE,SHOW,A,THE,for,to,-44.74860382080078,"[-2.6236062, -10.553307, -8.381792, -2.6330948, -10.825378, -2.126958, -6.496296, -1.1081747]"
an actor made you a machine .,the prince showed them the juice .,DO,DO,MAKE,SHOW,A,THE,for,to,-40.070411682128906,"[-2.6236062, -10.553307, -8.381792, -5.262561, -1.4720817, -10.441982, -1.3350819]"
an actor made you a newspaper .,the worker got the beer for us .,DO,PD,MAKE,GET,A,THE,for,for,-39.91090393066406,"[-2.6286488, -10.288332, -6.619115, -2.3692865, -7.404482, -3.7587066, -5.7052946, -1.1370413]"
an actor made you a newspaper .,the worker got us the beer .,DO,DO,MAKE,GET,A,THE,for,for,-36.60308837890625,"[-2.6286488, -10.288332, -6.619115, -6.838668, -2.8069108, -6.2907367, -1.1306751]"
an actor promised a chicken to her .,the husband sent the coffee to you .,PD,PD,PROMISE,SEND,A,THE,to,to,-39.740936279296875,"[-2.781299, -8.802992, -7.8495574, -2.277503, -9.485391, -0.94718254, -6.799416, -0.7975938]"
an actor promised a chicken to her .,the husband sent you the coffee .,PD,DO,PROMISE,SEND,A,THE,to,to,-36.41422653198242,"[-2.781299, -8.802992, -7.8495574, -5.6885395, -3.157461, -7.110008, -1.0243692]"
an actor promised a chicken to him .,the student sold the salad to us .,PD,PD,PROMISE,SELL,A,THE,to,to,-40.71717834472656,"[-2.803928, -8.235563, -10.04376, -2.0951362, -9.5570545, -0.8971547, -6.1849785, -0.8996025]"
an actor promised a chicken to him .,the student sold us the salad .,PD,DO,PROMISE,SELL,A,THE,to,to,-40.82587432861328,"[-2.803928, -8.235563, -10.04376, -6.549003, -3.106678, -8.892317, -1.1946255]"
an actor promised a chicken to us .,the nurse got the beer for me .,PD,PD,PROMISE,GET,A,THE,to,for,-37.5748291015625,"[-2.8034153, -10.560144, -6.677832, -2.6641145, -7.734865, -4.0082655, -2.3620172, -0.7641752]"
an actor promised a chicken to us .,the nurse got me the beer .,PD,DO,PROMISE,GET,A,THE,to,for,-35.77149963378906,"[-2.8034153, -10.560144, -6.677832, -4.8371825, -3.5133724, -6.4453354, -0.9342175]"
an actor promised a coffee to them .,the minister bought the chicken for him .,PD,PD,PROMISE,BUY,A,THE,to,for,-37.711578369140625,"[-2.7982922, -8.850398, -10.53602, -1.8643883, -6.472684, -2.3572674, -3.5741181, -1.258411]"
an actor promised a coffee to them .,the minister bought him the chicken .,PD,DO,PROMISE,BUY,A,THE,to,for,-37.32085418701172,"[-2.7982922, -8.850398, -10.53602, -4.451668, -3.567651, -5.7222347, -1.394588]"
an actor promised a coffee to you .,the uncle saved the chicken for me .,PD,PD,PROMISE,SAVE,A,THE,to,for,-40.63459777832031,"[-2.775959, -11.1261425, -12.787245, -1.6155107, -6.4589424, -2.4750564, -2.7121513, -0.6835919]"
an actor promised a coffee to you .,the uncle saved me the chicken .,PD,DO,PROMISE,SAVE,A,THE,to,for,-44.29130935668945,"[-2.775959, -11.1261425, -12.787245, -2.4887044, -2.7768745, -11.312055, -1.0243288]"
an actor promised a guitar to them .,the buddy showed the cigarette to it .,PD,PD,PROMISE,SHOW,A,THE,to,to,-47.10919952392578,"[-2.8397453, -12.18742, -8.955908, -3.9923265, -9.537035, -0.5596817, -7.8393764, -1.1977088]"
an actor promised a guitar to them .,the buddy showed it the cigarette .,PD,DO,PROMISE,SHOW,A,THE,to,to,-45.64484786987305,"[-2.8397453, -12.18742, -8.955908, -5.000643, -6.0573487, -9.450411, -1.1533732]"
an actor promised a guitar to us .,the employee sold the coffee to her .,PD,PD,PROMISE,SELL,A,THE,to,to,-38.03547668457031,"[-2.849046, -9.597698, -8.700745, -1.4660776, -6.885539, -0.91503084, -4.0944242, -3.5269136]"
an actor promised a guitar to us .,the employee sold her the coffee .,PD,DO,PROMISE,SELL,A,THE,to,to,-39.438941955566406,"[-2.849046, -9.597698, -8.700745, -3.5562723, -7.1049914, -6.1337585, -1.4964323]"
an actor promised a tea to you .,the aunt left the cigarette for us .,PD,PD,PROMISE,LEAVE,A,THE,to,for,-41.10711669921875,"[-2.7706673, -11.665755, -7.83686, -1.9486398, -8.023885, -4.2762675, -3.590302, -0.9947387]"
an actor promised a tea to you .,the aunt left us the cigarette .,PD,DO,PROMISE,LEAVE,A,THE,to,for,-38.63825988769531,"[-2.7706673, -11.665755, -7.83686, -3.1704931, -3.6173663, -7.875307, -1.7018083]"
an actor promised an iron to him .,the actress found the instrument for me .,PD,PD,PROMISE,FIND,A,THE,to,for,-41.451148986816406,"[-2.786238, -8.386923, -6.996277, -3.0611014, -8.823963, -3.446114, -6.4746647, -1.4758705]"
an actor promised an iron to him .,the actress found me the instrument .,PD,DO,PROMISE,FIND,A,THE,to,for,-41.877288818359375,"[-2.786238, -8.386923, -6.996277, -7.059612, -4.133868, -10.235594, -2.27878]"
an actor promised an iron to me .,the bishop left the juice for them .,PD,PD,PROMISE,LEAVE,A,THE,to,for,-44.54781723022461,"[-2.7710972, -10.036062, -8.065202, -1.6625928, -11.645643, -3.8295689, -5.4375396, -1.100111]"
an actor promised an iron to me .,the bishop left them the juice .,PD,DO,PROMISE,LEAVE,A,THE,to,for,-42.7628288269043,"[-2.7710972, -10.036062, -8.065202, -5.768839, -4.885895, -9.737532, -1.4982024]"
an actor promised her a chicken .,the husband sent the coffee to you .,DO,PD,PROMISE,SEND,A,THE,to,to,-41.203285217285156,"[-2.8163211, -8.603123, -7.5153475, -2.6169748, -9.64125, -1.6710756, -7.421563, -0.91762984]"
an actor promised her a chicken .,the husband sent you the coffee .,DO,DO,PROMISE,SEND,A,THE,to,to,-35.2021369934082,"[-2.8163211, -8.603123, -7.5153475, -5.8841896, -3.2343533, -6.3100653, -0.83873725]"
an actor promised him a chicken .,the student sold the salad to us .,DO,PD,PROMISE,SELL,A,THE,to,to,-41.981544494628906,"[-2.8264785, -8.193838, -10.010836, -2.0960457, -9.483609, -1.8532398, -6.56809, -0.94940734]"
an actor promised him a chicken .,the student sold us the salad .,DO,DO,PROMISE,SELL,A,THE,to,to,-39.642669677734375,"[-2.8264785, -8.193838, -10.010836, -6.462385, -3.4957933, -7.860771, -0.7925701]"
an actor promised him an iron .,the actress found the instrument for me .,DO,PD,PROMISE,FIND,A,THE,to,for,-41.699188232421875,"[-2.819694, -8.137315, -7.021864, -3.2851224, -8.402302, -3.4088547, -7.132865, -1.4911723]"
an actor promised him an iron .,the actress found me the instrument .,DO,DO,PROMISE,FIND,A,THE,to,for,-40.616172790527344,"[-2.819694, -8.137315, -7.021864, -6.671329, -4.205017, -9.617311, -2.143641]"
an actor promised me an iron .,the bishop left the juice for them .,DO,PD,PROMISE,LEAVE,A,THE,to,for,-44.1656494140625,"[-2.8361123, -9.833832, -7.579668, -1.906435, -11.285652, -4.035122, -5.5043163, -1.184511]"
an actor promised me an iron .,the bishop left them the juice .,DO,DO,PROMISE,LEAVE,A,THE,to,for,-40.5592041015625,"[-2.8361123, -9.833832, -7.579668, -4.9284763, -4.8528433, -9.019126, -1.5091441]"
an actor promised them a coffee .,the minister bought the chicken for him .,DO,PD,PROMISE,BUY,A,THE,to,for,-38.643638610839844,"[-2.8148012, -8.855246, -10.45651, -1.9299254, -6.7750273, -2.5741968, -3.772037, -1.4658974]"
an actor promised them a coffee .,the minister bought him the chicken .,DO,DO,PROMISE,BUY,A,THE,to,for,-36.54430389404297,"[-2.8148012, -8.855246, -10.45651, -3.817018, -3.8619921, -5.694272, -1.0444653]"
an actor promised them a guitar .,the buddy showed the cigarette to it .,DO,PD,PROMISE,SHOW,A,THE,to,to,-49.050575256347656,"[-2.851952, -12.149534, -9.120026, -4.424049, -9.483097, -1.9379175, -7.8405867, -1.2434098]"
an actor promised them a guitar .,the buddy showed it the cigarette .,DO,DO,PROMISE,SHOW,A,THE,to,to,-46.7004508972168,"[-2.851952, -12.149534, -9.120026, -5.1540923, -6.6665955, -9.933754, -0.8244969]"
an actor promised us a chicken .,the nurse got the beer for me .,DO,PD,PROMISE,GET,A,THE,to,for,-37.8903694152832,"[-2.7938573, -10.590754, -6.5007067, -2.599444, -7.8933177, -4.390775, -2.3698945, -0.7516189]"
an actor promised us a chicken .,the nurse got me the beer .,DO,DO,PROMISE,GET,A,THE,to,for,-34.79256820678711,"[-2.7938573, -10.590754, -6.5007067, -4.4550185, -3.5440946, -6.214614, -0.6935237]"
an actor promised us a guitar .,the employee sold the coffee to her .,DO,PD,PROMISE,SELL,A,THE,to,to,-41.256446838378906,"[-2.8583348, -9.679953, -8.749663, -1.8431051, -7.0332594, -2.2699223, -3.9571042, -4.865102]"
an actor promised us a guitar .,the employee sold her the coffee .,DO,DO,PROMISE,SELL,A,THE,to,to,-40.292362213134766,"[-2.8583348, -9.679953, -8.749663, -3.6791627, -7.7857804, -6.39972, -1.1397474]"
an actor promised you a coffee .,the uncle saved the chicken for me .,DO,PD,PROMISE,SAVE,A,THE,to,for,-40.747337341308594,"[-2.79305, -11.111101, -12.209201, -1.8022316, -6.3835196, -2.684752, -3.0804746, -0.68300474]"
an actor promised you a coffee .,the uncle saved me the chicken .,DO,DO,PROMISE,SAVE,A,THE,to,for,-42.31282043457031,"[-2.79305, -11.111101, -12.209201, -2.2307765, -2.8278148, -9.937971, -1.2029054]"
an actor promised you a tea .,the aunt left the cigarette for us .,DO,PD,PROMISE,LEAVE,A,THE,to,for,-41.88941955566406,"[-2.7816, -11.667464, -7.657431, -2.0809295, -8.44486, -4.292409, -3.9120317, -1.052696]"
an actor promised you a tea .,the aunt left us the cigarette .,DO,DO,PROMISE,LEAVE,A,THE,to,for,-37.357276916503906,"[-2.7816, -11.667464, -7.657431, -2.786413, -3.6220074, -7.65629, -1.1860708]"
an actor purchased a beer for him .,the physician got the tea for me .,PD,PD,PURCHASE,GET,A,THE,for,for,-38.71971893310547,"[-2.8470573, -10.37084, -8.000817, -2.7858095, -8.269653, -2.35646, -3.3941407, -0.6949411]"
an actor purchased a beer for him .,the physician got me the tea .,PD,DO,PURCHASE,GET,A,THE,for,for,-36.240318298339844,"[-2.8470573, -10.37084, -8.000817, -5.094962, -3.323974, -5.779629, -0.8230402]"
an actor purchased a beer for them .,the employee sold the coffee to her .,PD,PD,PURCHASE,SELL,A,THE,for,to,-34.52052307128906,"[-2.8159046, -9.055155, -7.7581625, -1.5040773, -5.015376, -2.2298167, -3.6299925, -2.5120373]"
an actor purchased a beer for them .,the employee sold her the coffee .,PD,DO,PURCHASE,SELL,A,THE,for,to,-35.677978515625,"[-2.8159046, -9.055155, -7.7581625, -3.341967, -7.1219745, -4.4073257, -1.1774896]"
an actor purchased a beer for you .,the mayor saved the chicken for us .,PD,PD,PURCHASE,SAVE,A,THE,for,for,-38.13141632080078,"[-2.7847729, -7.867556, -11.421065, -1.4783881, -8.300701, -1.2553384, -4.4467483, -0.57684606]"
an actor purchased a beer for you .,the mayor saved us the chicken .,PD,DO,PURCHASE,SAVE,A,THE,for,for,-41.89387512207031,"[-2.7847729, -7.867556, -11.421065, -3.9596627, -4.0074944, -11.076656, -0.77666664]"
an actor purchased a cheese for it .,the cop supplied the candy to us .,PD,PD,PURCHASE,SUPPLY,A,THE,for,to,-41.712303161621094,"[-2.8064017, -10.246153, -10.496229, -1.2658535, -8.508231, -2.1962929, -5.3063416, -0.8867972]"
an actor purchased a cheese for it .,the cop supplied us the candy .,PD,DO,PURCHASE,SUPPLY,A,THE,for,to,-40.35695266723633,"[-2.8064017, -10.246153, -10.496229, -3.6787782, -4.2311277, -7.6942396, -1.204025]"
an actor purchased a cheese for them .,the sheriff promised the beer to you .,PD,PD,PURCHASE,PROMISE,A,THE,for,to,-42.2219123840332,"[-2.842598, -8.818671, -8.116791, -3.1870997, -9.623676, -2.5500855, -6.1084476, -0.97454333]"
an actor purchased a cheese for them .,the sheriff promised you the beer .,PD,DO,PURCHASE,PROMISE,A,THE,for,to,-38.117164611816406,"[-2.842598, -8.818671, -8.116791, -5.834019, -3.3578687, -7.6795454, -1.4676725]"
an actor purchased a tea for him .,the brother kept the wire for me .,PD,PD,PURCHASE,KEEP,A,THE,for,for,-42.85593032836914,"[-2.8542335, -9.56684, -9.887925, -3.2966216, -8.945945, -4.060291, -3.3370755, -0.9069995]"
an actor purchased a tea for him .,the brother kept me the wire .,PD,DO,PURCHASE,KEEP,A,THE,for,for,-47.93498229980469,"[-2.8542335, -9.56684, -9.887925, -5.2269135, -7.321457, -11.304899, -1.7727176]"
an actor purchased a tea for us .,the leader saved the anchor for you .,PD,PD,PURCHASE,SAVE,A,THE,for,for,-42.21469497680664,"[-2.8378963, -7.2299747, -14.044556, -1.2113806, -13.024344, -1.1774868, -2.067646, -0.62141204]"
an actor purchased a tea for us .,the leader saved you the anchor .,PD,DO,PURCHASE,SAVE,A,THE,for,for,-59.689659118652344,"[-2.8378963, -7.2299747, -14.044556, -6.082971, -7.525358, -19.217266, -2.7516356]"
an actor purchased a tea for us .,the minister threw the bell to you .,PD,PD,PURCHASE,THROW,A,THE,for,to,-43.91686248779297,"[-2.8378963, -8.845151, -9.963355, -3.100523, -8.958725, -3.2453485, -6.01484, -0.9510249]"
an actor purchased a tea for us .,the minister threw you the bell .,PD,DO,PURCHASE,THROW,A,THE,for,to,-43.97333526611328,"[-2.8378963, -8.845151, -9.963355, -9.141542, -3.2850184, -8.854768, -1.0456035]"
an actor purchased a tea for you .,the soldier drew the crystal for them .,PD,PD,PURCHASE,DRAW,A,THE,for,for,-42.20432662963867,"[-2.799746, -10.143444, -7.0812054, -2.7481804, -9.12185, -3.787193, -5.5806007, -0.9421061]"
an actor purchased a tea for you .,the soldier drew them the crystal .,PD,DO,PURCHASE,DRAW,A,THE,for,for,-43.11980438232422,"[-2.799746, -10.143444, -7.0812054, -7.1351624, -4.6310883, -9.00695, -2.3222077]"
an actor purchased him a beer .,the physician got the tea for me .,DO,PD,PURCHASE,GET,A,THE,for,for,-40.85517120361328,"[-2.86772, -10.480093, -7.8060727, -3.01112, -8.741053, -4.27805, -2.924119, -0.7469479]"
an actor purchased him a beer .,the physician got me the tea .,DO,DO,PURCHASE,GET,A,THE,for,for,-35.19839859008789,"[-2.86772, -10.480093, -7.8060727, -4.039009, -3.5603828, -5.8520856, -0.5930374]"
an actor purchased him a tea .,the brother kept the wire for me .,DO,PD,PURCHASE,KEEP,A,THE,for,for,-43.48622512817383,"[-2.8672066, -9.516888, -9.662122, -3.9829082, -8.779036, -5.05163, -2.6383479, -0.98808634]"
an actor purchased him a tea .,the brother kept me the wire .,DO,DO,PURCHASE,KEEP,A,THE,for,for,-47.311798095703125,"[-2.8672066, -9.516888, -9.662122, -5.215314, -7.8864803, -10.81522, -1.3485707]"
an actor purchased it a cheese .,the cop supplied the candy to us .,DO,PD,PURCHASE,SUPPLY,A,THE,for,to,-42.28627395629883,"[-2.811188, -10.289917, -10.441086, -1.5987661, -8.726847, -2.6749232, -4.8010354, -0.9425115]"
an actor purchased it a cheese .,the cop supplied us the candy .,DO,DO,PURCHASE,SUPPLY,A,THE,for,to,-39.317745208740234,"[-2.811188, -10.289917, -10.441086, -3.507386, -3.9329314, -7.377446, -0.95779145]"
an actor purchased them a beer .,the employee sold the coffee to her .,DO,PD,PURCHASE,SELL,A,THE,for,to,-35.9813346862793,"[-2.8634107, -9.095711, -7.801278, -1.6794543, -5.8955536, -2.328867, -3.0042207, -3.3128402]"
an actor purchased them a beer .,the employee sold her the coffee .,DO,DO,PURCHASE,SELL,A,THE,for,to,-32.19755554199219,"[-2.8634107, -9.095711, -7.801278, -2.5757575, -4.6859837, -4.445771, -0.72964424]"
an actor purchased them a cheese .,the sheriff promised the beer to you .,DO,PD,PURCHASE,PROMISE,A,THE,for,to,-43.49229431152344,"[-2.878907, -8.66503, -8.07059, -3.2696981, -9.977613, -2.9210463, -6.733783, -0.97562975]"
an actor purchased them a cheese .,the sheriff promised you the beer .,DO,DO,PURCHASE,PROMISE,A,THE,for,to,-37.584197998046875,"[-2.878907, -8.66503, -8.07059, -5.7022085, -3.4758894, -7.801331, -0.9902425]"
an actor purchased us a tea .,the leader saved the anchor for you .,DO,PD,PURCHASE,SAVE,A,THE,for,for,-51.594940185546875,"[-2.848558, -7.242527, -14.282, -3.4852228, -19.925903, -1.6599611, -1.2333801, -0.91738814]"
an actor purchased us a tea .,the leader saved you the anchor .,DO,DO,PURCHASE,SAVE,A,THE,for,for,-76.1683349609375,"[-2.848558, -7.242527, -14.282, -8.646752, -10.683019, -26.213434, -6.2520456]"
an actor purchased us a tea .,the minister threw the bell to you .,DO,PD,PURCHASE,THROW,A,THE,for,to,-44.24921417236328,"[-2.848558, -9.093173, -9.881961, -3.1371336, -8.922255, -3.4108498, -5.9843464, -0.9709416]"
an actor purchased us a tea .,the minister threw you the bell .,DO,DO,PURCHASE,THROW,A,THE,for,to,-43.270835876464844,"[-2.848558, -9.093173, -9.881961, -8.196561, -3.4238927, -8.982905, -0.8437856]"
an actor purchased you a beer .,the mayor saved the chicken for us .,DO,PD,PURCHASE,SAVE,A,THE,for,for,-39.88201141357422,"[-2.8265564, -8.333933, -10.687159, -1.8772682, -8.282289, -2.9800458, -4.307329, -0.58743066]"
an actor purchased you a beer .,the mayor saved us the chicken .,DO,DO,PURCHASE,SAVE,A,THE,for,for,-40.96859359741211,"[-2.8265564, -8.333933, -10.687159, -3.210773, -4.233385, -11.0582075, -0.61858153]"
an actor purchased you a tea .,the soldier drew the crystal for them .,DO,PD,PURCHASE,DRAW,A,THE,for,for,-43.40845489501953,"[-2.8595397, -10.237703, -6.9506187, -2.8338075, -8.946993, -4.93678, -5.6203976, -1.0226145]"
an actor purchased you a tea .,the soldier drew them the crystal .,DO,DO,PURCHASE,DRAW,A,THE,for,for,-42.990150451660156,"[-2.8595397, -10.237703, -6.9506187, -6.649018, -4.8402815, -9.200561, -2.2524323]"
an actor saved a bag for me .,the uncle took the plate to you .,PD,PD,SAVE,TAKE,A,THE,for,to,-39.61308288574219,"[-2.8059883, -10.901373, -6.393838, -2.0534606, -6.57588, -2.1449575, -7.856495, -0.88109016]"
an actor saved a bag for me .,the uncle took you the plate .,PD,DO,SAVE,TAKE,A,THE,for,to,-44.60179901123047,"[-2.8059883, -10.901373, -6.393838, -6.437309, -6.9254913, -9.786945, -1.350853]"
an actor saved a beer for him .,the business designed the gun for them .,PD,PD,SAVE,DESIGN,A,THE,for,for,-39.06291198730469,"[-2.8106194, -8.287035, -11.261702, -2.45329, -7.2944884, -1.8980459, -4.467902, -0.5898325]"
an actor saved a beer for him .,the business designed them the gun .,PD,DO,SAVE,DESIGN,A,THE,for,for,-45.672096252441406,"[-2.8106194, -8.287035, -11.261702, -6.3514833, -6.2272787, -9.211504, -1.5224746]"
an actor saved a beer for me .,the singer gave the tea to her .,PD,PD,SAVE,GIVE,A,THE,for,to,-38.889312744140625,"[-2.7892315, -8.519715, -5.984597, -2.7438776, -10.727506, -1.6709386, -2.267326, -4.186122]"
an actor saved a beer for me .,the singer gave her the tea .,PD,DO,SAVE,GIVE,A,THE,for,to,-39.1874885559082,"[-2.7892315, -8.519715, -5.984597, -2.7728827, -5.861581, -11.181264, -2.0782175]"
an actor saved a beer for them .,the singer promised the salad to you .,PD,PD,SAVE,PROMISE,A,THE,for,to,-45.58436584472656,"[-2.7831888, -8.39102, -7.7566986, -4.053397, -11.323188, -3.7876272, -6.2889004, -1.2003431]"
an actor saved a beer for them .,the singer promised you the salad .,PD,DO,SAVE,PROMISE,A,THE,for,to,-41.091468811035156,"[-2.7831888, -8.39102, -7.7566986, -5.910383, -3.5062575, -10.943192, -1.800731]"
an actor saved a beer for us .,the partner caught the box for them .,PD,PD,SAVE,CATCH,A,THE,for,for,-43.30714416503906,"[-2.7977974, -10.137262, -8.505686, -1.9513317, -8.699281, -3.995012, -6.327329, -0.8934455]"
an actor saved a beer for us .,the partner caught them the box .,PD,DO,SAVE,CATCH,A,THE,for,for,-43.63385009765625,"[-2.7977974, -10.137262, -8.505686, -4.959315, -6.448332, -9.187795, -1.597665]"
an actor saved a beer for you .,the attorney gave the machine to me .,PD,PD,SAVE,GIVE,A,THE,for,to,-40.02497863769531,"[-2.767164, -8.479157, -9.266637, -1.9403131, -10.627359, -2.8444057, -2.828793, -1.271148]"
an actor saved a beer for you .,the attorney gave me the machine .,PD,DO,SAVE,GIVE,A,THE,for,to,-37.74262237548828,"[-2.767164, -8.479157, -9.266637, -2.9361637, -2.1101594, -9.977402, -2.2059422]"
an actor saved him a beer .,the business designed the gun for them .,DO,PD,SAVE,DESIGN,A,THE,for,for,-39.92314147949219,"[-2.817364, -8.355662, -11.380134, -2.2732024, -6.9160657, -2.8110523, -4.6915774, -0.6780829]"
an actor saved him a beer .,the business designed them the gun .,DO,DO,SAVE,DESIGN,A,THE,for,for,-41.11669921875,"[-2.817364, -8.355662, -11.380134, -5.60842, -5.5734663, -6.6376834, -0.74397165]"
an actor saved me a bag .,the uncle took the plate to you .,DO,PD,SAVE,TAKE,A,THE,for,to,-40.64241027832031,"[-2.8318794, -11.012088, -6.4706287, -2.2136455, -6.4160805, -2.6829658, -8.020058, -0.9950645]"
an actor saved me a bag .,the uncle took you the plate .,DO,DO,SAVE,TAKE,A,THE,for,to,-42.36680221557617,"[-2.8318794, -11.012088, -6.4706287, -6.354234, -6.3989654, -8.242411, -1.0565972]"
an actor saved me a beer .,the singer gave the tea to her .,DO,PD,SAVE,GIVE,A,THE,for,to,-39.3598747253418,"[-2.7934458, -8.70178, -5.9679646, -3.0047245, -10.874367, -1.5129924, -2.200273, -4.3043265]"
an actor saved me a beer .,the singer gave her the tea .,DO,DO,SAVE,GIVE,A,THE,for,to,-37.681243896484375,"[-2.7934458, -8.70178, -5.9679646, -2.7329636, -5.445766, -10.885332, -1.1539899]"
an actor saved them a beer .,the singer promised the salad to you .,DO,PD,SAVE,PROMISE,A,THE,for,to,-45.512481689453125,"[-2.8090332, -8.522679, -7.653109, -4.002651, -11.138278, -3.748368, -6.489483, -1.1488783]"
an actor saved them a beer .,the singer promised you the salad .,DO,DO,SAVE,PROMISE,A,THE,for,to,-39.85031509399414,"[-2.8090332, -8.522679, -7.653109, -5.6555977, -3.5164948, -10.4517, -1.2417005]"
an actor saved us a beer .,the partner caught the box for them .,DO,PD,SAVE,CATCH,A,THE,for,for,-45.54232406616211,"[-2.826765, -9.975292, -8.913309, -2.4023252, -8.9042, -4.4211025, -7.0807815, -1.0185504]"
an actor saved us a beer .,the partner caught them the box .,DO,DO,SAVE,CATCH,A,THE,for,for,-43.099178314208984,"[-2.826765, -9.975292, -8.913309, -4.8566136, -6.5503626, -8.721895, -1.2549407]"
an actor saved you a beer .,the attorney gave the machine to me .,DO,PD,SAVE,GIVE,A,THE,for,to,-40.18497848510742,"[-2.797141, -8.670055, -8.699473, -2.1736913, -10.569767, -3.1596255, -3.1461163, -0.9691068]"
an actor saved you a beer .,the attorney gave me the machine .,DO,DO,SAVE,GIVE,A,THE,for,to,-36.39324188232422,"[-2.797141, -8.670055, -8.699473, -2.5118709, -2.2397826, -9.595379, -1.8795418]"
an actor sent a cheese to me .,the attorney fed the chocolate to us .,PD,PD,SEND,FEED,A,THE,to,to,-40.46211242675781,"[-2.6579332, -8.612209, -14.66251, -1.4362973, -7.818231, -0.8401692, -3.8458319, -0.58893096]"
an actor sent a cheese to me .,the attorney fed us the chocolate .,PD,DO,SEND,FEED,A,THE,to,to,-42.466156005859375,"[-2.6579332, -8.612209, -14.66251, -6.188987, -2.181825, -7.191136, -0.9715563]"
an actor sent a cheese to us .,the captain made the bag for them .,PD,PD,SEND,MAKE,A,THE,to,for,-39.12685012817383,"[-2.6665568, -8.676683, -5.488219, -2.0638018, -10.765316, -2.7429523, -5.732654, -0.99066615]"
an actor sent a cheese to us .,the captain made them the bag .,PD,DO,SEND,MAKE,A,THE,to,for,-41.01816177368164,"[-2.6665568, -8.676683, -5.488219, -7.659377, -4.17552, -10.744863, -1.6069405]"
an actor sent a cheese to you .,the guest made the key for us .,PD,PD,SEND,MAKE,A,THE,to,for,-37.108482360839844,"[-2.6627755, -9.352074, -7.0197654, -2.1218295, -7.07821, -3.2143338, -4.4394574, -1.2200392]"
an actor sent a cheese to you .,the guest made us the key .,PD,DO,SEND,MAKE,A,THE,to,for,-38.523658752441406,"[-2.6627755, -9.352074, -7.0197654, -6.5282264, -3.402389, -7.436363, -2.1220644]"
an actor sent a coffee to her .,the manager bought the cheese for me .,PD,PD,SEND,BUY,A,THE,to,for,-38.560340881347656,"[-2.6774359, -8.510853, -9.326798, -1.4064659, -10.326002, -2.5431483, -2.7842128, -0.98542523]"
an actor sent a coffee to her .,the manager bought me the cheese .,PD,DO,SEND,BUY,A,THE,to,for,-37.564048767089844,"[-2.6774359, -8.510853, -9.326798, -4.278459, -3.3339047, -8.125439, -1.31116]"
an actor sent a coffee to him .,the actress found the instrument for me .,PD,PD,SEND,FIND,A,THE,to,for,-41.61955261230469,"[-2.6730125, -8.122308, -6.861824, -2.8548117, -9.628703, -3.3216586, -6.573132, -1.5841041]"
an actor sent a coffee to him .,the actress found me the instrument .,PD,DO,SEND,FIND,A,THE,to,for,-42.537715911865234,"[-2.6730125, -8.122308, -6.861824, -7.586276, -4.1620507, -10.977509, -2.154737]"
an actor sent a coffee to him .,the husband got the cigarette for us .,PD,PD,SEND,GET,A,THE,to,for,-42.23326873779297,"[-2.6730125, -8.905498, -7.1901345, -2.6639266, -8.654867, -5.390349, -5.9007344, -0.8547464]"
an actor sent a coffee to him .,the husband got us the cigarette .,PD,DO,SEND,GET,A,THE,to,for,-38.14418029785156,"[-2.6730125, -8.905498, -7.1901345, -6.8671184, -3.4243815, -7.9797363, -1.1042969]"
an actor sent a coffee to him .,the doctor got the meal for you .,PD,PD,SEND,GET,A,THE,to,for,-40.114990234375,"[-2.6730125, -8.494997, -6.557619, -2.5699184, -9.468027, -3.9232748, -5.827846, -0.6002949]"
an actor sent a coffee to him .,the doctor got you the meal .,PD,DO,SEND,GET,A,THE,to,for,-36.18031311035156,"[-2.6730125, -8.494997, -6.557619, -7.452224, -3.474568, -6.7734203, -0.75447154]"
an actor sent a coffee to it .,the author threw the juice to us .,PD,PD,SEND,THROW,A,THE,to,to,-45.778472900390625,"[-2.6265125, -6.3623533, -10.667621, -2.7039344, -9.597105, -3.6856475, -9.214164, -0.9211378]"
an actor sent a coffee to it .,the author threw us the juice .,PD,DO,SEND,THROW,A,THE,to,to,-39.46645736694336,"[-2.6265125, -6.3623533, -10.667621, -6.7209244, -2.4578223, -9.663622, -0.9676038]"
an actor sent a coffee to us .,the wife kept the chicken for you .,PD,PD,SEND,KEEP,A,THE,to,for,-41.4375,"[-2.659761, -8.492382, -10.417806, -2.3764312, -7.3528767, -3.2113373, -6.1845303, -0.7423734]"
an actor sent a coffee to us .,the wife kept you the chicken .,PD,DO,SEND,KEEP,A,THE,to,for,-42.93387985229492,"[-2.659761, -8.492382, -10.417806, -6.662242, -5.8552027, -7.749262, -1.0972248]"
an actor sent a glass to me .,the scientist supplied the tea to you .,PD,PD,SEND,SUPPLY,A,THE,to,to,-40.019187927246094,"[-2.649123, -9.904858, -10.632971, -1.4146343, -7.54733, -1.7404294, -5.570939, -0.5589061]"
an actor sent a glass to me .,the scientist supplied you the tea .,PD,DO,SEND,SUPPLY,A,THE,to,to,-41.117889404296875,"[-2.649123, -9.904858, -10.632971, -5.654302, -4.267135, -7.066082, -0.94341743]"
an actor sent a salad to her .,the kid promised the tea to us .,PD,PD,SEND,PROMISE,A,THE,to,to,-43.023860931396484,"[-2.707009, -9.444792, -8.813687, -3.795412, -8.337542, -3.2717335, -5.9789534, -0.67473215]"
an actor sent a salad to her .,the kid promised us the tea .,PD,DO,SEND,PROMISE,A,THE,to,to,-38.94125747680664,"[-2.707009, -9.444792, -8.813687, -4.998433, -3.2162657, -8.902989, -0.8580785]"
an actor sent a salad to them .,the aunt made the television for it .,PD,PD,SEND,MAKE,A,THE,to,for,-41.83491897583008,"[-2.6822798, -11.54571, -7.7633195, -2.2448244, -9.120621, -3.6390886, -4.0358944, -0.8031806]"
an actor sent a salad to them .,the aunt made it the television .,PD,DO,SEND,MAKE,A,THE,to,for,-44.668853759765625,"[-2.6822798, -11.54571, -7.7633195, -2.878171, -6.070423, -10.3621435, -3.3668075]"
an actor sent a salad to us .,the hero found the flower for me .,PD,PD,SEND,FIND,A,THE,to,for,-37.77192687988281,"[-2.6994169, -9.395645, -5.8816657, -2.5847902, -7.3743696, -4.8668966, -4.151582, -0.81756216]"
an actor sent a salad to us .,the hero found me the flower .,PD,DO,SEND,FIND,A,THE,to,for,-38.88994598388672,"[-2.6994169, -9.395645, -5.8816657, -7.3046875, -4.0151215, -7.954874, -1.6385349]"
an actor sent a tea to you .,the writer saved the coffee for him .,PD,PD,SEND,SAVE,A,THE,to,for,-37.4307975769043,"[-2.644133, -7.08493, -11.218342, -1.2997367, -8.513358, -1.5064187, -4.689767, -0.47411114]"
an actor sent a tea to you .,the writer saved him the coffee .,PD,DO,SEND,SAVE,A,THE,to,for,-38.021705627441406,"[-2.644133, -7.08493, -11.218342, -5.2692595, -2.9544814, -8.258517, -0.59204036]"
an actor sent her a coffee .,the manager bought the cheese for me .,DO,PD,SEND,BUY,A,THE,to,for,-38.42603302001953,"[-2.789891, -8.506673, -8.778377, -1.6324837, -10.122832, -2.554507, -2.8855581, -1.1557118]"
an actor sent her a coffee .,the manager bought me the cheese .,DO,DO,SEND,BUY,A,THE,to,for,-36.4881591796875,"[-2.789891, -8.506673, -8.778377, -3.878486, -3.4725256, -7.9142923, -1.1479126]"
an actor sent her a salad .,the kid promised the tea to us .,DO,PD,SEND,PROMISE,A,THE,to,to,-43.901405334472656,"[-2.8253224, -9.420797, -8.557173, -4.1120234, -8.37347, -4.2799096, -5.483629, -0.8490794]"
an actor sent her a salad .,the kid promised us the tea .,DO,DO,SEND,PROMISE,A,THE,to,to,-38.365177154541016,"[-2.8253224, -9.420797, -8.557173, -4.6352053, -3.5076563, -8.668319, -0.7507055]"
an actor sent him a coffee .,the actress found the instrument for me .,DO,PD,SEND,FIND,A,THE,to,for,-42.79310607910156,"[-2.7754824, -7.9839053, -6.877181, -3.4274373, -9.572041, -3.2983298, -7.177129, -1.6815977]"
an actor sent him a coffee .,the actress found me the instrument .,DO,DO,SEND,FIND,A,THE,to,for,-42.96693420410156,"[-2.7754824, -7.9839053, -6.877181, -7.2147794, -4.5043073, -11.650886, -1.9603945]"
an actor sent him a coffee .,the husband got the cigarette for us .,DO,PD,SEND,GET,A,THE,to,for,-42.71367263793945,"[-2.7754824, -8.897718, -7.2703414, -3.0088422, -8.912039, -5.081354, -5.7512994, -1.0165954]"
an actor sent him a coffee .,the husband got us the cigarette .,DO,DO,SEND,GET,A,THE,to,for,-38.068748474121094,"[-2.7754824, -8.897718, -7.2703414, -6.575117, -3.951617, -7.763717, -0.83475524]"
an actor sent him a coffee .,the doctor got the meal for you .,DO,PD,SEND,GET,A,THE,to,for,-41.461769104003906,"[-2.7754824, -8.540076, -6.6194773, -2.8121955, -9.724248, -3.9097672, -6.460392, -0.62013406]"
an actor sent him a coffee .,the doctor got you the meal .,DO,DO,SEND,GET,A,THE,to,for,-35.70890808105469,"[-2.7754824, -8.540076, -6.6194773, -7.040454, -3.8164525, -6.3272257, -0.58974075]"
an actor sent it a coffee .,the author threw the juice to us .,DO,PD,SEND,THROW,A,THE,to,to,-44.69660568237305,"[-2.707223, -6.3745804, -10.446486, -2.8667514, -9.806625, -4.086276, -7.350481, -1.0581803]"
an actor sent it a coffee .,the author threw us the juice .,DO,DO,SEND,THROW,A,THE,to,to,-38.797576904296875,"[-2.707223, -6.3745804, -10.446486, -6.632701, -2.5697968, -9.204515, -0.86227113]"
an actor sent me a cheese .,the attorney fed the chocolate to us .,DO,PD,SEND,FEED,A,THE,to,to,-45.038761138916016,"[-2.7094994, -8.757627, -14.284004, -2.046266, -7.936324, -3.123818, -5.430357, -0.7508646]"
an actor sent me a cheese .,the attorney fed us the chocolate .,DO,DO,SEND,FEED,A,THE,to,to,-39.15448760986328,"[-2.7094994, -8.757627, -14.284004, -4.58565, -3.0728283, -4.9724007, -0.77247673]"
an actor sent me a glass .,the scientist supplied the tea to you .,DO,PD,SEND,SUPPLY,A,THE,to,to,-42.92809295654297,"[-2.7280505, -9.750185, -10.256935, -2.0946393, -8.197698, -2.8298101, -6.3944163, -0.6763619]"
an actor sent me a glass .,the scientist supplied you the tea .,DO,DO,SEND,SUPPLY,A,THE,to,to,-40.15262985229492,"[-2.7280505, -9.750185, -10.256935, -5.7337003, -4.8746014, -6.0806465, -0.7285117]"
an actor sent them a salad .,the aunt made the television for it .,DO,PD,SEND,MAKE,A,THE,to,for,-43.276329040527344,"[-2.7592502, -11.523819, -8.025594, -2.440933, -9.083187, -3.6753006, -4.823777, -0.9444681]"
an actor sent them a salad .,the aunt made it the television .,DO,DO,SEND,MAKE,A,THE,to,for,-46.094154357910156,"[-2.7592502, -11.523819, -8.025594, -2.6991508, -6.202243, -10.972071, -3.9120266]"
an actor sent us a cheese .,the captain made the bag for them .,DO,PD,SEND,MAKE,A,THE,to,for,-39.858856201171875,"[-2.7190204, -8.6114645, -5.527732, -2.3125877, -10.52003, -2.8341928, -6.1619706, -1.1718587]"
an actor sent us a cheese .,the captain made them the bag .,DO,DO,SEND,MAKE,A,THE,to,for,-40.600677490234375,"[-2.7190204, -8.6114645, -5.527732, -7.262356, -4.9164286, -10.186852, -1.3768235]"
an actor sent us a coffee .,the wife kept the chicken for you .,DO,PD,SEND,KEEP,A,THE,to,for,-42.4599609375,"[-2.7392235, -8.550123, -10.241206, -2.9937518, -7.0861225, -3.2264433, -6.8006096, -0.8224797]"
an actor sent us a coffee .,the wife kept you the chicken .,DO,DO,SEND,KEEP,A,THE,to,for,-42.807228088378906,"[-2.7392235, -8.550123, -10.241206, -6.4948444, -6.142676, -7.7707987, -0.86835617]"
an actor sent us a salad .,the hero found the flower for me .,DO,PD,SEND,FIND,A,THE,to,for,-38.168800354003906,"[-2.7592547, -9.357595, -5.8145027, -2.8733897, -7.061963, -4.90234, -4.4634457, -0.9363084]"
an actor sent us a salad .,the hero found me the flower .,DO,DO,SEND,FIND,A,THE,to,for,-37.796871185302734,"[-2.7592547, -9.357595, -5.8145027, -6.499514, -4.2269454, -7.9112024, -1.2278545]"
an actor sent you a cheese .,the guest made the key for us .,DO,PD,SEND,MAKE,A,THE,to,for,-37.02280044555664,"[-2.694871, -9.348591, -6.973508, -2.4188466, -6.8758035, -3.4457242, -4.117745, -1.1477096]"
an actor sent you a cheese .,the guest made us the key .,DO,DO,SEND,MAKE,A,THE,to,for,-37.54167175292969,"[-2.694871, -9.348591, -6.973508, -5.382174, -3.8494446, -7.717594, -1.5754869]"
an actor sent you a tea .,the writer saved the coffee for him .,DO,PD,SEND,SAVE,A,THE,to,for,-37.806739807128906,"[-2.6940827, -7.0537076, -10.955943, -1.6112443, -8.667967, -1.9092205, -4.2934065, -0.6211693]"
an actor sent you a tea .,the writer saved him the coffee .,DO,DO,SEND,SAVE,A,THE,to,for,-38.40618896484375,"[-2.6940827, -7.0537076, -10.955943, -5.230171, -3.0185623, -8.953026, -0.5006968]"
an actor showed a button to them .,the writer kept the chocolate for you .,PD,PD,SHOW,KEEP,A,THE,to,for,-42.928070068359375,"[-2.6885004, -7.4232583, -9.5478325, -3.2273915, -9.658367, -4.3120823, -5.432801, -0.63784]"
an actor showed a button to them .,the writer kept you the chocolate .,PD,DO,SHOW,KEEP,A,THE,to,for,-46.222129821777344,"[-2.6885004, -7.4232583, -9.5478325, -6.57987, -7.0289593, -11.472503, -1.4812045]"
an actor showed a chicken to it .,the sheriff threw the salad to me .,PD,PD,SHOW,THROW,A,THE,to,to,-42.170433044433594,"[-2.675934, -9.330748, -9.498882, -2.736649, -9.239845, -3.4776497, -4.5671115, -0.64361686]"
an actor showed a chicken to it .,the sheriff threw me the salad .,PD,DO,SHOW,THROW,A,THE,to,to,-43.001686096191406,"[-2.675934, -9.330748, -9.498882, -7.1794124, -4.5796957, -8.815763, -0.9212523]"
an actor showed an anchor to me .,the hero delivered the salad for us .,PD,PD,SHOW,DELIVER,A,THE,to,for,-43.35498809814453,"[-2.714193, -9.467162, -10.547927, -1.7505438, -12.099065, -4.0019794, -2.139534, -0.6345867]"
an actor showed an anchor to me .,the hero delivered us the salad .,PD,DO,SHOW,DELIVER,A,THE,to,for,-41.856903076171875,"[-2.714193, -9.467162, -10.547927, -5.534403, -2.2658384, -10.158812, -1.1685656]"
an actor showed it a chicken .,the sheriff threw the salad to me .,DO,PD,SHOW,THROW,A,THE,to,to,-43.347145080566406,"[-2.6486714, -8.992899, -9.366989, -2.4466083, -9.198391, -4.283164, -5.380528, -1.029897]"
an actor showed it a chicken .,the sheriff threw me the salad .,DO,DO,SHOW,THROW,A,THE,to,to,-40.6175422668457,"[-2.6486714, -8.992899, -9.366989, -6.379279, -3.9421258, -8.4503145, -0.837263]"
an actor showed me an anchor .,the hero delivered the salad for us .,DO,PD,SHOW,DELIVER,A,THE,to,for,-42.80732727050781,"[-2.7898483, -9.440205, -10.248554, -1.7672515, -11.397073, -4.1118007, -2.3108983, -0.7416981]"
an actor showed me an anchor .,the hero delivered us the salad .,DO,DO,SHOW,DELIVER,A,THE,to,for,-39.974361419677734,"[-2.7898483, -9.440205, -10.248554, -4.4938293, -2.2592678, -9.767414, -0.97524303]"
an actor showed them a button .,the writer kept the chocolate for you .,DO,PD,SHOW,KEEP,A,THE,to,for,-43.4438591003418,"[-2.7181392, -7.4095535, -8.893457, -3.6382642, -9.6518345, -4.589226, -5.8654156, -0.677969]"
an actor showed them a button .,the writer kept you the chocolate .,DO,DO,SHOW,KEEP,A,THE,to,for,-45.91271209716797,"[-2.7181392, -7.4095535, -8.893457, -7.0299993, -7.5098896, -10.992325, -1.3593478]"
an actor sold a bowl to us .,the candidate supplied the candy to you .,PD,PD,SELL,SUPPLY,A,THE,to,to,-39.93218231201172,"[-2.802408, -9.595914, -9.38403, -1.8618252, -10.466741, -1.734851, -3.475551, -0.6108609]"
an actor sold a bowl to us .,the candidate supplied you the candy .,PD,DO,SELL,SUPPLY,A,THE,to,to,-44.939720153808594,"[-2.802408, -9.595914, -9.38403, -4.9607306, -6.343396, -10.727974, -1.125265]"
an actor sold a bowl to you .,the guy drew the iron for us .,PD,PD,SELL,DRAW,A,THE,to,for,-40.05524444580078,"[-2.7798023, -7.64762, -9.171265, -2.0469632, -8.582306, -5.5452175, -3.527399, -0.754674]"
an actor sold a bowl to you .,the guy drew us the iron .,PD,DO,SELL,DRAW,A,THE,to,for,-39.72816848754883,"[-2.7798023, -7.64762, -9.171265, -5.8740087, -3.1409917, -9.281747, -1.832734]"
an actor sold a bowl to you .,the soldier drew the crystal for them .,PD,PD,SELL,DRAW,A,THE,to,for,-45.07255935668945,"[-2.7798023, -10.080528, -7.2924213, -2.4797618, -10.276274, -4.732667, -6.4808354, -0.95026946]"
an actor sold a bowl to you .,the soldier drew them the crystal .,PD,DO,SELL,DRAW,A,THE,to,for,-44.11914825439453,"[-2.7798023, -10.080528, -7.2924213, -7.1399117, -4.5543437, -9.9094305, -2.362707]"
an actor sold a bowl to you .,the guest caught the hat for us .,PD,PD,SELL,CATCH,A,THE,to,for,-41.76024627685547,"[-2.7798023, -9.32588, -9.551937, -1.7124922, -8.3437395, -5.676099, -3.3464756, -1.0238228]"
an actor sold a bowl to you .,the guest caught us the hat .,PD,DO,SELL,CATCH,A,THE,to,for,-44.24644470214844,"[-2.7798023, -9.32588, -9.551937, -3.6866162, -6.117277, -9.869435, -2.9154942]"
an actor sold a coffee to it .,the physician showed the coat to me .,PD,PD,SELL,SHOW,A,THE,to,to,-38.408599853515625,"[-2.7249498, -10.865936, -7.475429, -2.2170556, -10.312239, -0.71858406, -3.0060148, -1.0883892]"
an actor sold a coffee to it .,the physician showed me the coat .,PD,DO,SELL,SHOW,A,THE,to,to,-35.23243713378906,"[-2.7249498, -10.865936, -7.475429, -1.8549454, -2.0072708, -8.971317, -1.3325908]"
an actor sold a meal to them .,the princess drew the telephone for you .,PD,PD,SELL,DRAW,A,THE,to,for,-46.38654327392578,"[-2.7740262, -10.410812, -8.656529, -2.6663404, -11.496347, -4.1729574, -5.595746, -0.61378515]"
an actor sold a meal to them .,the princess drew you the telephone .,PD,DO,SELL,DRAW,A,THE,to,for,-47.01136779785156,"[-2.7740262, -10.410812, -8.656529, -7.352841, -4.98687, -11.853425, -0.9768687]"
an actor sold a meal to them .,the buddy delivered the bowl for you .,PD,PD,SELL,DELIVER,A,THE,to,for,-45.67375183105469,"[-2.7740262, -12.56086, -11.635463, -2.181785, -8.859863, -3.9255073, -3.144964, -0.5912841]"
an actor sold a meal to them .,the buddy delivered you the bowl .,PD,DO,SELL,DELIVER,A,THE,to,for,-43.95730972290039,"[-2.7740262, -12.56086, -11.635463, -5.3875155, -2.5336878, -7.8846865, -1.181072]"
an actor sold it a coffee .,the physician showed the coat to me .,DO,PD,SELL,SHOW,A,THE,to,to,-39.41493225097656,"[-2.7333424, -10.902851, -7.5307617, -2.4883225, -10.117567, -1.9528399, -2.5846293, -1.1046202]"
an actor sold it a coffee .,the physician showed me the coat .,DO,DO,SELL,SHOW,A,THE,to,to,-34.999046325683594,"[-2.7333424, -10.902851, -7.5307617, -1.7390063, -1.9726312, -8.868646, -1.2518106]"
an actor sold them a meal .,the princess drew the telephone for you .,DO,PD,SELL,DRAW,A,THE,to,for,-46.895729064941406,"[-2.7714076, -10.361832, -8.710506, -2.7189279, -11.55645, -4.1660824, -6.044936, -0.56558734]"
an actor sold them a meal .,the princess drew you the telephone .,DO,DO,SELL,DRAW,A,THE,to,for,-48.74118423461914,"[-2.7714076, -10.361832, -8.710506, -7.2877555, -6.096653, -12.793908, -0.71912324]"
an actor sold them a meal .,the buddy delivered the bowl for you .,DO,PD,SELL,DELIVER,A,THE,to,for,-45.66010284423828,"[-2.7714076, -12.54509, -11.528655, -2.485661, -9.093079, -3.6326463, -3.0724735, -0.53108734]"
an actor sold them a meal .,the buddy delivered you the bowl .,DO,DO,SELL,DELIVER,A,THE,to,for,-42.80260467529297,"[-2.7714076, -12.54509, -11.528655, -4.6139703, -2.787138, -7.7918215, -0.7645241]"
an actor sold us a bowl .,the candidate supplied the candy to you .,DO,PD,SELL,SUPPLY,A,THE,to,to,-43.48484802246094,"[-2.8385272, -9.88298, -9.386962, -2.3693318, -10.264065, -2.833212, -5.0499244, -0.8598437]"
an actor sold us a bowl .,the candidate supplied you the candy .,DO,DO,SELL,SUPPLY,A,THE,to,to,-46.195709228515625,"[-2.8385272, -9.88298, -9.386962, -4.168798, -7.805676, -11.083574, -1.0291891]"
an actor sold you a bowl .,the guy drew the iron for us .,DO,PD,SELL,DRAW,A,THE,to,for,-40.36561584472656,"[-2.7688289, -7.6570945, -9.057226, -2.2290008, -8.792763, -5.5510325, -3.5249975, -0.784672]"
an actor sold you a bowl .,the guy drew us the iron .,DO,DO,SELL,DRAW,A,THE,to,for,-39.075157165527344,"[-2.7688289, -7.6570945, -9.057226, -5.0979395, -3.4943702, -9.455223, -1.5444767]"
an actor sold you a bowl .,the soldier drew the crystal for them .,DO,PD,SELL,DRAW,A,THE,to,for,-45.30830764770508,"[-2.7688289, -10.302677, -7.2485523, -2.5337586, -10.2680855, -4.7802825, -6.4152584, -0.9908627]"
an actor sold you a bowl .,the soldier drew them the crystal .,DO,DO,SELL,DRAW,A,THE,to,for,-44.486446380615234,"[-2.7688289, -10.302677, -7.2485523, -6.8029733, -4.7747912, -10.49818, -2.0904427]"
an actor sold you a bowl .,the guest caught the hat for us .,DO,PD,SELL,CATCH,A,THE,to,for,-43.563228607177734,"[-2.7688289, -9.033325, -9.635436, -2.106736, -8.921847, -6.381145, -3.5705056, -1.1454046]"
an actor sold you a bowl .,the guest caught us the hat .,DO,DO,SELL,CATCH,A,THE,to,for,-44.80572509765625,"[-2.7688289, -9.033325, -9.635436, -2.9959743, -6.3417883, -10.340699, -3.689673]"
an actor supplied a beer to it .,the colonel bought the candy for me .,PD,PD,SUPPLY,BUY,A,THE,to,for,-39.452537536621094,"[-2.7345994, -11.200207, -8.610828, -1.861834, -7.8356547, -2.8246694, -3.3882728, -0.9964727]"
an actor supplied a beer to it .,the colonel bought me the candy .,PD,DO,SUPPLY,BUY,A,THE,to,for,-39.44968795776367,"[-2.7345994, -11.200207, -8.610828, -5.1912293, -3.486667, -6.987128, -1.2390299]"
an actor supplied a beer to me .,the manager gave the chicken to us .,PD,PD,SUPPLY,GIVE,A,THE,to,to,-34.96856689453125,"[-2.7821102, -8.434494, -6.3598633, -2.6211593, -8.812109, -1.8232597, -3.4734917, -0.6620764]"
an actor supplied a beer to me .,the manager gave us the chicken .,PD,DO,SUPPLY,GIVE,A,THE,to,to,-31.945709228515625,"[-2.7821102, -8.434494, -6.3598633, -3.0504377, -2.3352768, -7.1230335, -1.8604925]"
an actor supplied a cheese to him .,the leader gave the log to me .,PD,PD,SUPPLY,GIVE,A,THE,to,to,-41.29297637939453,"[-2.8157449, -7.1971097, -12.933139, -2.676322, -10.640587, -0.9075005, -3.510094, -0.6124795]"
an actor supplied a cheese to him .,the leader gave me the log .,PD,DO,SUPPLY,GIVE,A,THE,to,to,-39.78907775878906,"[-2.8157449, -7.1971097, -12.933139, -3.7258053, -2.6303399, -8.76999, -1.716948]"
an actor supplied a chocolate to it .,the worker gave the juice to him .,PD,PD,SUPPLY,GIVE,A,THE,to,to,-34.974891662597656,"[-2.750127, -9.743656, -6.4398212, -1.8703532, -9.016937, -0.18312792, -4.202071, -0.768797]"
an actor supplied a chocolate to it .,the worker gave him the juice .,PD,DO,SUPPLY,GIVE,A,THE,to,to,-31.81790542602539,"[-2.750127, -9.743656, -6.4398212, -2.0073485, -2.357501, -7.3028216, -1.2166291]"
an actor supplied a chocolate to you .,the minister took the box to her .,PD,PD,SUPPLY,TAKE,A,THE,to,to,-36.907188415527344,"[-2.7690637, -8.853615, -7.111304, -1.8354213, -8.727033, -1.9467356, -2.935948, -2.728066]"
an actor supplied a chocolate to you .,the minister took her the box .,PD,DO,SUPPLY,TAKE,A,THE,to,to,-40.24969482421875,"[-2.7690637, -8.853615, -7.111304, -4.486927, -6.9322515, -8.132854, -1.963678]"
an actor supplied a meal to you .,the man took the motor to me .,PD,PD,SUPPLY,TAKE,A,THE,to,to,-39.586151123046875,"[-2.8343875, -6.077326, -6.1262555, -2.304757, -9.190655, -4.692641, -7.0063562, -1.3537745]"
an actor supplied a meal to you .,the man took me the motor .,PD,DO,SUPPLY,TAKE,A,THE,to,to,-38.624542236328125,"[-2.8343875, -6.077326, -6.1262555, -3.9314709, -6.22576, -9.215637, -4.2137036]"
an actor supplied a tea to him .,the king fed the chicken to you .,PD,PD,SUPPLY,FEED,A,THE,to,to,-38.410579681396484,"[-2.7932212, -7.9517393, -10.366875, -1.6733577, -5.7198515, -1.0833853, -8.075363, -0.74678403]"
an actor supplied a tea to him .,the king fed you the chicken .,PD,DO,SUPPLY,FEED,A,THE,to,to,-38.07106018066406,"[-2.7932212, -7.9517393, -10.366875, -6.1983776, -3.1376624, -6.2380376, -1.3851467]"
an actor supplied him a cheese .,the leader gave the log to me .,DO,PD,SUPPLY,GIVE,A,THE,to,to,-43.291107177734375,"[-2.851589, -7.148427, -13.045059, -2.8946433, -10.292963, -2.5420706, -3.3856235, -1.1307327]"
an actor supplied him a cheese .,the leader gave me the log .,DO,DO,SUPPLY,GIVE,A,THE,to,to,-40.15522766113281,"[-2.851589, -7.148427, -13.045059, -4.0198407, -2.8330293, -8.7314625, -1.5258213]"
an actor supplied him a tea .,the king fed the chicken to you .,DO,PD,SUPPLY,FEED,A,THE,to,to,-40.634681701660156,"[-2.8486664, -7.887941, -10.195656, -2.0039816, -6.5678816, -2.1508648, -8.129155, -0.8505372]"
an actor supplied him a tea .,the king fed you the chicken .,DO,DO,SUPPLY,FEED,A,THE,to,to,-37.93752670288086,"[-2.8486664, -7.887941, -10.195656, -6.2224903, -3.2296538, -6.4877954, -1.0653235]"
an actor supplied it a beer .,the colonel bought the candy for me .,DO,PD,SUPPLY,BUY,A,THE,to,for,-39.59119415283203,"[-2.7845893, -11.178125, -8.276179, -1.8357017, -8.163335, -2.9191213, -3.337311, -1.0968302]"
an actor supplied it a beer .,the colonel bought me the candy .,DO,DO,SUPPLY,BUY,A,THE,to,for,-38.974403381347656,"[-2.7845893, -11.178125, -8.276179, -4.9610853, -3.5343204, -7.1699815, -1.0701249]"
an actor supplied it a chocolate .,the worker gave the juice to him .,DO,PD,SUPPLY,GIVE,A,THE,to,to,-36.952293395996094,"[-2.764098, -9.887648, -6.4810886, -2.0060902, -9.956127, -0.5525027, -4.3014045, -1.0033351]"
an actor supplied it a chocolate .,the worker gave him the juice .,DO,DO,SUPPLY,GIVE,A,THE,to,to,-32.06378936767578,"[-2.764098, -9.887648, -6.4810886, -2.0529833, -2.4631565, -7.4253893, -0.9894266]"
an actor supplied me a beer .,the manager gave the chicken to us .,DO,PD,SUPPLY,GIVE,A,THE,to,to,-37.76663589477539,"[-2.8030005, -8.4115305, -6.070069, -3.131905, -9.577052, -2.7204566, -4.232115, -0.82050985]"
an actor supplied me a beer .,the manager gave us the chicken .,DO,DO,SUPPLY,GIVE,A,THE,to,to,-31.00225830078125,"[-2.8030005, -8.4115305, -6.070069, -3.1369586, -2.691885, -6.6478333, -1.2409816]"
an actor supplied you a chocolate .,the minister took the box to her .,DO,PD,SUPPLY,TAKE,A,THE,to,to,-37.86591720581055,"[-2.7983518, -8.899852, -6.819192, -1.9746472, -8.660992, -2.552599, -2.8844767, -3.275808]"
an actor supplied you a chocolate .,the minister took her the box .,DO,DO,SUPPLY,TAKE,A,THE,to,to,-39.65385437011719,"[-2.7983518, -8.899852, -6.819192, -4.3413205, -6.7930813, -8.4425335, -1.5595272]"
an actor supplied you a meal .,the man took the motor to me .,DO,PD,SUPPLY,TAKE,A,THE,to,to,-39.462127685546875,"[-2.8601143, -6.049067, -6.115394, -2.3314433, -8.795268, -4.6564093, -7.229532, -1.4249027]"
an actor supplied you a meal .,the man took me the motor .,DO,DO,SUPPLY,TAKE,A,THE,to,to,-37.678199768066406,"[-2.8601143, -6.049067, -6.115394, -3.410747, -6.2139015, -9.311277, -3.7176986]"
an actor threw a beer to us .,the cop made the card for you .,PD,PD,THROW,MAKE,A,THE,to,for,-36.33649444580078,"[-2.8043668, -10.072558, -5.2591186, -2.5668473, -8.782629, -3.6288962, -2.5199862, -0.7020878]"
an actor threw a beer to us .,the cop made you the card .,PD,DO,THROW,MAKE,A,THE,to,for,-38.63250732421875,"[-2.8043668, -10.072558, -5.2591186, -5.631435, -5.8617167, -7.8720284, -1.1312817]"
an actor threw a cheese to her .,the doctor kept the juice for you .,PD,PD,THROW,KEEP,A,THE,to,for,-39.815399169921875,"[-2.798395, -8.413265, -6.5897965, -3.7239568, -7.8591223, -3.7006855, -5.935858, -0.7943187]"
an actor threw a cheese to her .,the doctor kept you the juice .,PD,DO,THROW,KEEP,A,THE,to,for,-42.140289306640625,"[-2.798395, -8.413265, -6.5897965, -7.5029144, -6.3131523, -9.289852, -1.232916]"
an actor threw a chocolate to him .,the boy left the bag for me .,PD,PD,THROW,LEAVE,A,THE,to,for,-31.58979034423828,"[-2.7954476, -7.764895, -6.0768495, -1.4898982, -6.25629, -3.5713515, -2.4989228, -1.1361344]"
an actor threw a chocolate to him .,the boy left me the bag .,PD,DO,THROW,LEAVE,A,THE,to,for,-31.359617233276367,"[-2.7954476, -7.764895, -6.0768495, -4.3887467, -3.8149037, -4.9996977, -1.5190771]"
an actor threw a chocolate to it .,the father drew the bell for you .,PD,PD,THROW,DRAW,A,THE,to,for,-41.281822204589844,"[-2.7366982, -7.7608304, -9.780597, -2.2653859, -8.128313, -3.01846, -6.4032927, -1.1882441]"
an actor threw a chocolate to it .,the father drew you the bell .,PD,DO,THROW,DRAW,A,THE,to,for,-42.64802169799805,"[-2.7366982, -7.7608304, -9.780597, -8.115726, -3.397024, -9.334239, -1.522906]"
an actor threw a chocolate to you .,the hero delivered the salad for us .,PD,PD,THROW,DELIVER,A,THE,to,for,-42.45465850830078,"[-2.7677338, -9.392496, -10.470366, -1.536494, -10.619816, -3.9782727, -3.0037336, -0.6857497]"
an actor threw a chocolate to you .,the hero delivered us the salad .,PD,DO,THROW,DELIVER,A,THE,to,for,-41.20250701904297,"[-2.7677338, -9.392496, -10.470366, -6.121728, -2.3698661, -9.147628, -0.9326916]"
an actor threw a coffee to it .,the guy delivered the juice for us .,PD,PD,THROW,DELIVER,A,THE,to,for,-37.41124725341797,"[-2.732075, -7.612376, -9.374238, -1.6732091, -8.79808, -3.81908, -2.7734587, -0.62872696]"
an actor threw a coffee to it .,the guy delivered us the juice .,PD,DO,THROW,DELIVER,A,THE,to,for,-36.08881378173828,"[-2.732075, -7.612376, -9.374238, -5.4234257, -2.446235, -7.835113, -0.6653494]"
an actor threw a coffee to me .,the chief supplied the anchor to you .,PD,PD,THROW,SUPPLY,A,THE,to,to,-46.554622650146484,"[-2.7912958, -7.702721, -14.381241, -2.2170877, -9.754609, -1.449743, -7.377992, -0.87993383]"
an actor threw a coffee to me .,the chief supplied you the anchor .,PD,DO,THROW,SUPPLY,A,THE,to,to,-50.035728454589844,"[-2.7912958, -7.702721, -14.381241, -6.1269703, -5.1873865, -10.905481, -2.9406343]"
an actor threw a computer to you .,the teacher promised the bag to her .,PD,PD,THROW,PROMISE,A,THE,to,to,-36.2479362487793,"[-2.7942684, -9.177702, -8.333693, -3.31288, -8.117415, -1.468067, -1.7826296, -1.2612816]"
an actor threw a computer to you .,the teacher promised her the bag .,PD,DO,THROW,PROMISE,A,THE,to,to,-35.457115173339844,"[-2.7942684, -9.177702, -8.333693, -3.064464, -2.9191442, -7.369022, -1.798823]"
an actor threw a flower to me .,the worker purchased the tea for you .,PD,PD,THROW,PURCHASE,A,THE,to,for,-41.16844177246094,"[-2.8373241, -9.754816, -10.229444, -1.3650763, -6.701167, -3.1880229, -6.239237, -0.8533565]"
an actor threw a flower to me .,the worker purchased you the tea .,PD,DO,THROW,PURCHASE,A,THE,to,for,-43.542823791503906,"[-2.8373241, -9.754816, -10.229444, -9.572825, -3.5450425, -6.0779514, -1.5254233]"
an actor threw a flower to you .,the brother sent the television to me .,PD,PD,THROW,SEND,A,THE,to,to,-38.183570861816406,"[-2.8171864, -9.566946, -8.4991665, -2.8525925, -10.358717, -1.2870637, -1.9355669, -0.8663324]"
an actor threw a flower to you .,the brother sent me the television .,PD,DO,THROW,SEND,A,THE,to,to,-36.7720832824707,"[-2.8171864, -9.566946, -8.4991665, -1.4288234, -2.555337, -10.455014, -1.4496065]"
an actor threw a meal to it .,the bishop kept the card for him .,PD,PD,THROW,KEEP,A,THE,to,for,-38.344547271728516,"[-2.7867649, -9.856127, -8.943096, -3.2290606, -5.290767, -3.7483819, -3.479446, -1.0109037]"
an actor threw a meal to it .,the bishop kept him the card .,PD,DO,THROW,KEEP,A,THE,to,for,-42.07018280029297,"[-2.7867649, -9.856127, -8.943096, -5.0808396, -6.8999968, -7.0540867, -1.4492694]"
an actor threw her a cheese .,the doctor kept the juice for you .,DO,PD,THROW,KEEP,A,THE,to,for,-41.5722541809082,"[-2.8171823, -8.518981, -6.670998, -4.1557837, -7.781271, -4.5326443, -6.3204346, -0.7749597]"
an actor threw her a cheese .,the doctor kept you the juice .,DO,DO,THROW,KEEP,A,THE,to,for,-41.74586486816406,"[-2.8171823, -8.518981, -6.670998, -7.883668, -6.615734, -8.234679, -1.0046211]"
an actor threw him a chocolate .,the boy left the bag for me .,DO,PD,THROW,LEAVE,A,THE,to,for,-32.276065826416016,"[-2.844046, -7.771507, -6.176662, -1.8877734, -6.189309, -3.6977503, -2.504693, -1.2043248]"
an actor threw him a chocolate .,the boy left me the bag .,DO,DO,THROW,LEAVE,A,THE,to,for,-30.810243606567383,"[-2.844046, -7.771507, -6.176662, -3.5171957, -3.7213411, -5.5509562, -1.228536]"
an actor threw it a chocolate .,the father drew the bell for you .,DO,PD,THROW,DRAW,A,THE,to,for,-40.591339111328125,"[-2.7554379, -7.9134016, -9.550346, -2.21427, -7.818512, -3.4999356, -5.932355, -0.9070829]"
an actor threw it a chocolate .,the father drew you the bell .,DO,DO,THROW,DRAW,A,THE,to,for,-40.57932662963867,"[-2.7554379, -7.9134016, -9.550346, -7.390654, -3.3065329, -8.591093, -1.0718637]"
an actor threw it a coffee .,the guy delivered the juice for us .,DO,PD,THROW,DELIVER,A,THE,to,for,-37.51122283935547,"[-2.7846503, -7.564446, -9.259625, -1.8511935, -8.85808, -4.165249, -2.4152665, -0.61271447]"
an actor threw it a coffee .,the guy delivered us the juice .,DO,DO,THROW,DELIVER,A,THE,to,for,-35.237674713134766,"[-2.7846503, -7.564446, -9.259625, -4.9824667, -2.4187376, -7.6376324, -0.59011793]"
an actor threw it a meal .,the bishop kept the card for him .,DO,PD,THROW,KEEP,A,THE,to,for,-38.979068756103516,"[-2.8033485, -10.023771, -8.714602, -3.0009785, -5.583398, -4.1357803, -3.6950564, -1.022132]"
an actor threw it a meal .,the bishop kept him the card .,DO,DO,THROW,KEEP,A,THE,to,for,-41.59661865234375,"[-2.8033485, -10.023771, -8.714602, -4.954649, -6.850191, -6.847269, -1.4027874]"
an actor threw me a coffee .,the chief supplied the anchor to you .,DO,PD,THROW,SUPPLY,A,THE,to,to,-47.95671844482422,"[-2.8267047, -7.8599, -14.308895, -2.9620585, -9.360864, -2.1636777, -7.581696, -0.89292145]"
an actor threw me a coffee .,the chief supplied you the anchor .,DO,DO,THROW,SUPPLY,A,THE,to,to,-50.951194763183594,"[-2.8267047, -7.8599, -14.308895, -6.2610583, -5.7456675, -10.83423, -3.114736]"
an actor threw me a flower .,the worker purchased the tea for you .,DO,PD,THROW,PURCHASE,A,THE,to,for,-41.89282989501953,"[-2.8305974, -9.792131, -9.866853, -1.453421, -7.169679, -3.1602829, -6.6749682, -0.9448985]"
an actor threw me a flower .,the worker purchased you the tea .,DO,DO,THROW,PURCHASE,A,THE,to,for,-42.352272033691406,"[-2.8305974, -9.792131, -9.866853, -8.489267, -3.9023194, -6.284644, -1.1864587]"
an actor threw us a beer .,the cop made the card for you .,DO,PD,THROW,MAKE,A,THE,to,for,-37.13665771484375,"[-2.8395944, -10.132308, -5.288452, -2.7406135, -8.530964, -4.1070213, -2.7264652, -0.77124053]"
an actor threw us a beer .,the cop made you the card .,DO,DO,THROW,MAKE,A,THE,to,for,-38.38747787475586,"[-2.8395944, -10.132308, -5.288452, -4.791265, -6.240333, -8.0102005, -1.085323]"
an actor threw you a chocolate .,the hero delivered the salad for us .,DO,PD,THROW,DELIVER,A,THE,to,for,-42.05130386352539,"[-2.8020015, -9.2709465, -10.075792, -1.6338983, -10.760342, -3.8304899, -2.983745, -0.69408935]"
an actor threw you a chocolate .,the hero delivered us the salad .,DO,DO,THROW,DELIVER,A,THE,to,for,-38.16743469238281,"[-2.8020015, -9.2709465, -10.075792, -4.578483, -2.3929324, -8.27706, -0.77021986]"
an actor threw you a computer .,the teacher promised the bag to her .,DO,PD,THROW,PROMISE,A,THE,to,to,-37.01129150390625,"[-2.7872794, -9.15894, -8.141344, -3.5745358, -8.082203, -2.227087, -1.7202785, -1.3196275]"
an actor threw you a computer .,the teacher promised her the bag .,DO,DO,THROW,PROMISE,A,THE,to,to,-35.04066467285156,"[-2.7872794, -9.15894, -8.141344, -2.989555, -3.0413384, -7.3700027, -1.552208]"
an actor threw you a flower .,the brother sent the television to me .,DO,PD,THROW,SEND,A,THE,to,to,-39.24712371826172,"[-2.8566322, -9.57361, -8.313841, -3.303845, -9.919791, -2.2299147, -2.0539122, -0.99557686]"
an actor threw you a flower .,the brother sent me the television .,DO,DO,THROW,SEND,A,THE,to,to,-36.17066192626953,"[-2.8566322, -9.57361, -8.313841, -1.1363053, -2.757051, -10.237322, -1.2958975]"
an actor took a box to them .,the employer caught the cup for us .,PD,PD,TAKE,CATCH,A,THE,to,for,-43.77225112915039,"[-2.5962684, -10.248919, -8.34189, -1.86221, -9.919386, -4.3487253, -5.7088165, -0.7460357]"
an actor took a box to them .,the employer caught us the cup .,PD,DO,TAKE,CATCH,A,THE,to,for,-46.726600646972656,"[-2.5962684, -10.248919, -8.34189, -6.5844927, -5.4444604, -12.413157, -1.0974121]"
an actor took a box to you .,the buddy supplied the tea to me .,PD,PD,TAKE,SUPPLY,A,THE,to,to,-42.930335998535156,"[-2.5955503, -12.979816, -11.874044, -1.4440134, -8.81902, -2.5428991, -1.8162954, -0.85869634]"
an actor took a box to you .,the buddy supplied me the tea .,PD,DO,TAKE,SUPPLY,A,THE,to,to,-42.442901611328125,"[-2.5955503, -12.979816, -11.874044, -2.8756988, -2.902317, -7.898738, -1.3167332]"
an actor took a hat to it .,the administration designed the bag for her .,PD,PD,TAKE,DESIGN,A,THE,to,for,-41.460960388183594,"[-2.6380246, -8.36113, -10.902084, -0.6899421, -8.821922, -2.4807951, -5.825112, -1.7419521]"
an actor took a hat to it .,the administration designed her the bag .,PD,DO,TAKE,DESIGN,A,THE,to,for,-45.07440185546875,"[-2.6380246, -8.36113, -10.902084, -6.7653923, -4.574672, -10.241663, -1.5914321]"
an actor took a hat to me .,the leader found the tea for him .,PD,PD,TAKE,FIND,A,THE,to,for,-39.053985595703125,"[-2.6684258, -7.329021, -9.0312605, -1.8334272, -9.026418, -4.758027, -3.7811835, -0.6262217]"
an actor took a hat to me .,the leader found him the tea .,PD,DO,TAKE,FIND,A,THE,to,for,-38.89711380004883,"[-2.6684258, -7.329021, -9.0312605, -5.4499435, -3.7784142, -9.840468, -0.79958]"
an actor took a hat to us .,the priest purchased the meal for them .,PD,PD,TAKE,PURCHASE,A,THE,to,for,-41.23841857910156,"[-2.669027, -10.344992, -11.386622, -1.1460366, -7.4566326, -2.354154, -4.7136292, -1.1673214]"
an actor took a hat to us .,the priest purchased them the meal .,PD,DO,TAKE,PURCHASE,A,THE,to,for,-46.362586975097656,"[-2.669027, -10.344992, -11.386622, -6.022572, -5.491672, -8.812914, -1.6347919]"
an actor took a key to you .,the champion drew the knife for us .,PD,PD,TAKE,DRAW,A,THE,to,for,-41.94534683227539,"[-2.6486425, -10.27552, -10.066432, -2.192246, -7.198991, -4.278889, -4.6457477, -0.63887686]"
an actor took a key to you .,the champion drew us the knife .,PD,DO,TAKE,DRAW,A,THE,to,for,-41.90357971191406,"[-2.6486425, -10.27552, -10.066432, -7.2770066, -3.3151958, -7.3933754, -0.92740625]"
an actor took an engine to me .,the captain gave the coffee to us .,PD,PD,TAKE,GIVE,A,THE,to,to,-34.91740417480469,"[-2.6824598, -8.627144, -6.2830825, -1.8720746, -9.802241, -0.7103405, -4.09559, -0.8444712]"
an actor took an engine to me .,the captain gave us the coffee .,PD,DO,TAKE,GIVE,A,THE,to,to,-33.117088317871094,"[-2.6824598, -8.627144, -6.2830825, -3.670957, -1.7776868, -8.835098, -1.2406598]"
an actor took an engine to us .,the sheriff showed the bowl to me .,PD,PD,TAKE,SHOW,A,THE,to,to,-37.287017822265625,"[-2.6892524, -9.098312, -8.287849, -2.6500092, -10.338982, -1.0704811, -2.3531942, -0.7989357]"
an actor took an engine to us .,the sheriff showed me the bowl .,PD,DO,TAKE,SHOW,A,THE,to,to,-34.17033386230469,"[-2.6892524, -9.098312, -8.287849, -1.8833895, -1.5871419, -9.116026, -1.5083605]"
an actor took an iron to him .,the candidate got the beer for you .,PD,PD,TAKE,GET,A,THE,to,for,-38.55702209472656,"[-2.6834333, -9.533394, -6.937438, -2.8286219, -8.4317, -3.6745508, -3.8865547, -0.5813273]"
an actor took an iron to him .,the candidate got you the beer .,PD,DO,TAKE,GET,A,THE,to,for,-38.24113464355469,"[-2.6834333, -9.533394, -6.937438, -7.414274, -3.538436, -7.3303823, -0.80377436]"
an actor took an iron to him .,the opponent sold the salad to you .,PD,PD,TAKE,SELL,A,THE,to,to,-42.758583068847656,"[-2.6834333, -10.301062, -9.014448, -1.9415914, -11.463237, -1.2953519, -5.4149656, -0.6444956]"
an actor took an iron to him .,the opponent sold you the salad .,PD,DO,TAKE,SELL,A,THE,to,to,-40.842041015625,"[-2.6834333, -10.301062, -9.014448, -4.6160583, -2.6371102, -10.613018, -0.976912]"
an actor took an iron to me .,the worker caught the camera for you .,PD,PD,TAKE,CATCH,A,THE,to,for,-36.92759704589844,"[-2.6697178, -9.8558235, -6.326989, -2.002892, -4.5754466, -4.391035, -6.2366023, -0.86908835]"
an actor took an iron to me .,the worker caught you the camera .,PD,DO,TAKE,CATCH,A,THE,to,for,-39.41059112548828,"[-2.6697178, -9.8558235, -6.326989, -6.29886, -6.341716, -6.681642, -1.2358434]"
an actor took him an iron .,the candidate got the beer for you .,DO,PD,TAKE,GET,A,THE,to,for,-40.258216857910156,"[-2.754086, -9.480334, -6.874005, -3.167385, -8.179951, -3.9924862, -5.0363483, -0.7736207]"
an actor took him an iron .,the candidate got you the beer .,DO,DO,TAKE,GET,A,THE,to,for,-36.86030960083008,"[-2.754086, -9.480334, -6.874005, -7.004424, -2.9768028, -6.8810577, -0.8895991]"
an actor took him an iron .,the opponent sold the salad to you .,DO,PD,TAKE,SELL,A,THE,to,to,-42.97767639160156,"[-2.754086, -10.262809, -8.77078, -2.169651, -10.9441395, -1.9226298, -5.3522143, -0.80136687]"
an actor took him an iron .,the opponent sold you the salad .,DO,DO,TAKE,SELL,A,THE,to,to,-40.06404113769531,"[-2.754086, -10.262809, -8.77078, -4.2514324, -2.7400396, -10.217698, -1.067198]"
an actor took it a hat .,the administration designed the bag for her .,DO,PD,TAKE,DESIGN,A,THE,to,for,-41.5496940612793,"[-2.7031977, -8.520774, -10.888899, -0.79055405, -9.043303, -2.3258016, -5.5952873, -1.6818782]"
an actor took it a hat .,the administration designed her the bag .,DO,DO,TAKE,DESIGN,A,THE,to,for,-44.20820999145508,"[-2.7031977, -8.520774, -10.888899, -6.3789053, -4.413458, -9.938659, -1.364318]"
an actor took me a hat .,the leader found the tea for him .,DO,PD,TAKE,FIND,A,THE,to,for,-39.50303649902344,"[-2.7305346, -7.371898, -8.64698, -2.1880975, -9.092617, -4.8315344, -3.7206006, -0.92077315]"
an actor took me a hat .,the leader found him the tea .,DO,DO,TAKE,FIND,A,THE,to,for,-36.83111572265625,"[-2.7305346, -7.371898, -8.64698, -4.7200313, -3.4585528, -9.116331, -0.7867874]"
an actor took me an engine .,the captain gave the coffee to us .,DO,PD,TAKE,GIVE,A,THE,to,to,-37.1171760559082,"[-2.7461662, -8.646364, -6.015959, -2.4291801, -9.817787, -1.7584305, -4.5211253, -1.1821643]"
an actor took me an engine .,the captain gave us the coffee .,DO,DO,TAKE,GIVE,A,THE,to,to,-32.648216247558594,"[-2.7461662, -8.646364, -6.015959, -2.9694958, -1.9623625, -9.15144, -1.1564302]"
an actor took me an iron .,the worker caught the camera for you .,DO,PD,TAKE,CATCH,A,THE,to,for,-37.78086853027344,"[-2.7667906, -9.769897, -6.1419477, -2.1660392, -5.051421, -4.763204, -6.058786, -1.0627823]"
an actor took me an iron .,the worker caught you the camera .,DO,DO,TAKE,CATCH,A,THE,to,for,-37.80248260498047,"[-2.7667906, -9.769897, -6.1419477, -5.405841, -5.9135613, -6.4534483, -1.3509954]"
an actor took them a box .,the employer caught the cup for us .,DO,PD,TAKE,CATCH,A,THE,to,for,-45.4862060546875,"[-2.675043, -10.055939, -8.252859, -2.1586843, -10.025663, -4.7551656, -6.6238275, -0.9390236]"
an actor took them a box .,the employer caught us the cup .,DO,DO,TAKE,CATCH,A,THE,to,for,-42.006927490234375,"[-2.675043, -10.055939, -8.252859, -5.5646567, -4.893195, -9.5866165, -0.9786174]"
an actor took us a hat .,the priest purchased the meal for them .,DO,PD,TAKE,PURCHASE,A,THE,to,for,-41.60844039916992,"[-2.7339222, -10.39231, -10.955423, -1.3452325, -7.587816, -2.2954957, -4.8816175, -1.4166228]"
an actor took us a hat .,the priest purchased them the meal .,DO,DO,TAKE,PURCHASE,A,THE,to,for,-45.493595123291016,"[-2.7339222, -10.39231, -10.955423, -5.8694997, -5.2454557, -8.681783, -1.6152022]"
an actor took us an engine .,the sheriff showed the bowl to me .,DO,PD,TAKE,SHOW,A,THE,to,to,-40.40335464477539,"[-2.7074213, -9.146059, -8.48003, -2.9116416, -10.571608, -2.272529, -2.9975371, -1.3165294]"
an actor took us an engine .,the sheriff showed me the bowl .,DO,DO,TAKE,SHOW,A,THE,to,to,-34.35459899902344,"[-2.7074213, -9.146059, -8.48003, -1.7255664, -1.9741689, -8.928692, -1.3926653]"
an actor took you a box .,the buddy supplied the tea to me .,DO,PD,TAKE,SUPPLY,A,THE,to,to,-43.133827209472656,"[-2.6721704, -12.470585, -11.208302, -1.8301551, -9.084571, -3.3261447, -1.5735394, -0.9683616]"
an actor took you a box .,the buddy supplied me the tea .,DO,DO,TAKE,SUPPLY,A,THE,to,to,-40.933414459228516,"[-2.6721704, -12.470585, -11.208302, -2.4191387, -2.7639601, -8.225, -1.1742597]"
an actor took you a key .,the champion drew the knife for us .,DO,PD,TAKE,DRAW,A,THE,to,for,-42.496456146240234,"[-2.644938, -10.161129, -9.448181, -2.2397318, -6.6248255, -4.71747, -5.9578037, -0.70237726]"
an actor took you a key .,the champion drew us the knife .,DO,DO,TAKE,DRAW,A,THE,to,for,-39.3204460144043,"[-2.644938, -10.161129, -9.448181, -6.7028885, -2.6317728, -6.958004, -0.7735322]"
an actress bought a camera for me .,the guy supplied the coffee to you .,PD,PD,BUY,SUPPLY,A,THE,for,to,-39.47584915161133,"[-2.790768, -7.780982, -11.273457, -1.4981401, -6.9989886, -3.7115304, -4.7950373, -0.6269476]"
an actress bought a camera for me .,the guy supplied you the coffee .,PD,DO,BUY,SUPPLY,A,THE,for,to,-38.126197814941406,"[-2.790768, -7.780982, -11.273457, -4.549588, -4.258661, -6.560854, -0.9118894]"
an actress bought a camera for them .,the aunt saved the meal for you .,PD,PD,BUY,SAVE,A,THE,for,for,-44.87434387207031,"[-2.8105378, -10.674133, -13.116204, -1.6540269, -10.186004, -0.59579366, -5.273078, -0.5645643]"
an actress bought a camera for them .,the aunt saved you the meal .,PD,DO,BUY,SAVE,A,THE,for,for,-49.67315673828125,"[-2.8105378, -10.674133, -13.116204, -6.497243, -3.4237247, -12.1840725, -0.9672413]"
an actress bought a chicken for you .,the singer found the log for him .,PD,PD,BUY,FIND,A,THE,for,for,-39.746925354003906,"[-2.795748, -7.9203877, -6.6911144, -3.011548, -10.592325, -3.443513, -3.096005, -2.1962814]"
an actress bought a chicken for you .,the singer found him the log .,PD,DO,BUY,FIND,A,THE,for,for,-40.81210708618164,"[-2.795748, -7.9203877, -6.6911144, -5.3582783, -4.6571493, -11.216204, -2.1732252]"
an actress bought a chicken for you .,the nurse got the beer for me .,PD,PD,BUY,GET,A,THE,for,for,-36.26754379272461,"[-2.795748, -9.819635, -6.5509367, -2.7750409, -7.7170596, -2.8782115, -3.0467577, -0.6841554]"
an actress bought a chicken for you .,the nurse got me the beer .,PD,DO,BUY,GET,A,THE,for,for,-35.06995391845703,"[-2.795748, -9.819635, -6.5509367, -5.064164, -3.4812503, -6.42381, -0.93441045]"
an actress bought a coffee for them .,the boy left the bag for me .,PD,PD,BUY,LEAVE,A,THE,for,for,-32.42809295654297,"[-2.8220918, -7.541376, -6.100301, -1.6449742, -7.36544, -2.7839303, -3.1178849, -1.0520966]"
an actress bought a coffee for them .,the boy left me the bag .,PD,DO,BUY,LEAVE,A,THE,for,for,-33.3936653137207,"[-2.8220918, -7.541376, -6.100301, -5.2242684, -4.0077634, -6.277356, -1.4205093]"
an actress bought a glass for me .,the opponent showed the coffee to us .,PD,PD,BUY,SHOW,A,THE,for,to,-41.8921012878418,"[-2.7929173, -10.342593, -7.0426292, -3.3054352, -10.863746, -3.2727537, -3.3425217, -0.9295061]"
an actress bought a glass for me .,the opponent showed us the coffee .,PD,DO,BUY,SHOW,A,THE,for,to,-38.793304443359375,"[-2.7929173, -10.342593, -7.0426292, -4.472267, -2.0175495, -10.2357025, -1.8896439]"
an actress bought a glass for us .,the mother sent the juice to you .,PD,PD,BUY,SEND,A,THE,for,to,-38.26020050048828,"[-2.8146353, -6.8694854, -7.5360117, -2.3285713, -10.285301, -1.0117998, -6.607618, -0.806781]"
an actress bought a glass for us .,the mother sent you the juice .,PD,DO,BUY,SEND,A,THE,for,to,-36.62462615966797,"[-2.8146353, -6.8694854, -7.5360117, -6.614002, -2.792768, -8.722444, -1.2752818]"
an actress bought a juice for them .,the husband kept the salad for you .,PD,PD,BUY,KEEP,A,THE,for,for,-39.63468933105469,"[-2.835567, -8.329466, -8.377601, -2.5678673, -8.025757, -2.6351235, -6.148975, -0.7143321]"
an actress bought a juice for them .,the husband kept you the salad .,PD,DO,BUY,KEEP,A,THE,for,for,-44.129669189453125,"[-2.835567, -8.329466, -8.377601, -7.47176, -6.714898, -9.063248, -1.3371295]"
an actress bought a tea for me .,the candidate threw the jacket to us .,PD,PD,BUY,THROW,A,THE,for,to,-43.91632080078125,"[-2.7966075, -9.153457, -8.248526, -3.119228, -8.8225765, -4.5020976, -6.3071613, -0.9666692]"
an actress bought a tea for me .,the candidate threw us the jacket .,PD,DO,BUY,THROW,A,THE,for,to,-42.10881042480469,"[-2.7966075, -9.153457, -8.248526, -8.479335, -2.990542, -9.1075325, -1.3328127]"
an actress bought me a camera .,the guy supplied the coffee to you .,DO,PD,BUY,SUPPLY,A,THE,for,to,-40.23993682861328,"[-2.8174465, -7.6405663, -11.180829, -2.075564, -6.95684, -4.1991467, -4.670303, -0.6992407]"
an actress bought me a camera .,the guy supplied you the coffee .,DO,DO,BUY,SUPPLY,A,THE,for,to,-37.21526336669922,"[-2.8174465, -7.6405663, -11.180829, -4.2357793, -4.361434, -6.2190204, -0.76018625]"
an actress bought me a glass .,the opponent showed the coffee to us .,DO,PD,BUY,SHOW,A,THE,for,to,-43.209285736083984,"[-2.8145068, -10.338984, -6.9818106, -3.6849618, -10.938946, -3.9472127, -3.507015, -0.9958489]"
an actress bought me a glass .,the opponent showed us the coffee .,DO,DO,BUY,SHOW,A,THE,for,to,-38.14149475097656,"[-2.8145068, -10.338984, -6.9818106, -4.0313745, -2.213784, -10.331588, -1.429451]"
an actress bought me a tea .,the candidate threw the jacket to us .,DO,PD,BUY,THROW,A,THE,for,to,-45.09394073486328,"[-2.7996092, -9.424384, -8.119318, -3.329482, -8.965789, -4.762102, -6.502715, -1.1905378]"
an actress bought me a tea .,the candidate threw us the jacket .,DO,DO,BUY,THROW,A,THE,for,to,-41.8453483581543,"[-2.7996092, -9.424384, -8.119318, -7.1144447, -3.5022357, -9.911083, -0.9742731]"
an actress bought them a camera .,the aunt saved the meal for you .,DO,PD,BUY,SAVE,A,THE,for,for,-46.948638916015625,"[-2.8406603, -10.685265, -12.865626, -2.2000794, -10.408108, -1.1424102, -6.1767273, -0.6297599]"
an actress bought them a camera .,the aunt saved you the meal .,DO,DO,BUY,SAVE,A,THE,for,for,-47.37371063232422,"[-2.8406603, -10.685265, -12.865626, -6.4943185, -2.8270063, -10.807424, -0.8534111]"
an actress bought them a coffee .,the boy left the bag for me .,DO,PD,BUY,LEAVE,A,THE,for,for,-33.61935043334961,"[-2.8376944, -7.559315, -5.94324, -1.8309275, -7.579837, -3.3875508, -3.2252874, -1.255497]"
an actress bought them a coffee .,the boy left me the bag .,DO,DO,BUY,LEAVE,A,THE,for,for,-32.31431579589844,"[-2.8376944, -7.559315, -5.94324, -4.5912395, -3.651925, -6.572064, -1.1588354]"
an actress bought them a juice .,the husband kept the salad for you .,DO,PD,BUY,KEEP,A,THE,for,for,-42.86600112915039,"[-2.8589642, -8.289516, -7.8910375, -3.2924001, -8.592364, -3.5929787, -7.53644, -0.8123029]"
an actress bought them a juice .,the husband kept you the salad .,DO,DO,BUY,KEEP,A,THE,for,for,-42.66168212890625,"[-2.8589642, -8.289516, -7.8910375, -7.754387, -7.076098, -7.783914, -1.0077666]"
an actress bought us a glass .,the mother sent the juice to you .,DO,PD,BUY,SEND,A,THE,for,to,-39.93964767456055,"[-2.8152552, -6.8426113, -7.5045586, -2.8758655, -10.646464, -1.1639326, -7.29623, -0.7947277]"
an actress bought us a glass .,the mother sent you the juice .,DO,DO,BUY,SEND,A,THE,for,to,-36.115352630615234,"[-2.8152552, -6.8426113, -7.5045586, -6.263185, -2.9240627, -8.86174, -0.9039414]"
an actress bought you a chicken .,the singer found the log for him .,DO,PD,BUY,FIND,A,THE,for,for,-42.97456359863281,"[-2.80503, -7.842409, -6.660445, -3.1989195, -11.573542, -4.648698, -4.1072116, -2.1383107]"
an actress bought you a chicken .,the singer found him the log .,DO,DO,BUY,FIND,A,THE,for,for,-42.241943359375,"[-2.80503, -7.842409, -6.660445, -4.8554525, -4.811268, -12.340999, -2.9263394]"
an actress bought you a chicken .,the nurse got the beer for me .,DO,PD,BUY,GET,A,THE,for,for,-37.04502868652344,"[-2.80503, -9.954464, -6.230506, -2.6662984, -7.85791, -4.454305, -2.4169092, -0.65960556]"
an actress bought you a chicken .,the nurse got me the beer .,DO,DO,BUY,GET,A,THE,for,for,-33.74644470214844,"[-2.80503, -9.954464, -6.230506, -3.8254209, -3.7871082, -6.5126925, -0.6312254]"
an actress brought a newspaper to you .,the adult gave the coffee to me .,PD,PD,BRING,GIVE,A,THE,to,to,-37.389068603515625,"[-2.6845698, -9.78402, -9.137815, -2.4541473, -8.703255, -0.94952315, -2.9229212, -0.7528162]"
an actress brought a newspaper to you .,the adult gave me the coffee .,PD,DO,BRING,GIVE,A,THE,to,to,-34.13524627685547,"[-2.6845698, -9.78402, -9.137815, -2.1987066, -2.2939463, -7.009953, -1.0262338]"
an actress brought a salad to it .,the buddy delivered the bowl for you .,PD,PD,BRING,DELIVER,A,THE,to,for,-45.033416748046875,"[-2.7718325, -12.506176, -11.243161, -2.1787908, -8.05924, -4.0960526, -3.5283742, -0.6497887]"
an actress brought a salad to it .,the buddy delivered you the bowl .,PD,DO,BRING,DELIVER,A,THE,to,for,-43.679141998291016,"[-2.7718325, -12.506176, -11.243161, -5.946109, -2.5321872, -7.426366, -1.253311]"
an actress brought a television to him .,the professor made the wire for you .,PD,PD,BRING,MAKE,A,THE,to,for,-41.74470901489258,"[-2.778532, -8.391569, -5.2330856, -2.4126973, -11.89246, -4.3924, -5.70525, -0.93871605]"
an actress brought a television to him .,the professor made you the wire .,PD,DO,BRING,MAKE,A,THE,to,for,-41.799137115478516,"[-2.778532, -8.391569, -5.2330856, -7.322593, -5.1262774, -11.871745, -1.0753355]"
an actress brought a television to me .,the band designed the bell for him .,PD,PD,BRING,DESIGN,A,THE,to,for,-38.258819580078125,"[-2.7627697, -7.5287337, -9.107398, -1.1466138, -9.154896, -3.0762901, -4.443528, -1.0385884]"
an actress brought a television to me .,the band designed him the bell .,PD,DO,BRING,DESIGN,A,THE,to,for,-42.48713302612305,"[-2.7627697, -7.5287337, -9.107398, -7.2134533, -4.8715014, -9.6596155, -1.3436605]"
an actress brought him a television .,the professor made the wire for you .,DO,PD,BRING,MAKE,A,THE,to,for,-41.595001220703125,"[-2.809994, -8.47159, -5.270018, -2.3979225, -11.253421, -4.311902, -6.207169, -0.87298536]"
an actress brought him a television .,the professor made you the wire .,DO,DO,BRING,MAKE,A,THE,to,for,-40.78139877319336,"[-2.809994, -8.47159, -5.270018, -6.868844, -4.8543406, -11.466196, -1.0404174]"
an actress brought it a salad .,the buddy delivered the bowl for you .,DO,PD,BRING,DELIVER,A,THE,to,for,-45.30455017089844,"[-2.7582939, -12.391853, -11.180437, -2.4731994, -8.3903885, -3.7315843, -3.7236195, -0.6551731]"
an actress brought it a salad .,the buddy delivered you the bowl .,DO,DO,BRING,DELIVER,A,THE,to,for,-43.22024917602539,"[-2.7582939, -12.391853, -11.180437, -5.766207, -2.4874663, -7.6285205, -1.0074711]"
an actress brought me a television .,the band designed the bell for him .,DO,PD,BRING,DESIGN,A,THE,to,for,-38.70185852050781,"[-2.8135831, -7.462973, -8.835487, -1.2216913, -9.42407, -3.250687, -4.4797597, -1.2136087]"
an actress brought me a television .,the band designed him the bell .,DO,DO,BRING,DESIGN,A,THE,to,for,-41.69514083862305,"[-2.8135831, -7.462973, -8.835487, -6.4126177, -5.004757, -10.081007, -1.0847149]"
an actress brought you a newspaper .,the adult gave the coffee to me .,DO,PD,BRING,GIVE,A,THE,to,to,-38.42180633544922,"[-2.741304, -9.675512, -9.345655, -2.8434906, -8.721713, -1.5736802, -2.6301587, -0.8902941]"
an actress brought you a newspaper .,the adult gave me the coffee .,DO,DO,BRING,GIVE,A,THE,to,to,-33.16071701049805,"[-2.741304, -9.675512, -9.345655, -1.4369782, -2.3221612, -6.620368, -1.0187383]"
an actress caught a cigarette for you .,the professor got the cheese for me .,PD,PD,CATCH,GET,A,THE,for,for,-39.53848648071289,"[-2.835235, -8.948948, -6.939461, -3.1416924, -10.09126, -2.4957428, -4.508651, -0.5774967]"
an actress caught a cigarette for you .,the professor got me the cheese .,PD,DO,CATCH,GET,A,THE,for,for,-37.439334869384766,"[-2.835235, -8.948948, -6.939461, -5.063195, -3.1580627, -9.263857, -1.2305762]"
an actress caught a cigarette for you .,the woman made the hat for it .,PD,PD,CATCH,MAKE,A,THE,for,for,-39.346595764160156,"[-2.835235, -6.4363356, -7.706024, -2.1404662, -9.30571, -3.0424793, -6.9382915, -0.94205296]"
an actress caught a cigarette for you .,the woman made it the hat .,PD,DO,CATCH,MAKE,A,THE,for,for,-40.06349182128906,"[-2.835235, -6.4363356, -7.706024, -3.2370353, -6.7576065, -9.035645, -4.055608]"
an actress caught a cup for him .,the scientist made the motor for us .,PD,PD,CATCH,MAKE,A,THE,for,for,-45.273521423339844,"[-2.8283138, -9.702526, -6.0845547, -1.7730929, -12.294486, -3.824839, -7.5692058, -1.1965048]"
an actress caught a cup for him .,the scientist made us the motor .,PD,DO,CATCH,MAKE,A,THE,for,for,-46.03146743774414,"[-2.8283138, -9.702526, -6.0845547, -8.270959, -4.6931467, -11.554758, -2.8972106]"
an actress caught a cup for me .,the son gave the glass to them .,PD,PD,CATCH,GIVE,A,THE,for,to,-39.80597686767578,"[-2.815227, -7.788128, -8.917606, -2.5714846, -9.261307, -0.9203614, -6.622043, -0.9098183]"
an actress caught a cup for me .,the son gave them the glass .,PD,DO,CATCH,GIVE,A,THE,for,to,-35.440032958984375,"[-2.815227, -7.788128, -8.917606, -5.00045, -2.329776, -7.057598, -1.5312468]"
an actress caught a guitar for him .,the employer sent the flower to you .,PD,PD,CATCH,SEND,A,THE,for,to,-41.510292053222656,"[-2.8533528, -10.032921, -7.6525273, -2.713458, -10.290718, -1.6844513, -5.1902876, -1.0925783]"
an actress caught a guitar for him .,the employer sent you the flower .,PD,DO,CATCH,SEND,A,THE,for,to,-40.1431999206543,"[-2.8533528, -10.032921, -7.6525273, -4.740905, -2.9028006, -10.262343, -1.6983509]"
an actress caught a guitar for you .,the mother brought the coffee to it .,PD,PD,CATCH,BRING,A,THE,for,to,-38.48811721801758,"[-2.8126261, -6.9596605, -9.808874, -2.4011989, -7.2529798, -1.5804706, -6.9202766, -0.75202924]"
an actress caught a guitar for you .,the mother brought it the coffee .,PD,DO,CATCH,BRING,A,THE,for,to,-38.444766998291016,"[-2.8126261, -6.9596605, -9.808874, -3.70048, -6.8134665, -7.417525, -0.93213403]"
an actress caught a log for her .,the bishop brought the pie to you .,PD,PD,CATCH,BRING,A,THE,for,to,-41.530296325683594,"[-2.7935147, -10.0486555, -8.711823, -2.0356076, -9.466756, -0.99121255, -6.6516657, -0.83106184]"
an actress caught a log for her .,the bishop brought you the pie .,PD,DO,CATCH,BRING,A,THE,for,to,-40.039756774902344,"[-2.7935147, -10.0486555, -8.711823, -5.645093, -1.8743433, -9.924094, -1.0422348]"
an actress caught a log for us .,the husband left the telephone for you .,PD,PD,CATCH,LEAVE,A,THE,for,for,-38.369781494140625,"[-2.8053162, -8.452555, -7.0327716, -1.7477181, -7.730321, -3.092754, -6.7712393, -0.7371071]"
an actress caught a log for us .,the husband left you the telephone .,PD,DO,CATCH,LEAVE,A,THE,for,for,-39.05901336669922,"[-2.8053162, -8.452555, -7.0327716, -6.7109737, -4.0135117, -8.033836, -2.010048]"
an actress caught a log for you .,the hero found the flower for me .,PD,PD,CATCH,FIND,A,THE,for,for,-36.33844757080078,"[-2.7751026, -9.540632, -5.7862077, -2.243274, -7.6694293, -4.275793, -3.3647761, -0.68322945]"
an actress caught a log for you .,the hero found me the flower .,PD,DO,CATCH,FIND,A,THE,for,for,-38.81951904296875,"[-2.7751026, -9.540632, -5.7862077, -7.0254107, -3.6224422, -8.243551, -1.8261708]"
an actress caught a log for you .,the leader showed the instrument to them .,PD,PD,CATCH,SHOW,A,THE,for,to,-44.92510986328125,"[-2.7751026, -7.2223563, -13.447073, -2.4797134, -9.682692, -1.6650249, -6.617365, -1.0357804]"
an actress caught a log for you .,the leader showed them the instrument .,PD,DO,CATCH,SHOW,A,THE,for,to,-42.39461135864258,"[-2.7751026, -7.2223563, -13.447073, -5.8939667, -1.8765975, -9.524841, -1.6546723]"
an actress caught her a log .,the bishop brought the pie to you .,DO,PD,CATCH,BRING,A,THE,for,to,-42.04261016845703,"[-2.71819, -10.293818, -8.856543, -1.9876976, -9.5600395, -0.9660744, -6.9160523, -0.7441944]"
an actress caught her a log .,the bishop brought you the pie .,DO,DO,CATCH,BRING,A,THE,for,to,-40.050968170166016,"[-2.71819, -10.293818, -8.856543, -5.626131, -1.7841477, -9.985324, -0.786817]"
an actress caught him a cup .,the scientist made the motor for us .,DO,PD,CATCH,MAKE,A,THE,for,for,-46.05284881591797,"[-2.7999249, -9.78816, -6.012107, -1.8501378, -12.252152, -4.071656, -8.018215, -1.2604971]"
an actress caught him a cup .,the scientist made us the motor .,DO,DO,CATCH,MAKE,A,THE,for,for,-42.518211364746094,"[-2.7999249, -9.78816, -6.012107, -7.8255663, -3.4382882, -10.793635, -1.8605332]"
an actress caught him a guitar .,the employer sent the flower to you .,DO,PD,CATCH,SEND,A,THE,for,to,-42.614341735839844,"[-2.845719, -10.130354, -7.7143364, -2.6632578, -10.489785, -1.517139, -6.0808587, -1.1728903]"
an actress caught him a guitar .,the employer sent you the flower .,DO,DO,CATCH,SEND,A,THE,for,to,-39.80146026611328,"[-2.845719, -10.130354, -7.7143364, -4.7401752, -2.7660322, -10.180527, -1.4243141]"
an actress caught me a cup .,the son gave the glass to them .,DO,PD,CATCH,GIVE,A,THE,for,to,-40.375240325927734,"[-2.7722843, -7.922363, -8.718588, -2.756194, -9.180208, -1.1629195, -6.8975782, -0.96510315]"
an actress caught me a cup .,the son gave them the glass .,DO,DO,CATCH,GIVE,A,THE,for,to,-34.035308837890625,"[-2.7722843, -7.922363, -8.718588, -5.0468225, -2.5666783, -5.952705, -1.0558685]"
an actress caught us a log .,the husband left the telephone for you .,DO,PD,CATCH,LEAVE,A,THE,for,for,-40.23853302001953,"[-2.798994, -8.561996, -6.970358, -1.897669, -7.8771462, -3.6177435, -7.552987, -0.9616382]"
an actress caught us a log .,the husband left you the telephone .,DO,DO,CATCH,LEAVE,A,THE,for,for,-37.10004425048828,"[-2.798994, -8.561996, -6.970358, -6.312557, -3.5165973, -7.541423, -1.3981192]"
an actress caught you a cigarette .,the professor got the cheese for me .,DO,PD,CATCH,GET,A,THE,for,for,-42.33077621459961,"[-2.7759645, -8.964376, -6.6506004, -3.2531962, -10.667769, -4.1740174, -5.1537423, -0.69110876]"
an actress caught you a cigarette .,the professor got me the cheese .,DO,DO,CATCH,GET,A,THE,for,for,-36.10379409790039,"[-2.7759645, -8.964376, -6.6506004, -4.872542, -3.0196075, -8.866132, -0.95456976]"
an actress caught you a cigarette .,the woman made the hat for it .,DO,PD,CATCH,MAKE,A,THE,for,for,-41.590736389160156,"[-2.7759645, -6.3847136, -7.65635, -2.3533292, -9.822599, -4.469308, -7.1983356, -0.930137]"
an actress caught you a cigarette .,the woman made it the hat .,DO,DO,CATCH,MAKE,A,THE,for,for,-39.29371643066406,"[-2.7759645, -6.3847136, -7.65635, -3.6502442, -6.8751364, -8.637465, -3.3138416]"
an actress caught you a guitar .,the mother brought the coffee to it .,DO,PD,CATCH,BRING,A,THE,for,to,-39.274879455566406,"[-2.7918558, -6.9628806, -9.897537, -2.3046875, -7.6255293, -1.2161276, -7.5771666, -0.8990985]"
an actress caught you a guitar .,the mother brought it the coffee .,DO,DO,CATCH,BRING,A,THE,for,to,-38.30623245239258,"[-2.7918558, -6.9628806, -9.897537, -3.857006, -6.831193, -7.081281, -0.88447964]"
an actress caught you a log .,the hero found the flower for me .,DO,PD,CATCH,FIND,A,THE,for,for,-39.02140808105469,"[-2.71759, -9.336334, -5.8857255, -2.5250127, -7.8299327, -4.9577165, -4.8240576, -0.9450383]"
an actress caught you a log .,the hero found me the flower .,DO,DO,CATCH,FIND,A,THE,for,for,-37.74677276611328,"[-2.71759, -9.336334, -5.8857255, -6.985977, -2.752946, -8.692778, -1.3754196]"
an actress caught you a log .,the leader showed the instrument to them .,DO,PD,CATCH,SHOW,A,THE,for,to,-46.32147216796875,"[-2.71759, -7.221682, -14.248381, -2.5245478, -10.008459, -1.5981216, -6.8571506, -1.1455431]"
an actress caught you a log .,the leader showed them the instrument .,DO,DO,CATCH,SHOW,A,THE,for,to,-42.924476623535156,"[-2.71759, -7.221682, -14.248381, -5.9641933, -1.7345622, -9.526173, -1.5118957]"
an actress designed a box for us .,the reader sold the coffee to you .,PD,PD,DESIGN,SELL,A,THE,for,to,-41.34044647216797,"[-2.772719, -8.979637, -11.1089, -2.5342302, -8.649793, -3.0058784, -3.744679, -0.54461175]"
an actress designed a box for us .,the reader sold you the coffee .,PD,DO,DESIGN,SELL,A,THE,for,to,-39.69440841674805,"[-2.772719, -8.979637, -11.1089, -4.9329596, -3.238249, -7.7471876, -0.91475475]"
an actress designed a box for you .,the guy drew the iron for us .,PD,PD,DESIGN,DRAW,A,THE,for,for,-39.57289505004883,"[-2.7632763, -7.946234, -9.110253, -2.2768698, -8.613122, -5.1919436, -3.0626392, -0.6085571]"
an actress designed a box for you .,the guy drew us the iron .,PD,DO,DESIGN,DRAW,A,THE,for,for,-40.02975845336914,"[-2.7632763, -7.946234, -9.110253, -5.4580736, -3.3736343, -9.16353, -2.2147586]"
an actress designed a button for it .,the physician drew the bottle for you .,PD,PD,DESIGN,DRAW,A,THE,for,for,-42.7312126159668,"[-2.8203137, -10.6206665, -7.7095375, -3.1109276, -8.668276, -4.0283146, -5.1719213, -0.6012559]"
an actress designed a button for it .,the physician drew you the bottle .,PD,DO,DESIGN,DRAW,A,THE,for,for,-43.36444091796875,"[-2.8203137, -10.6206665, -7.7095375, -8.496256, -4.5978627, -7.7231627, -1.3966429]"
an actress designed a coat for it .,the guest caught the hat for us .,PD,PD,DESIGN,CATCH,A,THE,for,for,-45.89787292480469,"[-2.8036406, -9.621412, -10.292497, -1.9735903, -8.323821, -6.2455907, -5.4341383, -1.2031825]"
an actress designed a coat for it .,the guest caught us the hat .,PD,DO,DESIGN,CATCH,A,THE,for,for,-46.84190368652344,"[-2.8036406, -9.621412, -10.292497, -3.5979905, -6.78376, -9.533518, -4.2090845]"
an actress designed a coat for us .,the cop delivered the key for you .,PD,PD,DESIGN,DELIVER,A,THE,for,for,-38.31086730957031,"[-2.80595, -10.165848, -9.813194, -2.0165255, -5.744162, -3.821995, -3.3189893, -0.6242043]"
an actress designed a coat for us .,the cop delivered you the key .,PD,DO,DESIGN,DELIVER,A,THE,for,for,-38.1793212890625,"[-2.80595, -10.165848, -9.813194, -5.5587206, -2.4679835, -5.6446834, -1.7229396]"
an actress designed a coat for you .,the cop found the pie for me .,PD,PD,DESIGN,FIND,A,THE,for,for,-39.63745880126953,"[-2.821637, -10.2726755, -6.1662703, -2.0143452, -10.283812, -4.354143, -2.94409, -0.78048605]"
an actress designed a coat for you .,the cop found me the pie .,PD,DO,DESIGN,FIND,A,THE,for,for,-41.879295349121094,"[-2.821637, -10.2726755, -6.1662703, -6.029582, -4.663549, -10.749895, -1.1756834]"
an actress designed a coat for you .,the sheriff showed the bowl to me .,PD,PD,DESIGN,SHOW,A,THE,for,to,-40.733970642089844,"[-2.821637, -8.781034, -8.748732, -3.2012143, -10.532309, -2.6514053, -2.6363494, -1.3612928]"
an actress designed a coat for you .,the sheriff showed me the bowl .,PD,DO,DESIGN,SHOW,A,THE,for,to,-36.068721771240234,"[-2.821637, -8.781034, -8.748732, -2.559773, -1.9586704, -9.330704, -1.8681705]"
an actress designed a cup for us .,the president caught the coat for her .,PD,PD,DESIGN,CATCH,A,THE,for,for,-41.83203887939453,"[-2.7856023, -6.661455, -9.78171, -2.3109882, -10.421245, -3.7220788, -4.3708477, -1.7781091]"
an actress designed a cup for us .,the president caught her the coat .,PD,DO,DESIGN,CATCH,A,THE,for,for,-44.2952995300293,"[-2.7856023, -6.661455, -9.78171, -4.044881, -6.6716743, -12.557849, -1.7921318]"
an actress designed a gun for us .,the employee threw the tea to you .,PD,PD,DESIGN,THROW,A,THE,for,to,-40.714149475097656,"[-2.7675838, -9.493282, -8.078194, -1.9996359, -7.318496, -3.8718836, -6.483593, -0.7014798]"
an actress designed a gun for us .,the employee threw you the tea .,PD,DO,DESIGN,THROW,A,THE,for,to,-40.772300720214844,"[-2.7675838, -9.493282, -8.078194, -7.5145226, -3.1715827, -8.720882, -1.0262535]"
an actress designed a gun for you .,the singer kept the button for them .,PD,PD,DESIGN,KEEP,A,THE,for,for,-43.07255172729492,"[-2.7705479, -8.158488, -8.292101, -3.2753997, -8.451735, -4.338415, -6.8249764, -0.96088934]"
an actress designed a gun for you .,the singer kept them the button .,PD,DO,DESIGN,KEEP,A,THE,for,for,-46.11479949951172,"[-2.7705479, -8.158488, -8.292101, -6.511369, -6.318823, -11.714042, -2.34943]"
an actress designed it a button .,the physician drew the bottle for you .,DO,PD,DESIGN,DRAW,A,THE,for,for,-43.997230529785156,"[-2.7804713, -10.621397, -7.822215, -2.9276419, -8.219548, -4.69581, -6.171042, -0.7591071]"
an actress designed it a button .,the physician drew you the bottle .,DO,DO,DESIGN,DRAW,A,THE,for,for,-41.27363586425781,"[-2.7804713, -10.621397, -7.822215, -8.2461405, -4.0696783, -6.6235857, -1.110145]"
an actress designed it a coat .,the guest caught the hat for us .,DO,PD,DESIGN,CATCH,A,THE,for,for,-45.15582275390625,"[-2.8284729, -9.683764, -10.313005, -2.038084, -8.0692625, -5.071812, -5.340207, -1.8112123]"
an actress designed it a coat .,the guest caught us the hat .,DO,DO,DESIGN,CATCH,A,THE,for,for,-43.27991485595703,"[-2.8284729, -9.683764, -10.313005, -3.8564196, -6.3123655, -8.302691, -1.9831969]"
an actress designed us a box .,the reader sold the coffee to you .,DO,PD,DESIGN,SELL,A,THE,for,to,-42.13737487792969,"[-2.8063164, -8.81868, -11.0557995, -2.3730412, -9.174093, -3.311588, -4.0353937, -0.5624631]"
an actress designed us a box .,the reader sold you the coffee .,DO,DO,DESIGN,SELL,A,THE,for,to,-37.98202896118164,"[-2.8063164, -8.81868, -11.0557995, -4.5942717, -3.19554, -6.982097, -0.52932495]"
an actress designed us a coat .,the cop delivered the key for you .,DO,PD,DESIGN,DELIVER,A,THE,for,for,-40.177188873291016,"[-2.8398817, -10.218927, -9.833361, -2.2171721, -5.799296, -4.01649, -4.4372253, -0.8148351]"
an actress designed us a coat .,the cop delivered you the key .,DO,DO,DESIGN,DELIVER,A,THE,for,for,-37.842491149902344,"[-2.8398817, -10.218927, -9.833361, -5.185045, -2.6734967, -5.7821903, -1.3095906]"
an actress designed us a cup .,the president caught the coat for her .,DO,PD,DESIGN,CATCH,A,THE,for,for,-43.68135452270508,"[-2.8204386, -6.71322, -9.672606, -2.5082295, -10.1410475, -4.3550887, -4.725662, -2.7450616]"
an actress designed us a cup .,the president caught her the coat .,DO,DO,DESIGN,CATCH,A,THE,for,for,-43.738006591796875,"[-2.8204386, -6.71322, -9.672606, -3.9662583, -6.6626616, -12.435143, -1.467682]"
an actress designed us a gun .,the employee threw the tea to you .,DO,PD,DESIGN,THROW,A,THE,for,to,-40.841163635253906,"[-2.8177013, -9.469178, -8.102182, -2.0540555, -7.309449, -3.9309096, -6.2745304, -0.8831568]"
an actress designed us a gun .,the employee threw you the tea .,DO,DO,DESIGN,THROW,A,THE,for,to,-39.63710403442383,"[-2.8177013, -9.469178, -8.102182, -6.9533796, -2.9468918, -8.467321, -0.88044876]"
an actress designed you a box .,the guy drew the iron for us .,DO,PD,DESIGN,DRAW,A,THE,for,for,-41.1773681640625,"[-2.7935336, -8.004543, -8.891324, -2.4518237, -8.506266, -6.023396, -3.7231646, -0.78331614]"
an actress designed you a box .,the guy drew us the iron .,DO,DO,DESIGN,DRAW,A,THE,for,for,-38.90869140625,"[-2.7935336, -8.004543, -8.891324, -4.7734485, -3.28906, -9.512633, -1.6441482]"
an actress designed you a coat .,the cop found the pie for me .,DO,PD,DESIGN,FIND,A,THE,for,for,-40.8712043762207,"[-2.853014, -10.2118435, -6.386187, -2.0949492, -10.043093, -5.000275, -3.3261547, -0.955688]"
an actress designed you a coat .,the cop found me the pie .,DO,DO,DESIGN,FIND,A,THE,for,for,-41.7064208984375,"[-2.853014, -10.2118435, -6.386187, -5.565909, -4.6092944, -11.195019, -0.88515556]"
an actress designed you a coat .,the sheriff showed the bowl to me .,DO,PD,DESIGN,SHOW,A,THE,for,to,-41.57680892944336,"[-2.853014, -8.8099575, -8.504403, -3.5149388, -10.313365, -2.8133874, -3.4900768, -1.2776659]"
an actress designed you a coat .,the sheriff showed me the bowl .,DO,DO,DESIGN,SHOW,A,THE,for,to,-35.227760314941406,"[-2.853014, -8.8099575, -8.504403, -2.5692477, -2.0170622, -8.960247, -1.5138282]"
an actress designed you a gun .,the singer kept the button for them .,DO,PD,DESIGN,KEEP,A,THE,for,for,-45.08869171142578,"[-2.8272674, -7.994695, -7.9832525, -3.7657073, -8.335136, -4.901089, -7.768235, -1.5133097]"
an actress designed you a gun .,the singer kept them the button .,DO,DO,DESIGN,KEEP,A,THE,for,for,-45.486942291259766,"[-2.8272674, -7.994695, -7.9832525, -6.904913, -6.8545914, -10.983061, -1.9391615]"
an actress drew a bell for me .,the aunt left the cigarette for us .,PD,PD,DRAW,LEAVE,A,THE,for,for,-41.553897857666016,"[-2.8063898, -11.046892, -8.074386, -2.0021095, -8.728571, -4.2762413, -3.8295438, -0.7897646]"
an actress drew a bell for me .,the aunt left us the cigarette .,PD,DO,DRAW,LEAVE,A,THE,for,for,-40.17347717285156,"[-2.8063898, -11.046892, -8.074386, -3.0939217, -3.94597, -9.249062, -1.9568577]"
an actress drew a bell for us .,the manager took the bottle to him .,PD,PD,DRAW,TAKE,A,THE,for,to,-34.785945892333984,"[-2.8081622, -8.724028, -5.5297384, -2.2128677, -7.4684577, -2.3414292, -4.6498456, -1.0514168]"
an actress drew a bell for us .,the manager took him the bottle .,PD,DO,DRAW,TAKE,A,THE,for,to,-38.5474853515625,"[-2.8081622, -8.724028, -5.5297384, -4.379877, -6.7134533, -8.425617, -1.9666079]"
an actress drew a machine for me .,the hero purchased the cheese for her .,PD,PD,DRAW,PURCHASE,A,THE,for,for,-41.83151626586914,"[-2.7985835, -9.403584, -11.12328, -1.8320463, -9.364111, -2.4784598, -2.8092294, -2.0222213]"
an actress drew a machine for me .,the hero purchased her the cheese .,PD,DO,DRAW,PURCHASE,A,THE,for,for,-42.557342529296875,"[-2.7985835, -9.403584, -11.12328, -3.769183, -4.620549, -8.927534, -1.9146304]"
an actress drew a machine for me .,the cop saved the beer for us .,PD,PD,DRAW,SAVE,A,THE,for,for,-39.318138122558594,"[-2.7985835, -10.054602, -8.474603, -1.9094938, -10.118063, -2.3551142, -3.0684457, -0.5392344]"
an actress drew a machine for me .,the cop saved us the beer .,PD,DO,DRAW,SAVE,A,THE,for,for,-41.37494659423828,"[-2.7985835, -10.054602, -8.474603, -3.5399833, -4.6213126, -11.046001, -0.8398601]"
an actress drew a telephone for him .,the partner sold the coffee to you .,PD,PD,DRAW,SELL,A,THE,for,to,-41.80558776855469,"[-2.8552382, -10.237831, -8.052783, -1.720251, -8.217781, -2.3626142, -7.310035, -1.0490526]"
an actress drew a telephone for him .,the partner sold you the coffee .,PD,DO,DRAW,SELL,A,THE,for,to,-38.7307243347168,"[-2.8552382, -10.237831, -8.052783, -6.366852, -2.6228595, -7.1634297, -1.4317318]"
an actress drew a telephone for me .,the singer found the log for him .,PD,PD,DRAW,FIND,A,THE,for,for,-40.07443618774414,"[-2.842792, -7.954561, -7.060026, -2.9584925, -9.831473, -3.9847093, -3.4890034, -1.9533772]"
an actress drew a telephone for me .,the singer found him the log .,PD,DO,DRAW,FIND,A,THE,for,for,-40.44036865234375,"[-2.842792, -7.954561, -7.060026, -5.08282, -4.50535, -10.286797, -2.7080216]"
an actress drew him a telephone .,the partner sold the coffee to you .,DO,PD,DRAW,SELL,A,THE,for,to,-42.911319732666016,"[-2.8265946, -10.323558, -8.268161, -1.6401252, -8.593264, -2.1842484, -8.065773, -1.0095975]"
an actress drew him a telephone .,the partner sold you the coffee .,DO,DO,DRAW,SELL,A,THE,for,to,-39.25847625732422,"[-2.8265946, -10.323558, -8.268161, -6.7433977, -2.4458406, -7.513178, -1.1377482]"
an actress drew me a bell .,the aunt left the cigarette for us .,DO,PD,DRAW,LEAVE,A,THE,for,for,-42.52787780761719,"[-2.8379776, -11.078299, -7.6162744, -2.2795882, -8.553992, -5.008706, -3.974465, -1.1785774]"
an actress drew me a bell .,the aunt left us the cigarette .,DO,DO,DRAW,LEAVE,A,THE,for,for,-36.98914337158203,"[-2.8379776, -11.078299, -7.6162744, -2.8105626, -3.318637, -7.676935, -1.6504598]"
an actress drew me a machine .,the hero purchased the cheese for her .,DO,PD,DRAW,PURCHASE,A,THE,for,for,-43.220787048339844,"[-2.8184993, -9.366869, -11.154751, -1.9511403, -9.444939, -3.095852, -2.835658, -2.5530772]"
an actress drew me a machine .,the hero purchased her the cheese .,DO,DO,DRAW,PURCHASE,A,THE,for,for,-42.08037185668945,"[-2.8184993, -9.366869, -11.154751, -3.5702477, -4.2546177, -9.198359, -1.7170299]"
an actress drew me a machine .,the cop saved the beer for us .,DO,PD,DRAW,SAVE,A,THE,for,for,-41.23677062988281,"[-2.8184993, -10.104664, -8.455831, -2.1756556, -9.966733, -3.4185104, -3.6013682, -0.6955089]"
an actress drew me a machine .,the cop saved us the beer .,DO,DO,DRAW,SAVE,A,THE,for,for,-39.753116607666016,"[-2.8184993, -10.104664, -8.455831, -3.4869416, -4.145233, -9.967824, -0.7741234]"
an actress drew me a telephone .,the singer found the log for him .,DO,PD,DRAW,FIND,A,THE,for,for,-42.410316467285156,"[-2.8619695, -7.975427, -7.1429033, -3.1798356, -9.799517, -5.073303, -4.0698757, -2.3074853]"
an actress drew me a telephone .,the singer found him the log .,DO,DO,DRAW,FIND,A,THE,for,for,-38.40493392944336,"[-2.8619695, -7.975427, -7.1429033, -4.6303205, -4.027446, -9.64069, -2.1261775]"
an actress drew us a bell .,the manager took the bottle to him .,DO,PD,DRAW,TAKE,A,THE,for,to,-35.92288589477539,"[-2.7889907, -8.753645, -5.7319536, -2.3416157, -7.885912, -2.46915, -4.8299055, -1.1217122]"
an actress drew us a bell .,the manager took him the bottle .,DO,DO,DRAW,TAKE,A,THE,for,to,-37.63772201538086,"[-2.7889907, -8.753645, -5.7319536, -4.40131, -6.154169, -8.012943, -1.7947099]"
an actress fed a chicken to him .,the friend bought the beer for you .,PD,PD,FEED,BUY,A,THE,to,for,-38.54318618774414,"[-2.7794664, -9.834459, -8.23326, -2.0252123, -5.907051, -2.6716485, -6.3424597, -0.7496283]"
an actress fed a chicken to him .,the friend bought you the beer .,PD,DO,FEED,BUY,A,THE,to,for,-36.63514709472656,"[-2.7794664, -9.834459, -8.23326, -5.9259577, -3.4463558, -5.2331, -1.1825471]"
an actress fed a chocolate to you .,the colonel delivered the coffee for me .,PD,PD,FEED,DELIVER,A,THE,to,for,-40.835723876953125,"[-2.7596145, -11.246217, -9.101452, -1.6700307, -9.238151, -4.0836744, -1.9433155, -0.79327106]"
an actress fed a chocolate to you .,the colonel delivered me the coffee .,PD,DO,FEED,DELIVER,A,THE,to,for,-38.87755584716797,"[-2.7596145, -11.246217, -9.101452, -6.1958885, -2.483093, -6.1542478, -0.9370438]"
an actress fed a pie to you .,the secretary delivered the book for them .,PD,PD,FEED,DELIVER,A,THE,to,for,-44.41592025756836,"[-2.7736592, -8.815483, -12.3093195, -1.9549141, -8.189088, -4.02775, -5.3094287, -1.0362781]"
an actress fed a pie to you .,the secretary delivered them the book .,PD,DO,FEED,DELIVER,A,THE,to,for,-42.15998077392578,"[-2.7736592, -8.815483, -12.3093195, -7.792059, -3.4768758, -6.033593, -0.95899045]"
an actress fed him a chicken .,the friend bought the beer for you .,DO,PD,FEED,BUY,A,THE,to,for,-39.18970489501953,"[-2.7900667, -9.754318, -8.199455, -2.241432, -6.0463476, -2.8691354, -6.6027865, -0.686162]"
an actress fed him a chicken .,the friend bought you the beer .,DO,DO,FEED,BUY,A,THE,to,for,-36.06768798828125,"[-2.7900667, -9.754318, -8.199455, -5.4420156, -3.9429407, -5.1425705, -0.7963186]"
an actress fed you a chocolate .,the colonel delivered the coffee for me .,DO,PD,FEED,DELIVER,A,THE,to,for,-40.462158203125,"[-2.725825, -11.314299, -8.953233, -1.8065329, -8.749133, -4.056093, -2.1997766, -0.65726465]"
an actress fed you a chocolate .,the colonel delivered me the coffee .,DO,DO,FEED,DELIVER,A,THE,to,for,-36.31166076660156,"[-2.725825, -11.314299, -8.953233, -4.5619364, -2.5958383, -5.582866, -0.57766265]"
an actress fed you a pie .,the secretary delivered the book for them .,DO,PD,FEED,DELIVER,A,THE,to,for,-43.8359375,"[-2.7717588, -9.031927, -11.589218, -1.9653103, -7.863778, -4.011814, -5.549711, -1.0524198]"
an actress fed you a pie .,the secretary delivered them the book .,DO,DO,FEED,DELIVER,A,THE,to,for,-40.84888458251953,"[-2.7717588, -9.031927, -11.589218, -7.005939, -3.4170442, -6.2152147, -0.81778246]"
an actress found a bottle for them .,the king delivered the plate for us .,PD,PD,FIND,DELIVER,A,THE,for,for,-39.765411376953125,"[-2.7478096, -8.24627, -9.673577, -1.999395, -11.137768, -2.887393, -2.3419595, -0.73123795]"
an actress found a bottle for them .,the king delivered us the plate .,PD,DO,FIND,DELIVER,A,THE,for,for,-40.8487434387207,"[-2.7478096, -8.24627, -9.673577, -6.585071, -2.2861829, -9.940724, -1.3691074]"
an actress found a bottle for you .,the priest purchased the meal for them .,PD,PD,FIND,PURCHASE,A,THE,for,for,-38.07780456542969,"[-2.7145848, -10.003725, -10.757513, -1.3142042, -6.207827, -1.43202, -4.5209017, -1.1270281]"
an actress found a bottle for you .,the priest purchased them the meal .,PD,DO,FIND,PURCHASE,A,THE,for,for,-45.733551025390625,"[-2.7145848, -10.003725, -10.757513, -6.229926, -5.708302, -8.456467, -1.8630327]"
an actress found a cigarette for me .,the doctor kept the juice for you .,PD,PD,FIND,KEEP,A,THE,for,for,-38.52099609375,"[-2.743429, -8.132943, -7.3444076, -3.043142, -8.140327, -2.6686285, -5.8752923, -0.5728229]"
an actress found a cigarette for me .,the doctor kept you the juice .,PD,DO,FIND,KEEP,A,THE,for,for,-42.557411193847656,"[-2.743429, -8.132943, -7.3444076, -6.9589376, -6.5758657, -9.629984, -1.1718421]"
an actress found a hat for it .,the opponent took the engine to you .,PD,PD,FIND,TAKE,A,THE,for,to,-42.53269958496094,"[-2.7220788, -10.531775, -6.5932193, -1.4612353, -10.2466545, -2.8078904, -7.3275247, -0.8423181]"
an actress found a hat for it .,the opponent took you the engine .,PD,DO,FIND,TAKE,A,THE,for,to,-45.32196044921875,"[-2.7220788, -10.531775, -6.5932193, -6.9003744, -6.448234, -10.8061, -1.320176]"
an actress found a hat for them .,the girl drew the instrument for us .,PD,PD,FIND,DRAW,A,THE,for,for,-39.79961013793945,"[-2.75075, -7.6118026, -7.9396563, -2.2682538, -10.419003, -2.6086674, -5.4518857, -0.74959135]"
an actress found a hat for them .,the girl drew us the instrument .,PD,DO,FIND,DRAW,A,THE,for,for,-41.46076202392578,"[-2.75075, -7.6118026, -7.9396563, -6.6729226, -3.8449342, -10.788649, -1.852047]"
an actress found a hat for them .,the nurse threw the engine to us .,PD,PD,FIND,THROW,A,THE,for,to,-46.311031341552734,"[-2.75075, -9.979841, -8.45335, -1.6813656, -10.875999, -3.5838711, -8.114004, -0.8718506]"
an actress found a hat for them .,the nurse threw us the engine .,PD,DO,FIND,THROW,A,THE,for,to,-45.99058532714844,"[-2.75075, -9.979841, -8.45335, -8.053192, -2.8396745, -12.6899, -1.2238786]"
an actress found a hat for you .,the child supplied the cheese to him .,PD,PD,FIND,SUPPLY,A,THE,for,to,-41.06128692626953,"[-2.731749, -8.250547, -11.539257, -1.5136236, -7.7827463, -2.8848176, -5.612016, -0.7465306]"
an actress found a hat for you .,the child supplied him the cheese .,PD,DO,FIND,SUPPLY,A,THE,for,to,-39.279502868652344,"[-2.731749, -8.250547, -11.539257, -6.0609937, -2.9621007, -6.6770134, -1.0578444]"
an actress found a log for them .,the boy fed the chicken to you .,PD,PD,FIND,FEED,A,THE,for,to,-39.25328063964844,"[-2.7127528, -7.654106, -11.31196, -1.4469601, -5.3142633, -2.2106209, -7.8302503, -0.77236813]"
an actress found a log for them .,the boy fed you the chicken .,PD,DO,FIND,FEED,A,THE,for,to,-38.960960388183594,"[-2.7127528, -7.654106, -11.31196, -6.255321, -3.3085003, -6.3339972, -1.3843218]"
an actress found a log for us .,the minister took the box to her .,PD,PD,FIND,TAKE,A,THE,for,to,-38.54852294921875,"[-2.7172954, -8.963995, -6.9233675, -1.8097451, -8.652084, -2.3867753, -3.1601417, -3.9351187]"
an actress found a log for us .,the minister took her the box .,PD,DO,FIND,TAKE,A,THE,for,to,-40.16038513183594,"[-2.7172954, -8.963995, -6.9233675, -4.0619955, -6.6752033, -8.986625, -1.8319048]"
an actress found a pie for me .,the reader sold the coffee to you .,PD,PD,FIND,SELL,A,THE,for,to,-41.41643524169922,"[-2.7195377, -9.005383, -11.104641, -2.0972373, -8.4180355, -3.09146, -4.4975376, -0.48260015]"
an actress found a pie for me .,the reader sold you the coffee .,PD,DO,FIND,SELL,A,THE,for,to,-39.305442810058594,"[-2.7195377, -9.005383, -11.104641, -5.3600893, -3.0366693, -7.3316545, -0.7474706]"
an actress found a pie for us .,the parent fed the chocolate to him .,PD,PD,FIND,FEED,A,THE,for,to,-41.49476623535156,"[-2.733645, -8.956699, -11.824422, -1.6857102, -8.416735, -2.4463618, -4.6908793, -0.7403121]"
an actress found a pie for us .,the parent fed him the chocolate .,PD,DO,FIND,FEED,A,THE,for,to,-37.6693115234375,"[-2.733645, -8.956699, -11.824422, -4.523875, -3.0954897, -5.3397856, -1.1953961]"
an actress found a pie for you .,the opponent saved the meal for them .,PD,PD,FIND,SAVE,A,THE,for,for,-42.879032135009766,"[-2.7199645, -10.7060585, -10.745329, -1.3057214, -11.043446, -1.4847358, -4.3692083, -0.5045693]"
an actress found a pie for you .,the opponent saved them the meal .,PD,DO,FIND,SAVE,A,THE,for,for,-45.37575912475586,"[-2.7199645, -10.7060585, -10.745329, -5.605604, -4.314699, -10.5211935, -0.7629093]"
an actress found a salad for you .,the cop threw the pie to it .,PD,PD,FIND,THROW,A,THE,for,to,-43.30202102661133,"[-2.7427905, -10.18121, -8.5833025, -1.9724597, -8.061607, -4.2708807, -6.682707, -0.8070632]"
an actress found a salad for you .,the cop threw it the pie .,PD,DO,FIND,THROW,A,THE,for,to,-45.556434631347656,"[-2.7427905, -10.18121, -8.5833025, -5.01068, -6.4213533, -11.835935, -0.78116405]"
an actress found it a hat .,the opponent took the engine to you .,DO,PD,FIND,TAKE,A,THE,for,to,-41.90440368652344,"[-2.6713166, -10.629566, -6.297735, -1.3249012, -10.158441, -3.2316418, -6.7866907, -0.804109]"
an actress found it a hat .,the opponent took you the engine .,DO,DO,FIND,TAKE,A,THE,for,to,-45.01905822753906,"[-2.6713166, -10.629566, -6.297735, -6.2572293, -6.306158, -11.838346, -1.018709]"
an actress found me a cigarette .,the doctor kept the juice for you .,DO,PD,FIND,KEEP,A,THE,for,for,-41.835205078125,"[-2.7695904, -8.125519, -6.8510637, -3.8109927, -8.401832, -4.2413774, -6.828906, -0.8059268]"
an actress found me a cigarette .,the doctor kept you the juice .,DO,DO,FIND,KEEP,A,THE,for,for,-41.511112213134766,"[-2.7695904, -8.125519, -6.8510637, -7.131142, -6.844674, -8.771476, -1.0176461]"
an actress found me a pie .,the reader sold the coffee to you .,DO,PD,FIND,SELL,A,THE,for,to,-42.028724670410156,"[-2.744157, -8.821144, -11.32571, -2.6380737, -8.162054, -3.3217895, -4.474122, -0.54167664]"
an actress found me a pie .,the reader sold you the coffee .,DO,DO,FIND,SELL,A,THE,for,to,-37.75133514404297,"[-2.744157, -8.821144, -11.32571, -4.621917, -3.7162447, -6.0150948, -0.50706947]"
an actress found them a bottle .,the king delivered the plate for us .,DO,PD,FIND,DELIVER,A,THE,for,for,-42.05064392089844,"[-2.770822, -8.223318, -9.235884, -2.007416, -11.3259735, -4.1814575, -3.5087197, -0.79705036]"
an actress found them a bottle .,the king delivered us the plate .,DO,DO,FIND,DELIVER,A,THE,for,for,-39.510650634765625,"[-2.770822, -8.223318, -9.235884, -6.5319605, -2.0444522, -9.7084675, -0.99574757]"
an actress found them a hat .,the girl drew the instrument for us .,DO,PD,FIND,DRAW,A,THE,for,for,-41.259708404541016,"[-2.74877, -7.6327133, -8.134396, -2.1798115, -10.2565, -3.4701023, -5.994276, -0.8431392]"
an actress found them a hat .,the girl drew us the instrument .,DO,DO,FIND,DRAW,A,THE,for,for,-40.39363479614258,"[-2.74877, -7.6327133, -8.134396, -5.7518263, -3.2841916, -11.006172, -1.8355633]"
an actress found them a hat .,the nurse threw the engine to us .,DO,PD,FIND,THROW,A,THE,for,to,-46.32016372680664,"[-2.74877, -10.080088, -8.546954, -2.0789785, -10.541224, -3.871326, -7.6548, -0.7980235]"
an actress found them a hat .,the nurse threw us the engine .,DO,DO,FIND,THROW,A,THE,for,to,-45.493507385253906,"[-2.74877, -10.080088, -8.546954, -7.3702593, -2.5873337, -13.180003, -0.98010075]"
an actress found them a log .,the boy fed the chicken to you .,DO,PD,FIND,FEED,A,THE,for,to,-39.77439498901367,"[-2.7355437, -7.6607533, -11.077631, -1.5630898, -5.2201676, -2.566111, -8.124158, -0.82694054]"
an actress found them a log .,the boy fed you the chicken .,DO,DO,FIND,FEED,A,THE,for,to,-37.498878479003906,"[-2.7355437, -7.6607533, -11.077631, -5.6886754, -2.8187623, -6.2444572, -1.2730554]"
an actress found us a log .,the minister took the box to her .,DO,PD,FIND,TAKE,A,THE,for,to,-38.30840301513672,"[-2.7548091, -9.024914, -6.7578893, -1.9617292, -8.728693, -2.595157, -2.8296142, -3.655599]"
an actress found us a log .,the minister took her the box .,DO,DO,FIND,TAKE,A,THE,for,to,-38.64329528808594,"[-2.7548091, -9.024914, -6.7578893, -3.9348307, -6.5400496, -8.329188, -1.301613]"
an actress found us a pie .,the parent fed the chocolate to him .,DO,PD,FIND,FEED,A,THE,for,to,-42.141456604003906,"[-2.7785103, -8.916745, -11.737926, -1.8887802, -8.187414, -3.0737195, -4.807526, -0.75083715]"
an actress found us a pie .,the parent fed him the chocolate .,DO,DO,FIND,FEED,A,THE,for,to,-36.67559051513672,"[-2.7785103, -8.916745, -11.737926, -4.0021253, -3.387514, -4.827334, -1.025437]"
an actress found you a bottle .,the priest purchased the meal for them .,DO,PD,FIND,PURCHASE,A,THE,for,for,-40.64577102661133,"[-2.724917, -10.018731, -11.055656, -1.3701153, -6.571583, -2.3921075, -5.0868597, -1.4258018]"
an actress found you a bottle .,the priest purchased them the meal .,DO,DO,FIND,PURCHASE,A,THE,for,for,-44.72145080566406,"[-2.724917, -10.018731, -11.055656, -6.2346134, -5.3939652, -7.7316723, -1.5618943]"
an actress found you a hat .,the child supplied the cheese to him .,DO,PD,FIND,SUPPLY,A,THE,for,to,-39.49370574951172,"[-2.7134545, -8.224285, -11.439679, -1.2663383, -7.5287733, -2.826925, -4.7977247, -0.6965232]"
an actress found you a hat .,the child supplied him the cheese .,DO,DO,FIND,SUPPLY,A,THE,for,to,-38.28843688964844,"[-2.7134545, -8.224285, -11.439679, -5.5246916, -2.6362846, -6.866158, -0.8838858]"
an actress found you a pie .,the opponent saved the meal for them .,DO,PD,FIND,SAVE,A,THE,for,for,-42.645240783691406,"[-2.7211885, -10.622774, -10.488308, -1.3581017, -10.997176, -2.1104808, -3.7637367, -0.5834769]"
an actress found you a pie .,the opponent saved them the meal .,DO,DO,FIND,SAVE,A,THE,for,for,-43.70365524291992,"[-2.7211885, -10.622774, -10.488308, -5.017518, -4.2544193, -9.965382, -0.6340674]"
an actress found you a salad .,the cop threw the pie to it .,DO,PD,FIND,THROW,A,THE,for,to,-42.99885177612305,"[-2.7300305, -10.143712, -8.45499, -2.0404353, -8.046924, -4.209581, -6.498772, -0.87440646]"
an actress found you a salad .,the cop threw it the pie .,DO,DO,FIND,THROW,A,THE,for,to,-45.79499435424805,"[-2.7300305, -10.143712, -8.45499, -4.90097, -6.442769, -12.523296, -0.59922695]"
an actress gave a bell to it .,the child fed the candy to them .,PD,PD,GIVE,FEED,A,THE,to,to,-37.77408981323242,"[-2.7050998, -8.14744, -9.913975, -1.9128342, -6.6834188, -2.8361454, -4.750813, -0.8243643]"
an actress gave a bell to it .,the child fed them the candy .,PD,DO,GIVE,FEED,A,THE,to,to,-35.365535736083984,"[-2.7050998, -8.14744, -9.913975, -5.3368692, -2.9589396, -5.347888, -0.95532626]"
an actress gave a bell to you .,the teacher promised the candy to me .,PD,PD,GIVE,PROMISE,A,THE,to,to,-38.53094482421875,"[-2.7385347, -8.892525, -8.288657, -3.2069893, -9.448095, -1.7779554, -3.495707, -0.68248403]"
an actress gave a bell to you .,the teacher promised me the candy .,PD,DO,GIVE,PROMISE,A,THE,to,to,-35.24843978881836,"[-2.7385347, -8.892525, -8.288657, -3.063344, -3.0614207, -7.931576, -1.2723813]"
an actress gave a chocolate to me .,the champion designed the coat for you .,PD,PD,GIVE,DESIGN,A,THE,to,for,-43.06775665283203,"[-2.7028153, -10.211676, -10.776529, -1.394012, -9.036964, -2.3353658, -5.8092065, -0.80118495]"
an actress gave a chocolate to me .,the champion designed you the coat .,PD,DO,GIVE,DESIGN,A,THE,to,for,-46.68916320800781,"[-2.7028153, -10.211676, -10.776529, -7.106109, -4.644394, -9.914945, -1.3326954]"
an actress gave a chocolate to them .,the lawyer supplied the tea to it .,PD,PD,GIVE,SUPPLY,A,THE,to,to,-39.26342010498047,"[-2.7205307, -8.59886, -10.551086, -1.3761295, -8.498334, -0.83940804, -6.00369, -0.67538613]"
an actress gave a chocolate to them .,the lawyer supplied it the tea .,PD,DO,GIVE,SUPPLY,A,THE,to,to,-43.67778778076172,"[-2.7205307, -8.59886, -10.551086, -5.0480475, -6.8151217, -8.974812, -0.9693309]"
an actress gave it a bell .,the child fed the candy to them .,DO,PD,GIVE,FEED,A,THE,to,to,-40.63337326049805,"[-2.785029, -8.248823, -9.813518, -2.028723, -7.421137, -3.646425, -5.888003, -0.80171686]"
an actress gave it a bell .,the child fed them the candy .,DO,DO,GIVE,FEED,A,THE,to,to,-35.38928985595703,"[-2.785029, -8.248823, -9.813518, -4.7596226, -3.4294808, -5.4066796, -0.9461365]"
an actress gave me a chocolate .,the champion designed the coat for you .,DO,PD,GIVE,DESIGN,A,THE,to,for,-43.5134162902832,"[-2.7336512, -10.145127, -10.775737, -1.6189876, -9.138123, -2.3935878, -5.897407, -0.8107954]"
an actress gave me a chocolate .,the champion designed you the coat .,DO,DO,GIVE,DESIGN,A,THE,to,for,-46.54649353027344,"[-2.7336512, -10.145127, -10.775737, -6.490167, -5.0197134, -10.303332, -1.0787642]"
an actress gave them a chocolate .,the lawyer supplied the tea to it .,DO,PD,GIVE,SUPPLY,A,THE,to,to,-42.585323333740234,"[-2.7291353, -8.478585, -10.640311, -1.643369, -9.003787, -1.8020548, -7.3787003, -0.9093803]"
an actress gave them a chocolate .,the lawyer supplied it the tea .,DO,DO,GIVE,SUPPLY,A,THE,to,to,-43.347869873046875,"[-2.7291353, -8.478585, -10.640311, -4.9019537, -7.1471047, -8.708628, -0.74215007]"
an actress gave you a bell .,the teacher promised the candy to me .,DO,PD,GIVE,PROMISE,A,THE,to,to,-39.993186950683594,"[-2.719664, -8.966252, -8.053569, -3.3490562, -9.277928, -2.8212106, -4.0099387, -0.7955651]"
an actress gave you a bell .,the teacher promised me the candy .,DO,DO,GIVE,PROMISE,A,THE,to,to,-34.97111511230469,"[-2.719664, -8.966252, -8.053569, -2.7387075, -3.2233133, -8.103235, -1.1663731]"
an actress got a beer for her .,the secretary showed the tea to them .,PD,PD,GET,SHOW,A,THE,for,to,-43.64603805541992,"[-2.694779, -9.131489, -10.95285, -2.1580863, -8.777932, -2.9232717, -5.986208, -1.0214211]"
an actress got a beer for her .,the secretary showed them the tea .,PD,DO,GET,SHOW,A,THE,for,to,-38.633216857910156,"[-2.694779, -9.131489, -10.95285, -4.6559863, -1.7650032, -8.031507, -1.4016054]"
an actress got a beer for him .,the father sold the juice to you .,PD,PD,GET,SELL,A,THE,for,to,-44.972816467285156,"[-2.7067688, -7.2757235, -12.235949, -1.3731768, -11.592151, -1.1883918, -7.694316, -0.9063388]"
an actress got a beer for him .,the father sold you the juice .,PD,DO,GET,SELL,A,THE,for,to,-42.096923828125,"[-2.7067688, -7.2757235, -12.235949, -7.735509, -2.6077905, -8.369936, -1.1652457]"
an actress got a beer for me .,the club designed the flower for it .,PD,PD,GET,DESIGN,A,THE,for,for,-43.79109191894531,"[-2.6771345, -7.844005, -9.84181, -1.0726454, -10.545622, -2.777887, -6.19458, -2.8374078]"
an actress got a beer for me .,the club designed it the flower .,PD,DO,GET,DESIGN,A,THE,for,for,-46.486175537109375,"[-2.6771345, -7.844005, -9.84181, -3.759186, -6.5140553, -12.938316, -2.911669]"
an actress got a beer for me .,the girl fed the salad to you .,PD,PD,GET,FEED,A,THE,for,to,-40.36799621582031,"[-2.6771345, -7.4412327, -11.002829, -2.0166843, -8.503086, -2.2076836, -5.7274647, -0.79188]"
an actress got a beer for me .,the girl fed you the salad .,PD,DO,GET,FEED,A,THE,for,to,-36.31913757324219,"[-2.6771345, -7.4412327, -11.002829, -4.1802845, -2.7234883, -7.0341454, -1.2600229]"
an actress got a beer for me .,the secretary threw the book to us .,PD,PD,GET,THROW,A,THE,for,to,-40.988773345947266,"[-2.6771345, -9.191826, -11.93801, -2.7841806, -2.980577, -4.256521, -6.3773184, -0.7832048]"
an actress got a beer for me .,the secretary threw us the book .,PD,DO,GET,THROW,A,THE,for,to,-40.07508850097656,"[-2.6771345, -9.191826, -11.93801, -8.044934, -3.4254918, -3.8034997, -0.99418926]"
an actress got a beer for them .,the secretary brought the juice to her .,PD,PD,GET,BRING,A,THE,for,to,-42.28547668457031,"[-2.710841, -9.041627, -11.648045, -1.9488554, -11.636202, -1.0105501, -2.0902188, -2.199136]"
an actress got a beer for them .,the secretary brought her the juice .,PD,DO,GET,BRING,A,THE,for,to,-40.91924285888672,"[-2.710841, -9.041627, -11.648045, -3.0078678, -5.5937395, -8.015017, -0.9021054]"
an actress got a beer for them .,the colonel sold the flower to you .,PD,PD,GET,SELL,A,THE,for,to,-44.23473358154297,"[-2.710841, -11.1377945, -9.442873, -1.3936663, -9.176653, -1.3079473, -8.256963, -0.8079978]"
an actress got a beer for them .,the colonel sold you the flower .,PD,DO,GET,SELL,A,THE,for,to,-41.381568908691406,"[-2.710841, -11.1377945, -9.442873, -6.151868, -2.4260845, -8.229837, -1.2822692]"
an actress got a beer for us .,the author gave the chocolate to them .,PD,PD,GET,GIVE,A,THE,for,to,-39.485206604003906,"[-2.693881, -6.574706, -6.436845, -2.305272, -10.917968, -3.3682451, -6.23769, -0.95060027]"
an actress got a beer for us .,the author gave them the chocolate .,PD,DO,GET,GIVE,A,THE,for,to,-34.49287796020508,"[-2.693881, -6.574706, -6.436845, -5.9202604, -2.5564802, -9.015193, -1.2955128]"
an actress got a beer for you .,the president took the telephone to us .,PD,PD,GET,TAKE,A,THE,for,to,-36.765289306640625,"[-2.6716547, -6.3159757, -5.6341286, -1.9253652, -9.909332, -2.6546974, -6.33761, -1.316524]"
an actress got a beer for you .,the president took us the telephone .,PD,DO,GET,TAKE,A,THE,for,to,-39.548248291015625,"[-2.6716547, -6.3159757, -5.6341286, -6.7256947, -6.617766, -10.167028, -1.4160016]"
an actress got a log for me .,the professor purchased the beer for us .,PD,PD,GET,PURCHASE,A,THE,for,for,-38.02707290649414,"[-2.6900811, -8.917329, -11.184969, -1.8044443, -7.15888, -2.0404482, -3.480711, -0.75020826]"
an actress got a log for me .,the professor purchased us the beer .,PD,DO,GET,PURCHASE,A,THE,for,for,-41.89977264404297,"[-2.6900811, -8.917329, -11.184969, -8.072926, -3.5219288, -6.06688, -1.4456619]"
an actress got a log for me .,the princess delivered the candy for you .,PD,PD,GET,DELIVER,A,THE,for,for,-39.59124755859375,"[-2.6900811, -10.058257, -10.493155, -1.8783602, -8.107645, -2.7164583, -3.0844, -0.56288934]"
an actress got a log for me .,the princess delivered you the candy .,PD,DO,GET,DELIVER,A,THE,for,for,-39.54840850830078,"[-2.6900811, -10.058257, -10.493155, -6.206531, -2.4662242, -6.652655, -0.9815066]"
an actress got a log for them .,the leader kept the beer for you .,PD,PD,GET,KEEP,A,THE,for,for,-46.513427734375,"[-2.6977797, -7.447594, -15.868234, -2.6335225, -7.8410945, -3.5472674, -5.8499203, -0.6280133]"
an actress got a log for them .,the leader kept you the beer .,PD,DO,GET,KEEP,A,THE,for,for,-50.09618377685547,"[-2.6977797, -7.447594, -15.868234, -7.036945, -7.100454, -8.728818, -1.2163607]"
an actress got a log for us .,the boy gave the beer to them .,PD,PD,GET,GIVE,A,THE,for,to,-36.855316162109375,"[-2.7055564, -7.766926, -6.765194, -2.316616, -9.394871, -0.9281451, -6.11005, -0.86795807]"
an actress got a log for us .,the boy gave them the beer .,PD,DO,GET,GIVE,A,THE,for,to,-33.080989837646484,"[-2.7055564, -7.766926, -6.765194, -5.07664, -2.2251942, -7.4133716, -1.1281056]"
an actress got a pie for them .,the priest sold the wire to me .,PD,PD,GET,SELL,A,THE,for,to,-44.656959533691406,"[-2.7541625, -9.963011, -10.826816, -1.4867642, -11.085838, -1.7339063, -5.730718, -1.0757437]"
an actress got a pie for them .,the priest sold me the wire .,PD,DO,GET,SELL,A,THE,for,to,-43.22254943847656,"[-2.7541625, -9.963011, -10.826816, -5.5182047, -2.625403, -9.947972, -1.5869775]"
an actress got her a beer .,the secretary showed the tea to them .,DO,PD,GET,SHOW,A,THE,for,to,-44.404075622558594,"[-2.6854494, -9.181803, -11.118364, -2.5531325, -8.567016, -3.0661752, -6.2443056, -0.98783123]"
an actress got her a beer .,the secretary showed them the tea .,DO,DO,GET,SHOW,A,THE,for,to,-37.94647979736328,"[-2.6854494, -9.181803, -11.118364, -4.623504, -1.8361933, -7.562108, -0.939059]"
an actress got him a beer .,the father sold the juice to you .,DO,PD,GET,SELL,A,THE,for,to,-44.89154052734375,"[-2.7796564, -7.409585, -11.472645, -1.8303723, -11.497113, -1.1950945, -7.843336, -0.8637395]"
an actress got him a beer .,the father sold you the juice .,DO,DO,GET,SELL,A,THE,for,to,-40.22864532470703,"[-2.7796564, -7.409585, -11.472645, -7.098763, -2.9636307, -7.5891733, -0.91519254]"
an actress got me a beer .,the club designed the flower for it .,DO,PD,GET,DESIGN,A,THE,for,for,-44.2863883972168,"[-2.7430875, -7.922812, -9.586149, -1.2616131, -10.604797, -3.4691634, -5.944442, -2.7543244]"
an actress got me a beer .,the club designed it the flower .,DO,DO,GET,DESIGN,A,THE,for,for,-45.82061767578125,"[-2.7430875, -7.922812, -9.586149, -3.582517, -6.521629, -12.720206, -2.7442164]"
an actress got me a beer .,the girl fed the salad to you .,DO,PD,GET,FEED,A,THE,for,to,-42.448116302490234,"[-2.7430875, -7.5016623, -10.842792, -3.1537182, -8.674255, -2.5232944, -6.13556, -0.873747]"
an actress got me a beer .,the girl fed you the salad .,DO,DO,GET,FEED,A,THE,for,to,-36.18742370605469,"[-2.7430875, -7.5016623, -10.842792, -4.154233, -3.0569136, -6.814702, -1.074035]"
an actress got me a beer .,the secretary threw the book to us .,DO,PD,GET,THROW,A,THE,for,to,-41.506507873535156,"[-2.7430875, -9.173189, -11.742987, -3.084413, -3.247953, -4.0957575, -6.462064, -0.95705444]"
an actress got me a beer .,the secretary threw us the book .,DO,DO,GET,THROW,A,THE,for,to,-39.087501525878906,"[-2.7430875, -9.173189, -11.742987, -6.7850394, -3.7238746, -4.1432796, -0.7760453]"
an actress got me a log .,the professor purchased the beer for us .,DO,PD,GET,PURCHASE,A,THE,for,for,-38.7857551574707,"[-2.7549539, -8.76716, -10.681406, -2.0305045, -7.127158, -2.6376934, -3.487266, -1.2996125]"
an actress got me a log .,the professor purchased us the beer .,DO,DO,GET,PURCHASE,A,THE,for,for,-39.319786071777344,"[-2.7549539, -8.76716, -10.681406, -6.480909, -3.6654906, -5.6935015, -1.2763658]"
an actress got me a log .,the princess delivered the candy for you .,DO,PD,GET,DELIVER,A,THE,for,for,-40.74697494506836,"[-2.7549539, -9.822998, -10.164176, -2.0024834, -8.318807, -3.469817, -3.4516268, -0.76211387]"
an actress got me a log .,the princess delivered you the candy .,DO,DO,GET,DELIVER,A,THE,for,for,-38.528350830078125,"[-2.7549539, -9.822998, -10.164176, -5.748152, -2.4258213, -6.6730337, -0.9392153]"
an actress got them a beer .,the secretary brought the juice to her .,DO,PD,GET,BRING,A,THE,for,to,-40.3426399230957,"[-2.7379208, -9.084239, -11.5120125, -2.2346125, -10.626244, -1.0242524, -1.6486222, -1.4747374]"
an actress got them a beer .,the secretary brought her the juice .,DO,DO,GET,BRING,A,THE,for,to,-37.72539520263672,"[-2.7379208, -9.084239, -11.5120125, -2.60573, -4.216635, -6.9456067, -0.62325]"
an actress got them a beer .,the colonel sold the flower to you .,DO,PD,GET,SELL,A,THE,for,to,-43.588523864746094,"[-2.7379208, -11.042297, -9.122301, -1.5801313, -8.961598, -1.1546035, -8.196267, -0.79340684]"
an actress got them a beer .,the colonel sold you the flower .,DO,DO,GET,SELL,A,THE,for,to,-39.69437026977539,"[-2.7379208, -11.042297, -9.122301, -5.378558, -2.617263, -7.7131004, -1.0829291]"
an actress got them a log .,the leader kept the beer for you .,DO,PD,GET,KEEP,A,THE,for,for,-47.87989807128906,"[-2.7563868, -7.571635, -15.185013, -3.0895057, -7.8213334, -4.2613993, -6.4236374, -0.77098805]"
an actress got them a log .,the leader kept you the beer .,DO,DO,GET,KEEP,A,THE,for,for,-48.4419059753418,"[-2.7563868, -7.571635, -15.185013, -6.9175277, -7.277609, -7.721287, -1.0124491]"
an actress got them a pie .,the priest sold the wire to me .,DO,PD,GET,SELL,A,THE,for,to,-44.49222183227539,"[-2.7690406, -9.887814, -10.569811, -1.6653867, -11.24809, -1.6079437, -5.711397, -1.0327404]"
an actress got them a pie .,the priest sold me the wire .,DO,DO,GET,SELL,A,THE,for,to,-42.21720886230469,"[-2.7690406, -9.887814, -10.569811, -4.613998, -2.8062937, -10.278172, -1.2920828]"
an actress got us a beer .,the author gave the chocolate to them .,DO,PD,GET,GIVE,A,THE,for,to,-41.31975555419922,"[-2.7183945, -6.519503, -6.435836, -2.8797312, -11.013021, -3.637614, -6.932486, -1.1831671]"
an actress got us a beer .,the author gave them the chocolate .,DO,DO,GET,GIVE,A,THE,for,to,-33.3895378112793,"[-2.7183945, -6.519503, -6.435836, -6.050452, -2.7097836, -7.822569, -1.133002]"
an actress got us a log .,the boy gave the beer to them .,DO,PD,GET,GIVE,A,THE,for,to,-37.989990234375,"[-2.7473176, -7.8196263, -6.657321, -2.7855494, -9.36155, -1.0635387, -6.5097027, -1.0453832]"
an actress got us a log .,the boy gave them the beer .,DO,DO,GET,GIVE,A,THE,for,to,-32.230552673339844,"[-2.7473176, -7.8196263, -6.657321, -4.6715975, -2.5232835, -6.81015, -1.0012584]"
an actress got you a beer .,the president took the telephone to us .,DO,PD,GET,TAKE,A,THE,for,to,-38.55133056640625,"[-2.678038, -6.4669423, -5.277239, -1.925744, -10.2471285, -3.407297, -7.331052, -1.2178903]"
an actress got you a beer .,the president took us the telephone .,DO,DO,GET,TAKE,A,THE,for,to,-37.16218185424805,"[-2.678038, -6.4669423, -5.277239, -5.7112284, -6.2951665, -9.736811, -0.9967578]"
an actress kept a candy for her .,the winner designed the gun for him .,PD,PD,KEEP,DESIGN,A,THE,for,for,-36.968353271484375,"[-2.7389426, -8.263322, -12.595914, -0.9445887, -7.414763, -1.6741066, -2.6444569, -0.6922595]"
an actress kept a candy for her .,the winner designed him the gun .,PD,DO,KEEP,DESIGN,A,THE,for,for,-43.21580123901367,"[-2.7389426, -8.263322, -12.595914, -7.598588, -4.447583, -6.3900766, -1.1813756]"
an actress kept a candy for it .,the writer saved the coffee for him .,PD,PD,KEEP,SAVE,A,THE,for,for,-36.41901397705078,"[-2.720007, -7.435102, -11.184046, -1.0647473, -8.236412, -1.1620342, -4.059432, -0.55723524]"
an actress kept a candy for it .,the writer saved him the coffee .,PD,DO,KEEP,SAVE,A,THE,for,for,-38.33953857421875,"[-2.720007, -7.435102, -11.184046, -5.095594, -2.8846002, -8.291652, -0.7285377]"
an actress kept a candy for me .,the leader took the instrument to him .,PD,PD,KEEP,TAKE,A,THE,for,to,-39.88245391845703,"[-2.7473173, -7.452327, -10.450574, -1.8241761, -8.992752, -2.1381836, -5.263571, -1.013554]"
an actress kept a candy for me .,the leader took him the instrument .,PD,DO,KEEP,TAKE,A,THE,for,to,-44.967342376708984,"[-2.7473173, -7.452327, -10.450574, -5.4744797, -5.754904, -10.995827, -2.091913]"
an actress kept a candy for us .,the cop made the card for you .,PD,PD,KEEP,MAKE,A,THE,for,for,-34.26056671142578,"[-2.7532942, -9.924318, -5.279595, -2.30541, -8.241453, -2.9344437, -2.1855757, -0.63647527]"
an actress kept a candy for us .,the cop made you the card .,PD,DO,KEEP,MAKE,A,THE,for,for,-37.3448600769043,"[-2.7532942, -9.924318, -5.279595, -5.4702144, -5.6338406, -7.2569733, -1.0266241]"
an actress kept a candy for us .,the physician promised the chocolate to you .,PD,PD,KEEP,PROMISE,A,THE,for,to,-42.57738494873047,"[-2.7532942, -10.629555, -8.332369, -3.1629877, -9.222243, -3.1440709, -4.6042433, -0.7286234]"
an actress kept a candy for us .,the physician promised you the chocolate .,PD,DO,KEEP,PROMISE,A,THE,for,to,-38.6702995300293,"[-2.7532942, -10.629555, -8.332369, -4.6864653, -3.2950296, -7.9812784, -0.99230945]"
an actress kept a chocolate for him .,the scientist bought the salad for me .,PD,PD,KEEP,BUY,A,THE,for,for,-37.50592803955078,"[-2.7270575, -9.313021, -9.466203, -1.6624854, -9.29977, -1.5442587, -2.453714, -1.039417]"
an actress kept a chocolate for him .,the scientist bought me the salad .,PD,DO,KEEP,BUY,A,THE,for,for,-40.151344299316406,"[-2.7270575, -9.313021, -9.466203, -5.5506716, -3.3474517, -8.376308, -1.3706309]"
an actress kept a chocolate for him .,the kid promised the tea to us .,PD,PD,KEEP,PROMISE,A,THE,for,to,-43.03937530517578,"[-2.7270575, -9.515646, -9.079841, -3.6925619, -8.150783, -3.7774506, -5.3004355, -0.7956015]"
an actress kept a chocolate for him .,the kid promised us the tea .,PD,DO,KEEP,PROMISE,A,THE,for,to,-38.721038818359375,"[-2.7270575, -9.515646, -9.079841, -4.9663982, -2.989985, -8.512424, -0.9296858]"
an actress kept a chocolate for me .,the reader left the log for him .,PD,PD,KEEP,LEAVE,A,THE,for,for,-38.19424819946289,"[-2.7149527, -8.927774, -7.6582756, -2.092083, -8.053111, -3.2932851, -4.4725676, -0.9821985]"
an actress kept a chocolate for me .,the reader left him the log .,PD,DO,KEEP,LEAVE,A,THE,for,for,-39.141807556152344,"[-2.7149527, -8.927774, -7.6582756, -5.6572237, -3.6194465, -8.860815, -1.7033201]"
an actress kept a guitar for her .,the bishop promised the coffee to you .,PD,PD,KEEP,PROMISE,A,THE,for,to,-42.66330337524414,"[-2.7635307, -9.893284, -7.2984, -2.7671945, -10.36158, -2.3349004, -6.2332115, -1.0112047]"
an actress kept a guitar for her .,the bishop promised you the coffee .,PD,DO,KEEP,PROMISE,A,THE,for,to,-38.73899841308594,"[-2.7635307, -9.893284, -7.2984, -6.0224295, -2.829968, -8.767178, -1.1642102]"
an actress kept a guitar for it .,the guy drew the iron for us .,PD,PD,KEEP,DRAW,A,THE,for,for,-40.84386444091797,"[-2.732408, -7.681691, -9.091744, -2.0315247, -8.569817, -4.776495, -5.169016, -0.7911697]"
an actress kept a guitar for it .,the guy drew us the iron .,PD,DO,KEEP,DRAW,A,THE,for,for,-39.330528259277344,"[-2.732408, -7.681691, -9.091744, -6.2313538, -2.573029, -9.059868, -1.9604381]"
an actress kept a guitar for you .,the scientist drew the telephone for him .,PD,PD,KEEP,DRAW,A,THE,for,for,-40.03058624267578,"[-2.7488759, -9.6967535, -8.226729, -2.6232905, -8.439041, -3.4045336, -3.9391363, -0.95222974]"
an actress kept a guitar for you .,the scientist drew him the telephone .,PD,DO,KEEP,DRAW,A,THE,for,for,-40.16437911987305,"[-2.7488759, -9.6967535, -8.226729, -6.3683047, -3.3180423, -7.9352045, -1.8704704]"
an actress kept an anchor for her .,the adult made the guitar for him .,PD,PD,KEEP,MAKE,A,THE,for,for,-40.18223190307617,"[-2.7456045, -9.684947, -7.778322, -3.0403688, -10.536574, -3.5465221, -1.8560392, -0.99385375]"
an actress kept an anchor for her .,the adult made him the guitar .,PD,DO,KEEP,MAKE,A,THE,for,for,-40.717811584472656,"[-2.7456045, -9.684947, -7.778322, -3.972222, -4.8568363, -9.948351, -1.731532]"
an actress kept an anchor for me .,the leader caught the box for us .,PD,PD,KEEP,CATCH,A,THE,for,for,-43.88292694091797,"[-2.7711487, -7.4322863, -12.734669, -1.700565, -10.557353, -4.0818105, -3.8117409, -0.79335344]"
an actress kept an anchor for me .,the leader caught us the box .,PD,DO,KEEP,CATCH,A,THE,for,for,-45.884307861328125,"[-2.7711487, -7.4322863, -12.734669, -5.018782, -5.899659, -10.693693, -1.3340675]"
an actress kept an anchor for us .,the teacher found the instrument for them .,PD,PD,KEEP,FIND,A,THE,for,for,-38.06656265258789,"[-2.781295, -8.7586, -5.913314, -1.532568, -8.01496, -4.332062, -5.9825916, -0.7511714]"
an actress kept an anchor for us .,the teacher found them the instrument .,PD,DO,KEEP,FIND,A,THE,for,for,-43.980079650878906,"[-2.781295, -8.7586, -5.913314, -5.6072464, -4.860667, -13.756115, -2.302842]"
an actress kept her a candy .,the winner designed the gun for him .,DO,PD,KEEP,DESIGN,A,THE,for,for,-38.88020706176758,"[-2.7358258, -8.231136, -12.501564, -0.9725822, -7.3320704, -2.4155285, -3.7637174, -0.92778134]"
an actress kept her a candy .,the winner designed him the gun .,DO,DO,KEEP,DESIGN,A,THE,for,for,-41.812049865722656,"[-2.7358258, -8.231136, -12.501564, -7.5514016, -3.5113204, -6.3526125, -0.92818713]"
an actress kept her a guitar .,the bishop promised the coffee to you .,DO,PD,KEEP,PROMISE,A,THE,for,to,-44.193424224853516,"[-2.7496898, -10.016523, -7.419054, -2.714749, -10.523602, -2.8944304, -7.018139, -0.8572358]"
an actress kept her a guitar .,the bishop promised you the coffee .,DO,DO,KEEP,PROMISE,A,THE,for,to,-38.81391143798828,"[-2.7496898, -10.016523, -7.419054, -6.260697, -2.80509, -8.710201, -0.8526529]"
an actress kept her an anchor .,the adult made the guitar for him .,DO,PD,KEEP,MAKE,A,THE,for,for,-42.47953796386719,"[-2.7132688, -9.74499, -7.8849316, -3.0310702, -10.7845, -4.0259295, -3.2627792, -1.0320655]"
an actress kept her an anchor .,the adult made him the guitar .,DO,DO,KEEP,MAKE,A,THE,for,for,-41.34355163574219,"[-2.7132688, -9.74499, -7.8849316, -4.319756, -3.8942385, -10.39445, -2.3919172]"
an actress kept him a chocolate .,the scientist bought the salad for me .,DO,PD,KEEP,BUY,A,THE,for,for,-40.015586853027344,"[-2.7537496, -9.312543, -9.453606, -1.8555204, -9.498615, -2.420996, -3.221087, -1.4994683]"
an actress kept him a chocolate .,the scientist bought me the salad .,DO,DO,KEEP,BUY,A,THE,for,for,-39.48921203613281,"[-2.7537496, -9.312543, -9.453606, -4.559367, -3.3479965, -8.987315, -1.0746332]"
an actress kept him a chocolate .,the kid promised the tea to us .,DO,PD,KEEP,PROMISE,A,THE,for,to,-44.02228927612305,"[-2.7537496, -9.246246, -9.01635, -3.9880538, -8.17818, -3.80789, -6.138088, -0.8937309]"
an actress kept him a chocolate .,the kid promised us the tea .,DO,DO,KEEP,PROMISE,A,THE,for,to,-38.225494384765625,"[-2.7537496, -9.246246, -9.01635, -5.120642, -3.1076252, -8.216595, -0.76428795]"
an actress kept it a candy .,the writer saved the coffee for him .,DO,PD,KEEP,SAVE,A,THE,for,for,-38.575740814208984,"[-2.7173982, -7.465496, -11.314328, -1.1818213, -9.179356, -1.4946417, -4.482931, -0.73976964]"
an actress kept it a candy .,the writer saved him the coffee .,DO,DO,KEEP,SAVE,A,THE,for,for,-38.71755599975586,"[-2.7173982, -7.465496, -11.314328, -5.1858687, -2.741156, -8.686497, -0.6068138]"
an actress kept it a guitar .,the guy drew the iron for us .,DO,PD,KEEP,DRAW,A,THE,for,for,-41.0546875,"[-2.6940746, -7.677459, -9.346914, -1.9564917, -8.848362, -5.6020155, -4.167696, -0.76167715]"
an actress kept it a guitar .,the guy drew us the iron .,DO,DO,KEEP,DRAW,A,THE,for,for,-39.120059967041016,"[-2.6940746, -7.677459, -9.346914, -5.9865084, -2.6136918, -9.054078, -1.7473354]"
an actress kept me a candy .,the leader took the instrument to him .,DO,PD,KEEP,TAKE,A,THE,for,to,-41.15056610107422,"[-2.768221, -7.483632, -10.885539, -2.0933123, -9.039906, -2.0699644, -5.377986, -1.4320066]"
an actress kept me a candy .,the leader took him the instrument .,DO,DO,KEEP,TAKE,A,THE,for,to,-44.297096252441406,"[-2.768221, -7.483632, -10.885539, -4.6146955, -5.27776, -10.968714, -2.2985334]"
an actress kept me a chocolate .,the reader left the log for him .,DO,PD,KEEP,LEAVE,A,THE,for,for,-38.64365768432617,"[-2.711784, -8.926865, -7.4464855, -2.3515425, -8.292446, -3.938501, -3.9169517, -1.0590818]"
an actress kept me a chocolate .,the reader left him the log .,DO,DO,KEEP,LEAVE,A,THE,for,for,-38.5064582824707,"[-2.711784, -8.926865, -7.4464855, -5.730564, -3.4426033, -9.067092, -1.1810619]"
an actress kept me an anchor .,the leader caught the box for us .,DO,PD,KEEP,CATCH,A,THE,for,for,-45.9582633972168,"[-2.7580242, -7.3852882, -12.825461, -2.0077858, -10.845475, -4.355269, -4.7701616, -1.0107976]"
an actress kept me an anchor .,the leader caught us the box .,DO,DO,KEEP,CATCH,A,THE,for,for,-42.08528137207031,"[-2.7580242, -7.3852882, -12.825461, -4.410825, -3.8353167, -9.664247, -1.2061195]"
an actress kept us a candy .,the cop made the card for you .,DO,PD,KEEP,MAKE,A,THE,for,for,-36.29354476928711,"[-2.76293, -9.942685, -5.3384233, -2.3798966, -8.719927, -3.515019, -2.8970017, -0.73766345]"
an actress kept us a candy .,the cop made you the card .,DO,DO,KEEP,MAKE,A,THE,for,for,-35.78870391845703,"[-2.76293, -9.942685, -5.3384233, -4.614221, -4.9651084, -7.3336782, -0.83165956]"
an actress kept us a candy .,the physician promised the chocolate to you .,DO,PD,KEEP,PROMISE,A,THE,for,to,-43.713409423828125,"[-2.76293, -10.50358, -8.285757, -3.3187943, -9.476962, -3.2311208, -5.286436, -0.8478292]"
an actress kept us a candy .,the physician promised you the chocolate .,DO,DO,KEEP,PROMISE,A,THE,for,to,-37.979957580566406,"[-2.76293, -10.50358, -8.285757, -4.4146013, -3.5372472, -7.690241, -0.78560203]"
an actress kept us an anchor .,the teacher found the instrument for them .,DO,PD,KEEP,FIND,A,THE,for,for,-40.24541091918945,"[-2.7601578, -8.789946, -5.9506345, -1.7237163, -8.078368, -4.4994645, -7.289446, -1.153679]"
an actress kept us an anchor .,the teacher found them the instrument .,DO,DO,KEEP,FIND,A,THE,for,for,-40.66938781738281,"[-2.7601578, -8.789946, -5.9506345, -5.5973353, -4.034631, -10.831849, -2.7048326]"
an actress kept you a guitar .,the scientist drew the telephone for him .,DO,PD,KEEP,DRAW,A,THE,for,for,-40.35541915893555,"[-2.7478015, -9.702971, -8.204983, -2.5835545, -8.155017, -4.264591, -3.732885, -0.96361387]"
an actress kept you a guitar .,the scientist drew him the telephone .,DO,DO,KEEP,DRAW,A,THE,for,for,-38.312740325927734,"[-2.7478015, -9.702971, -8.204983, -5.942334, -3.190783, -7.2516956, -1.2721734]"
an actress left a chicken for me .,the singer gave the tea to her .,PD,PD,LEAVE,GIVE,A,THE,for,to,-38.514076232910156,"[-2.6715603, -8.025984, -6.5377, -2.4788637, -10.537423, -1.0393246, -1.7180729, -5.505146]"
an actress left a chicken for me .,the singer gave her the tea .,PD,DO,LEAVE,GIVE,A,THE,for,to,-38.73213195800781,"[-2.6715603, -8.025984, -6.5377, -2.478547, -5.5035615, -11.466563, -2.0482183]"
an actress left a chicken for you .,the champion drew the knife for us .,PD,PD,LEAVE,DRAW,A,THE,for,for,-42.81074523925781,"[-2.674874, -10.361391, -10.481455, -2.170441, -8.620307, -2.813797, -4.9590764, -0.7294026]"
an actress left a chicken for you .,the champion drew us the knife .,PD,DO,LEAVE,DRAW,A,THE,for,for,-44.91256332397461,"[-2.674874, -10.361391, -10.481455, -8.80124, -3.8828177, -7.602686, -1.1081002]"
an actress left a cigarette for us .,the teacher found the instrument for them .,PD,PD,LEAVE,FIND,A,THE,for,for,-38.292816162109375,"[-2.7345324, -8.755063, -5.8554935, -1.7358721, -7.820519, -3.7609203, -6.525776, -1.1046427]"
an actress left a cigarette for us .,the teacher found them the instrument .,PD,DO,LEAVE,FIND,A,THE,for,for,-43.321380615234375,"[-2.7345324, -8.755063, -5.8554935, -6.4918413, -4.9714556, -12.481795, -2.0311978]"
an actress left a cigarette for us .,the physician showed the coat to me .,PD,PD,LEAVE,SHOW,A,THE,for,to,-38.705474853515625,"[-2.7345324, -10.509128, -7.57519, -2.5282288, -10.219803, -1.8451655, -2.2528324, -1.0405959]"
an actress left a cigarette for us .,the physician showed me the coat .,PD,DO,LEAVE,SHOW,A,THE,for,to,-34.917091369628906,"[-2.7345324, -10.509128, -7.57519, -1.844288, -1.9639359, -8.618877, -1.6711423]"
an actress left a cigarette for you .,the child kept the gun for me .,PD,PD,LEAVE,KEEP,A,THE,for,for,-34.298439025878906,"[-2.7201064, -7.978566, -8.781205, -2.9627059, -3.6484072, -2.123349, -5.3486643, -0.73543555]"
an actress left a cigarette for you .,the child kept me the gun .,PD,DO,LEAVE,KEEP,A,THE,for,for,-39.892608642578125,"[-2.7201064, -7.978566, -8.781205, -5.2345247, -6.869477, -7.06536, -1.243368]"
an actress left a cigarette for you .,the partner sent the wire to us .,PD,PD,LEAVE,SEND,A,THE,for,to,-38.06694793701172,"[-2.7201064, -10.162355, -7.719477, -1.9197834, -8.061823, -1.7796673, -4.4802628, -1.2234769]"
an actress left a cigarette for you .,the partner sent us the wire .,PD,DO,LEAVE,SEND,A,THE,for,to,-36.53668975830078,"[-2.7201064, -10.162355, -7.719477, -3.0727165, -2.5002856, -9.041152, -1.3205974]"
an actress left a juice for them .,the kid got the tea for you .,PD,PD,LEAVE,GET,A,THE,for,for,-38.40052032470703,"[-2.7261693, -9.8878565, -5.324983, -2.610596, -10.045656, -2.8705935, -4.2994585, -0.6352054]"
an actress left a juice for them .,the kid got you the tea .,PD,DO,LEAVE,GET,A,THE,for,for,-38.2811279296875,"[-2.7261693, -9.8878565, -5.324983, -6.320323, -4.671493, -8.682951, -0.66734844]"
an actress left me a chicken .,the singer gave the tea to her .,DO,PD,LEAVE,GIVE,A,THE,for,to,-40.64361572265625,"[-2.655817, -7.845419, -6.4519477, -2.4507508, -10.86773, -1.4343122, -1.6799166, -7.257721]"
an actress left me a chicken .,the singer gave her the tea .,DO,DO,LEAVE,GIVE,A,THE,for,to,-39.01940155029297,"[-2.655817, -7.845419, -6.4519477, -2.3358846, -6.354799, -11.561558, -1.8139784]"
an actress left them a juice .,the kid got the tea for you .,DO,PD,LEAVE,GET,A,THE,for,for,-40.955650329589844,"[-2.7114723, -9.893019, -5.3601937, -2.776924, -9.607646, -4.272893, -5.668704, -0.66480094]"
an actress left them a juice .,the kid got you the tea .,DO,DO,LEAVE,GET,A,THE,for,for,-35.81584930419922,"[-2.7114723, -9.893019, -5.3601937, -6.327379, -3.3208036, -7.707977, -0.4950043]"
an actress left us a cigarette .,the teacher found the instrument for them .,DO,PD,LEAVE,FIND,A,THE,for,for,-42.36426544189453,"[-2.73517, -9.146727, -5.853035, -2.598135, -8.150814, -4.5636387, -8.113856, -1.2028883]"
an actress left us a cigarette .,the teacher found them the instrument .,DO,DO,LEAVE,FIND,A,THE,for,for,-43.88875198364258,"[-2.73517, -9.146727, -5.853035, -6.887187, -4.8047385, -12.309902, -2.1519947]"
an actress left us a cigarette .,the physician showed the coat to me .,DO,PD,LEAVE,SHOW,A,THE,for,to,-39.99850082397461,"[-2.73517, -10.445892, -7.811286, -3.2390158, -10.114772, -2.1611633, -2.4526315, -1.0385683]"
an actress left us a cigarette .,the physician showed me the coat .,DO,DO,LEAVE,SHOW,A,THE,for,to,-34.43034744262695,"[-2.73517, -10.445892, -7.811286, -1.3967736, -2.1686616, -8.464164, -1.4083996]"
an actress left you a chicken .,the champion drew the knife for us .,DO,PD,LEAVE,DRAW,A,THE,for,for,-45.81504821777344,"[-2.6231074, -10.290509, -10.572023, -2.1905904, -8.6414585, -3.0493808, -7.3127346, -1.1352472]"
an actress left you a chicken .,the champion drew us the knife .,DO,DO,LEAVE,DRAW,A,THE,for,for,-43.4825325012207,"[-2.6231074, -10.290509, -10.572023, -8.667833, -3.381736, -7.025091, -0.92223036]"
an actress left you a cigarette .,the child kept the gun for me .,DO,PD,LEAVE,KEEP,A,THE,for,for,-37.13907241821289,"[-2.685452, -8.059651, -8.731688, -3.405374, -3.7325847, -3.3559103, -6.3877025, -0.7807095]"
an actress left you a cigarette .,the child kept me the gun .,DO,DO,LEAVE,KEEP,A,THE,for,for,-37.03324890136719,"[-2.685452, -8.059651, -8.731688, -4.5100026, -6.5573378, -5.495567, -0.9935494]"
an actress left you a cigarette .,the partner sent the wire to us .,DO,PD,LEAVE,SEND,A,THE,for,to,-38.86866760253906,"[-2.685452, -10.195771, -7.8198357, -1.9839524, -8.102158, -1.6450334, -5.169688, -1.2667782]"
an actress left you a cigarette .,the partner sent us the wire .,DO,DO,LEAVE,SEND,A,THE,for,to,-35.78047180175781,"[-2.685452, -10.195771, -7.8198357, -2.9716234, -2.4593782, -8.6334915, -1.0149204]"
an actress made a coat for him .,the administration designed the cigarette for me .,PD,PD,MAKE,DESIGN,A,THE,for,for,-42.857303619384766,"[-2.7157896, -8.354529, -9.887603, -0.870596, -10.450264, -4.004819, -5.619305, -0.9543984]"
an actress made a coat for him .,the administration designed me the cigarette .,PD,DO,MAKE,DESIGN,A,THE,for,for,-43.78087615966797,"[-2.7157896, -8.354529, -9.887603, -8.859088, -3.6728811, -9.001408, -1.2895744]"
an actress made a computer for me .,the son fed the chicken to them .,PD,PD,MAKE,FEED,A,THE,for,to,-42.077919006347656,"[-2.6446745, -7.8449335, -14.088427, -1.4059525, -5.693884, -2.355955, -7.156866, -0.8872268]"
an actress made a computer for me .,the son fed them the chicken .,PD,DO,MAKE,FEED,A,THE,for,to,-38.94602966308594,"[-2.6446745, -7.8449335, -14.088427, -5.0735617, -2.9208956, -4.8647027, -1.5088335]"
an actress made a computer for me .,the physician promised the chocolate to you .,PD,PD,MAKE,PROMISE,A,THE,for,to,-44.912437438964844,"[-2.6446745, -10.813706, -8.818247, -3.1087723, -10.568819, -3.0985591, -5.111682, -0.74797654]"
an actress made a computer for me .,the physician promised you the chocolate .,PD,DO,MAKE,PROMISE,A,THE,for,to,-41.2225341796875,"[-2.6446745, -10.813706, -8.818247, -5.344557, -2.9794512, -9.476728, -1.1451674]"
an actress made a crystal for you .,the nurse got the beer for me .,PD,PD,MAKE,GET,A,THE,for,for,-37.336753845214844,"[-2.6185796, -10.228737, -6.792469, -2.2496479, -8.10682, -2.9508827, -3.8554811, -0.5341331]"
an actress made a crystal for you .,the nurse got me the beer .,PD,DO,MAKE,GET,A,THE,for,for,-35.782196044921875,"[-2.6185796, -10.228737, -6.792469, -4.9739733, -2.7847764, -7.512032, -0.87162834]"
an actress made a pot for him .,the manager gave the chicken to us .,PD,PD,MAKE,GIVE,A,THE,for,to,-38.01422882080078,"[-2.6634388, -8.683754, -6.636639, -2.173317, -8.959634, -2.795847, -5.1125364, -0.98906595]"
an actress made a pot for him .,the manager gave us the chicken .,PD,DO,MAKE,GIVE,A,THE,for,to,-33.35999298095703,"[-2.6634388, -8.683754, -6.636639, -3.9570465, -2.1103637, -7.784889, -1.5238593]"
an actress made him a coat .,the administration designed the cigarette for me .,DO,PD,MAKE,DESIGN,A,THE,for,for,-43.90414810180664,"[-2.7974064, -8.405717, -9.9666195, -0.909778, -10.635183, -4.221754, -5.7838078, -1.1838818]"
an actress made him a coat .,the administration designed me the cigarette .,DO,DO,MAKE,DESIGN,A,THE,for,for,-42.257545471191406,"[-2.7974064, -8.405717, -9.9666195, -8.0812435, -3.5145578, -8.627443, -0.86455846]"
an actress made him a pot .,the manager gave the chicken to us .,DO,PD,MAKE,GIVE,A,THE,for,to,-39.33439254760742,"[-2.7118108, -8.658538, -6.546969, -2.414177, -9.46699, -2.5889995, -5.7444563, -1.2024516]"
an actress made him a pot .,the manager gave us the chicken .,DO,DO,MAKE,GIVE,A,THE,for,to,-33.472328186035156,"[-2.7118108, -8.658538, -6.546969, -4.3208065, -2.0055661, -7.932071, -1.2965676]"
an actress made me a computer .,the son fed the chicken to them .,DO,PD,MAKE,FEED,A,THE,for,to,-43.218055725097656,"[-2.6571693, -7.941475, -14.335197, -1.8078779, -5.827738, -2.1848388, -7.507774, -0.9559874]"
an actress made me a computer .,the son fed them the chicken .,DO,DO,MAKE,FEED,A,THE,for,to,-39.460914611816406,"[-2.6571693, -7.941475, -14.335197, -5.3738933, -2.7910247, -5.2657914, -1.0963653]"
an actress made me a computer .,the physician promised the chocolate to you .,DO,PD,MAKE,PROMISE,A,THE,for,to,-45.68854904174805,"[-2.6571693, -10.85455, -8.682576, -3.1213214, -11.073124, -3.2003021, -5.24549, -0.854017]"
an actress made me a computer .,the physician promised you the chocolate .,DO,DO,MAKE,PROMISE,A,THE,for,to,-41.55438232421875,"[-2.6571693, -10.85455, -8.682576, -5.037748, -3.0520856, -10.370933, -0.8993215]"
an actress made you a crystal .,the nurse got the beer for me .,DO,PD,MAKE,GET,A,THE,for,for,-38.1275520324707,"[-2.6979291, -10.162172, -6.5443482, -2.507884, -8.245066, -4.328142, -2.81527, -0.8267393]"
an actress made you a crystal .,the nurse got me the beer .,DO,DO,MAKE,GET,A,THE,for,for,-34.3646240234375,"[-2.6979291, -10.162172, -6.5443482, -4.2967415, -2.969411, -6.865441, -0.82858264]"
an actress promised a beer to it .,the brother saved the juice for you .,PD,PD,PROMISE,SAVE,A,THE,to,for,-47.55716323852539,"[-2.7861412, -9.140602, -13.886565, -1.4514662, -11.405104, -2.7015023, -5.565983, -0.61979944]"
an actress promised a beer to it .,the brother saved you the juice .,PD,DO,PROMISE,SAVE,A,THE,to,for,-46.888145446777344,"[-2.7861412, -9.140602, -13.886565, -6.4333367, -2.638776, -11.149495, -0.853229]"
an actress promised a beer to us .,the girl fed the salad to you .,PD,PD,PROMISE,FEED,A,THE,to,to,-37.33489990234375,"[-2.839027, -7.4049115, -10.759396, -1.9488168, -7.4347305, -1.0287453, -5.027767, -0.891508]"
an actress promised a beer to us .,the girl fed you the salad .,PD,DO,PROMISE,FEED,A,THE,to,to,-36.03038787841797,"[-2.839027, -7.4049115, -10.759396, -3.9541821, -3.2548466, -6.4105797, -1.4074479]"
an actress promised a card to us .,the leader drew the telephone for you .,PD,PD,PROMISE,DRAW,A,THE,to,for,-48.140445709228516,"[-2.8311439, -7.4647117, -15.467712, -2.9173982, -9.430376, -4.2327952, -5.3396835, -0.45662382]"
an actress promised a card to us .,the leader drew you the telephone .,PD,DO,PROMISE,DRAW,A,THE,to,for,-56.308937072753906,"[-2.8311439, -7.4647117, -15.467712, -7.433382, -8.776209, -13.449166, -0.8866088]"
an actress promised a chocolate to him .,the girl caught the bag for it .,PD,PD,PROMISE,CATCH,A,THE,to,for,-37.17265319824219,"[-2.8294098, -7.304637, -6.663313, -2.2609067, -6.6101637, -4.111953, -6.242676, -1.1495974]"
an actress promised a chocolate to him .,the girl caught it the bag .,PD,DO,PROMISE,CATCH,A,THE,to,for,-38.85261535644531,"[-2.8294098, -7.304637, -6.663313, -5.0382524, -6.8054504, -9.077894, -1.1336577]"
an actress promised a coffee to me .,the child supplied the beer to you .,PD,PD,PROMISE,SUPPLY,A,THE,to,to,-36.888023376464844,"[-2.837582, -8.282589, -10.936488, -1.7741824, -5.4438066, -1.6130359, -5.358186, -0.6421543]"
an actress promised a coffee to me .,the child supplied you the beer .,PD,DO,PROMISE,SUPPLY,A,THE,to,to,-38.595420837402344,"[-2.837582, -8.282589, -10.936488, -6.175807, -3.7948449, -5.410836, -1.157276]"
an actress promised a key to me .,the band designed the cup for you .,PD,PD,PROMISE,DESIGN,A,THE,to,for,-38.42636489868164,"[-2.764356, -7.372474, -9.256966, -1.2009689, -9.728708, -2.810097, -4.7080317, -0.5847634]"
an actress promised a key to me .,the band designed you the cup .,PD,DO,PROMISE,DESIGN,A,THE,to,for,-41.72571563720703,"[-2.764356, -7.372474, -9.256966, -6.4462643, -4.497369, -10.091849, -1.2964358]"
an actress promised a key to them .,the colonel delivered the coffee for me .,PD,PD,PROMISE,DELIVER,A,THE,to,for,-41.247779846191406,"[-2.7488067, -11.186251, -9.016785, -1.6960624, -9.811922, -3.4556396, -2.710132, -0.62218225]"
an actress promised a key to them .,the colonel delivered me the coffee .,PD,DO,PROMISE,DELIVER,A,THE,to,for,-39.234275817871094,"[-2.7488067, -11.186251, -9.016785, -5.4028497, -2.4058635, -7.5963726, -0.8773484]"
an actress promised a newspaper to them .,the guy got the chicken for us .,PD,PD,PROMISE,GET,A,THE,to,for,-36.20143127441406,"[-2.79531, -8.2132015, -5.5435534, -3.1219633, -7.8547945, -4.6193523, -3.223567, -0.8296878]"
an actress promised a newspaper to them .,the guy got us the chicken .,PD,DO,PROMISE,GET,A,THE,to,for,-34.715675354003906,"[-2.79531, -8.2132015, -5.5435534, -5.5533743, -3.9104893, -7.362222, -1.3375232]"
an actress promised him a chocolate .,the girl caught the bag for it .,DO,PD,PROMISE,CATCH,A,THE,to,for,-37.1629638671875,"[-2.8446817, -7.2401934, -6.7570295, -1.7911835, -6.6503773, -4.47139, -6.304321, -1.1037905]"
an actress promised him a chocolate .,the girl caught it the bag .,DO,DO,PROMISE,CATCH,A,THE,to,for,-38.925140380859375,"[-2.8446817, -7.2401934, -6.7570295, -4.464978, -6.72583, -9.655976, -1.2364498]"
an actress promised it a beer .,the brother saved the juice for you .,DO,PD,PROMISE,SAVE,A,THE,to,for,-47.61116027832031,"[-2.7966568, -9.302, -13.61496, -1.7293459, -11.178402, -3.0955057, -5.2623863, -0.6319021]"
an actress promised it a beer .,the brother saved you the juice .,DO,DO,PROMISE,SAVE,A,THE,to,for,-45.654869079589844,"[-2.7966568, -9.302, -13.61496, -5.7183843, -2.8659651, -10.576572, -0.7803296]"
an actress promised me a coffee .,the child supplied the beer to you .,DO,PD,PROMISE,SUPPLY,A,THE,to,to,-39.903602600097656,"[-2.8515477, -8.405123, -10.981464, -2.0732136, -5.983782, -3.0859575, -5.8683205, -0.65419483]"
an actress promised me a coffee .,the child supplied you the beer .,DO,DO,PROMISE,SUPPLY,A,THE,to,to,-38.564456939697266,"[-2.8515477, -8.405123, -10.981464, -5.6089973, -4.253895, -5.582753, -0.88067704]"
an actress promised me a key .,the band designed the cup for you .,DO,PD,PROMISE,DESIGN,A,THE,to,for,-38.88861846923828,"[-2.7994993, -7.157472, -9.179593, -1.187352, -9.93852, -2.9463716, -5.0818186, -0.59799016]"
an actress promised me a key .,the band designed you the cup .,DO,DO,PROMISE,DESIGN,A,THE,to,for,-40.446144104003906,"[-2.7994993, -7.157472, -9.179593, -6.272911, -4.2588987, -9.686545, -1.0912237]"
an actress promised them a key .,the colonel delivered the coffee for me .,DO,PD,PROMISE,DELIVER,A,THE,to,for,-40.654876708984375,"[-2.7680688, -11.046177, -8.83287, -1.5850735, -9.089432, -3.9285655, -2.7712026, -0.6334883]"
an actress promised them a key .,the colonel delivered me the coffee .,DO,DO,PROMISE,DELIVER,A,THE,to,for,-37.756622314453125,"[-2.7680688, -11.046177, -8.83287, -4.643922, -2.396429, -7.3999786, -0.66917574]"
an actress promised them a newspaper .,the guy got the chicken for us .,DO,PD,PROMISE,GET,A,THE,to,for,-36.753684997558594,"[-2.8066509, -8.031837, -5.459274, -3.2118146, -7.614069, -4.927549, -3.8898609, -0.81262654]"
an actress promised them a newspaper .,the guy got us the chicken .,DO,DO,PROMISE,GET,A,THE,to,for,-33.30133819580078,"[-2.8066509, -8.031837, -5.459274, -5.428933, -3.4373245, -6.985644, -1.1516749]"
an actress promised us a beer .,the girl fed the salad to you .,DO,PD,PROMISE,FEED,A,THE,to,to,-41.11235809326172,"[-2.8181884, -7.520239, -10.729855, -2.317895, -8.378385, -2.7690406, -5.6728964, -0.90585995]"
an actress promised us a beer .,the girl fed you the salad .,DO,DO,PROMISE,FEED,A,THE,to,to,-35.93196105957031,"[-2.8181884, -7.520239, -10.729855, -3.6214952, -3.616301, -6.6410484, -0.98483723]"
an actress promised us a card .,the leader drew the telephone for you .,DO,PD,PROMISE,DRAW,A,THE,to,for,-48.576385498046875,"[-2.8396106, -7.415391, -15.255839, -2.864245, -9.958564, -4.3760853, -5.3401623, -0.5264893]"
an actress promised us a card .,the leader drew you the telephone .,DO,DO,PROMISE,DRAW,A,THE,to,for,-55.1009521484375,"[-2.8396106, -7.415391, -15.255839, -6.890349, -9.143247, -12.975866, -0.58064747]"
an actress purchased a bag for me .,the employee promised the beer to them .,PD,PD,PURCHASE,PROMISE,A,THE,for,to,-40.923465728759766,"[-2.8396277, -9.047016, -8.240453, -3.4353964, -8.941958, -2.256555, -5.1500807, -1.0123806]"
an actress purchased a bag for me .,the employee promised them the beer .,PD,DO,PURCHASE,PROMISE,A,THE,for,to,-36.402442932128906,"[-2.8396277, -9.047016, -8.240453, -4.4538636, -3.2428188, -6.7317677, -1.8468955]"
an actress purchased a bag for you .,the pilot gave the beer to me .,PD,PD,PURCHASE,GIVE,A,THE,for,to,-35.86968231201172,"[-2.814374, -8.2137985, -6.931101, -2.0725207, -8.990486, -2.7814274, -2.8715072, -1.1944637]"
an actress purchased a bag for you .,the pilot gave me the beer .,PD,DO,PURCHASE,GIVE,A,THE,for,to,-33.46165466308594,"[-2.814374, -8.2137985, -6.931101, -2.8332667, -2.0017688, -8.613088, -2.0542576]"
an actress purchased a meal for me .,the writer bought the pie for us .,PD,PD,PURCHASE,BUY,A,THE,for,for,-35.939212799072266,"[-2.8327837, -7.1682177, -8.498964, -2.8512683, -8.98025, -1.6486115, -3.3938138, -0.56530106]"
an actress purchased a meal for me .,the writer bought us the pie .,PD,DO,PURCHASE,BUY,A,THE,for,for,-37.60410690307617,"[-2.8327837, -7.1682177, -8.498964, -5.856507, -4.4361343, -8.032985, -0.77851546]"
an actress purchased a pie for him .,the administration designed the coat for you .,PD,PD,PURCHASE,DESIGN,A,THE,for,for,-43.56153869628906,"[-2.8361335, -8.548975, -10.040873, -1.0404781, -11.32588, -2.4356093, -6.628996, -0.7045935]"
an actress purchased a pie for him .,the administration designed you the coat .,PD,DO,PURCHASE,DESIGN,A,THE,for,for,-48.243892669677734,"[-2.8361335, -8.548975, -10.040873, -8.257758, -5.5871615, -11.535867, -1.4371245]"
an actress purchased an instrument for him .,the pilot made the coat for it .,PD,PD,PURCHASE,MAKE,A,THE,for,for,-44.72987365722656,"[-2.8617823, -8.041799, -7.0368404, -2.9628925, -13.710436, -2.8721366, -6.323312, -0.9206761]"
an actress purchased an instrument for him .,the pilot made it the coat .,PD,DO,PURCHASE,MAKE,A,THE,for,for,-45.77705001831055,"[-2.8617823, -8.041799, -7.0368404, -2.1428394, -6.922158, -13.756956, -5.0146756]"
an actress purchased an instrument for them .,the brother kept the button for you .,PD,PD,PURCHASE,KEEP,A,THE,for,for,-42.84825897216797,"[-2.8311803, -9.370749, -10.449645, -2.5720904, -9.341416, -4.1799264, -3.443348, -0.65990186]"
an actress purchased an instrument for them .,the brother kept you the button .,PD,DO,PURCHASE,KEEP,A,THE,for,for,-49.39301300048828,"[-2.8311803, -9.370749, -10.449645, -6.626314, -7.30577, -10.890112, -1.9192443]"
an actress purchased an instrument for you .,the partner found the tea for me .,PD,PD,PURCHASE,FIND,A,THE,for,for,-37.55123519897461,"[-2.8378282, -9.963931, -6.32851, -1.6229566, -9.261202, -4.259341, -2.30089, -0.9765762]"
an actress purchased an instrument for you .,the partner found me the tea .,PD,DO,PURCHASE,FIND,A,THE,for,for,-40.129032135009766,"[-2.8378282, -9.963931, -6.32851, -6.0031505, -4.1056633, -9.30494, -1.585009]"
an actress purchased him a pie .,the administration designed the coat for you .,DO,PD,PURCHASE,DESIGN,A,THE,for,for,-44.72978210449219,"[-2.835498, -8.660629, -9.910582, -1.0540953, -11.226039, -3.1010187, -7.141881, -0.800038]"
an actress purchased him a pie .,the administration designed you the coat .,DO,DO,PURCHASE,DESIGN,A,THE,for,for,-48.83336639404297,"[-2.835498, -8.660629, -9.910582, -7.967714, -5.7448683, -12.464315, -1.2497624]"
an actress purchased him an instrument .,the pilot made the coat for it .,DO,PD,PURCHASE,MAKE,A,THE,for,for,-44.87328338623047,"[-2.8283758, -8.022887, -6.774062, -2.724741, -13.1537895, -4.208619, -5.776007, -1.3848019]"
an actress purchased him an instrument .,the pilot made it the coat .,DO,DO,PURCHASE,MAKE,A,THE,for,for,-43.78873062133789,"[-2.8283758, -8.022887, -6.774062, -2.0192661, -6.7769966, -13.482133, -3.885009]"
an actress purchased me a bag .,the employee promised the beer to them .,DO,PD,PURCHASE,PROMISE,A,THE,for,to,-42.156341552734375,"[-2.8374336, -9.15468, -8.235369, -3.872269, -9.09165, -2.4548151, -5.321507, -1.1886175]"
an actress purchased me a bag .,the employee promised them the beer .,DO,DO,PURCHASE,PROMISE,A,THE,for,to,-36.23263931274414,"[-2.8374336, -9.15468, -8.235369, -4.2903967, -3.356124, -6.851596, -1.5070412]"
an actress purchased me a meal .,the writer bought the pie for us .,DO,PD,PURCHASE,BUY,A,THE,for,for,-40.1063117980957,"[-2.8538861, -7.024901, -8.30589, -4.1770124, -9.663952, -3.0067997, -4.3261333, -0.7477354]"
an actress purchased me a meal .,the writer bought us the pie .,DO,DO,PURCHASE,BUY,A,THE,for,for,-37.46509552001953,"[-2.8538861, -7.024901, -8.30589, -4.5441904, -6.134862, -8.057159, -0.5442089]"
an actress purchased them an instrument .,the brother kept the button for you .,DO,PD,PURCHASE,KEEP,A,THE,for,for,-44.69538497924805,"[-2.8355381, -9.3550205, -9.685685, -2.8942838, -9.487289, -4.8007283, -4.764846, -0.87199485]"
an actress purchased them an instrument .,the brother kept you the button .,DO,DO,PURCHASE,KEEP,A,THE,for,for,-46.78240966796875,"[-2.8355381, -9.3550205, -9.685685, -6.4601426, -7.0420017, -10.063465, -1.3405603]"
an actress purchased you a bag .,the pilot gave the beer to me .,DO,PD,PURCHASE,GIVE,A,THE,for,to,-36.9949951171875,"[-2.8471522, -8.290012, -6.853674, -2.3152187, -9.012791, -3.41291, -3.1589384, -1.1042984]"
an actress purchased you a bag .,the pilot gave me the beer .,DO,DO,PURCHASE,GIVE,A,THE,for,to,-32.55517578125,"[-2.8471522, -8.290012, -6.853674, -2.0350235, -2.0286155, -9.002398, -1.4983015]"
an actress purchased you an instrument .,the partner found the tea for me .,DO,PD,PURCHASE,FIND,A,THE,for,for,-38.73585891723633,"[-2.858564, -9.808668, -6.352262, -1.6978602, -9.120792, -5.141955, -2.6112878, -1.1444709]"
an actress purchased you an instrument .,the partner found me the tea .,DO,DO,PURCHASE,FIND,A,THE,for,for,-38.475364685058594,"[-2.858564, -9.808668, -6.352262, -4.8859954, -4.085042, -9.216862, -1.2679738]"
an actress saved a coffee for him .,the father drew the bell for you .,PD,PD,SAVE,DRAW,A,THE,for,for,-42.250484466552734,"[-2.8431697, -7.2760806, -9.890816, -2.6871858, -8.588573, -2.2979648, -7.506038, -1.1606574]"
an actress saved a coffee for him .,the father drew you the bell .,PD,DO,SAVE,DRAW,A,THE,for,for,-43.442771911621094,"[-2.8431697, -7.2760806, -9.890816, -8.547396, -4.294124, -9.147024, -1.4441646]"
an actress saved a coffee for him .,the colonel sold the flower to you .,PD,PD,SAVE,SELL,A,THE,for,to,-43.19709396362305,"[-2.8431697, -10.787762, -8.923826, -1.7403984, -8.756842, -1.3306626, -7.958218, -0.8562146]"
an actress saved a coffee for him .,the colonel sold you the flower .,PD,DO,SAVE,SELL,A,THE,for,to,-40.66795349121094,"[-2.8431697, -10.787762, -8.923826, -6.390938, -2.7576523, -7.5544057, -1.410198]"
an actress saved a coffee for me .,the lady drew the telephone for you .,PD,PD,SAVE,DRAW,A,THE,for,for,-40.77120590209961,"[-2.832047, -8.939201, -8.049784, -2.9062235, -8.517855, -3.490799, -5.398961, -0.6363362]"
an actress saved a coffee for me .,the lady drew you the telephone .,PD,DO,SAVE,DRAW,A,THE,for,for,-42.483036041259766,"[-2.832047, -8.939201, -8.049784, -6.712661, -4.7159595, -10.262896, -0.97048914]"
an actress saved a coffee for us .,the husband promised the plate to you .,PD,PD,SAVE,PROMISE,A,THE,for,to,-43.019264221191406,"[-2.8390946, -8.512184, -8.372835, -3.52947, -10.732857, -2.3244402, -5.6981564, -1.0102298]"
an actress saved a coffee for us .,the husband promised you the plate .,PD,DO,SAVE,PROMISE,A,THE,for,to,-40.59142303466797,"[-2.8390946, -8.512184, -8.372835, -5.347897, -3.4111314, -10.297565, -1.8107179]"
an actress saved a coffee for you .,the cousin gave the pie to us .,PD,PD,SAVE,GIVE,A,THE,for,to,-39.260826110839844,"[-2.820275, -11.089894, -8.0115185, -2.8302543, -9.191784, -0.4564971, -3.924852, -0.9357522]"
an actress saved a coffee for you .,the cousin gave us the pie .,PD,DO,SAVE,GIVE,A,THE,for,to,-37.026092529296875,"[-2.820275, -11.089894, -8.0115185, -3.134319, -2.1930556, -8.5217705, -1.2552614]"
an actress saved a meal for me .,the wife sold the anchor to him .,PD,PD,SAVE,SELL,A,THE,for,to,-42.422645568847656,"[-2.839562, -7.6569843, -10.864293, -2.2423809, -11.192932, -1.892342, -4.4003887, -1.3337619]"
an actress saved a meal for me .,the wife sold him the anchor .,PD,DO,SAVE,SELL,A,THE,for,to,-41.78501892089844,"[-2.839562, -7.6569843, -10.864293, -4.4816313, -2.964033, -10.499443, -2.479074]"
an actress saved a meal for us .,the mayor caught the button for you .,PD,PD,SAVE,CATCH,A,THE,for,for,-41.445396423339844,"[-2.830175, -7.00651, -9.38544, -2.3420346, -11.368326, -3.612531, -4.158707, -0.74167365]"
an actress saved a meal for us .,the mayor caught you the button .,PD,DO,SAVE,CATCH,A,THE,for,for,-42.00439453125,"[-2.830175, -7.00651, -9.38544, -5.055417, -6.47593, -9.953415, -1.297507]"
an actress saved a motor for you .,the reader found the tea for us .,PD,PD,SAVE,FIND,A,THE,for,for,-40.769229888916016,"[-2.716859, -9.150034, -6.198739, -1.7163022, -10.957218, -4.165346, -5.0685964, -0.7961358]"
an actress saved a motor for you .,the reader found us the tea .,PD,DO,SAVE,FIND,A,THE,for,for,-40.87809753417969,"[-2.716859, -9.150034, -6.198739, -7.370615, -4.1126966, -9.691193, -1.6379598]"
an actress saved a salad for me .,the bishop brought the pie to you .,PD,PD,SAVE,BRING,A,THE,for,to,-40.03586959838867,"[-2.8500702, -9.6558895, -7.921763, -2.510597, -8.299734, -1.0082871, -6.888895, -0.9006327]"
an actress saved a salad for me .,the bishop brought you the pie .,PD,DO,SAVE,BRING,A,THE,for,to,-37.94841384887695,"[-2.8500702, -9.6558895, -7.921763, -5.383892, -2.260774, -8.770145, -1.1058804]"
an actress saved a salad for me .,the priest gave the tea to us .,PD,PD,SAVE,GIVE,A,THE,for,to,-35.320289611816406,"[-2.8500702, -9.845867, -5.837533, -2.3317623, -8.654881, -0.84773314, -4.032383, -0.920058]"
an actress saved a salad for me .,the priest gave us the tea .,PD,DO,SAVE,GIVE,A,THE,for,to,-33.160186767578125,"[-2.8500702, -9.845867, -5.837533, -3.3829756, -1.9083997, -7.9235463, -1.4117969]"
an actress saved a tea for us .,the husband kept the salad for you .,PD,PD,SAVE,KEEP,A,THE,for,for,-39.004573822021484,"[-2.827819, -8.480683, -8.205141, -2.4291668, -8.045449, -2.6524496, -5.572316, -0.7915489]"
an actress saved a tea for us .,the husband kept you the salad .,PD,DO,SAVE,KEEP,A,THE,for,for,-44.28019714355469,"[-2.827819, -8.480683, -8.205141, -7.5281954, -6.724291, -8.980426, -1.5336412]"
an actress saved a tea for us .,the employer left the ball for me .,PD,PD,SAVE,LEAVE,A,THE,for,for,-39.406070709228516,"[-2.827819, -9.992176, -8.505176, -1.777426, -8.365445, -4.5830517, -2.2506375, -1.1043391]"
an actress saved a tea for us .,the employer left me the ball .,PD,DO,SAVE,LEAVE,A,THE,for,for,-37.903602600097656,"[-2.827819, -9.992176, -8.505176, -3.5897324, -3.9654837, -7.0618553, -1.9613631]"
an actress saved him a coffee .,the father drew the bell for you .,DO,PD,SAVE,DRAW,A,THE,for,for,-42.608741760253906,"[-2.8623369, -7.3839197, -9.683055, -2.8001204, -8.282938, -3.0555196, -7.3927803, -1.1480736]"
an actress saved him a coffee .,the father drew you the bell .,DO,DO,SAVE,DRAW,A,THE,for,for,-42.106666564941406,"[-2.8623369, -7.3839197, -9.683055, -8.306581, -3.5644896, -9.120586, -1.1856996]"
an actress saved him a coffee .,the colonel sold the flower to you .,DO,PD,SAVE,SELL,A,THE,for,to,-43.6453857421875,"[-2.8623369, -10.748662, -8.907488, -2.0288417, -8.707503, -1.4460334, -8.108564, -0.8359549]"
an actress saved him a coffee .,the colonel sold you the flower .,DO,DO,SAVE,SELL,A,THE,for,to,-39.66976547241211,"[-2.8623369, -10.748662, -8.907488, -5.709652, -2.7600183, -7.465317, -1.2162927]"
an actress saved me a coffee .,the lady drew the telephone for you .,DO,PD,SAVE,DRAW,A,THE,for,for,-41.723426818847656,"[-2.835541, -8.782552, -8.161814, -3.0623689, -8.095955, -4.3423004, -5.818449, -0.62444973]"
an actress saved me a coffee .,the lady drew you the telephone .,DO,DO,SAVE,DRAW,A,THE,for,for,-39.40863800048828,"[-2.835541, -8.782552, -8.161814, -6.027655, -4.219803, -8.663941, -0.7173351]"
an actress saved me a meal .,the wife sold the anchor to him .,DO,PD,SAVE,SELL,A,THE,for,to,-41.98700714111328,"[-2.837667, -7.7097836, -10.742263, -2.5073254, -11.45619, -1.7066622, -3.8564062, -1.170712]"
an actress saved me a meal .,the wife sold him the anchor .,DO,DO,SAVE,SELL,A,THE,for,to,-40.71233367919922,"[-2.837667, -7.7097836, -10.742263, -3.6225626, -2.9689531, -11.03988, -1.7912239]"
an actress saved me a salad .,the bishop brought the pie to you .,DO,PD,SAVE,BRING,A,THE,for,to,-40.55299377441406,"[-2.847287, -9.840383, -7.905547, -2.6505797, -8.38689, -1.2187809, -6.6550407, -1.0484867]"
an actress saved me a salad .,the bishop brought you the pie .,DO,DO,SAVE,BRING,A,THE,for,to,-36.79817199707031,"[-2.847287, -9.840383, -7.905547, -4.8988686, -2.3603616, -8.102291, -0.8434342]"
an actress saved me a salad .,the priest gave the tea to us .,DO,PD,SAVE,GIVE,A,THE,for,to,-37.02062225341797,"[-2.847287, -9.9216585, -5.8725796, -2.771192, -8.816417, -1.107122, -4.5820007, -1.1023673]"
an actress saved me a salad .,the priest gave us the tea .,DO,DO,SAVE,GIVE,A,THE,for,to,-32.11100769042969,"[-2.847287, -9.9216585, -5.8725796, -3.1934152, -2.2316856, -7.013188, -1.031194]"
an actress saved us a coffee .,the husband promised the plate to you .,DO,PD,SAVE,PROMISE,A,THE,for,to,-43.68705749511719,"[-2.8269086, -8.515362, -8.278889, -3.802085, -10.925913, -2.5992022, -5.764978, -0.97371805]"
an actress saved us a coffee .,the husband promised you the plate .,DO,DO,SAVE,PROMISE,A,THE,for,to,-39.85921096801758,"[-2.8269086, -8.515362, -8.278889, -4.651061, -3.6549115, -10.520012, -1.4120675]"
an actress saved us a meal .,the mayor caught the button for you .,DO,PD,SAVE,CATCH,A,THE,for,for,-42.361629486083984,"[-2.8151104, -7.3712626, -9.377624, -2.4482002, -10.929667, -3.976399, -4.5570602, -0.88630694]"
an actress saved us a meal .,the mayor caught you the button .,DO,DO,SAVE,CATCH,A,THE,for,for,-40.626075744628906,"[-2.8151104, -7.3712626, -9.377624, -3.9530563, -6.323102, -9.574212, -1.2117112]"
an actress saved us a tea .,the husband kept the salad for you .,DO,PD,SAVE,KEEP,A,THE,for,for,-42.092506408691406,"[-2.8351092, -8.521595, -8.418752, -3.1250377, -8.590918, -3.6219628, -6.1095753, -0.86955917]"
an actress saved us a tea .,the husband kept you the salad .,DO,DO,SAVE,KEEP,A,THE,for,for,-43.73967742919922,"[-2.8351092, -8.521595, -8.418752, -7.006046, -7.006412, -8.884801, -1.0669602]"
an actress saved us a tea .,the employer left the ball for me .,DO,PD,SAVE,LEAVE,A,THE,for,for,-41.72260284423828,"[-2.8351092, -10.008982, -8.579675, -2.1699717, -8.316849, -6.119997, -2.644688, -1.047331]"
an actress saved us a tea .,the employer left me the ball .,DO,DO,SAVE,LEAVE,A,THE,for,for,-36.4227294921875,"[-2.8351092, -10.008982, -8.579675, -2.7506258, -3.5366235, -7.3758316, -1.335881]"
an actress saved you a coffee .,the cousin gave the pie to us .,DO,PD,SAVE,GIVE,A,THE,for,to,-40.72356414794922,"[-2.8263242, -11.194681, -8.116959, -3.3533924, -9.108484, -0.6587369, -4.609415, -0.85557264]"
an actress saved you a coffee .,the cousin gave us the pie .,DO,DO,SAVE,GIVE,A,THE,for,to,-36.64580154418945,"[-2.8263242, -11.194681, -8.116959, -3.1216495, -2.2876742, -8.242268, -0.8562457]"
an actress saved you a motor .,the reader found the tea for us .,DO,PD,SAVE,FIND,A,THE,for,for,-44.120811462402344,"[-2.76764, -8.679422, -5.870006, -1.9684403, -12.810077, -4.706298, -6.670621, -0.6483082]"
an actress saved you a motor .,the reader found us the tea .,DO,DO,SAVE,FIND,A,THE,for,for,-43.00245666503906,"[-2.76764, -8.679422, -5.870006, -10.310754, -4.779083, -9.882006, -0.7135468]"
an actress sent a beer to it .,the employee threw the cheese to you .,PD,PD,SEND,THROW,A,THE,to,to,-42.41911315917969,"[-2.6609273, -9.322725, -7.396159, -1.6360538, -8.234525, -3.8282483, -8.764663, -0.575813]"
an actress sent a beer to it .,the employee threw you the cheese .,PD,DO,SEND,THROW,A,THE,to,to,-40.03590393066406,"[-2.6609273, -9.322725, -7.396159, -8.695906, -3.0751114, -8.131009, -0.7540664]"
an actress sent a beer to us .,the kid bought the cigarette for you .,PD,PD,SEND,BUY,A,THE,to,for,-40.668060302734375,"[-2.6999023, -9.564424, -8.323433, -2.3005872, -8.55403, -4.472984, -4.1656184, -0.5870806]"
an actress sent a beer to us .,the kid bought you the cigarette .,PD,DO,SEND,BUY,A,THE,to,for,-38.63622283935547,"[-2.6999023, -9.564424, -8.323433, -4.8173766, -3.6211462, -8.775755, -0.83418417]"
an actress sent a beer to you .,the writer purchased the card for it .,PD,PD,SEND,PURCHASE,A,THE,to,for,-39.28166580200195,"[-2.6786253, -7.2492886, -10.529362, -1.8620489, -6.787467, -2.650548, -6.2816935, -1.242632]"
an actress sent a beer to you .,the writer purchased it the card .,PD,DO,SEND,PURCHASE,A,THE,to,for,-43.110530853271484,"[-2.6786253, -7.2492886, -10.529362, -4.8751974, -5.827341, -10.063823, -1.8868953]"
an actress sent a bell to it .,the king found the guitar for her .,PD,PD,SEND,FIND,A,THE,to,for,-39.1009407043457,"[-2.6813414, -8.136232, -7.374005, -2.4601688, -9.106602, -4.645699, -3.5359316, -1.1609627]"
an actress sent a bell to it .,the king found her the guitar .,PD,DO,SEND,FIND,A,THE,to,for,-40.52882385253906,"[-2.6813414, -8.136232, -7.374005, -4.00566, -4.6675663, -12.139521, -1.5244992]"
an actress sent a box to it .,the physician drew the bottle for you .,PD,PD,SEND,DRAW,A,THE,to,for,-44.437347412109375,"[-2.6201909, -10.850597, -8.08704, -2.6513693, -8.059563, -4.8972116, -6.660836, -0.6105402]"
an actress sent a box to it .,the physician drew you the bottle .,PD,DO,SEND,DRAW,A,THE,to,for,-43.45384216308594,"[-2.6201909, -10.850597, -8.08704, -8.678117, -5.6229844, -6.626877, -0.96803594]"
an actress sent a box to me .,the reader purchased the beer for you .,PD,PD,SEND,PURCHASE,A,THE,to,for,-40.128929138183594,"[-2.6528125, -9.035917, -9.039995, -1.2584698, -8.527365, -3.343532, -5.802598, -0.4682421]"
an actress sent a box to me .,the reader purchased you the beer .,PD,DO,SEND,PURCHASE,A,THE,to,for,-42.833831787109375,"[-2.6528125, -9.035917, -9.039995, -10.359665, -2.887961, -7.8562613, -1.0012205]"
an actress sent a box to you .,the writer bought the motor for me .,PD,PD,SEND,BUY,A,THE,to,for,-35.923316955566406,"[-2.6417413, -7.29332, -9.635448, -2.0668976, -8.261447, -2.3873637, -2.6898112, -0.94729006]"
an actress sent a box to you .,the writer bought me the motor .,PD,DO,SEND,BUY,A,THE,to,for,-38.25555419921875,"[-2.6417413, -7.29332, -9.635448, -4.16617, -3.3682752, -9.301607, -1.8489945]"
an actress sent a coat to us .,the nurse showed the crystal to me .,PD,PD,SEND,SHOW,A,THE,to,to,-37.930171966552734,"[-2.7757568, -9.85727, -7.450903, -3.4308753, -10.762527, -1.1493282, -1.8729388, -0.6305715]"
an actress sent a coat to us .,the nurse showed me the crystal .,PD,DO,SEND,SHOW,A,THE,to,to,-34.5078010559082,"[-2.7757568, -9.85727, -7.450903, -1.3716949, -1.9791137, -9.408572, -1.6644902]"
an actress sent a coffee to her .,the mother sold the pot to me .,PD,PD,SEND,SELL,A,THE,to,to,-36.8990478515625,"[-2.677535, -6.910998, -11.202929, -1.8241099, -7.236843, -0.71131164, -5.4381814, -0.8971405]"
an actress sent a coffee to her .,the mother sold me the pot .,PD,DO,SEND,SELL,A,THE,to,to,-36.79704284667969,"[-2.677535, -6.910998, -11.202929, -5.518057, -2.7333937, -6.6658454, -1.0882869]"
an actress sent her a coffee .,the mother sold the pot to me .,DO,PD,SEND,SELL,A,THE,to,to,-39.12931823730469,"[-2.782034, -6.8957205, -11.276743, -2.796987, -7.6547203, -1.2191083, -5.4391623, -1.0648434]"
an actress sent her a coffee .,the mother sold me the pot .,DO,DO,SEND,SELL,A,THE,to,to,-38.16539764404297,"[-2.782034, -6.8957205, -11.276743, -6.1211667, -3.0760822, -7.064379, -0.94926906]"
an actress sent it a beer .,the employee threw the cheese to you .,DO,PD,SEND,THROW,A,THE,to,to,-42.16456604003906,"[-2.7441046, -9.317701, -7.557876, -1.8523822, -8.17654, -4.408331, -7.484107, -0.62352395]"
an actress sent it a beer .,the employee threw you the cheese .,DO,DO,SEND,THROW,A,THE,to,to,-39.35918426513672,"[-2.7441046, -9.317701, -7.557876, -8.631392, -3.2067192, -7.2180634, -0.6833312]"
an actress sent it a bell .,the king found the guitar for her .,DO,PD,SEND,FIND,A,THE,to,for,-39.6523323059082,"[-2.7799122, -8.133619, -7.402484, -2.8688784, -8.825701, -4.418075, -3.6775737, -1.5460882]"
an actress sent it a bell .,the king found her the guitar .,DO,DO,SEND,FIND,A,THE,to,for,-40.59723663330078,"[-2.7799122, -8.133619, -7.402484, -3.999526, -4.671995, -11.881577, -1.7281257]"
an actress sent it a box .,the physician drew the bottle for you .,DO,PD,SEND,DRAW,A,THE,to,for,-44.560672760009766,"[-2.7510269, -10.664978, -7.940363, -2.742261, -8.244644, -4.54277, -6.940359, -0.73426974]"
an actress sent it a box .,the physician drew you the bottle .,DO,DO,SEND,DRAW,A,THE,to,for,-41.746734619140625,"[-2.7510269, -10.664978, -7.940363, -8.476404, -4.5291924, -6.40895, -0.9758197]"
an actress sent me a box .,the reader purchased the beer for you .,DO,PD,SEND,PURCHASE,A,THE,to,for,-40.68794250488281,"[-2.710911, -8.776901, -8.655485, -1.574149, -8.463469, -3.4849606, -6.519143, -0.50292695]"
an actress sent me a box .,the reader purchased you the beer .,DO,DO,SEND,PURCHASE,A,THE,to,for,-42.840084075927734,"[-2.710911, -8.776901, -8.655485, -10.639633, -4.008713, -7.2820015, -0.7664403]"
an actress sent us a beer .,the kid bought the cigarette for you .,DO,PD,SEND,BUY,A,THE,to,for,-41.57414245605469,"[-2.757393, -9.501123, -8.259375, -2.4788992, -8.344165, -4.6784625, -4.9669113, -0.5878162]"
an actress sent us a beer .,the kid bought you the cigarette .,DO,DO,SEND,BUY,A,THE,to,for,-38.770843505859375,"[-2.757393, -9.501123, -8.259375, -4.3847084, -4.606301, -8.684916, -0.57702994]"
an actress sent us a coat .,the nurse showed the crystal to me .,DO,PD,SEND,SHOW,A,THE,to,to,-40.42916488647461,"[-2.8386612, -9.863212, -7.323473, -3.8619132, -11.142914, -1.805656, -2.675325, -0.91800976]"
an actress sent us a coat .,the nurse showed me the crystal .,DO,DO,SEND,SHOW,A,THE,to,to,-34.84178924560547,"[-2.8386612, -9.863212, -7.323473, -1.0985236, -2.2918367, -9.735712, -1.6903741]"
an actress sent you a beer .,the writer purchased the card for it .,DO,PD,SEND,PURCHASE,A,THE,to,for,-39.79527282714844,"[-2.726153, -7.1519485, -10.208799, -2.0016484, -6.98057, -2.747877, -6.6482964, -1.3299787]"
an actress sent you a beer .,the writer purchased it the card .,DO,DO,SEND,PURCHASE,A,THE,to,for,-43.38277053833008,"[-2.726153, -7.1519485, -10.208799, -4.905329, -5.872411, -10.459757, -2.058373]"
an actress sent you a box .,the writer bought the motor for me .,DO,PD,SEND,BUY,A,THE,to,for,-36.69047164916992,"[-2.7060995, -7.2008724, -9.264812, -2.1280403, -8.128153, -2.8471107, -3.2634158, -1.1519673]"
an actress sent you a box .,the writer bought me the motor .,DO,DO,SEND,BUY,A,THE,to,for,-37.12617111206055,"[-2.7060995, -7.2008724, -9.264812, -3.1528034, -3.9800515, -9.227375, -1.5941576]"
an actress showed a juice to him .,the captain sent the cheese to us .,PD,PD,SHOW,SEND,A,THE,to,to,-37.5009651184082,"[-2.7377462, -8.310524, -7.25924, -1.8768959, -11.046256, -0.5974939, -4.8514442, -0.8213645]"
an actress showed a juice to him .,the captain sent us the cheese .,PD,DO,SHOW,SEND,A,THE,to,to,-37.63201141357422,"[-2.7377462, -8.310524, -7.25924, -5.382514, -2.4886737, -10.007176, -1.4461362]"
an actress showed a salad to them .,the brother kept the button for you .,PD,PD,SHOW,KEEP,A,THE,to,for,-43.94526672363281,"[-2.7697823, -9.108907, -10.36816, -3.124541, -8.939991, -4.392549, -4.3721256, -0.8692075]"
an actress showed a salad to them .,the brother kept you the button .,PD,DO,SHOW,KEEP,A,THE,to,for,-49.644386291503906,"[-2.7697823, -9.108907, -10.36816, -7.5470037, -6.9918203, -11.072073, -1.7866421]"
an actress showed a salad to them .,the worker purchased the tea for you .,PD,PD,SHOW,PURCHASE,A,THE,to,for,-41.14674377441406,"[-2.7697823, -9.564211, -10.013761, -1.4876769, -6.18239, -2.6939468, -7.6007977, -0.83417785]"
an actress showed a salad to them .,the worker purchased you the tea .,PD,DO,SHOW,PURCHASE,A,THE,to,for,-43.26254653930664,"[-2.7697823, -9.564211, -10.013761, -9.983121, -3.4870198, -5.777335, -1.6673164]"
an actress showed him a juice .,the captain sent the cheese to us .,DO,PD,SHOW,SEND,A,THE,to,to,-39.647003173828125,"[-2.7853432, -8.3146715, -7.2334933, -2.0872211, -11.426788, -0.97062445, -5.792753, -1.0361074]"
an actress showed him a juice .,the captain sent us the cheese .,DO,DO,SHOW,SEND,A,THE,to,to,-35.28681945800781,"[-2.7853432, -8.3146715, -7.2334933, -5.2501335, -2.5155764, -8.134716, -1.0528874]"
an actress showed them a salad .,the brother kept the button for you .,DO,PD,SHOW,KEEP,A,THE,to,for,-44.82447814941406,"[-2.758504, -9.095694, -10.679843, -3.3314748, -8.834199, -4.598729, -4.724695, -0.8013402]"
an actress showed them a salad .,the brother kept you the button .,DO,DO,SHOW,KEEP,A,THE,to,for,-49.90546417236328,"[-2.758504, -9.095694, -10.679843, -7.20365, -7.3002014, -11.529797, -1.337774]"
an actress showed them a salad .,the worker purchased the tea for you .,DO,PD,SHOW,PURCHASE,A,THE,to,for,-42.71569061279297,"[-2.758504, -9.650838, -10.099291, -1.5086887, -6.302438, -2.7263556, -8.6610565, -1.0085204]"
an actress showed them a salad .,the worker purchased you the tea .,DO,DO,SHOW,PURCHASE,A,THE,to,for,-43.48565673828125,"[-2.758504, -9.650838, -10.099291, -10.121236, -3.8900266, -5.7860804, -1.1796796]"
an actress sold a candy to me .,the attorney supplied the guitar to you .,PD,PD,SELL,SUPPLY,A,THE,to,to,-42.37626647949219,"[-2.79337, -8.161589, -11.6073065, -1.6553211, -10.559009, -0.8137038, -6.272146, -0.51382256]"
an actress sold a candy to me .,the attorney supplied you the guitar .,PD,DO,SELL,SUPPLY,A,THE,to,to,-45.99442672729492,"[-2.79337, -8.161589, -11.6073065, -6.5359716, -5.37163, -10.309248, -1.2153119]"
an actress sold a candy to you .,the adult left the jacket for it .,PD,PD,SELL,LEAVE,A,THE,to,for,-44.5462646484375,"[-2.7815685, -9.638636, -8.711515, -1.8859932, -10.131276, -4.2271485, -6.0007563, -1.1693698]"
an actress sold a candy to you .,the adult left it the jacket .,PD,DO,SELL,LEAVE,A,THE,to,for,-44.7838134765625,"[-2.7815685, -9.638636, -8.711515, -4.28841, -6.256854, -11.478989, -1.6278396]"
an actress sold a chocolate to him .,the professor sent the tea to me .,PD,PD,SELL,SEND,A,THE,to,to,-33.047733306884766,"[-2.7358167, -8.598156, -6.8069286, -2.0336986, -9.035202, -0.46393734, -2.4355316, -0.9384619]"
an actress sold a chocolate to him .,the professor sent me the tea .,PD,DO,SELL,SEND,A,THE,to,to,-32.81768798828125,"[-2.7358167, -8.598156, -6.8069286, -2.0247684, -2.6512055, -8.764211, -1.2366025]"
an actress sold a juice to him .,the worker brought the pie to us .,PD,PD,SELL,BRING,A,THE,to,to,-32.50703048706055,"[-2.7969527, -9.561224, -6.032693, -1.779697, -7.520801, -0.4044482, -3.6760583, -0.73515725]"
an actress sold a juice to him .,the worker brought us the pie .,PD,DO,SELL,BRING,A,THE,to,to,-33.552337646484375,"[-2.7969527, -9.561224, -6.032693, -4.613503, -2.228967, -7.4580107, -0.86098963]"
an actress sold a juice to it .,the scientist supplied the tea to you .,PD,PD,SELL,SUPPLY,A,THE,to,to,-40.28864288330078,"[-2.7595694, -9.522572, -9.841016, -1.2920644, -8.094691, -1.3459711, -6.8427052, -0.59005475]"
an actress sold a juice to it .,the scientist supplied you the tea .,PD,DO,SELL,SUPPLY,A,THE,to,to,-41.568424224853516,"[-2.7595694, -9.522572, -9.841016, -6.253413, -5.103881, -7.2199326, -0.8680407]"
an actress sold a juice to us .,the colonel saved the candy for you .,PD,PD,SELL,SAVE,A,THE,to,for,-43.73882293701172,"[-2.8036106, -11.040862, -10.063204, -1.6453769, -10.279005, -2.499256, -4.8504863, -0.557019]"
an actress sold a juice to us .,the colonel saved you the candy .,PD,DO,SELL,SAVE,A,THE,to,for,-46.92347717285156,"[-2.8036106, -11.040862, -10.063204, -5.8276453, -3.833678, -12.305405, -1.0490727]"
an actress sold a juice to you .,the princess made the cigarette for us .,PD,PD,SELL,MAKE,A,THE,to,for,-41.30050277709961,"[-2.7780488, -10.0046425, -5.920022, -2.9380002, -10.054538, -4.7857676, -4.081365, -0.7381192]"
an actress sold a juice to you .,the princess made us the cigarette .,PD,DO,SELL,MAKE,A,THE,to,for,-41.169334411621094,"[-2.7780488, -10.0046425, -5.920022, -6.2708516, -4.915534, -10.258158, -1.0220805]"
an actress sold a pie to it .,the bishop promised the coffee to you .,PD,PD,SELL,PROMISE,A,THE,to,to,-42.06520080566406,"[-2.7582204, -9.769587, -7.192773, -2.8442187, -10.297494, -1.639578, -6.6777573, -0.88557565]"
an actress sold a pie to it .,the bishop promised you the coffee .,PD,DO,SELL,PROMISE,A,THE,to,to,-38.86302185058594,"[-2.7582204, -9.769587, -7.192773, -6.7248664, -2.9888518, -8.464557, -0.9641663]"
an actress sold a pie to us .,the uncle took the plate to you .,PD,PD,SELL,TAKE,A,THE,to,to,-38.513038635253906,"[-2.789442, -10.546649, -7.150901, -1.9389277, -6.5602, -1.7270975, -6.9783216, -0.82149905]"
an actress sold a pie to us .,the uncle took you the plate .,PD,DO,SELL,TAKE,A,THE,to,to,-44.65477752685547,"[-2.789442, -10.546649, -7.150901, -6.556159, -6.726956, -9.48216, -1.4025114]"
an actress sold a tea to him .,the winner designed the hat for her .,PD,PD,SELL,DESIGN,A,THE,to,for,-38.69449996948242,"[-2.7499757, -8.2767315, -12.541964, -0.83952504, -6.503018, -2.596547, -2.738948, -2.4477913]"
an actress sold a tea to him .,the winner designed her the hat .,PD,DO,SELL,DESIGN,A,THE,to,for,-42.05897903442383,"[-2.7499757, -8.2767315, -12.541964, -4.3573036, -6.9591246, -6.0278263, -1.1460531]"
an actress sold a tea to us .,the captain designed the bell for them .,PD,PD,SELL,DESIGN,A,THE,to,for,-40.849205017089844,"[-2.7630217, -8.471682, -10.56702, -0.8935584, -8.65527, -3.1934514, -5.408733, -0.8964677]"
an actress sold a tea to us .,the captain designed them the bell .,PD,DO,SELL,DESIGN,A,THE,to,for,-47.553253173828125,"[-2.7630217, -8.471682, -10.56702, -6.449663, -6.1650696, -10.668471, -2.4683297]"
an actress sold him a chocolate .,the professor sent the tea to me .,DO,PD,SELL,SEND,A,THE,to,to,-35.58026885986328,"[-2.7875721, -8.660976, -6.759863, -2.436308, -9.143318, -1.2821465, -3.261085, -1.2490016]"
an actress sold him a chocolate .,the professor sent me the tea .,DO,DO,SELL,SEND,A,THE,to,to,-31.595130920410156,"[-2.7875721, -8.660976, -6.759863, -1.4855233, -2.845631, -8.220509, -0.83505505]"
an actress sold him a juice .,the worker brought the pie to us .,DO,PD,SELL,BRING,A,THE,to,to,-34.81583786010742,"[-2.8402426, -9.5126, -5.971896, -2.0044196, -8.033829, -0.9477452, -4.488532, -1.0165719]"
an actress sold him a juice .,the worker brought us the pie .,DO,DO,SELL,BRING,A,THE,to,to,-33.01877975463867,"[-2.8402426, -9.5126, -5.971896, -4.0938826, -2.4714096, -7.4557643, -0.67298347]"
an actress sold him a tea .,the winner designed the hat for her .,DO,PD,SELL,DESIGN,A,THE,to,for,-40.59490966796875,"[-2.8013449, -8.32485, -12.359578, -0.93883026, -6.6402063, -2.7911487, -3.073715, -3.6652377]"
an actress sold him a tea .,the winner designed her the hat .,DO,DO,SELL,DESIGN,A,THE,to,for,-41.69689178466797,"[-2.8013449, -8.32485, -12.359578, -4.422817, -6.9490004, -5.9162865, -0.9230167]"
an actress sold it a juice .,the scientist supplied the tea to you .,DO,PD,SELL,SUPPLY,A,THE,to,to,-42.786041259765625,"[-2.7983756, -9.58172, -9.806023, -1.5530076, -8.5478325, -2.753182, -7.027668, -0.71823335]"
an actress sold it a juice .,the scientist supplied you the tea .,DO,DO,SELL,SUPPLY,A,THE,to,to,-41.07386779785156,"[-2.7983756, -9.58172, -9.806023, -6.3703885, -4.2772293, -7.4235735, -0.8165587]"
an actress sold it a pie .,the bishop promised the coffee to you .,DO,PD,SELL,PROMISE,A,THE,to,to,-43.63240432739258,"[-2.7839556, -9.851919, -7.2579412, -2.734591, -10.313344, -2.9732351, -6.646673, -1.0707461]"
an actress sold it a pie .,the bishop promised you the coffee .,DO,DO,SELL,PROMISE,A,THE,to,to,-38.2763671875,"[-2.7839556, -9.851919, -7.2579412, -6.3608203, -3.1246698, -7.99963, -0.8974302]"
an actress sold me a candy .,the attorney supplied the guitar to you .,DO,PD,SELL,SUPPLY,A,THE,to,to,-46.151363372802734,"[-2.7925282, -8.093328, -11.711634, -2.350574, -11.103634, -2.0265603, -7.3103194, -0.7627858]"
an actress sold me a candy .,the attorney supplied you the guitar .,DO,DO,SELL,SUPPLY,A,THE,to,to,-46.448036193847656,"[-2.7925282, -8.093328, -11.711634, -6.750054, -5.3519464, -10.568748, -1.1797992]"
an actress sold us a juice .,the colonel saved the candy for you .,DO,PD,SELL,SAVE,A,THE,to,for,-44.9742546081543,"[-2.83914, -11.204884, -9.990984, -1.9642384, -10.713531, -2.830583, -4.8483853, -0.58251244]"
an actress sold us a juice .,the colonel saved you the candy .,DO,DO,SELL,SAVE,A,THE,to,for,-45.899574279785156,"[-2.83914, -11.204884, -9.990984, -5.419135, -4.0937643, -11.664082, -0.6875855]"
an actress sold us a pie .,the uncle took the plate to you .,DO,PD,SELL,TAKE,A,THE,to,to,-40.977996826171875,"[-2.8214374, -10.7409, -6.812344, -2.1857429, -6.7409077, -2.6211214, -8.123875, -0.93166757]"
an actress sold us a pie .,the uncle took you the plate .,DO,DO,SELL,TAKE,A,THE,to,to,-44.28391647338867,"[-2.8214374, -10.7409, -6.812344, -5.9504914, -7.1893477, -9.753346, -1.0160484]"
an actress sold us a tea .,the captain designed the bell for them .,DO,PD,SELL,DESIGN,A,THE,to,for,-42.292686462402344,"[-2.810254, -8.546841, -10.326893, -1.0596195, -9.190338, -3.3243492, -6.051778, -0.9826156]"
an actress sold us a tea .,the captain designed them the bell .,DO,DO,SELL,DESIGN,A,THE,to,for,-46.48963165283203,"[-2.810254, -8.546841, -10.326893, -5.764543, -5.9413147, -11.268529, -1.831259]"
an actress sold you a candy .,the adult left the jacket for it .,DO,PD,SELL,LEAVE,A,THE,to,for,-44.961402893066406,"[-2.7886574, -9.545107, -9.175779, -2.2400687, -9.905979, -4.003691, -6.0931787, -1.2089419]"
an actress sold you a candy .,the adult left it the jacket .,DO,DO,SELL,LEAVE,A,THE,to,for,-45.204078674316406,"[-2.7886574, -9.545107, -9.175779, -4.2425365, -6.389385, -11.504517, -1.5580981]"
an actress sold you a juice .,the princess made the cigarette for us .,DO,PD,SELL,MAKE,A,THE,to,for,-42.301353454589844,"[-2.795167, -9.917823, -6.0320435, -3.0994782, -10.235025, -5.074327, -4.377107, -0.7703812]"
an actress sold you a juice .,the princess made us the cigarette .,DO,DO,SELL,MAKE,A,THE,to,for,-40.781166076660156,"[-2.795167, -9.917823, -6.0320435, -5.6909385, -5.704384, -9.863118, -0.77769434]"
an actress supplied a beer to us .,the mother brought the coffee to it .,PD,PD,SUPPLY,BRING,A,THE,to,to,-36.50585174560547,"[-2.8102489, -7.0875683, -8.569715, -2.2263775, -6.1150064, -0.5220666, -8.484365, -0.69050545]"
an actress supplied a beer to us .,the mother brought it the coffee .,PD,DO,SUPPLY,BRING,A,THE,to,to,-36.08064651489258,"[-2.8102489, -7.0875683, -8.569715, -4.0032654, -7.565626, -5.2250586, -0.819163]"
an actress supplied a beer to you .,the princess promised the tea to them .,PD,PD,SUPPLY,PROMISE,A,THE,to,to,-39.99082565307617,"[-2.7842293, -9.966198, -8.226714, -3.6823635, -7.460808, -1.576631, -5.3144045, -0.9794787]"
an actress supplied a beer to you .,the princess promised them the tea .,PD,DO,SUPPLY,PROMISE,A,THE,to,to,-36.48588943481445,"[-2.7842293, -9.966198, -8.226714, -4.9342995, -3.0430603, -6.424923, -1.1064664]"
an actress supplied a bottle to me .,the wife kept the chicken for you .,PD,PD,SUPPLY,KEEP,A,THE,to,for,-42.16376495361328,"[-2.8214529, -7.8914084, -8.945643, -2.917563, -7.4800663, -3.6095247, -7.5618763, -0.9362283]"
an actress supplied a bottle to me .,the wife kept you the chicken .,PD,DO,SUPPLY,KEEP,A,THE,to,for,-43.667850494384766,"[-2.8214529, -7.8914084, -8.945643, -7.6598325, -6.6773005, -8.162122, -1.5100902]"
an actress supplied a bottle to you .,the singer gave the juice to me .,PD,PD,SUPPLY,GIVE,A,THE,to,to,-34.074256896972656,"[-2.8131964, -8.1042, -6.0896573, -2.6066735, -10.263168, -0.27628914, -2.855368, -1.0657055]"
an actress supplied a bottle to you .,the singer gave me the juice .,PD,DO,SUPPLY,GIVE,A,THE,to,to,-32.42496109008789,"[-2.8131964, -8.1042, -6.0896573, -3.6248581, -2.6227126, -7.6005716, -1.5697625]"
an actress supplied a coffee to him .,the parent fed the chocolate to us .,PD,PD,SUPPLY,FEED,A,THE,to,to,-40.096534729003906,"[-2.7940917, -9.081886, -13.452496, -1.9440243, -6.2286777, -1.0374682, -4.9448495, -0.61304164]"
an actress supplied a coffee to him .,the parent fed us the chocolate .,PD,DO,SUPPLY,FEED,A,THE,to,to,-40.9391975402832,"[-2.7940917, -9.081886, -13.452496, -6.518464, -2.9674916, -4.959279, -1.1654894]"
an actress supplied a coffee to us .,the colonel sold the flower to you .,PD,PD,SUPPLY,SELL,A,THE,to,to,-41.01848220825195,"[-2.80442, -10.877462, -9.290953, -1.6043895, -8.681635, -0.68729883, -6.439163, -0.63316077]"
an actress supplied a coffee to us .,the colonel sold you the flower .,PD,DO,SUPPLY,SELL,A,THE,to,to,-39.51659393310547,"[-2.80442, -10.877462, -9.290953, -5.2586665, -2.484634, -7.481325, -1.3191315]"
an actress supplied a coffee to you .,the singer gave the tea to her .,PD,PD,SUPPLY,GIVE,A,THE,to,to,-33.902252197265625,"[-2.7814672, -8.165672, -6.1701226, -2.5685809, -9.086613, -0.2178018, -3.0349116, -1.8770839]"
an actress supplied a coffee to you .,the singer gave her the tea .,PD,DO,SUPPLY,GIVE,A,THE,to,to,-34.158573150634766,"[-2.7814672, -8.165672, -6.1701226, -2.3571656, -4.550049, -8.505907, -1.6281903]"
an actress supplied a flower to them .,the brother sent the television to me .,PD,PD,SUPPLY,SEND,A,THE,to,to,-40.1995849609375,"[-2.80663, -9.186481, -8.728974, -2.2584934, -9.429098, -2.948816, -3.7007756, -1.1403176]"
an actress supplied a flower to them .,the brother sent me the television .,PD,DO,SUPPLY,SEND,A,THE,to,to,-38.196678161621094,"[-2.80663, -9.186481, -8.728974, -2.7100677, -2.5017061, -10.052445, -2.2103753]"
an actress supplied a meal to me .,the teacher fed the chocolate to her .,PD,PD,SUPPLY,FEED,A,THE,to,to,-37.886619567871094,"[-2.8010237, -8.895611, -10.311846, -2.123626, -7.5641246, -1.0913491, -2.3441195, -2.7549212]"
an actress supplied a meal to me .,the teacher fed her the chocolate .,PD,DO,SUPPLY,FEED,A,THE,to,to,-34.58531188964844,"[-2.8010237, -8.895611, -10.311846, -1.9102614, -4.4526353, -4.6617756, -1.5521576]"
an actress supplied a pie to them .,the father fed the chicken to me .,PD,PD,SUPPLY,FEED,A,THE,to,to,-33.3323860168457,"[-2.806845, -7.391948, -12.04874, -1.384017, -4.634319, -0.5907503, -3.7069883, -0.7687791]"
an actress supplied a pie to them .,the father fed me the chicken .,PD,DO,SUPPLY,FEED,A,THE,to,to,-35.46852111816406,"[-2.806845, -7.391948, -12.04874, -3.6701727, -3.0527275, -4.7202888, -1.777797]"
an actress supplied a pie to us .,the singer kept the button for them .,PD,PD,SUPPLY,KEEP,A,THE,to,for,-43.643829345703125,"[-2.8060653, -8.091244, -7.8667645, -3.2318578, -8.372381, -4.9331717, -6.741692, -1.6006535]"
an actress supplied a pie to us .,the singer kept them the button .,PD,DO,SUPPLY,KEEP,A,THE,to,for,-46.907257080078125,"[-2.8060653, -8.091244, -7.8667645, -6.5131764, -6.4927697, -12.135581, -3.0016549]"
an actress supplied a salad to him .,the partner sold the coffee to you .,PD,PD,SUPPLY,SELL,A,THE,to,to,-37.828956604003906,"[-2.8124702, -10.174427, -7.9197903, -1.5338892, -7.2048635, -0.8710536, -6.5952306, -0.71723306]"
an actress supplied a salad to him .,the partner sold you the coffee .,PD,DO,SUPPLY,SELL,A,THE,to,to,-37.13238525390625,"[-2.8124702, -10.174427, -7.9197903, -6.2823834, -2.7974727, -6.0893855, -1.0564572]"
an actress supplied a salad to us .,the minister delivered the juice for you .,PD,PD,SUPPLY,DELIVER,A,THE,to,for,-46.588741302490234,"[-2.8304603, -8.583973, -9.382163, -2.0753503, -13.781989, -4.6715364, -4.385065, -0.87820256]"
an actress supplied a salad to us .,the minister delivered you the juice .,PD,DO,SUPPLY,DELIVER,A,THE,to,for,-43.839996337890625,"[-2.8304603, -8.583973, -9.382163, -10.578149, -2.2612987, -9.2712345, -0.9327176]"
an actress supplied him a coffee .,the parent fed the chocolate to us .,DO,PD,SUPPLY,FEED,A,THE,to,to,-44.1378059387207,"[-2.8427584, -9.057585, -13.204576, -2.1904511, -6.98038, -2.6970077, -6.4164696, -0.7485784]"
an actress supplied him a coffee .,the parent fed us the chocolate .,DO,DO,SUPPLY,FEED,A,THE,to,to,-40.94210433959961,"[-2.8427584, -9.057585, -13.204576, -6.3816924, -2.9891596, -5.4023256, -1.064008]"
an actress supplied him a salad .,the partner sold the coffee to you .,DO,PD,SUPPLY,SELL,A,THE,to,to,-40.929443359375,"[-2.8337579, -10.1607685, -7.696353, -1.7638813, -7.804317, -2.1484637, -7.604836, -0.9170633]"
an actress supplied him a salad .,the partner sold you the coffee .,DO,DO,SUPPLY,SELL,A,THE,to,to,-36.51382827758789,"[-2.8337579, -10.1607685, -7.696353, -5.9775577, -2.8788114, -6.139225, -0.8273549]"
an actress supplied me a bottle .,the wife kept the chicken for you .,DO,PD,SUPPLY,KEEP,A,THE,to,for,-43.01116180419922,"[-2.8278217, -7.863778, -8.74776, -3.166729, -7.8190937, -3.440452, -8.205559, -0.9399699]"
an actress supplied me a bottle .,the wife kept you the chicken .,DO,DO,SUPPLY,KEEP,A,THE,to,for,-41.96391296386719,"[-2.8278217, -7.863778, -8.74776, -7.4997435, -6.428928, -7.398234, -1.197648]"
an actress supplied me a meal .,the teacher fed the chocolate to her .,DO,PD,SUPPLY,FEED,A,THE,to,to,-40.228389739990234,"[-2.8186376, -8.935251, -10.169288, -2.2708812, -8.183712, -2.4656563, -1.8168302, -3.5681338]"
an actress supplied me a meal .,the teacher fed her the chocolate .,DO,DO,SUPPLY,FEED,A,THE,to,to,-34.19172668457031,"[-2.8186376, -8.935251, -10.169288, -1.9234977, -4.5121903, -4.615801, -1.2170604]"
an actress supplied them a flower .,the brother sent the television to me .,DO,PD,SUPPLY,SEND,A,THE,to,to,-41.36651611328125,"[-2.7982686, -9.213448, -8.754421, -2.3126695, -9.051397, -3.6606793, -4.25126, -1.3243726]"
an actress supplied them a flower .,the brother sent me the television .,DO,DO,SUPPLY,SEND,A,THE,to,to,-37.31399917602539,"[-2.7982686, -9.213448, -8.754421, -2.1770666, -2.6395373, -9.858193, -1.8730671]"
an actress supplied them a pie .,the father fed the chicken to me .,DO,PD,SUPPLY,FEED,A,THE,to,to,-37.06953811645508,"[-2.7851193, -7.361689, -12.271039, -1.541559, -5.3352585, -1.5232878, -5.381217, -0.87036604]"
an actress supplied them a pie .,the father fed me the chicken .,DO,DO,SUPPLY,FEED,A,THE,to,to,-35.36581039428711,"[-2.7851193, -7.361689, -12.271039, -3.647641, -3.2247014, -4.7466545, -1.328966]"
an actress supplied us a beer .,the mother brought the coffee to it .,DO,PD,SUPPLY,BRING,A,THE,to,to,-36.9944953918457,"[-2.8341613, -7.105988, -8.4960575, -2.4234228, -6.2768025, -1.695993, -7.463551, -0.6985178]"
an actress supplied us a beer .,the mother brought it the coffee .,DO,DO,SUPPLY,BRING,A,THE,to,to,-35.12095260620117,"[-2.8341613, -7.105988, -8.4960575, -3.8317575, -7.1764994, -5.1033616, -0.5731274]"
an actress supplied us a coffee .,the colonel sold the flower to you .,DO,PD,SUPPLY,SELL,A,THE,to,to,-43.381370544433594,"[-2.8510065, -10.73455, -9.319494, -1.7281728, -8.83584, -1.1784027, -7.907627, -0.82627374]"
an actress supplied us a coffee .,the colonel sold you the flower .,DO,DO,SUPPLY,SELL,A,THE,to,to,-39.24382400512695,"[-2.8510065, -10.73455, -9.319494, -5.2006946, -2.5818481, -7.421698, -1.1345317]"
an actress supplied us a pie .,the singer kept the button for them .,DO,PD,SUPPLY,KEEP,A,THE,to,for,-44.13897705078125,"[-2.8568788, -7.8768463, -7.7213106, -3.662277, -8.379894, -5.087986, -6.870269, -1.6835133]"
an actress supplied us a pie .,the singer kept them the button .,DO,DO,SUPPLY,KEEP,A,THE,to,for,-45.55835723876953,"[-2.8568788, -7.8768463, -7.7213106, -6.631668, -6.707441, -11.360762, -2.4034529]"
an actress supplied us a salad .,the minister delivered the juice for you .,DO,PD,SUPPLY,DELIVER,A,THE,to,for,-47.430877685546875,"[-2.8350801, -8.607589, -9.321423, -2.302414, -13.353405, -3.4660764, -6.4862275, -1.0586649]"
an actress supplied us a salad .,the minister delivered you the juice .,DO,DO,SUPPLY,DELIVER,A,THE,to,for,-41.982948303222656,"[-2.8350801, -8.607589, -9.321423, -9.823076, -2.596712, -8.076496, -0.7225717]"
an actress supplied you a beer .,the princess promised the tea to them .,DO,PD,SUPPLY,PROMISE,A,THE,to,to,-40.871604919433594,"[-2.8235106, -9.729946, -7.8523564, -3.8365967, -7.720424, -2.7005212, -5.1451683, -1.063081]"
an actress supplied you a beer .,the princess promised them the tea .,DO,DO,SUPPLY,PROMISE,A,THE,to,to,-35.295345306396484,"[-2.8235106, -9.729946, -7.8523564, -4.567157, -3.1829617, -6.3471346, -0.79227877]"
an actress supplied you a bottle .,the singer gave the juice to me .,DO,PD,SUPPLY,GIVE,A,THE,to,to,-35.933441162109375,"[-2.8474517, -7.919057, -5.9823318, -2.652635, -10.388674, -0.65498877, -4.1736674, -1.3146391]"
an actress supplied you a bottle .,the singer gave me the juice .,DO,DO,SUPPLY,GIVE,A,THE,to,to,-30.779876708984375,"[-2.8474517, -7.919057, -5.9823318, -2.8996959, -2.6461425, -7.3454294, -1.1397706]"
an actress supplied you a coffee .,the singer gave the tea to her .,DO,PD,SUPPLY,GIVE,A,THE,to,to,-36.74847412109375,"[-2.8388972, -7.9596653, -6.0336676, -2.6311424, -9.740424, -0.8680843, -2.1009152, -4.5756783]"
an actress supplied you a coffee .,the singer gave her the tea .,DO,DO,SUPPLY,GIVE,A,THE,to,to,-34.87435531616211,"[-2.8388972, -7.9596653, -6.0336676, -2.4240472, -4.768052, -9.72522, -1.1248065]"
an actress threw a card to him .,the hero found the flower for me .,PD,PD,THROW,FIND,A,THE,to,for,-38.55356216430664,"[-2.8310862, -9.378369, -6.0054884, -2.1456642, -7.38466, -5.208876, -4.6431484, -0.9562707]"
an actress threw a card to him .,the hero found me the flower .,PD,DO,THROW,FIND,A,THE,to,for,-38.85866928100586,"[-2.8310862, -9.378369, -6.0054884, -6.8634605, -4.224481, -7.413269, -2.1425157]"
an actress threw a chicken to it .,the lawyer drew the flower for us .,PD,PD,THROW,DRAW,A,THE,to,for,-44.19634246826172,"[-2.8152175, -8.730795, -8.078906, -2.8396118, -10.453067, -3.8716261, -6.224343, -1.182775]"
an actress threw a chicken to it .,the lawyer drew us the flower .,PD,DO,THROW,DRAW,A,THE,to,for,-42.91328430175781,"[-2.8152175, -8.730795, -8.078906, -8.406679, -3.9491467, -9.183722, -1.7488182]"
an actress threw a chicken to me .,the nurse drew the anchor for you .,PD,PD,THROW,DRAW,A,THE,to,for,-44.33544158935547,"[-2.8513792, -9.707321, -6.885996, -2.9322944, -9.782715, -4.401156, -6.8552823, -0.91929907]"
an actress threw a chicken to me .,the nurse drew you the anchor .,PD,DO,THROW,DRAW,A,THE,to,for,-44.02992630004883,"[-2.8513792, -9.707321, -6.885996, -8.0271015, -5.0759764, -9.61785, -1.8643]"
an actress threw a coffee to him .,the cop supplied the candy to us .,PD,PD,THROW,SUPPLY,A,THE,to,to,-43.145599365234375,"[-2.8237536, -9.794523, -11.514164, -1.6219622, -9.5094185, -1.237213, -5.8851805, -0.7593871]"
an actress threw a coffee to him .,the cop supplied us the candy .,PD,DO,THROW,SUPPLY,A,THE,to,to,-42.780433654785156,"[-2.8237536, -9.794523, -11.514164, -4.0009675, -4.434186, -9.024162, -1.1886746]"
an actress threw a coffee to me .,the man saved the juice for it .,PD,PD,THROW,SAVE,A,THE,to,for,-42.31785583496094,"[-2.8281827, -5.525771, -9.361168, -1.9808478, -11.645946, -3.2387226, -6.8114285, -0.92578787]"
an actress threw a coffee to me .,the man saved it the juice .,PD,DO,THROW,SAVE,A,THE,to,for,-42.693695068359375,"[-2.8281827, -5.525771, -9.361168, -5.252711, -6.624338, -11.969693, -1.1318333]"
an actress threw a coffee to us .,the administration designed the cigarette for me .,PD,PD,THROW,DESIGN,A,THE,to,for,-44.813194274902344,"[-2.8359752, -8.116812, -10.2674465, -0.8771342, -10.813688, -5.0633364, -5.698592, -1.1402067]"
an actress threw a coffee to us .,the administration designed me the cigarette .,PD,DO,THROW,DESIGN,A,THE,to,for,-44.793190002441406,"[-2.8359752, -8.116812, -10.2674465, -8.552543, -3.9709058, -9.762249, -1.2872558]"
an actress threw a coffee to you .,the scientist drew the telephone for him .,PD,PD,THROW,DRAW,A,THE,to,for,-39.755699157714844,"[-2.8132613, -9.781446, -7.7419605, -2.8404446, -8.113173, -4.254776, -3.5470273, -0.66361]"
an actress threw a coffee to you .,the scientist drew him the telephone .,PD,DO,THROW,DRAW,A,THE,to,for,-39.36556625366211,"[-2.8132613, -9.781446, -7.7419605, -6.109391, -3.9586682, -7.65621, -1.3046265]"
an actress threw a machine to it .,the mother sold the pot to me .,PD,PD,THROW,SELL,A,THE,to,to,-35.074649810791016,"[-2.780835, -7.1291246, -10.114721, -1.5993304, -7.356838, -0.7462262, -4.2966743, -1.0508997]"
an actress threw a machine to it .,the mother sold me the pot .,PD,DO,THROW,SELL,A,THE,to,to,-35.72522735595703,"[-2.780835, -7.1291246, -10.114721, -4.869571, -2.5545268, -7.130678, -1.1457716]"
an actress threw a machine to me .,the writer bought the pie for us .,PD,PD,THROW,BUY,A,THE,to,for,-40.341190338134766,"[-2.8311605, -7.423334, -8.922063, -2.2096233, -10.703284, -2.7524629, -4.504792, -0.9944698]"
an actress threw a machine to me .,the writer bought us the pie .,PD,DO,THROW,BUY,A,THE,to,for,-39.68806838989258,"[-2.8311605, -7.423334, -8.922063, -6.44923, -3.4514692, -9.471443, -1.1393692]"
an actress threw a tea to them .,the leader made the guitar for him .,PD,PD,THROW,MAKE,A,THE,to,for,-45.534454345703125,"[-2.8257525, -7.0931516, -11.832941, -1.6526544, -13.746245, -4.422316, -3.0534315, -0.9079634]"
an actress threw a tea to them .,the leader made him the guitar .,PD,DO,THROW,MAKE,A,THE,to,for,-45.531494140625,"[-2.8257525, -7.0931516, -11.832941, -6.096381, -3.6093407, -10.765435, -3.308495]"
an actress threw a tea to you .,the doctor showed the juice to him .,PD,PD,THROW,SHOW,A,THE,to,to,-34.74607467651367,"[-2.8084624, -8.314765, -7.025046, -2.813645, -9.251762, -0.6274806, -3.120356, -0.78455806]"
an actress threw a tea to you .,the doctor showed him the juice .,PD,DO,THROW,SHOW,A,THE,to,to,-32.638954162597656,"[-2.8084624, -8.314765, -7.025046, -3.0607467, -1.7760559, -8.378216, -1.2756622]"
an actress threw an anchor to it .,the lady made the engine for him .,PD,PD,THROW,MAKE,A,THE,to,for,-44.27780532836914,"[-2.8059454, -8.988939, -6.761535, -2.4155283, -10.972565, -5.8569326, -5.3018937, -1.1744655]"
an actress threw an anchor to it .,the lady made him the engine .,PD,DO,THROW,MAKE,A,THE,to,for,-41.65187454223633,"[-2.8059454, -8.988939, -6.761535, -4.9342346, -6.0764427, -10.840966, -1.2438086]"
an actress threw an anchor to them .,the champion brought the hat to me .,PD,PD,THROW,BRING,A,THE,to,to,-37.91720962524414,"[-2.8361773, -10.21273, -7.7288733, -2.6858144, -6.918933, -1.9536613, -4.572301, -1.0087194]"
an actress threw an anchor to them .,the champion brought me the hat .,PD,DO,THROW,BRING,A,THE,to,to,-37.87030792236328,"[-2.8361773, -10.21273, -7.7288733, -5.137855, -2.7888103, -7.87304, -1.2928232]"
an actress threw an anchor to you .,the pilot saved the beer for me .,PD,PD,THROW,SAVE,A,THE,to,for,-37.592872619628906,"[-2.8262136, -8.132486, -8.503277, -1.4563968, -10.11229, -3.139164, -2.8211796, -0.6018658]"
an actress threw an anchor to you .,the pilot saved me the beer .,PD,DO,THROW,SAVE,A,THE,to,for,-39.45636749267578,"[-2.8262136, -8.132486, -8.503277, -3.8672683, -3.6553292, -11.654242, -0.81755126]"
an actress threw him a card .,the hero found the flower for me .,DO,PD,THROW,FIND,A,THE,to,for,-39.386329650878906,"[-2.8889031, -9.356436, -5.906938, -2.517456, -7.449498, -5.517076, -4.7659388, -0.9840853]"
an actress threw him a card .,the hero found me the flower .,DO,DO,THROW,FIND,A,THE,to,for,-39.56610870361328,"[-2.8889031, -9.356436, -5.906938, -6.5634785, -4.3113623, -8.578179, -1.9608119]"
an actress threw him a coffee .,the cop supplied the candy to us .,DO,PD,THROW,SUPPLY,A,THE,to,to,-44.73023986816406,"[-2.8670907, -9.833464, -11.45936, -1.9664835, -9.244588, -2.373408, -6.2028565, -0.7829887]"
an actress threw him a coffee .,the cop supplied us the candy .,DO,DO,THROW,SUPPLY,A,THE,to,to,-41.975284576416016,"[-2.8670907, -9.833464, -11.45936, -3.580896, -4.438007, -8.785245, -1.0112222]"
an actress threw it a chicken .,the lawyer drew the flower for us .,DO,PD,THROW,DRAW,A,THE,to,for,-45.8798828125,"[-2.797842, -8.899868, -8.206193, -2.8596573, -12.032165, -3.817067, -5.9166546, -1.3504335]"
an actress threw it a chicken .,the lawyer drew us the flower .,DO,DO,THROW,DRAW,A,THE,to,for,-43.36007308959961,"[-2.797842, -8.899868, -8.206193, -7.842654, -4.0335836, -9.846216, -1.733716]"
an actress threw it a machine .,the mother sold the pot to me .,DO,PD,THROW,SELL,A,THE,to,to,-37.21110916137695,"[-2.8323817, -7.248204, -10.278746, -1.8909969, -7.623542, -1.424941, -4.5217056, -1.3905935]"
an actress threw it a machine .,the mother sold me the pot .,DO,DO,THROW,SELL,A,THE,to,to,-37.032081604003906,"[-2.8323817, -7.248204, -10.278746, -4.868373, -2.9322662, -7.713742, -1.158369]"
an actress threw it an anchor .,the lady made the engine for him .,DO,PD,THROW,MAKE,A,THE,to,for,-44.049041748046875,"[-2.8361363, -8.920275, -6.627376, -2.7133126, -10.361343, -6.4638033, -4.9039836, -1.2228112]"
an actress threw it an anchor .,the lady made him the engine .,DO,DO,THROW,MAKE,A,THE,to,for,-41.27944564819336,"[-2.8361363, -8.920275, -6.627376, -4.712091, -6.2189155, -10.955058, -1.0095943]"
an actress threw me a chicken .,the nurse drew the anchor for you .,DO,PD,THROW,DRAW,A,THE,to,for,-45.238548278808594,"[-2.8430195, -9.90429, -6.9839697, -3.0661466, -9.540702, -4.472973, -7.4811835, -0.9462639]"
an actress threw me a chicken .,the nurse drew you the anchor .,DO,DO,THROW,DRAW,A,THE,to,for,-42.59218215942383,"[-2.8430195, -9.90429, -6.9839697, -6.955571, -5.3334775, -9.120495, -1.451362]"
an actress threw me a coffee .,the man saved the juice for it .,DO,PD,THROW,SAVE,A,THE,to,for,-43.884159088134766,"[-2.8703802, -5.5634584, -9.300956, -2.5663471, -11.998871, -3.918575, -6.7682166, -0.89735526]"
an actress threw me a coffee .,the man saved it the juice .,DO,DO,THROW,SAVE,A,THE,to,for,-42.853694915771484,"[-2.8703802, -5.5634584, -9.300956, -5.5932903, -6.8389077, -11.630555, -1.056148]"
an actress threw me a machine .,the writer bought the pie for us .,DO,PD,THROW,BUY,A,THE,to,for,-40.87812805175781,"[-2.8869479, -7.402046, -8.632025, -2.544477, -10.679474, -2.855804, -4.752504, -1.1248515]"
an actress threw me a machine .,the writer bought us the pie .,DO,DO,THROW,BUY,A,THE,to,for,-38.04423904418945,"[-2.8869479, -7.402046, -8.632025, -5.453981, -3.5846617, -9.146036, -0.9385427]"
an actress threw them a tea .,the leader made the guitar for him .,DO,PD,THROW,MAKE,A,THE,to,for,-45.681678771972656,"[-2.8541732, -7.229786, -11.183818, -1.8651187, -13.47024, -4.9375453, -3.1143866, -1.0266083]"
an actress threw them a tea .,the leader made him the guitar .,DO,DO,THROW,MAKE,A,THE,to,for,-43.91412353515625,"[-2.8541732, -7.229786, -11.183818, -5.550787, -4.040268, -10.264669, -2.7906227]"
an actress threw them an anchor .,the champion brought the hat to me .,DO,PD,THROW,BRING,A,THE,to,to,-39.370967864990234,"[-2.836998, -10.124153, -7.7182255, -2.7885022, -7.215741, -2.517055, -5.0474973, -1.1227956]"
an actress threw them an anchor .,the champion brought me the hat .,DO,DO,THROW,BRING,A,THE,to,to,-38.20246124267578,"[-2.836998, -10.124153, -7.7182255, -4.8478017, -2.9337704, -8.48694, -1.2545707]"
an actress threw us a coffee .,the administration designed the cigarette for me .,DO,PD,THROW,DESIGN,A,THE,to,for,-44.39824295043945,"[-2.8673115, -8.186903, -10.114202, -1.2108468, -10.620807, -5.1317387, -5.1313367, -1.1350977]"
an actress threw us a coffee .,the administration designed me the cigarette .,DO,DO,THROW,DESIGN,A,THE,to,for,-42.631160736083984,"[-2.8673115, -8.186903, -10.114202, -7.4155617, -4.1459913, -9.017731, -0.8834611]"
an actress threw you a coffee .,the scientist drew the telephone for him .,DO,PD,THROW,DRAW,A,THE,to,for,-39.867332458496094,"[-2.87696, -9.708124, -7.6527495, -2.8738961, -8.094392, -4.451235, -3.470938, -0.73903745]"
an actress threw you a coffee .,the scientist drew him the telephone .,DO,DO,THROW,DRAW,A,THE,to,for,-38.192138671875,"[-2.87696, -9.708124, -7.6527495, -5.4049554, -4.051349, -7.2373857, -1.2606125]"
an actress threw you a tea .,the doctor showed the juice to him .,DO,PD,THROW,SHOW,A,THE,to,to,-36.734649658203125,"[-2.8504605, -8.278305, -7.0733933, -3.6720834, -9.50405, -1.392262, -3.0881543, -0.8759412]"
an actress threw you a tea .,the doctor showed him the juice .,DO,DO,THROW,SHOW,A,THE,to,to,-32.561668395996094,"[-2.8504605, -8.278305, -7.0733933, -3.2575784, -2.0195103, -8.038073, -1.0443488]"
an actress threw you an anchor .,the pilot saved the beer for me .,DO,PD,THROW,SAVE,A,THE,to,for,-36.79397201538086,"[-2.8551753, -8.172773, -8.22303, -1.5348068, -9.845232, -2.9034195, -2.6104734, -0.64906216]"
an actress threw you an anchor .,the pilot saved me the beer .,DO,DO,THROW,SAVE,A,THE,to,for,-38.198387145996094,"[-2.8551753, -8.172773, -8.22303, -3.444446, -3.524795, -11.239721, -0.73844767]"
an actress took a bell to him .,the secretary fed the chicken to us .,PD,PD,TAKE,FEED,A,THE,to,to,-41.71181106567383,"[-2.723059, -8.637196, -13.166284, -1.8650032, -7.439253, -1.6267585, -5.4857373, -0.7685214]"
an actress took a bell to him .,the secretary fed us the chicken .,PD,DO,TAKE,FEED,A,THE,to,to,-41.49304962158203,"[-2.723059, -8.637196, -13.166284, -6.3783746, -2.5533404, -7.2328043, -0.8019911]"
an actress took a camera to him .,the bishop threw the tea to it .,PD,PD,TAKE,THROW,A,THE,to,to,-42.843505859375,"[-2.7292645, -9.714043, -9.562296, -2.050286, -8.108835, -2.4842944, -7.3707895, -0.82369846]"
an actress took a camera to him .,the bishop threw it the tea .,PD,DO,TAKE,THROW,A,THE,to,to,-46.65571594238281,"[-2.7292645, -9.714043, -9.562296, -5.3603373, -6.3442, -11.0892315, -1.856341]"
an actress took a camera to me .,the buddy showed the cigarette to it .,PD,PD,TAKE,SHOW,A,THE,to,to,-47.601524353027344,"[-2.7151897, -12.709852, -8.6120205, -3.7725282, -9.647207, -0.89903754, -7.995829, -1.2498596]"
an actress took a camera to me .,the buddy showed it the cigarette .,PD,DO,TAKE,SHOW,A,THE,to,to,-46.07138442993164,"[-2.7151897, -12.709852, -8.6120205, -5.2119927, -6.0898232, -9.609943, -1.1225617]"
an actress took a camera to us .,the teacher purchased the tea for you .,PD,PD,TAKE,PURCHASE,A,THE,to,for,-40.89197540283203,"[-2.7155204, -8.997688, -11.004652, -1.5829012, -7.3942833, -2.6321428, -5.85318, -0.7116071]"
an actress took a camera to us .,the teacher purchased you the tea .,PD,DO,TAKE,PURCHASE,A,THE,to,for,-42.410621643066406,"[-2.7155204, -8.997688, -11.004652, -8.445942, -3.468507, -6.4667196, -1.3115917]"
an actress took a knife to it .,the king fed the chicken to you .,PD,PD,TAKE,FEED,A,THE,to,to,-39.571380615234375,"[-2.6980925, -8.278561, -10.579224, -1.6582543, -6.1822376, -2.347768, -7.1044207, -0.72282296]"
an actress took a knife to it .,the king fed you the chicken .,PD,DO,TAKE,FEED,A,THE,to,to,-36.70184326171875,"[-2.6980925, -8.278561, -10.579224, -5.331676, -3.1293497, -5.684445, -1.000497]"
an actress took a telephone to you .,the physician showed the tea to me .,PD,PD,TAKE,SHOW,A,THE,to,to,-35.775489807128906,"[-2.701664, -10.604442, -7.4646792, -2.3676074, -8.775828, -1.0180166, -1.9884112, -0.8548408]"
an actress took a telephone to you .,the physician showed me the tea .,PD,DO,TAKE,SHOW,A,THE,to,to,-32.555755615234375,"[-2.701664, -10.604442, -7.4646792, -1.4478142, -1.9238681, -7.0519595, -1.3613316]"
an actress took a television to him .,the president caught the coat for her .,PD,PD,TAKE,CATCH,A,THE,to,for,-40.83211135864258,"[-2.7044294, -5.913384, -9.656931, -1.9336344, -10.876166, -4.84037, -3.5025349, -1.4046609]"
an actress took a television to him .,the president caught her the coat .,PD,DO,TAKE,CATCH,A,THE,to,for,-42.108131408691406,"[-2.7044294, -5.913384, -9.656931, -3.6760926, -6.3607435, -12.025211, -1.7713385]"
an actress took a wire to me .,the kid promised the tea to us .,PD,PD,TAKE,PROMISE,A,THE,to,to,-41.9481086730957,"[-2.724131, -9.5803585, -9.023363, -4.0135865, -8.575044, -3.1389391, -4.261974, -0.63071406]"
an actress took a wire to me .,the kid promised us the tea .,PD,DO,TAKE,PROMISE,A,THE,to,to,-38.448448181152344,"[-2.724131, -9.5803585, -9.023363, -4.3665824, -3.1097383, -8.737002, -0.90727127]"
an actress took him a bell .,the secretary fed the chicken to us .,DO,PD,TAKE,FEED,A,THE,to,to,-42.87822723388672,"[-2.794629, -8.794128, -12.471221, -2.2054172, -7.2646856, -2.1527803, -6.1011677, -1.0941964]"
an actress took him a bell .,the secretary fed us the chicken .,DO,DO,TAKE,FEED,A,THE,to,to,-40.39574432373047,"[-2.794629, -8.794128, -12.471221, -5.5706134, -2.7235262, -6.868329, -1.1732986]"
an actress took him a camera .,the bishop threw the tea to it .,DO,PD,TAKE,THROW,A,THE,to,to,-43.27314758300781,"[-2.7988088, -9.708372, -9.327892, -2.2650542, -7.9751053, -2.9213414, -7.2176785, -1.0588927]"
an actress took him a camera .,the bishop threw it the tea .,DO,DO,TAKE,THROW,A,THE,to,to,-44.60169982910156,"[-2.7988088, -9.708372, -9.327892, -5.169556, -6.233924, -9.9088335, -1.4543084]"
an actress took him a television .,the president caught the coat for her .,DO,PD,TAKE,CATCH,A,THE,to,for,-40.57966613769531,"[-2.7811697, -6.2115197, -9.3643465, -2.4176717, -10.318343, -4.5837235, -3.208488, -1.6944052]"
an actress took him a television .,the president caught her the coat .,DO,DO,TAKE,CATCH,A,THE,to,for,-38.20222473144531,"[-2.7811697, -6.2115197, -9.3643465, -2.9198775, -6.2112784, -9.061517, -1.6525171]"
an actress took it a knife .,the king fed the chicken to you .,DO,PD,TAKE,FEED,A,THE,to,to,-40.537940979003906,"[-2.747596, -8.277647, -10.296378, -1.815531, -6.1438007, -3.075378, -7.2616873, -0.919925]"
an actress took it a knife .,the king fed you the chicken .,DO,DO,TAKE,FEED,A,THE,to,to,-36.07240295410156,"[-2.747596, -8.277647, -10.296378, -4.9257145, -3.252997, -5.5516734, -1.0203981]"
an actress took me a camera .,the buddy showed the cigarette to it .,DO,PD,TAKE,SHOW,A,THE,to,to,-48.849544525146484,"[-2.807897, -12.4446335, -8.258522, -4.5554776, -9.442381, -2.0022836, -8.031864, -1.306486]"
an actress took me a camera .,the buddy showed it the cigarette .,DO,DO,TAKE,SHOW,A,THE,to,to,-44.978057861328125,"[-2.807897, -12.4446335, -8.258522, -5.7271676, -5.6015654, -9.111297, -1.0269735]"
an actress took me a wire .,the kid promised the tea to us .,DO,PD,TAKE,PROMISE,A,THE,to,to,-43.50411605834961,"[-2.797628, -9.537315, -8.684328, -4.270064, -8.536024, -3.9844995, -4.7280393, -0.9662191]"
an actress took me a wire .,the kid promised us the tea .,DO,DO,TAKE,PROMISE,A,THE,to,to,-37.8814697265625,"[-2.797628, -9.537315, -8.684328, -3.952002, -3.2214177, -8.720462, -0.9683121]"
an actress took us a camera .,the teacher purchased the tea for you .,DO,PD,TAKE,PURCHASE,A,THE,to,for,-42.18998718261719,"[-2.789448, -9.144492, -10.693123, -1.7685407, -7.822335, -2.87721, -6.1964583, -0.8983806]"
an actress took us a camera .,the teacher purchased you the tea .,DO,DO,TAKE,PURCHASE,A,THE,to,for,-42.2598762512207,"[-2.789448, -9.144492, -10.693123, -7.707502, -3.7275155, -6.9939446, -1.2038496]"
an actress took you a telephone .,the physician showed the tea to me .,DO,PD,TAKE,SHOW,A,THE,to,to,-38.24839401245117,"[-2.7666028, -10.486168, -7.3841424, -2.8421493, -9.08697, -1.703094, -2.869587, -1.1096817]"
an actress took you a telephone .,the physician showed me the tea .,DO,DO,TAKE,SHOW,A,THE,to,to,-32.336891174316406,"[-2.7666028, -10.486168, -7.3841424, -1.2590575, -2.037895, -7.0666037, -1.3364244]"
an administration designed a bell for her .,the priest sold the wire to me .,PD,PD,DESIGN,SELL,A,THE,for,to,-43.93155288696289,"[-2.8253162, -10.291606, -10.868177, -1.7690759, -10.85398, -1.9197552, -4.280554, -1.1230884]"
an administration designed a bell for her .,the priest sold me the wire .,PD,DO,DESIGN,SELL,A,THE,for,to,-43.15502166748047,"[-2.8253162, -10.291606, -10.868177, -4.87382, -2.6023796, -9.969991, -1.7237325]"
an administration designed a bell for us .,the student threw the candy to you .,PD,PD,DESIGN,THROW,A,THE,for,to,-41.31095886230469,"[-2.8320754, -8.379469, -8.308972, -2.3167768, -8.178712, -3.7961864, -6.551073, -0.9476961]"
an administration designed a bell for us .,the student threw you the candy .,PD,DO,DESIGN,THROW,A,THE,for,to,-40.10096740722656,"[-2.8320754, -8.379469, -8.308972, -8.658907, -2.824241, -7.678092, -1.4192085]"
an administration designed a bowl for him .,the prince purchased the chicken for us .,PD,PD,DESIGN,PURCHASE,A,THE,for,for,-38.9434928894043,"[-2.857139, -9.871721, -9.404415, -1.6224483, -7.4484663, -2.152078, -4.551218, -1.0360073]"
an administration designed a bowl for him .,the prince purchased us the chicken .,PD,DO,DESIGN,PURCHASE,A,THE,for,for,-42.109954833984375,"[-2.857139, -9.871721, -9.404415, -7.713536, -3.533253, -6.8133583, -1.9165308]"
an administration designed a bowl for him .,the hero threw the flower to you .,PD,PD,DESIGN,THROW,A,THE,for,to,-44.369483947753906,"[-2.857139, -9.9698715, -9.709997, -2.3026857, -8.69083, -2.9326594, -7.0348024, -0.8714982]"
an administration designed a bowl for him .,the hero threw you the flower .,PD,DO,DESIGN,THROW,A,THE,for,to,-42.844478607177734,"[-2.857139, -9.9698715, -9.709997, -8.273829, -2.8836942, -7.5070457, -1.6429002]"
an administration designed a bowl for me .,the parent took the television to you .,PD,PD,DESIGN,TAKE,A,THE,for,to,-42.71467590332031,"[-2.844003, -9.219557, -9.276781, -2.2601402, -8.191018, -2.3107066, -7.5216656, -1.0908065]"
an administration designed a bowl for me .,the parent took you the television .,PD,DO,DESIGN,TAKE,A,THE,for,to,-46.59172439575195,"[-2.844003, -9.219557, -9.276781, -5.813529, -6.569598, -10.248724, -2.6195312]"
an administration designed a bowl for me .,the secretary fed the chicken to us .,PD,PD,DESIGN,FEED,A,THE,for,to,-40.09999084472656,"[-2.844003, -9.221985, -12.440123, -2.2005992, -5.638179, -2.271436, -4.555187, -0.9284771]"
an administration designed a bowl for me .,the secretary fed us the chicken .,PD,DO,DESIGN,FEED,A,THE,for,to,-39.46664810180664,"[-2.844003, -9.221985, -12.440123, -4.5318513, -3.0585291, -5.7328386, -1.6373188]"
an administration designed a bowl for them .,the princess delivered the candy for you .,PD,PD,DESIGN,DELIVER,A,THE,for,for,-40.45011520385742,"[-2.8423672, -10.60305, -10.051091, -2.2279325, -8.308464, -2.526577, -3.1484382, -0.7421948]"
an administration designed a bowl for them .,the princess delivered you the candy .,PD,DO,DESIGN,DELIVER,A,THE,for,for,-40.239749908447266,"[-2.8423672, -10.60305, -10.051091, -6.503612, -2.7195973, -6.401928, -1.1181045]"
an administration designed a bowl for them .,the physician promised the chocolate to you .,PD,PD,DESIGN,PROMISE,A,THE,for,to,-45.08836364746094,"[-2.8423672, -10.773237, -8.15459, -3.3531013, -10.156813, -3.4643016, -5.4806337, -0.86332095]"
an administration designed a bowl for them .,the physician promised you the chocolate .,PD,DO,DESIGN,PROMISE,A,THE,for,to,-41.250938415527344,"[-2.8423672, -10.773237, -8.15459, -5.326676, -3.5883234, -8.9923115, -1.5734348]"
an administration designed a bowl for us .,the woman got the motor for them .,PD,PD,DESIGN,GET,A,THE,for,for,-40.92034912109375,"[-2.8402257, -7.5930185, -6.7390313, -3.287468, -9.518261, -3.6897788, -6.4770427, -0.775522]"
an administration designed a bowl for us .,the woman got them the motor .,PD,DO,DESIGN,GET,A,THE,for,for,-40.84392166137695,"[-2.8402257, -7.5930185, -6.7390313, -6.832821, -4.7690315, -9.7510605, -2.3187346]"
an administration designed a bowl for you .,the soldier sent the camera to us .,PD,PD,DESIGN,SEND,A,THE,for,to,-39.02908706665039,"[-2.8306906, -10.464766, -6.8473034, -2.6758063, -7.4255447, -1.3063676, -5.975404, -1.5032052]"
an administration designed a bowl for you .,the soldier sent us the camera .,PD,DO,DESIGN,SEND,A,THE,for,to,-36.9286994934082,"[-2.8306906, -10.464766, -6.8473034, -3.6161902, -2.8106449, -8.712767, -1.6463382]"
an administration designed a button for it .,the actress sold the salad to me .,PD,PD,DESIGN,SELL,A,THE,for,to,-44.78850555419922,"[-2.8217628, -9.279629, -9.082936, -2.538023, -11.950243, -2.0363417, -5.7001834, -1.3793881]"
an administration designed a button for it .,the actress sold me the salad .,PD,DO,DESIGN,SELL,A,THE,for,to,-43.70768356323242,"[-2.8217628, -9.279629, -9.082936, -6.800969, -3.0719585, -11.06065, -1.5897768]"
an administration designed a button for me .,the friend bought the beer for you .,PD,PD,DESIGN,BUY,A,THE,for,for,-38.97871017456055,"[-2.840561, -9.932724, -8.059985, -2.3583078, -6.5778847, -2.2294283, -6.294671, -0.68514735]"
an administration designed a button for me .,the friend bought you the beer .,PD,DO,DESIGN,BUY,A,THE,for,for,-36.52678298950195,"[-2.840561, -9.932724, -8.059985, -5.218795, -3.4473467, -5.871584, -1.1557862]"
an administration designed a camera for him .,the mayor gave the juice to me .,PD,PD,DESIGN,GIVE,A,THE,for,to,-37.2620849609375,"[-2.8374302, -7.4112163, -7.511813, -2.3402605, -11.385975, -0.46173155, -4.4945164, -0.81914353]"
an administration designed a camera for him .,the mayor gave me the juice .,PD,DO,DESIGN,GIVE,A,THE,for,to,-33.6180419921875,"[-2.8374302, -7.4112163, -7.511813, -3.781087, -2.2975268, -8.625552, -1.1534176]"
an administration designed a cigarette for them .,the nurse drew the anchor for you .,PD,PD,DESIGN,DRAW,A,THE,for,for,-46.94184875488281,"[-2.8536458, -10.35844, -7.622087, -2.7832813, -10.628133, -3.4374142, -8.254954, -1.0038918]"
an administration designed a cigarette for them .,the nurse drew you the anchor .,PD,DO,DESIGN,DRAW,A,THE,for,for,-45.84904479980469,"[-2.8536458, -10.35844, -7.622087, -7.6942453, -5.1263986, -9.944006, -2.2502248]"
an administration designed a coat for him .,the reader caught the guitar for you .,PD,PD,DESIGN,CATCH,A,THE,for,for,-44.15667724609375,"[-2.8835266, -9.330334, -8.9380245, -2.0770907, -11.2957535, -4.6216974, -4.285854, -0.7243974]"
an administration designed a coat for him .,the reader caught you the guitar .,PD,DO,DESIGN,CATCH,A,THE,for,for,-47.60041427612305,"[-2.8835266, -9.330334, -8.9380245, -6.4824424, -5.5784435, -12.377741, -2.009903]"
an administration designed a coat for us .,the employer promised the tea to them .,PD,PD,DESIGN,PROMISE,A,THE,for,to,-42.83521270751953,"[-2.8754637, -9.963848, -7.1558757, -3.4731069, -9.949865, -3.478444, -4.928469, -1.0101384]"
an administration designed a coat for us .,the employer promised them the tea .,PD,DO,DESIGN,PROMISE,A,THE,for,to,-38.13053894042969,"[-2.8754637, -9.963848, -7.1558757, -4.2398944, -3.0965586, -9.523489, -1.2754091]"
an administration designed a crystal for him .,the doctor kept the beer for them .,PD,PD,DESIGN,KEEP,A,THE,for,for,-40.567317962646484,"[-2.8311417, -8.749987, -7.260627, -3.6212425, -7.6956463, -3.7950177, -5.776723, -0.8369342]"
an administration designed a crystal for him .,the doctor kept them the beer .,PD,DO,DESIGN,KEEP,A,THE,for,for,-42.79563903808594,"[-2.8311417, -8.749987, -7.260627, -6.6795807, -6.5403986, -9.338125, -1.3957794]"
an administration designed a cup for us .,the child fed the candy to them .,PD,PD,DESIGN,FEED,A,THE,for,to,-39.45774841308594,"[-2.8103116, -8.79321, -9.834099, -2.0442698, -7.246916, -3.0816207, -4.806371, -0.8409521]"
an administration designed a cup for us .,the child fed them the candy .,PD,DO,DESIGN,FEED,A,THE,for,to,-36.547035217285156,"[-2.8103116, -8.79321, -9.834099, -4.752595, -3.3775377, -5.8106775, -1.1686058]"
an administration designed a gun for us .,the cop delivered the candy for you .,PD,PD,DESIGN,DELIVER,A,THE,for,for,-39.704261779785156,"[-2.8089912, -10.338539, -10.099526, -1.8818206, -8.712675, -2.6991658, -2.5874655, -0.576079]"
an administration designed a gun for us .,the cop delivered you the candy .,PD,DO,DESIGN,DELIVER,A,THE,for,for,-38.59571838378906,"[-2.8089912, -10.338539, -10.099526, -5.0361586, -2.308073, -7.2338963, -0.77053237]"
an administration designed a key for us .,the secretary delivered the book for them .,PD,PD,DESIGN,DELIVER,A,THE,for,for,-42.2039794921875,"[-2.738016, -9.172131, -11.699254, -1.876472, -7.6355424, -3.0716376, -5.2898808, -0.7210492]"
an administration designed a key for us .,the secretary delivered them the book .,PD,DO,DESIGN,DELIVER,A,THE,for,for,-41.603084564208984,"[-2.738016, -9.172131, -11.699254, -7.6021085, -3.0786164, -6.241862, -1.0710971]"
an administration designed a key for you .,the bishop kept the card for him .,PD,PD,DESIGN,KEEP,A,THE,for,for,-38.32582092285156,"[-2.7272236, -10.61327, -10.313391, -2.2041323, -5.1841702, -3.0889783, -3.3161964, -0.8784611]"
an administration designed a key for you .,the bishop kept him the card .,PD,DO,DESIGN,KEEP,A,THE,for,for,-42.45167922973633,"[-2.7272236, -10.61327, -10.313391, -4.8244953, -6.3318176, -6.2614355, -1.3800461]"
an administration designed a knife for him .,the colonel supplied the coffee to you .,PD,PD,DESIGN,SUPPLY,A,THE,for,to,-44.57925033569336,"[-2.83979, -11.354833, -9.783483, -2.0195196, -8.726376, -2.428238, -6.612192, -0.81481916]"
an administration designed a knife for him .,the colonel supplied you the coffee .,PD,DO,DESIGN,SUPPLY,A,THE,for,to,-43.02315139770508,"[-2.83979, -11.354833, -9.783483, -5.555814, -4.6117797, -7.726771, -1.1506839]"
an administration designed a knife for me .,the kid got the tea for you .,PD,PD,DESIGN,GET,A,THE,for,for,-39.48683166503906,"[-2.8366342, -9.91503, -5.6527824, -2.891108, -10.174889, -2.929536, -4.395516, -0.69133544]"
an administration designed a knife for me .,the kid got you the tea .,PD,DO,DESIGN,GET,A,THE,for,for,-38.27845001220703,"[-2.8366342, -9.91503, -5.6527824, -5.7900596, -4.5555754, -8.722407, -0.80596304]"
an administration designed a knife for them .,the husband brought the newspaper to us .,PD,PD,DESIGN,BRING,A,THE,for,to,-37.86251449584961,"[-2.8233802, -9.022636, -8.621372, -2.1197271, -7.7252846, -1.6588985, -4.4616647, -1.4295497]"
an administration designed a knife for them .,the husband brought us the newspaper .,PD,DO,DESIGN,BRING,A,THE,for,to,-36.432350158691406,"[-2.8233802, -9.022636, -8.621372, -3.6791897, -2.2057269, -8.757658, -1.3223855]"
an administration designed a log for us .,the adult kept the pie for it .,PD,PD,DESIGN,KEEP,A,THE,for,for,-48.12095260620117,"[-2.7929506, -10.095446, -10.822012, -2.546063, -9.741813, -2.975375, -7.653326, -1.4939678]"
an administration designed a log for us .,the adult kept it the pie .,PD,DO,DESIGN,KEEP,A,THE,for,for,-48.05345153808594,"[-2.7929506, -10.095446, -10.822012, -3.6878104, -5.902207, -13.043194, -1.7098336]"
an administration designed a log for you .,the leader took the instrument to him .,PD,PD,DESIGN,TAKE,A,THE,for,to,-41.97999572753906,"[-2.7666748, -7.4776993, -11.239015, -1.8116528, -9.596987, -1.8798604, -5.8919578, -1.3161511]"
an administration designed a log for you .,the leader took him the instrument .,PD,DO,DESIGN,TAKE,A,THE,for,to,-46.702415466308594,"[-2.7666748, -7.4776993, -11.239015, -5.6232047, -6.014834, -11.3642645, -2.216723]"
an administration designed a motor for you .,the parent fed the cheese to him .,PD,PD,DESIGN,FEED,A,THE,for,to,-42.54684829711914,"[-2.7862117, -9.066227, -12.630548, -1.7935835, -9.379707, -1.5230404, -4.519039, -0.8484918]"
an administration designed a motor for you .,the parent fed him the cheese .,PD,DO,DESIGN,FEED,A,THE,for,to,-38.72911834716797,"[-2.7862117, -9.066227, -12.630548, -4.027058, -2.736443, -6.280095, -1.202539]"
an administration designed a plate for me .,the mother brought the coffee to it .,PD,PD,DESIGN,BRING,A,THE,for,to,-38.32571792602539,"[-2.8327236, -7.6891046, -8.794155, -2.5416026, -6.323208, -1.2799166, -7.9804068, -0.8846015]"
an administration designed a plate for me .,the mother brought it the coffee .,PD,DO,DESIGN,BRING,A,THE,for,to,-38.36570739746094,"[-2.8327236, -7.6891046, -8.794155, -3.4221396, -7.1934834, -7.4199033, -1.0141971]"
an administration designed a plate for me .,the singer found the coffee for you .,PD,PD,DESIGN,FIND,A,THE,for,for,-42.35126495361328,"[-2.8327236, -9.258812, -7.3435698, -3.0986485, -8.624544, -3.9489639, -6.419746, -0.82425773]"
an administration designed a plate for me .,the singer found you the coffee .,PD,DO,DESIGN,FIND,A,THE,for,for,-41.710880279541016,"[-2.8327236, -9.258812, -7.3435698, -8.228798, -4.160173, -8.418704, -1.4680984]"
an administration designed a plate for them .,the guest left the juice for you .,PD,PD,DESIGN,LEAVE,A,THE,for,for,-44.20854949951172,"[-2.8363757, -9.760252, -9.982455, -2.1711888, -11.919485, -3.5411875, -3.2604833, -0.7371231]"
an administration designed a plate for them .,the guest left you the juice .,PD,DO,DESIGN,LEAVE,A,THE,for,for,-42.63166809082031,"[-2.8363757, -9.760252, -9.982455, -5.2088895, -4.5503936, -9.144487, -1.1488159]"
an administration designed a plate for us .,the pilot fed the pie to you .,PD,PD,DESIGN,FEED,A,THE,for,to,-43.63379669189453,"[-2.836635, -8.564673, -10.783881, -1.6790737, -10.2353735, -1.4685563, -7.251907, -0.81370044]"
an administration designed a plate for us .,the pilot fed you the pie .,PD,DO,DESIGN,FEED,A,THE,for,to,-41.165870666503906,"[-2.836635, -8.564673, -10.783881, -6.191509, -3.0050724, -8.700122, -1.0839753]"
an administration designed a plate for you .,the father caught the pot for her .,PD,PD,DESIGN,CATCH,A,THE,for,for,-41.22252655029297,"[-2.8170345, -8.089981, -9.4185, -1.5048915, -8.619603, -4.318157, -5.1809306, -1.273431]"
an administration designed a plate for you .,the father caught her the pot .,PD,DO,DESIGN,CATCH,A,THE,for,for,-43.49336242675781,"[-2.8170345, -8.089981, -9.4185, -4.628193, -6.51357, -10.161844, -1.8642378]"
an administration designed a wire for us .,the woman made the hat for it .,PD,PD,DESIGN,MAKE,A,THE,for,for,-41.0377197265625,"[-2.8295693, -7.642085, -7.088902, -2.3276572, -9.032103, -3.0004363, -8.181684, -0.935282]"
an administration designed a wire for us .,the woman made it the hat .,PD,DO,DESIGN,MAKE,A,THE,for,for,-38.16122817993164,"[-2.8295693, -7.642085, -7.088902, -2.7789836, -6.642144, -8.883596, -2.2959476]"
an administration designed a wire for you .,the pilot kept the meal for him .,PD,PD,DESIGN,KEEP,A,THE,for,for,-39.715789794921875,"[-2.8138602, -8.624601, -7.905078, -2.3106441, -9.359378, -3.0638595, -4.370765, -1.2676029]"
an administration designed a wire for you .,the pilot kept him the meal .,PD,DO,DESIGN,KEEP,A,THE,for,for,-43.11803436279297,"[-2.8138602, -8.624601, -7.905078, -5.0423794, -6.7404556, -10.250801, -1.740859]"
an administration designed an anchor for it .,the husband kept the salad for you .,PD,PD,DESIGN,KEEP,A,THE,for,for,-44.83674621582031,"[-2.8358085, -9.153173, -8.997197, -2.432611, -9.345992, -3.6336677, -7.5029325, -0.93536276]"
an administration designed an anchor for it .,the husband kept you the salad .,PD,DO,DESIGN,KEEP,A,THE,for,for,-47.322662353515625,"[-2.8358085, -9.153173, -8.997197, -7.434647, -6.8072047, -10.571379, -1.5232532]"
an administration designed an anchor for it .,the secretary threw the book to us .,PD,PD,DESIGN,THROW,A,THE,for,to,-43.552154541015625,"[-2.8358085, -8.941021, -11.868342, -3.1880708, -3.1265755, -4.229356, -8.054026, -1.3089528]"
an administration designed an anchor for it .,the secretary threw us the book .,PD,DO,DESIGN,THROW,A,THE,for,to,-40.762168884277344,"[-2.8358085, -8.941021, -11.868342, -8.302033, -3.7217185, -3.9223795, -1.1708686]"
an administration designed an anchor for them .,the nurse caught the telephone for him .,PD,PD,DESIGN,CATCH,A,THE,for,for,-41.44609069824219,"[-2.8595603, -10.316611, -8.320196, -1.752833, -9.444133, -4.618952, -3.0799263, -1.0538788]"
an administration designed an anchor for them .,the nurse caught him the telephone .,PD,DO,DESIGN,CATCH,A,THE,for,for,-43.0181884765625,"[-2.8595603, -10.316611, -8.320196, -3.2288346, -6.655528, -10.25392, -1.3835412]"
an administration designed an anchor for us .,the princess promised the tea to them .,PD,PD,DESIGN,PROMISE,A,THE,for,to,-42.946533203125,"[-2.8656335, -10.668261, -8.071089, -3.6688528, -8.6414995, -3.1472416, -4.5663776, -1.3175818]"
an administration designed an anchor for us .,the princess promised them the tea .,PD,DO,DESIGN,PROMISE,A,THE,for,to,-39.52410125732422,"[-2.8656335, -10.668261, -8.071089, -4.342662, -3.2710156, -8.832481, -1.4729598]"
an administration designed an anchor for you .,the king got the candy for us .,PD,PD,DESIGN,GET,A,THE,for,for,-37.714481353759766,"[-2.862042, -8.320376, -7.9897757, -2.887474, -8.999311, -2.4908605, -3.3820705, -0.7825708]"
an administration designed an anchor for you .,the king got us the candy .,PD,DO,DESIGN,GET,A,THE,for,for,-38.43912124633789,"[-2.862042, -8.320376, -7.9897757, -5.5226536, -4.219652, -8.263693, -1.260931]"
an administration designed an anchor for you .,the father fed the chicken to me .,PD,PD,DESIGN,FEED,A,THE,for,to,-38.286869049072266,"[-2.862042, -8.0272045, -12.485242, -1.8184451, -5.965446, -2.3937936, -3.7160382, -1.0186594]"
an administration designed an anchor for you .,the father fed me the chicken .,PD,DO,DESIGN,FEED,A,THE,for,to,-36.77473449707031,"[-2.862042, -8.0272045, -12.485242, -2.9013147, -2.8419468, -5.901632, -1.7553524]"
an administration designed her a bell .,the priest sold the wire to me .,DO,PD,DESIGN,SELL,A,THE,for,to,-45.10792541503906,"[-2.8322985, -10.377598, -10.929411, -1.9602759, -11.110271, -1.9865574, -4.7370253, -1.1744914]"
an administration designed her a bell .,the priest sold me the wire .,DO,DO,DESIGN,SELL,A,THE,for,to,-43.291107177734375,"[-2.8322985, -10.377598, -10.929411, -4.6354856, -2.5649867, -10.283386, -1.6679404]"
an administration designed him a bowl .,the prince purchased the chicken for us .,DO,PD,DESIGN,PURCHASE,A,THE,for,for,-40.74175262451172,"[-2.9038026, -9.830269, -9.504326, -1.64163, -7.368435, -3.0042992, -5.1853824, -1.303607]"
an administration designed him a bowl .,the prince purchased us the chicken .,DO,DO,DESIGN,PURCHASE,A,THE,for,for,-40.855560302734375,"[-2.9038026, -9.830269, -9.504326, -7.1013775, -3.602, -6.37966, -1.5341277]"
an administration designed him a bowl .,the hero threw the flower to you .,DO,PD,DESIGN,THROW,A,THE,for,to,-43.90361785888672,"[-2.9038026, -10.022135, -9.646285, -2.2467809, -8.178058, -2.9812021, -6.9796467, -0.94570637]"
an administration designed him a bowl .,the hero threw you the flower .,DO,DO,DESIGN,THROW,A,THE,for,to,-41.80669403076172,"[-2.9038026, -10.022135, -9.646285, -7.9661603, -2.7637653, -7.120245, -1.3843001]"
an administration designed him a camera .,the mayor gave the juice to me .,DO,PD,DESIGN,GIVE,A,THE,for,to,-38.33805465698242,"[-2.8805785, -7.4031677, -7.27289, -2.4021869, -11.526531, -0.45149112, -5.493617, -0.9075902]"
an administration designed him a camera .,the mayor gave me the juice .,DO,DO,DESIGN,GIVE,A,THE,for,to,-33.55686569213867,"[-2.8805785, -7.4031677, -7.27289, -3.9512725, -2.3332458, -8.660204, -1.0555078]"
an administration designed him a coat .,the reader caught the guitar for you .,DO,PD,DESIGN,CATCH,A,THE,for,for,-45.503265380859375,"[-2.930714, -9.3522625, -9.2226925, -2.1457372, -11.460293, -5.207718, -4.3471093, -0.8367411]"
an administration designed him a coat .,the reader caught you the guitar .,DO,DO,DESIGN,CATCH,A,THE,for,for,-47.04412078857422,"[-2.930714, -9.3522625, -9.2226925, -6.0599637, -5.557845, -12.209682, -1.7109607]"
an administration designed him a crystal .,the doctor kept the beer for them .,DO,PD,DESIGN,KEEP,A,THE,for,for,-41.85176467895508,"[-2.8714154, -8.724781, -7.340091, -3.5846949, -8.077511, -3.9797888, -6.2462254, -1.0272598]"
an administration designed him a crystal .,the doctor kept them the beer .,DO,DO,DESIGN,KEEP,A,THE,for,for,-40.760276794433594,"[-2.8714154, -8.724781, -7.340091, -6.6568823, -6.2731047, -7.718126, -1.1758747]"
an administration designed him a knife .,the colonel supplied the coffee to you .,DO,PD,DESIGN,SUPPLY,A,THE,for,to,-45.634193420410156,"[-2.8718753, -11.155443, -9.942625, -2.0476627, -9.301447, -2.1162195, -7.297418, -0.9015055]"
an administration designed him a knife .,the colonel supplied you the coffee .,DO,DO,DESIGN,SUPPLY,A,THE,for,to,-42.277774810791016,"[-2.8718753, -11.155443, -9.942625, -5.780587, -3.7664838, -7.8471355, -0.9136245]"
an administration designed it a button .,the actress sold the salad to me .,DO,PD,DESIGN,SELL,A,THE,for,to,-46.154014587402344,"[-2.7798762, -9.463934, -9.440184, -2.622134, -11.99549, -2.0893912, -6.156636, -1.6063703]"
an administration designed it a button .,the actress sold me the salad .,DO,DO,DESIGN,SELL,A,THE,for,to,-43.793296813964844,"[-2.7798762, -9.463934, -9.440184, -6.589549, -3.1617393, -10.850343, -1.5076711]"
an administration designed it an anchor .,the husband kept the salad for you .,DO,PD,DESIGN,KEEP,A,THE,for,for,-45.53352737426758,"[-2.8300002, -9.142856, -8.965071, -2.3658109, -9.327057, -3.93294, -7.8019304, -1.1678616]"
an administration designed it an anchor .,the husband kept you the salad .,DO,DO,DESIGN,KEEP,A,THE,for,for,-46.465675354003906,"[-2.8300002, -9.142856, -8.965071, -7.2931113, -6.666771, -10.031585, -1.5362803]"
an administration designed it an anchor .,the secretary threw the book to us .,DO,PD,DESIGN,THROW,A,THE,for,to,-44.59710693359375,"[-2.8300002, -8.913858, -11.912079, -3.237203, -3.8046143, -4.404378, -7.96081, -1.5341661]"
an administration designed it an anchor .,the secretary threw us the book .,DO,DO,DESIGN,THROW,A,THE,for,to,-42.394676208496094,"[-2.8300002, -8.913858, -11.912079, -8.594658, -4.014306, -4.781146, -1.3486303]"
an administration designed me a bowl .,the parent took the television to you .,DO,PD,DESIGN,TAKE,A,THE,for,to,-44.30559539794922,"[-2.8426604, -9.111116, -10.388674, -2.3275933, -8.197679, -2.5285168, -7.569455, -1.3398991]"
an administration designed me a bowl .,the parent took you the television .,DO,DO,DESIGN,TAKE,A,THE,for,to,-46.926849365234375,"[-2.8426604, -9.111116, -10.388674, -5.536836, -6.2141695, -10.538427, -2.2949681]"
an administration designed me a bowl .,the secretary fed the chicken to us .,DO,PD,DESIGN,FEED,A,THE,for,to,-41.187652587890625,"[-2.8426604, -9.074541, -12.621421, -2.2238777, -6.4528074, -2.4751167, -4.450652, -1.0465747]"
an administration designed me a bowl .,the secretary fed us the chicken .,DO,DO,DESIGN,FEED,A,THE,for,to,-38.47868347167969,"[-2.8426604, -9.074541, -12.621421, -4.222434, -3.0146217, -5.7021194, -1.0008831]"
an administration designed me a button .,the friend bought the beer for you .,DO,PD,DESIGN,BUY,A,THE,for,for,-40.013694763183594,"[-2.846827, -10.026106, -8.380167, -2.5549154, -6.5570297, -2.839645, -5.996795, -0.81220937]"
an administration designed me a button .,the friend bought you the beer .,DO,DO,DESIGN,BUY,A,THE,for,for,-36.26950454711914,"[-2.846827, -10.026106, -8.380167, -4.743287, -3.390062, -5.8999434, -0.9831139]"
an administration designed me a knife .,the kid got the tea for you .,DO,PD,DESIGN,GET,A,THE,for,for,-41.60205841064453,"[-2.8389301, -9.9675255, -5.759983, -2.9506357, -10.131627, -4.134931, -4.9231863, -0.8952384]"
an administration designed me a knife .,the kid got you the tea .,DO,DO,DESIGN,GET,A,THE,for,for,-37.56614685058594,"[-2.8389301, -9.9675255, -5.759983, -5.7098446, -3.9648538, -8.644161, -0.6808466]"
an administration designed me a plate .,the mother brought the coffee to it .,DO,PD,DESIGN,BRING,A,THE,for,to,-39.21082305908203,"[-2.829735, -7.710914, -9.364699, -2.7279315, -6.7630973, -1.5112957, -7.4291406, -0.87401026]"
an administration designed me a plate .,the mother brought it the coffee .,DO,DO,DESIGN,BRING,A,THE,for,to,-38.475189208984375,"[-2.829735, -7.710914, -9.364699, -3.6933303, -6.8481402, -7.305289, -0.72308195]"
an administration designed me a plate .,the singer found the coffee for you .,DO,PD,DESIGN,FIND,A,THE,for,for,-44.06244659423828,"[-2.829735, -9.269394, -7.3605585, -3.3580422, -8.940514, -4.5274634, -6.6655045, -1.1112365]"
an administration designed me a plate .,the singer found you the coffee .,DO,DO,DESIGN,FIND,A,THE,for,for,-41.08807373046875,"[-2.829735, -9.269394, -7.3605585, -8.315176, -4.1793075, -8.122765, -1.0111347]"
an administration designed them a bowl .,the princess delivered the candy for you .,DO,PD,DESIGN,DELIVER,A,THE,for,for,-42.170440673828125,"[-2.8428972, -10.714591, -9.965813, -2.2969928, -8.482468, -3.3421493, -3.6163263, -0.9092013]"
an administration designed them a bowl .,the princess delivered you the candy .,DO,DO,DESIGN,DELIVER,A,THE,for,for,-39.582374572753906,"[-2.8428972, -10.714591, -9.965813, -5.9732804, -2.6944737, -6.390201, -1.0011172]"
an administration designed them a bowl .,the physician promised the chocolate to you .,DO,PD,DESIGN,PROMISE,A,THE,for,to,-45.35414123535156,"[-2.8428972, -10.694883, -8.255157, -3.3120613, -10.14296, -3.547186, -5.5848594, -0.9741385]"
an administration designed them a bowl .,the physician promised you the chocolate .,DO,DO,DESIGN,PROMISE,A,THE,for,to,-40.36753845214844,"[-2.8428972, -10.694883, -8.255157, -4.965461, -3.6864247, -8.564694, -1.3580179]"
an administration designed them a cigarette .,the nurse drew the anchor for you .,DO,PD,DESIGN,DRAW,A,THE,for,for,-49.558937072753906,"[-2.8447044, -10.310001, -7.777445, -2.9725375, -10.539335, -4.4898853, -9.19962, -1.4254055]"
an administration designed them a cigarette .,the nurse drew you the anchor .,DO,DO,DESIGN,DRAW,A,THE,for,for,-45.37196350097656,"[-2.8447044, -10.310001, -7.777445, -8.1978245, -4.305746, -9.599887, -2.3363523]"
an administration designed them a knife .,the husband brought the newspaper to us .,DO,PD,DESIGN,BRING,A,THE,for,to,-38.77503967285156,"[-2.823217, -8.939133, -8.772898, -2.0741186, -7.5297794, -1.8546618, -5.0191994, -1.7620305]"
an administration designed them a knife .,the husband brought us the newspaper .,DO,DO,DESIGN,BRING,A,THE,for,to,-36.196964263916016,"[-2.823217, -8.939133, -8.772898, -3.8763533, -2.071728, -8.404401, -1.3092368]"
an administration designed them a plate .,the guest left the juice for you .,DO,PD,DESIGN,LEAVE,A,THE,for,for,-44.931278228759766,"[-2.8298426, -9.862642, -10.305407, -2.1136808, -11.838736, -4.207036, -2.8374767, -0.93645644]"
an administration designed them a plate .,the guest left you the juice .,DO,DO,DESIGN,LEAVE,A,THE,for,for,-41.15268325805664,"[-2.8298426, -9.862642, -10.305407, -4.4117594, -4.115366, -8.721156, -0.9065101]"
an administration designed them an anchor .,the nurse caught the telephone for him .,DO,PD,DESIGN,CATCH,A,THE,for,for,-42.92572784423828,"[-2.8644133, -10.332001, -8.241357, -1.8351905, -9.324007, -4.691078, -4.2859616, -1.3517215]"
an administration designed them an anchor .,the nurse caught him the telephone .,DO,DO,DESIGN,CATCH,A,THE,for,for,-41.58708572387695,"[-2.8644133, -10.332001, -8.241357, -3.2482593, -6.698439, -8.819777, -1.3828385]"
an administration designed us a bell .,the student threw the candy to you .,DO,PD,DESIGN,THROW,A,THE,for,to,-42.423851013183594,"[-2.8378718, -8.386558, -8.559099, -2.2973566, -8.368247, -3.7991652, -7.1081996, -1.067352]"
an administration designed us a bell .,the student threw you the candy .,DO,DO,DESIGN,THROW,A,THE,for,to,-40.674903869628906,"[-2.8378718, -8.386558, -8.559099, -8.577619, -2.759016, -8.343012, -1.2117274]"
an administration designed us a bowl .,the woman got the motor for them .,DO,PD,DESIGN,GET,A,THE,for,for,-42.61014175415039,"[-2.862786, -7.754259, -6.915761, -3.3510067, -9.6221695, -3.9486332, -7.1727414, -0.9827869]"
an administration designed us a bowl .,the woman got them the motor .,DO,DO,DESIGN,GET,A,THE,for,for,-40.826568603515625,"[-2.862786, -7.754259, -6.915761, -6.865078, -4.554574, -10.155276, -1.7188362]"
an administration designed us a coat .,the employer promised the tea to them .,DO,PD,DESIGN,PROMISE,A,THE,for,to,-44.54351806640625,"[-2.900157, -9.785933, -7.3975677, -3.5681124, -10.2889595, -3.875296, -5.588094, -1.1394012]"
an administration designed us a coat .,the employer promised them the tea .,DO,DO,DESIGN,PROMISE,A,THE,for,to,-38.17802810668945,"[-2.900157, -9.785933, -7.3975677, -4.2186546, -3.135467, -9.847461, -0.8927896]"
an administration designed us a cup .,the child fed the candy to them .,DO,PD,DESIGN,FEED,A,THE,for,to,-41.232147216796875,"[-2.8173563, -8.794029, -10.106296, -1.971652, -7.687475, -3.268676, -5.543531, -1.0431353]"
an administration designed us a cup .,the child fed them the candy .,DO,DO,DESIGN,FEED,A,THE,for,to,-37.24075698852539,"[-2.8173563, -8.794029, -10.106296, -5.1973305, -3.3162422, -6.0015936, -1.0079076]"
an administration designed us a gun .,the cop delivered the candy for you .,DO,PD,DESIGN,DELIVER,A,THE,for,for,-41.657264709472656,"[-2.8455663, -10.396341, -9.880668, -1.9342791, -9.462896, -3.572054, -2.8162007, -0.749262]"
an administration designed us a gun .,the cop delivered you the candy .,DO,DO,DESIGN,DELIVER,A,THE,for,for,-38.40381622314453,"[-2.8455663, -10.396341, -9.880668, -5.1871114, -2.2710004, -7.14612, -0.6770106]"
an administration designed us a key .,the secretary delivered the book for them .,DO,PD,DESIGN,DELIVER,A,THE,for,for,-43.18789291381836,"[-2.765241, -9.04642, -11.477941, -1.9426256, -7.87251, -3.7073145, -5.3204155, -1.0554266]"
an administration designed us a key .,the secretary delivered them the book .,DO,DO,DESIGN,DELIVER,A,THE,for,for,-39.46569061279297,"[-2.765241, -9.04642, -11.477941, -6.9066663, -2.5716438, -5.7201004, -0.9776813]"
an administration designed us a log .,the adult kept the pie for it .,DO,PD,DESIGN,KEEP,A,THE,for,for,-48.382572174072266,"[-2.804504, -10.108379, -10.962322, -2.8039503, -9.497289, -3.3841033, -7.3060713, -1.5159521]"
an administration designed us a log .,the adult kept it the pie .,DO,DO,DESIGN,KEEP,A,THE,for,for,-47.44447326660156,"[-2.804504, -10.108379, -10.962322, -3.9739943, -6.069098, -12.384066, -1.1421084]"
an administration designed us a plate .,the pilot fed the pie to you .,DO,PD,DESIGN,FEED,A,THE,for,to,-44.48065185546875,"[-2.8626685, -8.621937, -10.825409, -1.8518063, -9.999478, -2.0649548, -7.2752767, -0.9791204]"
an administration designed us a plate .,the pilot fed you the pie .,DO,DO,DESIGN,FEED,A,THE,for,to,-40.2601318359375,"[-2.8626685, -8.621937, -10.825409, -5.7853293, -2.8091528, -8.518818, -0.8368144]"
an administration designed us a wire .,the woman made the hat for it .,DO,PD,DESIGN,MAKE,A,THE,for,for,-41.932044982910156,"[-2.855924, -7.7462993, -7.107069, -2.3355145, -9.769077, -3.8792367, -7.1396823, -1.0992417]"
an administration designed us a wire .,the woman made it the hat .,DO,DO,DESIGN,MAKE,A,THE,for,for,-38.78507995605469,"[-2.855924, -7.7462993, -7.107069, -2.9246936, -6.6507506, -8.907203, -2.593144]"
an administration designed us an anchor .,the princess promised the tea to them .,DO,PD,DESIGN,PROMISE,A,THE,for,to,-43.68009948730469,"[-2.8896427, -10.71232, -8.04401, -3.6748044, -8.504509, -3.1003208, -5.117366, -1.6371255]"
an administration designed us an anchor .,the princess promised them the tea .,DO,DO,DESIGN,PROMISE,A,THE,for,to,-39.041465759277344,"[-2.8896427, -10.71232, -8.04401, -4.2119884, -3.126245, -8.570372, -1.486889]"
an administration designed you a bowl .,the soldier sent the camera to us .,DO,PD,DESIGN,SEND,A,THE,for,to,-40.02392578125,"[-2.8426816, -10.571503, -6.872976, -2.6021574, -7.6291285, -1.5039132, -6.461582, -1.5399846]"
an administration designed you a bowl .,the soldier sent us the camera .,DO,DO,DESIGN,SEND,A,THE,for,to,-36.756561279296875,"[-2.8426816, -10.571503, -6.872976, -3.6598556, -2.709745, -8.795336, -1.3044648]"
an administration designed you a key .,the bishop kept the card for him .,DO,PD,DESIGN,KEEP,A,THE,for,for,-38.67710494995117,"[-2.7438474, -10.405551, -9.856408, -2.4565392, -5.226633, -3.615922, -3.2898955, -1.0823104]"
an administration designed you a key .,the bishop kept him the card .,DO,DO,DESIGN,KEEP,A,THE,for,for,-41.32813262939453,"[-2.7438474, -10.405551, -9.856408, -4.7652903, -6.4897623, -5.828356, -1.2389196]"
an administration designed you a log .,the leader took the instrument to him .,DO,PD,DESIGN,TAKE,A,THE,for,to,-42.133689880371094,"[-2.7801464, -7.505072, -11.19066, -1.9827386, -9.333752, -2.2276878, -5.6345277, -1.4791063]"
an administration designed you a log .,the leader took him the instrument .,DO,DO,DESIGN,TAKE,A,THE,for,to,-46.23308181762695,"[-2.7801464, -7.505072, -11.19066, -5.3748026, -5.7233753, -11.429038, -2.2299864]"
an administration designed you a motor .,the parent fed the cheese to him .,DO,PD,DESIGN,FEED,A,THE,for,to,-43.271060943603516,"[-2.8245, -9.022642, -12.590727, -1.8328342, -9.607889, -2.048776, -4.493471, -0.8502218]"
an administration designed you a motor .,the parent fed him the cheese .,DO,DO,DESIGN,FEED,A,THE,for,to,-39.12910461425781,"[-2.8245, -9.022642, -12.590727, -4.131997, -2.7856374, -6.783654, -0.9899469]"
an administration designed you a plate .,the father caught the pot for her .,DO,PD,DESIGN,CATCH,A,THE,for,for,-42.762046813964844,"[-2.828114, -8.072002, -9.63637, -1.743826, -8.577984, -4.875338, -5.3521214, -1.6762902]"
an administration designed you a plate .,the father caught her the pot .,DO,DO,DESIGN,CATCH,A,THE,for,for,-42.37477493286133,"[-2.828114, -8.072002, -9.63637, -4.7347965, -6.494361, -9.299976, -1.3091547]"
an administration designed you a wire .,the pilot kept the meal for him .,DO,PD,DESIGN,KEEP,A,THE,for,for,-41.7004508972168,"[-2.8474805, -8.604907, -7.882859, -2.8235698, -9.971709, -3.7749782, -4.3222685, -1.4726774]"
an administration designed you a wire .,the pilot kept him the meal .,DO,DO,DESIGN,KEEP,A,THE,for,for,-44.20494842529297,"[-2.8474805, -8.604907, -7.882859, -5.129001, -6.98975, -11.2739315, -1.477018]"
an administration designed you an anchor .,the king got the candy for us .,DO,PD,DESIGN,GET,A,THE,for,for,-39.64378356933594,"[-2.8872535, -8.31322, -7.8765497, -3.056478, -9.025236, -2.927288, -4.590539, -0.96722084]"
an administration designed you an anchor .,the king got us the candy .,DO,DO,DESIGN,GET,A,THE,for,for,-38.26129913330078,"[-2.8872535, -8.31322, -7.8765497, -5.6736054, -3.7491124, -8.37193, -1.3896294]"
an administration designed you an anchor .,the father fed the chicken to me .,DO,PD,DESIGN,FEED,A,THE,for,to,-39.496795654296875,"[-2.8872535, -8.001034, -12.392827, -1.8648534, -6.3121123, -2.372169, -4.4914646, -1.1750807]"
an administration designed you an anchor .,the father fed me the chicken .,DO,DO,DESIGN,FEED,A,THE,for,to,-36.6971435546875,"[-2.8872535, -8.001034, -12.392827, -2.854815, -2.9217148, -5.9171624, -1.7223344]"
an adult bought a coffee for him .,the doctor promised the jacket to me .,PD,PD,BUY,PROMISE,A,THE,for,to,-39.634334564208984,"[-2.6705055, -8.443518, -7.5839376, -3.178859, -11.8034115, -2.772828, -2.2745342, -0.90674037]"
an adult bought a coffee for him .,the doctor promised me the jacket .,PD,DO,BUY,PROMISE,A,THE,for,to,-39.19746017456055,"[-2.6705055, -8.443518, -7.5839376, -4.2146063, -3.1517146, -11.693751, -1.439429]"
an adult bought a coffee for us .,the candidate gave the bag to you .,PD,PD,BUY,GIVE,A,THE,for,to,-39.545021057128906,"[-2.6667037, -9.506574, -7.2546005, -2.5580366, -10.997411, -0.7724187, -5.0882688, -0.70101047]"
an adult bought a coffee for us .,the candidate gave you the bag .,PD,DO,BUY,GIVE,A,THE,for,to,-37.729156494140625,"[-2.6667037, -9.506574, -7.2546005, -6.4753537, -1.9824822, -8.588728, -1.2547139]"
an adult bought an engine for it .,the president caught the coat for her .,PD,PD,BUY,CATCH,A,THE,for,for,-43.17314147949219,"[-2.6578639, -6.868727, -10.039742, -1.9617066, -10.812466, -3.666211, -5.095392, -2.0710287]"
an adult bought an engine for it .,the president caught her the coat .,PD,DO,BUY,CATCH,A,THE,for,for,-45.011253356933594,"[-2.6578639, -6.868727, -10.039742, -4.50071, -6.367713, -12.820457, -1.7560408]"
an adult bought an engine for me .,the secretary brought the juice to her .,PD,PD,BUY,BRING,A,THE,for,to,-43.62965393066406,"[-2.663168, -9.482826, -11.396515, -2.0722852, -11.553884, -1.0640378, -3.2635841, -2.133357]"
an adult bought an engine for me .,the secretary brought her the juice .,PD,DO,BUY,BRING,A,THE,for,to,-41.470802307128906,"[-2.663168, -9.482826, -11.396515, -3.492762, -4.723626, -8.567624, -1.1442837]"
an adult bought an engine for you .,the king got the candy for us .,PD,PD,BUY,GET,A,THE,for,for,-35.689666748046875,"[-2.6614172, -8.211712, -7.959032, -2.561194, -8.945408, -2.0182679, -2.6336043, -0.6990312]"
an adult bought an engine for you .,the king got us the candy .,PD,DO,BUY,GET,A,THE,for,for,-37.56314468383789,"[-2.6614172, -8.211712, -7.959032, -5.8880363, -3.3090053, -8.475348, -1.0585928]"
an adult bought him a coffee .,the doctor promised the jacket to me .,DO,PD,BUY,PROMISE,A,THE,for,to,-40.66817855834961,"[-2.6895287, -8.392271, -7.361932, -3.3475184, -11.824341, -3.6995115, -2.4875789, -0.865499]"
an adult bought him a coffee .,the doctor promised me the jacket .,DO,DO,BUY,PROMISE,A,THE,for,to,-37.57019805908203,"[-2.6895287, -8.392271, -7.361932, -3.3838496, -3.2449079, -11.352433, -1.1452746]"
an adult bought it an engine .,the president caught the coat for her .,DO,PD,BUY,CATCH,A,THE,for,for,-44.743408203125,"[-2.654909, -7.0472445, -9.815885, -1.8536491, -10.906047, -4.64873, -4.9449058, -2.8720393]"
an adult bought it an engine .,the president caught her the coat .,DO,DO,BUY,CATCH,A,THE,for,for,-43.148433685302734,"[-2.654909, -7.0472445, -9.815885, -4.3879757, -6.0063715, -11.699036, -1.5370113]"
an adult bought me an engine .,the secretary brought the juice to her .,DO,PD,BUY,BRING,A,THE,for,to,-44.144004821777344,"[-2.7111871, -9.731042, -11.200454, -2.34162, -11.592972, -1.339445, -2.7810733, -2.4462116]"
an adult bought me an engine .,the secretary brought her the juice .,DO,DO,BUY,BRING,A,THE,for,to,-41.53216552734375,"[-2.7111871, -9.731042, -11.200454, -3.334787, -5.0154886, -8.533016, -1.0061932]"
an adult bought us a coffee .,the candidate gave the bag to you .,DO,PD,BUY,GIVE,A,THE,for,to,-39.28076934814453,"[-2.6804752, -9.567698, -6.604778, -2.8249314, -10.423675, -0.7517339, -5.769218, -0.65825886]"
an adult bought us a coffee .,the candidate gave you the bag .,DO,DO,BUY,GIVE,A,THE,for,to,-37.25972366333008,"[-2.6804752, -9.567698, -6.604778, -5.858164, -2.4009638, -9.210581, -0.9370636]"
an adult bought you an engine .,the king got the candy for us .,DO,PD,BUY,GET,A,THE,for,for,-37.90111541748047,"[-2.70677, -8.162592, -7.708184, -2.560617, -8.946859, -2.7223408, -4.3567624, -0.7369903]"
an adult bought you an engine .,the king got us the candy .,DO,DO,BUY,GET,A,THE,for,for,-36.58167266845703,"[-2.70677, -8.162592, -7.708184, -5.3080325, -3.1219685, -8.53005, -1.0440747]"
an adult brought a beer to me .,the secretary took the machine to you .,PD,PD,BRING,TAKE,A,THE,to,to,-41.61680603027344,"[-2.6295462, -9.567049, -8.934016, -1.6432915, -9.457634, -0.8411244, -7.863972, -0.6801735]"
an adult brought a beer to me .,the secretary took you the machine .,PD,DO,BRING,TAKE,A,THE,to,to,-45.312538146972656,"[-2.6295462, -9.567049, -8.934016, -7.316805, -6.6789513, -9.467829, -0.7183389]"
an adult brought a box to me .,the author threw the juice to us .,PD,PD,BRING,THROW,A,THE,to,to,-44.450233459472656,"[-2.5998783, -6.573304, -11.656483, -2.4298477, -10.481562, -3.7700481, -6.131094, -0.808016]"
an adult brought a box to me .,the author threw us the juice .,PD,DO,BRING,THROW,A,THE,to,to,-41.62397766113281,"[-2.5998783, -6.573304, -11.656483, -7.031515, -2.1803114, -10.62943, -0.9530574]"
an adult brought a candy to us .,the mayor showed the bag to them .,PD,PD,BRING,SHOW,A,THE,to,to,-37.88722229003906,"[-2.6568942, -7.7438703, -10.278928, -2.518754, -7.795883, -0.76033115, -5.3267674, -0.80579317]"
an adult brought a candy to us .,the mayor showed them the bag .,PD,DO,BRING,SHOW,A,THE,to,to,-35.480079650878906,"[-2.6568942, -7.7438703, -10.278928, -5.516083, -1.6692529, -6.295336, -1.3197165]"
an adult brought a candy to you .,the wife showed the beer to me .,PD,PD,BRING,SHOW,A,THE,to,to,-37.786949157714844,"[-2.6625168, -8.330132, -11.053788, -2.4460835, -9.51555, -0.2886458, -2.763124, -0.7271118]"
an adult brought a candy to you .,the wife showed me the beer .,PD,DO,BRING,SHOW,A,THE,to,to,-34.686195373535156,"[-2.6625168, -8.330132, -11.053788, -1.7287658, -1.5093594, -8.244878, -1.1567593]"
an adult brought a cigarette to me .,the priest promised the coffee to us .,PD,PD,BRING,PROMISE,A,THE,to,to,-40.91706085205078,"[-2.6451855, -9.8694515, -8.798974, -2.8115277, -10.378002, -1.4912, -4.232244, -0.6904755]"
an adult brought a cigarette to me .,the priest promised us the coffee .,PD,DO,BRING,PROMISE,A,THE,to,to,-38.01373291015625,"[-2.6451855, -9.8694515, -8.798974, -4.9292483, -2.3459432, -8.285613, -1.1393175]"
an adult brought a cigarette to you .,the opponent supplied the juice to me .,PD,PD,BRING,SUPPLY,A,THE,to,to,-39.43376922607422,"[-2.6561878, -10.388192, -11.065666, -1.2644349, -7.3196235, -1.4848138, -4.7601137, -0.49473527]"
an adult brought a cigarette to you .,the opponent supplied me the juice .,PD,DO,BRING,SUPPLY,A,THE,to,to,-39.705108642578125,"[-2.6561878, -10.388192, -11.065666, -4.780718, -3.69438, -6.2516975, -0.868267]"
an adult brought a meal to you .,the girl threw the computer to us .,PD,PD,BRING,THROW,A,THE,to,to,-42.974754333496094,"[-2.6244287, -7.8686843, -7.269738, -1.9169543, -8.902142, -2.3842318, -11.397141, -0.61143374]"
an adult brought a meal to you .,the girl threw us the computer .,PD,DO,BRING,THROW,A,THE,to,to,-39.89999008178711,"[-2.6244287, -7.8686843, -7.269738, -8.6326275, -3.0293663, -9.27457, -1.2005734]"
an adult brought me a beer .,the secretary took the machine to you .,DO,PD,BRING,TAKE,A,THE,to,to,-42.797645568847656,"[-2.6341968, -9.594048, -8.808241, -1.6413803, -9.169623, -1.1135111, -9.055822, -0.7808217]"
an adult brought me a beer .,the secretary took you the machine .,DO,DO,BRING,TAKE,A,THE,to,to,-45.420711517333984,"[-2.6341968, -9.594048, -8.808241, -6.8173733, -6.8652654, -10.149102, -0.5524875]"
an adult brought me a box .,the author threw the juice to us .,DO,PD,BRING,THROW,A,THE,to,to,-46.44232177734375,"[-2.5585701, -6.4745984, -11.559059, -2.7435575, -10.423024, -4.2764473, -7.3136053, -1.0934603]"
an adult brought me a box .,the author threw us the juice .,DO,DO,BRING,THROW,A,THE,to,to,-39.78202819824219,"[-2.5585701, -6.4745984, -11.559059, -5.5144954, -2.3437607, -10.465534, -0.86600935]"
an adult brought me a cigarette .,the priest promised the coffee to us .,DO,PD,BRING,PROMISE,A,THE,to,to,-43.097984313964844,"[-2.6613328, -9.812668, -8.642616, -3.2372103, -10.717766, -2.4573984, -4.736494, -0.8324982]"
an adult brought me a cigarette .,the priest promised us the coffee .,DO,DO,BRING,PROMISE,A,THE,to,to,-36.793148040771484,"[-2.6613328, -9.812668, -8.642616, -4.0431843, -2.540814, -8.10004, -0.99249375]"
an adult brought us a candy .,the mayor showed the bag to them .,DO,PD,BRING,SHOW,A,THE,to,to,-39.886260986328125,"[-2.6572301, -7.679913, -9.969215, -2.7076511, -8.225292, -1.446344, -6.1581297, -1.0424829]"
an adult brought us a candy .,the mayor showed them the bag .,DO,DO,BRING,SHOW,A,THE,to,to,-34.116641998291016,"[-2.6572301, -7.679913, -9.969215, -5.03382, -1.8401511, -5.8973513, -1.0389591]"
an adult brought you a candy .,the wife showed the beer to me .,DO,PD,BRING,SHOW,A,THE,to,to,-39.0445671081543,"[-2.6370997, -8.218206, -10.923772, -2.655209, -9.976894, -0.7046387, -3.0947933, -0.83395356]"
an adult brought you a candy .,the wife showed me the beer .,DO,DO,BRING,SHOW,A,THE,to,to,-33.4213981628418,"[-2.6370997, -8.218206, -10.923772, -1.3806158, -1.5686002, -7.8335233, -0.8595823]"
an adult brought you a cigarette .,the opponent supplied the juice to me .,DO,PD,BRING,SUPPLY,A,THE,to,to,-40.13069152832031,"[-2.6536894, -10.410145, -11.15394, -1.1327088, -7.3615246, -2.3022742, -4.5499377, -0.5664736]"
an adult brought you a cigarette .,the opponent supplied me the juice .,DO,DO,BRING,SUPPLY,A,THE,to,to,-39.1248779296875,"[-2.6536894, -10.410145, -11.15394, -4.4623213, -3.3019402, -6.371318, -0.7715212]"
an adult brought you a meal .,the girl threw the computer to us .,DO,PD,BRING,THROW,A,THE,to,to,-41.896446228027344,"[-2.622827, -7.840468, -7.336912, -1.6357195, -8.588117, -2.7515182, -10.4387045, -0.6821818]"
an adult brought you a meal .,the girl threw us the computer .,DO,DO,BRING,THROW,A,THE,to,to,-38.37896728515625,"[-2.622827, -7.840468, -7.336912, -7.171422, -2.8250756, -9.626393, -0.95587]"
an adult caught a bag for you .,the parent fed the cheese to him .,PD,PD,CATCH,FEED,A,THE,for,to,-42.216392517089844,"[-2.6499202, -8.208656, -13.533329, -1.2679965, -9.239084, -2.0071447, -4.657303, -0.6529592]"
an adult caught a bag for you .,the parent fed him the cheese .,PD,DO,CATCH,FEED,A,THE,for,to,-39.010704040527344,"[-2.6499202, -8.208656, -13.533329, -4.491082, -2.2456732, -6.881257, -1.0007869]"
an adult caught a card for me .,the child fed the candy to them .,PD,PD,CATCH,FEED,A,THE,for,to,-40.07130432128906,"[-2.6485727, -7.5953856, -10.807067, -1.2758472, -8.454692, -2.8478196, -5.7535086, -0.68840885]"
an adult caught a card for me .,the child fed them the candy .,PD,DO,CATCH,FEED,A,THE,for,to,-35.8701171875,"[-2.6485727, -7.5953856, -10.807067, -5.637267, -2.799616, -5.38524, -0.99696904]"
an adult caught me a card .,the child fed the candy to them .,DO,PD,CATCH,FEED,A,THE,for,to,-39.759849548339844,"[-2.628138, -7.6768093, -10.747524, -1.6177905, -7.312082, -2.5545785, -6.5635386, -0.65938795]"
an adult caught me a card .,the child fed them the candy .,DO,DO,CATCH,FEED,A,THE,for,to,-34.36073303222656,"[-2.628138, -7.6768093, -10.747524, -4.8631487, -2.7398682, -4.9139924, -0.7912564]"
an adult caught you a bag .,the parent fed the cheese to him .,DO,PD,CATCH,FEED,A,THE,for,to,-43.01271438598633,"[-2.622561, -8.203254, -13.599163, -1.1926202, -9.939342, -2.0034354, -4.8628287, -0.5895083]"
an adult caught you a bag .,the parent fed him the cheese .,DO,DO,CATCH,FEED,A,THE,for,to,-38.918033599853516,"[-2.622561, -8.203254, -13.599163, -4.519253, -2.44774, -6.780015, -0.74604917]"
an adult delivered a coffee for him .,the secretary showed the tea to them .,PD,PD,DELIVER,SHOW,A,THE,for,to,-43.56507873535156,"[-2.6647215, -9.128273, -11.596077, -2.251426, -8.407045, -2.5445395, -5.8869843, -1.0860122]"
an adult delivered a coffee for him .,the secretary showed them the tea .,PD,DO,DELIVER,SHOW,A,THE,for,to,-38.73030090332031,"[-2.6647215, -9.128273, -11.596077, -4.988287, -1.8386418, -7.0032177, -1.5110853]"
an adult delivered a coffee for it .,the winner threw the computer to them .,PD,PD,DELIVER,THROW,A,THE,for,to,-47.61675262451172,"[-2.6395717, -8.644886, -11.665534, -2.308764, -9.421969, -2.3861763, -9.4524355, -1.0974151]"
an adult delivered a coffee for it .,the winner threw them the computer .,PD,DO,DELIVER,THROW,A,THE,for,to,-45.45854187011719,"[-2.6395717, -8.644886, -11.665534, -8.085037, -3.2550817, -9.872924, -1.2955077]"
an adult delivered a coffee for me .,the professor brought the meal to us .,PD,PD,DELIVER,BRING,A,THE,for,to,-31.8068904876709,"[-2.6493583, -8.744705, -6.9873753, -2.7502656, -6.2543297, -0.7496741, -2.716795, -0.9543872]"
an adult delivered a coffee for me .,the professor brought us the meal .,PD,DO,DELIVER,BRING,A,THE,for,to,-31.96731185913086,"[-2.6493583, -8.744705, -6.9873753, -3.3416972, -1.9923384, -7.1386414, -1.1131952]"
an adult delivered a coffee for you .,the employer showed the chicken to us .,PD,PD,DELIVER,SHOW,A,THE,for,to,-42.88717269897461,"[-2.648458, -9.87713, -9.352495, -2.5396361, -10.881407, -2.5437756, -3.739228, -1.3050435]"
an adult delivered a coffee for you .,the employer showed us the chicken .,PD,DO,DELIVER,SHOW,A,THE,for,to,-41.058197021484375,"[-2.648458, -9.87713, -9.352495, -5.089309, -1.5364987, -10.523012, -2.0312915]"
an adult delivered a meal for them .,the secretary purchased the juice for you .,PD,PD,DELIVER,PURCHASE,A,THE,for,for,-48.28043746948242,"[-2.6481888, -9.203381, -16.312592, -1.580924, -11.283186, -1.8394508, -4.6935377, -0.71917516]"
an adult delivered a meal for them .,the secretary purchased you the juice .,PD,DO,DELIVER,PURCHASE,A,THE,for,for,-49.94645690917969,"[-2.6481888, -9.203381, -16.312592, -9.501555, -3.4210396, -7.5856805, -1.2740221]"
an adult delivered a meal for us .,the sheriff saved the cup for you .,PD,PD,DELIVER,SAVE,A,THE,for,for,-41.90220642089844,"[-2.6576245, -8.794954, -10.842547, -1.3252779, -10.640948, -3.8401608, -3.4117384, -0.38895345]"
an adult delivered a meal for us .,the sheriff saved you the cup .,PD,DO,DELIVER,SAVE,A,THE,for,for,-47.41500473022461,"[-2.6576245, -8.794954, -10.842547, -5.3796563, -4.09752, -14.071125, -1.5715771]"
an adult delivered a tea for me .,the hero drew the machine for you .,PD,PD,DELIVER,DRAW,A,THE,for,for,-45.67695999145508,"[-2.665187, -9.843828, -9.371195, -2.470158, -10.256089, -5.0132103, -5.4796505, -0.57764184]"
an adult delivered a tea for me .,the hero drew you the machine .,PD,DO,DELIVER,DRAW,A,THE,for,for,-46.165279388427734,"[-2.665187, -9.843828, -9.371195, -8.402559, -4.164889, -10.413918, -1.3037033]"
an adult delivered a tea for me .,the worker gave the juice to him .,PD,PD,DELIVER,GIVE,A,THE,for,to,-36.23619842529297,"[-2.665187, -9.631198, -6.8289804, -1.7952881, -9.396592, -0.4791815, -4.606368, -0.83340466]"
an adult delivered a tea for me .,the worker gave him the juice .,PD,DO,DELIVER,GIVE,A,THE,for,to,-32.8655891418457,"[-2.665187, -9.631198, -6.8289804, -2.607421, -2.4374952, -7.2665415, -1.428766]"
an adult delivered a telephone for it .,the hero kept the chicken for me .,PD,PD,DELIVER,KEEP,A,THE,for,for,-41.83405685424805,"[-2.6671522, -10.006762, -7.903329, -2.4382665, -8.712975, -3.6283622, -5.609912, -0.86729765]"
an adult delivered a telephone for it .,the hero kept me the chicken .,PD,DO,DELIVER,KEEP,A,THE,for,for,-45.198360443115234,"[-2.6671522, -10.006762, -7.903329, -6.5660257, -6.8258195, -10.071363, -1.1579082]"
an adult delivered a telephone for me .,the secretary supplied the knife to you .,PD,PD,DELIVER,SUPPLY,A,THE,for,to,-46.747867584228516,"[-2.6736994, -9.137064, -13.059015, -1.7206409, -10.447896, -1.6620727, -7.183132, -0.86434644]"
an adult delivered a telephone for me .,the secretary supplied you the knife .,PD,DO,DELIVER,SUPPLY,A,THE,for,to,-48.33866500854492,"[-2.6736994, -9.137064, -13.059015, -6.3561554, -4.78842, -11.035027, -1.2892833]"
an adult delivered a telephone for them .,the partner purchased the salad for him .,PD,PD,DELIVER,PURCHASE,A,THE,for,for,-42.877235412597656,"[-2.6805792, -10.223955, -9.564386, -0.87266463, -11.627838, -2.4462204, -4.152634, -1.3089585]"
an adult delivered a telephone for them .,the partner purchased him the salad .,PD,DO,DELIVER,PURCHASE,A,THE,for,for,-46.278194427490234,"[-2.6805792, -10.223955, -9.564386, -7.4220533, -3.734249, -10.77414, -1.8788301]"
an adult delivered a telephone for them .,the employer caught the cup for us .,PD,PD,DELIVER,CATCH,A,THE,for,for,-45.19179153442383,"[-2.6805792, -9.944279, -8.783377, -2.179983, -11.023244, -3.6529026, -6.0724597, -0.85496604]"
an adult delivered a telephone for them .,the employer caught us the cup .,PD,DO,DELIVER,CATCH,A,THE,for,for,-47.74821472167969,"[-2.6805792, -9.944279, -8.783377, -6.8066473, -5.591525, -12.722535, -1.2192748]"
an adult delivered a telephone for us .,the man took the motor to me .,PD,PD,DELIVER,TAKE,A,THE,for,to,-37.62416076660156,"[-2.7093089, -5.4268794, -5.9893694, -2.109804, -8.429933, -4.136372, -7.086705, -1.735785]"
an adult delivered a telephone for us .,the man took me the motor .,PD,DO,DELIVER,TAKE,A,THE,for,to,-37.571144104003906,"[-2.7093089, -5.4268794, -5.9893694, -4.530258, -6.509961, -8.859743, -3.5456216]"
an adult delivered him a coffee .,the secretary showed the tea to them .,DO,PD,DELIVER,SHOW,A,THE,for,to,-43.8685417175293,"[-2.7229574, -9.035629, -11.360108, -2.6100678, -8.686632, -2.1708074, -6.3680706, -0.91426784]"
an adult delivered him a coffee .,the secretary showed them the tea .,DO,DO,DELIVER,SHOW,A,THE,for,to,-37.73298263549805,"[-2.7229574, -9.035629, -11.360108, -4.8271937, -2.0739512, -7.0777187, -0.6354243]"
an adult delivered it a coffee .,the winner threw the computer to them .,DO,PD,DELIVER,THROW,A,THE,for,to,-48.55210876464844,"[-2.6222575, -8.591999, -11.696758, -2.1403084, -9.518182, -2.7291412, -10.167707, -1.0857573]"
an adult delivered it a coffee .,the winner threw them the computer .,DO,DO,DELIVER,THROW,A,THE,for,to,-45.1573600769043,"[-2.6222575, -8.591999, -11.696758, -8.353887, -3.039726, -9.644318, -1.208415]"
an adult delivered it a telephone .,the hero kept the chicken for me .,DO,PD,DELIVER,KEEP,A,THE,for,for,-43.10520553588867,"[-2.628233, -10.1147785, -7.8512597, -2.4116292, -9.137625, -4.059366, -5.950695, -0.95161873]"
an adult delivered it a telephone .,the hero kept me the chicken .,DO,DO,DELIVER,KEEP,A,THE,for,for,-45.747406005859375,"[-2.628233, -10.1147785, -7.8512597, -6.6188426, -6.7442384, -10.739036, -1.0510178]"
an adult delivered me a coffee .,the professor brought the meal to us .,DO,PD,DELIVER,BRING,A,THE,for,to,-33.67729949951172,"[-2.6695948, -8.648062, -6.9845676, -3.1246324, -7.36314, -0.5276573, -3.473869, -0.88577425]"
an adult delivered me a coffee .,the professor brought us the meal .,DO,DO,DELIVER,BRING,A,THE,for,to,-31.2427978515625,"[-2.6695948, -8.648062, -6.9845676, -2.9169106, -2.2532525, -7.1466675, -0.62374246]"
an adult delivered me a tea .,the hero drew the machine for you .,DO,PD,DELIVER,DRAW,A,THE,for,for,-48.95799255371094,"[-2.6615252, -9.987202, -9.537223, -2.6308417, -10.459368, -6.4565163, -6.6442003, -0.58111733]"
an adult delivered me a tea .,the hero drew you the machine .,DO,DO,DELIVER,DRAW,A,THE,for,for,-47.64991760253906,"[-2.6615252, -9.987202, -9.537223, -7.9775157, -5.8817677, -10.852198, -0.75248635]"
an adult delivered me a tea .,the worker gave the juice to him .,DO,PD,DELIVER,GIVE,A,THE,for,to,-37.340789794921875,"[-2.6615252, -9.742119, -6.896449, -2.3948836, -10.076483, -0.30215898, -4.483325, -0.78384626]"
an adult delivered me a tea .,the worker gave him the juice .,DO,DO,DELIVER,GIVE,A,THE,for,to,-32.655517578125,"[-2.6615252, -9.742119, -6.896449, -2.2690864, -2.8096113, -7.4445744, -0.8321519]"
an adult delivered me a telephone .,the secretary supplied the knife to you .,DO,PD,DELIVER,SUPPLY,A,THE,for,to,-47.21209716796875,"[-2.6816497, -9.045296, -12.971143, -1.991153, -10.523721, -0.80778927, -8.22281, -0.96853673]"
an adult delivered me a telephone .,the secretary supplied you the knife .,DO,DO,DELIVER,SUPPLY,A,THE,for,to,-46.676910400390625,"[-2.6816497, -9.045296, -12.971143, -6.4318266, -4.268372, -10.316662, -0.9619639]"
an adult delivered them a meal .,the secretary purchased the juice for you .,DO,PD,DELIVER,PURCHASE,A,THE,for,for,-51.128753662109375,"[-2.6773806, -9.160486, -16.14157, -1.6279017, -11.96023, -2.4223783, -6.179578, -0.9592277]"
an adult delivered them a meal .,the secretary purchased you the juice .,DO,DO,DELIVER,PURCHASE,A,THE,for,for,-49.093406677246094,"[-2.6773806, -9.160486, -16.14157, -9.139776, -3.413001, -7.5114794, -1.0497117]"
an adult delivered them a telephone .,the partner purchased the salad for him .,DO,PD,DELIVER,PURCHASE,A,THE,for,for,-44.340003967285156,"[-2.7071054, -10.147769, -9.236884, -0.84873354, -12.206221, -3.1932583, -4.2058954, -1.7941357]"
an adult delivered them a telephone .,the partner purchased him the salad .,DO,DO,DELIVER,PURCHASE,A,THE,for,for,-44.338478088378906,"[-2.7071054, -10.147769, -9.236884, -6.535949, -3.1708953, -11.022578, -1.5172951]"
an adult delivered them a telephone .,the employer caught the cup for us .,DO,PD,DELIVER,CATCH,A,THE,for,for,-47.67945861816406,"[-2.7071054, -9.730508, -8.650591, -2.3561783, -11.142948, -4.3774467, -7.6422973, -1.0723826]"
an adult delivered them a telephone .,the employer caught us the cup .,DO,DO,DELIVER,CATCH,A,THE,for,for,-45.787498474121094,"[-2.7071054, -9.730508, -8.650591, -6.2854185, -5.5064964, -11.759233, -1.1481467]"
an adult delivered us a meal .,the sheriff saved the cup for you .,DO,PD,DELIVER,SAVE,A,THE,for,for,-44.623313903808594,"[-2.7138758, -8.5389385, -10.676734, -1.7529869, -10.629911, -4.889606, -4.932351, -0.48891103]"
an adult delivered us a meal .,the sheriff saved you the cup .,DO,DO,DELIVER,SAVE,A,THE,for,for,-45.74479675292969,"[-2.7138758, -8.5389385, -10.676734, -5.2546186, -4.300837, -13.053117, -1.2066766]"
an adult delivered us a telephone .,the man took the motor to me .,DO,PD,DELIVER,TAKE,A,THE,for,to,-37.52666473388672,"[-2.6972198, -5.387317, -6.0582323, -2.1952255, -8.587109, -3.773307, -7.1242423, -1.7040137]"
an adult delivered us a telephone .,the man took me the motor .,DO,DO,DELIVER,TAKE,A,THE,for,to,-35.87336349487305,"[-2.6972198, -5.387317, -6.0582323, -3.5284832, -6.5769835, -8.902498, -2.7226298]"
an adult delivered you a coffee .,the employer showed the chicken to us .,DO,PD,DELIVER,SHOW,A,THE,for,to,-43.81834411621094,"[-2.6633093, -9.752225, -9.232939, -2.8842492, -11.576027, -1.9676955, -4.6371493, -1.1047504]"
an adult delivered you a coffee .,the employer showed us the chicken .,DO,DO,DELIVER,SHOW,A,THE,for,to,-40.25127410888672,"[-2.6633093, -9.752225, -9.232939, -5.0325, -1.733371, -10.690129, -1.1468029]"
an adult designed a knife for us .,the brother kept the button for you .,PD,PD,DESIGN,KEEP,A,THE,for,for,-42.67705535888672,"[-2.656713, -9.545352, -11.634859, -2.2265196, -9.031965, -3.6002617, -3.3514981, -0.6298866]"
an adult designed a knife for us .,the brother kept you the button .,PD,DO,DESIGN,KEEP,A,THE,for,for,-49.73627471923828,"[-2.656713, -9.545352, -11.634859, -5.9786053, -6.1782656, -12.006138, -1.736342]"
an adult designed a log for him .,the daughter found the cup for you .,PD,PD,DESIGN,FIND,A,THE,for,for,-42.04668426513672,"[-2.6408474, -9.331858, -9.469705, -1.6019478, -5.8564053, -4.1768794, -8.291252, -0.677791]"
an adult designed a log for him .,the daughter found you the cup .,PD,DO,DESIGN,FIND,A,THE,for,for,-44.225563049316406,"[-2.6408474, -9.331858, -9.469705, -8.4798355, -4.777624, -7.9483175, -1.5773776]"
an adult designed a log for him .,the reader found the candy for her .,PD,PD,DESIGN,FIND,A,THE,for,for,-42.561431884765625,"[-2.6408474, -8.788425, -6.2827168, -1.641465, -16.108265, -3.2260246, -2.460478, -1.4132077]"
an adult designed a log for him .,the reader found her the candy .,PD,DO,DESIGN,FIND,A,THE,for,for,-45.4542236328125,"[-2.6408474, -8.788425, -6.2827168, -8.785284, -5.68934, -11.763575, -1.5040381]"
an adult designed a log for him .,the husband showed the coffee to you .,PD,PD,DESIGN,SHOW,A,THE,for,to,-45.48495864868164,"[-2.6408474, -8.91017, -8.996111, -2.3409328, -11.774254, -1.3692255, -8.487123, -0.96629524]"
an adult designed a log for him .,the husband showed you the coffee .,PD,DO,DESIGN,SHOW,A,THE,for,to,-38.97975540161133,"[-2.6408474, -8.91017, -8.996111, -6.4355965, -1.601392, -9.00441, -1.3912294]"
an adult designed a log for me .,the partner showed the television to them .,PD,PD,DESIGN,SHOW,A,THE,for,to,-40.70564270019531,"[-2.6159096, -10.149047, -8.677101, -2.5207353, -8.213816, -1.8867798, -5.5517235, -1.090533]"
an adult designed a log for me .,the partner showed them the television .,PD,DO,DESIGN,SHOW,A,THE,for,to,-38.236473083496094,"[-2.6159096, -10.149047, -8.677101, -5.1230836, -1.4313347, -8.590113, -1.6498876]"
an adult designed a log for me .,the priest promised the coffee to us .,PD,PD,DESIGN,PROMISE,A,THE,for,to,-43.996665954589844,"[-2.6159096, -10.563099, -9.398794, -2.5518427, -10.789318, -1.9446936, -5.190413, -0.9425968]"
an adult designed a log for me .,the priest promised us the coffee .,PD,DO,DESIGN,PROMISE,A,THE,for,to,-39.976097106933594,"[-2.6159096, -10.563099, -9.398794, -4.50449, -2.2499323, -9.170458, -1.4734138]"
an adult designed a log for us .,the aunt delivered the chicken for you .,PD,PD,DESIGN,DELIVER,A,THE,for,for,-43.88007354736328,"[-2.6163123, -11.839771, -11.644258, -1.7027708, -7.663173, -3.4030485, -4.342342, -0.6683976]"
an adult designed a log for us .,the aunt delivered you the chicken .,PD,DO,DESIGN,DELIVER,A,THE,for,for,-42.88002014160156,"[-2.6163123, -11.839771, -11.644258, -6.102381, -2.0666265, -7.2292767, -1.3813951]"
an adult designed a log for you .,the doctor kept the coffee for it .,PD,PD,DESIGN,KEEP,A,THE,for,for,-40.750328063964844,"[-2.614002, -8.725493, -7.730201, -2.338733, -7.43593, -2.9756618, -7.8265944, -1.1037153]"
an adult designed a log for you .,the doctor kept it the coffee .,PD,DO,DESIGN,KEEP,A,THE,for,for,-42.47039794921875,"[-2.614002, -8.725493, -7.730201, -4.7077494, -5.513752, -11.753848, -1.4253527]"
an adult designed him a log .,the daughter found the cup for you .,DO,PD,DESIGN,FIND,A,THE,for,for,-43.00521469116211,"[-2.6856196, -9.221714, -9.567298, -1.970271, -5.9156027, -4.8002663, -7.9710426, -0.87340105]"
an adult designed him a log .,the daughter found you the cup .,DO,DO,DESIGN,FIND,A,THE,for,for,-43.20442199707031,"[-2.6856196, -9.221714, -9.567298, -8.275571, -4.4801126, -7.4311724, -1.542934]"
an adult designed him a log .,the reader found the candy for her .,DO,PD,DESIGN,FIND,A,THE,for,for,-47.211822509765625,"[-2.6856196, -8.621513, -6.46618, -2.1896057, -17.83954, -4.095414, -1.7891462, -3.5248015]"
an adult designed him a log .,the reader found her the candy .,DO,DO,DESIGN,FIND,A,THE,for,for,-46.842674255371094,"[-2.6856196, -8.621513, -6.46618, -9.005287, -6.958206, -11.774372, -1.331494]"
an adult designed him a log .,the husband showed the coffee to you .,DO,PD,DESIGN,SHOW,A,THE,for,to,-47.014408111572266,"[-2.6856196, -8.718379, -9.245998, -2.9569216, -11.602501, -2.1436074, -8.624933, -1.0364479]"
an adult designed him a log .,the husband showed you the coffee .,DO,DO,DESIGN,SHOW,A,THE,for,to,-39.41878128051758,"[-2.6856196, -8.718379, -9.245998, -6.4543695, -1.9175988, -9.1247635, -1.2720504]"
an adult designed me a log .,the partner showed the television to them .,DO,PD,DESIGN,SHOW,A,THE,for,to,-41.62568664550781,"[-2.7077167, -10.014957, -8.18287, -3.0346086, -8.097704, -2.780015, -5.598049, -1.2097647]"
an adult designed me a log .,the partner showed them the television .,DO,DO,DESIGN,SHOW,A,THE,for,to,-37.772857666015625,"[-2.7077167, -10.014957, -8.18287, -5.304091, -1.5153912, -8.540301, -1.5075316]"
an adult designed me a log .,the priest promised the coffee to us .,DO,PD,DESIGN,PROMISE,A,THE,for,to,-44.61196517944336,"[-2.7077167, -10.559271, -9.024377, -2.7626052, -10.555185, -2.524911, -5.3276577, -1.1502416]"
an adult designed me a log .,the priest promised us the coffee .,DO,DO,DESIGN,PROMISE,A,THE,for,to,-39.341033935546875,"[-2.7077167, -10.559271, -9.024377, -4.0544133, -2.274622, -9.476343, -1.2442915]"
an adult designed us a knife .,the brother kept the button for you .,DO,PD,DESIGN,KEEP,A,THE,for,for,-43.594940185546875,"[-2.7540991, -9.523789, -11.045769, -2.8561802, -8.78153, -4.0924478, -3.620737, -0.92038864]"
an adult designed us a knife .,the brother kept you the button .,DO,DO,DESIGN,KEEP,A,THE,for,for,-47.949798583984375,"[-2.7540991, -9.523789, -11.045769, -6.0145426, -6.2584047, -10.999921, -1.3532765]"
an adult designed us a log .,the aunt delivered the chicken for you .,DO,PD,DESIGN,DELIVER,A,THE,for,for,-45.41944885253906,"[-2.691165, -11.762366, -11.815237, -1.8667107, -8.121232, -3.7277942, -4.506366, -0.92857885]"
an adult designed us a log .,the aunt delivered you the chicken .,DO,DO,DESIGN,DELIVER,A,THE,for,for,-42.340789794921875,"[-2.691165, -11.762366, -11.815237, -5.5060806, -2.0412493, -7.469143, -1.0555482]"
an adult designed you a log .,the doctor kept the coffee for it .,DO,PD,DESIGN,KEEP,A,THE,for,for,-41.55997085571289,"[-2.662433, -8.65622, -7.273043, -2.7654974, -7.575083, -3.3936958, -7.8794565, -1.3545415]"
an adult designed you a log .,the doctor kept it the coffee .,DO,DO,DESIGN,KEEP,A,THE,for,for,-42.80069351196289,"[-2.662433, -8.65622, -7.273043, -5.1272297, -5.6402397, -12.09518, -1.3463486]"
an adult drew a bag for it .,the colonel sold the flower to you .,PD,PD,DRAW,SELL,A,THE,for,to,-44.96951675415039,"[-2.6565564, -11.386595, -9.59956, -1.0297141, -9.632488, -1.2830704, -8.507513, -0.87402093]"
an adult drew a bag for it .,the colonel sold you the flower .,PD,DO,DRAW,SELL,A,THE,for,to,-41.97251892089844,"[-2.6565564, -11.386595, -9.59956, -6.5135655, -2.2212024, -8.432673, -1.1623676]"
an adult drew a bag for them .,the partner caught the ball for you .,PD,PD,DRAW,CATCH,A,THE,for,for,-37.506622314453125,"[-2.706928, -10.168301, -8.296384, -1.6552627, -5.2767143, -1.919123, -6.483432, -1.0004747]"
an adult drew a bag for them .,the partner caught you the ball .,PD,DO,DRAW,CATCH,A,THE,for,for,-39.18629837036133,"[-2.706928, -10.168301, -8.296384, -5.494399, -6.167347, -4.5210886, -1.8318526]"
an adult drew a ball for them .,the professor made the wire for you .,PD,PD,DRAW,MAKE,A,THE,for,for,-39.46687316894531,"[-2.6764965, -8.887129, -5.522808, -2.0617409, -12.080607, -3.3499305, -4.1357384, -0.7524198]"
an adult drew a ball for them .,the professor made you the wire .,PD,DO,DRAW,MAKE,A,THE,for,for,-42.643123626708984,"[-2.6764965, -8.887129, -5.522808, -7.0757, -4.487545, -12.795752, -1.1976942]"
an adult drew a ball for us .,the winner made the hat for them .,PD,PD,DRAW,MAKE,A,THE,for,for,-41.315773010253906,"[-2.6800869, -8.29313, -8.452612, -1.5778705, -8.587454, -4.9881186, -6.028561, -0.707941]"
an adult drew a ball for us .,the winner made them the hat .,PD,DO,DRAW,MAKE,A,THE,for,for,-43.424659729003906,"[-2.6800869, -8.29313, -8.452612, -7.342412, -3.4292674, -9.906342, -3.3208084]"
an adult drew a flower for him .,the employee promised the beer to them .,PD,PD,DRAW,PROMISE,A,THE,for,to,-39.84006118774414,"[-2.7136822, -9.153871, -8.650984, -3.237524, -8.548771, -2.028527, -4.4755197, -1.0311807]"
an adult drew a flower for him .,the employee promised them the beer .,PD,DO,DRAW,PROMISE,A,THE,for,to,-36.63594436645508,"[-2.7136822, -9.153871, -8.650984, -4.4662123, -3.0902648, -6.8768826, -1.6840458]"
an adult drew a flower for it .,the woman found the tea for you .,PD,PD,DRAW,FIND,A,THE,for,for,-38.81178665161133,"[-2.6738002, -6.699653, -5.940737, -0.83843786, -8.665844, -4.0045824, -9.196247, -0.7924848]"
an adult drew a flower for it .,the woman found you the tea .,PD,DO,DRAW,FIND,A,THE,for,for,-40.15196228027344,"[-2.6738002, -6.699653, -5.940737, -9.077534, -5.417401, -9.080255, -1.2625831]"
an adult drew a flower for them .,the buddy promised the beer to me .,PD,PD,DRAW,PROMISE,A,THE,for,to,-44.07788848876953,"[-2.7087758, -12.467522, -11.931124, -3.7104917, -6.961876, -2.9268734, -2.4521892, -0.9190365]"
an adult drew a flower for them .,the buddy promised me the beer .,PD,DO,DRAW,PROMISE,A,THE,for,to,-40.364768981933594,"[-2.7087758, -12.467522, -11.931124, -2.5272422, -3.0916216, -6.250189, -1.388297]"
an adult drew a gun for it .,the lawyer sold the ball to you .,PD,PD,DRAW,SELL,A,THE,for,to,-41.844154357910156,"[-2.671124, -8.882328, -11.757696, -1.2644314, -7.4442854, -1.0953718, -7.7282095, -1.0007095]"
an adult drew a gun for it .,the lawyer sold you the ball .,PD,DO,DRAW,SELL,A,THE,for,to,-39.33242416381836,"[-2.671124, -8.882328, -11.757696, -7.312243, -2.2064657, -5.299639, -1.2029272]"
an adult drew a gun for it .,the brother supplied the beer to her .,PD,PD,DRAW,SUPPLY,A,THE,for,to,-41.41432189941406,"[-2.671124, -9.028869, -14.309254, -0.98034126, -6.631155, -1.9363179, -4.6733117, -1.18395]"
an adult drew a gun for it .,the brother supplied her the beer .,PD,DO,DRAW,SUPPLY,A,THE,for,to,-42.275611877441406,"[-2.671124, -9.028869, -14.309254, -5.7898297, -3.4097638, -5.833209, -1.2335616]"
an adult drew a gun for me .,the daughter bought the tea for them .,PD,PD,DRAW,BUY,A,THE,for,for,-43.58183288574219,"[-2.6863744, -8.981563, -12.225335, -1.5575762, -8.943866, -1.7123322, -6.3999457, -1.0748391]"
an adult drew a gun for me .,the daughter bought them the tea .,PD,DO,DRAW,BUY,A,THE,for,for,-44.85432815551758,"[-2.6863744, -8.981563, -12.225335, -5.393463, -4.7747774, -9.242002, -1.5508143]"
an adult drew a log for her .,the professor purchased the candy for us .,PD,PD,DRAW,PURCHASE,A,THE,for,for,-40.59620666503906,"[-2.67324, -8.772182, -11.058216, -1.7090174, -8.868238, -1.7854929, -4.5109763, -1.2188461]"
an adult drew a log for her .,the professor purchased us the candy .,PD,DO,DRAW,PURCHASE,A,THE,for,for,-44.508113861083984,"[-2.67324, -8.772182, -11.058216, -9.352781, -3.704524, -7.1641817, -1.7829876]"
an adult drew a log for me .,the king found the juice for them .,PD,PD,DRAW,FIND,A,THE,for,for,-41.23423767089844,"[-2.6518388, -8.299461, -7.1161304, -2.072878, -9.958688, -3.8058252, -6.4717293, -0.8576859]"
an adult drew a log for me .,the king found them the juice .,PD,DO,DRAW,FIND,A,THE,for,for,-43.266178131103516,"[-2.6518388, -8.299461, -7.1161304, -5.7079, -4.784692, -12.854973, -1.851182]"
an adult drew a log for me .,the worker purchased the tea for you .,PD,PD,DRAW,PURCHASE,A,THE,for,for,-40.5112190246582,"[-2.6518388, -9.632374, -10.340335, -1.2455657, -7.601573, -2.1091986, -6.3265743, -0.60375875]"
an adult drew a log for me .,the worker purchased you the tea .,PD,DO,DRAW,PURCHASE,A,THE,for,for,-44.37923812866211,"[-2.6518388, -9.632374, -10.340335, -9.972712, -3.3717003, -6.751242, -1.6590376]"
an adult drew a log for you .,the cousin gave the pie to us .,PD,PD,DRAW,GIVE,A,THE,for,to,-39.080101013183594,"[-2.672622, -11.3179035, -8.092141, -2.3629577, -9.410314, -0.39158, -3.9555411, -0.8770429]"
an adult drew a log for you .,the cousin gave us the pie .,PD,DO,DRAW,GIVE,A,THE,for,to,-37.26837921142578,"[-2.672622, -11.3179035, -8.092141, -3.319228, -1.9943533, -8.699754, -1.1723744]"
an adult drew a log for you .,the writer purchased the card for it .,PD,PD,DRAW,PURCHASE,A,THE,for,for,-40.08521270751953,"[-2.672622, -7.4704432, -10.954398, -1.6330358, -6.0254765, -2.0579064, -7.2869396, -1.98439]"
an adult drew a log for you .,the writer purchased it the card .,PD,DO,DRAW,PURCHASE,A,THE,for,for,-44.83452606201172,"[-2.672622, -7.4704432, -10.954398, -4.6805334, -6.020088, -10.300092, -2.7363474]"
an adult drew a machine for him .,the cousin left the cheese for us .,PD,PD,DRAW,LEAVE,A,THE,for,for,-42.645118713378906,"[-2.6669724, -11.23084, -7.9361753, -1.3028923, -11.8335905, -3.242088, -3.5729682, -0.8595912]"
an adult drew a machine for him .,the cousin left us the cheese .,PD,DO,DRAW,LEAVE,A,THE,for,for,-40.97560501098633,"[-2.6669724, -11.23084, -7.9361753, -4.8042884, -3.3250527, -9.4303665, -1.5819104]"
an adult drew a machine for it .,the lawyer found the juice for him .,PD,PD,DRAW,FIND,A,THE,for,for,-44.262428283691406,"[-2.65091, -8.987249, -7.7313385, -2.0176392, -11.24619, -4.082453, -5.9816136, -1.5650369]"
an adult drew a machine for it .,the lawyer found him the juice .,PD,DO,DRAW,FIND,A,THE,for,for,-42.594642639160156,"[-2.65091, -8.987249, -7.7313385, -4.770175, -4.444067, -12.493227, -1.5176779]"
an adult drew a machine for them .,the parent brought the beer to it .,PD,PD,DRAW,BRING,A,THE,for,to,-38.48681640625,"[-2.6706061, -8.626621, -9.232163, -1.7898602, -7.3813767, -1.2811425, -6.7529135, -0.75213206]"
an adult drew a machine for them .,the parent brought it the beer .,PD,DO,DRAW,BRING,A,THE,for,to,-39.256919860839844,"[-2.6706061, -8.626621, -9.232163, -2.9244895, -6.552274, -8.427285, -0.8234779]"
an adult drew a machine for you .,the princess promised the chicken to them .,PD,PD,DRAW,PROMISE,A,THE,for,to,-43.56068420410156,"[-2.6642928, -10.685812, -8.518549, -3.219657, -9.284881, -2.5260942, -5.6075864, -1.0538111]"
an adult drew a machine for you .,the princess promised them the chicken .,PD,DO,DRAW,PROMISE,A,THE,for,to,-40.79207992553711,"[-2.6642928, -10.685812, -8.518549, -4.9128675, -2.7084224, -9.687794, -1.6143421]"
an adult drew a telephone for me .,the prince purchased the computer for you .,PD,PD,DRAW,PURCHASE,A,THE,for,for,-39.22050857543945,"[-2.6905828, -10.1302805, -9.469435, -1.4324057, -6.8853245, -1.8375331, -5.9228425, -0.85210484]"
an adult drew a telephone for me .,the prince purchased you the computer .,PD,DO,DRAW,PURCHASE,A,THE,for,for,-43.6668701171875,"[-2.6905828, -10.1302805, -9.469435, -8.657675, -3.4820306, -7.441928, -1.7949418]"
an adult drew an iron for her .,the mayor showed the bag to them .,PD,PD,DRAW,SHOW,A,THE,for,to,-39.559722900390625,"[-2.6582334, -7.5363383, -9.714053, -2.7631657, -7.948077, -1.6984746, -6.073487, -1.167892]"
an adult drew an iron for her .,the mayor showed them the bag .,PD,DO,DRAW,SHOW,A,THE,for,to,-34.978050231933594,"[-2.6582334, -7.5363383, -9.714053, -5.383214, -1.6807466, -6.5537996, -1.4516643]"
an adult drew her a log .,the professor purchased the candy for us .,DO,PD,DRAW,PURCHASE,A,THE,for,for,-42.02192687988281,"[-2.668731, -8.734097, -10.762385, -1.7766687, -8.853293, -2.5111365, -5.489484, -1.2261312]"
an adult drew her a log .,the professor purchased us the candy .,DO,DO,DRAW,PURCHASE,A,THE,for,for,-43.606666564941406,"[-2.668731, -8.734097, -10.762385, -9.229152, -3.6964445, -7.2237306, -1.2921269]"
an adult drew her an iron .,the mayor showed the bag to them .,DO,PD,DRAW,SHOW,A,THE,for,to,-40.41053771972656,"[-2.6564405, -7.4352546, -9.692805, -2.8308468, -8.448761, -1.7874054, -6.447714, -1.1113133]"
an adult drew her an iron .,the mayor showed them the bag .,DO,DO,DRAW,SHOW,A,THE,for,to,-34.793060302734375,"[-2.6564405, -7.4352546, -9.692805, -5.4748926, -1.7686595, -6.599634, -1.1653743]"
an adult drew him a flower .,the employee promised the beer to them .,DO,PD,DRAW,PROMISE,A,THE,for,to,-40.94363021850586,"[-2.7440536, -9.062283, -8.698173, -3.3381739, -8.657632, -2.1647806, -5.2227116, -1.0558237]"
an adult drew him a flower .,the employee promised them the beer .,DO,DO,DRAW,PROMISE,A,THE,for,to,-35.501949310302734,"[-2.7440536, -9.062283, -8.698173, -4.17933, -3.2257872, -6.240923, -1.3513992]"
an adult drew him a machine .,the cousin left the cheese for us .,DO,PD,DRAW,LEAVE,A,THE,for,for,-43.57830810546875,"[-2.6934893, -11.07757, -7.670778, -1.5846698, -11.726807, -3.9120448, -3.9268928, -0.9860595]"
an adult drew him a machine .,the cousin left us the cheese .,DO,DO,DRAW,LEAVE,A,THE,for,for,-39.730445861816406,"[-2.6934893, -11.07757, -7.670778, -4.4006014, -3.128734, -9.526891, -1.2323803]"
an adult drew it a bag .,the colonel sold the flower to you .,DO,PD,DRAW,SELL,A,THE,for,to,-44.681339263916016,"[-2.6577542, -11.448084, -9.178406, -1.2481368, -9.489534, -1.263232, -8.484561, -0.9116325]"
an adult drew it a bag .,the colonel sold you the flower .,DO,DO,DRAW,SELL,A,THE,for,to,-40.95610809326172,"[-2.6577542, -11.448084, -9.178406, -6.1923256, -2.1965218, -8.171003, -1.1120131]"
an adult drew it a flower .,the woman found the tea for you .,DO,PD,DRAW,FIND,A,THE,for,for,-39.40058135986328,"[-2.6527495, -6.7410426, -5.778224, -0.9856669, -8.913854, -5.6560736, -7.689373, -0.98359984]"
an adult drew it a flower .,the woman found you the tea .,DO,DO,DRAW,FIND,A,THE,for,for,-38.986114501953125,"[-2.6527495, -6.7410426, -5.778224, -9.078532, -5.127639, -8.452863, -1.1550658]"
an adult drew it a gun .,the lawyer sold the ball to you .,DO,PD,DRAW,SELL,A,THE,for,to,-41.38052749633789,"[-2.6296062, -8.982437, -11.484036, -1.1120992, -7.4246345, -0.8426127, -8.037918, -0.8671826]"
an adult drew it a gun .,the lawyer sold you the ball .,DO,DO,DRAW,SELL,A,THE,for,to,-38.36822509765625,"[-2.6296062, -8.982437, -11.484036, -6.9425454, -1.9834073, -5.3424063, -1.0037866]"
an adult drew it a gun .,the brother supplied the beer to her .,DO,PD,DRAW,SUPPLY,A,THE,for,to,-40.8723030090332,"[-2.6296062, -9.169624, -13.732948, -1.0148315, -6.919979, -1.5640131, -4.6075587, -1.233742]"
an adult drew it a gun .,the brother supplied her the beer .,DO,DO,DRAW,SUPPLY,A,THE,for,to,-41.123016357421875,"[-2.6296062, -9.169624, -13.732948, -5.3254404, -3.2218404, -5.988453, -1.0551009]"
an adult drew it a machine .,the lawyer found the juice for him .,DO,PD,DRAW,FIND,A,THE,for,for,-46.25151062011719,"[-2.6315823, -9.188341, -7.7242775, -1.9832412, -11.459991, -4.97932, -5.881311, -2.4034462]"
an adult drew it a machine .,the lawyer found him the juice .,DO,DO,DRAW,FIND,A,THE,for,for,-42.49507141113281,"[-2.6315823, -9.188341, -7.7242775, -4.711282, -3.8383803, -13.0259495, -1.3752596]"
an adult drew me a gun .,the daughter bought the tea for them .,DO,PD,DRAW,BUY,A,THE,for,for,-44.00406265258789,"[-2.7082498, -8.765281, -11.614352, -1.7780375, -8.968109, -2.8782587, -5.967305, -1.3244683]"
an adult drew me a gun .,the daughter bought them the tea .,DO,DO,DRAW,BUY,A,THE,for,for,-41.08473205566406,"[-2.7082498, -8.765281, -11.614352, -5.194778, -3.7018187, -7.9814024, -1.1188524]"
an adult drew me a log .,the king found the juice for them .,DO,PD,DRAW,FIND,A,THE,for,for,-43.44947052001953,"[-2.6911094, -8.2114315, -6.9985023, -2.3531356, -10.177628, -5.010283, -6.7650013, -1.2423776]"
an adult drew me a log .,the king found them the juice .,DO,DO,DRAW,FIND,A,THE,for,for,-41.89372253417969,"[-2.6911094, -8.2114315, -6.9985023, -5.482409, -4.807326, -11.991934, -1.7110081]"
an adult drew me a log .,the worker purchased the tea for you .,DO,PD,DRAW,PURCHASE,A,THE,for,for,-43.014976501464844,"[-2.6911094, -9.676522, -10.186763, -1.397725, -7.626418, -3.0303562, -7.4474597, -0.9586226]"
an adult drew me a log .,the worker purchased you the tea .,DO,DO,DRAW,PURCHASE,A,THE,for,for,-43.42528533935547,"[-2.6911094, -9.676522, -10.186763, -9.367745, -3.5555758, -6.615606, -1.3319653]"
an adult drew me a telephone .,the prince purchased the computer for you .,DO,PD,DRAW,PURCHASE,A,THE,for,for,-41.986541748046875,"[-2.719533, -9.896044, -9.428973, -1.5290432, -6.8433948, -2.7648883, -7.663265, -1.1414018]"
an adult drew me a telephone .,the prince purchased you the computer .,DO,DO,DRAW,PURCHASE,A,THE,for,for,-41.94403076171875,"[-2.719533, -9.896044, -9.428973, -8.42634, -3.3189049, -6.77411, -1.3801244]"
an adult drew them a bag .,the partner caught the ball for you .,DO,PD,DRAW,CATCH,A,THE,for,for,-40.71977996826172,"[-2.7207713, -10.207267, -7.9955277, -1.8256528, -4.999257, -3.9659626, -7.918021, -1.0873225]"
an adult drew them a bag .,the partner caught you the ball .,DO,DO,DRAW,CATCH,A,THE,for,for,-38.25829315185547,"[-2.7207713, -10.207267, -7.9955277, -5.374258, -6.220297, -4.160822, -1.57935]"
an adult drew them a ball .,the professor made the wire for you .,DO,PD,DRAW,MAKE,A,THE,for,for,-41.2774658203125,"[-2.7014694, -8.960248, -5.446078, -2.084939, -11.522756, -4.2013626, -5.54688, -0.8137355]"
an adult drew them a ball .,the professor made you the wire .,DO,DO,DRAW,MAKE,A,THE,for,for,-40.851600646972656,"[-2.7014694, -8.960248, -5.446078, -6.8765287, -4.0839963, -11.79812, -0.9851601]"
an adult drew them a flower .,the buddy promised the beer to me .,DO,PD,DRAW,PROMISE,A,THE,for,to,-43.68172836303711,"[-2.7287893, -12.390026, -11.6803055, -3.8733816, -6.7947516, -3.1027017, -2.2416036, -0.8701679]"
an adult drew them a flower .,the buddy promised me the beer .,DO,DO,DRAW,PROMISE,A,THE,for,to,-39.000572204589844,"[-2.7287893, -12.390026, -11.6803055, -1.7737913, -3.1748304, -6.182183, -1.070646]"
an adult drew them a machine .,the parent brought the beer to it .,DO,PD,DRAW,BRING,A,THE,for,to,-39.36101531982422,"[-2.6771235, -8.6306305, -9.32339, -2.1651766, -7.3750463, -1.2825618, -6.850032, -1.0570512]"
an adult drew them a machine .,the parent brought it the beer .,DO,DO,DRAW,BRING,A,THE,for,to,-36.852142333984375,"[-2.6771235, -8.6306305, -9.32339, -2.4200308, -5.8765497, -7.2922544, -0.6321652]"
an adult drew us a ball .,the winner made the hat for them .,DO,PD,DRAW,MAKE,A,THE,for,for,-41.8800048828125,"[-2.673993, -8.337595, -8.231637, -1.836512, -8.564961, -4.8463497, -6.533908, -0.85504717]"
an adult drew us a ball .,the winner made them the hat .,DO,DO,DRAW,MAKE,A,THE,for,for,-40.44158935546875,"[-2.673993, -8.337595, -8.231637, -7.1157393, -3.6933494, -8.856451, -1.5328246]"
an adult drew you a log .,the cousin gave the pie to us .,DO,PD,DRAW,GIVE,A,THE,for,to,-39.703857421875,"[-2.7029474, -11.224476, -7.642198, -2.6915822, -9.339858, -0.46133348, -4.7648335, -0.87662745]"
an adult drew you a log .,the cousin gave us the pie .,DO,DO,DRAW,GIVE,A,THE,for,to,-36.23035430908203,"[-2.7029474, -11.224476, -7.642198, -3.2159638, -1.8389266, -8.697731, -0.90811443]"
an adult drew you a log .,the writer purchased the card for it .,DO,PD,DRAW,PURCHASE,A,THE,for,for,-40.741634368896484,"[-2.7029474, -7.5076833, -10.620434, -1.5604875, -6.3977027, -2.8149376, -7.007099, -2.130342]"
an adult drew you a log .,the writer purchased it the card .,DO,DO,DRAW,PURCHASE,A,THE,for,for,-43.71979522705078,"[-2.7029474, -7.5076833, -10.620434, -4.4320507, -5.8332486, -10.217262, -2.4061718]"
an adult drew you a machine .,the princess promised the chicken to them .,DO,PD,DRAW,PROMISE,A,THE,for,to,-43.489601135253906,"[-2.6566482, -10.615251, -8.715925, -3.0658174, -9.456075, -2.5328674, -5.4965096, -0.95050955]"
an adult drew you a machine .,the princess promised them the chicken .,DO,DO,DRAW,PROMISE,A,THE,for,to,-40.57379150390625,"[-2.6566482, -10.615251, -8.715925, -4.6208806, -2.6897066, -10.113293, -1.1620891]"
an adult fed a candy to him .,the priest kept the coffee for it .,PD,PD,FEED,KEEP,A,THE,to,for,-44.24894714355469,"[-2.6804388, -10.192333, -7.8621774, -2.156464, -8.4744625, -3.9415145, -7.874823, -1.06673]"
an adult fed a candy to him .,the priest kept it the coffee .,PD,DO,FEED,KEEP,A,THE,to,for,-44.42469024658203,"[-2.6804388, -10.192333, -7.8621774, -4.8068433, -6.0636425, -11.218048, -1.6012042]"
an adult fed a candy to him .,the author made the engine for them .,PD,PD,FEED,MAKE,A,THE,to,for,-42.09577941894531,"[-2.6804388, -6.7144194, -6.555253, -2.1013236, -12.10895, -3.608227, -7.108164, -1.2190033]"
an adult fed a candy to him .,the author made them the engine .,PD,DO,FEED,MAKE,A,THE,to,for,-41.22645950317383,"[-2.6804388, -6.7144194, -6.555253, -7.396337, -5.2927446, -9.984732, -2.6025374]"
an adult fed a candy to it .,the professor sent the tea to me .,PD,PD,FEED,SEND,A,THE,to,to,-34.76179885864258,"[-2.6517005, -9.098097, -7.2148204, -1.839838, -9.735544, -0.36934456, -2.9307284, -0.9217241]"
an adult fed a candy to it .,the professor sent me the tea .,PD,DO,FEED,SEND,A,THE,to,to,-33.85865783691406,"[-2.6517005, -9.098097, -7.2148204, -1.8566122, -2.3758676, -9.53376, -1.1277997]"
an adult fed a candy to us .,the leader took the instrument to him .,PD,PD,FEED,TAKE,A,THE,to,to,-41.34881591796875,"[-2.691692, -7.284889, -11.831625, -1.7851479, -9.953512, -1.892703, -5.017997, -0.89124864]"
an adult fed a candy to us .,the leader took him the instrument .,PD,DO,FEED,TAKE,A,THE,to,to,-47.947486877441406,"[-2.691692, -7.284889, -11.831625, -6.9253435, -5.8432384, -11.216822, -2.1538765]"
an adult fed a candy to you .,the guy showed the juice to us .,PD,PD,FEED,SHOW,A,THE,to,to,-36.12279510498047,"[-2.6771975, -7.807828, -8.137262, -3.409064, -8.68601, -0.8266345, -3.8102746, -0.76852065]"
an adult fed a candy to you .,the guy showed us the juice .,PD,DO,FEED,SHOW,A,THE,to,to,-33.94565200805664,"[-2.6771975, -7.807828, -8.137262, -3.029762, -1.7569969, -9.405363, -1.1312411]"
an adult fed a chicken to her .,the cop delivered the key for you .,PD,PD,FEED,DELIVER,A,THE,to,for,-40.402503967285156,"[-2.668237, -10.123508, -10.343314, -1.5077868, -5.5286455, -4.404181, -5.0772862, -0.74954325]"
an adult fed a chicken to her .,the cop delivered you the key .,PD,DO,FEED,DELIVER,A,THE,to,for,-38.776790618896484,"[-2.668237, -10.123508, -10.343314, -6.5487146, -2.133228, -5.4202123, -1.5395787]"
an adult fed a chicken to us .,the girl showed the plate to you .,PD,PD,FEED,SHOW,A,THE,to,to,-37.088958740234375,"[-2.6862316, -7.958679, -7.4271135, -2.9713821, -8.8402195, -0.7657627, -5.7981863, -0.64138424]"
an adult fed a chicken to us .,the girl showed you the plate .,PD,DO,FEED,SHOW,A,THE,to,to,-36.079471588134766,"[-2.6862316, -7.958679, -7.4271135, -5.2252264, -1.984559, -9.393921, -1.4037402]"
an adult fed a pie to them .,the woman made the hat for it .,PD,PD,FEED,MAKE,A,THE,to,for,-39.39764404296875,"[-2.669513, -6.8456273, -7.30612, -1.9415534, -9.114471, -3.5978072, -7.1132126, -0.8093398]"
an adult fed a pie to them .,the woman made it the hat .,PD,DO,FEED,MAKE,A,THE,to,for,-38.23225402832031,"[-2.669513, -6.8456273, -7.30612, -3.8089488, -6.53868, -8.187378, -2.8759904]"
an adult fed a pie to them .,the captain saved the cheese for you .,PD,PD,FEED,SAVE,A,THE,to,for,-42.0934944152832,"[-2.669513, -8.831208, -10.339659, -0.8945526, -11.1735525, -2.1799426, -5.462147, -0.54292107]"
an adult fed a pie to them .,the captain saved you the cheese .,PD,DO,FEED,SAVE,A,THE,to,for,-43.508705139160156,"[-2.669513, -8.831208, -10.339659, -6.9934363, -3.2289748, -10.537429, -0.9084859]"
an adult fed a pie to you .,the attorney kept the cheese for me .,PD,PD,FEED,KEEP,A,THE,to,for,-42.318763732910156,"[-2.6686475, -8.781402, -12.458075, -2.449408, -9.44912, -3.9482138, -1.9002583, -0.66364115]"
an adult fed a pie to you .,the attorney kept me the cheese .,PD,DO,FEED,KEEP,A,THE,to,for,-48.26844787597656,"[-2.6686475, -8.781402, -12.458075, -4.6418204, -6.2767744, -12.22697, -1.2147623]"
an adult fed a pie to you .,the winner designed the hat for her .,PD,PD,FEED,DESIGN,A,THE,to,for,-41.07969665527344,"[-2.6686475, -8.6968155, -12.875491, -0.8261512, -6.1563597, -2.624469, -4.616264, -2.615502]"
an adult fed a pie to you .,the winner designed her the hat .,PD,DO,FEED,DESIGN,A,THE,to,for,-43.94636535644531,"[-2.6686475, -8.6968155, -12.875491, -6.1541133, -7.11045, -5.5548916, -0.8859547]"
an adult fed a pie to you .,the boy bought the coat for them .,PD,PD,FEED,BUY,A,THE,to,for,-39.90984344482422,"[-2.6686475, -8.019719, -9.45393, -1.878097, -8.133854, -2.21899, -6.5009546, -1.0356495]"
an adult fed a pie to you .,the boy bought them the coat .,PD,DO,FEED,BUY,A,THE,to,for,-39.80215835571289,"[-2.6686475, -8.019719, -9.45393, -6.126142, -3.524281, -8.630644, -1.3787947]"
an adult fed her a chicken .,the cop delivered the key for you .,DO,PD,FEED,DELIVER,A,THE,to,for,-40.29712677001953,"[-2.6583292, -10.03116, -10.283387, -1.5371529, -5.5358224, -4.176053, -5.4245987, -0.65062565]"
an adult fed her a chicken .,the cop delivered you the key .,DO,DO,FEED,DELIVER,A,THE,to,for,-37.51531982421875,"[-2.6583292, -10.03116, -10.283387, -5.9383817, -2.1973271, -5.3585033, -1.0482324]"
an adult fed him a candy .,the priest kept the coffee for it .,DO,PD,FEED,KEEP,A,THE,to,for,-44.50289535522461,"[-2.7094429, -10.037071, -7.6348433, -2.6062417, -8.725545, -4.222743, -7.6456175, -0.92139184]"
an adult fed him a candy .,the priest kept it the coffee .,DO,DO,FEED,KEEP,A,THE,to,for,-43.383853912353516,"[-2.7094429, -10.037071, -7.6348433, -4.856321, -5.9365387, -11.184713, -1.0249224]"
an adult fed him a candy .,the author made the engine for them .,DO,PD,FEED,MAKE,A,THE,to,for,-43.05867004394531,"[-2.7094429, -6.7184453, -6.598648, -2.144843, -12.273664, -3.8871598, -7.549264, -1.1772023]"
an adult fed him a candy .,the author made them the engine .,DO,DO,FEED,MAKE,A,THE,to,for,-41.00907897949219,"[-2.7094429, -6.7184453, -6.598648, -7.12395, -5.370638, -10.231723, -2.2562284]"
an adult fed it a candy .,the professor sent the tea to me .,DO,PD,FEED,SEND,A,THE,to,to,-35.3377685546875,"[-2.6463776, -9.037329, -7.1097536, -1.8097988, -9.840582, -0.7367414, -3.286347, -0.8708372]"
an adult fed it a candy .,the professor sent me the tea .,DO,DO,FEED,SEND,A,THE,to,to,-33.24672317504883,"[-2.6463776, -9.037329, -7.1097536, -1.7755581, -2.478433, -9.475634, -0.72364056]"
an adult fed them a pie .,the woman made the hat for it .,DO,PD,FEED,MAKE,A,THE,to,for,-39.9296989440918,"[-2.663102, -6.6032324, -7.43417, -1.9645729, -9.207603, -4.0556126, -7.1961393, -0.80526656]"
an adult fed them a pie .,the woman made it the hat .,DO,DO,FEED,MAKE,A,THE,to,for,-36.60968017578125,"[-2.663102, -6.6032324, -7.43417, -3.386137, -6.490423, -7.6690283, -2.363588]"
an adult fed them a pie .,the captain saved the cheese for you .,DO,PD,FEED,SAVE,A,THE,to,for,-42.51073455810547,"[-2.663102, -8.660896, -9.9679365, -1.0253568, -11.148077, -2.8946908, -5.61134, -0.5393373]"
an adult fed them a pie .,the captain saved you the cheese .,DO,DO,FEED,SAVE,A,THE,to,for,-42.55107498168945,"[-2.663102, -8.660896, -9.9679365, -6.462462, -3.5417573, -10.580266, -0.67465603]"
an adult fed us a candy .,the leader took the instrument to him .,DO,PD,FEED,TAKE,A,THE,to,to,-42.13916778564453,"[-2.6622038, -7.2258573, -11.692058, -1.7585502, -9.796219, -2.1263576, -5.914932, -0.96299005]"
an adult fed us a candy .,the leader took him the instrument .,DO,DO,FEED,TAKE,A,THE,to,to,-47.648162841796875,"[-2.6622038, -7.2258573, -11.692058, -5.986176, -6.1353827, -11.536636, -2.4098482]"
an adult fed us a chicken .,the girl showed the plate to you .,DO,PD,FEED,SHOW,A,THE,to,to,-39.04086685180664,"[-2.6639643, -7.812484, -7.4248476, -3.382835, -9.213125, -1.3654485, -6.43011, -0.7480536]"
an adult fed us a chicken .,the girl showed you the plate .,DO,DO,FEED,SHOW,A,THE,to,to,-34.78973388671875,"[-2.6639643, -7.812484, -7.4248476, -4.9553065, -1.9372077, -8.836624, -1.1592983]"
an adult fed you a candy .,the guy showed the juice to us .,DO,PD,FEED,SHOW,A,THE,to,to,-37.66114807128906,"[-2.6644235, -7.6994534, -8.2448845, -3.6283755, -8.921438, -1.803905, -3.957226, -0.7414425]"
an adult fed you a candy .,the guy showed us the juice .,DO,DO,FEED,SHOW,A,THE,to,to,-33.54966735839844,"[-2.6644235, -7.6994534, -8.2448845, -2.9422126, -1.7151394, -9.44421, -0.8393421]"
an adult fed you a pie .,the attorney kept the cheese for me .,DO,PD,FEED,KEEP,A,THE,to,for,-43.28184509277344,"[-2.665631, -9.01362, -12.242516, -2.6662228, -9.497367, -4.027648, -2.4450963, -0.7237437]"
an adult fed you a pie .,the attorney kept me the cheese .,DO,DO,FEED,KEEP,A,THE,to,for,-47.156246185302734,"[-2.665631, -9.01362, -12.242516, -4.7429905, -6.2214375, -11.197907, -1.0721407]"
an adult fed you a pie .,the winner designed the hat for her .,DO,PD,FEED,DESIGN,A,THE,to,for,-40.70823669433594,"[-2.665631, -8.509238, -13.131048, -0.7350937, -5.9162817, -2.9748256, -4.004227, -2.7718892]"
an adult fed you a pie .,the winner designed her the hat .,DO,DO,FEED,DESIGN,A,THE,to,for,-42.971046447753906,"[-2.665631, -8.509238, -13.131048, -6.0905824, -6.889846, -5.047922, -0.6367812]"
an adult fed you a pie .,the boy bought the coat for them .,DO,PD,FEED,BUY,A,THE,to,for,-40.23003387451172,"[-2.665631, -7.9647236, -9.218351, -1.9233713, -7.695036, -2.518961, -7.135676, -1.1082853]"
an adult fed you a pie .,the boy bought them the coat .,DO,DO,FEED,BUY,A,THE,to,for,-39.420677185058594,"[-2.665631, -7.9647236, -9.218351, -5.9719715, -3.6351886, -8.762533, -1.202276]"
an adult found a beer for her .,the lady bought the cup for me .,PD,PD,FIND,BUY,A,THE,for,for,-32.699462890625,"[-2.6204882, -9.360452, -9.339692, -1.7423205, -5.3180337, -2.1835313, -1.3048724, -0.83007175]"
an adult found a beer for her .,the lady bought me the cup .,PD,DO,FIND,BUY,A,THE,for,for,-35.551025390625,"[-2.6204882, -9.360452, -9.339692, -3.6771693, -3.302857, -5.4759216, -1.7744478]"
an adult found a beer for me .,the physician promised the juice to them .,PD,PD,FIND,PROMISE,A,THE,for,to,-44.9483757019043,"[-2.6078942, -10.545216, -9.279601, -3.0660272, -9.91011, -2.812804, -5.8777857, -0.848939]"
an adult found a beer for me .,the physician promised them the juice .,PD,DO,FIND,PROMISE,A,THE,for,to,-40.25633239746094,"[-2.6078942, -10.545216, -9.279601, -6.5567384, -2.813061, -7.3851986, -1.0686227]"
an adult found a beer for us .,the mayor gave the juice to me .,PD,PD,FIND,GIVE,A,THE,for,to,-40.233436584472656,"[-2.6259773, -7.7249913, -8.525954, -1.7249379, -12.161289, -0.19717567, -6.634384, -0.6387249]"
an adult found a beer for us .,the mayor gave me the juice .,PD,DO,FIND,GIVE,A,THE,for,to,-36.35868835449219,"[-2.6259773, -7.7249913, -8.525954, -5.3689656, -1.9338717, -8.744395, -1.4345313]"
an adult found a book for him .,the girl showed the plate to you .,PD,PD,FIND,SHOW,A,THE,for,to,-38.62010955810547,"[-2.6026692, -7.8842425, -7.6808367, -2.6478868, -9.473328, -1.5437334, -6.1680527, -0.61935854]"
an adult found a book for him .,the girl showed you the plate .,PD,DO,FIND,SHOW,A,THE,for,to,-35.95957565307617,"[-2.6026692, -7.8842425, -7.6808367, -5.3842406, -1.6916916, -9.489922, -1.2259718]"
an adult found a book for you .,the child kept the beer for him .,PD,PD,FIND,KEEP,A,THE,for,for,-36.876495361328125,"[-2.6015947, -7.6339407, -8.889261, -2.6223972, -8.109152, -3.07051, -3.312451, -0.6371889]"
an adult found a book for you .,the child kept him the beer .,PD,DO,FIND,KEEP,A,THE,for,for,-40.651512145996094,"[-2.6015947, -7.6339407, -8.889261, -5.324233, -6.224921, -8.767378, -1.2101872]"
an adult found a chocolate for you .,the reader left the chicken for it .,PD,PD,FIND,LEAVE,A,THE,for,for,-43.472503662109375,"[-2.631099, -9.304055, -8.436544, -1.6555338, -11.119401, -2.6878698, -7.143406, -0.4945939]"
an adult found a chocolate for you .,the reader left it the chicken .,PD,DO,FIND,LEAVE,A,THE,for,for,-39.430179595947266,"[-2.631099, -9.304055, -8.436544, -4.1493483, -5.5175905, -8.235218, -1.1563255]"
an adult found a juice for her .,the guy drew the newspaper for him .,PD,PD,FIND,DRAW,A,THE,for,for,-39.793296813964844,"[-2.6390798, -7.9379544, -9.693721, -1.9423304, -9.803214, -3.3391244, -3.8472834, -0.5905895]"
an adult found a juice for her .,the guy drew him the newspaper .,PD,DO,FIND,DRAW,A,THE,for,for,-40.78556823730469,"[-2.6390798, -7.9379544, -9.693721, -6.9103994, -3.1310768, -9.252535, -1.2208017]"
an adult found a juice for me .,the worker caught the camera for you .,PD,PD,FIND,CATCH,A,THE,for,for,-34.865447998046875,"[-2.634794, -9.731998, -6.549507, -1.4102905, -5.8626013, -2.9807334, -5.18799, -0.50753427]"
an adult found a juice for me .,the worker caught you the camera .,PD,DO,FIND,CATCH,A,THE,for,for,-40.386287689208984,"[-2.634794, -9.731998, -6.549507, -6.88577, -6.135131, -7.3291497, -1.1199372]"
an adult found a juice for them .,the captain gave the coffee to us .,PD,PD,FIND,GIVE,A,THE,for,to,-38.10704040527344,"[-2.6298175, -8.6572075, -7.1549935, -1.4340308, -10.579136, -1.1996881, -5.444557, -1.0076098]"
an adult found a juice for them .,the captain gave us the coffee .,PD,DO,FIND,GIVE,A,THE,for,to,-35.816287994384766,"[-2.6298175, -8.6572075, -7.1549935, -4.944973, -1.7869335, -9.386986, -1.2553763]"
an adult found a salad for him .,the soldier sent the camera to us .,PD,PD,FIND,SEND,A,THE,for,to,-40.7023811340332,"[-2.6610024, -10.000656, -7.342805, -2.1850157, -7.3637714, -1.260461, -8.4232025, -1.4654665]"
an adult found a salad for him .,the soldier sent us the camera .,PD,DO,FIND,SEND,A,THE,for,to,-38.21131134033203,"[-2.6610024, -10.000656, -7.342805, -5.026252, -2.865862, -8.755828, -1.5589087]"
an adult found a salad for me .,the author gave the chocolate to them .,PD,PD,FIND,GIVE,A,THE,for,to,-43.403228759765625,"[-2.6440253, -6.601735, -7.5462866, -2.725358, -12.785194, -2.6127195, -7.5120015, -0.97591144]"
an adult found a salad for me .,the author gave them the chocolate .,PD,DO,FIND,GIVE,A,THE,for,to,-37.394386291503906,"[-2.6440253, -6.601735, -7.5462866, -7.532591, -3.0697908, -8.86843, -1.1315273]"
an adult found a salad for them .,the buddy supplied the tea to me .,PD,PD,FIND,SUPPLY,A,THE,for,to,-42.96906661987305,"[-2.640821, -12.933262, -11.5558815, -1.6389158, -7.7488556, -3.7916222, -1.8098065, -0.849901]"
an adult found a salad for them .,the buddy supplied me the tea .,PD,DO,FIND,SUPPLY,A,THE,for,to,-41.503273010253906,"[-2.640821, -12.933262, -11.5558815, -3.009322, -3.2529423, -6.919815, -1.1912276]"
an adult found her a beer .,the lady bought the cup for me .,DO,PD,FIND,BUY,A,THE,for,for,-34.3148078918457,"[-2.6244843, -9.225678, -9.178036, -1.7654281, -5.4209404, -3.7448232, -1.5517486, -0.80366904]"
an adult found her a beer .,the lady bought me the cup .,DO,DO,FIND,BUY,A,THE,for,for,-33.915584564208984,"[-2.6244843, -9.225678, -9.178036, -2.704658, -3.3312175, -5.31178, -1.5397305]"
an adult found her a juice .,the guy drew the newspaper for him .,DO,PD,FIND,DRAW,A,THE,for,for,-41.170753479003906,"[-2.6207445, -7.836498, -9.580196, -2.0330558, -9.307433, -3.7055612, -5.419154, -0.6681078]"
an adult found her a juice .,the guy drew him the newspaper .,DO,DO,FIND,DRAW,A,THE,for,for,-38.71552276611328,"[-2.6207445, -7.836498, -9.580196, -6.2456574, -3.2963672, -8.230867, -0.9051894]"
an adult found him a book .,the girl showed the plate to you .,DO,PD,FIND,SHOW,A,THE,for,to,-39.163108825683594,"[-2.6509664, -7.786342, -7.659432, -3.050212, -9.218885, -1.8129567, -6.284823, -0.69949126]"
an adult found him a book .,the girl showed you the plate .,DO,DO,FIND,SHOW,A,THE,for,to,-35.79007339477539,"[-2.6509664, -7.786342, -7.659432, -5.4493246, -1.8807625, -9.345166, -1.0180807]"
an adult found him a salad .,the soldier sent the camera to us .,DO,PD,FIND,SEND,A,THE,for,to,-41.98357009887695,"[-2.7101016, -9.90999, -7.4376173, -2.1799428, -7.380416, -1.3617617, -9.23702, -1.7667215]"
an adult found him a salad .,the soldier sent us the camera .,DO,DO,FIND,SEND,A,THE,for,to,-37.88805389404297,"[-2.7101016, -9.90999, -7.4376173, -4.972536, -2.830584, -8.714045, -1.3131807]"
an adult found me a beer .,the physician promised the juice to them .,DO,PD,FIND,PROMISE,A,THE,for,to,-45.33427047729492,"[-2.602699, -10.531851, -9.24297, -3.0523262, -10.131209, -2.9129493, -6.042327, -0.8179362]"
an adult found me a beer .,the physician promised them the juice .,DO,DO,FIND,PROMISE,A,THE,for,to,-39.535865783691406,"[-2.602699, -10.531851, -9.24297, -6.1342564, -2.9356136, -7.314437, -0.7740361]"
an adult found me a juice .,the worker caught the camera for you .,DO,PD,FIND,CATCH,A,THE,for,for,-38.290245056152344,"[-2.6331704, -9.677216, -6.361392, -1.4459858, -6.187724, -3.8512044, -7.438044, -0.69551057]"
an adult found me a juice .,the worker caught you the camera .,DO,DO,FIND,CATCH,A,THE,for,for,-39.225608825683594,"[-2.6331704, -9.677216, -6.361392, -5.2345467, -6.199123, -8.185646, -0.9345116]"
an adult found me a salad .,the author gave the chocolate to them .,DO,PD,FIND,GIVE,A,THE,for,to,-44.58750915527344,"[-2.6340177, -6.5694933, -7.4226522, -2.8614564, -13.041589, -3.2129762, -7.6777453, -1.167577]"
an adult found me a salad .,the author gave them the chocolate .,DO,DO,FIND,GIVE,A,THE,for,to,-36.32910919189453,"[-2.6340177, -6.5694933, -7.4226522, -6.8625855, -3.368081, -8.554734, -0.9175459]"
an adult found them a juice .,the captain gave the coffee to us .,DO,PD,FIND,GIVE,A,THE,for,to,-39.16144943237305,"[-2.6481287, -8.674431, -6.9651585, -1.5654303, -10.558297, -1.5147836, -6.075415, -1.1598037]"
an adult found them a juice .,the captain gave us the coffee .,DO,DO,FIND,GIVE,A,THE,for,to,-34.43115234375,"[-2.6481287, -8.674431, -6.9651585, -4.6843133, -1.7351604, -8.722987, -1.0009705]"
an adult found them a salad .,the buddy supplied the tea to me .,DO,PD,FIND,SUPPLY,A,THE,for,to,-42.682106018066406,"[-2.646666, -12.826197, -11.21989, -1.6614695, -7.6443853, -3.9685392, -1.7743142, -0.94064397]"
an adult found them a salad .,the buddy supplied me the tea .,DO,DO,FIND,SUPPLY,A,THE,for,to,-39.5385627746582,"[-2.646666, -12.826197, -11.21989, -2.413228, -2.935472, -6.5010753, -0.9960344]"
an adult found us a beer .,the mayor gave the juice to me .,DO,PD,FIND,GIVE,A,THE,for,to,-38.79094696044922,"[-2.6366107, -7.829856, -8.030273, -1.7914517, -11.763643, -0.32811084, -5.752993, -0.6580097]"
an adult found us a beer .,the mayor gave me the juice .,DO,DO,FIND,GIVE,A,THE,for,to,-33.276023864746094,"[-2.6366107, -7.829856, -8.030273, -4.1765804, -2.1495302, -7.5137196, -0.93945146]"
an adult found you a book .,the child kept the beer for him .,DO,PD,FIND,KEEP,A,THE,for,for,-37.984718322753906,"[-2.598147, -7.585208, -8.765828, -2.7429168, -8.279896, -3.6281075, -3.7243607, -0.66025627]"
an adult found you a book .,the child kept him the beer .,DO,DO,FIND,KEEP,A,THE,for,for,-39.15190887451172,"[-2.598147, -7.585208, -8.765828, -5.2065554, -6.0739427, -7.9380207, -0.9842053]"
an adult found you a chocolate .,the reader left the chicken for it .,DO,PD,FIND,LEAVE,A,THE,for,for,-43.08091735839844,"[-2.5852377, -9.334837, -8.554858, -1.7201351, -10.303479, -3.9233387, -6.0567093, -0.602323]"
an adult found you a chocolate .,the reader left it the chicken .,DO,DO,FIND,LEAVE,A,THE,for,for,-38.92829895019531,"[-2.5852377, -9.334837, -8.554858, -3.6669288, -5.621248, -8.348984, -0.8162064]"
an adult gave a coffee to me .,the colonel saved the pie for us .,PD,PD,GIVE,SAVE,A,THE,to,for,-42.31074523925781,"[-2.6323154, -11.769224, -10.552767, -1.1895809, -9.267539, -2.5954971, -3.8194351, -0.48438984]"
an adult gave a coffee to me .,the colonel saved us the pie .,PD,DO,GIVE,SAVE,A,THE,to,for,-45.49784469604492,"[-2.6323154, -11.769224, -10.552767, -4.3420095, -3.8752997, -11.605003, -0.72122574]"
an adult gave a coffee to you .,the girl drew the instrument for us .,PD,PD,GIVE,DRAW,A,THE,to,for,-40.09339904785156,"[-2.6508422, -7.733436, -7.907991, -2.200625, -8.407468, -4.4606733, -5.957411, -0.77495515]"
an adult gave a coffee to you .,the girl drew us the instrument .,PD,DO,GIVE,DRAW,A,THE,to,for,-41.476341247558594,"[-2.6508422, -7.733436, -7.907991, -7.0854, -4.4612465, -9.978768, -1.6586558]"
an adult gave a meal to them .,the brother made the flower for it .,PD,PD,GIVE,MAKE,A,THE,to,for,-42.06793212890625,"[-2.6278126, -9.081351, -8.122067, -2.154153, -10.020075, -3.6064198, -5.418953, -1.0371015]"
an adult gave a meal to them .,the brother made it the flower .,PD,DO,GIVE,MAKE,A,THE,to,for,-42.23685836791992,"[-2.6278126, -9.081351, -8.122067, -3.173323, -5.6962705, -10.444205, -3.0918279]"
an adult gave a meal to us .,the scientist kept the chicken for it .,PD,PD,GIVE,KEEP,A,THE,to,for,-43.96603775024414,"[-2.6405363, -9.886656, -8.503005, -2.389646, -7.145672, -3.2551658, -7.8741693, -2.27119]"
an adult gave a meal to us .,the scientist kept it the chicken .,PD,DO,GIVE,KEEP,A,THE,to,for,-44.402862548828125,"[-2.6405363, -9.886656, -8.503005, -4.5328193, -5.6613245, -11.115159, -2.0633643]"
an adult gave a meal to you .,the guy brought the iron to it .,PD,PD,GIVE,BRING,A,THE,to,to,-36.34794616699219,"[-2.629358, -7.835967, -7.5635676, -1.9662794, -8.199427, -2.225486, -5.021785, -0.9060746]"
an adult gave a meal to you .,the guy brought it the iron .,PD,DO,GIVE,BRING,A,THE,to,to,-39.41832733154297,"[-2.629358, -7.835967, -7.5635676, -3.4763017, -6.194564, -10.000993, -1.7175759]"
an adult gave a salad to me .,the doctor made the engine for you .,PD,PD,GIVE,MAKE,A,THE,to,for,-40.59318542480469,"[-2.6460142, -8.210665, -5.8572516, -2.2990215, -11.502812, -4.975499, -4.4848824, -0.61704093]"
an adult gave a salad to me .,the doctor made you the engine .,PD,DO,GIVE,MAKE,A,THE,to,for,-39.22114944458008,"[-2.6460142, -8.210665, -5.8572516, -4.9965715, -5.3373194, -11.263273, -0.9100543]"
an adult gave a tea to her .,the opponent took the engine to you .,PD,PD,GIVE,TAKE,A,THE,to,to,-43.670814514160156,"[-2.6630437, -10.568769, -5.384615, -1.5361392, -11.098097, -3.6918235, -7.8695107, -0.85881627]"
an adult gave a tea to her .,the opponent took you the engine .,PD,DO,GIVE,TAKE,A,THE,to,to,-47.38677978515625,"[-2.6630437, -10.568769, -5.384615, -8.163482, -6.4064255, -12.80419, -1.3962522]"
an adult gave a tea to them .,the reader found the wire for her .,PD,PD,GIVE,FIND,A,THE,to,for,-45.9630126953125,"[-2.647576, -8.972905, -6.35282, -1.7303394, -14.100049, -4.782035, -4.2410593, -3.136229]"
an adult gave a tea to them .,the reader found her the wire .,PD,DO,GIVE,FIND,A,THE,to,for,-45.80619812011719,"[-2.647576, -8.972905, -6.35282, -8.962263, -6.314355, -11.116146, -1.4401337]"
an adult gave a tea to us .,the opponent supplied the candy to it .,PD,PD,GIVE,SUPPLY,A,THE,to,to,-43.824222564697266,"[-2.6461022, -10.602232, -10.707573, -1.4605496, -8.070472, -2.7296143, -7.214876, -0.3928046]"
an adult gave a tea to us .,the opponent supplied it the candy .,PD,DO,GIVE,SUPPLY,A,THE,to,to,-43.69892883300781,"[-2.6461022, -10.602232, -10.707573, -5.4368057, -6.0276217, -7.461718, -0.8168736]"
an adult gave a tea to us .,the scientist threw the flower to you .,PD,PD,GIVE,THROW,A,THE,to,to,-40.35609817504883,"[-2.6461022, -10.011485, -9.315241, -2.1897473, -7.446511, -2.8991785, -5.2659407, -0.5818925]"
an adult gave a tea to us .,the scientist threw you the flower .,PD,DO,GIVE,THROW,A,THE,to,to,-42.368988037109375,"[-2.6461022, -10.011485, -9.315241, -9.386962, -3.2318182, -6.640251, -1.1371264]"
an adult gave a tea to you .,the worker got the cheese for us .,PD,PD,GIVE,GET,A,THE,to,for,-37.503501892089844,"[-2.648571, -9.757309, -6.3722496, -2.43394, -7.811974, -4.1476026, -3.599722, -0.732131]"
an adult gave a tea to you .,the worker got us the cheese .,PD,DO,GIVE,GET,A,THE,to,for,-37.12358856201172,"[-2.648571, -9.757309, -6.3722496, -7.316432, -3.117662, -6.75093, -1.1604338]"
an adult gave a tea to you .,the pilot kept the meal for him .,PD,PD,GIVE,KEEP,A,THE,to,for,-39.01759338378906,"[-2.648571, -8.765143, -7.72479, -1.6791161, -9.144709, -2.874879, -4.8861113, -1.294277]"
an adult gave a tea to you .,the pilot kept him the meal .,PD,DO,GIVE,KEEP,A,THE,to,for,-42.42474365234375,"[-2.648571, -8.765143, -7.72479, -5.597602, -6.26469, -9.644548, -1.7793971]"
an adult gave her a tea .,the opponent took the engine to you .,DO,PD,GIVE,TAKE,A,THE,to,to,-43.357566833496094,"[-2.6583996, -10.347187, -5.288704, -1.556477, -10.696818, -3.693729, -8.331403, -0.7848497]"
an adult gave her a tea .,the opponent took you the engine .,DO,DO,GIVE,TAKE,A,THE,to,to,-46.26413345336914,"[-2.6583996, -10.347187, -5.288704, -7.7968297, -6.707361, -12.284793, -1.1808584]"
an adult gave me a coffee .,the colonel saved the pie for us .,DO,PD,GIVE,SAVE,A,THE,to,for,-43.11023712158203,"[-2.609186, -11.566048, -10.395856, -1.8366294, -9.534319, -2.7694144, -3.882393, -0.5163908]"
an adult gave me a coffee .,the colonel saved us the pie .,DO,DO,GIVE,SAVE,A,THE,to,for,-43.89042663574219,"[-2.609186, -11.566048, -10.395856, -3.9301448, -3.6957328, -11.139392, -0.55406624]"
an adult gave me a salad .,the doctor made the engine for you .,DO,PD,GIVE,MAKE,A,THE,to,for,-42.361793518066406,"[-2.648976, -8.142797, -5.985419, -2.7176962, -11.674541, -5.304832, -5.2445183, -0.6430145]"
an adult gave me a salad .,the doctor made you the engine .,DO,DO,GIVE,MAKE,A,THE,to,for,-39.734073638916016,"[-2.648976, -8.142797, -5.985419, -4.5692854, -5.8552246, -11.706959, -0.8254119]"
an adult gave them a meal .,the brother made the flower for it .,DO,PD,GIVE,MAKE,A,THE,to,for,-42.89347457885742,"[-2.6298401, -9.040918, -7.8988214, -2.0958629, -10.573809, -3.620645, -5.960041, -1.0735363]"
an adult gave them a meal .,the brother made it the flower .,DO,DO,GIVE,MAKE,A,THE,to,for,-42.37934112548828,"[-2.6298401, -9.040918, -7.8988214, -2.7346349, -5.9467125, -11.252342, -2.876075]"
an adult gave them a tea .,the reader found the wire for her .,DO,PD,GIVE,FIND,A,THE,to,for,-45.01622009277344,"[-2.6238914, -8.975721, -6.3408866, -1.772591, -13.106534, -4.8617764, -3.7242925, -3.6105227]"
an adult gave them a tea .,the reader found her the wire .,DO,DO,GIVE,FIND,A,THE,to,for,-43.72548294067383,"[-2.6238914, -8.975721, -6.3408866, -6.9365172, -6.4640694, -11.202152, -1.1822451]"
an adult gave us a meal .,the scientist kept the chicken for it .,DO,PD,GIVE,KEEP,A,THE,to,for,-44.498817443847656,"[-2.6391122, -9.888218, -8.500406, -2.9563465, -7.2873316, -3.7323577, -7.834285, -1.6607584]"
an adult gave us a meal .,the scientist kept it the chicken .,DO,DO,GIVE,KEEP,A,THE,to,for,-43.87037658691406,"[-2.6391122, -9.888218, -8.500406, -4.750576, -5.84124, -10.787841, -1.4629842]"
an adult gave us a tea .,the opponent supplied the candy to it .,DO,PD,GIVE,SUPPLY,A,THE,to,to,-44.783775329589844,"[-2.622727, -10.490554, -10.277467, -1.5832571, -8.653282, -3.3399167, -7.3334417, -0.48312843]"
an adult gave us a tea .,the opponent supplied it the candy .,DO,DO,GIVE,SUPPLY,A,THE,to,to,-42.89439392089844,"[-2.622727, -10.490554, -10.277467, -5.3875527, -6.348341, -7.1402225, -0.6275307]"
an adult gave us a tea .,the scientist threw the flower to you .,DO,PD,GIVE,THROW,A,THE,to,to,-42.593997955322266,"[-2.622727, -9.859246, -9.237672, -2.2948256, -7.4742374, -3.5541058, -6.801131, -0.75005287]"
an adult gave us a tea .,the scientist threw you the flower .,DO,DO,GIVE,THROW,A,THE,to,to,-40.721717834472656,"[-2.622727, -9.859246, -9.237672, -8.134588, -3.70968, -6.2889595, -0.8688472]"
an adult gave you a coffee .,the girl drew the instrument for us .,DO,PD,GIVE,DRAW,A,THE,to,for,-39.99468231201172,"[-2.603241, -7.701138, -7.864643, -2.1499393, -8.627157, -4.4169006, -5.9007416, -0.7309215]"
an adult gave you a coffee .,the girl drew us the instrument .,DO,DO,GIVE,DRAW,A,THE,to,for,-41.474178314208984,"[-2.603241, -7.701138, -7.864643, -6.1296186, -4.8727794, -11.041494, -1.2612634]"
an adult gave you a meal .,the guy brought the iron to it .,DO,PD,GIVE,BRING,A,THE,to,to,-36.71276092529297,"[-2.645018, -7.8232555, -7.538662, -1.9972146, -8.256629, -2.2672179, -5.308723, -0.87604225]"
an adult gave you a meal .,the guy brought it the iron .,DO,DO,GIVE,BRING,A,THE,to,to,-40.048587799072266,"[-2.645018, -7.8232555, -7.538662, -3.4133103, -6.1877513, -10.671709, -1.768883]"
an adult gave you a tea .,the worker got the cheese for us .,DO,PD,GIVE,GET,A,THE,to,for,-38.49845504760742,"[-2.610927, -9.708353, -6.2138147, -2.4782162, -7.889072, -4.2228756, -4.614255, -0.76094246]"
an adult gave you a tea .,the worker got us the cheese .,DO,DO,GIVE,GET,A,THE,to,for,-36.22765350341797,"[-2.610927, -9.708353, -6.2138147, -6.9374733, -3.6847713, -6.1987214, -0.8735933]"
an adult gave you a tea .,the pilot kept the meal for him .,DO,PD,GIVE,KEEP,A,THE,to,for,-38.92671203613281,"[-2.610927, -8.6728525, -7.469425, -1.7380087, -9.22097, -2.8757544, -5.027012, -1.311764]"
an adult gave you a tea .,the pilot kept him the meal .,DO,DO,GIVE,KEEP,A,THE,to,for,-41.22888946533203,"[-2.610927, -8.6728525, -7.469425, -5.3842363, -6.371974, -9.161946, -1.5575266]"
an adult got a juice for him .,the prince designed the card for us .,PD,PD,GET,DESIGN,A,THE,for,for,-38.060340881347656,"[-2.6419153, -10.232296, -9.845521, -1.0004156, -6.217105, -2.7768292, -4.649122, -0.6971346]"
an adult got a juice for him .,the prince designed us the card .,PD,DO,GET,DESIGN,A,THE,for,for,-41.13374710083008,"[-2.6419153, -10.232296, -9.845521, -7.7736874, -3.532972, -6.1239095, -0.9834452]"
an adult got a juice for him .,the buddy bought the coffee for me .,PD,PD,GET,BUY,A,THE,for,for,-37.760276794433594,"[-2.6419153, -12.448132, -9.43989, -1.7651864, -5.864773, -2.4010286, -2.550829, -0.64852065]"
an adult got a juice for him .,the buddy bought me the coffee .,PD,DO,GET,BUY,A,THE,for,for,-37.893192291259766,"[-2.6419153, -12.448132, -9.43989, -3.7335806, -3.2454722, -5.445215, -0.9389857]"
an adult got a juice for him .,the wife bought the chicken for me .,PD,PD,GET,BUY,A,THE,for,for,-36.44895935058594,"[-2.6419153, -8.012083, -12.078416, -1.4232004, -6.224947, -1.7801826, -3.4352217, -0.8529949]"
an adult got a juice for him .,the wife bought me the chicken .,PD,DO,GET,BUY,A,THE,for,for,-37.92063903808594,"[-2.6419153, -8.012083, -12.078416, -4.6767883, -3.0856106, -6.062318, -1.3635106]"
an adult got a juice for us .,the wife sold the anchor to him .,PD,PD,GET,SELL,A,THE,for,to,-43.524200439453125,"[-2.6380892, -8.166153, -12.435425, -1.3690093, -11.896665, -1.5420898, -4.4172025, -1.0595682]"
an adult got a juice for us .,the wife sold him the anchor .,PD,DO,GET,SELL,A,THE,for,to,-42.81153869628906,"[-2.6380892, -8.166153, -12.435425, -4.705571, -2.217768, -11.185816, -1.4627191]"
an adult got a meal for him .,the lady threw the coffee to them .,PD,PD,GET,THROW,A,THE,for,to,-38.357818603515625,"[-2.6351953, -9.291767, -8.305744, -1.5946571, -5.643537, -4.140393, -6.049419, -0.6971097]"
an adult got a meal for him .,the lady threw them the coffee .,PD,DO,GET,THROW,A,THE,for,to,-35.653602600097656,"[-2.6351953, -9.291767, -8.305744, -6.4493628, -3.074357, -5.164221, -0.7329538]"
an adult got a meal for them .,the opponent sold the salad to you .,PD,PD,GET,SELL,A,THE,for,to,-42.401214599609375,"[-2.648665, -10.454296, -9.904052, -1.6495099, -10.213461, -2.157371, -4.8410983, -0.5327634]"
an adult got a meal for them .,the opponent sold you the salad .,PD,DO,GET,SELL,A,THE,for,to,-40.655487060546875,"[-2.648665, -10.454296, -9.904052, -5.057669, -2.6017363, -9.16519, -0.82387924]"
an adult got a meal for us .,the employer left the ball for me .,PD,PD,GET,LEAVE,A,THE,for,for,-37.808990478515625,"[-2.6287374, -10.063318, -8.428823, -1.2284995, -8.289129, -4.4987392, -1.9399564, -0.73178494]"
an adult got a meal for us .,the employer left me the ball .,PD,DO,GET,LEAVE,A,THE,for,for,-36.312137603759766,"[-2.6287374, -10.063318, -8.428823, -3.152728, -3.3809893, -7.2030983, -1.4544448]"
an adult got a meal for us .,the buddy supplied the tea to me .,PD,PD,GET,SUPPLY,A,THE,for,to,-41.31438064575195,"[-2.6287374, -12.571568, -11.391645, -1.4552704, -7.5620413, -3.4699855, -1.4060745, -0.82905716]"
an adult got a meal for us .,the buddy supplied me the tea .,PD,DO,GET,SUPPLY,A,THE,for,to,-39.84294891357422,"[-2.6287374, -12.571568, -11.391645, -2.292585, -2.8495615, -6.9207788, -1.1880733]"
an adult got him a juice .,the prince designed the card for us .,DO,PD,GET,DESIGN,A,THE,for,for,-38.655723571777344,"[-2.667164, -10.010023, -9.621825, -1.0625036, -6.3018513, -3.2518349, -4.9165382, -0.8239854]"
an adult got him a juice .,the prince designed us the card .,DO,DO,GET,DESIGN,A,THE,for,for,-40.50530242919922,"[-2.667164, -10.010023, -9.621825, -7.781253, -2.9613268, -6.405056, -1.0586538]"
an adult got him a juice .,the buddy bought the coffee for me .,DO,PD,GET,BUY,A,THE,for,for,-38.26091384887695,"[-2.667164, -12.164312, -8.680999, -2.2222114, -6.285735, -3.2364576, -2.0162563, -0.98777795]"
an adult got him a juice .,the buddy bought me the coffee .,DO,DO,GET,BUY,A,THE,for,for,-36.58845901489258,"[-2.667164, -12.164312, -8.680999, -3.0898805, -3.3623874, -5.76836, -0.85535663]"
an adult got him a juice .,the wife bought the chicken for me .,DO,PD,GET,BUY,A,THE,for,for,-36.509254455566406,"[-2.667164, -7.874743, -11.170035, -1.5899562, -6.0871954, -2.2557878, -3.5619035, -1.3024704]"
an adult got him a juice .,the wife bought me the chicken .,DO,DO,GET,BUY,A,THE,for,for,-36.31737518310547,"[-2.667164, -7.874743, -11.170035, -3.8757381, -3.3133714, -5.815419, -1.6009021]"
an adult got him a meal .,the lady threw the coffee to them .,DO,PD,GET,THROW,A,THE,for,to,-38.071983337402344,"[-2.6647146, -9.126902, -7.6875663, -1.7245786, -5.7979136, -4.048278, -6.3221493, -0.69988185]"
an adult got him a meal .,the lady threw them the coffee .,DO,DO,GET,THROW,A,THE,for,to,-35.78322219848633,"[-2.6647146, -9.126902, -7.6875663, -6.110958, -3.5118716, -6.118032, -0.563178]"
an adult got them a meal .,the opponent sold the salad to you .,DO,PD,GET,SELL,A,THE,for,to,-43.35614013671875,"[-2.6395986, -10.578861, -9.977238, -1.5797955, -10.479247, -1.6760386, -5.836181, -0.58917993]"
an adult got them a meal .,the opponent sold you the salad .,DO,DO,GET,SELL,A,THE,for,to,-40.091224670410156,"[-2.6395986, -10.578861, -9.977238, -4.767036, -2.7061756, -8.682939, -0.7393806]"
an adult got us a juice .,the wife sold the anchor to him .,DO,PD,GET,SELL,A,THE,for,to,-42.8690299987793,"[-2.6119633, -8.0152, -12.033074, -1.429823, -11.840359, -1.2990384, -4.380348, -1.2592238]"
an adult got us a juice .,the wife sold him the anchor .,DO,DO,GET,SELL,A,THE,for,to,-41.36521911621094,"[-2.6119633, -8.0152, -12.033074, -3.814043, -2.423636, -11.147287, -1.3200151]"
an adult got us a meal .,the employer left the ball for me .,DO,PD,GET,LEAVE,A,THE,for,for,-38.58882141113281,"[-2.6296616, -9.768562, -8.081139, -1.6158613, -8.251532, -5.081912, -2.347505, -0.8126529]"
an adult got us a meal .,the employer left me the ball .,DO,DO,GET,LEAVE,A,THE,for,for,-35.30485534667969,"[-2.6296616, -9.768562, -8.081139, -2.5996566, -3.5009868, -7.693287, -1.0315636]"
an adult got us a meal .,the buddy supplied the tea to me .,DO,PD,GET,SUPPLY,A,THE,for,to,-41.78111267089844,"[-2.6296616, -12.303406, -11.194303, -1.6961957, -7.614383, -3.7273738, -1.8471742, -0.7686166]"
an adult got us a meal .,the buddy supplied me the tea .,DO,DO,GET,SUPPLY,A,THE,for,to,-38.27030563354492,"[-2.6296616, -12.303406, -11.194303, -2.0605888, -3.0537133, -6.2185926, -0.81003916]"
an adult kept a beer for me .,the club designed the engine for us .,PD,PD,KEEP,DESIGN,A,THE,for,for,-35.73473358154297,"[-2.6029277, -7.8655972, -10.071337, -1.0081458, -7.808464, -1.6988766, -3.7526116, -0.9267732]"
an adult kept a beer for me .,the club designed us the engine .,PD,DO,KEEP,DESIGN,A,THE,for,for,-43.01035690307617,"[-2.6029277, -7.8655972, -10.071337, -7.45101, -4.2742414, -9.166505, -1.5787396]"
an adult kept a beer for you .,the winner made the hat for them .,PD,PD,KEEP,MAKE,A,THE,for,for,-40.38160705566406,"[-2.615966, -8.843641, -8.843506, -1.3695096, -8.79292, -2.8087897, -6.428802, -0.6784712]"
an adult kept a beer for you .,the winner made them the hat .,PD,DO,KEEP,MAKE,A,THE,for,for,-43.549659729003906,"[-2.615966, -8.843641, -8.843506, -7.4872875, -3.8668249, -10.039183, -1.8532493]"
an adult kept a card for me .,the student got the pie for you .,PD,PD,KEEP,GET,A,THE,for,for,-38.531227111816406,"[-2.599878, -7.739585, -7.4621763, -2.42312, -10.576704, -3.2069373, -4.011768, -0.51106036]"
an adult kept a card for me .,the student got you the pie .,PD,DO,KEEP,GET,A,THE,for,for,-40.060428619384766,"[-2.599878, -7.739585, -7.4621763, -7.655125, -3.1385398, -10.693796, -0.77132845]"
an adult kept a card for you .,the cousin left the cheese for us .,PD,PD,KEEP,LEAVE,A,THE,for,for,-41.873390197753906,"[-2.6232061, -11.357117, -7.8720965, -1.1307136, -11.716618, -2.921427, -3.5624342, -0.6897782]"
an adult kept a card for you .,the cousin left us the cheese .,PD,DO,KEEP,LEAVE,A,THE,for,for,-41.05403137207031,"[-2.6232061, -11.357117, -7.8720965, -4.59385, -3.0954213, -10.219774, -1.2925642]"
an adult kept a coffee for you .,the friend purchased the box for me .,PD,PD,KEEP,PURCHASE,A,THE,for,for,-34.16230773925781,"[-2.639194, -9.704067, -9.892403, -1.5291524, -5.383294, -2.685194, -1.2665356, -1.0624672]"
an adult kept a coffee for you .,the friend purchased me the box .,PD,DO,KEEP,PURCHASE,A,THE,for,for,-38.12849426269531,"[-2.639194, -9.704067, -9.892403, -4.9388223, -3.3316593, -6.005682, -1.6166666]"
an adult kept a coffee for you .,the president caught the coat for her .,PD,PD,KEEP,CATCH,A,THE,for,for,-41.9229736328125,"[-2.639194, -7.0974627, -10.521252, -1.6339545, -10.759275, -3.3863146, -4.8496885, -1.0358299]"
an adult kept a coffee for you .,the president caught her the coat .,PD,DO,KEEP,CATCH,A,THE,for,for,-44.87676239013672,"[-2.639194, -7.0974627, -10.521252, -4.6834884, -5.9264903, -12.722019, -1.286855]"
an adult kept a tea for them .,the mayor caught the button for you .,PD,PD,KEEP,CATCH,A,THE,for,for,-43.30973815917969,"[-2.6450045, -7.778442, -11.330067, -1.5788103, -11.11598, -3.4619613, -4.604961, -0.7945105]"
an adult kept a tea for them .,the mayor caught you the button .,PD,DO,KEEP,CATCH,A,THE,for,for,-43.63008117675781,"[-2.6450045, -7.778442, -11.330067, -5.2596946, -5.777473, -9.72726, -1.1121436]"
an adult kept a tea for you .,the soldier drew the crystal for them .,PD,PD,KEEP,DRAW,A,THE,for,for,-41.915000915527344,"[-2.6407301, -10.284944, -7.5222354, -2.1832166, -9.133684, -3.6575959, -5.711783, -0.7808092]"
an adult kept a tea for you .,the soldier drew them the crystal .,PD,DO,KEEP,DRAW,A,THE,for,for,-42.72369384765625,"[-2.6407301, -10.284944, -7.5222354, -7.3925595, -4.2758327, -8.796852, -1.8105409]"
an adult kept a wire for you .,the boy gave the beer to them .,PD,PD,KEEP,GIVE,A,THE,for,to,-36.25602722167969,"[-2.6160386, -7.698367, -6.8437414, -1.8774636, -9.515888, -0.5302138, -6.3271456, -0.8471697]"
an adult kept a wire for you .,the boy gave them the beer .,PD,DO,KEEP,GIVE,A,THE,for,to,-33.07121276855469,"[-2.6160386, -7.698367, -6.8437414, -5.2833185, -2.110021, -7.3798475, -1.1398754]"
an adult kept a wire for you .,the opponent saved the meal for them .,PD,PD,KEEP,SAVE,A,THE,for,for,-44.238990783691406,"[-2.6160386, -10.622562, -11.5722065, -0.9735025, -11.7213745, -1.8375353, -4.4258914, -0.46988285]"
an adult kept a wire for you .,the opponent saved them the meal .,PD,DO,KEEP,SAVE,A,THE,for,for,-47.37640380859375,"[-2.6160386, -10.622562, -11.5722065, -6.1679273, -4.1201763, -11.601708, -0.6757873]"
an adult kept a wire for you .,the employer promised the tea to them .,PD,PD,KEEP,PROMISE,A,THE,for,to,-47.36781311035156,"[-2.6160386, -9.924682, -9.01086, -2.8888278, -11.411722, -3.6324775, -6.7206345, -1.1625726]"
an adult kept a wire for you .,the employer promised them the tea .,PD,DO,KEEP,PROMISE,A,THE,for,to,-42.127803802490234,"[-2.6160386, -9.924682, -9.01086, -5.832536, -2.4771757, -10.952871, -1.3136412]"
an adult kept me a beer .,the club designed the engine for us .,DO,PD,KEEP,DESIGN,A,THE,for,for,-39.623802185058594,"[-2.6046183, -7.96682, -10.035116, -1.0209877, -8.011316, -2.1045234, -6.8756776, -1.0047419]"
an adult kept me a beer .,the club designed us the engine .,DO,DO,KEEP,DESIGN,A,THE,for,for,-40.880218505859375,"[-2.6046183, -7.96682, -10.035116, -7.083954, -3.240841, -8.998618, -0.9502511]"
an adult kept me a card .,the student got the pie for you .,DO,PD,KEEP,GET,A,THE,for,for,-42.135555267333984,"[-2.6178577, -7.742491, -7.4528046, -2.461608, -10.829523, -3.5054457, -6.836521, -0.6893051]"
an adult kept me a card .,the student got you the pie .,DO,DO,KEEP,GET,A,THE,for,for,-39.01915740966797,"[-2.6178577, -7.742491, -7.4528046, -6.9794188, -3.0659668, -10.477385, -0.6832331]"
an adult kept them a tea .,the mayor caught the button for you .,DO,PD,KEEP,CATCH,A,THE,for,for,-45.12017822265625,"[-2.61956, -7.569939, -11.214193, -1.4894276, -11.45457, -4.0135946, -5.980941, -0.77795404]"
an adult kept them a tea .,the mayor caught you the button .,DO,DO,KEEP,CATCH,A,THE,for,for,-41.15068435668945,"[-2.61956, -7.569939, -11.214193, -4.920783, -5.256896, -8.761141, -0.80817235]"
an adult kept you a beer .,the winner made the hat for them .,DO,PD,KEEP,MAKE,A,THE,for,for,-43.32682800292969,"[-2.5960028, -8.772522, -8.548963, -1.478222, -8.837, -5.237016, -7.222892, -0.63420933]"
an adult kept you a beer .,the winner made them the hat .,DO,DO,KEEP,MAKE,A,THE,for,for,-41.64647674560547,"[-2.5960028, -8.772522, -8.548963, -7.8364944, -3.230118, -9.376311, -1.2860674]"
an adult kept you a card .,the cousin left the cheese for us .,DO,PD,KEEP,LEAVE,A,THE,for,for,-43.74464797973633,"[-2.5887964, -11.129026, -8.179588, -1.1788042, -12.027564, -3.726886, -4.0639944, -0.849988]"
an adult kept you a card .,the cousin left us the cheese .,DO,DO,KEEP,LEAVE,A,THE,for,for,-40.20679473876953,"[-2.5887964, -11.129026, -8.179588, -4.3002014, -2.7584877, -10.259288, -0.9914063]"
an adult kept you a coffee .,the friend purchased the box for me .,DO,PD,KEEP,PURCHASE,A,THE,for,for,-36.608646392822266,"[-2.6162548, -9.672836, -10.437584, -1.4611323, -5.994169, -3.255548, -1.925695, -1.2454258]"
an adult kept you a coffee .,the friend purchased me the box .,DO,DO,KEEP,PURCHASE,A,THE,for,for,-38.97060775756836,"[-2.6162548, -9.672836, -10.437584, -5.403969, -3.3002663, -6.1426554, -1.3970414]"
an adult kept you a coffee .,the president caught the coat for her .,DO,PD,KEEP,CATCH,A,THE,for,for,-43.4030876159668,"[-2.6162548, -6.6240563, -10.770001, -1.6094726, -11.089584, -4.1892548, -5.005018, -1.4994441]"
an adult kept you a coffee .,the president caught her the coat .,DO,DO,KEEP,CATCH,A,THE,for,for,-42.729461669921875,"[-2.6162548, -6.6240563, -10.770001, -4.967322, -5.625435, -11.131043, -0.99534655]"
an adult kept you a tea .,the soldier drew the crystal for them .,DO,PD,KEEP,DRAW,A,THE,for,for,-44.64056396484375,"[-2.6079943, -9.979357, -7.7710547, -2.2297592, -10.3735285, -4.258595, -6.528858, -0.8914154]"
an adult kept you a tea .,the soldier drew them the crystal .,DO,DO,KEEP,DRAW,A,THE,for,for,-41.54600524902344,"[-2.6079943, -9.979357, -7.7710547, -7.446266, -3.864439, -8.3364105, -1.5404863]"
an adult kept you a wire .,the boy gave the beer to them .,DO,PD,KEEP,GIVE,A,THE,for,to,-36.98833465576172,"[-2.596977, -7.4191713, -6.98581, -1.8206792, -9.831398, -0.5626441, -6.887453, -0.88420224]"
an adult kept you a wire .,the boy gave them the beer .,DO,DO,KEEP,GIVE,A,THE,for,to,-32.44901657104492,"[-2.596977, -7.4191713, -6.98581, -5.008741, -2.002402, -7.5331087, -0.9028075]"
an adult kept you a wire .,the opponent saved the meal for them .,DO,PD,KEEP,SAVE,A,THE,for,for,-44.09662628173828,"[-2.596977, -10.63945, -11.815695, -1.0763284, -11.283486, -1.9992528, -4.179372, -0.506062]"
an adult kept you a wire .,the opponent saved them the meal .,DO,DO,KEEP,SAVE,A,THE,for,for,-45.972293853759766,"[-2.596977, -10.63945, -11.815695, -5.412525, -3.5690646, -11.340323, -0.5982583]"
an adult kept you a wire .,the employer promised the tea to them .,DO,PD,KEEP,PROMISE,A,THE,for,to,-47.234214782714844,"[-2.596977, -10.009752, -8.245161, -2.9003212, -10.994136, -4.7925735, -6.5190477, -1.176245]"
an adult kept you a wire .,the employer promised them the tea .,DO,DO,KEEP,PROMISE,A,THE,for,to,-41.03080749511719,"[-2.596977, -10.009752, -8.245161, -5.261287, -2.675983, -11.092413, -1.1492342]"
an adult left a beer for me .,the father sold the juice to you .,PD,PD,LEAVE,SELL,A,THE,for,to,-44.36052322387695,"[-2.6014037, -6.875608, -13.53974, -1.3711302, -11.193256, -1.2718604, -6.707779, -0.79974437]"
an adult left a beer for me .,the father sold you the juice .,PD,DO,LEAVE,SELL,A,THE,for,to,-42.270721435546875,"[-2.6014037, -6.875608, -13.53974, -7.255131, -2.6932116, -8.173311, -1.1323187]"
an adult left a beer for me .,the child fed the candy to them .,PD,PD,LEAVE,FEED,A,THE,for,to,-39.55084991455078,"[-2.6014037, -7.639075, -10.806851, -1.7578167, -6.8228407, -3.0621321, -6.1760015, -0.6847314]"
an adult left a beer for me .,the child fed them the candy .,PD,DO,LEAVE,FEED,A,THE,for,to,-36.316017150878906,"[-2.6014037, -7.639075, -10.806851, -5.9251285, -2.9444623, -5.437105, -0.96199155]"
an adult left a beer for them .,the writer purchased the card for it .,PD,PD,LEAVE,PURCHASE,A,THE,for,for,-40.28296661376953,"[-2.627658, -7.7224765, -11.612229, -1.456713, -6.4817033, -2.0981662, -7.095634, -1.1883864]"
an adult left a beer for them .,the writer purchased it the card .,PD,DO,LEAVE,PURCHASE,A,THE,for,for,-45.16194152832031,"[-2.627658, -7.7224765, -11.612229, -4.9684105, -5.7767544, -10.434971, -2.019442]"
an adult left a key for you .,the reader found the tea for us .,PD,PD,LEAVE,FIND,A,THE,for,for,-42.75661849975586,"[-2.6358666, -9.210516, -6.022642, -0.85456395, -13.448709, -4.304066, -5.8570104, -0.42324573]"
an adult left a key for you .,the reader found us the tea .,PD,DO,LEAVE,FIND,A,THE,for,for,-45.79057312011719,"[-2.6358666, -9.210516, -6.022642, -11.777665, -4.493099, -10.680959, -0.9698266]"
an adult left a meal for you .,the nurse drew the log for them .,PD,PD,LEAVE,DRAW,A,THE,for,for,-45.7719612121582,"[-2.6254346, -10.024164, -8.554002, -2.3826563, -11.488749, -3.1513748, -6.7140775, -0.8315034]"
an adult left a meal for you .,the nurse drew them the log .,PD,DO,LEAVE,DRAW,A,THE,for,for,-46.18585205078125,"[-2.6254346, -10.024164, -8.554002, -7.7518034, -4.893277, -10.748411, -1.5887592]"
an adult left me a beer .,the father sold the juice to you .,DO,PD,LEAVE,SELL,A,THE,for,to,-45.032135009765625,"[-2.5739484, -6.8659534, -13.341236, -1.6227508, -11.675346, -1.1242552, -7.1789637, -0.64968216]"
an adult left me a beer .,the father sold you the juice .,DO,DO,LEAVE,SELL,A,THE,for,to,-40.19328308105469,"[-2.5739484, -6.8659534, -13.341236, -6.2329726, -2.8362079, -7.7042747, -0.63868755]"
an adult left me a beer .,the child fed the candy to them .,DO,PD,LEAVE,FEED,A,THE,for,to,-41.08777618408203,"[-2.5739484, -7.6901608, -10.835559, -1.8629894, -7.2613916, -3.509017, -6.497842, -0.85686624]"
an adult left me a beer .,the child fed them the candy .,DO,DO,LEAVE,FEED,A,THE,for,to,-35.823158264160156,"[-2.5739484, -7.6901608, -10.835559, -5.8629894, -3.1050768, -5.155635, -0.59978706]"
an adult left them a beer .,the writer purchased the card for it .,DO,PD,LEAVE,PURCHASE,A,THE,for,for,-40.204925537109375,"[-2.6113904, -7.731327, -11.376915, -1.4026546, -6.616802, -2.7088332, -6.5994263, -1.1575748]"
an adult left them a beer .,the writer purchased it the card .,DO,DO,LEAVE,PURCHASE,A,THE,for,for,-43.92641830444336,"[-2.6113904, -7.731327, -11.376915, -4.5958023, -5.3509045, -10.618056, -1.6420218]"
an adult left you a key .,the reader found the tea for us .,DO,PD,LEAVE,FIND,A,THE,for,for,-42.20635223388672,"[-2.5527492, -9.287003, -6.802856, -1.090564, -11.757548, -4.3698025, -5.6974835, -0.6483433]"
an adult left you a key .,the reader found us the tea .,DO,DO,LEAVE,FIND,A,THE,for,for,-41.4322509765625,"[-2.5527492, -9.287003, -6.802856, -8.432672, -3.2704754, -10.309106, -0.7773886]"
an adult left you a meal .,the nurse drew the log for them .,DO,PD,LEAVE,DRAW,A,THE,for,for,-46.62823486328125,"[-2.6079352, -10.191473, -8.6368065, -2.2493968, -11.1121025, -3.645225, -7.290621, -0.8946762]"
an adult left you a meal .,the nurse drew them the log .,DO,DO,LEAVE,DRAW,A,THE,for,for,-44.831729888916016,"[-2.6079352, -10.191473, -8.6368065, -7.2770467, -4.218095, -10.748637, -1.1517359]"
an adult made a bag for him .,the husband showed the coffee to you .,PD,PD,MAKE,SHOW,A,THE,for,to,-44.38124465942383,"[-2.5867226, -8.722065, -9.014164, -1.9135149, -11.839327, -1.138391, -8.457702, -0.7093582]"
an adult made a bag for him .,the husband showed you the coffee .,PD,DO,MAKE,SHOW,A,THE,for,to,-38.09852981567383,"[-2.5867226, -8.722065, -9.014164, -6.5938854, -1.3706722, -8.668638, -1.1423818]"
an adult made a bag for me .,the son left the juice for her .,PD,PD,MAKE,LEAVE,A,THE,for,for,-43.162757873535156,"[-2.5778043, -7.818503, -8.732665, -1.3258497, -11.774692, -3.0964732, -6.584661, -1.2521114]"
an adult made a bag for me .,the son left her the juice .,PD,DO,MAKE,LEAVE,A,THE,for,for,-40.47869873046875,"[-2.5778043, -7.818503, -8.732665, -5.314123, -3.8916235, -10.095104, -2.0488787]"
an adult made a button for him .,the priest kept the coffee for it .,PD,PD,MAKE,KEEP,A,THE,for,for,-44.50233459472656,"[-2.623697, -10.511555, -7.814596, -1.8606131, -9.025732, -3.9051406, -7.841879, -0.919125]"
an adult made a button for him .,the priest kept it the coffee .,PD,DO,MAKE,KEEP,A,THE,for,for,-44.952945709228516,"[-2.623697, -10.511555, -7.814596, -4.4682274, -5.7847757, -12.112902, -1.6371927]"
an adult made a knife for them .,the captain sent the cheese to us .,PD,PD,MAKE,SEND,A,THE,for,to,-38.71902847290039,"[-2.5992823, -8.72306, -8.0386915, -1.3941013, -11.161512, -0.7648348, -4.9739, -1.0636477]"
an adult made a knife for them .,the captain sent us the cheese .,PD,DO,MAKE,SEND,A,THE,for,to,-39.25481414794922,"[-2.5992823, -8.72306, -8.0386915, -5.662467, -2.166902, -10.696483, -1.3679316]"
an adult made him a bag .,the husband showed the coffee to you .,DO,PD,MAKE,SHOW,A,THE,for,to,-45.09246826171875,"[-2.6162877, -8.552693, -9.005568, -2.5471716, -11.497477, -1.5152571, -8.555806, -0.8022077]"
an adult made him a bag .,the husband showed you the coffee .,DO,DO,MAKE,SHOW,A,THE,for,to,-37.656341552734375,"[-2.6162877, -8.552693, -9.005568, -6.491235, -1.6186194, -8.393896, -0.97803974]"
an adult made him a button .,the priest kept the coffee for it .,DO,PD,MAKE,KEEP,A,THE,for,for,-45.107025146484375,"[-2.5971437, -10.394667, -8.144545, -1.9278417, -9.367555, -3.913686, -7.6399317, -1.1216589]"
an adult made him a button .,the priest kept it the coffee .,DO,DO,MAKE,KEEP,A,THE,for,for,-44.36949157714844,"[-2.5971437, -10.394667, -8.144545, -4.3908324, -5.434389, -12.092288, -1.3156297]"
an adult made me a bag .,the son left the juice for her .,DO,PD,MAKE,LEAVE,A,THE,for,for,-43.8808479309082,"[-2.5673625, -7.7512507, -8.966401, -1.6195022, -11.83906, -3.7029905, -5.8773384, -1.5569434]"
an adult made me a bag .,the son left her the juice .,DO,DO,MAKE,LEAVE,A,THE,for,for,-39.56856155395508,"[-2.5673625, -7.7512507, -8.966401, -5.1353636, -3.869268, -9.670975, -1.6079409]"
an adult made them a knife .,the captain sent the cheese to us .,DO,PD,MAKE,SEND,A,THE,for,to,-40.02947998046875,"[-2.605844, -8.658731, -7.8875866, -1.4961581, -11.337542, -1.037562, -6.1173925, -0.8886623]"
an adult made them a knife .,the captain sent us the cheese .,DO,DO,MAKE,SEND,A,THE,for,to,-38.43001937866211,"[-2.605844, -8.658731, -7.8875866, -5.3787465, -2.1895297, -10.671738, -1.037843]"
an adult promised a beer to you .,the attorney drew the telephone for me .,PD,PD,PROMISE,DRAW,A,THE,to,for,-39.31428527832031,"[-2.6681678, -8.333385, -10.0568695, -2.6010644, -8.152771, -3.422614, -3.0760424, -1.0033684]"
an adult promised a beer to you .,the attorney drew me the telephone .,PD,DO,PROMISE,DRAW,A,THE,to,for,-40.86333084106445,"[-2.6681678, -8.333385, -10.0568695, -6.7160416, -4.15032, -7.769947, -1.1685989]"
an adult promised a candy to her .,the employer caught the cup for us .,PD,PD,PROMISE,CATCH,A,THE,to,for,-45.308963775634766,"[-2.7454808, -9.885714, -8.139869, -2.2755668, -10.500033, -4.698481, -6.2604866, -0.8033318]"
an adult promised a candy to her .,the employer caught us the cup .,PD,DO,PROMISE,CATCH,A,THE,to,for,-46.489280700683594,"[-2.7454808, -9.885714, -8.139869, -6.581152, -5.8845763, -12.015549, -1.2369432]"
an adult promised a candy to me .,the father sold the juice to you .,PD,PD,PROMISE,SELL,A,THE,to,to,-40.09206008911133,"[-2.749148, -7.319413, -11.261964, -1.4765003, -10.245366, -0.58876747, -5.7393413, -0.7115591]"
an adult promised a candy to me .,the father sold you the juice .,PD,DO,PROMISE,SELL,A,THE,to,to,-39.39464569091797,"[-2.749148, -7.319413, -11.261964, -6.1147013, -2.9010496, -7.9506807, -1.0976886]"
an adult promised a candy to them .,the priest delivered the pie for him .,PD,PD,PROMISE,DELIVER,A,THE,to,for,-40.89146423339844,"[-2.7526305, -9.969118, -7.602894, -0.99783146, -10.482422, -4.9169936, -3.363183, -0.80639434]"
an adult promised a candy to them .,the priest delivered him the pie .,PD,DO,PROMISE,DELIVER,A,THE,to,for,-37.9104118347168,"[-2.7526305, -9.969118, -7.602894, -5.268611, -2.3846426, -8.956335, -0.9761821]"
an adult promised a chicken to them .,the reader caught the guitar for you .,PD,PD,PROMISE,CATCH,A,THE,to,for,-44.7124137878418,"[-2.7059608, -9.065331, -9.161839, -1.4750922, -11.806697, -5.1856556, -4.6788235, -0.63301665]"
an adult promised a chicken to them .,the reader caught you the guitar .,PD,DO,PROMISE,CATCH,A,THE,to,for,-47.399986267089844,"[-2.7059608, -9.065331, -9.161839, -6.5799694, -5.6215525, -12.600273, -1.6650614]"
an adult promised a chicken to us .,the nurse showed the crystal to me .,PD,PD,PROMISE,SHOW,A,THE,to,to,-37.541603088378906,"[-2.6974356, -10.10243, -7.4665184, -2.7273545, -10.962009, -1.0185981, -1.9243389, -0.6429198]"
an adult promised a chicken to us .,the nurse showed me the crystal .,PD,DO,PROMISE,SHOW,A,THE,to,to,-34.53032684326172,"[-2.6974356, -10.10243, -7.4665184, -1.0940824, -2.0039747, -9.567634, -1.5982533]"
an adult promised a chicken to you .,the guy drew the iron for us .,PD,PD,PROMISE,DRAW,A,THE,to,for,-40.88362503051758,"[-2.6825237, -7.734372, -9.585277, -2.0557382, -8.592092, -5.6279125, -3.8246162, -0.7810929]"
an adult promised a chicken to you .,the guy drew us the iron .,PD,DO,PROMISE,DRAW,A,THE,to,for,-39.91783905029297,"[-2.6825237, -7.734372, -9.585277, -6.1551657, -3.1074002, -8.757592, -1.8955107]"
an adult promised a chicken to you .,the father fed the meal to us .,PD,PD,PROMISE,FEED,A,THE,to,to,-41.94670486450195,"[-2.6825237, -7.1048694, -13.303406, -1.3270884, -9.830852, -0.6174726, -6.301999, -0.77849305]"
an adult promised a chicken to you .,the father fed us the meal .,PD,DO,PROMISE,FEED,A,THE,to,to,-39.702789306640625,"[-2.6825237, -7.1048694, -13.303406, -6.591404, -2.715548, -6.2933674, -1.011674]"
an adult promised a coffee to you .,the daughter found the meal for her .,PD,PD,PROMISE,FIND,A,THE,to,for,-38.90683364868164,"[-2.6807213, -8.882566, -8.679521, -1.7967083, -8.53755, -4.140586, -1.4274509, -2.7617302]"
an adult promised a coffee to you .,the daughter found her the meal .,PD,DO,PROMISE,FIND,A,THE,to,for,-40.228294372558594,"[-2.6807213, -8.882566, -8.679521, -2.9920542, -6.609486, -8.741827, -1.6421193]"
an adult promised a coffee to you .,the employer purchased the salad for us .,PD,PD,PROMISE,PURCHASE,A,THE,to,for,-41.19670867919922,"[-2.6807213, -9.738863, -10.059851, -1.1315726, -10.016171, -2.7395155, -3.8398118, -0.99020314]"
an adult promised a coffee to you .,the employer purchased us the salad .,PD,DO,PROMISE,PURCHASE,A,THE,to,for,-45.16922378540039,"[-2.6807213, -9.738863, -10.059851, -8.921411, -3.6544118, -8.68009, -1.4338772]"
an adult promised a computer to you .,the singer gave the juice to me .,PD,PD,PROMISE,GIVE,A,THE,to,to,-38.15240478515625,"[-2.6437917, -9.201141, -6.8464065, -2.1162653, -11.454043, -0.20071994, -4.6771054, -1.0129318]"
an adult promised a computer to you .,the singer gave me the juice .,PD,DO,PROMISE,GIVE,A,THE,to,to,-35.912864685058594,"[-2.6437917, -9.201141, -6.8464065, -4.6550484, -2.0372472, -8.977298, -1.5519302]"
an adult promised a juice to him .,the student purchased the cheese for you .,PD,PD,PROMISE,PURCHASE,A,THE,to,for,-42.57279968261719,"[-2.7278938, -7.7793374, -10.750469, -1.8047714, -8.576897, -2.729932, -7.4771414, -0.726359]"
an adult promised a juice to him .,the student purchased you the cheese .,PD,DO,PROMISE,PURCHASE,A,THE,to,for,-44.14043426513672,"[-2.7278938, -7.7793374, -10.750469, -10.258422, -3.4088542, -7.794421, -1.4210349]"
an adult promised a juice to him .,the champion designed the coat for you .,PD,PD,PROMISE,DESIGN,A,THE,to,for,-43.85945129394531,"[-2.7278938, -10.173637, -10.949806, -1.4866865, -9.437426, -2.452642, -5.9276905, -0.70366824]"
an adult promised a juice to him .,the champion designed you the coat .,PD,DO,PROMISE,DESIGN,A,THE,to,for,-46.567222595214844,"[-2.7278938, -10.173637, -10.949806, -6.5805264, -4.914634, -10.031703, -1.1890223]"
an adult promised a motor to me .,the mayor threw the juice to you .,PD,PD,PROMISE,THROW,A,THE,to,to,-44.79051208496094,"[-2.667758, -7.466819, -10.284938, -2.8082805, -10.66544, -3.4458632, -6.677222, -0.77419406]"
an adult promised a motor to me .,the mayor threw you the juice .,PD,DO,PROMISE,THROW,A,THE,to,to,-43.87470626831055,"[-2.667758, -7.466819, -10.284938, -9.146095, -2.8736658, -10.483662, -0.9517673]"
an adult promised a pie to it .,the bishop found the juice for him .,PD,PD,PROMISE,FIND,A,THE,to,for,-42.548675537109375,"[-2.6674547, -10.012983, -7.6236086, -1.6188949, -9.097278, -5.1925354, -4.897474, -1.43845]"
an adult promised a pie to it .,the bishop found him the juice .,PD,DO,PROMISE,FIND,A,THE,to,for,-42.48162078857422,"[-2.6674547, -10.012983, -7.6236086, -4.7676473, -4.574687, -11.12949, -1.7057519]"
an adult promised a pie to me .,the aunt threw the motor to them .,PD,PD,PROMISE,THROW,A,THE,to,to,-50.136661529541016,"[-2.7020223, -11.22002, -10.193664, -2.043637, -11.668014, -3.61814, -7.8212614, -0.86990297]"
an adult promised a pie to me .,the aunt threw them the motor .,PD,DO,PROMISE,THROW,A,THE,to,to,-47.80132293701172,"[-2.7020223, -11.22002, -10.193664, -6.565336, -2.9075341, -12.221631, -1.9911138]"
an adult promised a salad to me .,the girl drew the instrument for us .,PD,PD,PROMISE,DRAW,A,THE,to,for,-39.43797302246094,"[-2.7262785, -7.661925, -7.6659474, -2.572125, -9.113524, -4.26643, -4.6352153, -0.79652536]"
an adult promised a salad to me .,the girl drew us the instrument .,PD,DO,PROMISE,DRAW,A,THE,to,for,-40.4698371887207,"[-2.7262785, -7.661925, -7.6659474, -5.977698, -4.346873, -10.266228, -1.8248868]"
an adult promised a salad to you .,the employer drew the telephone for me .,PD,PD,PROMISE,DRAW,A,THE,to,for,-41.89024353027344,"[-2.7052162, -9.802338, -9.704152, -2.715191, -9.169329, -3.8849325, -2.7932613, -1.1158223]"
an adult promised a salad to you .,the employer drew me the telephone .,PD,DO,PROMISE,DRAW,A,THE,to,for,-44.56421661376953,"[-2.7052162, -9.802338, -9.704152, -7.3465443, -4.9430776, -8.776948, -1.2859416]"
an adult promised her a candy .,the employer caught the cup for us .,DO,PD,PROMISE,CATCH,A,THE,to,for,-45.636756896972656,"[-2.760108, -9.786003, -8.033566, -2.1672082, -10.731586, -4.8754606, -6.5273194, -0.7555033]"
an adult promised her a candy .,the employer caught us the cup .,DO,DO,PROMISE,CATCH,A,THE,to,for,-45.64186477661133,"[-2.760108, -9.786003, -8.033566, -6.2847238, -5.7044067, -12.101391, -0.97166455]"
an adult promised him a juice .,the student purchased the cheese for you .,DO,PD,PROMISE,PURCHASE,A,THE,to,for,-43.35923767089844,"[-2.7441645, -7.688229, -10.800428, -1.9385535, -8.605293, -2.845583, -8.073093, -0.6638935]"
an adult promised him a juice .,the student purchased you the cheese .,DO,DO,PROMISE,PURCHASE,A,THE,to,for,-43.57588195800781,"[-2.7441645, -7.688229, -10.800428, -9.960861, -3.721864, -7.6453657, -1.0149688]"
an adult promised him a juice .,the champion designed the coat for you .,DO,PD,PROMISE,DESIGN,A,THE,to,for,-44.33604431152344,"[-2.7441645, -10.163029, -11.087975, -1.4743047, -9.403987, -2.444153, -6.345978, -0.67245454]"
an adult promised him a juice .,the champion designed you the coat .,DO,DO,PROMISE,DESIGN,A,THE,to,for,-46.592857360839844,"[-2.7441645, -10.163029, -11.087975, -6.682775, -4.7392845, -10.170208, -1.0054255]"
an adult promised it a pie .,the bishop found the juice for him .,DO,PD,PROMISE,FIND,A,THE,to,for,-42.02142333984375,"[-2.6623762, -9.963072, -7.3826, -1.514532, -9.150339, -5.217694, -4.566816, -1.5639977]"
an adult promised it a pie .,the bishop found him the juice .,DO,DO,PROMISE,FIND,A,THE,to,for,-40.14545440673828,"[-2.6623762, -9.963072, -7.3826, -4.4639874, -4.1214757, -10.081045, -1.4708984]"
an adult promised me a candy .,the father sold the juice to you .,DO,PD,PROMISE,SELL,A,THE,to,to,-42.222991943359375,"[-2.7509868, -7.3012743, -10.980659, -1.6876243, -11.337929, -1.2587979, -6.219077, -0.68664545]"
an adult promised me a candy .,the father sold you the juice .,DO,DO,PROMISE,SELL,A,THE,to,to,-38.620750427246094,"[-2.7509868, -7.3012743, -10.980659, -5.1608377, -3.1704748, -8.467754, -0.7887628]"
an adult promised me a motor .,the mayor threw the juice to you .,DO,PD,PROMISE,THROW,A,THE,to,to,-45.07514190673828,"[-2.7109704, -7.478968, -9.737217, -2.9066827, -10.689022, -4.2628117, -6.4151, -0.8743663]"
an adult promised me a motor .,the mayor threw you the juice .,DO,DO,PROMISE,THROW,A,THE,to,to,-42.908203125,"[-2.7109704, -7.478968, -9.737217, -8.573059, -2.8510659, -10.697902, -0.85902154]"
an adult promised me a pie .,the aunt threw the motor to them .,DO,PD,PROMISE,THROW,A,THE,to,to,-50.516571044921875,"[-2.7223127, -11.0690155, -10.029381, -2.1100907, -11.372056, -3.8860502, -8.389677, -0.93798983]"
an adult promised me a pie .,the aunt threw them the motor .,DO,DO,PROMISE,THROW,A,THE,to,to,-46.93732833862305,"[-2.7223127, -11.0690155, -10.029381, -6.323232, -2.993535, -12.212872, -1.586981]"
an adult promised me a salad .,the girl drew the instrument for us .,DO,PD,PROMISE,DRAW,A,THE,to,for,-40.46696472167969,"[-2.7463825, -7.6284094, -7.6230845, -2.7089448, -9.572951, -4.3589315, -5.0158577, -0.8124009]"
an adult promised me a salad .,the girl drew us the instrument .,DO,DO,PROMISE,DRAW,A,THE,to,for,-40.23316192626953,"[-2.7463825, -7.6284094, -7.6230845, -5.244056, -4.7392983, -10.59598, -1.6559553]"
an adult promised them a candy .,the priest delivered the pie for him .,DO,PD,PROMISE,DELIVER,A,THE,to,for,-41.02240753173828,"[-2.7109528, -9.950245, -7.575958, -0.9254546, -11.103782, -4.293562, -3.805692, -0.6567643]"
an adult promised them a candy .,the priest delivered him the pie .,DO,DO,PROMISE,DELIVER,A,THE,to,for,-36.66072463989258,"[-2.7109528, -9.950245, -7.575958, -4.35799, -2.356341, -9.1535635, -0.5556746]"
an adult promised them a chicken .,the reader caught the guitar for you .,DO,PD,PROMISE,CATCH,A,THE,to,for,-45.52655029296875,"[-2.6709552, -9.198865, -9.357479, -1.4205177, -12.11701, -5.223893, -4.9145947, -0.6232332]"
an adult promised them a chicken .,the reader caught you the guitar .,DO,DO,PROMISE,CATCH,A,THE,to,for,-47.14203643798828,"[-2.6709552, -9.198865, -9.357479, -6.497756, -5.3624935, -12.795386, -1.2590996]"
an adult promised us a chicken .,the nurse showed the crystal to me .,DO,PD,PROMISE,SHOW,A,THE,to,to,-39.959877014160156,"[-2.6940804, -10.095635, -7.2837543, -3.3728046, -11.327082, -1.8399287, -2.6225219, -0.72407085]"
an adult promised us a chicken .,the nurse showed me the crystal .,DO,DO,PROMISE,SHOW,A,THE,to,to,-33.79249572753906,"[-2.6940804, -10.095635, -7.2837543, -0.9522821, -2.1681867, -9.401632, -1.1969244]"
an adult promised you a beer .,the attorney drew the telephone for me .,DO,PD,PROMISE,DRAW,A,THE,to,for,-39.191619873046875,"[-2.6778734, -8.287191, -10.097728, -2.5883677, -8.154744, -3.7290154, -2.7544675, -0.9022304]"
an adult promised you a beer .,the attorney drew me the telephone .,DO,DO,PROMISE,DRAW,A,THE,to,for,-40.00941467285156,"[-2.6778734, -8.287191, -10.097728, -6.0146894, -4.3621497, -7.5309763, -1.0388057]"
an adult promised you a chicken .,the guy drew the iron for us .,DO,PD,PROMISE,DRAW,A,THE,to,for,-40.62660217285156,"[-2.6752732, -7.5145826, -9.530757, -2.0798192, -8.535013, -5.6403456, -3.9011028, -0.7497092]"
an adult promised you a chicken .,the guy drew us the iron .,DO,DO,PROMISE,DRAW,A,THE,to,for,-38.92768478393555,"[-2.6752732, -7.5145826, -9.530757, -5.6990237, -3.0548525, -8.96743, -1.4857652]"
an adult promised you a chicken .,the father fed the meal to us .,DO,PD,PROMISE,FEED,A,THE,to,to,-42.4855842590332,"[-2.6752732, -7.1980243, -12.738204, -1.3293829, -10.070122, -1.297268, -6.352936, -0.8243749]"
an adult promised you a chicken .,the father fed us the meal .,DO,DO,PROMISE,FEED,A,THE,to,to,-37.83266830444336,"[-2.6752732, -7.1980243, -12.738204, -5.278576, -2.782905, -6.3172584, -0.84242755]"
an adult promised you a coffee .,the daughter found the meal for her .,DO,PD,PROMISE,FIND,A,THE,to,for,-40.14689636230469,"[-2.6821594, -8.868272, -8.681716, -1.8489876, -8.7388115, -4.2309837, -1.5082347, -3.5877292]"
an adult promised you a coffee .,the daughter found her the meal .,DO,DO,PROMISE,FIND,A,THE,to,for,-39.81573486328125,"[-2.6821594, -8.868272, -8.681716, -2.424039, -7.1091332, -8.985248, -1.0651698]"
an adult promised you a coffee .,the employer purchased the salad for us .,DO,PD,PROMISE,PURCHASE,A,THE,to,for,-42.3016357421875,"[-2.6821594, -9.625618, -10.074535, -1.0092777, -10.99182, -3.288085, -3.6076474, -1.0224923]"
an adult promised you a coffee .,the employer purchased us the salad .,DO,DO,PROMISE,PURCHASE,A,THE,to,for,-44.62498474121094,"[-2.6821594, -9.625618, -10.074535, -7.8520017, -4.0410194, -9.187863, -1.161787]"
an adult promised you a computer .,the singer gave the juice to me .,DO,PD,PROMISE,GIVE,A,THE,to,to,-37.941307067871094,"[-2.6708043, -9.144252, -6.7107706, -2.3136227, -11.409225, -0.33213246, -4.2326217, -1.1278803]"
an adult promised you a computer .,the singer gave me the juice .,DO,DO,PROMISE,GIVE,A,THE,to,to,-35.091339111328125,"[-2.6708043, -9.144252, -6.7107706, -3.5676615, -2.0643363, -9.262436, -1.6710768]"
an adult promised you a salad .,the employer drew the telephone for me .,DO,PD,PROMISE,DRAW,A,THE,to,for,-41.477760314941406,"[-2.7205474, -9.725224, -9.678913, -2.6019838, -9.398529, -3.935588, -2.2698784, -1.1470963]"
an adult promised you a salad .,the employer drew me the telephone .,DO,DO,PROMISE,DRAW,A,THE,to,for,-43.950439453125,"[-2.7205474, -9.725224, -9.678913, -6.601962, -5.0411553, -9.187245, -0.9953941]"
an adult purchased a beer for him .,the colonel delivered the coffee for me .,PD,PD,PURCHASE,DELIVER,A,THE,for,for,-38.35626983642578,"[-2.674711, -11.568186, -8.684011, -1.6104543, -8.7942505, -2.8402102, -1.5465732, -0.63787144]"
an adult purchased a beer for him .,the colonel delivered me the coffee .,PD,DO,PURCHASE,DELIVER,A,THE,for,for,-38.47966766357422,"[-2.674711, -11.568186, -8.684011, -5.9977307, -2.58415, -6.0823307, -0.8885502]"
an adult purchased a beer for you .,the professor gave the card to them .,PD,PD,PURCHASE,GIVE,A,THE,for,to,-34.51545333862305,"[-2.637929, -9.011651, -5.7630444, -1.7808245, -7.4557076, -0.3526489, -6.4669642, -1.0466837]"
an adult purchased a beer for you .,the professor gave them the card .,PD,DO,PURCHASE,GIVE,A,THE,for,to,-32.90168380737305,"[-2.637929, -9.011651, -5.7630444, -5.649292, -2.3910828, -6.050417, -1.3982688]"
an adult purchased a coffee for him .,the captain saved the cheese for you .,PD,PD,PURCHASE,SAVE,A,THE,for,for,-40.476104736328125,"[-2.6994586, -8.6251, -9.865997, -0.9279977, -11.369339, -1.3864074, -5.0095453, -0.5922607]"
an adult purchased a coffee for him .,the captain saved you the cheese .,PD,DO,PURCHASE,SAVE,A,THE,for,for,-43.66014862060547,"[-2.6994586, -8.6251, -9.865997, -6.807541, -3.537789, -11.185894, -0.93836975]"
an adult purchased a coffee for him .,the doctor supplied the button to us .,PD,PD,PURCHASE,SUPPLY,A,THE,for,to,-42.06092834472656,"[-2.6994586, -8.504042, -10.120724, -1.4545101, -11.842309, -1.6554935, -5.108822, -0.6755702]"
an adult purchased a coffee for him .,the doctor supplied us the button .,PD,DO,PURCHASE,SUPPLY,A,THE,for,to,-41.8900146484375,"[-2.6994586, -8.504042, -10.120724, -3.663817, -4.1796947, -11.133171, -1.5891095]"
an adult purchased a coffee for them .,the guest caught the crystal for us .,PD,PD,PURCHASE,CATCH,A,THE,for,for,-42.997344970703125,"[-2.674636, -9.034422, -9.958863, -1.8158956, -11.482944, -4.8205132, -2.3257332, -0.88433826]"
an adult purchased a coffee for them .,the guest caught us the crystal .,PD,DO,PURCHASE,CATCH,A,THE,for,for,-49.889495849609375,"[-2.674636, -9.034422, -9.958863, -3.3432107, -6.027341, -13.869542, -4.981483]"
an adult purchased a tea for them .,the writer saved the coffee for him .,PD,PD,PURCHASE,SAVE,A,THE,for,for,-36.686092376708984,"[-2.6696875, -7.684991, -12.231296, -1.0942808, -8.483669, -0.7101764, -3.2692268, -0.5427635]"
an adult purchased a tea for them .,the writer saved him the coffee .,PD,DO,PURCHASE,SAVE,A,THE,for,for,-41.14645767211914,"[-2.6696875, -7.684991, -12.231296, -5.423961, -2.9923751, -9.329735, -0.8144127]"
an adult purchased him a beer .,the colonel delivered the coffee for me .,DO,PD,PURCHASE,DELIVER,A,THE,for,for,-40.68824768066406,"[-2.7353547, -11.321043, -8.648212, -1.8969882, -9.274408, -4.2064576, -2.0054088, -0.6003742]"
an adult purchased him a beer .,the colonel delivered me the coffee .,DO,DO,PURCHASE,DELIVER,A,THE,for,for,-36.78943634033203,"[-2.7353547, -11.321043, -8.648212, -5.113468, -2.6709986, -5.77036, -0.53]"
an adult purchased him a coffee .,the captain saved the cheese for you .,DO,PD,PURCHASE,SAVE,A,THE,for,for,-42.95923614501953,"[-2.7602108, -8.68166, -9.619112, -1.2263994, -11.20987, -3.0104377, -5.9007382, -0.5508097]"
an adult purchased him a coffee .,the captain saved you the cheese .,DO,DO,PURCHASE,SAVE,A,THE,for,for,-43.09034729003906,"[-2.7602108, -8.68166, -9.619112, -6.564389, -3.0456724, -11.792416, -0.62689024]"
an adult purchased him a coffee .,the doctor supplied the button to us .,DO,PD,PURCHASE,SUPPLY,A,THE,for,to,-43.378936767578125,"[-2.7602108, -8.508654, -10.1749325, -2.1295967, -11.234414, -1.7446473, -6.1554585, -0.6710247]"
an adult purchased him a coffee .,the doctor supplied us the button .,DO,DO,PURCHASE,SUPPLY,A,THE,for,to,-40.1480712890625,"[-2.7602108, -8.508654, -10.1749325, -2.9884834, -4.064294, -10.341576, -1.3099221]"
an adult purchased them a coffee .,the guest caught the crystal for us .,DO,PD,PURCHASE,CATCH,A,THE,for,for,-45.292510986328125,"[-2.7669969, -9.206073, -9.700248, -1.9534549, -11.312949, -5.957406, -3.240312, -1.1550677]"
an adult purchased them a coffee .,the guest caught us the crystal .,DO,DO,PURCHASE,CATCH,A,THE,for,for,-48.449981689453125,"[-2.7669969, -9.206073, -9.700248, -3.4915743, -5.858551, -12.16911, -5.257426]"
an adult purchased them a tea .,the writer saved the coffee for him .,DO,PD,PURCHASE,SAVE,A,THE,for,for,-38.6446418762207,"[-2.751737, -7.614414, -11.882372, -1.505465, -8.427082, -1.9450812, -3.8159242, -0.7025663]"
an adult purchased them a tea .,the writer saved him the coffee .,DO,DO,PURCHASE,SAVE,A,THE,for,for,-38.223731994628906,"[-2.751737, -7.614414, -11.882372, -4.799896, -3.0660458, -7.4882207, -0.6210484]"
an adult purchased you a beer .,the professor gave the card to them .,DO,PD,PURCHASE,GIVE,A,THE,for,to,-34.253387451171875,"[-2.6504364, -8.854225, -5.542857, -1.8048192, -7.121476, -0.39033926, -6.905635, -0.9836022]"
an adult purchased you a beer .,the professor gave them the card .,DO,DO,PURCHASE,GIVE,A,THE,for,to,-32.157562255859375,"[-2.6504364, -8.854225, -5.542857, -5.4259796, -2.4993534, -6.0321264, -1.1525857]"
an adult saved a beer for me .,the cousin sold the cheese to us .,PD,PD,SAVE,SELL,A,THE,for,to,-41.264915466308594,"[-2.6991112, -11.03269, -10.427322, -2.11474, -9.059749, -1.234643, -3.758244, -0.93841434]"
an adult saved a beer for me .,the cousin sold us the cheese .,PD,DO,SAVE,SELL,A,THE,for,to,-39.98991394042969,"[-2.6991112, -11.03269, -10.427322, -4.3107924, -2.7597706, -7.566189, -1.1940402]"
an adult saved a motor for us .,the worker caught the camera for you .,PD,PD,SAVE,CATCH,A,THE,for,for,-33.569488525390625,"[-2.6442108, -9.762129, -6.295511, -1.9922113, -4.687912, -2.9665277, -4.5628204, -0.65816784]"
an adult saved a motor for us .,the worker caught you the camera .,PD,DO,SAVE,CATCH,A,THE,for,for,-40.225399017333984,"[-2.6442108, -9.762129, -6.295511, -7.4754915, -6.287002, -6.3548126, -1.4062417]"
an adult saved me a beer .,the cousin sold the cheese to us .,DO,PD,SAVE,SELL,A,THE,for,to,-42.95452880859375,"[-2.7041965, -11.279436, -10.206266, -2.849376, -9.511663, -1.4190966, -4.143841, -0.840651]"
an adult saved me a beer .,the cousin sold us the cheese .,DO,DO,SAVE,SELL,A,THE,for,to,-38.58485412597656,"[-2.7041965, -11.279436, -10.206266, -3.588855, -2.6684399, -7.372138, -0.7655238]"
an adult saved us a motor .,the worker caught the camera for you .,DO,PD,SAVE,CATCH,A,THE,for,for,-36.62030792236328,"[-2.7270906, -9.787443, -6.3855314, -1.9757713, -4.835745, -4.0567904, -5.9211965, -0.93074083]"
an adult saved us a motor .,the worker caught you the camera .,DO,DO,SAVE,CATCH,A,THE,for,for,-39.49351501464844,"[-2.7270906, -9.787443, -6.3855314, -6.0152984, -6.094763, -7.1424713, -1.3409168]"
an adult sent a coffee to her .,the leader found the tea for him .,PD,PD,SEND,FIND,A,THE,to,for,-36.60206985473633,"[-2.6367373, -7.2942533, -8.738116, -1.8149666, -7.4632683, -4.5935683, -3.3252296, -0.7359287]"
an adult sent a coffee to her .,the leader found him the tea .,PD,DO,SEND,FIND,A,THE,to,for,-37.18280029296875,"[-2.6367373, -7.2942533, -8.738116, -4.8522706, -4.120992, -8.680546, -0.8598827]"
an adult sent a coffee to us .,the king fed the chicken to you .,PD,PD,SEND,FEED,A,THE,to,to,-36.674072265625,"[-2.6238523, -8.151157, -11.007031, -1.1135504, -5.8337526, -1.3425978, -6.010809, -0.5913207]"
an adult sent a coffee to us .,the king fed you the chicken .,PD,DO,SEND,FEED,A,THE,to,to,-36.1103401184082,"[-2.6238523, -8.151157, -11.007031, -4.711115, -2.74039, -5.8799143, -0.9968803]"
an adult sent a coffee to you .,the candidate left the knife for him .,PD,PD,SEND,LEAVE,A,THE,to,for,-40.253089904785156,"[-2.624928, -9.665243, -8.069156, -1.0991657, -10.238308, -4.2767177, -3.6408973, -0.638676]"
an adult sent a coffee to you .,the candidate left him the knife .,PD,DO,SEND,LEAVE,A,THE,to,for,-39.0592041015625,"[-2.624928, -9.665243, -8.069156, -5.844779, -3.7017708, -7.9986095, -1.1547179]"
an adult sent her a coffee .,the leader found the tea for him .,DO,PD,SEND,FIND,A,THE,to,for,-38.01464080810547,"[-2.660876, -7.3172235, -9.040951, -1.97219, -8.015298, -4.7339106, -3.406522, -0.8676678]"
an adult sent her a coffee .,the leader found him the tea .,DO,DO,SEND,FIND,A,THE,to,for,-36.34944152832031,"[-2.660876, -7.3172235, -9.040951, -4.5253906, -4.1070194, -8.232874, -0.46510917]"
an adult sent us a coffee .,the king fed the chicken to you .,DO,PD,SEND,FEED,A,THE,to,to,-40.19015884399414,"[-2.637759, -8.164426, -11.084232, -1.4405245, -6.430241, -2.7333405, -7.103146, -0.59648937]"
an adult sent us a coffee .,the king fed you the chicken .,DO,DO,SEND,FEED,A,THE,to,to,-35.80079650878906,"[-2.637759, -8.164426, -11.084232, -3.9858565, -3.456501, -5.7759075, -0.6961123]"
an adult sent you a coffee .,the candidate left the knife for him .,DO,PD,SEND,LEAVE,A,THE,to,for,-40.877471923828125,"[-2.6243906, -9.621729, -8.010518, -1.153752, -10.715036, -4.210751, -3.7446687, -0.7966253]"
an adult sent you a coffee .,the candidate left him the knife .,DO,DO,SEND,LEAVE,A,THE,to,for,-39.20912170410156,"[-2.6243906, -9.621729, -8.010518, -5.8025937, -3.8080213, -8.424923, -0.91694427]"
an adult showed a chicken to you .,the actress sent the candy to him .,PD,PD,SHOW,SEND,A,THE,to,to,-37.901939392089844,"[-2.6350918, -9.264553, -8.002048, -2.4139574, -9.737307, -0.7307741, -4.300973, -0.8172358]"
an adult showed a chicken to you .,the actress sent him the candy .,PD,DO,SHOW,SEND,A,THE,to,to,-38.58795166015625,"[-2.6350918, -9.264553, -8.002048, -5.7662673, -3.555705, -8.122386, -1.2419015]"
an adult showed a chicken to you .,the priest promised the coffee to us .,PD,PD,SHOW,PROMISE,A,THE,to,to,-43.09926986694336,"[-2.6350918, -10.079601, -9.498189, -2.5071514, -10.816476, -1.554851, -5.2753634, -0.73254657]"
an adult showed a chicken to you .,the priest promised us the coffee .,PD,DO,SHOW,PROMISE,A,THE,to,to,-40.04186248779297,"[-2.6350918, -10.079601, -9.498189, -5.3751936, -2.3249106, -9.09002, -1.0388545]"
an adult showed a juice to him .,the pilot found the box for them .,PD,PD,SHOW,FIND,A,THE,to,for,-41.176788330078125,"[-2.6513395, -8.383844, -6.2125044, -2.4075103, -8.215811, -4.7283454, -6.542148, -2.035288]"
an adult showed a juice to him .,the pilot found them the box .,PD,DO,SHOW,FIND,A,THE,to,for,-38.87206268310547,"[-2.6513395, -8.383844, -6.2125044, -6.409185, -5.385644, -8.45225, -1.3772975]"
an adult showed a juice to them .,the mother designed the glass for you .,PD,PD,SHOW,DESIGN,A,THE,to,for,-40.028839111328125,"[-2.6654973, -6.483529, -13.790333, -1.0224147, -6.3463445, -3.2341578, -5.6505527, -0.83600986]"
an adult showed a juice to them .,the mother designed you the glass .,PD,DO,SHOW,DESIGN,A,THE,to,for,-43.89613342285156,"[-2.6654973, -6.483529, -13.790333, -8.140606, -3.7867217, -7.19049, -1.8389572]"
an adult showed a pot to them .,the woman kept the beer for us .,PD,PD,SHOW,KEEP,A,THE,to,for,-35.60694122314453,"[-2.6435244, -6.3523874, -7.534155, -3.0443528, -5.966417, -4.328546, -5.014659, -0.7229034]"
an adult showed a pot to them .,the woman kept us the beer .,PD,DO,SHOW,KEEP,A,THE,to,for,-38.35942459106445,"[-2.6435244, -6.3523874, -7.534155, -7.6507425, -6.569217, -6.039305, -1.5700926]"
an adult showed a pot to us .,the husband promised the plate to you .,PD,PD,SHOW,PROMISE,A,THE,to,to,-40.991031646728516,"[-2.6606426, -8.577456, -9.313887, -3.2397904, -10.557428, -1.0068443, -4.827311, -0.807673]"
an adult showed a pot to us .,the husband promised you the plate .,PD,DO,SHOW,PROMISE,A,THE,to,to,-40.092567443847656,"[-2.6606426, -8.577456, -9.313887, -5.6710906, -2.864463, -9.633653, -1.3713777]"
an adult showed a pot to you .,the physician got the tea for me .,PD,PD,SHOW,GET,A,THE,to,for,-40.51824188232422,"[-2.6475616, -10.656305, -8.059275, -2.2473578, -8.586587, -3.8480427, -3.7946873, -0.67842376]"
an adult showed a pot to you .,the physician got me the tea .,PD,DO,SHOW,GET,A,THE,to,for,-37.10927963256836,"[-2.6475616, -10.656305, -8.059275, -5.8435016, -2.7645738, -6.404473, -0.73359156]"
an adult showed an anchor to them .,the bishop promised the coffee to you .,PD,PD,SHOW,PROMISE,A,THE,to,to,-44.06950378417969,"[-2.6462946, -9.88315, -8.220444, -2.4283404, -11.410762, -1.941304, -6.721905, -0.817304]"
an adult showed an anchor to them .,the bishop promised you the coffee .,PD,DO,SHOW,PROMISE,A,THE,to,to,-40.85169982910156,"[-2.6462946, -9.88315, -8.220444, -7.1002736, -2.7364058, -9.321073, -0.9440577]"
an adult showed him a juice .,the pilot found the box for them .,DO,PD,SHOW,FIND,A,THE,to,for,-42.96876525878906,"[-2.6872663, -8.228825, -6.375697, -2.680511, -8.961912, -4.7955294, -7.25699, -1.9820373]"
an adult showed him a juice .,the pilot found them the box .,DO,DO,SHOW,FIND,A,THE,to,for,-38.89339065551758,"[-2.6872663, -8.228825, -6.375697, -6.074674, -5.559527, -8.936625, -1.0307772]"
an adult showed them a juice .,the mother designed the glass for you .,DO,PD,SHOW,DESIGN,A,THE,to,for,-39.83295440673828,"[-2.625576, -6.5982356, -13.075905, -0.907662, -6.5332747, -3.0798142, -6.4037056, -0.6087795]"
an adult showed them a juice .,the mother designed you the glass .,DO,DO,SHOW,DESIGN,A,THE,to,for,-42.79369354248047,"[-2.625576, -6.5982356, -13.075905, -8.245734, -3.6101115, -7.3622856, -1.2758454]"
an adult showed them a pot .,the woman kept the beer for us .,DO,PD,SHOW,KEEP,A,THE,to,for,-36.156394958496094,"[-2.6205056, -6.277102, -7.757334, -2.7230887, -6.431975, -4.0675483, -5.5307283, -0.74811006]"
an adult showed them a pot .,the woman kept us the beer .,DO,DO,SHOW,KEEP,A,THE,to,for,-35.98683166503906,"[-2.6205056, -6.277102, -7.757334, -6.6304383, -6.4112177, -5.330276, -0.95995605]"
an adult showed them an anchor .,the bishop promised the coffee to you .,DO,PD,SHOW,PROMISE,A,THE,to,to,-44.23504638671875,"[-2.6547866, -9.800526, -7.692128, -2.5829206, -11.413065, -2.620115, -6.598135, -0.873368]"
an adult showed them an anchor .,the bishop promised you the coffee .,DO,DO,SHOW,PROMISE,A,THE,to,to,-39.89341735839844,"[-2.6547866, -9.800526, -7.692128, -6.277735, -2.7199266, -9.889484, -0.858832]"
an adult showed us a pot .,the husband promised the plate to you .,DO,PD,SHOW,PROMISE,A,THE,to,to,-43.614959716796875,"[-2.641247, -8.497215, -9.307571, -3.0906675, -11.178667, -2.0591898, -5.9151707, -0.92523205]"
an adult showed us a pot .,the husband promised you the plate .,DO,DO,SHOW,PROMISE,A,THE,to,to,-39.48443603515625,"[-2.641247, -8.497215, -9.307571, -4.971588, -3.0506873, -9.950605, -1.0655229]"
an adult showed you a chicken .,the actress sent the candy to him .,DO,PD,SHOW,SEND,A,THE,to,to,-39.17302322387695,"[-2.6333656, -9.293676, -8.21568, -2.2770743, -9.48736, -1.0687994, -5.054386, -1.1426818]"
an adult showed you a chicken .,the actress sent him the candy .,DO,DO,SHOW,SEND,A,THE,to,to,-37.014015197753906,"[-2.6333656, -9.293676, -8.21568, -5.4554267, -3.3134446, -7.124923, -0.97750115]"
an adult showed you a chicken .,the priest promised the coffee to us .,DO,PD,SHOW,PROMISE,A,THE,to,to,-44.744895935058594,"[-2.6333656, -10.178592, -9.322625, -2.3148804, -10.576332, -2.7368035, -6.2018485, -0.78045034]"
an adult showed you a chicken .,the priest promised us the coffee .,DO,DO,SHOW,PROMISE,A,THE,to,to,-37.871665954589844,"[-2.6333656, -10.178592, -9.322625, -4.323759, -2.1751304, -8.45843, -0.77976227]"
an adult showed you a pot .,the physician got the tea for me .,DO,PD,SHOW,GET,A,THE,to,for,-41.15840148925781,"[-2.6579914, -10.586983, -8.132755, -1.8864211, -9.040676, -3.9701738, -4.2583666, -0.62503374]"
an adult showed you a pot .,the physician got me the tea .,DO,DO,SHOW,GET,A,THE,to,for,-36.579769134521484,"[-2.6579914, -10.586983, -8.132755, -5.5494556, -2.8627665, -6.3526506, -0.43716705]"
an adult sold a card to you .,the worker got the beer for us .,PD,PD,SELL,GET,A,THE,to,for,-38.50721740722656,"[-2.6466792, -9.81931, -6.651789, -2.1569521, -8.074881, -4.024405, -4.3375373, -0.79566324]"
an adult sold a card to you .,the worker got us the beer .,PD,DO,SELL,GET,A,THE,to,for,-37.224578857421875,"[-2.6466792, -9.81931, -6.651789, -7.4139376, -2.9098892, -6.7999206, -0.98305345]"
an adult sold a coffee to us .,the friend purchased the box for me .,PD,PD,SELL,PURCHASE,A,THE,to,for,-33.47185134887695,"[-2.6365852, -9.727486, -8.567433, -1.5802329, -5.2184324, -3.438798, -1.2757652, -1.0271174]"
an adult sold a coffee to us .,the friend purchased me the box .,PD,DO,SELL,PURCHASE,A,THE,to,for,-36.799049377441406,"[-2.6365852, -9.727486, -8.567433, -5.2674904, -3.33105, -5.757961, -1.5110449]"
an adult sold a motor to me .,the leader showed the instrument to them .,PD,PD,SELL,SHOW,A,THE,to,to,-42.43744659423828,"[-2.6429691, -7.450872, -14.113408, -1.8967628, -7.850312, -0.7015103, -6.9423184, -0.83929336]"
an adult sold a motor to me .,the leader showed them the instrument .,PD,DO,SELL,SHOW,A,THE,to,to,-41.81952667236328,"[-2.6429691, -7.450872, -14.113408, -6.6975374, -1.49776, -8.327525, -1.0894544]"
an adult sold a motor to you .,the actress found the instrument for me .,PD,PD,SELL,FIND,A,THE,to,for,-42.23344421386719,"[-2.6414292, -9.690939, -7.310501, -2.5494761, -9.046287, -3.2343562, -5.726877, -2.0335793]"
an adult sold a motor to you .,the actress found me the instrument .,PD,DO,SELL,FIND,A,THE,to,for,-42.920188903808594,"[-2.6414292, -9.690939, -7.310501, -7.349853, -3.748542, -10.114405, -2.064519]"
an adult sold a pie to you .,the employer found the tea for me .,PD,PD,SELL,FIND,A,THE,to,for,-43.472434997558594,"[-2.6442127, -9.943317, -6.8778343, -1.594309, -9.990164, -5.757657, -5.1897388, -1.4752028]"
an adult sold a pie to you .,the employer found me the tea .,PD,DO,SELL,FIND,A,THE,to,for,-42.95893096923828,"[-2.6442127, -9.943317, -6.8778343, -8.063435, -4.1812277, -10.194513, -1.0543895]"
an adult sold a salad to it .,the professor gave the card to them .,PD,PD,SELL,GIVE,A,THE,to,to,-33.48796844482422,"[-2.6303353, -9.005617, -5.8400702, -1.907589, -6.973358, -0.28812215, -5.9548473, -0.8880268]"
an adult sold a salad to it .,the professor gave them the card .,PD,DO,SELL,GIVE,A,THE,to,to,-33.07756042480469,"[-2.6303353, -9.005617, -5.8400702, -5.1702976, -2.7359538, -6.4199743, -1.2753097]"
an adult sold a salad to it .,the physician left the tea for you .,PD,PD,SELL,LEAVE,A,THE,to,for,-41.6314697265625,"[-2.6303353, -10.479193, -7.619781, -1.0843005, -8.239429, -3.5856063, -7.238453, -0.75437]"
an adult sold a salad to it .,the physician left you the tea .,PD,DO,SELL,LEAVE,A,THE,to,for,-40.048099517822266,"[-2.6303353, -10.479193, -7.619781, -7.522653, -4.1048436, -6.7973566, -0.893936]"
an adult sold a salad to me .,the mayor threw the juice to you .,PD,PD,SELL,THROW,A,THE,to,to,-44.315956115722656,"[-2.643039, -7.843429, -10.394471, -3.0080214, -10.056809, -3.5963078, -6.0507545, -0.7231245]"
an adult sold a salad to me .,the mayor threw you the juice .,PD,DO,SELL,THROW,A,THE,to,to,-44.156219482421875,"[-2.643039, -7.843429, -10.394471, -9.09392, -3.1705203, -10.073951, -0.9368924]"
an adult sold a tea to him .,the brother supplied the beer to her .,PD,PD,SELL,SUPPLY,A,THE,to,to,-37.27064514160156,"[-2.6390588, -9.343794, -13.781101, -1.0984352, -5.7638817, -0.8030877, -3.2214015, -0.6198837]"
an adult sold a tea to him .,the brother supplied her the beer .,PD,DO,SELL,SUPPLY,A,THE,to,to,-41.32162094116211,"[-2.6390588, -9.343794, -13.781101, -5.7226706, -3.4912913, -5.3521643, -0.99154127]"
an adult sold him a tea .,the brother supplied the beer to her .,DO,PD,SELL,SUPPLY,A,THE,to,to,-40.01231384277344,"[-2.674176, -9.300364, -13.530211, -1.3672506, -6.3851614, -2.1430383, -3.839529, -0.7725823]"
an adult sold him a tea .,the brother supplied her the beer .,DO,DO,SELL,SUPPLY,A,THE,to,to,-40.214637756347656,"[-2.674176, -9.300364, -13.530211, -5.159918, -3.6904988, -5.1325173, -0.72695524]"
an adult sold it a salad .,the professor gave the card to them .,DO,PD,SELL,GIVE,A,THE,to,to,-35.90027618408203,"[-2.6304932, -8.965513, -5.9987087, -1.9085989, -7.2870326, -1.0047957, -6.9413567, -1.1637771]"
an adult sold it a salad .,the professor gave them the card .,DO,DO,SELL,GIVE,A,THE,to,to,-33.54425048828125,"[-2.6304932, -8.965513, -5.9987087, -5.3640203, -2.72455, -6.691138, -1.1698266]"
an adult sold it a salad .,the physician left the tea for you .,DO,PD,SELL,LEAVE,A,THE,to,for,-42.37324905395508,"[-2.6304932, -10.417112, -7.8537035, -1.3237057, -8.693467, -3.8296082, -6.7906513, -0.83450913]"
an adult sold it a salad .,the physician left you the tea .,DO,DO,SELL,LEAVE,A,THE,to,for,-39.35423278808594,"[-2.6304932, -10.417112, -7.8537035, -6.9947586, -3.9950552, -6.7671156, -0.6959938]"
an adult sold me a motor .,the leader showed the instrument to them .,DO,PD,SELL,SHOW,A,THE,to,to,-44.862152099609375,"[-2.6417139, -7.493549, -13.791526, -2.2532754, -8.865344, -1.4658769, -7.337846, -1.0130197]"
an adult sold me a motor .,the leader showed them the instrument .,DO,DO,SELL,SHOW,A,THE,to,to,-41.40824890136719,"[-2.6417139, -7.493549, -13.791526, -6.6840854, -1.597166, -8.136851, -1.0633552]"
an adult sold me a salad .,the mayor threw the juice to you .,DO,PD,SELL,THROW,A,THE,to,to,-46.73054504394531,"[-2.6516576, -7.951302, -10.041295, -3.177703, -10.346888, -4.5141172, -7.25189, -0.7956917]"
an adult sold me a salad .,the mayor threw you the juice .,DO,DO,SELL,THROW,A,THE,to,to,-45.54581832885742,"[-2.6516576, -7.951302, -10.041295, -8.742932, -3.4822435, -11.971537, -0.7048514]"
an adult sold us a coffee .,the friend purchased the box for me .,DO,PD,SELL,PURCHASE,A,THE,to,for,-33.24740219116211,"[-2.6582148, -9.655321, -8.204391, -1.7802157, -5.2212944, -3.2163801, -1.2939136, -1.217672]"
an adult sold us a coffee .,the friend purchased me the box .,DO,DO,SELL,PURCHASE,A,THE,to,for,-35.750755310058594,"[-2.6582148, -9.655321, -8.204391, -3.4339318, -4.32163, -6.378845, -1.0984211]"
an adult sold you a card .,the worker got the beer for us .,DO,PD,SELL,GET,A,THE,to,for,-39.776954650878906,"[-2.6326432, -9.785161, -6.435427, -2.1558285, -8.288881, -4.0386105, -5.513246, -0.9271559]"
an adult sold you a card .,the worker got us the beer .,DO,DO,SELL,GET,A,THE,to,for,-37.15614700317383,"[-2.6326432, -9.785161, -6.435427, -7.19164, -3.090489, -7.218939, -0.8018456]"
an adult sold you a motor .,the actress found the instrument for me .,DO,PD,SELL,FIND,A,THE,to,for,-44.27130889892578,"[-2.6365905, -9.670868, -7.253745, -2.7064147, -9.120539, -3.3601677, -7.0598106, -2.4631743]"
an adult sold you a motor .,the actress found me the instrument .,DO,DO,SELL,FIND,A,THE,to,for,-43.09033203125,"[-2.6365905, -9.670868, -7.253745, -7.3217072, -3.856114, -10.462527, -1.8887813]"
an adult sold you a pie .,the employer found the tea for me .,DO,PD,SELL,FIND,A,THE,to,for,-45.594818115234375,"[-2.647422, -9.763645, -6.8631725, -1.7526549, -10.4048605, -6.2581186, -6.0937696, -1.8111738]"
an adult sold you a pie .,the employer found me the tea .,DO,DO,SELL,FIND,A,THE,to,for,-42.97288513183594,"[-2.647422, -9.763645, -6.8631725, -7.7897587, -4.5388308, -10.534756, -0.83530223]"
an adult supplied a cheese to you .,the buddy showed the cigarette to it .,PD,PD,SUPPLY,SHOW,A,THE,to,to,-47.414268493652344,"[-2.6733086, -12.612896, -9.538539, -3.2442846, -9.788076, -0.55259526, -7.489968, -1.5146042]"
an adult supplied a cheese to you .,the buddy showed it the cigarette .,PD,DO,SUPPLY,SHOW,A,THE,to,to,-47.11176681518555,"[-2.6733086, -12.612896, -9.538539, -4.850646, -6.083378, -10.020634, -1.3323655]"
an adult supplied a coffee to me .,the princess delivered the candy for you .,PD,PD,SUPPLY,DELIVER,A,THE,to,for,-41.777008056640625,"[-2.6559155, -10.780479, -9.857915, -1.8492692, -8.736248, -3.5889144, -3.6247017, -0.6835663]"
an adult supplied a coffee to me .,the princess delivered you the candy .,PD,DO,SUPPLY,DELIVER,A,THE,to,for,-40.952781677246094,"[-2.6559155, -10.780479, -9.857915, -7.6751804, -2.3441203, -6.619766, -1.0194055]"
an adult supplied a coffee to us .,the pilot gave the beer to me .,PD,PD,SUPPLY,GIVE,A,THE,to,to,-33.180572509765625,"[-2.6768494, -8.594847, -7.0093174, -1.7267662, -9.453045, -0.7281105, -1.8341985, -1.1574405]"
an adult supplied a coffee to us .,the pilot gave me the beer .,PD,DO,SUPPLY,GIVE,A,THE,to,to,-34.1804313659668,"[-2.6768494, -8.594847, -7.0093174, -3.666614, -1.9286613, -8.277266, -2.0268774]"
an adult supplied a coffee to you .,the secretary showed the tea to them .,PD,PD,SUPPLY,SHOW,A,THE,to,to,-42.02867126464844,"[-2.6522255, -9.816928, -11.791846, -1.750726, -8.909771, -0.4502286, -5.5467386, -1.1102059]"
an adult supplied a coffee to you .,the secretary showed them the tea .,PD,DO,SUPPLY,SHOW,A,THE,to,to,-40.2890625,"[-2.6522255, -9.816928, -11.791846, -5.1726046, -1.5081577, -7.724719, -1.6225817]"
an adult supplied a juice to me .,the father saved the beer for us .,PD,PD,SUPPLY,SAVE,A,THE,to,for,-40.40100860595703,"[-2.6909187, -7.6882877, -13.850334, -1.3023827, -8.473307, -2.1060395, -3.5129373, -0.77680147]"
an adult supplied a juice to me .,the father saved us the beer .,PD,DO,SUPPLY,SAVE,A,THE,to,for,-44.23523712158203,"[-2.6909187, -7.6882877, -13.850334, -5.6226196, -2.9013839, -10.2109375, -1.2707545]"
an adult supplied a juice to you .,the brother kept the wire for me .,PD,PD,SUPPLY,KEEP,A,THE,to,for,-42.220027923583984,"[-2.6780386, -9.740133, -10.729453, -2.1399715, -8.619475, -4.449762, -2.7479765, -1.1152172]"
an adult supplied a juice to you .,the brother kept me the wire .,PD,DO,SUPPLY,KEEP,A,THE,to,for,-48.2556037902832,"[-2.6780386, -9.740133, -10.729453, -4.9724503, -6.434861, -11.669895, -2.0307717]"
an adult supplied a meal to them .,the nurse fed the candy to you .,PD,PD,SUPPLY,FEED,A,THE,to,to,-41.35440444946289,"[-2.6961403, -10.076963, -10.005206, -1.2313963, -9.37885, -0.6095874, -6.8407125, -0.5155483]"
an adult supplied a meal to them .,the nurse fed you the candy .,PD,DO,SUPPLY,FEED,A,THE,to,to,-37.354766845703125,"[-2.6961403, -10.076963, -10.005206, -5.2793145, -2.6676285, -5.771146, -0.8583683]"
an adult supplied a tea to us .,the employee promised the juice to it .,PD,PD,SUPPLY,PROMISE,A,THE,to,to,-43.0628547668457,"[-2.672659, -9.227634, -8.689701, -2.9475083, -10.072571, -0.7447598, -7.545946, -1.1620756]"
an adult supplied a tea to us .,the employee promised it the juice .,PD,DO,SUPPLY,PROMISE,A,THE,to,to,-43.265220642089844,"[-2.672659, -9.227634, -8.689701, -5.555144, -6.5211673, -8.5806675, -2.0182464]"
an adult supplied an anchor to you .,the king kept the cheese for me .,PD,PD,SUPPLY,KEEP,A,THE,to,for,-39.463340759277344,"[-2.7055418, -8.263012, -8.0800495, -2.4623547, -8.851251, -3.622305, -4.5129614, -0.9658687]"
an adult supplied an anchor to you .,the king kept me the cheese .,PD,DO,SUPPLY,KEEP,A,THE,to,for,-44.905330657958984,"[-2.7055418, -8.263012, -8.0800495, -5.479848, -6.4550133, -12.147219, -1.7746477]"
an adult supplied an engine to me .,the worker got the cheese for us .,PD,PD,SUPPLY,GET,A,THE,to,for,-38.9329833984375,"[-2.6963475, -9.774785, -6.52425, -2.8310192, -9.369131, -4.1102405, -2.6961777, -0.9310329]"
an adult supplied an engine to me .,the worker got us the cheese .,PD,DO,SUPPLY,GET,A,THE,to,for,-39.38633728027344,"[-2.6963475, -9.774785, -6.52425, -7.055475, -3.2319336, -8.680513, -1.4230336]"
an adult supplied me a coffee .,the princess delivered the candy for you .,DO,PD,SUPPLY,DELIVER,A,THE,to,for,-41.9459228515625,"[-2.686171, -10.732283, -9.44602, -1.9810312, -9.201744, -3.2873847, -3.901939, -0.70934796]"
an adult supplied me a coffee .,the princess delivered you the candy .,DO,DO,SUPPLY,DELIVER,A,THE,to,for,-39.755897521972656,"[-2.686171, -10.732283, -9.44602, -7.5603523, -2.4669662, -6.14987, -0.71423745]"
an adult supplied me a juice .,the father saved the beer for us .,DO,PD,SUPPLY,SAVE,A,THE,to,for,-41.88170623779297,"[-2.7099004, -7.4060717, -13.644284, -1.6370617, -8.324291, -2.5688655, -4.7850533, -0.8061787]"
an adult supplied me a juice .,the father saved us the beer .,DO,DO,SUPPLY,SAVE,A,THE,to,for,-39.017486572265625,"[-2.7099004, -7.4060717, -13.644284, -6.0165143, -2.9424562, -5.357054, -0.94120216]"
an adult supplied me an engine .,the worker got the cheese for us .,DO,PD,SUPPLY,GET,A,THE,to,for,-41.184669494628906,"[-2.7287486, -9.82683, -6.7558355, -2.922483, -9.344962, -3.7848566, -4.9002724, -0.920682]"
an adult supplied me an engine .,the worker got us the cheese .,DO,DO,SUPPLY,GET,A,THE,to,for,-39.02677917480469,"[-2.7287486, -9.82683, -6.7558355, -6.666928, -2.9625652, -9.006522, -1.0793475]"
an adult supplied them a meal .,the nurse fed the candy to you .,DO,PD,SUPPLY,FEED,A,THE,to,to,-44.9017333984375,"[-2.6984196, -9.992832, -9.948819, -1.5161532, -10.3551035, -1.7411671, -7.994905, -0.65433455]"
an adult supplied them a meal .,the nurse fed you the candy .,DO,DO,SUPPLY,FEED,A,THE,to,to,-38.25788879394531,"[-2.6984196, -9.992832, -9.948819, -5.3070545, -2.9446087, -6.502456, -0.8636997]"
an adult supplied us a coffee .,the pilot gave the beer to me .,DO,PD,SUPPLY,GIVE,A,THE,to,to,-37.385780334472656,"[-2.717301, -8.673475, -6.8532195, -2.02523, -9.592876, -2.6452625, -3.6951535, -1.1832603]"
an adult supplied us a coffee .,the pilot gave me the beer .,DO,DO,SUPPLY,GIVE,A,THE,to,to,-32.33428192138672,"[-2.717301, -8.673475, -6.8532195, -2.6940112, -2.2577817, -8.049085, -1.0894071]"
an adult supplied us a tea .,the employee promised the juice to it .,DO,PD,SUPPLY,PROMISE,A,THE,to,to,-44.22235107421875,"[-2.6996553, -9.20834, -8.208514, -3.1113377, -9.901235, -2.246523, -7.6030865, -1.2436588]"
an adult supplied us a tea .,the employee promised it the juice .,DO,DO,SUPPLY,PROMISE,A,THE,to,to,-42.948875427246094,"[-2.6996553, -9.20834, -8.208514, -5.4158697, -7.376674, -8.496845, -1.5429778]"
an adult supplied you a cheese .,the buddy showed the cigarette to it .,DO,PD,SUPPLY,SHOW,A,THE,to,to,-48.330169677734375,"[-2.6930072, -12.416805, -9.275095, -3.5169592, -9.864739, -1.6798378, -7.4824343, -1.401289]"
an adult supplied you a cheese .,the buddy showed it the cigarette .,DO,DO,SUPPLY,SHOW,A,THE,to,to,-46.310665130615234,"[-2.6930072, -12.416805, -9.275095, -4.8677797, -5.81996, -10.35664, -0.88137835]"
an adult supplied you a coffee .,the secretary showed the tea to them .,DO,PD,SUPPLY,SHOW,A,THE,to,to,-44.827980041503906,"[-2.67713, -9.765814, -11.535685, -2.0336905, -8.9786215, -1.8749797, -6.878463, -1.0835986]"
an adult supplied you a coffee .,the secretary showed them the tea .,DO,DO,SUPPLY,SHOW,A,THE,to,to,-38.892478942871094,"[-2.67713, -9.765814, -11.535685, -5.053276, -1.71031, -7.341298, -0.8089669]"
an adult supplied you a juice .,the brother kept the wire for me .,DO,PD,SUPPLY,KEEP,A,THE,to,for,-42.33890914916992,"[-2.691078, -9.724561, -10.546847, -2.412333, -8.619729, -4.4074044, -2.951761, -0.98519325]"
an adult supplied you a juice .,the brother kept me the wire .,DO,DO,SUPPLY,KEEP,A,THE,to,for,-47.47913360595703,"[-2.691078, -9.724561, -10.546847, -4.730164, -6.5327764, -11.94413, -1.3095775]"
an adult supplied you an anchor .,the king kept the cheese for me .,DO,PD,SUPPLY,KEEP,A,THE,to,for,-39.388710021972656,"[-2.739168, -8.16829, -7.761581, -2.530818, -8.749241, -3.517437, -4.925763, -0.99641484]"
an adult supplied you an anchor .,the king kept me the cheese .,DO,DO,SUPPLY,KEEP,A,THE,to,for,-42.969459533691406,"[-2.739168, -8.16829, -7.761581, -4.998872, -6.6083345, -11.222033, -1.4711778]"
an adult threw a chocolate to her .,the mayor showed the bag to them .,PD,PD,THROW,SHOW,A,THE,to,to,-36.48334884643555,"[-2.6877975, -7.3561554, -9.91878, -2.3364286, -7.118579, -0.5534061, -5.609524, -0.9026773]"
an adult threw a chocolate to her .,the mayor showed them the bag .,PD,DO,THROW,SHOW,A,THE,to,to,-34.13654327392578,"[-2.6877975, -7.3561554, -9.91878, -5.0427856, -1.7306668, -6.0097075, -1.3906488]"
an adult threw a chocolate to them .,the worker got the beer for us .,PD,PD,THROW,GET,A,THE,to,for,-38.44136047363281,"[-2.7034895, -9.518515, -6.2542295, -2.6430783, -6.919418, -3.9830456, -5.461086, -0.95849645]"
an adult threw a chocolate to them .,the worker got us the beer .,PD,DO,THROW,GET,A,THE,to,for,-36.762290954589844,"[-2.7034895, -9.518515, -6.2542295, -7.8269343, -3.2397423, -5.9342127, -1.2851686]"
an adult threw a chocolate to them .,the priest kept the coffee for it .,PD,PD,THROW,KEEP,A,THE,to,for,-42.32347106933594,"[-2.7034895, -9.8203125, -7.685582, -1.762599, -8.741134, -2.82912, -7.6847305, -1.0965062]"
an adult threw a chocolate to them .,the priest kept it the coffee .,PD,DO,THROW,KEEP,A,THE,to,for,-43.32642364501953,"[-2.7034895, -9.8203125, -7.685582, -4.182933, -6.0369587, -11.392431, -1.5047181]"
an adult threw a salad to me .,the physician promised the chocolate to you .,PD,PD,THROW,PROMISE,A,THE,to,to,-42.701148986816406,"[-2.753336, -10.184161, -8.336152, -3.5136895, -9.80052, -1.9022936, -5.3914466, -0.8195497]"
an adult threw a salad to me .,the physician promised you the chocolate .,PD,DO,THROW,PROMISE,A,THE,to,to,-40.13947296142578,"[-2.753336, -10.184161, -8.336152, -5.4862084, -3.565546, -8.479006, -1.3350645]"
an adult threw a salad to you .,the employee took the cigarette to him .,PD,PD,THROW,TAKE,A,THE,to,to,-34.98093795776367,"[-2.725373, -9.028537, -4.999013, -1.8434292, -7.903721, -2.6168272, -5.014175, -0.8498627]"
an adult threw a salad to you .,the employee took him the cigarette .,PD,DO,THROW,TAKE,A,THE,to,to,-37.73152160644531,"[-2.725373, -9.028537, -4.999013, -5.6788735, -6.118272, -7.5225797, -1.6588734]"
an adult threw a salad to you .,the father fed the chicken to me .,PD,PD,THROW,FEED,A,THE,to,to,-33.481536865234375,"[-2.725373, -7.052302, -12.87366, -1.2645063, -4.7757516, -0.96876854, -3.122264, -0.6989128]"
an adult threw a salad to you .,the father fed me the chicken .,PD,DO,THROW,FEED,A,THE,to,to,-34.50791549682617,"[-2.725373, -7.052302, -12.87366, -2.9274683, -2.7861218, -4.6818876, -1.461101]"
an adult threw a tea to him .,the nurse drew the log for them .,PD,PD,THROW,DRAW,A,THE,to,for,-43.82112121582031,"[-2.702946, -9.72011, -7.0125723, -2.942079, -10.754168, -3.922687, -5.849579, -0.91697973]"
an adult threw a tea to him .,the nurse drew them the log .,PD,DO,THROW,DRAW,A,THE,to,for,-44.34331512451172,"[-2.702946, -9.72011, -7.0125723, -7.6884456, -5.2857533, -10.017167, -1.9163196]"
an adult threw a tea to me .,the colonel sold the flower to you .,PD,PD,THROW,SELL,A,THE,to,to,-41.07954025268555,"[-2.6996439, -11.206434, -9.779068, -1.3444469, -8.154064, -0.63005877, -6.5327826, -0.7330409]"
an adult threw a tea to me .,the colonel sold you the flower .,PD,DO,THROW,SELL,A,THE,to,to,-39.46076965332031,"[-2.6996439, -11.206434, -9.779068, -4.9586906, -2.5489407, -6.9593863, -1.3086058]"
an adult threw a tea to you .,the president sold the machine to him .,PD,PD,THROW,SELL,A,THE,to,to,-38.154964447021484,"[-2.6859486, -6.7128644, -10.45193, -1.4888088, -9.811568, -0.7253549, -5.0447454, -1.2337432]"
an adult threw a tea to you .,the president sold him the machine .,PD,DO,THROW,SELL,A,THE,to,to,-38.4791259765625,"[-2.6859486, -6.7128644, -10.45193, -5.0037985, -2.4785569, -10.326256, -0.8197707]"
an adult threw her a chocolate .,the mayor showed the bag to them .,DO,PD,THROW,SHOW,A,THE,to,to,-39.07486343383789,"[-2.7077374, -7.3297215, -9.682116, -2.7427366, -7.9155865, -1.4001681, -6.278326, -1.0184718]"
an adult threw her a chocolate .,the mayor showed them the bag .,DO,DO,THROW,SHOW,A,THE,to,to,-34.26030349731445,"[-2.7077374, -7.3297215, -9.682116, -5.3401976, -1.8608344, -6.270086, -1.0696089]"
an adult threw him a tea .,the nurse drew the log for them .,DO,PD,THROW,DRAW,A,THE,to,for,-43.6783447265625,"[-2.7995396, -9.601938, -6.7148485, -3.1987047, -10.560799, -4.1423306, -5.7558556, -0.90433]"
an adult threw him a tea .,the nurse drew them the log .,DO,DO,THROW,DRAW,A,THE,to,for,-41.69635772705078,"[-2.7995396, -9.601938, -6.7148485, -6.875842, -4.7027235, -9.859367, -1.1420962]"
an adult threw me a salad .,the physician promised the chocolate to you .,DO,PD,THROW,PROMISE,A,THE,to,to,-44.718299865722656,"[-2.7811396, -10.1289215, -8.201872, -3.890043, -9.796208, -3.627591, -5.3796897, -0.91283554]"
an adult threw me a salad .,the physician promised you the chocolate .,DO,DO,THROW,PROMISE,A,THE,to,to,-39.49894332885742,"[-2.7811396, -10.1289215, -8.201872, -4.888237, -3.9113255, -8.297131, -1.2903181]"
an adult threw me a tea .,the colonel sold the flower to you .,DO,PD,THROW,SELL,A,THE,to,to,-42.41114807128906,"[-2.7561834, -10.998495, -9.3416605, -2.066443, -8.220106, -1.1501628, -7.072317, -0.8057825]"
an adult threw me a tea .,the colonel sold you the flower .,DO,DO,THROW,SELL,A,THE,to,to,-37.599571228027344,"[-2.7561834, -10.998495, -9.3416605, -4.180948, -2.7740436, -6.5265026, -1.0217375]"
an adult threw them a chocolate .,the worker got the beer for us .,DO,PD,THROW,GET,A,THE,to,for,-39.22236251831055,"[-2.745848, -9.523111, -6.16892, -2.7366014, -6.7259893, -4.089274, -6.2169333, -1.0156842]"
an adult threw them a chocolate .,the worker got us the beer .,DO,DO,THROW,GET,A,THE,to,for,-35.21516418457031,"[-2.745848, -9.523111, -6.16892, -7.348205, -3.3227205, -5.095252, -1.0111066]"
an adult threw them a chocolate .,the priest kept the coffee for it .,DO,PD,THROW,KEEP,A,THE,to,for,-43.13414764404297,"[-2.745848, -9.83601, -7.5507355, -2.3530128, -8.570269, -3.3544445, -7.631645, -1.0921819]"
an adult threw them a chocolate .,the priest kept it the coffee .,DO,DO,THROW,KEEP,A,THE,to,for,-41.46152877807617,"[-2.745848, -9.83601, -7.5507355, -4.148616, -5.839718, -10.338376, -1.0022274]"
an adult threw you a salad .,the employee took the cigarette to him .,DO,PD,THROW,TAKE,A,THE,to,to,-38.23930740356445,"[-2.747912, -9.085577, -4.99467, -1.9495927, -7.645074, -4.681731, -6.130069, -1.0046816]"
an adult threw you a salad .,the employee took him the cigarette .,DO,DO,THROW,TAKE,A,THE,to,to,-36.372676849365234,"[-2.747912, -9.085577, -4.99467, -4.861416, -6.3942804, -7.1335363, -1.1552857]"
an adult threw you a salad .,the father fed the chicken to me .,DO,PD,THROW,FEED,A,THE,to,to,-35.78465270996094,"[-2.747912, -7.188026, -12.0181875, -1.5414083, -5.3521934, -2.7391489, -3.508923, -0.6888546]"
an adult threw you a salad .,the father fed me the chicken .,DO,DO,THROW,FEED,A,THE,to,to,-32.27619934082031,"[-2.747912, -7.188026, -12.0181875, -2.018047, -3.007728, -4.2500887, -1.0462127]"
an adult threw you a tea .,the president sold the machine to him .,DO,PD,THROW,SELL,A,THE,to,to,-38.75931167602539,"[-2.7314868, -6.8282056, -9.878261, -1.6417778, -9.947639, -1.2630361, -4.955733, -1.5131723]"
an adult threw you a tea .,the president sold him the machine .,DO,DO,THROW,SELL,A,THE,to,to,-37.775760650634766,"[-2.7314868, -6.8282056, -9.878261, -4.448677, -2.6711407, -10.624339, -0.5936507]"
an adult took a bag to it .,the singer kept the button for them .,PD,PD,TAKE,KEEP,A,THE,to,for,-45.002262115478516,"[-2.5643396, -9.149599, -8.565088, -2.5435638, -8.421524, -4.6159816, -7.71154, -1.4306266]"
an adult took a bag to it .,the singer kept them the button .,PD,DO,TAKE,KEEP,A,THE,to,for,-47.07667541503906,"[-2.5643396, -9.149599, -8.565088, -6.9229746, -6.089723, -11.778372, -2.0065784]"
an adult took a bag to me .,the mother sold the computer to us .,PD,PD,TAKE,SELL,A,THE,to,to,-37.12771224975586,"[-2.581294, -6.5270615, -12.133879, -1.1873077, -8.146829, -0.6787421, -5.0444818, -0.8281174]"
an adult took a bag to me .,the mother sold us the computer .,PD,DO,TAKE,SELL,A,THE,to,to,-39.2109375,"[-2.581294, -6.5270615, -12.133879, -6.6430078, -2.4394395, -7.7788715, -1.107385]"
an adult took a book to him .,the boy bought the coat for them .,PD,PD,TAKE,BUY,A,THE,to,for,-38.71284866333008,"[-2.561495, -7.418297, -9.099245, -1.8693554, -8.034269, -2.4431276, -6.2726526, -1.0144076]"
an adult took a book to him .,the boy bought them the coat .,PD,DO,TAKE,BUY,A,THE,to,for,-39.08262634277344,"[-2.561495, -7.418297, -9.099245, -6.6744895, -3.2877147, -8.541985, -1.499401]"
an adult took a book to you .,the physician showed the coat to me .,PD,PD,TAKE,SHOW,A,THE,to,to,-38.25298309326172,"[-2.5740948, -10.915417, -8.027419, -1.9492846, -10.731813, -0.9274092, -2.3341575, -0.7933873]"
an adult took a book to you .,the physician showed me the coat .,PD,DO,TAKE,SHOW,A,THE,to,to,-35.9083137512207,"[-2.5740948, -10.915417, -8.027419, -1.7764807, -1.8788369, -9.367824, -1.3682419]"
an adult took a camera to me .,the employer promised the tea to them .,PD,PD,TAKE,PROMISE,A,THE,to,to,-45.22245788574219,"[-2.5996003, -10.354176, -8.208294, -2.8977582, -10.778737, -3.7626054, -5.739512, -0.8817744]"
an adult took a camera to me .,the employer promised them the tea .,PD,DO,TAKE,PROMISE,A,THE,to,to,-41.040992736816406,"[-2.5996003, -10.354176, -8.208294, -5.834931, -2.4971256, -10.423582, -1.1232873]"
an adult took a camera to us .,the uncle caught the gun for me .,PD,PD,TAKE,CATCH,A,THE,to,for,-38.153507232666016,"[-2.6102345, -10.839247, -9.451884, -1.1307213, -6.100566, -5.5244637, -1.7910842, -0.70530707]"
an adult took a camera to us .,the uncle caught me the gun .,PD,DO,TAKE,CATCH,A,THE,to,for,-41.54537582397461,"[-2.6102345, -10.839247, -9.451884, -2.6800244, -5.7323074, -9.306914, -0.92476666]"
an adult took a camera to you .,the mayor saved the chicken for us .,PD,PD,TAKE,SAVE,A,THE,to,for,-41.509544372558594,"[-2.5913942, -8.070066, -12.704592, -0.9129291, -8.84392, -2.4728456, -5.4681582, -0.44563872]"
an adult took a camera to you .,the mayor saved us the chicken .,PD,DO,TAKE,SAVE,A,THE,to,for,-43.5875129699707,"[-2.5913942, -8.070066, -12.704592, -4.792516, -3.9630964, -10.874825, -0.59102356]"
an adult took a plate to you .,the child left the beer for me .,PD,PD,TAKE,LEAVE,A,THE,to,for,-35.451805114746094,"[-2.6110613, -7.772302, -6.492064, -1.2840385, -9.94022, -3.765121, -2.828158, -0.7588381]"
an adult took a plate to you .,the child left me the beer .,PD,DO,TAKE,LEAVE,A,THE,to,for,-34.219905853271484,"[-2.6110613, -7.772302, -6.492064, -4.845724, -3.7506742, -7.7511616, -0.9969167]"
an adult took him a book .,the boy bought the coat for them .,DO,PD,TAKE,BUY,A,THE,to,for,-39.437156677246094,"[-2.6440384, -7.515594, -8.947945, -1.9081962, -7.875766, -2.8087733, -6.65728, -1.0795653]"
an adult took him a book .,the boy bought them the coat .,DO,DO,TAKE,BUY,A,THE,to,for,-37.237060546875,"[-2.6440384, -7.515594, -8.947945, -5.632162, -3.296654, -8.216939, -0.98373026]"
an adult took it a bag .,the singer kept the button for them .,DO,PD,TAKE,KEEP,A,THE,to,for,-44.73476791381836,"[-2.5998926, -9.290171, -8.497336, -2.53979, -8.775586, -4.280222, -7.4627934, -1.2889782]"
an adult took it a bag .,the singer kept them the button .,DO,DO,TAKE,KEEP,A,THE,to,for,-45.65570068359375,"[-2.5998926, -9.290171, -8.497336, -6.503153, -5.430825, -12.121889, -1.2124336]"
an adult took me a bag .,the mother sold the computer to us .,DO,PD,TAKE,SELL,A,THE,to,to,-37.33574676513672,"[-2.6580498, -6.7121825, -10.997012, -1.3081639, -8.088778, -1.21515, -5.194619, -1.1617937]"
an adult took me a bag .,the mother sold us the computer .,DO,DO,TAKE,SELL,A,THE,to,to,-37.024696350097656,"[-2.6580498, -6.7121825, -10.997012, -5.109603, -2.627396, -7.793013, -1.1274412]"
an adult took me a camera .,the employer promised the tea to them .,DO,PD,TAKE,PROMISE,A,THE,to,to,-44.73362731933594,"[-2.6415024, -10.13296, -7.817053, -2.866378, -10.57946, -3.850564, -5.661994, -1.1837145]"
an adult took me a camera .,the employer promised them the tea .,DO,DO,TAKE,PROMISE,A,THE,to,to,-39.719093322753906,"[-2.6415024, -10.13296, -7.817053, -4.9150896, -2.6530385, -10.387478, -1.17197]"
an adult took us a camera .,the uncle caught the gun for me .,DO,PD,TAKE,CATCH,A,THE,to,for,-39.39989471435547,"[-2.6441991, -10.8685, -9.252424, -1.2856913, -5.7981796, -5.454427, -3.2166586, -0.8798125]"
an adult took us a camera .,the uncle caught me the gun .,DO,DO,TAKE,CATCH,A,THE,to,for,-37.31848907470703,"[-2.6441991, -10.8685, -9.252424, -2.3978357, -5.2634277, -6.0260615, -0.8660387]"
an adult took you a book .,the physician showed the coat to me .,DO,PD,TAKE,SHOW,A,THE,to,to,-39.21525192260742,"[-2.6106026, -10.709427, -7.9527926, -2.2458115, -11.013677, -1.5245551, -2.2023191, -0.95606685]"
an adult took you a book .,the physician showed me the coat .,DO,DO,TAKE,SHOW,A,THE,to,to,-35.14749526977539,"[-2.6106026, -10.709427, -7.9527926, -1.2255267, -2.0102649, -9.511993, -1.1268855]"
an adult took you a camera .,the mayor saved the chicken for us .,DO,PD,TAKE,SAVE,A,THE,to,for,-40.584632873535156,"[-2.6336293, -7.9717264, -12.267411, -0.99891734, -8.451195, -2.609798, -5.062258, -0.58969843]"
an adult took you a camera .,the mayor saved us the chicken .,DO,DO,TAKE,SAVE,A,THE,to,for,-40.90656280517578,"[-2.6336293, -7.9717264, -12.267411, -4.720477, -3.1930099, -9.495573, -0.6247369]"
an adult took you a plate .,the child left the beer for me .,DO,PD,TAKE,LEAVE,A,THE,to,for,-35.73990249633789,"[-2.6508007, -7.7013583, -6.4458823, -1.2565128, -10.209532, -3.9396975, -2.677974, -0.85814655]"
an adult took you a plate .,the child left me the beer .,DO,DO,TAKE,LEAVE,A,THE,to,for,-31.760639190673828,"[-2.6508007, -7.7013583, -6.4458823, -4.1055994, -3.2147882, -6.7397637, -0.9024466]"
an army designed a bag for me .,the secretary delivered the pie for him .,PD,PD,DESIGN,DELIVER,A,THE,for,for,-45.73987579345703,"[-2.8026133, -9.675008, -11.5013485, -1.9286317, -11.096766, -2.6599677, -5.2359276, -0.83961487]"
an army designed a bag for me .,the secretary delivered him the pie .,PD,DO,DESIGN,DELIVER,A,THE,for,for,-42.79833984375,"[-2.8026133, -9.675008, -11.5013485, -7.040141, -2.2420034, -8.700432, -0.8367971]"
an army designed a bag for them .,the professor sold the tea to you .,PD,PD,DESIGN,SELL,A,THE,for,to,-41.786048889160156,"[-2.790223, -9.334323, -9.750003, -1.8488474, -8.436638, -1.8977246, -6.9056897, -0.82260275]"
an army designed a bag for them .,the professor sold you the tea .,PD,DO,DESIGN,SELL,A,THE,for,to,-39.47087860107422,"[-2.790223, -9.334323, -9.750003, -6.0951395, -2.6407971, -7.915655, -0.9447397]"
an army designed a book for us .,the leader gave the log to me .,PD,PD,DESIGN,GIVE,A,THE,for,to,-40.37040328979492,"[-2.7487915, -7.575453, -12.213634, -2.2547326, -10.022697, -2.595698, -1.691919, -1.2674779]"
an army designed a book for us .,the leader gave me the log .,PD,DO,DESIGN,GIVE,A,THE,for,to,-38.04328155517578,"[-2.7487915, -7.575453, -12.213634, -2.9911056, -2.020846, -8.573383, -1.9200702]"
an army designed a book for us .,the king sent the beer to me .,PD,PD,DESIGN,SEND,A,THE,for,to,-35.56376266479492,"[-2.7487915, -8.049242, -7.4518, -2.446998, -10.589766, -1.2589962, -2.1300597, -0.88811046]"
an army designed a book for us .,the king sent me the beer .,PD,DO,DESIGN,SEND,A,THE,for,to,-34.46947479248047,"[-2.7487915, -8.049242, -7.4518, -2.7252896, -3.0084512, -9.381183, -1.1047196]"
an army designed a bowl for her .,the doctor showed the juice to him .,PD,PD,DESIGN,SHOW,A,THE,for,to,-35.787696838378906,"[-2.7928603, -8.6489315, -7.4613476, -3.0625145, -9.250521, -0.9413923, -2.6829085, -0.9472222]"
an army designed a bowl for her .,the doctor showed him the juice .,PD,DO,DESIGN,SHOW,A,THE,for,to,-32.842994689941406,"[-2.7928603, -8.6489315, -7.4613476, -2.8519099, -1.8311566, -7.978091, -1.2786994]"
an army designed a bowl for you .,the lawyer found the juice for him .,PD,PD,DESIGN,FIND,A,THE,for,for,-41.72182083129883,"[-2.8030965, -9.65723, -7.6882715, -2.345171, -10.12138, -3.9397142, -3.7109814, -1.4559741]"
an army designed a bowl for you .,the lawyer found him the juice .,PD,DO,DESIGN,FIND,A,THE,for,for,-42.60321807861328,"[-2.8030965, -9.65723, -7.6882715, -4.6824455, -4.4809427, -11.694284, -1.5969439]"
an army designed a box for him .,the uncle saved the chicken for me .,PD,PD,DESIGN,SAVE,A,THE,for,for,-40.61244201660156,"[-2.7628653, -11.228422, -12.625324, -1.4505063, -6.8292513, -1.903488, -3.1671042, -0.64547867]"
an army designed a box for him .,the uncle saved me the chicken .,PD,DO,DESIGN,SAVE,A,THE,for,for,-46.69824981689453,"[-2.7628653, -11.228422, -12.625324, -3.4562054, -3.035265, -12.309478, -1.2806892]"
an army designed a box for you .,the brother sent the television to me .,PD,PD,DESIGN,SEND,A,THE,for,to,-38.06715393066406,"[-2.748829, -9.666849, -8.976657, -2.6507876, -9.52418, -1.5567781, -1.5984565, -1.3446156]"
an army designed a box for you .,the brother sent me the television .,PD,DO,DESIGN,SEND,A,THE,for,to,-37.11370086669922,"[-2.748829, -9.666849, -8.976657, -0.9669669, -2.318046, -10.569017, -1.8673362]"
an army designed a card for you .,the lady bought the cup for me .,PD,PD,DESIGN,BUY,A,THE,for,for,-35.511505126953125,"[-2.7655652, -9.887132, -10.170038, -1.9688779, -6.126124, -2.685401, -0.82294214, -1.0854251]"
an army designed a card for you .,the lady bought me the cup .,PD,DO,DESIGN,BUY,A,THE,for,for,-36.66290283203125,"[-2.7655652, -9.887132, -10.170038, -2.5297318, -3.0797203, -6.2439923, -1.986724]"
an army designed a coat for it .,the husband made the motor for me .,PD,PD,DESIGN,MAKE,A,THE,for,for,-41.685733795166016,"[-2.8209357, -9.306017, -6.7978907, -1.8398533, -10.992491, -3.1395755, -5.7198386, -1.0691292]"
an army designed a coat for it .,the husband made me the motor .,PD,DO,DESIGN,MAKE,A,THE,for,for,-39.06114196777344,"[-2.8209357, -9.306017, -6.7978907, -4.1309595, -3.8357744, -10.079394, -2.0901704]"
an army designed a crystal for me .,the actor brought the glass to him .,PD,PD,DESIGN,BRING,A,THE,for,to,-35.70806121826172,"[-2.785213, -8.3951, -7.4431996, -2.3024263, -7.8670626, -1.1289668, -4.5473833, -1.2387092]"
an army designed a crystal for me .,the actor brought him the glass .,PD,DO,DESIGN,BRING,A,THE,for,to,-36.90940856933594,"[-2.785213, -8.3951, -7.4431996, -5.9954357, -2.9333522, -7.4294796, -1.9276289]"
an army designed a crystal for them .,the partner caught the ball for you .,PD,PD,DESIGN,CATCH,A,THE,for,for,-39.216880798339844,"[-2.793529, -10.670549, -8.988398, -1.6897235, -5.0128703, -3.6803808, -5.4628468, -0.9185832]"
an army designed a crystal for them .,the partner caught you the ball .,PD,DO,DESIGN,CATCH,A,THE,for,for,-41.384796142578125,"[-2.793529, -10.670549, -8.988398, -5.6597056, -6.063565, -5.4449577, -1.7640934]"
an army designed a glass for me .,the chief supplied the anchor to you .,PD,PD,DESIGN,SUPPLY,A,THE,for,to,-45.326698303222656,"[-2.7784584, -7.633999, -14.038734, -1.9982227, -9.234631, -2.1156106, -6.5330815, -0.99396145]"
an army designed a glass for me .,the chief supplied you the anchor .,PD,DO,DESIGN,SUPPLY,A,THE,for,to,-46.95935821533203,"[-2.7784584, -7.633999, -14.038734, -5.66046, -4.2001953, -10.519788, -2.1277266]"
an army designed a guitar for you .,the champion threw the engine to me .,PD,PD,DESIGN,THROW,A,THE,for,to,-44.2877082824707,"[-2.8259265, -10.13887, -10.982928, -2.5923295, -10.247162, -2.8742685, -3.4248974, -1.201325]"
an army designed a guitar for you .,the champion threw me the engine .,PD,DO,DESIGN,THROW,A,THE,for,to,-46.05572509765625,"[-2.8259265, -10.13887, -10.982928, -5.505359, -2.8632872, -12.418038, -1.321317]"
an army designed a gun for me .,the guest caught the bag for him .,PD,PD,DESIGN,CATCH,A,THE,for,for,-43.94233703613281,"[-2.7706187, -10.127267, -10.330654, -1.7635753, -9.772948, -2.7375836, -5.637869, -0.8018227]"
an army designed a gun for me .,the guest caught him the bag .,PD,DO,DESIGN,CATCH,A,THE,for,for,-44.647674560546875,"[-2.7706187, -10.127267, -10.330654, -5.7135696, -6.186908, -8.503793, -1.0148647]"
an army designed a jacket for her .,the sheriff threw the salad to me .,PD,PD,DESIGN,THROW,A,THE,for,to,-40.782623291015625,"[-2.8376594, -8.980085, -9.187434, -2.7340517, -9.143911, -4.1369734, -2.7978823, -0.9646227]"
an army designed a jacket for her .,the sheriff threw me the salad .,PD,DO,DESIGN,THROW,A,THE,for,to,-40.8722038269043,"[-2.8376594, -8.980085, -9.187434, -5.6147385, -3.9570966, -9.192328, -1.102863]"
an army designed a jacket for him .,the candidate gave the bag to you .,PD,PD,DESIGN,GIVE,A,THE,for,to,-41.955020904541016,"[-2.8507059, -9.607801, -7.0474334, -2.7063923, -10.18658, -1.0050777, -7.425062, -1.1259693]"
an army designed a jacket for him .,the candidate gave you the bag .,PD,DO,DESIGN,GIVE,A,THE,for,to,-38.55561065673828,"[-2.8507059, -9.607801, -7.0474334, -6.7779474, -2.3495083, -8.370678, -1.5515366]"
an army designed a jacket for him .,the professor purchased the beer for us .,PD,PD,DESIGN,PURCHASE,A,THE,for,for,-39.03893280029297,"[-2.8507059, -9.241346, -10.685461, -1.9969535, -7.151232, -1.9025568, -4.063979, -1.1466959]"
an army designed a jacket for him .,the professor purchased us the beer .,PD,DO,DESIGN,PURCHASE,A,THE,for,for,-42.32720947265625,"[-2.8507059, -9.241346, -10.685461, -8.403931, -3.6726508, -5.8009033, -1.672215]"
an army designed a jacket for it .,the kid gave the candy to him .,PD,PD,DESIGN,GIVE,A,THE,for,to,-34.53511047363281,"[-2.8081508, -9.793102, -7.087733, -2.9871187, -6.945136, -1.2898114, -2.811012, -0.81304777]"
an army designed a jacket for it .,the kid gave him the candy .,PD,DO,DESIGN,GIVE,A,THE,for,to,-32.131591796875,"[-2.8081508, -9.793102, -7.087733, -2.8051062, -2.3545547, -6.242421, -1.0405267]"
an army designed a jacket for me .,the minister threw the bell to you .,PD,PD,DESIGN,THROW,A,THE,for,to,-44.646263122558594,"[-2.8517625, -9.466061, -10.136019, -2.914218, -9.064563, -3.4474444, -5.8031178, -0.96307516]"
an army designed a jacket for me .,the minister threw you the bell .,PD,DO,DESIGN,THROW,A,THE,for,to,-43.68045425415039,"[-2.8517625, -9.466061, -10.136019, -8.556497, -2.8344238, -8.732988, -1.1027055]"
an army designed a key for her .,the doctor got the juice for you .,PD,PD,DESIGN,GET,A,THE,for,for,-37.86567687988281,"[-2.702428, -8.899687, -7.108241, -2.1363964, -9.124292, -2.6647427, -4.655131, -0.57475656]"
an army designed a key for her .,the doctor got you the juice .,PD,DO,DESIGN,GET,A,THE,for,for,-37.269309997558594,"[-2.702428, -8.899687, -7.108241, -7.0839014, -3.2190967, -7.467252, -0.7887065]"
an army designed a key for him .,the hero saved the coffee for us .,PD,PD,DESIGN,SAVE,A,THE,for,for,-41.716651916503906,"[-2.7021163, -9.606465, -9.0458765, -1.2538489, -10.725665, -3.430709, -4.3258533, -0.62611675]"
an army designed a key for him .,the hero saved us the coffee .,PD,DO,DESIGN,SAVE,A,THE,for,for,-41.58389663696289,"[-2.7021163, -9.606465, -9.0458765, -5.313979, -4.8501573, -9.246563, -0.8187421]"
an army designed a key for them .,the candidate fed the cheese to him .,PD,PD,DESIGN,FEED,A,THE,for,to,-42.94615173339844,"[-2.701518, -9.661402, -11.82802, -1.6682945, -10.828565, -1.9489774, -3.492761, -0.81661606]"
an army designed a key for them .,the candidate fed him the cheese .,PD,DO,DESIGN,FEED,A,THE,for,to,-39.92589569091797,"[-2.701518, -9.661402, -11.82802, -4.2268014, -2.210026, -8.1742115, -1.1239154]"
an army designed a key for you .,the aunt threw the motor to them .,PD,PD,DESIGN,THROW,A,THE,for,to,-51.66579055786133,"[-2.7026155, -12.587886, -11.755546, -2.066129, -10.652208, -3.3312492, -7.461987, -1.1081705]"
an army designed a key for you .,the aunt threw them the motor .,PD,DO,DESIGN,THROW,A,THE,for,to,-49.879844665527344,"[-2.7026155, -12.587886, -11.755546, -6.2512865, -3.4480658, -11.388641, -1.7458029]"
an army designed a knife for him .,the friend took the motor to you .,PD,PD,DESIGN,TAKE,A,THE,for,to,-44.30882263183594,"[-2.8078399, -10.044537, -8.126459, -2.0595932, -9.682696, -3.3222928, -7.3819075, -0.88349533]"
an army designed a knife for him .,the friend took you the motor .,PD,DO,DESIGN,TAKE,A,THE,for,to,-45.6466178894043,"[-2.8078399, -10.044537, -8.126459, -5.992959, -6.880755, -9.24495, -2.5491204]"
an army designed a knife for us .,the doctor made the engine for you .,PD,PD,DESIGN,MAKE,A,THE,for,for,-39.419769287109375,"[-2.816118, -8.878771, -6.2405543, -2.2030041, -11.770977, -3.606104, -3.2821827, -0.6220614]"
an army designed a knife for us .,the doctor made you the engine .,PD,DO,DESIGN,MAKE,A,THE,for,for,-39.63373565673828,"[-2.816118, -8.878771, -6.2405543, -4.6762686, -5.0913706, -10.970534, -0.9601202]"
an army designed a knife for you .,the professor found the candy for it .,PD,PD,DESIGN,FIND,A,THE,for,for,-42.25390625,"[-2.8044813, -9.618492, -5.682939, -2.3862534, -9.788706, -3.9684768, -6.4782724, -1.526287]"
an army designed a knife for you .,the professor found it the candy .,PD,DO,DESIGN,FIND,A,THE,for,for,-41.677696228027344,"[-2.8044813, -9.618492, -5.682939, -2.9596348, -5.8486514, -12.447625, -2.3158705]"
an army designed a motor for us .,the buddy showed the cigarette to it .,PD,PD,DESIGN,SHOW,A,THE,for,to,-50.8988037109375,"[-2.767614, -12.931889, -9.343103, -3.8954413, -10.484703, -1.7985829, -7.901554, -1.7759172]"
an army designed a motor for us .,the buddy showed it the cigarette .,PD,DO,DESIGN,SHOW,A,THE,for,to,-48.080684661865234,"[-2.767614, -12.931889, -9.343103, -4.9421024, -5.7198725, -11.111374, -1.2647316]"
an army designed a pot for me .,the cop threw the pie to it .,PD,PD,DESIGN,THROW,A,THE,for,to,-43.71987533569336,"[-2.7763455, -10.273061, -9.257574, -1.8067597, -8.1013, -3.9329247, -6.6413155, -0.9305951]"
an army designed a pot for me .,the cop threw it the pie .,PD,DO,DESIGN,THROW,A,THE,for,to,-46.24040985107422,"[-2.7763455, -10.273061, -9.257574, -4.3878508, -6.5805883, -12.162359, -0.8026305]"
an army designed a television for me .,the boy bought the coat for them .,PD,PD,DESIGN,BUY,A,THE,for,for,-41.486541748046875,"[-2.7514324, -8.3438635, -9.341749, -1.930371, -8.634444, -1.9141725, -7.386862, -1.1836475]"
an army designed a television for me .,the boy bought them the coat .,PD,DO,DESIGN,BUY,A,THE,for,for,-40.57963180541992,"[-2.7514324, -8.3438635, -9.341749, -5.5291, -4.205358, -8.915019, -1.4931097]"
an army designed an engine for her .,the doctor kept the juice for you .,PD,PD,DESIGN,KEEP,A,THE,for,for,-41.67168426513672,"[-2.7966104, -8.777561, -7.221885, -3.3248882, -8.345709, -4.0941825, -6.4243493, -0.68649703]"
an army designed an engine for her .,the doctor kept you the juice .,PD,DO,DESIGN,KEEP,A,THE,for,for,-43.604434967041016,"[-2.7966104, -8.777561, -7.221885, -7.283435, -6.500412, -9.857514, -1.1670184]"
an army designed her a bowl .,the doctor showed the juice to him .,DO,PD,DESIGN,SHOW,A,THE,for,to,-37.20538330078125,"[-2.8310905, -8.628294, -7.5070095, -3.4348657, -9.551313, -1.2499328, -2.9954224, -1.0074534]"
an army designed her a bowl .,the doctor showed him the juice .,DO,DO,DESIGN,SHOW,A,THE,for,to,-32.85547637939453,"[-2.8310905, -8.628294, -7.5070095, -2.8461263, -1.9949112, -7.9364343, -1.1116087]"
an army designed her a jacket .,the sheriff threw the salad to me .,DO,PD,DESIGN,THROW,A,THE,for,to,-40.998252868652344,"[-2.8704765, -8.782951, -9.041026, -2.9430456, -9.124153, -4.3811226, -2.809734, -1.0457448]"
an army designed her a jacket .,the sheriff threw me the salad .,DO,DO,DESIGN,THROW,A,THE,for,to,-40.25918960571289,"[-2.8704765, -8.782951, -9.041026, -5.529956, -3.7744913, -9.279933, -0.9803542]"
an army designed her a key .,the doctor got the juice for you .,DO,PD,DESIGN,GET,A,THE,for,for,-39.73687744140625,"[-2.732857, -8.813894, -7.0143185, -2.2066154, -9.303822, -2.921475, -6.137254, -0.6066417]"
an army designed her a key .,the doctor got you the juice .,DO,DO,DESIGN,GET,A,THE,for,for,-36.421302795410156,"[-2.732857, -8.813894, -7.0143185, -6.9256773, -2.8454037, -7.4462185, -0.6429351]"
an army designed her an engine .,the doctor kept the juice for you .,DO,PD,DESIGN,KEEP,A,THE,for,for,-42.98932647705078,"[-2.866392, -8.74579, -7.1534243, -3.6086254, -8.514181, -4.9066553, -6.428366, -0.7658922]"
an army designed her an engine .,the doctor kept you the juice .,DO,DO,DESIGN,KEEP,A,THE,for,for,-42.46258544921875,"[-2.866392, -8.74579, -7.1534243, -7.4144297, -6.619236, -8.702173, -0.96114194]"
an army designed him a box .,the uncle saved the chicken for me .,DO,PD,DESIGN,SAVE,A,THE,for,for,-42.53742218017578,"[-2.7797577, -11.214544, -13.27075, -1.7245253, -7.074398, -2.7203255, -2.998464, -0.7546576]"
an army designed him a box .,the uncle saved me the chicken .,DO,DO,DESIGN,SAVE,A,THE,for,for,-45.8022346496582,"[-2.7797577, -11.214544, -13.27075, -2.9386292, -2.5966415, -11.971859, -1.0300531]"
an army designed him a jacket .,the candidate gave the bag to you .,DO,PD,DESIGN,GIVE,A,THE,for,to,-43.689903259277344,"[-2.9042156, -9.60522, -7.2296953, -2.8908463, -10.386824, -1.6465642, -7.7778797, -1.2486567]"
an army designed him a jacket .,the candidate gave you the bag .,DO,DO,DESIGN,GIVE,A,THE,for,to,-38.52093505859375,"[-2.9042156, -9.60522, -7.2296953, -6.7665787, -2.4673815, -8.177779, -1.3700662]"
an army designed him a jacket .,the professor purchased the beer for us .,DO,PD,DESIGN,PURCHASE,A,THE,for,for,-40.74467086791992,"[-2.9042156, -9.212228, -10.964121, -2.110001, -7.310071, -2.556279, -4.24904, -1.4387143]"
an army designed him a jacket .,the professor purchased us the beer .,DO,DO,DESIGN,PURCHASE,A,THE,for,for,-41.409976959228516,"[-2.9042156, -9.212228, -10.964121, -7.7781434, -3.947958, -5.3691096, -1.2342026]"
an army designed him a key .,the hero saved the coffee for us .,DO,PD,DESIGN,SAVE,A,THE,for,for,-43.81632995605469,"[-2.7350576, -9.544067, -8.517521, -1.2958707, -11.173262, -4.375992, -5.447722, -0.7268345]"
an army designed him a key .,the hero saved us the coffee .,DO,DO,DESIGN,SAVE,A,THE,for,for,-40.02857208251953,"[-2.7350576, -9.544067, -8.517521, -5.563013, -4.041284, -9.003403, -0.62422657]"
an army designed him a knife .,the friend took the motor to you .,DO,PD,DESIGN,TAKE,A,THE,for,to,-45.7636604309082,"[-2.8514478, -10.181861, -8.36924, -2.231435, -9.632196, -3.753782, -7.8588142, -0.8848825]"
an army designed him a knife .,the friend took you the motor .,DO,DO,DESIGN,TAKE,A,THE,for,to,-44.889957427978516,"[-2.8514478, -10.181861, -8.36924, -5.997611, -6.46653, -8.895689, -2.1275797]"
an army designed it a coat .,the husband made the motor for me .,DO,PD,DESIGN,MAKE,A,THE,for,for,-42.754032135009766,"[-2.815476, -9.226231, -7.110172, -2.0326998, -10.9476795, -4.650641, -4.573208, -1.3979272]"
an army designed it a coat .,the husband made me the motor .,DO,DO,DESIGN,MAKE,A,THE,for,for,-39.16326141357422,"[-2.815476, -9.226231, -7.110172, -3.987594, -4.044263, -10.076286, -1.9032407]"
an army designed it a jacket .,the kid gave the candy to him .,DO,PD,DESIGN,GIVE,A,THE,for,to,-36.201698303222656,"[-2.797674, -10.075562, -7.484462, -2.9872022, -7.0898438, -1.4872571, -3.3439295, -0.9357692]"
an army designed it a jacket .,the kid gave him the candy .,DO,DO,DESIGN,GIVE,A,THE,for,to,-33.10365295410156,"[-2.797674, -10.075562, -7.484462, -2.869453, -2.6629705, -6.2540674, -0.959466]"
an army designed me a bag .,the secretary delivered the pie for him .,DO,PD,DESIGN,DELIVER,A,THE,for,for,-47.264930725097656,"[-2.822587, -9.581718, -11.4303, -2.1269164, -11.315519, -3.4511147, -5.432897, -1.1038806]"
an army designed me a bag .,the secretary delivered him the pie .,DO,DO,DESIGN,DELIVER,A,THE,for,for,-42.02320098876953,"[-2.822587, -9.581718, -11.4303, -6.7943664, -2.34977, -8.357415, -0.68704575]"
an army designed me a crystal .,the actor brought the glass to him .,DO,PD,DESIGN,BRING,A,THE,for,to,-35.94669723510742,"[-2.8180208, -8.350532, -7.3949485, -2.3954096, -7.934456, -1.1892651, -4.520831, -1.3432348]"
an army designed me a crystal .,the actor brought him the glass .,DO,DO,DESIGN,BRING,A,THE,for,to,-35.50895690917969,"[-2.8180208, -8.350532, -7.3949485, -5.8906164, -2.76012, -6.9768295, -1.3178881]"
an army designed me a glass .,the chief supplied the anchor to you .,DO,PD,DESIGN,SUPPLY,A,THE,for,to,-46.87977600097656,"[-2.8045998, -7.6065044, -14.0744505, -2.252427, -9.048216, -2.2379565, -7.6686573, -1.1869655]"
an army designed me a glass .,the chief supplied you the anchor .,DO,DO,DESIGN,SUPPLY,A,THE,for,to,-47.422584533691406,"[-2.8045998, -7.6065044, -14.0744505, -6.063877, -4.3910046, -10.3573475, -2.1247978]"
an army designed me a gun .,the guest caught the bag for him .,DO,PD,DESIGN,CATCH,A,THE,for,for,-44.51750946044922,"[-2.8137515, -10.174873, -10.059322, -2.0878615, -9.743408, -3.3163319, -5.306101, -1.0158577]"
an army designed me a gun .,the guest caught him the bag .,DO,DO,DESIGN,CATCH,A,THE,for,for,-43.186973571777344,"[-2.8137515, -10.174873, -10.059322, -5.3450704, -6.151965, -7.702488, -0.9395002]"
an army designed me a jacket .,the minister threw the bell to you .,DO,PD,DESIGN,THROW,A,THE,for,to,-45.657432556152344,"[-2.8801086, -9.2897835, -10.0576105, -3.120788, -9.126614, -3.6466968, -6.3238, -1.2120303]"
an army designed me a jacket .,the minister threw you the bell .,DO,DO,DESIGN,THROW,A,THE,for,to,-43.184776306152344,"[-2.8801086, -9.2897835, -10.0576105, -8.828575, -2.767636, -8.360653, -1.0004101]"
an army designed me a pot .,the cop threw the pie to it .,DO,PD,DESIGN,THROW,A,THE,for,to,-43.701255798339844,"[-2.7978275, -10.290504, -9.233006, -1.9264818, -7.9703007, -4.190969, -6.4458313, -0.8463359]"
an army designed me a pot .,the cop threw it the pie .,DO,DO,DESIGN,THROW,A,THE,for,to,-46.46295166015625,"[-2.7978275, -10.290504, -9.233006, -4.6781297, -6.211341, -12.617342, -0.6347996]"
an army designed me a television .,the boy bought the coat for them .,DO,PD,DESIGN,BUY,A,THE,for,for,-42.899009704589844,"[-2.811659, -8.381945, -9.429884, -2.090192, -8.885409, -2.419796, -7.108075, -1.7720467]"
an army designed me a television .,the boy bought them the coat .,DO,DO,DESIGN,BUY,A,THE,for,for,-40.124267578125,"[-2.811659, -8.381945, -9.429884, -5.3152504, -3.6414948, -9.170051, -1.3739822]"
an army designed them a bag .,the professor sold the tea to you .,DO,PD,DESIGN,SELL,A,THE,for,to,-42.87812042236328,"[-2.8167768, -9.406081, -9.825038, -2.0546155, -8.794674, -2.1583276, -6.9091663, -0.91343844]"
an army designed them a bag .,the professor sold you the tea .,DO,DO,DESIGN,SELL,A,THE,for,to,-39.167457580566406,"[-2.8167768, -9.406081, -9.825038, -5.828593, -2.6393738, -7.804663, -0.8469297]"
an army designed them a crystal .,the partner caught the ball for you .,DO,PD,DESIGN,CATCH,A,THE,for,for,-41.09558868408203,"[-2.8016372, -10.76458, -8.83335, -1.7940679, -4.70349, -4.12498, -6.8302326, -1.243253]"
an army designed them a crystal .,the partner caught you the ball .,DO,DO,DESIGN,CATCH,A,THE,for,for,-39.188873291015625,"[-2.8016372, -10.76458, -8.83335, -5.3087087, -6.0123777, -3.7882123, -1.6800104]"
an army designed them a key .,the candidate fed the cheese to him .,DO,PD,DESIGN,FEED,A,THE,for,to,-43.95866775512695,"[-2.6922016, -9.712038, -11.433764, -1.7163866, -10.692558, -2.1438344, -4.477315, -1.0905714]"
an army designed them a key .,the candidate fed him the cheese .,DO,DO,DESIGN,FEED,A,THE,for,to,-39.50404357910156,"[-2.6922016, -9.712038, -11.433764, -4.1869936, -2.0296652, -8.467846, -0.9815383]"
an army designed us a book .,the leader gave the log to me .,DO,PD,DESIGN,GIVE,A,THE,for,to,-42.571937561035156,"[-2.7776923, -7.5499897, -12.665323, -2.4404554, -10.28235, -3.0980954, -2.1563249, -1.6017073]"
an army designed us a book .,the leader gave me the log .,DO,DO,DESIGN,GIVE,A,THE,for,to,-38.628440856933594,"[-2.7776923, -7.5499897, -12.665323, -3.0567436, -2.1902943, -8.417283, -1.9711125]"
an army designed us a book .,the king sent the beer to me .,DO,PD,DESIGN,SEND,A,THE,for,to,-36.27116775512695,"[-2.7776923, -8.077946, -7.3334537, -2.5424151, -10.52729, -1.5244138, -2.507703, -0.98025316]"
an army designed us a book .,the king sent me the beer .,DO,DO,DESIGN,SEND,A,THE,for,to,-33.57099914550781,"[-2.7776923, -8.077946, -7.3334537, -2.5220523, -2.691888, -9.173844, -0.9941211]"
an army designed us a knife .,the doctor made the engine for you .,DO,PD,DESIGN,MAKE,A,THE,for,for,-42.19416046142578,"[-2.8401098, -8.813932, -6.22649, -2.4049802, -11.646854, -4.827233, -4.580094, -0.8544693]"
an army designed us a knife .,the doctor made you the engine .,DO,DO,DESIGN,MAKE,A,THE,for,for,-38.97529602050781,"[-2.8401098, -8.813932, -6.22649, -4.441793, -4.9764376, -10.826428, -0.85010386]"
an army designed us a motor .,the buddy showed the cigarette to it .,DO,PD,DESIGN,SHOW,A,THE,for,to,-50.71746063232422,"[-2.801646, -12.838533, -9.377988, -3.8914037, -10.210073, -2.1800318, -7.7065744, -1.7112079]"
an army designed us a motor .,the buddy showed it the cigarette .,DO,DO,DESIGN,SHOW,A,THE,for,to,-46.93976593017578,"[-2.801646, -12.838533, -9.377988, -5.0485864, -5.149165, -10.726244, -0.9976032]"
an army designed you a bowl .,the lawyer found the juice for him .,DO,PD,DESIGN,FIND,A,THE,for,for,-43.919822692871094,"[-2.7984123, -9.722087, -7.7298284, -2.5180671, -10.22735, -4.786982, -4.508402, -1.6286955]"
an army designed you a bowl .,the lawyer found him the juice .,DO,DO,DESIGN,FIND,A,THE,for,for,-41.090538024902344,"[-2.7984123, -9.722087, -7.7298284, -4.6530485, -4.1723413, -10.9274025, -1.0874166]"
an army designed you a box .,the brother sent the television to me .,DO,PD,DESIGN,SEND,A,THE,for,to,-38.7492790222168,"[-2.7419317, -9.687175, -8.914634, -2.7411716, -9.509525, -1.9134699, -1.820303, -1.4210684]"
an army designed you a box .,the brother sent me the television .,DO,DO,DESIGN,SEND,A,THE,for,to,-36.60679244995117,"[-2.7419317, -9.687175, -8.914634, -0.9091756, -2.382876, -10.293887, -1.6771123]"
an army designed you a card .,the lady bought the cup for me .,DO,PD,DESIGN,BUY,A,THE,for,for,-37.209102630615234,"[-2.7680483, -9.810301, -10.070846, -1.9378461, -6.243624, -3.4481795, -1.6765083, -1.2537504]"
an army designed you a card .,the lady bought me the cup .,DO,DO,DESIGN,BUY,A,THE,for,for,-35.695404052734375,"[-2.7680483, -9.810301, -10.070846, -2.0057783, -3.0906658, -6.15365, -1.7961127]"
an army designed you a guitar .,the champion threw the engine to me .,DO,PD,DESIGN,THROW,A,THE,for,to,-45.02689743041992,"[-2.8208044, -10.257932, -10.857012, -2.481089, -10.44531, -3.0019395, -4.0215435, -1.1412699]"
an army designed you a guitar .,the champion threw me the engine .,DO,DO,DESIGN,THROW,A,THE,for,to,-45.35758972167969,"[-2.8208044, -10.257932, -10.857012, -5.2606273, -2.8548756, -12.372251, -0.93408597]"
an army designed you a key .,the aunt threw the motor to them .,DO,PD,DESIGN,THROW,A,THE,for,to,-52.2562255859375,"[-2.7004547, -12.5796585, -11.319183, -2.003328, -10.896168, -3.436472, -8.1634245, -1.157539]"
an army designed you a key .,the aunt threw them the motor .,DO,DO,DESIGN,THROW,A,THE,for,to,-48.77662658691406,"[-2.7004547, -12.5796585, -11.319183, -6.204114, -2.6907043, -11.951787, -1.3307278]"
an army designed you a knife .,the professor found the candy for it .,DO,PD,DESIGN,FIND,A,THE,for,for,-43.84648513793945,"[-2.8111067, -9.483377, -5.717082, -2.5025916, -10.013916, -4.8382535, -6.10174, -2.3784192]"
an army designed you a knife .,the professor found it the candy .,DO,DO,DESIGN,FIND,A,THE,for,for,-41.90679168701172,"[-2.8111067, -9.483377, -5.717082, -2.8254676, -6.126872, -12.76833, -2.1745589]"
an attorney bought a salad for them .,the writer kept the chocolate for you .,PD,PD,BUY,KEEP,A,THE,for,for,-40.43851089477539,"[-2.8326817, -7.524818, -9.584945, -3.799445, -8.38641, -3.5210264, -4.133848, -0.65533733]"
an attorney bought a salad for them .,the writer kept you the chocolate .,PD,DO,BUY,KEEP,A,THE,for,for,-46.031532287597656,"[-2.8326817, -7.524818, -9.584945, -6.835643, -7.6101274, -10.139954, -1.5033648]"
an attorney bought a tea for me .,the son gave the glass to them .,PD,PD,BUY,GIVE,A,THE,for,to,-39.42932891845703,"[-2.7783136, -8.078308, -8.110385, -2.8829591, -8.938739, -1.021491, -6.888027, -0.731105]"
an attorney bought a tea for me .,the son gave them the glass .,PD,DO,BUY,GIVE,A,THE,for,to,-34.38502502441406,"[-2.7783136, -8.078308, -8.110385, -5.201195, -2.5059996, -6.1199875, -1.5908344]"
an attorney bought me a tea .,the son gave the glass to them .,DO,PD,BUY,GIVE,A,THE,for,to,-40.36423873901367,"[-2.8082755, -8.050867, -7.809105, -3.4847267, -8.8889265, -1.2978228, -7.097286, -0.9272289]"
an attorney bought me a tea .,the son gave them the glass .,DO,DO,BUY,GIVE,A,THE,for,to,-34.303409576416016,"[-2.8082755, -8.050867, -7.809105, -5.3344374, -2.783965, -6.1828403, -1.3339202]"
an attorney bought them a salad .,the writer kept the chocolate for you .,DO,PD,BUY,KEEP,A,THE,for,for,-43.902198791503906,"[-2.851751, -7.6313314, -9.390398, -4.272504, -8.597988, -4.8487844, -5.6189313, -0.69051206]"
an attorney bought them a salad .,the writer kept you the chocolate .,DO,DO,BUY,KEEP,A,THE,for,for,-45.43252944946289,"[-2.851751, -7.6313314, -9.390398, -6.919595, -7.8114805, -9.667936, -1.160039]"
an attorney brought a book to you .,the partner caught the box for them .,PD,PD,BRING,CATCH,A,THE,to,for,-45.55609130859375,"[-2.6605308, -10.135756, -8.857517, -1.5329665, -9.84038, -4.5799294, -7.226402, -0.72261035]"
an attorney brought a book to you .,the partner caught them the box .,PD,DO,BRING,CATCH,A,THE,to,for,-44.10017776489258,"[-2.6605308, -10.135756, -8.857517, -5.7741776, -5.9851265, -9.612224, -1.0748487]"
an attorney brought a card to her .,the son sent the salad to you .,PD,PD,BRING,SEND,A,THE,to,to,-44.054237365722656,"[-2.7134924, -7.7934785, -9.86385, -2.355557, -12.498595, -0.49837592, -7.6304717, -0.7004148]"
an attorney brought a card to her .,the son sent you the salad .,PD,DO,BRING,SEND,A,THE,to,to,-42.02035140991211,"[-2.7134924, -7.7934785, -9.86385, -6.5231614, -2.6997008, -11.357577, -1.069092]"
an attorney brought a card to him .,the friend promised the chocolate to you .,PD,PD,BRING,PROMISE,A,THE,to,to,-43.80712890625,"[-2.7079787, -9.69077, -9.734096, -4.177301, -8.607612, -3.0640392, -5.104225, -0.7211098]"
an attorney brought a card to him .,the friend promised you the chocolate .,PD,DO,BRING,PROMISE,A,THE,to,to,-39.33967208862305,"[-2.7079787, -9.69077, -9.734096, -4.5321307, -3.4198997, -7.863633, -1.3911647]"
an attorney brought a card to it .,the opponent saved the meal for them .,PD,PD,BRING,SAVE,A,THE,to,for,-42.988704681396484,"[-2.6741107, -10.228961, -11.545513, -1.5591443, -10.039693, -2.203517, -4.2247295, -0.51303643]"
an attorney brought a card to it .,the opponent saved them the meal .,PD,DO,BRING,SAVE,A,THE,to,for,-44.55804443359375,"[-2.6741107, -10.228961, -11.545513, -4.9377785, -4.2601213, -10.19873, -0.7128288]"
an attorney brought a card to me .,the manager gave the chicken to us .,PD,PD,BRING,GIVE,A,THE,to,to,-36.57964324951172,"[-2.707854, -8.35457, -6.433216, -2.5262442, -9.566327, -2.7028422, -3.7273817, -0.56120956]"
an attorney brought a card to me .,the manager gave us the chicken .,PD,DO,BRING,GIVE,A,THE,to,to,-33.3414306640625,"[-2.707854, -8.35457, -6.433216, -3.6036186, -2.2751875, -8.355034, -1.6119485]"
an attorney brought a guitar to him .,the actor promised the box to you .,PD,PD,BRING,PROMISE,A,THE,to,to,-43.771629333496094,"[-2.7899675, -7.774629, -8.389363, -3.510369, -9.350895, -3.1896586, -7.161639, -1.6051056]"
an attorney brought a guitar to him .,the actor promised you the box .,PD,DO,BRING,PROMISE,A,THE,to,to,-40.78166961669922,"[-2.7899675, -7.774629, -8.389363, -6.26347, -3.3138561, -9.245201, -3.0051808]"
an attorney brought a salad to us .,the secretary delivered the pie for him .,PD,PD,BRING,DELIVER,A,THE,to,for,-45.674034118652344,"[-2.766935, -8.626619, -10.221485, -2.2613983, -10.712259, -4.4420247, -5.712292, -0.9310193]"
an attorney brought a salad to us .,the secretary delivered him the pie .,PD,DO,BRING,DELIVER,A,THE,to,for,-39.232276916503906,"[-2.766935, -8.626619, -10.221485, -6.949132, -2.473829, -7.3704233, -0.8238515]"
an attorney brought an engine to me .,the partner sold the coffee to you .,PD,PD,BRING,SELL,A,THE,to,to,-40.596961975097656,"[-2.750843, -10.114687, -8.91316, -1.937326, -8.393574, -1.3351426, -6.441801, -0.7104305]"
an attorney brought an engine to me .,the partner sold you the coffee .,PD,DO,BRING,SELL,A,THE,to,to,-38.367774963378906,"[-2.750843, -10.114687, -8.91316, -5.6755805, -2.5820773, -7.207028, -1.1244013]"
an attorney brought an engine to us .,the husband designed the card for me .,PD,PD,BRING,DESIGN,A,THE,to,for,-36.864166259765625,"[-2.7537043, -8.481948, -11.444228, -1.1101905, -7.825531, -3.1934454, -1.3624252, -0.69269615]"
an attorney brought an engine to us .,the husband designed me the card .,PD,DO,BRING,DESIGN,A,THE,to,for,-40.11524963378906,"[-2.7537043, -8.481948, -11.444228, -5.827401, -2.8313642, -6.8315067, -1.9450966]"
an attorney brought an engine to you .,the teacher sent the salad to us .,PD,PD,BRING,SEND,A,THE,to,to,-36.62006759643555,"[-2.7288322, -9.174341, -6.607049, -2.4584131, -10.831723, -0.61086786, -3.510925, -0.6979173]"
an attorney brought an engine to you .,the teacher sent us the salad .,PD,DO,BRING,SEND,A,THE,to,to,-36.555702209472656,"[-2.7288322, -9.174341, -6.607049, -3.5299215, -2.8024232, -10.607183, -1.1059519]"
an attorney brought her a card .,the son sent the salad to you .,DO,PD,BRING,SEND,A,THE,to,to,-44.597373962402344,"[-2.7633913, -7.9142523, -9.814318, -2.622169, -12.255109, -1.0891047, -7.4190664, -0.7199634]"
an attorney brought her a card .,the son sent you the salad .,DO,DO,BRING,SEND,A,THE,to,to,-41.67325973510742,"[-2.7633913, -7.9142523, -9.814318, -6.0713296, -2.7434244, -11.466818, -0.8997264]"
an attorney brought him a card .,the friend promised the chocolate to you .,DO,PD,BRING,PROMISE,A,THE,to,to,-46.50387954711914,"[-2.780032, -9.688542, -9.750281, -4.750452, -9.039441, -4.17947, -5.55438, -0.7612807]"
an attorney brought him a card .,the friend promised you the chocolate .,DO,DO,BRING,PROMISE,A,THE,to,to,-40.366661071777344,"[-2.780032, -9.688542, -9.750281, -4.9555836, -3.6856937, -8.149622, -1.356908]"
an attorney brought him a guitar .,the actor promised the box to you .,DO,PD,BRING,PROMISE,A,THE,to,to,-45.183753967285156,"[-2.8273454, -7.6993914, -8.341694, -3.737555, -9.115992, -4.0900946, -7.684045, -1.6876366]"
an attorney brought him a guitar .,the actor promised you the box .,DO,DO,BRING,PROMISE,A,THE,to,to,-40.083595275878906,"[-2.8273454, -7.6993914, -8.341694, -6.2517247, -3.5406744, -9.076989, -2.3457742]"
an attorney brought it a card .,the opponent saved the meal for them .,DO,PD,BRING,SAVE,A,THE,to,for,-44.136199951171875,"[-2.6945972, -10.217003, -11.370876, -1.5338489, -10.723688, -2.6302948, -4.4402385, -0.52565485]"
an attorney brought it a card .,the opponent saved them the meal .,DO,DO,BRING,SAVE,A,THE,to,for,-43.38693618774414,"[-2.6945972, -10.217003, -11.370876, -5.0789957, -3.392034, -10.027779, -0.60565233]"
an attorney brought me a card .,the manager gave the chicken to us .,DO,PD,BRING,GIVE,A,THE,to,to,-38.555641174316406,"[-2.7685812, -8.366505, -5.8983617, -3.3163848, -9.820197, -3.3330727, -4.2194247, -0.833115]"
an attorney brought me a card .,the manager gave us the chicken .,DO,DO,BRING,GIVE,A,THE,to,to,-32.82805633544922,"[-2.7685812, -8.366505, -5.8983617, -3.3181396, -2.4242897, -8.673977, -1.3782029]"
an attorney brought me an engine .,the partner sold the coffee to you .,DO,PD,BRING,SELL,A,THE,to,to,-42.62958526611328,"[-2.781037, -10.1221, -8.776185, -2.2260149, -8.63019, -2.4085479, -6.8195477, -0.8659594]"
an attorney brought me an engine .,the partner sold you the coffee .,DO,DO,BRING,SELL,A,THE,to,to,-38.00058364868164,"[-2.781037, -10.1221, -8.776185, -5.0884914, -2.5736442, -7.5916414, -1.0674841]"
an attorney brought us a salad .,the secretary delivered the pie for him .,DO,PD,BRING,DELIVER,A,THE,to,for,-44.66442108154297,"[-2.800206, -8.758163, -10.024118, -2.2963696, -10.643073, -3.7400374, -5.485554, -0.91690135]"
an attorney brought us a salad .,the secretary delivered him the pie .,DO,DO,BRING,DELIVER,A,THE,to,for,-38.313499450683594,"[-2.800206, -8.758163, -10.024118, -6.158968, -2.9419804, -7.029624, -0.6004365]"
an attorney brought us an engine .,the husband designed the card for me .,DO,PD,BRING,DESIGN,A,THE,to,for,-37.08597183227539,"[-2.7670293, -8.64235, -10.8626, -1.098295, -7.7270803, -3.4321697, -1.6077602, -0.9486862]"
an attorney brought us an engine .,the husband designed me the card .,DO,DO,BRING,DESIGN,A,THE,to,for,-38.91956329345703,"[-2.7670293, -8.64235, -10.8626, -5.091236, -2.8877099, -6.810141, -1.8584945]"
an attorney brought you a book .,the partner caught the box for them .,DO,PD,BRING,CATCH,A,THE,to,for,-46.35699462890625,"[-2.662395, -10.100466, -8.956704, -1.8396413, -9.883215, -4.6605387, -7.418598, -0.8354346]"
an attorney brought you a book .,the partner caught them the box .,DO,DO,BRING,CATCH,A,THE,to,for,-44.23412322998047,"[-2.662395, -10.100466, -8.956704, -5.9016905, -6.0050855, -9.581214, -1.0265707]"
an attorney brought you an engine .,the teacher sent the salad to us .,DO,PD,BRING,SEND,A,THE,to,to,-38.541351318359375,"[-2.725109, -9.23333, -6.662818, -2.98828, -10.579293, -1.2636595, -3.9767928, -1.1120658]"
an attorney brought you an engine .,the teacher sent us the salad .,DO,DO,BRING,SEND,A,THE,to,to,-35.24720001220703,"[-2.725109, -9.23333, -6.662818, -2.6741827, -2.8324919, -10.090477, -1.0287899]"
an attorney caught a button for him .,the writer took the cigarette to me .,PD,PD,CATCH,TAKE,A,THE,for,to,-39.1862678527832,"[-2.8054779, -7.483996, -6.448071, -2.2611427, -10.900539, -3.8474655, -4.2993326, -1.1402432]"
an attorney caught a button for him .,the writer took me the cigarette .,PD,DO,CATCH,TAKE,A,THE,for,to,-39.58012008666992,"[-2.8054779, -7.483996, -6.448071, -3.5696774, -5.943942, -11.223833, -2.1051238]"
an attorney caught a button for them .,the actress found the instrument for me .,PD,PD,CATCH,FIND,A,THE,for,for,-39.482643127441406,"[-2.7937, -8.891401, -6.759288, -3.2926352, -9.417927, -2.8867497, -4.3846593, -1.0562854]"
an attorney caught a button for them .,the actress found me the instrument .,PD,DO,CATCH,FIND,A,THE,for,for,-43.983482360839844,"[-2.7937, -8.891401, -6.759288, -7.328533, -3.9535015, -10.84784, -3.4092197]"
an attorney caught a button for you .,the teacher found the instrument for them .,PD,PD,CATCH,FIND,A,THE,for,for,-38.99675750732422,"[-2.7633433, -9.082811, -5.6246057, -2.2648582, -8.57989, -3.637901, -6.3300266, -0.71332324]"
an attorney caught a button for you .,the teacher found them the instrument .,PD,DO,CATCH,FIND,A,THE,for,for,-44.54344177246094,"[-2.7633433, -9.082811, -5.6246057, -6.6829777, -4.695288, -12.903803, -2.7906117]"
an attorney caught a cigarette for me .,the father fed the meal to us .,PD,PD,CATCH,FEED,A,THE,for,to,-39.863059997558594,"[-2.824634, -7.0594997, -12.195347, -1.7409916, -8.719586, -1.0570357, -5.400955, -0.86500835]"
an attorney caught a cigarette for me .,the father fed us the meal .,PD,DO,CATCH,FEED,A,THE,for,to,-37.24662780761719,"[-2.824634, -7.0594997, -12.195347, -5.817664, -2.943377, -5.220442, -1.1856643]"
an attorney caught a cigarette for you .,the guest designed the crystal for them .,PD,PD,CATCH,DESIGN,A,THE,for,for,-44.406314849853516,"[-2.797672, -9.797869, -10.829713, -1.3604826, -9.8487835, -2.7942028, -5.9515996, -1.0259941]"
an attorney caught a cigarette for you .,the guest designed them the crystal .,PD,DO,CATCH,DESIGN,A,THE,for,for,-49.017921447753906,"[-2.797672, -9.797869, -10.829713, -6.2882514, -5.696684, -11.221963, -2.3857708]"
an attorney caught him a button .,the writer took the cigarette to me .,DO,PD,CATCH,TAKE,A,THE,for,to,-39.29435729980469,"[-2.789528, -7.5053544, -6.5025563, -2.3678203, -10.747593, -3.4431605, -4.786829, -1.1515138]"
an attorney caught him a button .,the writer took me the cigarette .,DO,DO,CATCH,TAKE,A,THE,for,to,-34.71288299560547,"[-2.789528, -7.5053544, -6.5025563, -3.1840367, -4.6911783, -8.868269, -1.1719644]"
an attorney caught me a cigarette .,the father fed the meal to us .,DO,PD,CATCH,FEED,A,THE,for,to,-41.34465026855469,"[-2.8027875, -7.082385, -11.926738, -1.909858, -9.1090975, -1.0071957, -6.556065, -0.95052457]"
an attorney caught me a cigarette .,the father fed us the meal .,DO,DO,CATCH,FEED,A,THE,for,to,-35.70117950439453,"[-2.8027875, -7.082385, -11.926738, -5.1751404, -3.0145478, -4.68091, -1.0186696]"
an attorney caught them a button .,the actress found the instrument for me .,DO,PD,CATCH,FIND,A,THE,for,for,-43.38908767700195,"[-2.76056, -8.767626, -6.731081, -3.4569356, -9.846888, -3.2172623, -7.011525, -1.5972106]"
an attorney caught them a button .,the actress found me the instrument .,DO,DO,CATCH,FIND,A,THE,for,for,-41.44216537475586,"[-2.76056, -8.767626, -6.731081, -7.5375185, -2.8934765, -9.620185, -3.1317196]"
an attorney caught you a button .,the teacher found the instrument for them .,DO,PD,CATCH,FIND,A,THE,for,for,-42.227806091308594,"[-2.7381258, -8.985275, -5.7086744, -2.466311, -8.339717, -4.68274, -8.120016, -1.1869444]"
an attorney caught you a button .,the teacher found them the instrument .,DO,DO,CATCH,FIND,A,THE,for,for,-41.94947814941406,"[-2.7381258, -8.985275, -5.7086744, -6.92501, -4.2878723, -11.008014, -2.2965076]"
an attorney caught you a cigarette .,the guest designed the crystal for them .,DO,PD,CATCH,DESIGN,A,THE,for,for,-45.41184997558594,"[-2.7730882, -9.746391, -10.862303, -1.3022652, -9.95491, -3.7730713, -6.02796, -0.97185934]"
an attorney caught you a cigarette .,the guest designed them the crystal .,DO,DO,CATCH,DESIGN,A,THE,for,for,-46.92393493652344,"[-2.7730882, -9.746391, -10.862303, -6.463192, -5.309967, -9.898478, -1.8705171]"
an attorney delivered a beer for him .,the mother sold the computer to us .,PD,PD,DELIVER,SELL,A,THE,for,to,-39.889156341552734,"[-2.737458, -6.6844964, -10.938349, -1.8090813, -7.7488804, -1.8538917, -7.003413, -1.1135882]"
an attorney delivered a beer for him .,the mother sold us the computer .,PD,DO,DELIVER,SELL,A,THE,for,to,-40.160552978515625,"[-2.737458, -6.6844964, -10.938349, -7.0384846, -3.1650462, -8.364416, -1.232303]"
an attorney delivered a beer for you .,the leader showed the instrument to them .,PD,PD,DELIVER,SHOW,A,THE,for,to,-41.55669403076172,"[-2.7482643, -7.0105057, -11.724797, -2.4102254, -7.99623, -2.078529, -6.9688263, -0.6193142]"
an attorney delivered a beer for you .,the leader showed them the instrument .,PD,DO,DELIVER,SHOW,A,THE,for,to,-39.63029479980469,"[-2.7482643, -7.0105057, -11.724797, -6.030041, -1.8608733, -8.965466, -1.290346]"
an attorney delivered a beer for you .,the lady threw the coffee to them .,PD,PD,DELIVER,THROW,A,THE,for,to,-39.23042297363281,"[-2.7482643, -9.347129, -8.172621, -1.8514601, -5.728389, -4.408985, -6.218315, -0.75525934]"
an attorney delivered a beer for you .,the lady threw them the coffee .,PD,DO,DELIVER,THROW,A,THE,for,to,-36.59693908691406,"[-2.7482643, -9.347129, -8.172621, -6.3527684, -3.7720227, -5.2918644, -0.91226995]"
an attorney delivered a beer for you .,the bishop threw the tea to it .,PD,PD,DELIVER,THROW,A,THE,for,to,-43.717559814453125,"[-2.7482643, -9.92651, -9.861092, -2.3310494, -7.419792, -3.7169974, -6.875216, -0.8386395]"
an attorney delivered a beer for you .,the bishop threw it the tea .,PD,DO,DELIVER,THROW,A,THE,for,to,-45.34278869628906,"[-2.7482643, -9.92651, -9.861092, -4.8374534, -5.9641113, -10.534475, -1.4708812]"
an attorney delivered a candy for her .,the son supplied the beer to me .,PD,PD,DELIVER,SUPPLY,A,THE,for,to,-37.47896194458008,"[-2.737532, -7.826584, -13.27771, -1.2520359, -5.5921946, -3.0881104, -2.9796102, -0.7251867]"
an attorney delivered a candy for her .,the son supplied me the beer .,PD,DO,DELIVER,SUPPLY,A,THE,for,to,-36.356651306152344,"[-2.737532, -7.826584, -13.27771, -3.1673276, -2.8633018, -5.3115225, -1.17267]"
an attorney delivered a candy for it .,the actor promised the box to you .,PD,PD,DELIVER,PROMISE,A,THE,for,to,-42.76715087890625,"[-2.7358892, -7.85227, -7.7807503, -3.4296217, -8.606496, -4.3390594, -6.6828938, -1.3401737]"
an attorney delivered a candy for it .,the actor promised you the box .,PD,DO,DELIVER,PROMISE,A,THE,for,to,-38.82276916503906,"[-2.7358892, -7.85227, -7.7807503, -6.1092806, -3.2626367, -8.5802355, -2.501708]"
an attorney delivered a candy for you .,the president caught the coat for her .,PD,PD,DELIVER,CATCH,A,THE,for,for,-41.22529602050781,"[-2.7573738, -6.319645, -9.363667, -2.2055728, -10.281048, -3.8045795, -4.8639436, -1.6294658]"
an attorney delivered a candy for you .,the president caught her the coat .,PD,DO,DELIVER,CATCH,A,THE,for,for,-42.93522644042969,"[-2.7573738, -6.319645, -9.363667, -4.2949133, -6.4791408, -12.378525, -1.3419613]"
an attorney delivered a cheese for her .,the soldier bought the candy for me .,PD,PD,DELIVER,BUY,A,THE,for,for,-38.30247497558594,"[-2.7376487, -10.051737, -8.506968, -1.4464235, -8.095724, -1.7069554, -4.6355085, -1.1215091]"
an attorney delivered a cheese for her .,the soldier bought me the candy .,PD,DO,DELIVER,BUY,A,THE,for,for,-39.29092788696289,"[-2.7376487, -10.051737, -8.506968, -6.4411917, -3.4646065, -6.7720385, -1.3167384]"
an attorney delivered a cheese for him .,the aunt saved the meal for you .,PD,PD,DELIVER,SAVE,A,THE,for,for,-43.6605224609375,"[-2.7544682, -10.96917, -13.324947, -1.5254257, -8.484932, -0.9165338, -5.0924172, -0.59263]"
an attorney delivered a cheese for him .,the aunt saved you the meal .,PD,DO,DELIVER,SAVE,A,THE,for,for,-48.384765625,"[-2.7544682, -10.96917, -13.324947, -6.132127, -3.2215736, -10.892261, -1.0902152]"
an attorney delivered a cheese for me .,the singer kept the button for them .,PD,PD,DELIVER,KEEP,A,THE,for,for,-43.74883270263672,"[-2.7375104, -8.80574, -7.8983936, -3.092077, -8.420147, -4.4287877, -7.108487, -1.2576883]"
an attorney delivered a cheese for me .,the singer kept them the button .,PD,DO,DELIVER,KEEP,A,THE,for,for,-46.82537078857422,"[-2.7375104, -8.80574, -7.8983936, -6.8368397, -6.288412, -11.957069, -2.3014028]"
an attorney delivered a cheese for us .,the president got the beer for him .,PD,PD,DELIVER,GET,A,THE,for,for,-35.92071533203125,"[-2.7588372, -6.2214694, -7.3979673, -2.6619415, -8.147168, -2.4987226, -5.493428, -0.7411827]"
an attorney delivered a cheese for us .,the president got him the beer .,PD,DO,DELIVER,GET,A,THE,for,for,-34.36956024169922,"[-2.7588372, -6.2214694, -7.3979673, -6.270755, -3.8672616, -6.858214, -0.99505496]"
an attorney delivered a cheese for us .,the actor sold the knife to me .,PD,PD,DELIVER,SELL,A,THE,for,to,-37.640533447265625,"[-2.7588372, -7.8914156, -9.740141, -1.7986723, -7.9473763, -1.1468124, -4.9569874, -1.4002919]"
an attorney delivered a cheese for us .,the actor sold me the knife .,PD,DO,DELIVER,SELL,A,THE,for,to,-36.84825897216797,"[-2.7588372, -7.8914156, -9.740141, -5.86037, -2.589426, -6.619549, -1.388519]"
an attorney delivered a chicken for me .,the uncle took the plate to you .,PD,PD,DELIVER,TAKE,A,THE,for,to,-40.659385681152344,"[-2.7344136, -10.525182, -7.14543, -1.9820185, -6.8497314, -2.6433387, -7.865778, -0.9134914]"
an attorney delivered a chicken for me .,the uncle took you the plate .,PD,DO,DELIVER,TAKE,A,THE,for,to,-44.877784729003906,"[-2.7344136, -10.525182, -7.14543, -6.687624, -6.827015, -9.632274, -1.3258479]"
an attorney delivered a chicken for us .,the physician purchased the cheese for them .,PD,PD,DELIVER,PURCHASE,A,THE,for,for,-40.400394439697266,"[-2.7379308, -10.2240095, -10.788561, -1.4267274, -7.373548, -1.6083791, -5.3062825, -0.934955]"
an attorney delivered a chicken for us .,the physician purchased them the cheese .,PD,DO,DELIVER,PURCHASE,A,THE,for,for,-45.65447998046875,"[-2.7379308, -10.2240095, -10.788561, -6.2281895, -5.78496, -8.351352, -1.539478]"
an attorney delivered a chocolate for you .,the winner fed the pie to me .,PD,PD,DELIVER,FEED,A,THE,for,to,-42.02501678466797,"[-2.696554, -8.627058, -14.12532, -1.2310039, -7.957527, -2.5959375, -3.9903924, -0.8012215]"
an attorney delivered a chocolate for you .,the winner fed me the pie .,PD,DO,DELIVER,FEED,A,THE,for,to,-39.34419250488281,"[-2.696554, -8.627058, -14.12532, -3.6619549, -2.9946957, -6.3621206, -0.8764907]"
an attorney delivered a coffee for it .,the professor purchased the beer for us .,PD,PD,DELIVER,PURCHASE,A,THE,for,for,-36.85687255859375,"[-2.708906, -8.466499, -10.47525, -1.6023595, -5.4783688, -1.9356316, -5.3019657, -0.8878909]"
an attorney delivered a coffee for it .,the professor purchased us the beer .,PD,DO,DELIVER,PURCHASE,A,THE,for,for,-39.14512634277344,"[-2.708906, -8.466499, -10.47525, -8.566605, -3.8200026, -3.7659085, -1.341958]"
an attorney delivered a coffee for me .,the son sent the salad to you .,PD,PD,DELIVER,SEND,A,THE,for,to,-42.9586181640625,"[-2.7475166, -8.017563, -9.348903, -2.7537513, -11.0530205, -1.1613393, -7.073079, -0.80344903]"
an attorney delivered a coffee for me .,the son sent you the salad .,PD,DO,DELIVER,SEND,A,THE,for,to,-39.44994354248047,"[-2.7475166, -8.017563, -9.348903, -5.941501, -2.6207478, -9.496987, -1.2767282]"
an attorney delivered a coffee for me .,the sheriff promised the beer to you .,PD,PD,DELIVER,PROMISE,A,THE,for,to,-41.463592529296875,"[-2.7475166, -8.352714, -7.821231, -3.3262882, -9.54647, -3.1394596, -5.772773, -0.75714266]"
an attorney delivered a coffee for me .,the sheriff promised you the beer .,PD,DO,DELIVER,PROMISE,A,THE,for,to,-36.13801193237305,"[-2.7475166, -8.352714, -7.821231, -5.481333, -3.2847385, -7.4551754, -0.99530363]"
an attorney delivered a coffee for them .,the woman made the hat for it .,PD,PD,DELIVER,MAKE,A,THE,for,for,-39.32149887084961,"[-2.7278504, -6.7412457, -6.9388437, -2.3940687, -9.39945, -3.2782292, -7.066655, -0.7751547]"
an attorney delivered a coffee for them .,the woman made it the hat .,PD,DO,DELIVER,MAKE,A,THE,for,for,-38.20464324951172,"[-2.7278504, -6.7412457, -6.9388437, -3.6020403, -7.0013494, -8.601732, -2.5915794]"
an attorney delivered a coffee for us .,the adult made the guitar for him .,PD,PD,DELIVER,MAKE,A,THE,for,for,-40.921146392822266,"[-2.7905838, -10.185741, -8.244273, -2.9512014, -8.917638, -3.441279, -3.541889, -0.8485422]"
an attorney delivered a coffee for us .,the adult made him the guitar .,PD,DO,DELIVER,MAKE,A,THE,for,for,-41.63319396972656,"[-2.7905838, -10.185741, -8.244273, -4.4446735, -5.0640354, -9.114392, -1.7894945]"
an attorney delivered a coffee for you .,the soldier drew the crystal for them .,PD,PD,DELIVER,DRAW,A,THE,for,for,-45.38987731933594,"[-2.75472, -10.333427, -7.0920305, -2.8666358, -10.496664, -4.413557, -6.5527267, -0.88011587]"
an attorney delivered a coffee for you .,the soldier drew them the crystal .,PD,DO,DELIVER,DRAW,A,THE,for,for,-44.03289031982422,"[-2.75472, -10.333427, -7.0920305, -7.159518, -4.586419, -9.643633, -2.4631414]"
an attorney delivered an iron for them .,the champion designed the coat for you .,PD,PD,DELIVER,DESIGN,A,THE,for,for,-43.971649169921875,"[-2.7380955, -10.415773, -10.77533, -1.7259144, -9.8312645, -1.9595344, -5.833103, -0.69263554]"
an attorney delivered an iron for them .,the champion designed you the coat .,PD,DO,DELIVER,DESIGN,A,THE,for,for,-47.80458068847656,"[-2.7380955, -10.415773, -10.77533, -6.8980803, -5.240767, -10.361744, -1.3747896]"
an attorney delivered an iron for us .,the scientist supplied the tea to you .,PD,PD,DELIVER,SUPPLY,A,THE,for,to,-41.536170959472656,"[-2.7350383, -9.8408985, -9.929222, -1.5449666, -8.467854, -2.901646, -5.4695935, -0.6469538]"
an attorney delivered an iron for us .,the scientist supplied you the tea .,PD,DO,DELIVER,SUPPLY,A,THE,for,to,-43.784576416015625,"[-2.7350383, -9.8408985, -9.929222, -6.02483, -6.1839585, -7.857614, -1.2130177]"
an attorney delivered an iron for us .,the opponent supplied the juice to me .,PD,PD,DELIVER,SUPPLY,A,THE,for,to,-39.72722625732422,"[-2.7350383, -10.4057865, -9.55045, -1.4430654, -7.355604, -2.907205, -4.6736026, -0.65647334]"
an attorney delivered an iron for us .,the opponent supplied me the juice .,PD,DO,DELIVER,SUPPLY,A,THE,for,to,-37.56380844116211,"[-2.7350383, -10.4057865, -9.55045, -3.9331043, -3.4152906, -6.422723, -1.1014141]"
an attorney delivered an iron for you .,the army designed the engine for them .,PD,PD,DELIVER,DESIGN,A,THE,for,for,-38.00456237792969,"[-2.7137465, -9.299698, -9.563183, -1.4929733, -7.0682516, -1.8424401, -5.2921057, -0.73216176]"
an attorney delivered an iron for you .,the army designed them the engine .,PD,DO,DELIVER,DESIGN,A,THE,for,for,-46.46656036376953,"[-2.7137465, -9.299698, -9.563183, -5.7295685, -5.788703, -10.22389, -3.14777]"
an attorney delivered her a candy .,the son supplied the beer to me .,DO,PD,DELIVER,SUPPLY,A,THE,for,to,-37.45842742919922,"[-2.8198233, -7.786891, -12.9526, -1.6401732, -5.9739537, -2.093709, -3.4427218, -0.74855804]"
an attorney delivered her a candy .,the son supplied me the beer .,DO,DO,DELIVER,SUPPLY,A,THE,for,to,-34.941741943359375,"[-2.8198233, -7.786891, -12.9526, -2.249428, -3.2810576, -4.941414, -0.9105295]"
an attorney delivered her a cheese .,the soldier bought the candy for me .,DO,PD,DELIVER,BUY,A,THE,for,for,-38.35788345336914,"[-2.7832274, -9.999113, -8.599529, -1.7919328, -7.2136908, -2.6466134, -4.183571, -1.1402055]"
an attorney delivered her a cheese .,the soldier bought me the candy .,DO,DO,DELIVER,BUY,A,THE,for,for,-38.11109924316406,"[-2.7832274, -9.999113, -8.599529, -5.8441553, -3.7983727, -6.140602, -0.9460981]"
an attorney delivered him a beer .,the mother sold the computer to us .,DO,PD,DELIVER,SELL,A,THE,for,to,-40.293487548828125,"[-2.8015957, -6.812579, -10.956167, -2.3782778, -7.8496504, -1.5602403, -6.8024263, -1.13255]"
an attorney delivered him a beer .,the mother sold us the computer .,DO,DO,DELIVER,SELL,A,THE,for,to,-40.595924377441406,"[-2.8015957, -6.812579, -10.956167, -6.520608, -3.6869936, -8.754076, -1.063903]"
an attorney delivered him a cheese .,the aunt saved the meal for you .,DO,PD,DELIVER,SAVE,A,THE,for,for,-45.831329345703125,"[-2.8225648, -11.036613, -13.096679, -2.3529315, -9.204178, -1.2936224, -5.3974686, -0.62727207]"
an attorney delivered him a cheese .,the aunt saved you the meal .,DO,DO,DELIVER,SAVE,A,THE,for,for,-48.06263732910156,"[-2.8225648, -11.036613, -13.096679, -5.8177505, -3.6530333, -10.818757, -0.8172404]"
an attorney delivered it a candy .,the actor promised the box to you .,DO,PD,DELIVER,PROMISE,A,THE,for,to,-42.29156494140625,"[-2.798383, -7.919324, -7.698305, -3.2718267, -8.470718, -3.5830708, -6.850782, -1.6991565]"
an attorney delivered it a candy .,the actor promised you the box .,DO,DO,DELIVER,PROMISE,A,THE,for,to,-38.109378814697266,"[-2.798383, -7.919324, -7.698305, -5.8537273, -3.325336, -8.420947, -2.0933573]"
an attorney delivered it a coffee .,the professor purchased the beer for us .,DO,PD,DELIVER,PURCHASE,A,THE,for,for,-38.01552200317383,"[-2.8121104, -8.412809, -9.955535, -1.757375, -5.8302717, -2.5708203, -5.078783, -1.5978168]"
an attorney delivered it a coffee .,the professor purchased us the beer .,DO,DO,DELIVER,PURCHASE,A,THE,for,for,-39.08035659790039,"[-2.8121104, -8.412809, -9.955535, -8.372206, -4.0337267, -3.9917278, -1.5022415]"
an attorney delivered me a cheese .,the singer kept the button for them .,DO,PD,DELIVER,KEEP,A,THE,for,for,-45.06825256347656,"[-2.796788, -8.734367, -7.8495126, -3.859273, -8.356308, -5.083431, -7.1188006, -1.2697732]"
an attorney delivered me a cheese .,the singer kept them the button .,DO,DO,DELIVER,KEEP,A,THE,for,for,-46.50396728515625,"[-2.796788, -8.734367, -7.8495126, -7.108617, -6.63139, -11.71503, -1.6682615]"
an attorney delivered me a chicken .,the uncle took the plate to you .,DO,PD,DELIVER,TAKE,A,THE,for,to,-41.07170867919922,"[-2.7641993, -10.584025, -7.008264, -2.3188019, -7.0136166, -2.7103405, -7.7602324, -0.91223073]"
an attorney delivered me a chicken .,the uncle took you the plate .,DO,DO,DELIVER,TAKE,A,THE,for,to,-44.36996078491211,"[-2.7641993, -10.584025, -7.008264, -6.6968794, -7.0935187, -9.221491, -1.0015838]"
an attorney delivered me a coffee .,the son sent the salad to you .,DO,PD,DELIVER,SEND,A,THE,for,to,-44.23930358886719,"[-2.8128169, -7.945108, -9.309713, -3.8206012, -11.410748, -0.8866465, -7.262279, -0.7913915]"
an attorney delivered me a coffee .,the son sent you the salad .,DO,DO,DELIVER,SEND,A,THE,for,to,-39.226097106933594,"[-2.8128169, -7.945108, -9.309713, -6.293794, -3.1086345, -8.772905, -0.9831268]"
an attorney delivered me a coffee .,the sheriff promised the beer to you .,DO,PD,DELIVER,PROMISE,A,THE,for,to,-42.94038009643555,"[-2.8128169, -8.19847, -7.761758, -3.532232, -10.285309, -3.0447993, -6.4796524, -0.82534266]"
an attorney delivered me a coffee .,the sheriff promised you the beer .,DO,DO,DELIVER,PROMISE,A,THE,for,to,-35.85206604003906,"[-2.8128169, -8.19847, -7.761758, -5.2993546, -3.679069, -7.3553743, -0.7452249]"
an attorney delivered them a coffee .,the woman made the hat for it .,DO,PD,DELIVER,MAKE,A,THE,for,for,-41.359107971191406,"[-2.8408728, -6.837448, -6.947109, -2.5160594, -9.562549, -4.50137, -7.384587, -0.7691113]"
an attorney delivered them a coffee .,the woman made it the hat .,DO,DO,DELIVER,MAKE,A,THE,for,for,-37.92051696777344,"[-2.8408728, -6.837448, -6.947109, -3.295053, -7.372702, -7.795314, -2.8320196]"
an attorney delivered them an iron .,the champion designed the coat for you .,DO,PD,DELIVER,DESIGN,A,THE,for,for,-45.440895080566406,"[-2.7906423, -10.416224, -10.851473, -1.8105654, -9.4492, -2.8325262, -6.405599, -0.88466686]"
an attorney delivered them an iron .,the champion designed you the coat .,DO,DO,DELIVER,DESIGN,A,THE,for,for,-45.82255554199219,"[-2.7906423, -10.416224, -10.851473, -6.512751, -4.728899, -9.332338, -1.1902274]"
an attorney delivered us a cheese .,the president got the beer for him .,DO,PD,DELIVER,GET,A,THE,for,for,-37.75688171386719,"[-2.8065248, -6.2614346, -7.309176, -2.93931, -7.852533, -3.9505754, -5.922885, -0.7144465]"
an attorney delivered us a cheese .,the president got him the beer .,DO,DO,DELIVER,GET,A,THE,for,for,-32.85865020751953,"[-2.8065248, -6.2614346, -7.309176, -5.834878, -4.1882296, -5.713166, -0.7452402]"
an attorney delivered us a cheese .,the actor sold the knife to me .,DO,PD,DELIVER,SELL,A,THE,for,to,-37.800880432128906,"[-2.8065248, -7.8917727, -9.785395, -2.1720586, -7.857719, -0.84693015, -4.9991183, -1.4413629]"
an attorney delivered us a cheese .,the actor sold me the knife .,DO,DO,DELIVER,SELL,A,THE,for,to,-35.844703674316406,"[-2.8065248, -7.8917727, -9.785395, -4.617577, -3.3435693, -6.4416256, -0.95823944]"
an attorney delivered us a chicken .,the physician purchased the cheese for them .,DO,PD,DELIVER,PURCHASE,A,THE,for,for,-43.07120895385742,"[-2.7695003, -10.091995, -10.645544, -1.6518487, -7.3951397, -2.9733174, -6.5241785, -1.0196831]"
an attorney delivered us a chicken .,the physician purchased them the cheese .,DO,DO,DELIVER,PURCHASE,A,THE,for,for,-44.20628356933594,"[-2.7695003, -10.091995, -10.645544, -6.098301, -5.678873, -8.059122, -0.86294895]"
an attorney delivered us a coffee .,the adult made the guitar for him .,DO,PD,DELIVER,MAKE,A,THE,for,for,-41.49412155151367,"[-2.8165393, -10.196784, -8.210808, -3.118235, -9.049585, -4.2085958, -3.1249933, -0.76858145]"
an attorney delivered us a coffee .,the adult made him the guitar .,DO,DO,DELIVER,MAKE,A,THE,for,for,-41.134483337402344,"[-2.8165393, -10.196784, -8.210808, -4.0399194, -5.317587, -9.142398, -1.4104466]"
an attorney delivered us an iron .,the scientist supplied the tea to you .,DO,PD,DELIVER,SUPPLY,A,THE,for,to,-41.48644256591797,"[-2.7992966, -9.875612, -9.809435, -2.0355215, -7.9376388, -2.926466, -5.4667063, -0.63576347]"
an attorney delivered us an iron .,the scientist supplied you the tea .,DO,DO,DELIVER,SUPPLY,A,THE,for,to,-41.19664764404297,"[-2.7992966, -9.875612, -9.809435, -4.8721237, -6.0344763, -6.867589, -0.9381162]"
an attorney delivered us an iron .,the opponent supplied the juice to me .,DO,PD,DELIVER,SUPPLY,A,THE,for,to,-40.52241516113281,"[-2.7992966, -10.330198, -9.692018, -1.6335543, -7.784302, -2.8037767, -4.8417454, -0.6375239]"
an attorney delivered us an iron .,the opponent supplied me the juice .,DO,DO,DELIVER,SUPPLY,A,THE,for,to,-37.73792266845703,"[-2.7992966, -10.330198, -9.692018, -3.5311136, -3.4633603, -7.0305667, -0.891367]"
an attorney delivered you a beer .,the leader showed the instrument to them .,DO,PD,DELIVER,SHOW,A,THE,for,to,-43.3341178894043,"[-2.7727544, -7.0507855, -11.811556, -3.0885863, -10.033143, -1.7034501, -6.2444077, -0.6294356]"
an attorney delivered you a beer .,the leader showed them the instrument .,DO,DO,DELIVER,SHOW,A,THE,for,to,-38.895076751708984,"[-2.7727544, -7.0507855, -11.811556, -5.35947, -1.9858546, -8.88647, -1.0281851]"
an attorney delivered you a beer .,the lady threw the coffee to them .,DO,PD,DELIVER,THROW,A,THE,for,to,-39.01276779174805,"[-2.7727544, -9.279039, -7.6061406, -1.9127305, -5.3828087, -4.645915, -6.8081403, -0.6052391]"
an attorney delivered you a beer .,the lady threw them the coffee .,DO,DO,DELIVER,THROW,A,THE,for,to,-34.188880920410156,"[-2.7727544, -9.279039, -7.6061406, -6.3403797, -3.559708, -4.1150794, -0.5157776]"
an attorney delivered you a beer .,the bishop threw the tea to it .,DO,PD,DELIVER,THROW,A,THE,for,to,-42.58766174316406,"[-2.7727544, -9.7188635, -9.494961, -2.2334242, -7.3313785, -3.440348, -6.8829536, -0.71297735]"
an attorney delivered you a beer .,the bishop threw it the tea .,DO,DO,DELIVER,THROW,A,THE,for,to,-43.5352668762207,"[-2.7727544, -9.7188635, -9.494961, -4.5961056, -6.154869, -10.116643, -0.68107116]"
an attorney delivered you a candy .,the president caught the coat for her .,DO,PD,DELIVER,CATCH,A,THE,for,for,-41.70256042480469,"[-2.8141932, -6.237229, -9.2373905, -2.445154, -9.912279, -4.7580276, -4.6898413, -1.6084453]"
an attorney delivered you a candy .,the president caught her the coat .,DO,DO,DELIVER,CATCH,A,THE,for,for,-42.36787414550781,"[-2.8141932, -6.237229, -9.2373905, -4.2334576, -6.6417475, -12.009587, -1.1942692]"
an attorney delivered you a chocolate .,the winner fed the pie to me .,DO,PD,DELIVER,FEED,A,THE,for,to,-42.67044448852539,"[-2.7516344, -8.432326, -13.995975, -1.3891191, -8.326984, -2.5385976, -4.465273, -0.77053523]"
an attorney delivered you a chocolate .,the winner fed me the pie .,DO,DO,DELIVER,FEED,A,THE,for,to,-38.2651481628418,"[-2.7516344, -8.432326, -13.995975, -3.0526533, -3.4273727, -5.9478245, -0.65736103]"
an attorney delivered you a coffee .,the soldier drew the crystal for them .,DO,PD,DELIVER,DRAW,A,THE,for,for,-46.845481872558594,"[-2.7970967, -10.196375, -7.026542, -3.0280857, -10.951688, -5.1430426, -6.830863, -0.8717875]"
an attorney delivered you a coffee .,the soldier drew them the crystal .,DO,DO,DELIVER,DRAW,A,THE,for,for,-44.329505920410156,"[-2.7970967, -10.196375, -7.026542, -7.0965557, -4.922687, -10.164053, -2.1261978]"
an attorney delivered you an iron .,the army designed the engine for them .,DO,PD,DELIVER,DESIGN,A,THE,for,for,-39.131248474121094,"[-2.7883992, -9.157262, -9.39182, -1.6988044, -6.9684143, -2.3314662, -5.9672093, -0.82787514]"
an attorney delivered you an iron .,the army designed them the engine .,DO,DO,DELIVER,DESIGN,A,THE,for,for,-44.836082458496094,"[-2.7883992, -9.157262, -9.39182, -5.3546004, -5.995842, -10.052838, -2.0953217]"
an attorney designed an instrument for her .,the employer fed the meal to you .,PD,PD,DESIGN,FEED,A,THE,for,to,-43.00062561035156,"[-2.8117127, -9.909819, -13.50779, -1.7977874, -6.451924, -1.4982871, -6.242743, -0.7805637]"
an attorney designed an instrument for her .,the employer fed you the meal .,PD,DO,DESIGN,FEED,A,THE,for,to,-37.31993865966797,"[-2.8117127, -9.909819, -13.50779, -3.1332662, -2.7726655, -4.017689, -1.1669942]"
an attorney designed an instrument for them .,the lady brought the cigarette to you .,PD,PD,DESIGN,BRING,A,THE,for,to,-38.35466766357422,"[-2.7993941, -9.581547, -7.9511194, -2.814847, -8.059356, -1.5592169, -4.9130917, -0.6760976]"
an attorney designed an instrument for them .,the lady brought you the cigarette .,PD,DO,DESIGN,BRING,A,THE,for,to,-37.322139739990234,"[-2.7993941, -9.581547, -7.9511194, -3.6279554, -2.3423834, -9.737134, -1.2826089]"
an attorney designed her an instrument .,the employer fed the meal to you .,DO,PD,DESIGN,FEED,A,THE,for,to,-43.20032501220703,"[-2.8310184, -9.760164, -13.458854, -1.9262565, -7.2394333, -1.8687464, -5.298561, -0.8172948]"
an attorney designed her an instrument .,the employer fed you the meal .,DO,DO,DESIGN,FEED,A,THE,for,to,-37.47636795043945,"[-2.8310184, -9.760164, -13.458854, -2.8015256, -2.8270035, -4.794718, -1.0030856]"
an attorney designed them an instrument .,the lady brought the cigarette to you .,DO,PD,DESIGN,BRING,A,THE,for,to,-38.9820671081543,"[-2.8303204, -9.650759, -7.54899, -2.691828, -7.812657, -1.7258221, -5.8815994, -0.84009147]"
an attorney designed them an instrument .,the lady brought you the cigarette .,DO,DO,DESIGN,BRING,A,THE,for,to,-36.25871276855469,"[-2.8303204, -9.650759, -7.54899, -3.9919121, -2.3534918, -8.660101, -1.2231404]"
an attorney drew a hat for them .,the reader found the wire for her .,PD,PD,DRAW,FIND,A,THE,for,for,-44.94252014160156,"[-2.7834375, -9.22479, -5.922772, -1.9420764, -12.791607, -4.563656, -4.31536, -3.398819]"
an attorney drew a hat for them .,the reader found her the wire .,PD,DO,DRAW,FIND,A,THE,for,for,-44.815731048583984,"[-2.7834375, -9.22479, -5.922772, -7.843067, -7.0155277, -10.763091, -1.2630469]"
an attorney drew a hat for them .,the husband got the cigarette for us .,PD,PD,DRAW,GET,A,THE,for,for,-39.368194580078125,"[-2.7834375, -8.534324, -7.6412916, -2.6230266, -8.983002, -4.0265737, -3.9769273, -0.79961103]"
an attorney drew a hat for them .,the husband got us the cigarette .,PD,DO,DRAW,GET,A,THE,for,for,-39.437828063964844,"[-2.7834375, -8.534324, -7.6412916, -6.4227505, -3.5852613, -9.245027, -1.2257352]"
an attorney drew an instrument for him .,the manager bought the cheese for me .,PD,PD,DRAW,BUY,A,THE,for,for,-37.91425704956055,"[-2.7969134, -8.393629, -8.764692, -1.4750079, -10.573537, -2.3660333, -2.2689002, -1.2755439]"
an attorney drew an instrument for him .,the manager bought me the cheese .,PD,DO,DRAW,BUY,A,THE,for,for,-38.29283142089844,"[-2.7969134, -8.393629, -8.764692, -4.2355003, -3.3966825, -8.813894, -1.8915178]"
an attorney drew him an instrument .,the manager bought the cheese for me .,DO,PD,DRAW,BUY,A,THE,for,for,-39.2718505859375,"[-2.8087482, -8.411502, -8.57139, -1.9617227, -10.427804, -2.974266, -2.8296578, -1.2867573]"
an attorney drew him an instrument .,the manager bought me the cheese .,DO,DO,DRAW,BUY,A,THE,for,for,-36.756378173828125,"[-2.8087482, -8.411502, -8.57139, -3.1903224, -3.416848, -8.861967, -1.4956023]"
an attorney drew them a hat .,the reader found the wire for her .,DO,PD,DRAW,FIND,A,THE,for,for,-46.133888244628906,"[-2.7737653, -9.076918, -6.168934, -2.1712995, -12.438503, -5.2592325, -4.2955403, -3.949697]"
an attorney drew them a hat .,the reader found her the wire .,DO,DO,DRAW,FIND,A,THE,for,for,-43.69354248046875,"[-2.7737653, -9.076918, -6.168934, -7.464969, -6.7023325, -10.314768, -1.1918572]"
an attorney drew them a hat .,the husband got the cigarette for us .,DO,PD,DRAW,GET,A,THE,for,for,-40.986724853515625,"[-2.7737653, -8.557695, -7.1063967, -2.5960696, -8.837482, -5.4036503, -4.826893, -0.88476944]"
an attorney drew them a hat .,the husband got us the cigarette .,DO,DO,DRAW,GET,A,THE,for,for,-37.40657043457031,"[-2.7737653, -8.557695, -7.1063967, -5.8291035, -3.3243294, -8.848431, -0.96685153]"
an attorney fed a cheese to him .,the prince purchased the chicken for us .,PD,PD,FEED,PURCHASE,A,THE,to,for,-40.894432067871094,"[-2.7903166, -9.994261, -9.735826, -1.5655336, -7.2889175, -2.447436, -5.8210144, -1.2511238]"
an attorney fed a cheese to him .,the prince purchased us the chicken .,PD,DO,FEED,PURCHASE,A,THE,to,for,-42.82963562011719,"[-2.7903166, -9.994261, -9.735826, -8.516812, -3.4201882, -6.501009, -1.8712261]"
an attorney fed a chocolate to her .,the buddy bought the coffee for me .,PD,PD,FEED,BUY,A,THE,to,for,-38.9134521484375,"[-2.7416437, -12.783848, -9.081377, -2.1105325, -5.670127, -3.0367737, -2.5312476, -0.95790356]"
an attorney fed a chocolate to her .,the buddy bought me the coffee .,PD,DO,FEED,BUY,A,THE,to,for,-38.03516387939453,"[-2.7416437, -12.783848, -9.081377, -3.644696, -3.3374455, -5.206607, -1.2395457]"
an attorney fed a chocolate to you .,the lady bought the cup for me .,PD,PD,FEED,BUY,A,THE,to,for,-35.2689208984375,"[-2.7412877, -9.41894, -9.707893, -1.9336303, -5.4260707, -3.397431, -1.7394085, -0.9042597]"
an attorney fed a chocolate to you .,the lady bought me the cup .,PD,DO,FEED,BUY,A,THE,to,for,-35.23175811767578,"[-2.7412877, -9.41894, -9.707893, -2.9844108, -3.3681557, -5.200158, -1.8109119]"
an attorney fed a pie to me .,the pilot made the coat for it .,PD,PD,FEED,MAKE,A,THE,to,for,-48.00684356689453,"[-2.7741046, -8.638672, -7.7553215, -2.9055574, -13.557896, -4.0311594, -6.678367, -1.6657689]"
an attorney fed a pie to me .,the pilot made it the coat .,PD,DO,FEED,MAKE,A,THE,to,for,-47.400146484375,"[-2.7741046, -8.638672, -7.7553215, -2.190543, -6.732621, -14.18726, -5.1216264]"
an attorney fed a pie to us .,the worker promised the candy to them .,PD,PD,FEED,PROMISE,A,THE,to,to,-41.801979064941406,"[-2.7612536, -10.012188, -8.580108, -3.6892323, -9.890396, -1.9443868, -3.890594, -1.0338188]"
an attorney fed a pie to us .,the worker promised them the candy .,PD,DO,FEED,PROMISE,A,THE,to,to,-41.67958068847656,"[-2.7612536, -10.012188, -8.580108, -5.543511, -3.4632766, -9.540337, -1.7789072]"
an attorney fed a salad to him .,the parent took the television to you .,PD,PD,FEED,TAKE,A,THE,to,to,-42.375030517578125,"[-2.8076952, -8.74109, -9.342316, -2.23335, -7.4467564, -1.9155865, -8.716133, -1.1721023]"
an attorney fed a salad to him .,the parent took you the television .,PD,DO,FEED,TAKE,A,THE,to,to,-47.962310791015625,"[-2.8076952, -8.74109, -9.342316, -7.0121307, -6.941659, -9.899004, -3.218415]"
an attorney fed a salad to me .,the lady made the engine for him .,PD,PD,FEED,MAKE,A,THE,to,for,-44.481964111328125,"[-2.7983184, -9.3874035, -7.223547, -2.6480875, -11.372875, -5.6677313, -4.4402447, -0.94375193]"
an attorney fed a salad to me .,the lady made him the engine .,PD,DO,FEED,MAKE,A,THE,to,for,-42.67427062988281,"[-2.7983184, -9.3874035, -7.223547, -5.1763115, -5.8397775, -11.142389, -1.1065222]"
an attorney fed her a chocolate .,the buddy bought the coffee for me .,DO,PD,FEED,BUY,A,THE,to,for,-39.20641326904297,"[-2.7701519, -12.536655, -8.861073, -2.4012475, -5.7854805, -3.2937207, -2.6896133, -0.8684743]"
an attorney fed her a chocolate .,the buddy bought me the coffee .,DO,DO,FEED,BUY,A,THE,to,for,-36.820777893066406,"[-2.7701519, -12.536655, -8.861073, -3.2261853, -3.6406212, -4.933638, -0.85245633]"
an attorney fed him a cheese .,the prince purchased the chicken for us .,DO,PD,FEED,PURCHASE,A,THE,to,for,-41.12761688232422,"[-2.827298, -9.922468, -9.924232, -1.8041914, -6.6569357, -2.714941, -6.1963806, -1.0811684]"
an attorney fed him a cheese .,the prince purchased us the chicken .,DO,DO,FEED,PURCHASE,A,THE,to,for,-40.406150817871094,"[-2.827298, -9.922468, -9.924232, -7.2760143, -3.6482882, -5.7993236, -1.0085255]"
an attorney fed him a salad .,the parent took the television to you .,DO,PD,FEED,TAKE,A,THE,to,to,-42.06356430053711,"[-2.8406134, -8.779458, -8.489146, -2.2924128, -7.611653, -2.247879, -8.726331, -1.0760714]"
an attorney fed him a salad .,the parent took you the television .,DO,DO,FEED,TAKE,A,THE,to,to,-45.11595916748047,"[-2.8406134, -8.779458, -8.489146, -6.117999, -6.966264, -10.021017, -1.9014597]"
an attorney fed me a pie .,the pilot made the coat for it .,DO,PD,FEED,MAKE,A,THE,to,for,-46.49769973754883,"[-2.790326, -8.616513, -6.768775, -2.6776347, -13.63146, -4.4677067, -6.2094774, -1.3358078]"
an attorney fed me a pie .,the pilot made it the coat .,DO,DO,FEED,MAKE,A,THE,to,for,-43.54035186767578,"[-2.790326, -8.616513, -6.768775, -2.2746043, -6.620123, -12.828736, -3.6412745]"
an attorney fed me a salad .,the lady made the engine for him .,DO,PD,FEED,MAKE,A,THE,to,for,-44.65044021606445,"[-2.827056, -9.324826, -7.2355547, -3.0176823, -10.516821, -5.92393, -4.8133326, -0.99123865]"
an attorney fed me a salad .,the lady made him the engine .,DO,DO,FEED,MAKE,A,THE,to,for,-41.78233337402344,"[-2.827056, -9.324826, -7.2355547, -4.506811, -6.206602, -10.778978, -0.9025032]"
an attorney fed us a pie .,the worker promised the candy to them .,DO,PD,FEED,PROMISE,A,THE,to,to,-42.9841194152832,"[-2.7897108, -9.969992, -8.601721, -3.4465325, -9.485282, -2.4379287, -5.179157, -1.0737956]"
an attorney fed us a pie .,the worker promised them the candy .,DO,DO,FEED,PROMISE,A,THE,to,to,-38.25074768066406,"[-2.7897108, -9.969992, -8.601721, -4.3803215, -3.483553, -7.7515755, -1.2738732]"
an attorney fed you a chocolate .,the lady bought the cup for me .,DO,PD,FEED,BUY,A,THE,to,for,-35.700721740722656,"[-2.7328956, -9.391981, -9.456308, -2.2259593, -5.5362196, -3.6603456, -1.7469718, -0.9500426]"
an attorney fed you a chocolate .,the lady bought me the cup .,DO,DO,FEED,BUY,A,THE,to,for,-34.199607849121094,"[-2.7328956, -9.391981, -9.456308, -2.1532006, -3.8075612, -4.979023, -1.678638]"
an attorney gave a chicken to him .,the sheriff saved the cup for you .,PD,PD,GIVE,SAVE,A,THE,to,for,-43.064613342285156,"[-2.6760402, -8.378473, -10.035681, -1.6921217, -10.437577, -4.947459, -4.4370174, -0.46024328]"
an attorney gave a chicken to him .,the sheriff saved you the cup .,PD,DO,GIVE,SAVE,A,THE,to,for,-45.902549743652344,"[-2.6760402, -8.378473, -10.035681, -5.3925667, -5.1258593, -12.8205595, -1.4733714]"
an attorney gave a chicken to it .,the partner showed the television to them .,PD,PD,GIVE,SHOW,A,THE,to,to,-37.332496643066406,"[-2.6590545, -10.271469, -7.7644806, -2.5741677, -7.793837, -1.6664615, -3.854004, -0.74902034]"
an attorney gave a chicken to it .,the partner showed them the television .,PD,DO,GIVE,SHOW,A,THE,to,to,-35.99190139770508,"[-2.6590545, -10.271469, -7.7644806, -4.3294168, -1.6943351, -7.970613, -1.3025318]"
an attorney gave a flower to me .,the writer purchased the card for it .,PD,PD,GIVE,PURCHASE,A,THE,to,for,-39.513084411621094,"[-2.6644068, -7.4479423, -10.472475, -1.6740896, -6.184901, -2.8439157, -6.8950243, -1.3303285]"
an attorney gave a flower to me .,the writer purchased it the card .,PD,DO,GIVE,PURCHASE,A,THE,to,for,-44.09096908569336,"[-2.6644068, -7.4479423, -10.472475, -4.738596, -5.7435246, -10.738167, -2.285858]"
an attorney gave a pie to them .,the child kept the gun for me .,PD,PD,GIVE,KEEP,A,THE,to,for,-39.174530029296875,"[-2.7042909, -8.556417, -8.329198, -3.9139025, -3.9280758, -4.324814, -6.7104225, -0.7074104]"
an attorney gave a pie to them .,the child kept me the gun .,PD,DO,GIVE,KEEP,A,THE,to,for,-41.66005325317383,"[-2.7042909, -8.556417, -8.329198, -5.8130503, -7.2435465, -7.8538084, -1.1597427]"
an attorney gave a pie to us .,the physician showed the coat to me .,PD,PD,GIVE,SHOW,A,THE,to,to,-37.11389923095703,"[-2.7002873, -10.442218, -7.0567975, -2.7925384, -10.047814, -1.6377355, -1.6536347, -0.78287566]"
an attorney gave a pie to us .,the physician showed me the coat .,PD,DO,GIVE,SHOW,A,THE,to,to,-34.658939361572266,"[-2.7002873, -10.442218, -7.0567975, -1.9152582, -2.1852846, -9.040138, -1.3189533]"
an attorney gave a pie to you .,the mayor saved the chicken for us .,PD,PD,GIVE,SAVE,A,THE,to,for,-39.30787658691406,"[-2.6922245, -7.1432195, -11.350175, -1.4045337, -8.693548, -2.4884493, -5.052933, -0.48279536]"
an attorney gave a pie to you .,the mayor saved us the chicken .,PD,DO,GIVE,SAVE,A,THE,to,for,-41.1644287109375,"[-2.6922245, -7.1432195, -11.350175, -4.5304885, -4.3644276, -10.3475065, -0.7363872]"
an attorney gave a tea to her .,the brother kept the button for you .,PD,PD,GIVE,KEEP,A,THE,to,for,-43.480445861816406,"[-2.7346637, -9.219447, -9.673319, -2.6251338, -9.257372, -4.542994, -4.631446, -0.79607356]"
an attorney gave a tea to her .,the brother kept you the button .,PD,DO,GIVE,KEEP,A,THE,to,for,-48.509002685546875,"[-2.7346637, -9.219447, -9.673319, -7.152569, -6.3404083, -11.846636, -1.5419613]"
an attorney gave a tea to him .,the captain sent the cheese to us .,PD,PD,GIVE,SEND,A,THE,to,to,-38.408538818359375,"[-2.7186553, -8.576118, -7.380031, -1.9828411, -10.5395, -0.98747027, -5.417171, -0.8067489]"
an attorney gave a tea to him .,the captain sent us the cheese .,PD,DO,GIVE,SEND,A,THE,to,to,-38.19041442871094,"[-2.7186553, -8.576118, -7.380031, -5.7151055, -2.7383964, -9.683952, -1.3781539]"
an attorney gave a tea to you .,the hero saved the coffee for us .,PD,PD,GIVE,SAVE,A,THE,to,for,-39.24441909790039,"[-2.6996977, -9.8487, -8.1215725, -1.0183964, -9.88813, -3.4801373, -3.6483507, -0.53943425]"
an attorney gave a tea to you .,the hero saved us the coffee .,PD,DO,GIVE,SAVE,A,THE,to,for,-38.25017547607422,"[-2.6996977, -9.8487, -8.1215725, -4.317894, -5.031918, -7.529398, -0.70099425]"
an attorney gave her a tea .,the brother kept the button for you .,DO,PD,GIVE,KEEP,A,THE,to,for,-43.85054016113281,"[-2.7411044, -9.17094, -9.287355, -3.3219, -9.165093, -4.641772, -4.7719564, -0.750419]"
an attorney gave her a tea .,the brother kept you the button .,DO,DO,GIVE,KEEP,A,THE,to,for,-48.7366943359375,"[-2.7411044, -9.17094, -9.287355, -7.317182, -6.835242, -12.120116, -1.2647519]"
an attorney gave him a chicken .,the sheriff saved the cup for you .,DO,PD,GIVE,SAVE,A,THE,to,for,-44.875343322753906,"[-2.7177346, -8.212488, -9.678107, -2.1963677, -10.568926, -5.6743903, -5.3579106, -0.4694145]"
an attorney gave him a chicken .,the sheriff saved you the cup .,DO,DO,GIVE,SAVE,A,THE,to,for,-46.107460021972656,"[-2.7177346, -8.212488, -9.678107, -5.8881507, -5.071529, -12.730428, -1.8090217]"
an attorney gave him a tea .,the captain sent the cheese to us .,DO,PD,GIVE,SEND,A,THE,to,to,-38.759674072265625,"[-2.7455678, -8.453247, -6.9661107, -2.2265182, -10.82705, -1.2598182, -5.447905, -0.833457]"
an attorney gave him a tea .,the captain sent us the cheese .,DO,DO,GIVE,SEND,A,THE,to,to,-37.23420333862305,"[-2.7455678, -8.453247, -6.9661107, -5.31185, -3.2208831, -9.433746, -1.1027995]"
an attorney gave it a chicken .,the partner showed the television to them .,DO,PD,GIVE,SHOW,A,THE,to,to,-40.76325607299805,"[-2.6891758, -10.220013, -7.774487, -3.168834, -7.538103, -2.902623, -5.614116, -0.8559039]"
an attorney gave it a chicken .,the partner showed them the television .,DO,DO,GIVE,SHOW,A,THE,to,to,-36.12685012817383,"[-2.6891758, -10.220013, -7.774487, -4.448081, -1.9446886, -7.9785776, -1.0718272]"
an attorney gave me a flower .,the writer purchased the card for it .,DO,PD,GIVE,PURCHASE,A,THE,to,for,-40.12303161621094,"[-2.7403283, -7.252631, -9.869583, -2.2072296, -6.3480453, -2.9075587, -7.31546, -1.4821954]"
an attorney gave me a flower .,the writer purchased it the card .,DO,DO,GIVE,PURCHASE,A,THE,to,for,-43.888648986816406,"[-2.7403283, -7.252631, -9.869583, -4.8636, -6.1518207, -10.606356, -2.4043288]"
an attorney gave them a pie .,the child kept the gun for me .,DO,PD,GIVE,KEEP,A,THE,to,for,-38.77059555053711,"[-2.73549, -8.576554, -8.11104, -4.1771545, -3.6987724, -4.365828, -6.412374, -0.6933826]"
an attorney gave them a pie .,the child kept me the gun .,DO,DO,GIVE,KEEP,A,THE,to,for,-41.149864196777344,"[-2.73549, -8.576554, -8.11104, -5.7319584, -7.490285, -7.478973, -1.0255649]"
an attorney gave us a pie .,the physician showed the coat to me .,DO,PD,GIVE,SHOW,A,THE,to,to,-38.78460693359375,"[-2.7895849, -10.2866, -7.1383758, -3.626627, -10.185033, -1.7638204, -2.145489, -0.8490752]"
an attorney gave us a pie .,the physician showed me the coat .,DO,DO,GIVE,SHOW,A,THE,to,to,-33.400856018066406,"[-2.7895849, -10.2866, -7.1383758, -0.9125501, -2.4917083, -8.736351, -1.0456862]"
an attorney gave you a pie .,the mayor saved the chicken for us .,DO,PD,GIVE,SAVE,A,THE,to,for,-39.71580505371094,"[-2.7006543, -7.0392227, -11.009488, -1.5836434, -8.529981, -2.9508953, -5.391498, -0.5104213]"
an attorney gave you a pie .,the mayor saved us the chicken .,DO,DO,GIVE,SAVE,A,THE,to,for,-39.83851623535156,"[-2.7006543, -7.0392227, -11.009488, -3.9791207, -4.800671, -9.626051, -0.68330586]"
an attorney gave you a tea .,the hero saved the coffee for us .,DO,PD,GIVE,SAVE,A,THE,to,for,-40.2071418762207,"[-2.6958315, -9.919568, -7.7544355, -1.2460525, -9.832397, -4.151447, -4.052326, -0.5550847]"
an attorney gave you a tea .,the hero saved us the coffee .,DO,DO,GIVE,SAVE,A,THE,to,for,-37.8559455871582,"[-2.6958315, -9.919568, -7.7544355, -3.9508712, -5.768785, -7.2257314, -0.5407227]"
an attorney got a beer for me .,the princess made the cigarette for us .,PD,PD,GET,MAKE,A,THE,for,for,-42.308311462402344,"[-2.6568494, -11.158232, -6.4024663, -2.8010688, -10.541086, -4.3090363, -3.8614497, -0.5781242]"
an attorney got a beer for me .,the princess made us the cigarette .,PD,DO,GET,MAKE,A,THE,for,for,-44.663543701171875,"[-2.6568494, -11.158232, -6.4024663, -5.9470706, -5.5714054, -11.740594, -1.1869267]"
an attorney got a beer for me .,the priest purchased the meal for them .,PD,PD,GET,PURCHASE,A,THE,for,for,-38.75672912597656,"[-2.6568494, -10.282631, -11.191664, -1.2945086, -6.2123384, -1.3459189, -4.8795977, -0.8932233]"
an attorney got a beer for me .,the priest purchased them the meal .,PD,DO,GET,PURCHASE,A,THE,for,for,-44.44461441040039,"[-2.6568494, -10.282631, -11.191664, -6.6546254, -5.165015, -7.0923376, -1.4014913]"
an attorney got a chicken for me .,the candidate fed the cheese to him .,PD,PD,GET,FEED,A,THE,for,to,-42.343116760253906,"[-2.6736307, -9.567713, -11.548817, -1.7138317, -9.667721, -2.4141178, -3.9253044, -0.8319803]"
an attorney got a chicken for me .,the candidate fed him the cheese .,PD,DO,GET,FEED,A,THE,for,to,-38.96025848388672,"[-2.6736307, -9.567713, -11.548817, -4.9329796, -2.5653205, -6.8966846, -0.77511376]"
an attorney got a chicken for us .,the reader left the log for him .,PD,PD,GET,LEAVE,A,THE,for,for,-38.667762756347656,"[-2.686459, -9.095892, -8.329693, -1.6825637, -8.043908, -3.480659, -4.4057374, -0.94285256]"
an attorney got a chicken for us .,the reader left him the log .,PD,DO,GET,LEAVE,A,THE,for,for,-40.02226257324219,"[-2.686459, -9.095892, -8.329693, -5.2804565, -3.6495976, -9.2411585, -1.7390043]"
an attorney got a newspaper for me .,the husband left the telephone for you .,PD,PD,GET,LEAVE,A,THE,for,for,-35.78083038330078,"[-2.6531026, -8.598982, -6.468825, -1.5177023, -7.358283, -2.5667152, -5.927537, -0.68968135]"
an attorney got a newspaper for me .,the husband left you the telephone .,PD,DO,GET,LEAVE,A,THE,for,for,-36.30424880981445,"[-2.6531026, -8.598982, -6.468825, -5.8068905, -3.8927872, -7.554946, -1.3287154]"
an attorney got a salad for me .,the adult left the juice for her .,PD,PD,GET,LEAVE,A,THE,for,for,-42.542755126953125,"[-2.7177656, -10.127116, -8.417845, -2.082063, -10.9677105, -3.5228767, -2.9667652, -1.7406155]"
an attorney got a salad for me .,the adult left her the juice .,PD,DO,GET,LEAVE,A,THE,for,for,-42.4605598449707,"[-2.7177656, -10.127116, -8.417845, -3.4917462, -7.212383, -9.169019, -1.3246839]"
an attorney got a salad for us .,the aunt saved the meal for you .,PD,PD,GET,SAVE,A,THE,for,for,-43.37778854370117,"[-2.7464793, -11.249592, -13.060023, -1.6325922, -9.3897915, -0.6442634, -4.148841, -0.5062065]"
an attorney got a salad for us .,the aunt saved you the meal .,PD,DO,GET,SAVE,A,THE,for,for,-48.159217834472656,"[-2.7464793, -11.249592, -13.060023, -5.348587, -3.1940312, -11.627217, -0.93328905]"
an attorney got an instrument for her .,the scientist drew the telephone for him .,PD,PD,GET,DRAW,A,THE,for,for,-38.250457763671875,"[-2.6926668, -9.88434, -7.5963416, -2.8140626, -8.353445, -4.1018233, -2.2346616, -0.57311344]"
an attorney got an instrument for her .,the scientist drew him the telephone .,PD,DO,GET,DRAW,A,THE,for,for,-39.054054260253906,"[-2.6926668, -9.88434, -7.5963416, -6.006868, -3.5767128, -8.021459, -1.2756671]"
an attorney got an instrument for me .,the wife kept the chicken for you .,PD,PD,GET,KEEP,A,THE,for,for,-40.186912536621094,"[-2.714064, -8.026993, -9.484421, -1.9547433, -7.702945, -3.3092577, -6.241311, -0.7531788]"
an attorney got an instrument for me .,the wife kept you the chicken .,PD,DO,GET,KEEP,A,THE,for,for,-41.95951461791992,"[-2.714064, -8.026993, -9.484421, -6.5984964, -5.8353662, -8.145669, -1.1545049]"
an attorney got her an instrument .,the scientist drew the telephone for him .,DO,PD,GET,DRAW,A,THE,for,for,-39.10139465332031,"[-2.7482014, -9.744816, -7.4819727, -2.8689852, -8.332705, -4.47579, -2.75162, -0.6973024]"
an attorney got her an instrument .,the scientist drew him the telephone .,DO,DO,GET,DRAW,A,THE,for,for,-37.36772155761719,"[-2.7482014, -9.744816, -7.4819727, -5.228449, -3.346237, -7.9492593, -0.86878705]"
an attorney got me a beer .,the princess made the cigarette for us .,DO,PD,GET,MAKE,A,THE,for,for,-43.67058563232422,"[-2.6978009, -11.093996, -6.325933, -3.0253234, -10.531084, -5.432652, -3.9067621, -0.65703624]"
an attorney got me a beer .,the princess made us the cigarette .,DO,DO,GET,MAKE,A,THE,for,for,-41.349266052246094,"[-2.6978009, -11.093996, -6.325933, -4.9832673, -5.7769346, -9.838351, -0.6329859]"
an attorney got me a beer .,the priest purchased the meal for them .,DO,PD,GET,PURCHASE,A,THE,for,for,-39.25310516357422,"[-2.6978009, -10.302839, -10.768867, -1.6267587, -5.55774, -2.3959064, -4.8440247, -1.059167]"
an attorney got me a beer .,the priest purchased them the meal .,DO,DO,GET,PURCHASE,A,THE,for,for,-41.81901550292969,"[-2.6978009, -10.302839, -10.768867, -5.909992, -5.166877, -5.980196, -0.99244237]"
an attorney got me a chicken .,the candidate fed the cheese to him .,DO,PD,GET,FEED,A,THE,for,to,-42.87677001953125,"[-2.6978753, -9.629335, -11.195086, -2.1491644, -9.8611355, -2.7178264, -3.786325, -0.84002274]"
an attorney got me a chicken .,the candidate fed him the cheese .,DO,DO,GET,FEED,A,THE,for,to,-37.30857467651367,"[-2.6978753, -9.629335, -11.195086, -3.9116995, -3.2056775, -5.978115, -0.69078773]"
an attorney got me a newspaper .,the husband left the telephone for you .,DO,PD,GET,LEAVE,A,THE,for,for,-38.14923858642578,"[-2.717084, -8.634485, -6.214722, -2.1523955, -7.3445754, -3.4435582, -6.7042627, -0.93815553]"
an attorney got me a newspaper .,the husband left you the telephone .,DO,DO,GET,LEAVE,A,THE,for,for,-35.921722412109375,"[-2.717084, -8.634485, -6.214722, -5.7748833, -4.2090206, -7.2321835, -1.139343]"
an attorney got me a salad .,the adult left the juice for her .,DO,PD,GET,LEAVE,A,THE,for,for,-44.88556671142578,"[-2.7945912, -10.134171, -8.582786, -2.2972336, -11.067521, -4.4973764, -2.99228, -2.5196104]"
an attorney got me a salad .,the adult left her the juice .,DO,DO,GET,LEAVE,A,THE,for,for,-42.50860595703125,"[-2.7945912, -10.134171, -8.582786, -3.2735605, -7.886405, -8.841089, -0.99600506]"
an attorney got me an instrument .,the wife kept the chicken for you .,DO,PD,GET,KEEP,A,THE,for,for,-41.63716125488281,"[-2.7805784, -8.104851, -8.737429, -3.1668577, -7.526613, -3.7540739, -6.6971416, -0.8696151]"
an attorney got me an instrument .,the wife kept you the chicken .,DO,DO,GET,KEEP,A,THE,for,for,-41.32250213623047,"[-2.7805784, -8.104851, -8.737429, -6.3978224, -6.1209316, -8.064476, -1.116416]"
an attorney got us a chicken .,the reader left the log for him .,DO,PD,GET,LEAVE,A,THE,for,for,-39.92207336425781,"[-2.6911373, -8.955118, -7.8805137, -2.116776, -8.624897, -4.432667, -4.206547, -1.0144176]"
an attorney got us a chicken .,the reader left him the log .,DO,DO,GET,LEAVE,A,THE,for,for,-40.96503448486328,"[-2.6911373, -8.955118, -7.8805137, -5.739572, -4.001628, -10.283224, -1.4138447]"
an attorney got us a salad .,the aunt saved the meal for you .,DO,PD,GET,SAVE,A,THE,for,for,-43.700286865234375,"[-2.758022, -11.195578, -12.5690565, -1.8180412, -9.0969715, -1.2651812, -4.4155197, -0.5819138]"
an attorney got us a salad .,the aunt saved you the meal .,DO,DO,GET,SAVE,A,THE,for,for,-46.791297912597656,"[-2.758022, -11.195578, -12.5690565, -4.8535028, -3.224739, -11.452932, -0.7374688]"
an attorney kept a beer for him .,the guy gave the meal to us .,PD,PD,KEEP,GIVE,A,THE,for,to,-34.85750198364258,"[-2.6967509, -7.71835, -6.588898, -2.9235759, -9.409944, -0.925658, -3.820777, -0.77354795]"
an attorney kept a beer for him .,the guy gave us the meal .,PD,DO,KEEP,GIVE,A,THE,for,to,-31.946578979492188,"[-2.6967509, -7.71835, -6.588898, -3.2581878, -1.9773937, -8.740536, -0.966462]"
an attorney kept a beer for him .,the king fed the chicken to you .,PD,PD,KEEP,FEED,A,THE,for,to,-40.402626037597656,"[-2.6967509, -8.453439, -10.946112, -1.7619962, -6.17229, -2.9984512, -6.656438, -0.7171517]"
an attorney kept a beer for him .,the king fed you the chicken .,PD,DO,KEEP,FEED,A,THE,for,to,-36.7769775390625,"[-2.6967509, -8.453439, -10.946112, -4.905963, -2.9627428, -5.842802, -0.96916664]"
an attorney kept a beer for me .,the child got the pie for him .,PD,PD,KEEP,GET,A,THE,for,for,-38.56447219848633,"[-2.6844203, -8.490247, -7.1840725, -2.9056969, -8.458029, -3.638085, -4.6333795, -0.57054317]"
an attorney kept a beer for me .,the child got him the pie .,PD,DO,KEEP,GET,A,THE,for,for,-36.55778884887695,"[-2.6844203, -8.490247, -7.1840725, -5.657613, -3.7540436, -8.048467, -0.73892576]"
an attorney kept a beer for them .,the guy drew the newspaper for him .,PD,PD,KEEP,DRAW,A,THE,for,for,-39.51242446899414,"[-2.696194, -7.7636814, -9.2597885, -2.3403795, -9.135826, -3.141831, -4.589925, -0.58479923]"
an attorney kept a beer for them .,the guy drew him the newspaper .,PD,DO,KEEP,DRAW,A,THE,for,for,-39.55596160888672,"[-2.696194, -7.7636814, -9.2597885, -6.497652, -3.5545182, -8.396917, -1.387211]"
an attorney kept a beer for you .,the aunt supplied the chocolate to it .,PD,PD,KEEP,SUPPLY,A,THE,for,to,-46.70978546142578,"[-2.674573, -11.363041, -12.897115, -1.383736, -7.817808, -2.982215, -6.922626, -0.6686722]"
an attorney kept a beer for you .,the aunt supplied it the chocolate .,PD,DO,KEEP,SUPPLY,A,THE,for,to,-46.832862854003906,"[-2.674573, -11.363041, -12.897115, -5.208861, -6.239399, -7.3187647, -1.1311128]"
an attorney kept a cheese for it .,the physician got the tea for me .,PD,PD,KEEP,GET,A,THE,for,for,-41.07967758178711,"[-2.677353, -10.1646595, -7.8131447, -2.4553242, -8.886042, -2.260425, -5.9987545, -0.8239735]"
an attorney kept a cheese for it .,the physician got me the tea .,PD,DO,KEEP,GET,A,THE,for,for,-37.201499938964844,"[-2.677353, -10.1646595, -7.8131447, -5.849703, -2.7040474, -7.08759, -0.9050004]"
an attorney kept a cheese for me .,the cop threw the beer to you .,PD,PD,KEEP,THROW,A,THE,for,to,-40.73701095581055,"[-2.7024574, -9.923527, -9.926998, -1.8352414, -5.370246, -3.9831676, -6.230486, -0.76488745]"
an attorney kept a cheese for me .,the cop threw you the beer .,PD,DO,KEEP,THROW,A,THE,for,to,-39.41444396972656,"[-2.7024574, -9.923527, -9.926998, -6.409155, -3.4426918, -5.9241853, -1.0854311]"
an attorney kept a cheese for you .,the writer bought the motor for me .,PD,PD,KEEP,BUY,A,THE,for,for,-35.70895004272461,"[-2.6950328, -7.3637652, -10.096092, -1.9806445, -8.084944, -2.101226, -2.3795836, -1.0076631]"
an attorney kept a cheese for you .,the writer bought me the motor .,PD,DO,KEEP,BUY,A,THE,for,for,-39.29418182373047,"[-2.6950328, -7.3637652, -10.096092, -4.376791, -3.5411296, -9.219196, -2.002176]"
an attorney kept a coffee for me .,the daughter took the engine to them .,PD,PD,KEEP,TAKE,A,THE,for,to,-44.22661209106445,"[-2.7063565, -9.019444, -8.781183, -1.9908441, -9.835529, -1.8718498, -8.967032, -1.0543723]"
an attorney kept a coffee for me .,the daughter took them the engine .,PD,DO,KEEP,TAKE,A,THE,for,to,-43.59315490722656,"[-2.7063565, -9.019444, -8.781183, -6.0692697, -5.1999016, -10.321939, -1.495057]"
an attorney kept a coffee for us .,the father caught the pot for her .,PD,PD,KEEP,CATCH,A,THE,for,for,-37.78376007080078,"[-2.72748, -7.4060383, -8.73244, -1.5116656, -7.532421, -4.0582657, -4.8515005, -0.9639487]"
an attorney kept a coffee for us .,the father caught her the pot .,PD,DO,KEEP,CATCH,A,THE,for,for,-39.07524871826172,"[-2.72748, -7.4060383, -8.73244, -4.536545, -6.2220974, -8.150213, -1.3004347]"
an attorney kept him a beer .,the guy gave the meal to us .,DO,PD,KEEP,GIVE,A,THE,for,to,-35.29836654663086,"[-2.7309074, -7.555514, -6.5169597, -3.5726042, -9.395153, -0.86556804, -3.8965693, -0.7650927]"
an attorney kept him a beer .,the guy gave us the meal .,DO,DO,KEEP,GIVE,A,THE,for,to,-30.990514755249023,"[-2.7309074, -7.555514, -6.5169597, -3.5064907, -1.992784, -7.864824, -0.8230345]"
an attorney kept him a beer .,the king fed the chicken to you .,DO,PD,KEEP,FEED,A,THE,for,to,-40.718177795410156,"[-2.7309074, -8.449955, -10.624544, -1.9799594, -6.0583725, -3.3395653, -6.8978796, -0.63699454]"
an attorney kept him a beer .,the king fed you the chicken .,DO,DO,KEEP,FEED,A,THE,for,to,-35.629005432128906,"[-2.7309074, -8.449955, -10.624544, -4.490836, -3.0229292, -5.459649, -0.8501846]"
an attorney kept it a cheese .,the physician got the tea for me .,DO,PD,KEEP,GET,A,THE,for,for,-42.171173095703125,"[-2.6734257, -10.356627, -7.743361, -2.322575, -9.898337, -2.9329336, -5.431229, -0.81268364]"
an attorney kept it a cheese .,the physician got me the tea .,DO,DO,KEEP,GET,A,THE,for,for,-37.511878967285156,"[-2.6734257, -10.356627, -7.743361, -5.3568807, -2.7767458, -7.887625, -0.7172112]"
an attorney kept me a beer .,the child got the pie for him .,DO,PD,KEEP,GET,A,THE,for,for,-39.66324996948242,"[-2.6780424, -8.659943, -7.3744087, -2.8358588, -8.330204, -4.5755897, -4.6189375, -0.5902673]"
an attorney kept me a beer .,the child got him the pie .,DO,DO,KEEP,GET,A,THE,for,for,-35.774200439453125,"[-2.6780424, -8.659943, -7.3744087, -5.1310744, -3.8459177, -7.5165296, -0.56828594]"
an attorney kept me a cheese .,the cop threw the beer to you .,DO,PD,KEEP,THROW,A,THE,for,to,-40.75524139404297,"[-2.7206264, -9.925769, -9.588752, -2.115761, -5.533405, -4.340648, -5.755642, -0.7746401]"
an attorney kept me a cheese .,the cop threw you the beer .,DO,DO,KEEP,THROW,A,THE,for,to,-37.23484802246094,"[-2.7206264, -9.925769, -9.588752, -5.5967464, -2.980674, -5.5638885, -0.85839474]"
an attorney kept me a coffee .,the daughter took the engine to them .,DO,PD,KEEP,TAKE,A,THE,for,to,-45.01300811767578,"[-2.7151356, -9.035619, -9.082373, -2.1629167, -9.990922, -2.0027094, -9.028463, -0.9948701]"
an attorney kept me a coffee .,the daughter took them the engine .,DO,DO,KEEP,TAKE,A,THE,for,to,-43.83940887451172,"[-2.7151356, -9.035619, -9.082373, -5.8991256, -4.689084, -11.4835415, -0.93452704]"
an attorney kept them a beer .,the guy drew the newspaper for him .,DO,PD,KEEP,DRAW,A,THE,for,for,-40.623626708984375,"[-2.7085373, -7.6779838, -9.284007, -2.0607922, -8.983865, -3.9916854, -5.2870755, -0.6296805]"
an attorney kept them a beer .,the guy drew him the newspaper .,DO,DO,KEEP,DRAW,A,THE,for,for,-37.314151763916016,"[-2.7085373, -7.6779838, -9.284007, -6.3106203, -3.0700877, -7.356966, -0.9059479]"
an attorney kept us a coffee .,the father caught the pot for her .,DO,PD,KEEP,CATCH,A,THE,for,for,-39.96860885620117,"[-2.7342663, -7.3909516, -8.836558, -1.723453, -8.301128, -5.0565143, -4.6481676, -1.2775704]"
an attorney kept us a coffee .,the father caught her the pot .,DO,DO,KEEP,CATCH,A,THE,for,for,-37.659358978271484,"[-2.7342663, -7.3909516, -8.836558, -4.543836, -5.7017527, -7.398716, -1.0532792]"
an attorney kept you a beer .,the aunt supplied the chocolate to it .,DO,PD,KEEP,SUPPLY,A,THE,for,to,-47.64910888671875,"[-2.664444, -11.520058, -13.27152, -1.4741912, -7.9179535, -2.9132564, -7.1989546, -0.68873036]"
an attorney kept you a beer .,the aunt supplied it the chocolate .,DO,DO,KEEP,SUPPLY,A,THE,for,to,-46.748779296875,"[-2.664444, -11.520058, -13.27152, -5.2503734, -6.36594, -6.7343464, -0.9420957]"
an attorney kept you a cheese .,the writer bought the motor for me .,DO,PD,KEEP,BUY,A,THE,for,for,-37.38090896606445,"[-2.6983187, -7.2754965, -9.896772, -2.170878, -8.07495, -2.8940635, -3.260776, -1.1096551]"
an attorney kept you a cheese .,the writer bought me the motor .,DO,DO,KEEP,BUY,A,THE,for,for,-38.40876388549805,"[-2.6983187, -7.2754965, -9.896772, -3.8073182, -3.6075423, -9.413289, -1.7100271]"
an attorney left a juice for you .,the band designed the bell for him .,PD,PD,LEAVE,DESIGN,A,THE,for,for,-39.74369812011719,"[-2.6827319, -8.159735, -9.59922, -1.1864225, -9.7797785, -2.7723784, -4.675222, -0.8882109]"
an attorney left a juice for you .,the band designed him the bell .,PD,DO,LEAVE,DESIGN,A,THE,for,for,-44.821929931640625,"[-2.6827319, -8.159735, -9.59922, -7.106209, -5.129216, -10.9421835, -1.202639]"
an attorney left a pie for him .,the king sent the tea to you .,PD,PD,LEAVE,SEND,A,THE,for,to,-39.52342224121094,"[-2.6731546, -8.502992, -6.840391, -2.5714774, -9.457433, -1.7120296, -6.974628, -0.79131734]"
an attorney left a pie for him .,the king sent you the tea .,PD,DO,LEAVE,SEND,A,THE,for,to,-35.395050048828125,"[-2.6731546, -8.502992, -6.840391, -6.109224, -2.947616, -7.5551767, -0.7664969]"
an attorney left a pie for me .,the pilot took the log to you .,PD,PD,LEAVE,TAKE,A,THE,for,to,-43.460289001464844,"[-2.666355, -8.735285, -6.686898, -3.4664607, -10.050003, -3.000046, -8.001631, -0.853614]"
an attorney left a pie for me .,the pilot took you the log .,PD,DO,LEAVE,TAKE,A,THE,for,to,-45.254695892333984,"[-2.666355, -8.735285, -6.686898, -6.9778686, -6.4927063, -10.423642, -3.2719398]"
an attorney left a pie for us .,the leader kept the beer for you .,PD,PD,LEAVE,KEEP,A,THE,for,for,-44.178733825683594,"[-2.662514, -7.0443325, -15.031309, -3.0410228, -7.816896, -3.378571, -4.660815, -0.54327536]"
an attorney left a pie for us .,the leader kept you the beer .,PD,DO,LEAVE,KEEP,A,THE,for,for,-50.938819885253906,"[-2.662514, -7.0443325, -15.031309, -7.1766953, -8.382108, -9.533863, -1.1079988]"
an attorney left a wire for it .,the reader found the candy for her .,PD,PD,LEAVE,FIND,A,THE,for,for,-43.42436981201172,"[-2.6200652, -9.636934, -6.196621, -1.5975289, -14.179876, -3.7043157, -2.6179495, -2.8710814]"
an attorney left a wire for it .,the reader found her the candy .,PD,DO,LEAVE,FIND,A,THE,for,for,-44.94992446899414,"[-2.6200652, -9.636934, -6.196621, -7.693933, -6.2379045, -11.2930565, -1.2714102]"
an attorney left a wire for them .,the champion found the camera for you .,PD,PD,LEAVE,FIND,A,THE,for,for,-43.338134765625,"[-2.651026, -10.886105, -8.271571, -2.545474, -7.8321733, -3.6126516, -6.90018, -0.6389559]"
an attorney left a wire for them .,the champion found you the camera .,PD,DO,LEAVE,FIND,A,THE,for,for,-42.513633728027344,"[-2.651026, -10.886105, -8.271571, -7.935654, -4.340307, -7.3524795, -1.076492]"
an attorney left an anchor for it .,the husband brought the newspaper to us .,PD,PD,LEAVE,BRING,A,THE,for,to,-37.83147430419922,"[-2.6333826, -8.329036, -9.238937, -1.4124345, -7.4123597, -1.1242374, -6.2094746, -1.4716121]"
an attorney left an anchor for it .,the husband brought us the newspaper .,PD,DO,LEAVE,BRING,A,THE,for,to,-36.174949645996094,"[-2.6333826, -8.329036, -9.238937, -4.512414, -1.895787, -8.265881, -1.29951]"
an attorney left an anchor for me .,the lawyer sold the bottle to you .,PD,PD,LEAVE,SELL,A,THE,for,to,-40.68010711669922,"[-2.6838107, -7.893954, -11.220977, -1.6631248, -8.028165, -1.3619754, -7.084882, -0.74321884]"
an attorney left an anchor for me .,the lawyer sold you the bottle .,PD,DO,LEAVE,SELL,A,THE,for,to,-38.63987731933594,"[-2.6838107, -7.893954, -11.220977, -6.2351255, -2.4448276, -6.83047, -1.3307147]"
an attorney left an anchor for us .,the friend purchased the box for me .,PD,PD,LEAVE,PURCHASE,A,THE,for,for,-35.08953094482422,"[-2.6950002, -9.884687, -9.669261, -1.3751658, -5.887906, -2.8388462, -1.5912217, -1.1474426]"
an attorney left an anchor for us .,the friend purchased me the box .,PD,DO,LEAVE,PURCHASE,A,THE,for,for,-38.13386535644531,"[-2.6950002, -9.884687, -9.669261, -4.9355106, -3.221469, -6.0579696, -1.6699673]"
an attorney left an anchor for us .,the boy fed the chicken to you .,PD,PD,LEAVE,FEED,A,THE,for,to,-40.08099365234375,"[-2.6950002, -7.9652033, -11.589758, -1.7598426, -5.5379677, -2.4668338, -7.1947494, -0.8716366]"
an attorney left an anchor for us .,the boy fed you the chicken .,PD,DO,LEAVE,FEED,A,THE,for,to,-39.80029296875,"[-2.6950002, -7.9652033, -11.589758, -5.9781075, -3.2578835, -6.711203, -1.6031374]"
an attorney left an anchor for you .,the worker promised the candy to them .,PD,PD,LEAVE,PROMISE,A,THE,for,to,-43.396949768066406,"[-2.670294, -10.041845, -9.236307, -2.9639006, -10.185686, -2.3710778, -5.000427, -0.9274145]"
an attorney left an anchor for you .,the worker promised them the candy .,PD,DO,LEAVE,PROMISE,A,THE,for,to,-40.260337829589844,"[-2.670294, -10.041845, -9.236307, -4.6159134, -2.9240708, -9.224819, -1.5470859]"
an attorney left him a pie .,the king sent the tea to you .,DO,PD,LEAVE,SEND,A,THE,for,to,-40.017860412597656,"[-2.678859, -8.573978, -6.9457293, -2.7219918, -9.395821, -1.8480226, -7.0826235, -0.77083373]"
an attorney left him a pie .,the king sent you the tea .,DO,DO,LEAVE,SEND,A,THE,for,to,-34.17403793334961,"[-2.678859, -8.573978, -6.9457293, -5.8635654, -2.658948, -6.9076414, -0.54531527]"
an attorney left it a wire .,the reader found the candy for her .,DO,PD,LEAVE,FIND,A,THE,for,for,-45.180538177490234,"[-2.6370203, -9.389975, -6.2605376, -1.5248317, -15.169842, -4.391745, -2.8467593, -2.9598277]"
an attorney left it a wire .,the reader found her the candy .,DO,DO,LEAVE,FIND,A,THE,for,for,-46.25785446166992,"[-2.6370203, -9.389975, -6.2605376, -8.461131, -6.6723423, -11.624814, -1.2120337]"
an attorney left it an anchor .,the husband brought the newspaper to us .,DO,PD,LEAVE,BRING,A,THE,for,to,-38.04290008544922,"[-2.6231537, -8.307205, -9.047647, -1.7634417, -7.293537, -1.4377419, -5.9895973, -1.5805742]"
an attorney left it an anchor .,the husband brought us the newspaper .,DO,DO,LEAVE,BRING,A,THE,for,to,-35.42063903808594,"[-2.6231537, -8.307205, -9.047647, -4.292994, -2.0973651, -7.8280897, -1.2241795]"
an attorney left me a pie .,the pilot took the log to you .,DO,PD,LEAVE,TAKE,A,THE,for,to,-43.15031433105469,"[-2.6877117, -8.715389, -6.741684, -3.360538, -10.034606, -3.119107, -7.624321, -0.8669594]"
an attorney left me a pie .,the pilot took you the log .,DO,DO,LEAVE,TAKE,A,THE,for,to,-44.48092269897461,"[-2.6877117, -8.715389, -6.741684, -6.3114295, -6.7454453, -10.579933, -2.699329]"
an attorney left me an anchor .,the lawyer sold the bottle to you .,DO,PD,LEAVE,SELL,A,THE,for,to,-40.22222900390625,"[-2.7208493, -7.822851, -10.778428, -2.2107155, -7.5120225, -1.3882598, -6.960333, -0.8287686]"
an attorney left me an anchor .,the lawyer sold you the bottle .,DO,DO,LEAVE,SELL,A,THE,for,to,-36.91438293457031,"[-2.7208493, -7.822851, -10.778428, -5.471635, -2.3708816, -6.6772833, -1.0724525]"
an attorney left them a wire .,the champion found the camera for you .,DO,PD,LEAVE,FIND,A,THE,for,for,-43.55455780029297,"[-2.688559, -10.770832, -8.142609, -2.6880128, -7.5893984, -4.289072, -6.6823187, -0.70375836]"
an attorney left them a wire .,the champion found you the camera .,DO,DO,LEAVE,FIND,A,THE,for,for,-40.72364807128906,"[-2.688559, -10.770832, -8.142609, -7.464319, -3.7284606, -7.006158, -0.922713]"
an attorney left us a pie .,the leader kept the beer for you .,DO,PD,LEAVE,KEEP,A,THE,for,for,-46.57002258300781,"[-2.7279863, -7.1659684, -15.211356, -3.49924, -7.663332, -4.415355, -5.172984, -0.713799]"
an attorney left us a pie .,the leader kept you the beer .,DO,DO,LEAVE,KEEP,A,THE,for,for,-48.357513427734375,"[-2.7279863, -7.1659684, -15.211356, -6.8955803, -7.348408, -8.063706, -0.9445086]"
an attorney left us an anchor .,the friend purchased the box for me .,DO,PD,LEAVE,PURCHASE,A,THE,for,for,-37.291587829589844,"[-2.7328951, -9.875189, -10.223653, -1.6916295, -6.1223907, -3.248682, -2.0072265, -1.3899223]"
an attorney left us an anchor .,the friend purchased me the box .,DO,DO,LEAVE,PURCHASE,A,THE,for,for,-38.52682876586914,"[-2.7328951, -9.875189, -10.223653, -3.6124516, -3.6025271, -7.196026, -1.2840874]"
an attorney left us an anchor .,the boy fed the chicken to you .,DO,PD,LEAVE,FEED,A,THE,for,to,-40.86982345581055,"[-2.7328951, -8.180384, -11.387445, -2.0425317, -5.5142183, -3.0698478, -6.5189424, -1.4235581]"
an attorney left us an anchor .,the boy fed you the chicken .,DO,DO,LEAVE,FEED,A,THE,for,to,-39.01307678222656,"[-2.7328951, -8.180384, -11.387445, -5.221382, -3.0357802, -6.9623127, -1.4928772]"
an attorney left you a juice .,the band designed the bell for him .,DO,PD,LEAVE,DESIGN,A,THE,for,for,-40.87482452392578,"[-2.6708183, -8.198086, -9.598749, -1.2058595, -9.973173, -3.3600566, -4.957793, -0.9102921]"
an attorney left you a juice .,the band designed him the bell .,DO,DO,LEAVE,DESIGN,A,THE,for,for,-44.16368865966797,"[-2.6708183, -8.198086, -9.598749, -7.152827, -4.743331, -10.978045, -0.8218281]"
an attorney left you an anchor .,the worker promised the candy to them .,DO,PD,LEAVE,PROMISE,A,THE,for,to,-43.98486328125,"[-2.674679, -10.206614, -9.01527, -2.9608445, -10.266084, -2.7631083, -5.1040583, -0.99420464]"
an attorney left you an anchor .,the worker promised them the candy .,DO,DO,LEAVE,PROMISE,A,THE,for,to,-40.90765380859375,"[-2.674679, -10.206614, -9.01527, -4.82441, -3.0103793, -9.83695, -1.3393518]"
an attorney made a gun for us .,the son gave the glass to them .,PD,PD,MAKE,GIVE,A,THE,for,to,-37.553401947021484,"[-2.6151664, -7.9794908, -8.560635, -2.2059805, -8.692694, -0.90309435, -5.8314486, -0.76489544]"
an attorney made a gun for us .,the son gave them the glass .,PD,DO,MAKE,GIVE,A,THE,for,to,-34.264583587646484,"[-2.6151664, -7.9794908, -8.560635, -4.7123537, -2.045589, -6.815754, -1.5355967]"
an attorney made a key for it .,the physician got the tea for me .,PD,PD,MAKE,GET,A,THE,for,for,-42.34075164794922,"[-2.5419598, -10.764008, -8.221209, -1.9712436, -10.474976, -2.6192799, -5.104166, -0.643912]"
an attorney made a key for it .,the physician got me the tea .,PD,DO,MAKE,GET,A,THE,for,for,-39.28390884399414,"[-2.5419598, -10.764008, -8.221209, -6.167281, -2.3732367, -8.3817835, -0.83443487]"
an attorney made a motor for her .,the father drew the bell for you .,PD,PD,MAKE,DRAW,A,THE,for,for,-40.706275939941406,"[-2.615306, -7.138412, -10.375769, -2.1085544, -8.535391, -2.6658344, -6.532279, -0.7347285]"
an attorney made a motor for her .,the father drew you the bell .,PD,DO,MAKE,DRAW,A,THE,for,for,-43.27552795410156,"[-2.615306, -7.138412, -10.375769, -8.608049, -3.677063, -9.62612, -1.2348078]"
an attorney made her a motor .,the father drew the bell for you .,DO,PD,MAKE,DRAW,A,THE,for,for,-43.0023193359375,"[-2.6167507, -7.1342344, -10.724612, -2.303469, -8.232429, -3.3208935, -7.669449, -1.0004827]"
an attorney made her a motor .,the father drew you the bell .,DO,DO,MAKE,DRAW,A,THE,for,for,-42.685264587402344,"[-2.6167507, -7.1342344, -10.724612, -8.273262, -4.4144177, -8.381593, -1.1403947]"
an attorney made it a key .,the physician got the tea for me .,DO,PD,MAKE,GET,A,THE,for,for,-43.242855072021484,"[-2.5182965, -10.753811, -8.200609, -1.9875065, -10.36568, -3.2470913, -5.3896437, -0.7802165]"
an attorney made it a key .,the physician got me the tea .,DO,DO,MAKE,GET,A,THE,for,for,-39.103515625,"[-2.5182965, -10.753811, -8.200609, -5.75717, -2.4424999, -8.645075, -0.7860562]"
an attorney made us a gun .,the son gave the glass to them .,DO,PD,MAKE,GIVE,A,THE,for,to,-39.15657424926758,"[-2.6569247, -7.8272276, -9.059869, -2.5761063, -8.60338, -0.99516106, -6.606756, -0.8311496]"
an attorney made us a gun .,the son gave them the glass .,DO,DO,MAKE,GIVE,A,THE,for,to,-34.28977584838867,"[-2.6569247, -7.8272276, -9.059869, -4.8665686, -2.0798779, -6.483848, -1.3154598]"
an attorney promised a chocolate to me .,the priest kept the coffee for it .,PD,PD,PROMISE,KEEP,A,THE,to,for,-43.137481689453125,"[-2.7732077, -10.004293, -7.6171756, -2.4270058, -7.809361, -3.563919, -7.9157953, -1.0267252]"
an attorney promised a chocolate to me .,the priest kept it the coffee .,PD,DO,PROMISE,KEEP,A,THE,to,for,-42.52444076538086,"[-2.7732077, -10.004293, -7.6171756, -4.3239727, -5.960245, -10.578697, -1.266847]"
an attorney promised a chocolate to us .,the man drew the coat for them .,PD,PD,PROMISE,DRAW,A,THE,to,for,-40.22854995727539,"[-2.7719774, -5.4988165, -9.012922, -2.6818342, -8.416365, -4.803587, -5.747359, -1.2956896]"
an attorney promised a chocolate to us .,the man drew them the coat .,PD,DO,PROMISE,DRAW,A,THE,to,for,-38.97938919067383,"[-2.7719774, -5.4988165, -9.012922, -6.724284, -4.6960773, -8.234827, -2.0404859]"
an attorney promised a chocolate to you .,the child kept the gun for me .,PD,PD,PROMISE,KEEP,A,THE,to,for,-37.67536926269531,"[-2.7525966, -8.377452, -8.413665, -3.529872, -4.4895, -3.7838554, -5.4620423, -0.8663842]"
an attorney promised a chocolate to you .,the child kept me the gun .,PD,DO,PROMISE,KEEP,A,THE,to,for,-40.33061218261719,"[-2.7525966, -8.377452, -8.413665, -5.142967, -7.057508, -7.3010197, -1.285403]"
an attorney promised a chocolate to you .,the priest purchased the meal for them .,PD,PD,PROMISE,PURCHASE,A,THE,to,for,-39.63260269165039,"[-2.7525966, -10.09353, -10.9734535, -1.4374343, -6.0024343, -2.333246, -4.8919377, -1.1479689]"
an attorney promised a chocolate to you .,the priest purchased them the meal .,PD,DO,PROMISE,PURCHASE,A,THE,to,for,-43.70991134643555,"[-2.7525966, -10.09353, -10.9734535, -6.318472, -5.448826, -6.635953, -1.4870812]"
an attorney promised a coffee to him .,the wife kept the chicken for you .,PD,PD,PROMISE,KEEP,A,THE,to,for,-42.976654052734375,"[-2.797216, -8.059747, -9.549759, -3.2849, -7.2987785, -3.8580236, -7.282168, -0.84606516]"
an attorney promised a coffee to him .,the wife kept you the chicken .,PD,DO,PROMISE,KEEP,A,THE,to,for,-43.4788932800293,"[-2.797216, -8.059747, -9.549759, -7.7370977, -6.686633, -7.6023617, -1.0460795]"
an attorney promised a juice to them .,the actor sold the beer to you .,PD,PD,PROMISE,SELL,A,THE,to,to,-40.31626892089844,"[-2.8137276, -8.008093, -9.764738, -2.2239494, -8.17313, -1.1196638, -7.465027, -0.7479374]"
an attorney promised a juice to them .,the actor sold you the beer .,PD,DO,PROMISE,SELL,A,THE,to,to,-38.712642669677734,"[-2.8137276, -8.008093, -9.764738, -7.4849534, -2.8861918, -6.776689, -0.97824854]"
an attorney promised him a coffee .,the wife kept the chicken for you .,DO,PD,PROMISE,KEEP,A,THE,to,for,-43.23841857910156,"[-2.814877, -8.094381, -8.821577, -3.8484719, -7.3152313, -4.1158648, -7.401849, -0.82616484]"
an attorney promised him a coffee .,the wife kept you the chicken .,DO,DO,PROMISE,KEEP,A,THE,to,for,-43.164058685302734,"[-2.814877, -8.094381, -8.821577, -7.7622623, -7.162086, -7.616479, -0.8923954]"
an attorney promised me a chocolate .,the priest kept the coffee for it .,DO,PD,PROMISE,KEEP,A,THE,to,for,-43.52337646484375,"[-2.79886, -9.980228, -7.2187395, -2.9424322, -7.951415, -3.8555713, -7.820346, -0.955782]"
an attorney promised me a chocolate .,the priest kept it the coffee .,DO,DO,PROMISE,KEEP,A,THE,to,for,-42.0538215637207,"[-2.79886, -9.980228, -7.2187395, -4.621234, -6.0897217, -10.481917, -0.86311966]"
an attorney promised them a juice .,the actor sold the beer to you .,DO,PD,PROMISE,SELL,A,THE,to,to,-41.059104919433594,"[-2.8248537, -7.941824, -9.710201, -2.1531367, -7.8855257, -1.8681802, -7.8203135, -0.85506874]"
an attorney promised them a juice .,the actor sold you the beer .,DO,DO,PROMISE,SELL,A,THE,to,to,-37.20178985595703,"[-2.8248537, -7.941824, -9.710201, -7.340093, -3.070808, -5.4515085, -0.86250186]"
an attorney promised us a chocolate .,the man drew the coat for them .,DO,PD,PROMISE,DRAW,A,THE,to,for,-40.780006408691406,"[-2.7921138, -5.5617023, -9.090916, -2.6004186, -8.467128, -4.8877015, -6.207092, -1.1729348]"
an attorney promised us a chocolate .,the man drew them the coat .,DO,DO,PROMISE,DRAW,A,THE,to,for,-38.840850830078125,"[-2.7921138, -5.5617023, -9.090916, -6.5120263, -4.713549, -8.794486, -1.3760556]"
an attorney promised you a chocolate .,the child kept the gun for me .,DO,PD,PROMISE,KEEP,A,THE,to,for,-38.09722900390625,"[-2.7640085, -8.339505, -8.3644705, -3.8425567, -4.2455416, -4.022448, -5.740943, -0.77775306]"
an attorney promised you a chocolate .,the child kept me the gun .,DO,DO,PROMISE,KEEP,A,THE,to,for,-40.33136749267578,"[-2.7640085, -8.339505, -8.3644705, -5.063752, -7.2508574, -7.486894, -1.0618815]"
an attorney promised you a chocolate .,the priest purchased the meal for them .,DO,PD,PROMISE,PURCHASE,A,THE,to,for,-39.40467071533203,"[-2.7640085, -10.062607, -10.564278, -1.437016, -5.7820363, -2.5728045, -5.00601, -1.2159128]"
an attorney promised you a chocolate .,the priest purchased them the meal .,DO,DO,PROMISE,PURCHASE,A,THE,to,for,-43.05748748779297,"[-2.7640085, -10.062607, -10.564278, -6.037153, -5.416632, -6.9548388, -1.2579734]"
an attorney purchased a beer for you .,the candidate left the knife for him .,PD,PD,PURCHASE,LEAVE,A,THE,for,for,-41.602928161621094,"[-2.7776618, -9.584648, -8.463224, -1.5374206, -10.346553, -3.9396694, -4.3990965, -0.554652]"
an attorney purchased a beer for you .,the candidate left him the knife .,PD,DO,PURCHASE,LEAVE,A,THE,for,for,-40.58784484863281,"[-2.7776618, -9.584648, -8.463224, -5.47872, -4.48219, -8.558302, -1.243099]"
an attorney purchased you a beer .,the candidate left the knife for him .,DO,PD,PURCHASE,LEAVE,A,THE,for,for,-45.992462158203125,"[-2.8248665, -9.654405, -11.053503, -1.0407064, -11.888255, -4.840311, -4.228346, -0.46207234]"
an attorney purchased you a beer .,the candidate left him the knife .,DO,DO,PURCHASE,LEAVE,A,THE,for,for,-45.632484436035156,"[-2.8248665, -9.654405, -11.053503, -7.8041153, -4.6105537, -9.05183, -0.6332117]"
an attorney saved a beer for us .,the partner sold the coffee to you .,PD,PD,SAVE,SELL,A,THE,for,to,-39.38301086425781,"[-2.802337, -10.139763, -8.240508, -1.9859031, -7.233775, -2.1501071, -6.0541954, -0.77642435]"
an attorney saved a beer for us .,the partner sold you the coffee .,PD,DO,SAVE,SELL,A,THE,for,to,-36.272361755371094,"[-2.802337, -10.139763, -8.240508, -4.8284535, -2.739431, -6.3029814, -1.2188902]"
an attorney saved a bowl for us .,the singer gave the juice to me .,PD,PD,SAVE,GIVE,A,THE,for,to,-36.50014877319336,"[-2.8282275, -8.946659, -6.1126347, -2.939077, -10.751459, -0.7390223, -2.950964, -1.2321038]"
an attorney saved a bowl for us .,the singer gave me the juice .,PD,DO,SAVE,GIVE,A,THE,for,to,-33.396522521972656,"[-2.8282275, -8.946659, -6.1126347, -3.389892, -2.4902182, -7.9091063, -1.7197831]"
an attorney saved a cheese for me .,the aunt left the cigarette for us .,PD,PD,SAVE,LEAVE,A,THE,for,for,-39.37702178955078,"[-2.8018517, -11.104147, -7.1656747, -2.0543323, -8.345242, -3.2360473, -3.8206913, -0.8490351]"
an attorney saved a cheese for me .,the aunt left us the cigarette .,PD,DO,SAVE,LEAVE,A,THE,for,for,-38.59138107299805,"[-2.8018517, -11.104147, -7.1656747, -3.8737674, -3.7043905, -8.176632, -1.7649182]"
an attorney saved a cheese for me .,the writer made the cigarette for you .,PD,PD,SAVE,MAKE,A,THE,for,for,-40.720027923583984,"[-2.8018517, -7.38541, -6.704295, -2.1172733, -12.488042, -4.040208, -4.579826, -0.6031211]"
an attorney saved a cheese for me .,the writer made you the cigarette .,PD,DO,SAVE,MAKE,A,THE,for,for,-40.387603759765625,"[-2.8018517, -7.38541, -6.704295, -7.702029, -4.361279, -10.258646, -1.1740925]"
an attorney saved a glass for them .,the reader left the chicken for it .,PD,PD,SAVE,LEAVE,A,THE,for,for,-43.7708854675293,"[-2.7958527, -9.044407, -8.302039, -2.0281572, -10.516106, -3.780674, -6.6665616, -0.6370883]"
an attorney saved a glass for them .,the reader left it the chicken .,PD,DO,SAVE,LEAVE,A,THE,for,for,-41.561580657958984,"[-2.7958527, -9.044407, -8.302039, -3.8598185, -6.6597147, -9.362536, -1.5372123]"
an attorney saved a glass for them .,the leader showed the coffee to you .,PD,PD,SAVE,SHOW,A,THE,for,to,-45.18609619140625,"[-2.7958527, -7.150719, -12.292285, -2.606905, -9.919185, -2.9376585, -6.8289757, -0.6545193]"
an attorney saved a glass for them .,the leader showed you the coffee .,PD,DO,SAVE,SHOW,A,THE,for,to,-42.83364486694336,"[-2.7958527, -7.150719, -12.292285, -6.052616, -2.505073, -10.391375, -1.6457245]"
an attorney saved a glass for us .,the cop threw the beer to you .,PD,PD,SAVE,THROW,A,THE,for,to,-39.701377868652344,"[-2.8102505, -9.933537, -7.8956122, -1.8656679, -5.302326, -4.0844502, -6.987078, -0.8224567]"
an attorney saved a glass for us .,the cop threw you the beer .,PD,DO,SAVE,THROW,A,THE,for,to,-38.234405517578125,"[-2.8102505, -9.933537, -7.8956122, -6.787379, -3.7571633, -5.8471527, -1.2033106]"
an attorney saved a meal for him .,the singer kept the button for them .,PD,PD,SAVE,KEEP,A,THE,for,for,-44.997459411621094,"[-2.8407247, -8.650707, -7.740693, -3.9781399, -9.039371, -5.283742, -6.256605, -1.2074764]"
an attorney saved a meal for him .,the singer kept them the button .,PD,DO,SAVE,KEEP,A,THE,for,for,-47.97905731201172,"[-2.8407247, -8.650707, -7.740693, -7.255521, -6.9043713, -11.932601, -2.6544347]"
an attorney saved a meal for us .,the adult delivered the pie for them .,PD,PD,SAVE,DELIVER,A,THE,for,for,-43.20754623413086,"[-2.8210733, -9.963082, -10.53351, -2.1223073, -8.494556, -3.135035, -5.4813595, -0.65662396]"
an attorney saved a meal for us .,the adult delivered them the pie .,PD,DO,SAVE,DELIVER,A,THE,for,for,-42.83110046386719,"[-2.8210733, -9.963082, -10.53351, -6.5448356, -4.310545, -7.791746, -0.86630565]"
an attorney saved a meal for you .,the doctor showed the juice to him .,PD,PD,SAVE,SHOW,A,THE,for,to,-35.66633987426758,"[-2.8010318, -8.22189, -7.2343926, -3.327214, -8.931101, -1.1623557, -3.0940416, -0.89431274]"
an attorney saved a meal for you .,the doctor showed him the juice .,PD,DO,SAVE,SHOW,A,THE,for,to,-32.35630798339844,"[-2.8010318, -8.22189, -7.2343926, -3.2900379, -2.0741923, -7.4819756, -1.2527883]"
an attorney saved an anchor for it .,the son left the juice for her .,PD,PD,SAVE,LEAVE,A,THE,for,for,-44.364830017089844,"[-2.7604182, -7.9097853, -8.690488, -2.2877204, -11.940342, -3.7214189, -5.429966, -1.6246934]"
an attorney saved an anchor for it .,the son left her the juice .,PD,DO,SAVE,LEAVE,A,THE,for,for,-41.79606628417969,"[-2.7604182, -7.9097853, -8.690488, -4.9118624, -5.073527, -10.536345, -1.9136392]"
an attorney saved him a meal .,the singer kept the button for them .,DO,PD,SAVE,KEEP,A,THE,for,for,-46.39209747314453,"[-2.824714, -8.7104845, -7.7022448, -4.3346443, -9.161474, -5.5165257, -6.796292, -1.3457179]"
an attorney saved him a meal .,the singer kept them the button .,DO,DO,SAVE,KEEP,A,THE,for,for,-47.93124008178711,"[-2.824714, -8.7104845, -7.7022448, -7.243248, -6.741578, -12.469605, -2.239365]"
an attorney saved it an anchor .,the son left the juice for her .,DO,PD,SAVE,LEAVE,A,THE,for,for,-43.544281005859375,"[-2.826933, -8.130641, -7.7547226, -2.3995104, -11.3726635, -4.271761, -4.602621, -2.1854315]"
an attorney saved it an anchor .,the son left her the juice .,DO,DO,SAVE,LEAVE,A,THE,for,for,-39.885528564453125,"[-2.826933, -8.130641, -7.7547226, -4.3155994, -5.259158, -9.43761, -2.1608663]"
an attorney saved me a cheese .,the aunt left the cigarette for us .,DO,PD,SAVE,LEAVE,A,THE,for,for,-41.28350067138672,"[-2.7931523, -11.248903, -7.2137747, -2.4626877, -8.275993, -4.4637423, -3.9737077, -0.85153866]"
an attorney saved me a cheese .,the aunt left us the cigarette .,DO,DO,SAVE,LEAVE,A,THE,for,for,-37.187259674072266,"[-2.7931523, -11.248903, -7.2137747, -2.691356, -3.5703597, -8.779456, -0.8902587]"
an attorney saved me a cheese .,the writer made the cigarette for you .,DO,PD,SAVE,MAKE,A,THE,for,for,-40.541168212890625,"[-2.7931523, -7.1803308, -7.0762124, -2.283256, -12.17844, -4.8981247, -3.443725, -0.6879288]"
an attorney saved me a cheese .,the writer made you the cigarette .,DO,DO,SAVE,MAKE,A,THE,for,for,-39.55133819580078,"[-2.7931523, -7.1803308, -7.0762124, -6.9712253, -4.601745, -10.140776, -0.78789747]"
an attorney saved them a glass .,the reader left the chicken for it .,DO,PD,SAVE,LEAVE,A,THE,for,for,-44.377166748046875,"[-2.8150094, -8.8541975, -8.432706, -2.2608824, -10.676076, -4.2392373, -6.335336, -0.7637234]"
an attorney saved them a glass .,the reader left it the chicken .,DO,DO,SAVE,LEAVE,A,THE,for,for,-40.536590576171875,"[-2.8150094, -8.8541975, -8.432706, -3.7514858, -6.463292, -9.047307, -1.1725937]"
an attorney saved them a glass .,the leader showed the coffee to you .,DO,PD,SAVE,SHOW,A,THE,for,to,-45.059043884277344,"[-2.8150094, -7.24313, -12.335528, -2.6583548, -9.806173, -2.8664894, -6.775831, -0.55852735]"
an attorney saved them a glass .,the leader showed you the coffee .,DO,DO,SAVE,SHOW,A,THE,for,to,-41.411346435546875,"[-2.8150094, -7.24313, -12.335528, -5.7027073, -2.4135594, -9.679134, -1.2222795]"
an attorney saved us a beer .,the partner sold the coffee to you .,DO,PD,SAVE,SELL,A,THE,for,to,-40.922462463378906,"[-2.8161428, -10.06377, -8.877758, -2.8651025, -7.6968827, -2.8206635, -4.997376, -0.7847694]"
an attorney saved us a beer .,the partner sold you the coffee .,DO,DO,SAVE,SELL,A,THE,for,to,-34.34843444824219,"[-2.8161428, -10.06377, -8.877758, -3.2111871, -2.7026637, -5.839962, -0.8369506]"
an attorney saved us a bowl .,the singer gave the juice to me .,DO,PD,SAVE,GIVE,A,THE,for,to,-37.33757400512695,"[-2.8328693, -9.167761, -6.1465425, -2.9847877, -11.083402, -0.8157889, -2.764792, -1.5416288]"
an attorney saved us a bowl .,the singer gave me the juice .,DO,DO,SAVE,GIVE,A,THE,for,to,-32.87995529174805,"[-2.8328693, -9.167761, -6.1465425, -2.9574687, -2.6685956, -7.8710084, -1.2357094]"
an attorney saved us a glass .,the cop threw the beer to you .,DO,PD,SAVE,THROW,A,THE,for,to,-40.73484802246094,"[-2.8388689, -10.046542, -8.588155, -1.896735, -5.5174747, -4.1901026, -6.8939066, -0.76306605]"
an attorney saved us a glass .,the cop threw you the beer .,DO,DO,SAVE,THROW,A,THE,for,to,-36.73093795776367,"[-2.8388689, -10.046542, -8.588155, -6.2858343, -2.8194115, -5.281458, -0.8706696]"
an attorney saved us a meal .,the adult delivered the pie for them .,DO,PD,SAVE,DELIVER,A,THE,for,for,-44.48268127441406,"[-2.821451, -10.042049, -10.384808, -2.5045755, -8.277853, -3.7374246, -5.9799356, -0.7345834]"
an attorney saved us a meal .,the adult delivered them the pie .,DO,DO,SAVE,DELIVER,A,THE,for,for,-43.34175491333008,"[-2.821451, -10.042049, -10.384808, -6.935315, -4.7186613, -7.736806, -0.7026657]"
an attorney saved you a meal .,the doctor showed the juice to him .,DO,PD,SAVE,SHOW,A,THE,for,to,-36.97191619873047,"[-2.8359818, -8.272671, -7.5102, -3.803465, -9.347927, -1.6471163, -2.8201108, -0.7344458]"
an attorney saved you a meal .,the doctor showed him the juice .,DO,DO,SAVE,SHOW,A,THE,for,to,-32.20484924316406,"[-2.8359818, -8.272671, -7.5102, -3.0207357, -2.0867376, -7.6000285, -0.8784934]"
an attorney sent a book to it .,the aunt threw the motor to them .,PD,PD,SEND,THROW,A,THE,to,to,-51.71719741821289,"[-2.5728178, -11.476961, -11.292624, -1.9538956, -10.888897, -4.05739, -8.679818, -0.79479426]"
an attorney sent a book to it .,the aunt threw them the motor .,PD,DO,SEND,THROW,A,THE,to,to,-48.58367919921875,"[-2.5728178, -11.476961, -11.292624, -6.631097, -3.3845608, -11.4921465, -1.7334714]"
an attorney sent a book to you .,the child got the pie for him .,PD,PD,SEND,GET,A,THE,to,for,-39.399261474609375,"[-2.5870004, -8.422337, -7.8705997, -2.2942152, -8.72961, -4.351866, -4.6352243, -0.5084064]"
an attorney sent a book to you .,the child got him the pie .,PD,DO,SEND,GET,A,THE,to,for,-38.22453308105469,"[-2.5870004, -8.422337, -7.8705997, -5.944997, -3.9451928, -8.823607, -0.63080037]"
an attorney sent a book to you .,the soldier bought the candy for me .,PD,PD,SEND,BUY,A,THE,to,for,-39.588863372802734,"[-2.5870004, -10.351316, -8.974854, -1.7384374, -8.587738, -2.527905, -4.1130333, -0.7085794]"
an attorney sent a book to you .,the soldier bought me the candy .,PD,DO,SEND,BUY,A,THE,to,for,-40.562320709228516,"[-2.5870004, -10.351316, -8.974854, -6.6788526, -3.3034742, -7.825269, -0.84155285]"
an attorney sent a chocolate to me .,the author bought the card for us .,PD,PD,SEND,BUY,A,THE,to,for,-36.47655487060547,"[-2.658447, -6.56892, -9.829146, -2.3625145, -6.239839, -2.4736822, -5.173958, -1.1700475]"
an attorney sent a chocolate to me .,the author bought us the card .,PD,DO,SEND,BUY,A,THE,to,for,-38.27015686035156,"[-2.658447, -6.56892, -9.829146, -6.974903, -3.700359, -7.094017, -1.4443638]"
an attorney sent a pie to me .,the author made the engine for them .,PD,PD,SEND,MAKE,A,THE,to,for,-42.78057098388672,"[-2.6767662, -6.688421, -6.326443, -2.2277188, -12.459285, -4.2654104, -6.841976, -1.2945517]"
an attorney sent a pie to me .,the author made them the engine .,PD,DO,SEND,MAKE,A,THE,to,for,-40.65833282470703,"[-2.6767662, -6.688421, -6.326443, -7.205169, -5.2995944, -9.83035, -2.631589]"
an attorney sent an engine to him .,the colonel delivered the salad for me .,PD,PD,SEND,DELIVER,A,THE,to,for,-43.2870979309082,"[-2.7384048, -10.751907, -8.649109, -1.7821265, -12.409952, -4.3141737, -1.9502531, -0.69117266]"
an attorney sent an engine to him .,the colonel delivered me the salad .,PD,DO,SEND,DELIVER,A,THE,to,for,-40.931819915771484,"[-2.7384048, -10.751907, -8.649109, -5.8435087, -2.4852774, -9.429927, -1.0336835]"
an attorney sent him an engine .,the colonel delivered the salad for me .,DO,PD,SEND,DELIVER,A,THE,to,for,-41.89701843261719,"[-2.8001337, -10.685554, -8.692289, -2.08626, -10.763246, -3.8564496, -2.2617621, -0.7513257]"
an attorney sent him an engine .,the colonel delivered me the salad .,DO,DO,SEND,DELIVER,A,THE,to,for,-39.188079833984375,"[-2.8001337, -10.685554, -8.692289, -4.5640526, -2.5338287, -9.024071, -0.88815135]"
an attorney sent it a book .,the aunt threw the motor to them .,DO,PD,SEND,THROW,A,THE,to,to,-51.17987060546875,"[-2.663305, -11.326124, -10.425386, -2.1002507, -10.714947, -4.351406, -8.627792, -0.97066224]"
an attorney sent it a book .,the aunt threw them the motor .,DO,DO,SEND,THROW,A,THE,to,to,-46.3289680480957,"[-2.663305, -11.326124, -10.425386, -6.00575, -2.9645162, -11.325605, -1.6182812]"
an attorney sent me a chocolate .,the author bought the card for us .,DO,PD,SEND,BUY,A,THE,to,for,-38.338287353515625,"[-2.6732516, -6.4948215, -9.7495, -2.8000207, -6.4850044, -2.5929666, -6.120708, -1.4220145]"
an attorney sent me a chocolate .,the author bought us the card .,DO,DO,SEND,BUY,A,THE,to,for,-39.41815948486328,"[-2.6732516, -6.4948215, -9.7495, -6.5104737, -4.7330627, -8.258644, -0.9984031]"
an attorney sent me a pie .,the author made the engine for them .,DO,PD,SEND,MAKE,A,THE,to,for,-42.54395294189453,"[-2.7785094, -6.5919147, -6.2985516, -2.5400944, -12.149854, -4.194484, -6.877265, -1.1132832]"
an attorney sent me a pie .,the author made them the engine .,DO,DO,SEND,MAKE,A,THE,to,for,-41.15441131591797,"[-2.7785094, -6.5919147, -6.2985516, -7.044712, -5.82813, -10.306682, -2.3059146]"
an attorney sent you a book .,the child got the pie for him .,DO,PD,SEND,GET,A,THE,to,for,-39.44676208496094,"[-2.6642575, -8.460798, -7.6482735, -2.618971, -8.545572, -4.468887, -4.412032, -0.6279723]"
an attorney sent you a book .,the child got him the pie .,DO,DO,SEND,GET,A,THE,to,for,-37.0335693359375,"[-2.6642575, -8.460798, -7.6482735, -5.4158287, -3.728973, -8.51539, -0.6000481]"
an attorney sent you a book .,the soldier bought the candy for me .,DO,PD,SEND,BUY,A,THE,to,for,-39.4486083984375,"[-2.6642575, -10.305122, -8.450094, -1.8716856, -8.49626, -2.7021089, -4.078223, -0.8808579]"
an attorney sent you a book .,the soldier bought me the candy .,DO,DO,SEND,BUY,A,THE,to,for,-38.567386627197266,"[-2.6642575, -10.305122, -8.450094, -4.978843, -3.779468, -7.569156, -0.8204438]"
an attorney showed a beer to me .,the physician sent the computer to it .,PD,PD,SHOW,SEND,A,THE,to,to,-39.06398391723633,"[-2.6652524, -10.373785, -7.3686213, -1.760493, -8.101973, -0.7831875, -6.9622693, -1.0484024]"
an attorney showed a beer to me .,the physician sent it the computer .,PD,DO,SHOW,SEND,A,THE,to,to,-40.57931137084961,"[-2.6652524, -10.373785, -7.3686213, -3.9586484, -6.3095503, -8.637894, -1.2655616]"
an attorney showed a beer to us .,the buddy delivered the bowl for you .,PD,PD,SHOW,DELIVER,A,THE,to,for,-44.933319091796875,"[-2.6852705, -12.805239, -11.808821, -2.132451, -8.021575, -3.8687081, -3.0013623, -0.6098903]"
an attorney showed a beer to us .,the buddy delivered you the bowl .,PD,DO,SHOW,DELIVER,A,THE,to,for,-43.74516296386719,"[-2.6852705, -12.805239, -11.808821, -5.3977814, -2.3182807, -7.490855, -1.2389146]"
an attorney showed a card to us .,the worker bought the beer for them .,PD,PD,SHOW,BUY,A,THE,to,for,-36.41938018798828,"[-2.685741, -9.808517, -8.540188, -1.9465098, -5.216568, -2.8651075, -4.460815, -0.89593047]"
an attorney showed a card to us .,the worker bought them the beer .,PD,DO,SHOW,BUY,A,THE,to,for,-37.79761505126953,"[-2.685741, -9.808517, -8.540188, -6.6275554, -3.6595623, -5.0671186, -1.4089324]"
an attorney showed a coat to me .,the girl fed the salad to you .,PD,PD,SHOW,FEED,A,THE,to,to,-40.73272705078125,"[-2.7255986, -8.119161, -11.112585, -1.9261923, -7.716426, -1.2047392, -7.278164, -0.6498614]"
an attorney showed a coat to me .,the girl fed you the salad .,PD,DO,SHOW,FEED,A,THE,to,to,-38.124717712402344,"[-2.7255986, -8.119161, -11.112585, -5.103217, -3.0830457, -6.6519804, -1.329132]"
