prime_sentence,target_sentence,prime_structure,target_structure,prime_verb,target_verb,prime_det,target_det,prime_prep,target_prep,log_prob,probs
the champion found the beer for us .,a candidate threw a cigarette to you .,PD,PD,FIND,THROW,THE,A,for,to,-39.996402740478516,"[-3.5113087, -8.317688, -7.2259827, -0.7209687, -6.3779902, -4.5047736, -7.895138, -1.4425548]"
the champion found the beer for us .,a candidate threw you a cigarette .,PD,DO,FIND,THROW,THE,A,for,to,-42.16539001464844,"[-3.5113087, -8.317688, -7.2259827, -9.746965, -1.032696, -10.889806, -1.4409451]"
the champion found the camera for me .,a boy gave a meal to us .,PD,PD,FIND,GIVE,THE,A,for,to,-38.00959777832031,"[-3.5262008, -7.0250845, -8.134283, -1.4574332, -9.378391, -0.16713735, -6.905262, -1.4158037]"
the champion found the camera for me .,a boy gave us a meal .,PD,DO,FIND,GIVE,THE,A,for,to,-35.07915115356445,"[-3.5262008, -7.0250845, -8.134283, -5.258598, -0.84973764, -8.620081, -1.6651664]"
the champion found the camera for you .,a doctor got a key for him .,PD,PD,FIND,GET,THE,A,for,for,-35.31806182861328,"[-3.5410986, -7.586813, -8.223532, -1.0627673, -7.5350523, -2.1692169, -3.9681127, -1.2314672]"
the champion found the camera for you .,a doctor got him a key .,PD,DO,FIND,GET,THE,A,for,for,-36.15257263183594,"[-3.5410986, -7.586813, -8.223532, -6.012088, -1.244013, -7.195451, -2.3495774]"
the champion found the juice for you .,an actress sent a beer to them .,PD,PD,FIND,SEND,THE,A,for,to,-42.23032760620117,"[-5.6697245, -7.7974453, -7.88873, -1.2769849, -9.713643, -1.1141723, -7.5915318, -1.1780971]"
the champion found the juice for you .,an actress sent them a beer .,PD,DO,FIND,SEND,THE,A,for,to,-40.35992431640625,"[-5.6697245, -7.7974453, -7.88873, -7.8258514, -1.2935119, -8.483966, -1.4006946]"
the champion found the meal for you .,a prince sent a pie to me .,PD,PD,FIND,SEND,THE,A,for,to,-36.48499298095703,"[-3.5526452, -10.90747, -6.138424, -1.4533939, -9.6383915, -0.62570906, -3.1554224, -1.013535]"
the champion found the meal for you .,a prince sent me a pie .,PD,DO,FIND,SEND,THE,A,for,to,-35.25090026855469,"[-3.5526452, -10.90747, -6.138424, -3.8759518, -0.9140816, -8.458041, -1.4042876]"
the champion found the pie for them .,a sheriff purchased a bottle for you .,PD,PD,FIND,PURCHASE,THE,A,for,for,-43.85276794433594,"[-3.5471525, -8.849825, -11.75425, -0.8647399, -6.6011314, -4.4156566, -6.8486114, -0.97140193]"
the champion found the pie for them .,a sheriff purchased you a bottle .,PD,DO,FIND,PURCHASE,THE,A,for,for,-43.34263229370117,"[-3.5471525, -8.849825, -11.75425, -8.989946, -0.7384396, -5.1062865, -4.356734]"
the champion found them the beer .,a minister purchased an anchor for us .,DO,PD,FIND,PURCHASE,THE,A,for,for,-50.02102279663086,"[-3.586599, -9.403619, -12.356203, -3.1378171, -8.808378, -2.08574, -8.680681, -1.9619848]"
the champion found them the beer .,a minister purchased us an anchor .,DO,DO,FIND,PURCHASE,THE,A,for,for,-49.12767028808594,"[-3.586599, -9.403619, -12.356203, -8.963627, -3.6857986, -9.183973, -1.9478513]"
the champion found them the pie .,a sheriff purchased a bottle for you .,DO,PD,FIND,PURCHASE,THE,A,for,for,-44.63752746582031,"[-3.6104102, -8.6841545, -11.273414, -1.0492426, -6.3234353, -5.147276, -7.471127, -1.0784695]"
the champion found them the pie .,a sheriff purchased you a bottle .,DO,DO,FIND,PURCHASE,THE,A,for,for,-41.41435241699219,"[-3.6104102, -8.6841545, -11.273414, -8.741204, -0.873813, -4.9252396, -3.3061197]"
the champion found us the beer .,a candidate threw a cigarette to you .,DO,PD,FIND,THROW,THE,A,for,to,-38.84680938720703,"[-3.5910764, -8.423097, -7.0305414, -0.6952967, -6.0822396, -4.5714836, -7.198356, -1.2547176]"
the champion found us the beer .,a candidate threw you a cigarette .,DO,DO,FIND,THROW,THE,A,for,to,-37.840553283691406,"[-3.5910764, -8.423097, -7.0305414, -8.91694, -0.7230354, -8.2182, -0.9376643]"
the champion found you the camera .,a doctor got a key for him .,DO,PD,FIND,GET,THE,A,for,for,-37.2015380859375,"[-3.5702682, -7.459496, -7.965323, -1.2363541, -7.8150105, -2.7962651, -4.5060625, -1.8527582]"
the champion found you the camera .,a doctor got him a key .,DO,DO,FIND,GET,THE,A,for,for,-35.03384017944336,"[-3.5702682, -7.459496, -7.965323, -5.5900936, -1.0992292, -7.267223, -2.0822053]"
the champion found you the juice .,an actress sent a beer to them .,DO,PD,FIND,SEND,THE,A,for,to,-41.96944046020508,"[-5.663867, -7.5044136, -7.7871037, -1.3842025, -9.486954, -0.81514907, -8.072798, -1.2549527]"
the champion found you the juice .,an actress sent them a beer .,DO,DO,FIND,SEND,THE,A,for,to,-38.683616638183594,"[-5.663867, -7.5044136, -7.7871037, -7.783529, -1.1724442, -7.677915, -1.0943464]"
the champion found you the meal .,a prince sent a pie to me .,DO,PD,FIND,SEND,THE,A,for,to,-36.91365051269531,"[-3.6057744, -10.665979, -6.0795183, -1.4951245, -9.835938, -0.7339617, -3.5346828, -0.96267045]"
the champion found you the meal .,a prince sent me a pie .,DO,DO,FIND,SEND,THE,A,for,to,-33.73004913330078,"[-3.6057744, -10.665979, -6.0795183, -3.2542815, -0.97480226, -8.03205, -1.1176412]"
the champion gave him the pie .,a guy threw a bag to you .,DO,PD,GIVE,THROW,THE,A,to,to,-35.13578796386719,"[-3.6543126, -7.119918, -5.898774, -0.7136657, -4.8134155, -6.0574856, -6.0321016, -0.8461148]"
the champion gave him the pie .,a guy threw you a bag .,DO,DO,GIVE,THROW,THE,A,to,to,-31.543901443481445,"[-3.6543126, -7.119918, -5.898774, -6.6532907, -0.53994423, -5.497693, -2.1799698]"
the champion gave it the wire .,a son showed a glass to us .,DO,PD,GIVE,SHOW,THE,A,to,to,-41.98209762573242,"[-3.602221, -8.81251, -6.389068, -3.6386385, -9.39511, -2.9059768, -6.0992813, -1.1392946]"
the champion gave it the wire .,a son showed us a glass .,DO,DO,GIVE,SHOW,THE,A,to,to,-37.1260986328125,"[-3.602221, -8.81251, -6.389068, -4.3257294, -2.2760286, -8.711898, -3.0086439]"
the champion gave the candy to them .,a scientist designed a box for her .,PD,PD,GIVE,DESIGN,THE,A,to,for,-36.89522933959961,"[-3.5922527, -8.02261, -7.518842, -0.7448056, -7.3372517, -2.9529462, -4.312951, -2.4135706]"
the champion gave the candy to them .,a scientist designed her a box .,PD,DO,GIVE,DESIGN,THE,A,to,for,-41.1955451965332,"[-3.5922527, -8.02261, -7.518842, -6.467081, -6.8443527, -6.2878895, -2.4625182]"
the champion gave the pie to him .,a guy threw a bag to you .,PD,PD,GIVE,THROW,THE,A,to,to,-35.10460662841797,"[-3.5981007, -7.2404175, -6.2403474, -0.48235035, -4.7926664, -5.904464, -5.9890265, -0.85723233]"
the champion gave the pie to him .,a guy threw you a bag .,PD,DO,GIVE,THROW,THE,A,to,to,-32.24798583984375,"[-3.5981007, -7.2404175, -6.2403474, -7.0356054, -0.4758485, -5.1508517, -2.5068133]"
the champion gave the pie to us .,an administration designed an anchor for him .,PD,PD,GIVE,DESIGN,THE,A,to,for,-50.64668273925781,"[-5.7061925, -8.706769, -8.995021, -7.607197, -10.246641, -1.6154288, -6.8761735, -0.8932586]"
the champion gave the pie to us .,an administration designed him an anchor .,PD,DO,GIVE,DESIGN,THE,A,to,for,-49.85676193237305,"[-5.7061925, -8.706769, -8.995021, -10.114357, -6.3527966, -8.649256, -1.3323702]"
the champion gave the wire to it .,a son showed a glass to us .,PD,PD,GIVE,SHOW,THE,A,to,to,-39.9002685546875,"[-3.5566514, -8.768545, -6.477961, -2.7733216, -8.548001, -1.884317, -7.1234417, -0.7680305]"
the champion gave the wire to it .,a son showed us a glass .,PD,DO,GIVE,SHOW,THE,A,to,to,-36.87733840942383,"[-3.5566514, -8.768545, -6.477961, -4.690454, -1.7850063, -8.138418, -3.4603014]"
the champion gave them the candy .,a scientist designed a box for her .,DO,PD,GIVE,DESIGN,THE,A,to,for,-36.705482482910156,"[-3.6319582, -7.9138174, -7.502759, -0.87319666, -7.302989, -3.0591846, -3.9656632, -2.4559186]"
the champion gave them the candy .,a scientist designed her a box .,DO,DO,GIVE,DESIGN,THE,A,to,for,-39.44072723388672,"[-3.6319582, -7.9138174, -7.502759, -6.101016, -6.3758583, -6.1363773, -1.7789415]"
the champion gave us the pie .,an administration designed an anchor for him .,DO,PD,GIVE,DESIGN,THE,A,to,for,-50.86222457885742,"[-5.717125, -8.744264, -8.851341, -7.3601766, -10.199916, -1.7261484, -7.2828045, -0.9804513]"
the champion gave us the pie .,an administration designed him an anchor .,DO,DO,GIVE,DESIGN,THE,A,to,for,-48.4324951171875,"[-5.717125, -8.744264, -8.851341, -9.74739, -5.682011, -8.739088, -0.95127493]"
the champion got her the cheese .,an opponent supplied a juice to you .,DO,PD,GET,SUPPLY,THE,A,for,to,-47.82201385498047,"[-5.6791525, -7.9191136, -12.102852, -2.0812182, -9.849264, -1.9365261, -7.3398514, -0.91403294]"
the champion got her the cheese .,an opponent supplied you a juice .,DO,DO,GET,SUPPLY,THE,A,for,to,-46.96848678588867,"[-5.6791525, -7.9191136, -12.102852, -6.3008094, -5.0359716, -8.628527, -1.3020608]"
the champion got me the coffee .,an adult bought a salad for you .,DO,PD,GET,BUY,THE,A,for,for,-40.29109573364258,"[-5.720561, -6.4467163, -8.655903, -1.5802208, -8.344465, -2.0526328, -6.4130206, -1.0775769]"
the champion got me the coffee .,an adult bought you a salad .,DO,DO,GET,BUY,THE,A,for,for,-36.08487319946289,"[-5.720561, -6.4467163, -8.655903, -5.4713416, -1.0631876, -7.7348757, -0.9922892]"
the champion got me the pie .,a priest supplied a beer to you .,DO,PD,GET,SUPPLY,THE,A,for,to,-43.13991928100586,"[-3.6067665, -8.412376, -11.966763, -2.43413, -6.989694, -0.47323844, -7.9448247, -1.3121258]"
the champion got me the pie .,a priest supplied you a beer .,DO,DO,GET,SUPPLY,THE,A,for,to,-41.383056640625,"[-3.6067665, -8.412376, -11.966763, -6.669507, -4.9734025, -4.615788, -1.1384526]"
the champion got the cheese for her .,an opponent supplied a juice to you .,PD,PD,GET,SUPPLY,THE,A,for,to,-47.01333999633789,"[-5.695855, -7.988678, -12.435466, -2.1706257, -9.153496, -1.8718953, -6.706671, -0.9906533]"
the champion got the cheese for her .,an opponent supplied you a juice .,PD,DO,GET,SUPPLY,THE,A,for,to,-47.917205810546875,"[-5.695855, -7.988678, -12.435466, -5.7286053, -5.0965056, -8.923178, -2.0489202]"
the champion got the coffee for me .,an adult bought a salad for you .,PD,PD,GET,BUY,THE,A,for,for,-39.0308837890625,"[-5.7049565, -6.4134493, -8.917494, -1.0540264, -8.669054, -1.1274214, -6.2129364, -0.9315449]"
the champion got the coffee for me .,an adult bought you a salad .,PD,DO,GET,BUY,THE,A,for,for,-37.851226806640625,"[-5.7049565, -6.4134493, -8.917494, -6.551893, -1.0860931, -7.817831, -1.3595077]"
the champion got the pie for me .,a priest supplied a beer to you .,PD,PD,GET,SUPPLY,THE,A,for,to,-44.607177734375,"[-3.5482419, -8.589962, -12.137883, -2.332637, -8.13484, -0.5308158, -7.8488164, -1.483982]"
the champion got the pie for me .,a priest supplied you a beer .,PD,DO,GET,SUPPLY,THE,A,for,to,-45.03523254394531,"[-3.5482419, -8.589962, -12.137883, -7.1786833, -5.3765955, -5.9422483, -2.2616193]"
the champion got the pie for us .,a student fed a cheese to you .,PD,PD,GET,FEED,THE,A,for,to,-42.13865661621094,"[-3.5457287, -6.227773, -10.79638, -1.6114681, -6.534403, -3.111473, -8.418165, -1.8932668]"
the champion got the pie for us .,a student fed you a cheese .,PD,DO,GET,FEED,THE,A,for,to,-42.24463653564453,"[-3.5457287, -6.227773, -10.79638, -8.337921, -2.4176803, -7.488447, -3.430704]"
the champion got the pie for you .,an actress gave a bell to them .,PD,PD,GET,GIVE,THE,A,for,to,-43.0928955078125,"[-5.7289934, -7.461917, -7.08181, -1.1853164, -11.782471, -2.2262506, -6.531128, -1.0950086]"
the champion got the pie for you .,an actress gave them a bell .,PD,DO,GET,GIVE,THE,A,for,to,-42.272735595703125,"[-5.7289934, -7.461917, -7.08181, -7.274859, -0.7982813, -11.639746, -2.2871284]"
the champion got the pie for you .,a buddy left a flower for him .,PD,PD,GET,LEAVE,THE,A,for,for,-38.0528564453125,"[-3.543436, -10.219721, -7.394183, -1.3691272, -8.555556, -1.7263197, -4.310048, -0.93446815]"
the champion got the pie for you .,a buddy left him a flower .,PD,DO,GET,LEAVE,THE,A,for,for,-36.335060119628906,"[-3.543436, -10.219721, -7.394183, -4.2910557, -1.1209453, -8.367188, -1.3985279]"
the champion got us the pie .,a student fed a cheese to you .,DO,PD,GET,FEED,THE,A,for,to,-42.27394485473633,"[-3.583898, -6.214383, -10.630066, -1.807034, -6.520498, -3.002073, -8.731278, -1.7847154]"
the champion got us the pie .,a student fed you a cheese .,DO,DO,GET,FEED,THE,A,for,to,-39.341392517089844,"[-3.583898, -6.214383, -10.630066, -7.6188006, -1.9891646, -7.146718, -2.1583624]"
the champion got you the pie .,an actress gave a bell to them .,DO,PD,GET,GIVE,THE,A,for,to,-43.15460205078125,"[-5.7056837, -7.3296785, -6.931715, -1.467741, -11.733019, -1.6643815, -7.2833576, -1.0390241]"
the champion got you the pie .,an actress gave them a bell .,DO,DO,GET,GIVE,THE,A,for,to,-40.3703727722168,"[-5.7056837, -7.3296785, -6.931715, -7.186039, -0.9755652, -11.073919, -1.1677727]"
the champion got you the pie .,a buddy left a flower for him .,DO,PD,GET,LEAVE,THE,A,for,for,-38.357017517089844,"[-3.5832033, -9.952793, -7.192067, -1.6542025, -8.302871, -2.7486458, -3.9345126, -0.9887199]"
the champion got you the pie .,a buddy left him a flower .,DO,DO,GET,LEAVE,THE,A,for,for,-34.837646484375,"[-3.5832033, -9.952793, -7.192067, -4.149559, -0.9895764, -8.071988, -0.89846027]"
the champion kept her the chocolate .,a father sold a chicken to us .,DO,PD,KEEP,SELL,THE,A,for,to,-38.73033905029297,"[-3.571174, -7.0405145, -9.604511, -1.7175426, -4.918934, -1.4053, -8.822194, -1.650167]"
the champion kept her the chocolate .,a father sold us a chicken .,DO,DO,KEEP,SELL,THE,A,for,to,-37.296512603759766,"[-3.571174, -7.0405145, -9.604511, -9.622279, -0.7889898, -5.51822, -1.1508232]"
the champion kept him the anchor .,a hero brought a chocolate to it .,DO,PD,KEEP,BRING,THE,A,for,to,-43.75164794921875,"[-3.584807, -7.899867, -7.352892, -2.6469712, -10.923084, -3.8027892, -6.777625, -0.7636105]"
the champion kept him the anchor .,a hero brought it a chocolate .,DO,DO,KEEP,BRING,THE,A,for,to,-43.53059387207031,"[-3.584807, -7.899867, -7.352892, -4.034387, -5.8327436, -11.654768, -3.1711287]"
the champion kept him the anchor .,a scientist made a plate for you .,DO,PD,KEEP,MAKE,THE,A,for,for,-38.06837463378906,"[-3.584807, -7.9567137, -6.0733433, -1.1251307, -9.528964, -4.6350904, -4.184931, -0.97939587]"
the champion kept him the anchor .,a scientist made you a plate .,DO,DO,KEEP,MAKE,THE,A,for,for,-36.900390625,"[-3.584807, -7.9567137, -6.0733433, -6.861871, -1.8813748, -9.191637, -1.350645]"
the champion kept him the chocolate .,a mayor promised a tea to me .,DO,PD,KEEP,PROMISE,THE,A,for,to,-45.38743209838867,"[-3.5970788, -10.170645, -7.9855833, -2.211085, -9.7320595, -2.6655238, -7.166893, -1.8585645]"
the champion kept him the chocolate .,a mayor promised me a tea .,DO,DO,KEEP,PROMISE,THE,A,for,to,-40.02953338623047,"[-3.5970788, -10.170645, -7.9855833, -8.084133, -1.1222745, -7.5953274, -1.4744933]"
the champion kept me the beer .,a student sold a chicken to us .,DO,PD,KEEP,SELL,THE,A,for,to,-37.903900146484375,"[-3.5464053, -6.150648, -9.81428, -1.5377101, -6.321148, -1.5474517, -7.505124, -1.4811293]"
the champion kept me the beer .,a student sold us a chicken .,DO,DO,KEEP,SELL,THE,A,for,to,-35.372840881347656,"[-3.5464053, -6.150648, -9.81428, -6.5260954, -0.7574235, -7.5531397, -1.0248466]"
the champion kept me the beer .,an actor delivered a pie for you .,DO,PD,KEEP,DELIVER,THE,A,for,for,-41.66266632080078,"[-5.696832, -6.468595, -9.8814535, -0.73687184, -10.214136, -2.5722923, -5.132028, -0.9604554]"
the champion kept me the beer .,an actor delivered you a pie .,DO,DO,KEEP,DELIVER,THE,A,for,for,-39.305381774902344,"[-5.696832, -6.468595, -9.8814535, -7.0194397, -0.7966502, -8.796667, -0.6457455]"
the champion kept me the tea .,a hero bought a chicken for you .,DO,PD,KEEP,BUY,THE,A,for,for,-37.780277252197266,"[-3.5684628, -8.255966, -8.442139, -0.8694664, -6.6907372, -2.6094584, -6.467665, -0.876382]"
the champion kept me the tea .,a hero bought you a chicken .,DO,DO,KEEP,BUY,THE,A,for,for,-34.86757278442383,"[-3.5684628, -8.255966, -8.442139, -5.4718223, -0.69004315, -7.2632976, -1.1758405]"
the champion kept the anchor for him .,a hero brought a chocolate to it .,PD,PD,KEEP,BRING,THE,A,for,to,-45.46953582763672,"[-3.5679846, -7.9618616, -7.4544806, -3.043354, -11.637165, -3.6579795, -7.4068274, -0.73988116]"
the champion kept the anchor for him .,a hero brought it a chocolate .,PD,DO,KEEP,BRING,THE,A,for,to,-46.0321044921875,"[-3.5679846, -7.9618616, -7.4544806, -4.8369865, -6.574932, -12.115018, -3.5208435]"
the champion kept the anchor for him .,a scientist made a plate for you .,PD,PD,KEEP,MAKE,THE,A,for,for,-38.162445068359375,"[-3.5679846, -7.9830384, -6.0723786, -1.1685371, -9.870879, -4.0761046, -4.577562, -0.8459597]"
the champion kept the anchor for him .,a scientist made you a plate .,PD,DO,KEEP,MAKE,THE,A,for,for,-37.261234283447266,"[-3.5679846, -7.9830384, -6.0723786, -7.59165, -1.7878546, -8.712267, -1.5460628]"
the champion kept the anchor for us .,a singer sold a candy to them .,PD,PD,KEEP,SELL,THE,A,for,to,-46.56153106689453,"[-3.5681098, -9.91247, -9.942283, -2.031358, -8.162535, -4.8885117, -7.0352407, -1.0210218]"
the champion kept the anchor for us .,a singer sold them a candy .,PD,DO,KEEP,SELL,THE,A,for,to,-43.396240234375,"[-3.5681098, -9.91247, -9.942283, -6.7743263, -2.8369348, -7.266997, -3.0951226]"
the champion kept the beer for me .,a student sold a chicken to us .,PD,PD,KEEP,SELL,THE,A,for,to,-37.67876052856445,"[-3.5283756, -5.972205, -9.874846, -1.5652078, -6.0367565, -1.6704496, -7.2032833, -1.8276358]"
the champion kept the beer for me .,a student sold us a chicken .,PD,DO,KEEP,SELL,THE,A,for,to,-37.881256103515625,"[-3.5283756, -5.972205, -9.874846, -7.908088, -0.9500929, -7.590869, -2.0567815]"
the champion kept the beer for me .,an actor delivered a pie for you .,PD,PD,KEEP,DELIVER,THE,A,for,for,-41.058006286621094,"[-5.658886, -6.3652787, -9.869497, -0.65048593, -10.067893, -1.8770752, -5.520878, -1.0480108]"
the champion kept the beer for me .,an actor delivered you a pie .,PD,DO,KEEP,DELIVER,THE,A,for,for,-41.325469970703125,"[-5.658886, -6.3652787, -9.869497, -8.536566, -0.8030988, -8.95741, -1.1347315]"
the champion kept the beer for you .,a priest bought a coffee for me .,PD,PD,KEEP,BUY,THE,A,for,for,-34.80162048339844,"[-3.522152, -8.492422, -9.742675, -0.6478207, -5.9626284, -1.2582705, -3.9559608, -1.219691]"
the champion kept the beer for you .,a priest bought me a coffee .,PD,DO,KEEP,BUY,THE,A,for,for,-34.11212158203125,"[-3.522152, -8.492422, -9.742675, -6.152564, -0.4415052, -4.1117115, -1.6490916]"
the champion kept the chocolate for her .,a father sold a chicken to us .,PD,PD,KEEP,SELL,THE,A,for,to,-39.10350036621094,"[-3.5489197, -7.087428, -9.698044, -1.612922, -4.9758654, -1.3317666, -8.730453, -2.1181018]"
the champion kept the chocolate for her .,a father sold us a chicken .,PD,DO,KEEP,SELL,THE,A,for,to,-38.231971740722656,"[-3.5489197, -7.087428, -9.698044, -9.415515, -0.8248567, -5.729034, -1.928173]"
the champion kept the chocolate for him .,a mayor promised a tea to me .,PD,PD,KEEP,PROMISE,THE,A,for,to,-46.23052978515625,"[-3.5652623, -10.260567, -8.329858, -2.185654, -9.932526, -2.6269073, -7.4883776, -1.8413802]"
the champion kept the chocolate for him .,a mayor promised me a tea .,PD,DO,KEEP,PROMISE,THE,A,for,to,-42.64958572387695,"[-3.5652623, -10.260567, -8.329858, -9.134199, -1.1435184, -8.017645, -2.1985357]"
the champion kept the chocolate for us .,an actress sent a coat to him .,PD,PD,KEEP,SEND,THE,A,for,to,-45.77195739746094,"[-5.6863494, -7.2986093, -7.9969788, -1.2114208, -11.536114, -3.9542274, -6.2765017, -1.8117564]"
the champion kept the chocolate for us .,an actress sent him a coat .,PD,DO,KEEP,SEND,THE,A,for,to,-39.223854064941406,"[-5.6863494, -7.2986093, -7.9969788, -5.782836, -0.38716367, -9.709351, -2.3625693]"
the champion kept the chocolate for us .,a professor promised a salad to you .,PD,PD,KEEP,PROMISE,THE,A,for,to,-43.02312088012695,"[-3.5503373, -7.6597223, -10.120848, -2.114426, -8.949133, -2.8729815, -5.941984, -1.8136884]"
the champion kept the chocolate for us .,a professor promised you a salad .,PD,DO,KEEP,PROMISE,THE,A,for,to,-39.39550018310547,"[-3.5503373, -7.6597223, -10.120848, -6.072476, -1.8466113, -8.162218, -1.983289]"
the champion kept the tea for me .,a hero bought a chicken for you .,PD,PD,KEEP,BUY,THE,A,for,for,-36.39441680908203,"[-3.53171, -8.2507305, -8.544273, -0.76206183, -6.4273477, -1.913234, -6.0854263, -0.8796351]"
the champion kept the tea for me .,a hero bought you a chicken .,PD,DO,KEEP,BUY,THE,A,for,for,-37.107879638671875,"[-3.53171, -8.2507305, -8.544273, -6.8833485, -0.65964013, -7.162682, -2.075494]"
the champion kept the tea for us .,a soldier took a bowl to you .,PD,PD,KEEP,TAKE,THE,A,for,to,-41.92560577392578,"[-3.5461376, -7.52697, -5.6078644, -1.6925466, -9.791212, -5.1634727, -7.2626095, -1.3347913]"
the champion kept the tea for us .,a soldier took you a bowl .,PD,DO,KEEP,TAKE,THE,A,for,to,-45.25516128540039,"[-3.5461376, -7.52697, -5.6078644, -7.9906216, -6.1321464, -9.547806, -4.903615]"
the champion kept us the anchor .,a singer sold a candy to them .,DO,PD,KEEP,SELL,THE,A,for,to,-47.279823303222656,"[-3.5585146, -9.917194, -10.003781, -1.939934, -8.231246, -4.8451366, -7.6025534, -1.1814604]"
the champion kept us the anchor .,a singer sold them a candy .,DO,DO,KEEP,SELL,THE,A,for,to,-42.501869201660156,"[-3.5585146, -9.917194, -10.003781, -6.528099, -2.102853, -7.5557294, -2.8357003]"
the champion kept us the chocolate .,an actress sent a coat to him .,DO,PD,KEEP,SEND,THE,A,for,to,-45.8419189453125,"[-5.7001767, -7.3242593, -7.6762733, -1.4921753, -11.316548, -4.246017, -6.407604, -1.6788675]"
the champion kept us the chocolate .,an actress sent him a coat .,DO,DO,KEEP,SEND,THE,A,for,to,-38.2374267578125,"[-5.7001767, -7.3242593, -7.6762733, -5.980788, -0.43311504, -9.408796, -1.7140186]"
the champion kept us the chocolate .,a professor promised a salad to you .,DO,PD,KEEP,PROMISE,THE,A,for,to,-42.873138427734375,"[-3.5681481, -7.642515, -9.771128, -2.088138, -9.210699, -2.9961877, -6.0292907, -1.5670354]"
the champion kept us the chocolate .,a professor promised you a salad .,DO,DO,KEEP,PROMISE,THE,A,for,to,-37.424468994140625,"[-3.5681481, -7.642515, -9.771128, -5.482446, -1.7915759, -8.015926, -1.1527286]"
the champion kept us the tea .,a soldier took a bowl to you .,DO,PD,KEEP,TAKE,THE,A,for,to,-42.65688705444336,"[-3.5449252, -7.5253496, -5.419053, -1.6535254, -10.098866, -4.971573, -7.965874, -1.4777199]"
the champion kept us the tea .,a soldier took you a bowl .,DO,DO,KEEP,TAKE,THE,A,for,to,-42.123558044433594,"[-3.5449252, -7.5253496, -5.419053, -7.5459766, -4.536822, -9.243609, -4.3078218]"
the champion kept you the beer .,a priest bought a coffee for me .,DO,PD,KEEP,BUY,THE,A,for,for,-38.20282745361328,"[-3.5460267, -8.694139, -9.923443, -0.5368182, -6.183357, -2.6560478, -5.456545, -1.2064482]"
the champion kept you the beer .,a priest bought me a coffee .,DO,DO,KEEP,BUY,THE,A,for,for,-33.29521179199219,"[-3.5460267, -8.694139, -9.923443, -5.7174087, -0.4033771, -4.0487595, -0.96205646]"
the champion left him the beer .,a physician got a meal for them .,DO,PD,LEAVE,GET,THE,A,for,for,-45.905494689941406,"[-3.568332, -8.928883, -9.143169, -1.2993401, -10.824024, -2.3788748, -8.722254, -1.0406184]"
the champion left him the beer .,a physician got them a meal .,DO,DO,LEAVE,GET,THE,A,for,for,-38.67620849609375,"[-3.568332, -8.928883, -9.143169, -7.942705, -1.4521811, -6.6547318, -0.9862031]"
the champion left it the beer .,a leader got a salad for us .,DO,PD,LEAVE,GET,THE,A,for,for,-47.79330062866211,"[-3.5032477, -7.955924, -11.662306, -1.0285358, -12.090368, -2.6154432, -8.049175, -0.88829994]"
the champion left it the beer .,a leader got us a salad .,DO,DO,LEAVE,GET,THE,A,for,for,-43.064273834228516,"[-3.5032477, -7.955924, -11.662306, -8.135422, -1.222292, -9.614845, -0.970237]"
the champion left me the bag .,a chief kept a salad for you .,DO,PD,LEAVE,KEEP,THE,A,for,for,-48.29560852050781,"[-3.5523987, -9.085418, -10.584356, -2.0585575, -11.515054, -3.3895893, -6.86333, -1.2469049]"
the champion left me the bag .,a chief kept you a salad .,DO,DO,LEAVE,KEEP,THE,A,for,for,-44.96601867675781,"[-3.5523987, -9.085418, -10.584356, -5.485471, -4.571637, -10.146547, -1.5401912]"
the champion left me the beer .,a brother gave a candy to you .,DO,PD,LEAVE,GIVE,THE,A,for,to,-42.41875457763672,"[-3.5312705, -8.976694, -7.5809555, -2.1423445, -10.465241, -0.87154156, -7.962596, -0.8881079]"
the champion left me the beer .,a brother gave you a candy .,DO,DO,LEAVE,GIVE,THE,A,for,to,-34.06052017211914,"[-3.5312705, -8.976694, -7.5809555, -5.5695257, -0.9171746, -6.4563127, -1.0285879]"
the champion left me the beer .,a nurse saved a salad for you .,DO,PD,LEAVE,SAVE,THE,A,for,for,-44.622074127197266,"[-3.5312705, -8.015432, -8.790617, -1.0208343, -13.277606, -2.084515, -7.061821, -0.83997816]"
the champion left me the beer .,a nurse saved you a salad .,DO,DO,LEAVE,SAVE,THE,A,for,for,-42.13130569458008,"[-3.5312705, -8.015432, -8.790617, -8.364704, -2.5430942, -9.963026, -0.9231629]"
the champion left me the key .,an actress purchased an instrument for you .,DO,PD,LEAVE,PURCHASE,THE,A,for,for,-44.44689178466797,"[-5.73364, -7.5128493, -10.441678, -2.805216, -6.7955675, -1.6341809, -8.377774, -1.1459833]"
the champion left me the key .,an actress purchased you an instrument .,DO,DO,LEAVE,PURCHASE,THE,A,for,for,-44.7244758605957,"[-5.73364, -7.5128493, -10.441678, -9.669554, -2.920042, -6.850725, -1.5959858]"
the champion left me the key .,a parent supplied a cheese to him .,DO,PD,LEAVE,SUPPLY,THE,A,for,to,-47.037269592285156,"[-3.5146623, -8.300478, -12.001637, -1.6173847, -11.721474, -1.853219, -6.6801667, -1.3482485]"
the champion left me the key .,a parent supplied him a cheese .,DO,DO,LEAVE,SUPPLY,THE,A,for,to,-43.36545944213867,"[-3.5146623, -8.300478, -12.001637, -5.430279, -2.0188837, -9.85462, -2.2448995]"
the champion left the bag for me .,a chief kept a salad for you .,PD,PD,LEAVE,KEEP,THE,A,for,for,-47.383819580078125,"[-3.5034804, -9.145967, -10.673911, -1.8070354, -11.757308, -2.754335, -6.708727, -1.0330565]"
the champion left the bag for me .,a chief kept you a salad .,PD,DO,LEAVE,KEEP,THE,A,for,for,-48.242149353027344,"[-3.5034804, -9.145967, -10.673911, -5.957884, -5.2393503, -11.751769, -1.9697912]"
the champion left the bag for us .,an author supplied a button to you .,PD,PD,LEAVE,SUPPLY,THE,A,for,to,-45.57489776611328,"[-5.732504, -7.4796495, -10.187469, -3.1610482, -10.696429, -0.99645865, -6.1688256, -1.1525148]"
the champion left the bag for us .,an author supplied you a button .,PD,DO,LEAVE,SUPPLY,THE,A,for,to,-49.6596794128418,"[-5.732504, -7.4796495, -10.187469, -6.983433, -8.012689, -8.796988, -2.4669466]"
the champion left the bag for you .,a scientist gave a pie to me .,PD,PD,LEAVE,GIVE,THE,A,for,to,-35.695648193359375,"[-3.505374, -8.434412, -7.4797688, -0.8667477, -9.604948, -0.31330913, -4.338003, -1.1530833]"
the champion left the bag for you .,a scientist gave me a pie .,PD,DO,LEAVE,GIVE,THE,A,for,to,-33.40656280517578,"[-3.505374, -8.434412, -7.4797688, -3.1092842, -0.5236426, -8.697236, -1.6568451]"
the champion left the beer for him .,a physician got a meal for them .,PD,PD,LEAVE,GET,THE,A,for,for,-44.220306396484375,"[-3.541338, -9.137465, -9.244042, -1.1046375, -10.497351, -1.3608738, -8.517367, -0.81723326]"
the champion left the beer for him .,a physician got them a meal .,PD,DO,LEAVE,GET,THE,A,for,for,-41.252769470214844,"[-3.541338, -9.137465, -9.244042, -8.18045, -2.1585393, -7.409436, -1.581498]"
the champion left the beer for it .,a leader got a salad for us .,PD,PD,LEAVE,GET,THE,A,for,for,-45.96696472167969,"[-3.5343091, -8.015593, -11.065006, -1.1401048, -11.5884495, -1.7753265, -8.121656, -0.7265177]"
the champion left the beer for it .,a leader got us a salad .,PD,DO,LEAVE,GET,THE,A,for,for,-43.87480163574219,"[-3.5343091, -8.015593, -11.065006, -8.324223, -1.6234189, -9.993982, -1.3182719]"
the champion left the beer for me .,a brother gave a candy to you .,PD,PD,LEAVE,GIVE,THE,A,for,to,-41.766414642333984,"[-3.5220585, -9.09784, -7.603584, -1.8333311, -10.270145, -0.9645084, -7.518724, -0.9562253]"
the champion left the beer for me .,a brother gave you a candy .,PD,DO,LEAVE,GIVE,THE,A,for,to,-35.79693603515625,"[-3.5220585, -9.09784, -7.603584, -5.7794456, -0.8041947, -6.877306, -2.1125083]"
the champion left the beer for me .,a nurse saved a salad for you .,PD,PD,LEAVE,SAVE,THE,A,for,for,-42.40524673461914,"[-3.5220585, -8.087076, -8.970215, -0.9973016, -13.106545, -1.0758215, -5.9386864, -0.7075427]"
the champion left the beer for me .,a nurse saved you a salad .,PD,DO,LEAVE,SAVE,THE,A,for,for,-44.756324768066406,"[-3.5220585, -8.087076, -8.970215, -8.710512, -3.5078385, -10.602118, -1.3565102]"
the champion left the beer for us .,a woman bought a salad for me .,PD,PD,LEAVE,BUY,THE,A,for,for,-32.835304260253906,"[-3.5229826, -4.2288632, -8.887357, -0.46452785, -8.828379, -1.205978, -4.492717, -1.2044978]"
the champion left the beer for us .,a woman bought me a salad .,PD,DO,LEAVE,BUY,THE,A,for,for,-33.449974060058594,"[-3.5229826, -4.2288632, -8.887357, -6.930043, -0.36876798, -7.7198005, -1.7921627]"
the champion left the key for me .,an actress purchased an instrument for you .,PD,PD,LEAVE,PURCHASE,THE,A,for,for,-44.020469665527344,"[-5.726738, -7.546726, -10.799495, -2.8496032, -7.0782213, -1.1373886, -7.9569197, -0.9253782]"
the champion left the key for me .,an actress purchased you an instrument .,PD,DO,LEAVE,PURCHASE,THE,A,for,for,-47.236671447753906,"[-5.726738, -7.546726, -10.799495, -10.074087, -3.018504, -7.933974, -2.1371493]"
the champion left the key for me .,a parent supplied a cheese to him .,PD,PD,LEAVE,SUPPLY,THE,A,for,to,-46.89219665527344,"[-3.4724414, -8.2267475, -12.203171, -1.4247754, -11.706311, -1.8907359, -6.6119165, -1.3560969]"
the champion left the key for me .,a parent supplied him a cheese .,PD,DO,LEAVE,SUPPLY,THE,A,for,to,-45.019859313964844,"[-3.4724414, -8.2267475, -12.203171, -5.8898735, -2.8626041, -9.743398, -2.621625]"
the champion left the key for them .,a child saved a juice for me .,PD,PD,LEAVE,SAVE,THE,A,for,for,-48.025062561035156,"[-3.4755025, -6.4035892, -9.732518, -1.8748188, -15.687897, -4.255908, -5.8781824, -0.71664673]"
the champion left the key for them .,a child saved me a juice .,PD,DO,LEAVE,SAVE,THE,A,for,for,-47.0284423828125,"[-3.4755025, -6.4035892, -9.732518, -8.491137, -3.258039, -13.675349, -1.9923059]"
the champion left the key for you .,a friend took an engine to her .,PD,PD,LEAVE,TAKE,THE,A,for,to,-39.705482482910156,"[-3.464776, -6.3801, -6.1681457, -3.993622, -8.641971, -2.0251794, -5.3730135, -3.658673]"
the champion left the key for you .,a friend took her an engine .,PD,DO,LEAVE,TAKE,THE,A,for,to,-39.59954071044922,"[-3.464776, -6.3801, -6.1681457, -3.9444973, -6.5566125, -11.153251, -1.9321592]"
the champion left the tea for us .,a sheriff made a flower for you .,PD,PD,LEAVE,MAKE,THE,A,for,for,-40.086341857910156,"[-3.5276744, -9.162432, -8.18824, -1.0590668, -10.506189, -2.28576, -4.6021976, -0.75478476]"
the champion left the tea for us .,a sheriff made you a flower .,PD,DO,LEAVE,MAKE,THE,A,for,for,-38.990196228027344,"[-3.5276744, -9.162432, -8.18824, -7.4693546, -1.6160486, -7.8417807, -1.1846668]"
the champion left the tea for us .,a colonel sold a bottle to them .,PD,PD,LEAVE,SELL,THE,A,for,to,-44.68370819091797,"[-3.5276744, -11.613436, -11.147339, -1.8851097, -5.2177577, -3.4345007, -6.9255886, -0.93230516]"
the champion left the tea for us .,a colonel sold them a bottle .,PD,DO,LEAVE,SELL,THE,A,for,to,-42.496395111083984,"[-3.5276744, -11.613436, -11.147339, -6.037202, -2.8804102, -3.5509548, -3.7393804]"
the champion left the tea for us .,an employee fed a salad to him .,PD,PD,LEAVE,FEED,THE,A,for,to,-39.174686431884766,"[-5.7182016, -4.690233, -12.099895, -1.3304029, -7.5343103, -0.84337604, -5.6392727, -1.318993]"
the champion left the tea for us .,an employee fed him a salad .,PD,DO,LEAVE,FEED,THE,A,for,to,-35.388404846191406,"[-5.7182016, -4.690233, -12.099895, -5.0059037, -0.9147612, -5.4490886, -1.5103192]"
the champion left them the key .,a child saved a juice for me .,DO,PD,LEAVE,SAVE,THE,A,for,for,-49.566139221191406,"[-3.5196471, -6.3822265, -9.447448, -1.9396863, -14.808069, -5.6782413, -6.8958883, -0.89493257]"
the champion left them the key .,a child saved me a juice .,DO,DO,LEAVE,SAVE,THE,A,for,for,-42.988975524902344,"[-3.5196471, -6.3822265, -9.447448, -7.257026, -2.076314, -12.513551, -1.7927628]"
the champion left us the bag .,an author supplied a button to you .,DO,PD,LEAVE,SUPPLY,THE,A,for,to,-44.694210052490234,"[-5.7282724, -7.1620493, -9.819962, -3.4672859, -10.454314, -0.9512717, -5.9460516, -1.165003]"
the champion left us the bag .,an author supplied you a button .,DO,DO,LEAVE,SUPPLY,THE,A,for,to,-49.26427459716797,"[-5.7282724, -7.1620493, -9.819962, -6.6471148, -9.320365, -8.747371, -1.8391418]"
the champion left us the beer .,a woman bought a salad for me .,DO,PD,LEAVE,BUY,THE,A,for,for,-34.91870880126953,"[-3.5506687, -4.3127785, -8.79774, -0.46810752, -8.847231, -1.9158729, -5.4921846, -1.5341243]"
the champion left us the beer .,a woman bought me a salad .,DO,DO,LEAVE,BUY,THE,A,for,for,-31.708518981933594,"[-3.5506687, -4.3127785, -8.79774, -6.062302, -0.4124051, -7.404491, -1.1681342]"
the champion left us the tea .,a sheriff made a flower for you .,DO,PD,LEAVE,MAKE,THE,A,for,for,-43.20777893066406,"[-3.5623598, -8.900561, -8.257811, -1.1559556, -10.751783, -3.9311311, -5.7543526, -0.89382654]"
the champion left us the tea .,a sheriff made you a flower .,DO,DO,LEAVE,MAKE,THE,A,for,for,-37.48463439941406,"[-3.5623598, -8.900561, -8.257811, -7.142297, -1.2673247, -7.592861, -0.7614169]"
the champion left us the tea .,a colonel sold a bottle to them .,DO,PD,LEAVE,SELL,THE,A,for,to,-45.7747688293457,"[-3.5623598, -11.424056, -11.276041, -1.9745665, -5.615491, -3.482725, -7.5070896, -0.9324417]"
the champion left us the tea .,a colonel sold them a bottle .,DO,DO,LEAVE,SELL,THE,A,for,to,-41.172183990478516,"[-3.5623598, -11.424056, -11.276041, -5.935754, -1.9465913, -3.3173563, -3.7100253]"
the champion left us the tea .,an employee fed a salad to him .,DO,PD,LEAVE,FEED,THE,A,for,to,-40.383426666259766,"[-5.7144623, -4.682769, -12.158167, -1.2780894, -7.980006, -0.7920832, -6.1444845, -1.6333647]"
the champion left us the tea .,an employee fed him a salad .,DO,DO,LEAVE,FEED,THE,A,for,to,-34.829139709472656,"[-5.7144623, -4.682769, -12.158167, -4.935524, -0.87645453, -5.313814, -1.1479483]"
the champion left you the bag .,a scientist gave a pie to me .,DO,PD,LEAVE,GIVE,THE,A,for,to,-36.64146041870117,"[-3.5149574, -8.400766, -7.5746474, -0.9877997, -9.157399, -0.23351987, -5.548849, -1.2235205]"
the champion left you the bag .,a scientist gave me a pie .,DO,DO,LEAVE,GIVE,THE,A,for,to,-32.48705291748047,"[-3.5149574, -8.400766, -7.5746474, -2.9921885, -0.548228, -8.23349, -1.2227778]"
the champion left you the key .,a friend took an engine to her .,DO,PD,LEAVE,TAKE,THE,A,for,to,-38.50030517578125,"[-3.5016384, -6.25801, -6.002892, -4.07712, -8.624147, -2.1595917, -4.7137704, -3.1631374]"
the champion left you the key .,a friend took her an engine .,DO,DO,LEAVE,TAKE,THE,A,for,to,-38.010257720947266,"[-3.5016384, -6.25801, -6.002892, -3.664054, -6.302935, -10.866212, -1.4145163]"
the champion made him the glass .,a candidate designed a coat for them .,DO,PD,MAKE,DESIGN,THE,A,for,for,-44.589385986328125,"[-3.567757, -8.4531355, -10.664603, -3.45278, -8.700178, -1.8083924, -6.969931, -0.9726113]"
the champion made him the glass .,a candidate designed them a coat .,DO,DO,MAKE,DESIGN,THE,A,for,for,-45.31233215332031,"[-3.567757, -8.4531355, -10.664603, -8.036271, -6.00202, -6.99165, -1.5968984]"
the champion made me the motor .,a singer sold a candy to them .,DO,PD,MAKE,SELL,THE,A,for,to,-46.65215301513672,"[-3.5404963, -10.188795, -9.858425, -1.7119372, -8.828209, -3.6519992, -7.711112, -1.16118]"
the champion made me the motor .,a singer sold them a candy .,DO,DO,MAKE,SELL,THE,A,for,to,-41.912227630615234,"[-3.5404963, -10.188795, -9.858425, -6.5551424, -1.5286369, -7.8682375, -2.3724935]"
the champion made me the plate .,a singer saved a chocolate for us .,DO,PD,MAKE,SAVE,THE,A,for,for,-49.61315155029297,"[-3.5990524, -10.113599, -10.582495, -1.7584625, -10.638771, -6.7348304, -5.137808, -1.0481361]"
the champion made me the plate .,a singer saved us a chocolate .,DO,DO,MAKE,SAVE,THE,A,for,for,-45.33175277709961,"[-3.5990524, -10.113599, -10.582495, -5.734588, -2.8915653, -8.998516, -3.4119382]"
the champion made me the plate .,an actor showed a chicken to you .,DO,PD,MAKE,SHOW,THE,A,for,to,-42.051876068115234,"[-5.7353, -6.483734, -7.6475854, -2.695678, -8.010659, -2.9729455, -7.064752, -1.441222]"
the champion made me the plate .,an actor showed you a chicken .,DO,DO,MAKE,SHOW,THE,A,for,to,-37.097599029541016,"[-5.7353, -6.483734, -7.6475854, -5.6313343, -1.5057741, -8.282564, -1.8113061]"
the champion made me the plate .,a son supplied an iron to you .,DO,PD,MAKE,SUPPLY,THE,A,for,to,-46.148956298828125,"[-3.5990524, -8.597998, -11.937292, -4.6834416, -6.5049586, -2.8194385, -6.931821, -1.0749532]"
the champion made me the plate .,a son supplied you an iron .,DO,DO,MAKE,SUPPLY,THE,A,for,to,-44.938926696777344,"[-3.5990524, -8.597998, -11.937292, -6.2396684, -5.4135804, -6.9404945, -2.2108433]"
the champion made me the television .,a husband found a salad for it .,DO,PD,MAKE,FIND,THE,A,for,for,-44.704315185546875,"[-3.5443242, -8.813797, -6.3887625, -1.4286942, -10.568911, -3.6253343, -8.811068, -1.5234289]"
the champion made me the television .,a husband found it a salad .,DO,DO,MAKE,FIND,THE,A,for,for,-40.073974609375,"[-3.5443242, -8.813797, -6.3887625, -4.307092, -3.5640802, -12.303989, -1.1519303]"
the champion made me the television .,a parent kept a juice for him .,DO,PD,MAKE,KEEP,THE,A,for,for,-48.805755615234375,"[-3.5443242, -8.330225, -8.627729, -1.651426, -13.139137, -5.7298408, -6.077138, -1.7059345]"
the champion made me the television .,a parent kept him a juice .,DO,DO,MAKE,KEEP,THE,A,for,for,-43.62739562988281,"[-3.5443242, -8.330225, -8.627729, -5.0485797, -4.156865, -11.138895, -2.780777]"
the champion made the glass for him .,a candidate designed a coat for them .,PD,PD,MAKE,DESIGN,THE,A,for,for,-42.56739807128906,"[-3.5698256, -8.397305, -10.877121, -2.8164065, -9.016323, -1.1647643, -5.8293447, -0.8963102]"
the champion made the glass for him .,a candidate designed them a coat .,PD,DO,MAKE,DESIGN,THE,A,for,for,-47.059593200683594,"[-3.5698256, -8.397305, -10.877121, -8.049393, -6.0372477, -8.263247, -1.8654548]"
the champion made the motor for me .,a singer sold a candy to them .,PD,PD,MAKE,SELL,THE,A,for,to,-46.21583938598633,"[-3.495034, -10.253691, -9.891922, -1.731415, -9.010929, -3.158955, -7.501069, -1.172825]"
the champion made the motor for me .,a singer sold them a candy .,PD,DO,MAKE,SELL,THE,A,for,to,-43.38575744628906,"[-3.495034, -10.253691, -9.891922, -6.9385586, -2.3880143, -7.677334, -2.7412064]"
the champion made the plate for me .,a singer saved a chocolate for us .,PD,PD,MAKE,SAVE,THE,A,for,for,-48.613651275634766,"[-3.5687022, -10.068796, -10.768314, -1.5081974, -10.845348, -6.477824, -4.4606233, -0.9158435]"
the champion made the plate for me .,a singer saved us a chocolate .,PD,DO,MAKE,SAVE,THE,A,for,for,-50.39801788330078,"[-3.5687022, -10.068796, -10.768314, -7.084392, -4.0632563, -10.461278, -4.3832808]"
the champion made the plate for me .,an actor showed a chicken to you .,PD,PD,MAKE,SHOW,THE,A,for,to,-42.7010498046875,"[-5.731934, -6.415637, -7.832393, -2.7218957, -8.004609, -3.2471738, -7.2244186, -1.5229884]"
the champion made the plate for me .,an actor showed you a chicken .,PD,DO,MAKE,SHOW,THE,A,for,to,-39.13037872314453,"[-5.731934, -6.415637, -7.832393, -6.3154435, -1.7746614, -8.386927, -2.6733823]"
the champion made the plate for me .,a son supplied an iron to you .,PD,PD,MAKE,SUPPLY,THE,A,for,to,-45.902374267578125,"[-3.5687022, -8.584968, -11.893675, -4.5412, -6.279651, -2.7937965, -7.1394196, -1.1009631]"
the champion made the plate for me .,a son supplied you an iron .,PD,DO,MAKE,SUPPLY,THE,A,for,to,-46.87834167480469,"[-3.5687022, -8.584968, -11.893675, -6.912063, -5.9585466, -7.2656565, -2.6947286]"
the champion made the plate for us .,a professor saved a bell for you .,PD,PD,MAKE,SAVE,THE,A,for,for,-44.06498336791992,"[-3.5629115, -7.7346225, -11.962415, -1.6038153, -10.959554, -2.9132235, -4.727686, -0.60075617]"
the champion made the plate for us .,a professor saved you a bell .,PD,DO,MAKE,SAVE,THE,A,for,for,-46.071449279785156,"[-3.5629115, -7.7346225, -11.962415, -7.2925262, -3.2189584, -11.043549, -1.256468]"
the champion made the plate for you .,a bishop caught a log for him .,PD,PD,MAKE,CATCH,THE,A,for,for,-44.903987884521484,"[-3.558558, -10.01198, -7.981011, -4.1613216, -10.288346, -3.259199, -4.5235977, -1.1199746]"
the champion made the plate for you .,a bishop caught him a log .,PD,DO,MAKE,CATCH,THE,A,for,for,-46.81696701049805,"[-3.558558, -10.01198, -7.981011, -8.39657, -5.5475683, -9.561012, -1.760267]"
the champion made the television for me .,a husband found a salad for it .,PD,PD,MAKE,FIND,THE,A,for,for,-44.15453338623047,"[-3.550568, -8.809104, -6.6702213, -1.4526421, -10.554546, -3.3250976, -8.70724, -1.0851125]"
the champion made the television for me .,a husband found it a salad .,PD,DO,MAKE,FIND,THE,A,for,for,-41.217769622802734,"[-3.550568, -8.809104, -6.6702213, -4.4925504, -3.6357565, -12.743069, -1.3164983]"
the champion made the television for me .,a parent kept a juice for him .,PD,PD,MAKE,KEEP,THE,A,for,for,-46.90853500366211,"[-3.550568, -8.313258, -8.628461, -1.5233582, -13.108542, -5.352848, -5.095453, -1.3360444]"
the champion made the television for me .,a parent kept him a juice .,PD,DO,MAKE,KEEP,THE,A,for,for,-45.5052490234375,"[-3.550568, -8.313258, -8.628461, -5.48654, -4.785141, -11.353897, -3.387384]"
the champion made the television for you .,a manager threw an anchor to him .,PD,PD,MAKE,THROW,THE,A,for,to,-39.62024688720703,"[-3.5404747, -8.811897, -9.152054, -3.3305347, -6.728843, -1.8369081, -4.687204, -1.532332]"
the champion made the television for you .,a manager threw him an anchor .,PD,DO,MAKE,THROW,THE,A,for,to,-41.584346771240234,"[-3.5404747, -8.811897, -9.152054, -4.297991, -5.0413322, -8.771599, -1.9690003]"
the champion made us the plate .,a professor saved a bell for you .,DO,PD,MAKE,SAVE,THE,A,for,for,-44.476505279541016,"[-3.571345, -7.733983, -11.370189, -2.0069427, -10.792711, -3.2963972, -5.012566, -0.6923705]"
the champion made us the plate .,a professor saved you a bell .,DO,DO,MAKE,SAVE,THE,A,for,for,-42.429908752441406,"[-3.571345, -7.733983, -11.370189, -6.2635202, -2.2496738, -10.37749, -0.86371046]"
the champion made you the plate .,a bishop caught a log for him .,DO,PD,MAKE,CATCH,THE,A,for,for,-45.8000602722168,"[-3.5585914, -10.152813, -7.84284, -3.4111419, -10.215239, -3.8506737, -5.572337, -1.196423]"
the champion made you the plate .,a bishop caught him a log .,DO,DO,MAKE,CATCH,THE,A,for,for,-45.33271026611328,"[-3.5585914, -10.152813, -7.84284, -7.3658032, -5.629426, -9.518077, -1.2651567]"
the champion made you the television .,a manager threw an anchor to him .,DO,PD,MAKE,THROW,THE,A,for,to,-40.465675354003906,"[-3.5253735, -8.791518, -9.149117, -3.327169, -7.1332684, -1.7994939, -4.9457426, -1.7939936]"
the champion made you the television .,a manager threw him an anchor .,DO,DO,MAKE,THROW,THE,A,for,to,-41.38455581665039,"[-3.5253735, -8.791518, -9.149117, -3.66544, -4.6640415, -9.656137, -1.9329294]"
the champion promised her the flower .,a writer kept a juice for us .,DO,PD,PROMISE,KEEP,THE,A,to,for,-49.4163932800293,"[-3.6374269, -7.6372747, -9.5369625, -2.474476, -13.598735, -5.723618, -5.4375563, -1.3703444]"
the champion promised her the flower .,a writer kept us a juice .,DO,DO,PROMISE,KEEP,THE,A,to,for,-47.706443786621094,"[-3.6374269, -7.6372747, -9.5369625, -6.397152, -5.4357047, -13.1328335, -1.9290929]"
the champion promised him the glass .,a writer purchased an iron for it .,DO,PD,PROMISE,PURCHASE,THE,A,to,for,-44.071834564208984,"[-3.66689, -7.6369295, -9.970342, -2.864273, -7.909407, -5.003353, -6.1308975, -0.88974196]"
the champion promised him the glass .,a writer purchased it an iron .,DO,DO,PROMISE,PURCHASE,THE,A,to,for,-47.25263214111328,"[-3.66689, -7.6369295, -9.970342, -5.039551, -8.441257, -10.085483, -2.4121819]"
the champion promised him the glass .,a prince supplied a salad to you .,DO,PD,PROMISE,SUPPLY,THE,A,to,to,-44.02484893798828,"[-3.66689, -10.255407, -9.927721, -2.5363078, -7.7726912, -1.6447083, -7.369648, -0.8514769]"
the champion promised him the glass .,a prince supplied you a salad .,DO,DO,PROMISE,SUPPLY,THE,A,to,to,-41.30314636230469,"[-3.66689, -10.255407, -9.927721, -5.3315883, -3.9922638, -7.204789, -0.92448545]"
the champion promised him the glass .,a lawyer caught an engine for it .,DO,PD,PROMISE,CATCH,THE,A,to,for,-48.56276321411133,"[-3.66689, -6.8781633, -9.708905, -6.095094, -8.509859, -6.2098627, -6.3269253, -1.1670626]"
the champion promised him the glass .,a lawyer caught it an engine .,DO,DO,PROMISE,CATCH,THE,A,to,for,-47.43181610107422,"[-3.66689, -6.8781633, -9.708905, -5.390146, -9.717573, -10.425418, -1.6447209]"
the champion promised him the tea .,an employee delivered a beer for us .,DO,PD,PROMISE,DELIVER,THE,A,to,for,-36.256168365478516,"[-5.7222595, -4.814256, -8.683309, -1.1030135, -6.574609, -3.9147196, -4.5110054, -0.93299717]"
the champion promised him the tea .,an employee delivered us a beer .,DO,DO,PROMISE,DELIVER,THE,A,to,for,-32.451576232910156,"[-5.7222595, -4.814256, -8.683309, -5.6996427, -1.0579985, -5.2641525, -1.209959]"
the champion promised it the glass .,a sheriff purchased a bottle for you .,DO,PD,PROMISE,PURCHASE,THE,A,to,for,-43.803741455078125,"[-3.6678042, -8.653112, -11.15463, -0.9098656, -5.976184, -4.704744, -7.585726, -1.1516744]"
the champion promised it the glass .,a sheriff purchased you a bottle .,DO,DO,PROMISE,PURCHASE,THE,A,to,for,-40.25111389160156,"[-3.6678042, -8.653112, -11.15463, -8.882042, -0.6201143, -4.2786345, -2.9947758]"
the champion promised me the juice .,an attorney bought a salad for you .,DO,PD,PROMISE,BUY,THE,A,to,for,-41.96617126464844,"[-5.7467933, -5.6620617, -10.075215, -1.2580856, -9.866178, -1.9667183, -6.4148707, -0.97624636]"
the champion promised me the juice .,an attorney bought you a salad .,DO,DO,PROMISE,BUY,THE,A,to,for,-37.4107666015625,"[-5.7467933, -5.6620617, -10.075215, -6.517817, -1.0228211, -7.327899, -1.0581574]"
the champion promised the cheese to us .,a father brought a beer to me .,PD,PD,PROMISE,BRING,THE,A,to,to,-30.46835708618164,"[-3.6208918, -7.2531466, -7.1326313, -1.8461127, -7.1141925, -0.2993391, -2.0904307, -1.1116107]"
the champion promised the cheese to us .,a father brought me a beer .,PD,DO,PROMISE,BRING,THE,A,to,to,-30.837804794311523,"[-3.6208918, -7.2531466, -7.1326313, -4.496242, -1.4136697, -5.259948, -1.6612755]"
the champion promised the flower to her .,a writer kept a juice for us .,PD,PD,PROMISE,KEEP,THE,A,to,for,-49.50182342529297,"[-3.6030302, -7.641833, -9.729373, -1.9181877, -13.5216, -5.7193046, -5.9625406, -1.4059509]"
the champion promised the flower to her .,a writer kept us a juice .,PD,DO,PROMISE,KEEP,THE,A,to,for,-49.0245361328125,"[-3.6030302, -7.641833, -9.729373, -6.5947633, -5.400311, -13.350666, -2.7045612]"
the champion promised the flower to them .,a boy purchased a beer for it .,PD,PD,PROMISE,PURCHASE,THE,A,to,for,-37.92921447753906,"[-3.6026065, -6.825392, -10.21876, -0.7412452, -5.625593, -2.1892018, -7.504889, -1.2215266]"
the champion promised the flower to them .,a boy purchased it a beer .,PD,DO,PROMISE,PURCHASE,THE,A,to,for,-41.94886016845703,"[-3.6026065, -6.825392, -10.21876, -6.124345, -6.1389637, -6.852916, -2.185875]"
the champion promised the flower to you .,a buddy gave a bag to him .,PD,PD,PROMISE,GIVE,THE,A,to,to,-35.38885498046875,"[-3.6040778, -9.904173, -5.802166, -2.772145, -6.4110055, -1.5441406, -4.2752337, -1.0759143]"
the champion promised the flower to you .,a buddy gave him a bag .,PD,DO,PROMISE,GIVE,THE,A,to,to,-30.835674285888672,"[-3.6040778, -9.904173, -5.802166, -2.9068925, -0.55842334, -4.9139013, -3.1460397]"
the champion promised the glass to him .,a writer purchased an iron for it .,PD,PD,PROMISE,PURCHASE,THE,A,to,for,-44.845481872558594,"[-3.600958, -7.7125893, -10.224611, -2.79791, -8.233374, -4.6230087, -6.7554455, -0.89758664]"
the champion promised the glass to him .,a writer purchased it an iron .,PD,DO,PROMISE,PURCHASE,THE,A,to,for,-48.263946533203125,"[-3.600958, -7.7125893, -10.224611, -5.7504416, -8.749519, -9.6358385, -2.5899901]"
the champion promised the glass to him .,a prince supplied a salad to you .,PD,PD,PROMISE,SUPPLY,THE,A,to,to,-42.7580680847168,"[-3.600958, -10.422622, -10.213111, -2.0452394, -7.8069005, -0.9035023, -6.814455, -0.95128095]"
the champion promised the glass to him .,a prince supplied you a salad .,PD,DO,PROMISE,SUPPLY,THE,A,to,to,-42.85502624511719,"[-3.600958, -10.422622, -10.213111, -5.723954, -3.8766837, -7.7296667, -1.2880274]"
the champion promised the glass to him .,a lawyer caught an engine for it .,PD,PD,PROMISE,CATCH,THE,A,to,for,-50.96910858154297,"[-3.600958, -6.9922647, -9.423794, -6.9380093, -8.968577, -6.2333484, -7.2130814, -1.5990758]"
the champion promised the glass to him .,a lawyer caught it an engine .,PD,DO,PROMISE,CATCH,THE,A,to,for,-48.852500915527344,"[-3.600958, -6.9922647, -9.423794, -6.1722603, -9.845633, -10.74861, -2.068979]"
the champion promised the glass to it .,a sheriff purchased a bottle for you .,PD,PD,PROMISE,PURCHASE,THE,A,to,for,-44.40297317504883,"[-3.5653636, -8.705872, -11.626688, -0.7329707, -6.1286335, -4.589475, -7.7943444, -1.2596259]"
the champion promised the glass to it .,a sheriff purchased you a bottle .,PD,DO,PROMISE,PURCHASE,THE,A,to,for,-42.360450744628906,"[-3.5653636, -8.705872, -11.626688, -9.207235, -0.6215317, -4.61436, -4.0194025]"
the champion promised the juice to me .,an attorney bought a salad for you .,PD,PD,PROMISE,BUY,THE,A,to,for,-41.68519592285156,"[-5.739873, -5.8592606, -9.897149, -0.96286565, -9.989233, -1.9936728, -6.240851, -1.0022914]"
the champion promised the juice to me .,an attorney bought you a salad .,PD,DO,PROMISE,BUY,THE,A,to,for,-39.32707595825195,"[-5.739873, -5.8592606, -9.897149, -7.401537, -0.74348855, -8.097051, -1.5887172]"
the champion promised the juice to you .,a secretary took a coat to her .,PD,PD,PROMISE,TAKE,THE,A,to,to,-40.373680114746094,"[-3.6042275, -10.42013, -6.227176, -1.3881675, -8.61281, -3.2861986, -1.833499, -5.0014753]"
the champion promised the juice to you .,a secretary took her a coat .,PD,DO,PROMISE,TAKE,THE,A,to,to,-39.927284240722656,"[-3.6042275, -10.42013, -6.227176, -2.3205051, -6.469609, -8.350725, -2.5349107]"
the champion promised the tea to him .,an employee delivered a beer for us .,PD,PD,PROMISE,DELIVER,THE,A,to,for,-37.195316314697266,"[-5.7053986, -4.8239355, -9.16491, -0.9185347, -6.097973, -4.522333, -4.7532606, -1.2089732]"
the champion promised the tea to him .,an employee delivered us a beer .,PD,DO,PROMISE,DELIVER,THE,A,to,for,-34.532798767089844,"[-5.7053986, -4.8239355, -9.16491, -6.8366027, -0.90848583, -5.238905, -1.8545603]"
the champion promised the tea to them .,a winner made an anchor for you .,PD,PD,PROMISE,MAKE,THE,A,to,for,-43.33538818359375,"[-3.599976, -9.676725, -6.279887, -4.150548, -10.093564, -1.7979413, -6.735857, -1.0008888]"
the champion promised the tea to them .,a winner made you an anchor .,PD,DO,PROMISE,MAKE,THE,A,to,for,-40.685150146484375,"[-3.599976, -9.676725, -6.279887, -6.996602, -4.4856796, -7.9313164, -1.7149647]"
the champion promised the tea to us .,a bishop showed a coffee to you .,PD,PD,PROMISE,SHOW,THE,A,to,to,-42.32944107055664,"[-3.5978723, -9.608414, -8.433765, -2.3478184, -9.159633, -1.3886478, -6.828573, -0.9647175]"
the champion promised the tea to us .,a bishop showed you a coffee .,PD,DO,PROMISE,SHOW,THE,A,to,to,-40.05487060546875,"[-3.5978723, -9.608414, -8.433765, -5.8132553, -1.8575373, -7.4812365, -3.262789]"
the champion promised them the flower .,a boy purchased a beer for it .,DO,PD,PROMISE,PURCHASE,THE,A,to,for,-38.05915451049805,"[-3.6354475, -6.7647195, -10.156997, -0.82365453, -5.713321, -2.3128831, -7.6493673, -1.0027666]"
the champion promised them the flower .,a boy purchased it a beer .,DO,DO,PROMISE,PURCHASE,THE,A,to,for,-41.495506286621094,"[-3.6354475, -6.7647195, -10.156997, -5.362101, -5.940126, -8.065345, -1.57077]"
the champion promised them the tea .,a winner made an anchor for you .,DO,PD,PROMISE,MAKE,THE,A,to,for,-42.531803131103516,"[-3.6263032, -9.588011, -6.1605425, -4.3430843, -10.060448, -2.0167828, -5.794141, -0.94248974]"
the champion promised them the tea .,a winner made you an anchor .,DO,DO,PROMISE,MAKE,THE,A,to,for,-39.846214294433594,"[-3.6263032, -9.588011, -6.1605425, -6.388258, -4.723586, -8.143154, -1.2163593]"
the champion promised us the cheese .,a father brought a beer to me .,DO,PD,PROMISE,BRING,THE,A,to,to,-31.76142120361328,"[-3.6692872, -7.2666473, -7.1553206, -2.1227014, -7.05476, -0.6673906, -2.6423926, -1.1829225]"
the champion promised us the cheese .,a father brought me a beer .,DO,DO,PROMISE,BRING,THE,A,to,to,-28.85706329345703,"[-3.6692872, -7.2666473, -7.1553206, -3.433521, -1.5475608, -4.7993574, -0.98536885]"
the champion promised us the tea .,a bishop showed a coffee to you .,DO,PD,PROMISE,SHOW,THE,A,to,to,-46.96772003173828,"[-3.6398392, -9.528889, -8.357582, -3.0394487, -9.870552, -4.170143, -7.2251096, -1.1361566]"
the champion promised us the tea .,a bishop showed you a coffee .,DO,DO,PROMISE,SHOW,THE,A,to,to,-38.204833984375,"[-3.6398392, -9.528889, -8.357582, -5.386462, -2.4628215, -7.3517265, -1.4775128]"
the champion promised you the flower .,a buddy gave a bag to him .,DO,PD,PROMISE,GIVE,THE,A,to,to,-36.185054779052734,"[-3.634975, -9.771982, -5.5955906, -3.23932, -6.4579844, -1.8806517, -4.2696614, -1.3348895]"
the champion promised you the flower .,a buddy gave him a bag .,DO,DO,PROMISE,GIVE,THE,A,to,to,-30.154626846313477,"[-3.634975, -9.771982, -5.5955906, -2.9606078, -0.6105047, -4.842747, -2.7382202]"
the champion promised you the juice .,a secretary took a coat to her .,DO,PD,PROMISE,TAKE,THE,A,to,to,-42.87269973754883,"[-3.6303442, -10.45355, -6.2460947, -1.4857224, -9.000109, -3.8330505, -1.8895483, -6.3342805]"
the champion promised you the juice .,a secretary took her a coat .,DO,DO,PROMISE,TAKE,THE,A,to,to,-39.94807815551758,"[-3.6303442, -10.45355, -6.2460947, -2.2329607, -6.623891, -8.634102, -2.1271355]"
the champion purchased her the ball .,a brother found a motor for me .,DO,PD,PURCHASE,FIND,THE,A,for,for,-46.7873649597168,"[-3.656837, -9.188464, -6.1899996, -1.8079122, -8.846418, -6.712875, -8.542558, -1.8423002]"
the champion purchased her the ball .,a brother found me a motor .,DO,DO,PURCHASE,FIND,THE,A,for,for,-43.28684997558594,"[-3.656837, -9.188464, -6.1899996, -7.5420012, -2.1244786, -9.652031, -4.9330354]"
the champion purchased him the coffee .,a boy made a machine for us .,DO,PD,PURCHASE,MAKE,THE,A,for,for,-40.824729919433594,"[-3.6886396, -6.9912844, -7.469733, -1.6231858, -9.80673, -3.5276904, -6.432102, -1.285363]"
the champion purchased him the coffee .,a boy made us a machine .,DO,DO,PURCHASE,MAKE,THE,A,for,for,-40.54674530029297,"[-3.6886396, -6.9912844, -7.469733, -7.21932, -4.361558, -9.957965, -0.8582468]"
the champion purchased me the coffee .,a bishop bought a beer for you .,DO,PD,PURCHASE,BUY,THE,A,for,for,-39.01333999633789,"[-3.682765, -9.587727, -8.133806, -3.2738845, -5.3117085, -2.4326105, -5.838882, -0.7519554]"
the champion purchased me the coffee .,a bishop bought you a beer .,DO,DO,PURCHASE,BUY,THE,A,for,for,-31.59603500366211,"[-3.682765, -9.587727, -8.133806, -6.0114975, -1.2270366, -2.2535138, -0.69968927]"
the champion purchased me the pot .,a husband found a salad for it .,DO,PD,PURCHASE,FIND,THE,A,for,for,-42.48526382446289,"[-3.6744661, -8.751186, -5.5988035, -1.5517161, -9.723278, -3.804623, -8.29903, -1.0821618]"
the champion purchased me the pot .,a husband found it a salad .,DO,DO,PURCHASE,FIND,THE,A,for,for,-38.119422912597656,"[-3.6744661, -8.751186, -5.5988035, -3.7688096, -4.098251, -11.240748, -0.9871594]"
the champion purchased the ball for her .,a brother found a motor for me .,PD,PD,PURCHASE,FIND,THE,A,for,for,-44.440982818603516,"[-3.6050806, -9.257292, -6.410621, -1.5715668, -8.923716, -5.7582407, -7.386936, -1.5275301]"
the champion purchased the ball for her .,a brother found me a motor .,PD,DO,PURCHASE,FIND,THE,A,for,for,-43.66836929321289,"[-3.6050806, -9.257292, -6.410621, -7.1343317, -2.255861, -9.907657, -5.097527]"
the champion purchased the beer for you .,a sheriff promised an engine to him .,PD,PD,PURCHASE,PROMISE,THE,A,for,to,-46.82807922363281,"[-3.6111186, -8.53065, -10.424991, -4.0393324, -9.306698, -2.974158, -5.5720363, -2.3690975]"
the champion purchased the beer for you .,a sheriff promised him an engine .,PD,DO,PURCHASE,PROMISE,THE,A,for,to,-42.860557556152344,"[-3.6111186, -8.53065, -10.424991, -5.153533, -4.058349, -8.533496, -2.5484223]"
the champion purchased the cheese for them .,a guest supplied a coffee to me .,PD,PD,PURCHASE,SUPPLY,THE,A,for,to,-40.20494842529297,"[-3.6393783, -7.381893, -12.941507, -3.613496, -7.2000217, -2.7230434, -1.9002742, -0.80533475]"
the champion purchased the cheese for them .,a guest supplied me a coffee .,PD,DO,PURCHASE,SUPPLY,THE,A,for,to,-40.41234588623047,"[-3.6393783, -7.381893, -12.941507, -4.814645, -5.3830233, -4.58652, -1.6653817]"
the champion purchased the cheese for us .,a hero got a tea for it .,PD,PD,PURCHASE,GET,THE,A,for,for,-42.54231262207031,"[-3.637914, -8.389767, -6.99624, -2.436311, -10.2182865, -2.109704, -8.084195, -0.6698956]"
the champion purchased the cheese for us .,a hero got it a tea .,PD,DO,PURCHASE,GET,THE,A,for,for,-44.54363250732422,"[-3.637914, -8.389767, -6.99624, -5.546376, -6.682587, -11.656169, -1.6345786]"
the champion purchased the coat for us .,an opponent promised a juice to you .,PD,PD,PURCHASE,PROMISE,THE,A,for,to,-49.01506805419922,"[-5.696071, -8.008562, -10.333111, -3.0246465, -10.822857, -3.9758363, -5.9698687, -1.1841168]"
the champion purchased the coat for us .,an opponent promised you a juice .,PD,DO,PURCHASE,PROMISE,THE,A,for,to,-44.573673248291016,"[-5.696071, -8.008562, -10.333111, -5.720607, -1.8421413, -10.080434, -2.8927455]"
the champion purchased the coat for you .,a professor brought a tea to them .,PD,PD,PURCHASE,BRING,THE,A,for,to,-36.01991271972656,"[-3.6097696, -7.604323, -7.552117, -2.1051724, -6.7967362, -1.5228512, -5.8250813, -1.0038607]"
the champion purchased the coat for you .,a professor brought them a tea .,PD,DO,PURCHASE,BRING,THE,A,for,to,-35.47470474243164,"[-3.6097696, -7.604323, -7.552117, -6.039606, -3.2436774, -5.6870165, -1.7381939]"
the champion purchased the coffee for him .,a boy made a machine for us .,PD,PD,PURCHASE,MAKE,THE,A,for,for,-39.615177154541016,"[-3.6421762, -6.91229, -7.661587, -1.307103, -9.705144, -2.2690287, -6.9617205, -1.1561292]"
the champion purchased the coffee for him .,a boy made us a machine .,PD,DO,PURCHASE,MAKE,THE,A,for,for,-41.855255126953125,"[-3.6421762, -6.91229, -7.661587, -7.818387, -4.726204, -9.849951, -1.2446632]"
the champion purchased the coffee for me .,a bishop bought a beer for you .,PD,PD,PURCHASE,BUY,THE,A,for,for,-34.331748962402344,"[-3.623179, -9.540785, -8.706769, -1.616527, -3.5445657, -0.6701399, -5.953645, -0.6761386]"
the champion purchased the coffee for me .,a bishop bought you a beer .,PD,DO,PURCHASE,BUY,THE,A,for,for,-33.031715393066406,"[-3.623179, -9.540785, -8.706769, -6.121223, -1.081295, -2.6583278, -1.3001338]"
the champion purchased the pot for me .,a husband found a salad for it .,PD,PD,PURCHASE,FIND,THE,A,for,for,-43.053871154785156,"[-3.6188397, -8.763217, -5.777587, -1.458205, -10.102662, -2.8988776, -9.416859, -1.0176213]"
the champion purchased the pot for me .,a husband found it a salad .,PD,DO,PURCHASE,FIND,THE,A,for,for,-38.546165466308594,"[-3.6188397, -8.763217, -5.777587, -4.2772875, -4.082599, -10.688307, -1.3383286]"
the champion purchased the tea for them .,an uncle designed an iron for him .,PD,PD,PURCHASE,DESIGN,THE,A,for,for,-43.9509162902832,"[-5.683176, -8.605095, -11.110756, -3.5729876, -6.552658, -5.0572557, -2.6101997, -0.7587884]"
the champion purchased the tea for them .,an uncle designed him an iron .,PD,DO,PURCHASE,DESIGN,THE,A,for,for,-46.01898956298828,"[-5.683176, -8.605095, -11.110756, -6.0314245, -4.57908, -5.972471, -4.0369864]"
the champion purchased the tea for us .,a hero brought a chocolate to it .,PD,PD,PURCHASE,BRING,THE,A,for,to,-41.11133575439453,"[-3.6246753, -8.355127, -7.295376, -2.35493, -7.6964817, -4.0381804, -7.0500126, -0.69655514]"
the champion purchased the tea for us .,a hero brought it a chocolate .,PD,DO,PURCHASE,BRING,THE,A,for,to,-44.38789367675781,"[-3.6246753, -8.355127, -7.295376, -4.175234, -7.24825, -9.60971, -4.079524]"
the champion purchased the tea for us .,an aunt caught a computer for you .,PD,PD,PURCHASE,CATCH,THE,A,for,for,-45.661766052246094,"[-5.662681, -8.605528, -8.346727, -2.3485866, -10.482764, -5.223546, -4.0997696, -0.89216155]"
the champion purchased the tea for us .,an aunt caught you a computer .,PD,DO,PURCHASE,CATCH,THE,A,for,for,-48.73992919921875,"[-5.662681, -8.605528, -8.346727, -6.1760583, -6.010045, -11.11063, -2.8282592]"
the champion purchased them the cheese .,a guest supplied a coffee to me .,DO,PD,PURCHASE,SUPPLY,THE,A,for,to,-42.657928466796875,"[-3.7027676, -7.449166, -13.186542, -4.0874696, -8.47176, -2.4680629, -2.2666087, -1.0255529]"
the champion purchased them the cheese .,a guest supplied me a coffee .,DO,DO,PURCHASE,SUPPLY,THE,A,for,to,-38.60108947753906,"[-3.7027676, -7.449166, -13.186542, -4.1450286, -4.3788066, -4.5876036, -1.1511774]"
the champion purchased them the tea .,an uncle designed an iron for him .,DO,PD,PURCHASE,DESIGN,THE,A,for,for,-46.045291900634766,"[-5.6914654, -8.578982, -11.1732, -3.7550046, -6.34066, -6.174512, -3.3345942, -0.99687314]"
the champion purchased them the tea .,an uncle designed him an iron .,DO,DO,PURCHASE,DESIGN,THE,A,for,for,-44.40259552001953,"[-5.6914654, -8.578982, -11.1732, -5.436456, -3.4099586, -6.3864546, -3.7260783]"
the champion purchased us the cheese .,a hero got a tea for it .,DO,PD,PURCHASE,GET,THE,A,for,for,-42.57246398925781,"[-3.6862934, -8.160884, -6.809823, -2.861353, -10.153116, -3.5976512, -6.568442, -0.7348997]"
the champion purchased us the cheese .,a hero got it a tea .,DO,DO,PURCHASE,GET,THE,A,for,for,-43.20115661621094,"[-3.6862934, -8.160884, -6.809823, -5.089842, -6.7040586, -11.752017, -0.99823976]"
the champion purchased us the coat .,an opponent promised a juice to you .,DO,PD,PURCHASE,PROMISE,THE,A,for,to,-48.51618576049805,"[-5.7203217, -7.955834, -9.787605, -3.3666115, -10.442266, -4.350645, -5.706048, -1.1868556]"
the champion purchased us the coat .,an opponent promised you a juice .,DO,DO,PURCHASE,PROMISE,THE,A,for,to,-42.556671142578125,"[-5.7203217, -7.955834, -9.787605, -4.6956825, -2.0704951, -10.237156, -2.089577]"
the champion purchased us the tea .,a hero brought a chocolate to it .,DO,PD,PURCHASE,BRING,THE,A,for,to,-42.66693115234375,"[-3.683901, -8.200981, -7.1701393, -3.1738484, -8.824754, -3.765859, -7.171575, -0.6758733]"
the champion purchased us the tea .,a hero brought it a chocolate .,DO,DO,PURCHASE,BRING,THE,A,for,to,-44.07599639892578,"[-3.683901, -8.200981, -7.1701393, -4.021266, -6.9389205, -11.065104, -2.9956844]"
the champion purchased us the tea .,an aunt caught a computer for you .,DO,PD,PURCHASE,CATCH,THE,A,for,for,-47.947975158691406,"[-5.6988087, -8.809375, -7.9183207, -2.964035, -10.63154, -5.909684, -5.0943975, -0.92181134]"
the champion purchased us the tea .,an aunt caught you a computer .,DO,DO,PURCHASE,CATCH,THE,A,for,for,-48.411373138427734,"[-5.6988087, -8.809375, -7.9183207, -5.555664, -6.1050587, -11.825497, -2.4986477]"
the champion purchased you the beer .,a sheriff promised an engine to him .,DO,PD,PURCHASE,PROMISE,THE,A,for,to,-47.012054443359375,"[-3.6542337, -8.47386, -10.272105, -3.9559157, -9.041957, -2.924075, -6.6153784, -2.0745308]"
the champion purchased you the beer .,a sheriff promised him an engine .,DO,DO,PURCHASE,PROMISE,THE,A,for,to,-40.712581634521484,"[-3.6542337, -8.47386, -10.272105, -4.390251, -4.0344563, -8.131066, -1.756608]"
the champion purchased you the coat .,a professor brought a tea to them .,DO,PD,PURCHASE,BRING,THE,A,for,to,-36.232765197753906,"[-3.6478455, -7.4801197, -7.477001, -2.0598178, -6.899602, -1.2422082, -6.396806, -1.0293633]"
the champion purchased you the coat .,a professor brought them a tea .,DO,DO,PURCHASE,BRING,THE,A,for,to,-35.007171630859375,"[-3.6478455, -7.4801197, -7.477001, -6.2933097, -3.0472784, -6.1306686, -0.93094957]"
the champion saved him the coffee .,a corporation designed a box for me .,DO,PD,SAVE,DESIGN,THE,A,for,for,-45.29130554199219,"[-3.6857548, -10.874568, -7.957452, -7.102826, -7.2754908, -2.8581007, -4.194744, -1.3423698]"
the champion saved him the coffee .,a corporation designed me a box .,DO,DO,SAVE,DESIGN,THE,A,for,for,-43.774410247802734,"[-3.6857548, -10.874568, -7.957452, -11.199556, -2.4395165, -6.4209733, -1.1965892]"
the champion saved the cheese for you .,a husband showed a salad to her .,PD,PD,SAVE,SHOW,THE,A,for,to,-43.25324249267578,"[-3.59784, -8.949049, -8.779517, -3.3072553, -9.72726, -1.9042894, -3.4701056, -3.517923]"
the champion saved the cheese for you .,a husband showed her a salad .,PD,DO,SAVE,SHOW,THE,A,for,to,-37.31243133544922,"[-3.59784, -8.949049, -8.779517, -3.45009, -1.6591903, -8.422325, -2.4544203]"
the champion saved the coffee for him .,a corporation designed a box for me .,PD,PD,SAVE,DESIGN,THE,A,for,for,-44.574466705322266,"[-3.6040611, -10.901183, -7.8740315, -6.9744506, -7.4271502, -2.3485687, -4.274043, -1.1709807]"
the champion saved the coffee for him .,a corporation designed me a box .,PD,DO,SAVE,DESIGN,THE,A,for,for,-44.441925048828125,"[-3.6040611, -10.901183, -7.8740315, -11.632508, -2.7401714, -6.446304, -1.2436656]"
the champion saved the tea for us .,a guy caught a jacket for her .,PD,PD,SAVE,CATCH,THE,A,for,for,-42.06437683105469,"[-3.5850275, -7.3425417, -6.398696, -3.5616915, -10.759278, -3.788839, -5.323862, -1.3044388]"
the champion saved the tea for us .,a guy caught her a jacket .,PD,DO,SAVE,CATCH,THE,A,for,for,-41.91571044921875,"[-3.5850275, -7.3425417, -6.398696, -7.052408, -5.8354783, -10.02002, -1.6815383]"
the champion saved the telephone for them .,a physician caught a bag for you .,PD,PD,SAVE,CATCH,THE,A,for,for,-44.17549514770508,"[-3.5859938, -8.88471, -7.930906, -3.9618158, -7.4770985, -4.101679, -7.01186, -1.2214319]"
the champion saved the telephone for them .,a physician caught you a bag .,PD,DO,SAVE,CATCH,THE,A,for,for,-43.38910675048828,"[-3.5859938, -8.88471, -7.930906, -7.636839, -6.2930794, -6.0174227, -3.040158]"
the champion saved them the telephone .,a physician caught a bag for you .,DO,PD,SAVE,CATCH,THE,A,for,for,-45.268165588378906,"[-3.6839247, -8.912105, -8.017916, -4.4490795, -7.346037, -4.629077, -7.0496373, -1.1803869]"
the champion saved them the telephone .,a physician caught you a bag .,DO,DO,SAVE,CATCH,THE,A,for,for,-42.610877990722656,"[-3.6839247, -8.912105, -8.017916, -7.4962034, -6.4370236, -5.6573887, -2.4063165]"
the champion saved us the tea .,a guy caught a jacket for her .,DO,PD,SAVE,CATCH,THE,A,for,for,-42.99747848510742,"[-3.6630244, -7.2027273, -6.450759, -3.754393, -10.85224, -4.325729, -5.247021, -1.5015839]"
the champion saved us the tea .,a guy caught her a jacket .,DO,DO,SAVE,CATCH,THE,A,for,for,-41.236663818359375,"[-3.6630244, -7.2027273, -6.450759, -7.080769, -5.9972644, -9.502448, -1.3396708]"
the champion saved you the cheese .,a husband showed a salad to her .,DO,PD,SAVE,SHOW,THE,A,for,to,-43.11326599121094,"[-3.649871, -8.9793415, -8.699589, -3.387816, -9.7456045, -2.404345, -3.152131, -3.094567]"
the champion saved you the cheese .,a husband showed her a salad .,DO,DO,SAVE,SHOW,THE,A,for,to,-36.40592575073242,"[-3.649871, -8.9793415, -8.699589, -3.3209805, -1.7224681, -8.312205, -1.7214721]"
the champion sent me the pie .,a guy threw a bag to you .,DO,PD,SEND,THROW,THE,A,to,to,-35.67132568359375,"[-3.59086, -7.3380995, -5.94482, -0.64120895, -4.815239, -5.9498434, -6.380088, -1.0111692]"
the champion sent me the pie .,a guy threw you a bag .,DO,DO,SEND,THROW,THE,A,to,to,-31.551462173461914,"[-3.59086, -7.3380995, -5.94482, -6.7505155, -0.41859323, -5.318169, -2.1904047]"
the champion sent the pie to me .,a guy threw a bag to you .,PD,PD,SEND,THROW,THE,A,to,to,-35.76211929321289,"[-3.541287, -7.5984087, -6.2208233, -0.41951975, -4.8147755, -5.7030067, -6.5950313, -0.8692673]"
the champion sent the pie to me .,a guy threw you a bag .,PD,DO,SEND,THROW,THE,A,to,to,-33.34954071044922,"[-3.541287, -7.5984087, -6.2208233, -7.613809, -0.29798856, -5.252082, -2.8251407]"
the champion sent the pie to you .,a writer kept a juice for us .,PD,PD,SEND,KEEP,THE,A,to,for,-48.05269241333008,"[-3.5432696, -7.842104, -10.113942, -1.8554583, -13.409523, -5.75504, -4.244196, -1.289159]"
the champion sent the pie to you .,a writer kept us a juice .,PD,DO,SEND,KEEP,THE,A,to,for,-47.977264404296875,"[-3.5432696, -7.842104, -10.113942, -5.925948, -5.381972, -13.223659, -1.9463679]"
the champion sent you the pie .,a writer kept a juice for us .,DO,PD,SEND,KEEP,THE,A,to,for,-48.14905548095703,"[-3.575281, -7.63678, -9.993718, -2.3583422, -13.258243, -5.618002, -4.411825, -1.2968651]"
the champion sent you the pie .,a writer kept us a juice .,DO,DO,SEND,KEEP,THE,A,to,for,-46.186378479003906,"[-3.575281, -7.63678, -9.993718, -5.4564524, -5.541046, -12.95133, -1.0317714]"
the champion showed him the bag .,a chief caught a newspaper for us .,DO,PD,SHOW,CATCH,THE,A,to,for,-55.117454528808594,"[-3.613724, -9.0630665, -11.268991, -4.6850166, -8.805191, -5.838811, -10.292206, -1.5504472]"
the champion showed him the bag .,a chief caught us a newspaper .,DO,DO,SHOW,CATCH,THE,A,to,for,-51.5455436706543,"[-3.613724, -9.0630665, -11.268991, -7.6135025, -5.5282497, -10.432071, -4.0259395]"
the champion showed the bag to him .,a chief caught a newspaper for us .,PD,PD,SHOW,CATCH,THE,A,to,for,-55.870391845703125,"[-3.548663, -9.114519, -11.46589, -5.0155277, -8.612764, -5.5507584, -10.696025, -1.866244]"
the champion showed the bag to him .,a chief caught us a newspaper .,PD,DO,SHOW,CATCH,THE,A,to,for,-51.97685241699219,"[-3.548663, -9.114519, -11.46589, -8.272427, -5.1808567, -9.312685, -5.081815]"
the champion showed the bag to you .,a cop took an iron to him .,PD,PD,SHOW,TAKE,THE,A,to,to,-39.96464157104492,"[-3.5436497, -8.847603, -5.206397, -4.040574, -7.2508354, -5.0298076, -4.9259896, -1.1197844]"
the champion showed the bag to you .,a cop took him an iron .,PD,DO,SHOW,TAKE,THE,A,to,to,-41.46485137939453,"[-3.5436497, -8.847603, -5.206397, -3.359151, -10.531912, -5.9203963, -4.0557413]"
the champion showed you the bag .,a cop took an iron to him .,DO,PD,SHOW,TAKE,THE,A,to,to,-41.188087463378906,"[-3.5631814, -8.767416, -5.240595, -3.907426, -8.087127, -5.5357313, -4.8823147, -1.2042946]"
the champion showed you the bag .,a cop took him an iron .,DO,DO,SHOW,TAKE,THE,A,to,to,-41.30935287475586,"[-3.5631814, -8.767416, -5.240595, -3.3358824, -9.973849, -7.2056556, -3.2227738]"
the champion sold her the meal .,a buddy delivered a chicken for me .,DO,PD,SELL,DELIVER,THE,A,to,for,-38.9154052734375,"[-3.6064548, -10.443122, -9.379329, -1.3402618, -7.1236525, -4.337098, -1.5953068, -1.0901794]"
the champion sold her the meal .,a buddy delivered me a chicken .,DO,DO,SELL,DELIVER,THE,A,to,for,-36.18778991699219,"[-3.6064548, -10.443122, -9.379329, -2.2570748, -0.9961111, -6.9181576, -2.587542]"
the champion sold him the cheese .,a cop kept a bowl for us .,DO,PD,SELL,KEEP,THE,A,to,for,-45.575965881347656,"[-3.5940967, -8.702404, -7.9873447, -2.3918574, -9.36577, -5.887815, -6.1986103, -1.448069]"
the champion sold him the cheese .,a cop kept us a bowl .,DO,DO,SELL,KEEP,THE,A,to,for,-47.04848098754883,"[-3.5940967, -8.702404, -7.9873447, -5.539384, -6.061235, -10.982628, -4.1813893]"
the champion sold me the cheese .,an employer got a book for us .,DO,PD,SELL,GET,THE,A,to,for,-42.035335540771484,"[-5.71067, -7.542262, -7.206327, -1.4337132, -9.431587, -4.177862, -5.4793873, -1.0535274]"
the champion sold me the cheese .,an employer got us a book .,DO,DO,SELL,GET,THE,A,to,for,-39.68614959716797,"[-5.71067, -7.542262, -7.206327, -7.2222137, -3.146057, -8.072245, -0.78637505]"
the champion sold me the log .,a kid purchased a flower for it .,DO,PD,SELL,PURCHASE,THE,A,to,for,-42.208106994628906,"[-3.5652733, -8.604965, -9.695484, -0.8570157, -8.254691, -3.0138006, -7.2843075, -0.9325684]"
the champion sold me the log .,a kid purchased it a flower .,DO,DO,SELL,PURCHASE,THE,A,to,for,-45.633121490478516,"[-3.5652733, -8.604965, -9.695484, -4.6156483, -5.2289486, -12.276786, -1.6460141]"
the champion sold me the tea .,a guest gave a chocolate to it .,DO,PD,SELL,GIVE,THE,A,to,to,-49.29053497314453,"[-3.5773957, -7.4797206, -10.88539, -2.193543, -11.612797, -5.887852, -6.9487867, -0.70504946]"
the champion sold me the tea .,a guest gave it a chocolate .,DO,DO,SELL,GIVE,THE,A,to,to,-44.02080535888672,"[-3.5773957, -7.4797206, -10.88539, -5.50127, -1.1052351, -11.216568, -4.255224]"
the champion sold the cheese to him .,a cop kept a bowl for us .,PD,PD,SELL,KEEP,THE,A,to,for,-44.20981216430664,"[-3.5832663, -8.706606, -7.8709517, -2.3062172, -9.031082, -5.719853, -5.5975485, -1.3942877]"
the champion sold the cheese to him .,a cop kept us a bowl .,PD,DO,SELL,KEEP,THE,A,to,for,-47.869895935058594,"[-3.5832663, -8.706606, -7.8709517, -5.391842, -6.1118956, -11.385946, -4.819386]"
the champion sold the cheese to me .,an employer got a book for us .,PD,PD,SELL,GET,THE,A,to,for,-40.954261779785156,"[-5.706883, -7.6340356, -7.188101, -1.3847184, -9.047098, -3.7045102, -5.016804, -1.2721124]"
the champion sold the cheese to me .,an employer got us a book .,PD,DO,SELL,GET,THE,A,to,for,-38.069026947021484,"[-5.706883, -7.6340356, -7.188101, -7.41021, -1.6831524, -6.8976994, -1.5489454]"
the champion sold the chocolate to you .,a student left a gun for me .,PD,PD,SELL,LEAVE,THE,A,to,for,-37.081966400146484,"[-3.5550842, -6.0303135, -7.0013685, -1.1111023, -6.7226934, -4.786645, -6.1645374, -1.7102234]"
the champion sold the chocolate to you .,a student left me a gun .,PD,DO,SELL,LEAVE,THE,A,to,for,-35.774322509765625,"[-3.5550842, -6.0303135, -7.0013685, -6.729985, -1.1112394, -9.628241, -1.7180895]"
the champion sold the engine to you .,an attorney promised a beer to me .,PD,PD,SELL,PROMISE,THE,A,to,to,-40.42400360107422,"[-5.7329087, -5.7269335, -10.956147, -2.2558565, -9.482037, -1.4178387, -3.746816, -1.1054676]"
the champion sold the engine to you .,an attorney promised me a beer .,PD,DO,SELL,PROMISE,THE,A,to,to,-38.65339660644531,"[-5.7329087, -5.7269335, -10.956147, -5.012067, -1.6191484, -7.9531865, -1.6530077]"
the champion sold the juice to us .,a brother gave a crystal to it .,PD,PD,SELL,GIVE,THE,A,to,to,-42.44758224487305,"[-3.546462, -9.25388, -7.047634, -2.1660962, -11.376651, -1.1426314, -7.2319803, -0.6822468]"
the champion sold the juice to us .,a brother gave it a crystal .,PD,DO,SELL,GIVE,THE,A,to,to,-40.928565979003906,"[-3.546462, -9.25388, -7.047634, -4.101723, -1.8750031, -11.417408, -3.6864538]"
the champion sold the juice to you .,a teacher threw a beer to me .,PD,PD,SELL,THROW,THE,A,to,to,-33.12898254394531,"[-3.5338802, -7.51484, -7.755515, -0.6452191, -4.462735, -3.5830324, -4.4344635, -1.1992965]"
the champion sold the juice to you .,a teacher threw me a beer .,PD,DO,SELL,THROW,THE,A,to,to,-33.34785842895508,"[-3.5338802, -7.51484, -7.755515, -6.7167253, -0.9095743, -5.4004636, -1.5168597]"
the champion sold the log to me .,a kid purchased a flower for it .,PD,PD,SELL,PURCHASE,THE,A,to,for,-42.03507995605469,"[-3.538588, -8.738713, -9.973849, -0.5993775, -8.183053, -2.7635832, -7.287036, -0.9508796]"
the champion sold the log to me .,a kid purchased it a flower .,PD,DO,SELL,PURCHASE,THE,A,to,for,-47.388877868652344,"[-3.538588, -8.738713, -9.973849, -5.54119, -5.4431143, -12.163771, -1.9896507]"
the champion sold the log to them .,a guest gave a candy to it .,PD,PD,SELL,GIVE,THE,A,to,to,-44.35676193237305,"[-3.5621157, -7.5859222, -10.897311, -1.231855, -12.433119, -1.3968099, -6.727317, -0.5223124]"
the champion sold the log to them .,a guest gave it a candy .,PD,DO,SELL,GIVE,THE,A,to,to,-43.66090393066406,"[-3.5621157, -7.5859222, -10.897311, -4.7057548, -1.0985249, -12.183426, -3.6278505]"
the champion sold the log to them .,a father saved a pot for you .,PD,PD,SELL,SAVE,THE,A,to,for,-44.15861129760742,"[-3.5621157, -7.0800524, -9.044398, -1.6955252, -8.919327, -4.543054, -8.167361, -1.1467769]"
the champion sold the log to them .,a father saved you a pot .,PD,DO,SELL,SAVE,THE,A,to,for,-44.37887191772461,"[-3.5621157, -7.0800524, -9.044398, -10.118271, -4.4235225, -7.3219576, -2.8285553]"
the champion sold the meal to her .,a buddy delivered a chicken for me .,PD,PD,SELL,DELIVER,THE,A,to,for,-38.934913635253906,"[-3.59046, -10.293842, -9.519723, -1.2745795, -7.387519, -4.9841366, -0.95589775, -0.92875665]"
the champion sold the meal to her .,a buddy delivered me a chicken .,PD,DO,SELL,DELIVER,THE,A,to,for,-36.17680358886719,"[-3.59046, -10.293842, -9.519723, -2.1517692, -0.81787884, -7.1670876, -2.6360402]"
the champion sold the meal to them .,an employer brought a tea to you .,PD,PD,SELL,BRING,THE,A,to,to,-39.519100189208984,"[-5.7299995, -7.648568, -7.8898525, -1.7954303, -7.2921877, -1.5490175, -6.5181293, -1.095915]"
the champion sold the meal to them .,an employer brought you a tea .,PD,DO,SELL,BRING,THE,A,to,to,-37.53094482421875,"[-5.7299995, -7.648568, -7.8898525, -5.6853075, -1.3724693, -7.314514, -1.8902323]"
the champion sold the tea to me .,a guest gave a chocolate to it .,PD,PD,SELL,GIVE,THE,A,to,to,-47.71165466308594,"[-3.5511198, -7.5117807, -10.895548, -1.395752, -11.690699, -4.153864, -7.794783, -0.71810955]"
the champion sold the tea to me .,a guest gave it a chocolate .,PD,DO,SELL,GIVE,THE,A,to,to,-44.06572341918945,"[-3.5511198, -7.5117807, -10.895548, -5.1718597, -1.1871597, -10.817219, -4.931038]"
the champion sold them the log .,a guest gave a candy to it .,DO,PD,SELL,GIVE,THE,A,to,to,-46.98067092895508,"[-3.5977068, -7.6920524, -11.045136, -1.6750766, -12.668207, -2.4214644, -7.26176, -0.61926603]"
the champion sold them the log .,a guest gave it a candy .,DO,DO,SELL,GIVE,THE,A,to,to,-43.472496032714844,"[-3.5977068, -7.6920524, -11.045136, -4.2643614, -0.9836765, -12.40551, -3.484054]"
the champion sold them the log .,a father saved a pot for you .,DO,PD,SELL,SAVE,THE,A,to,for,-45.61750793457031,"[-3.5977068, -7.1262364, -8.986761, -2.0328135, -8.961905, -4.799594, -8.985348, -1.1271424]"
the champion sold them the log .,a father saved you a pot .,DO,DO,SELL,SAVE,THE,A,to,for,-43.370914459228516,"[-3.5977068, -7.1262364, -8.986761, -9.812337, -3.7629423, -7.3810616, -2.7038684]"
the champion sold them the meal .,an employer brought a tea to you .,DO,PD,SELL,BRING,THE,A,to,to,-43.587806701660156,"[-5.7456436, -7.666086, -7.9224663, -1.854932, -8.113811, -3.7042904, -7.011834, -1.5687447]"
the champion sold them the meal .,an employer brought you a tea .,DO,DO,SELL,BRING,THE,A,to,to,-38.08345031738281,"[-5.7456436, -7.666086, -7.9224663, -6.157552, -1.6094397, -7.536664, -1.4455972]"
the champion sold us the juice .,a brother gave a crystal to it .,DO,PD,SELL,GIVE,THE,A,to,to,-44.6593017578125,"[-3.5609062, -9.216247, -6.8838835, -2.4189796, -11.005668, -3.1794157, -7.5535374, -0.8406653]"
the champion sold us the juice .,a brother gave it a crystal .,DO,DO,SELL,GIVE,THE,A,to,to,-42.45867919921875,"[-3.5609062, -9.216247, -6.8838835, -4.6443596, -1.530339, -12.128947, -4.4939976]"
the champion sold you the chocolate .,a student left a gun for me .,DO,PD,SELL,LEAVE,THE,A,to,for,-38.09174728393555,"[-3.5742307, -6.0620756, -7.1019287, -1.1433047, -6.212643, -4.6918354, -7.339363, -1.9663657]"
the champion sold you the chocolate .,a student left me a gun .,DO,DO,SELL,LEAVE,THE,A,to,for,-34.872459411621094,"[-3.5742307, -6.0620756, -7.1019287, -6.0523787, -1.1008083, -9.712583, -1.2684538]"
the champion sold you the engine .,an attorney promised a beer to me .,DO,PD,SELL,PROMISE,THE,A,to,to,-41.67213439941406,"[-5.708582, -5.6397305, -10.86189, -2.1272073, -9.612165, -2.3111415, -4.1994743, -1.2119443]"
the champion sold you the engine .,an attorney promised me a beer .,DO,DO,SELL,PROMISE,THE,A,to,to,-38.318199157714844,"[-5.708582, -5.6397305, -10.86189, -4.366445, -1.7571342, -8.494059, -1.4903564]"
the champion sold you the juice .,a teacher threw a beer to me .,DO,PD,SELL,THROW,THE,A,to,to,-36.99414825439453,"[-3.5638795, -7.5308714, -7.830365, -0.70336443, -4.7215085, -4.357094, -6.586211, -1.7008536]"
the champion sold you the juice .,a teacher threw me a beer .,DO,DO,SELL,THROW,THE,A,to,to,-33.39683532714844,"[-3.5638795, -7.5308714, -7.830365, -6.6972246, -0.72497416, -5.7371693, -1.3123512]"
the champion supplied him the chicken .,a guest threw a pie to me .,DO,PD,SUPPLY,THROW,THE,A,to,to,-40.45855712890625,"[-3.6257634, -7.456298, -14.145896, -0.9801371, -6.298737, -3.704652, -3.3875086, -0.8595656]"
the champion supplied him the chicken .,a guest threw me a pie .,DO,DO,SUPPLY,THROW,THE,A,to,to,-36.42442321777344,"[-3.6257634, -7.456298, -14.145896, -4.129942, -0.500368, -5.833084, -0.73307437]"
the champion supplied him the chocolate .,a mayor promised a tea to me .,DO,PD,SUPPLY,PROMISE,THE,A,to,to,-47.38582229614258,"[-3.6523, -10.266795, -7.701051, -2.5399554, -10.099706, -2.9203317, -7.81689, -2.3887906]"
the champion supplied him the chocolate .,a mayor promised me a tea .,DO,DO,SUPPLY,PROMISE,THE,A,to,to,-40.554786682128906,"[-3.6523, -10.266795, -7.701051, -8.662807, -1.5640264, -6.915723, -1.7920859]"
the champion supplied him the chocolate .,a chief promised a salad to us .,DO,PD,SUPPLY,PROMISE,THE,A,to,to,-51.286354064941406,"[-3.6523, -9.156737, -12.256603, -2.6034412, -10.276459, -2.7495804, -8.085417, -2.5058131]"
the champion supplied him the chocolate .,a chief promised us a salad .,DO,DO,SUPPLY,PROMISE,THE,A,to,to,-45.680213928222656,"[-3.6523, -9.156737, -12.256603, -8.1526985, -2.2457309, -8.09203, -2.1241117]"
the champion supplied him the engine .,a woman took a cup to you .,DO,PD,SUPPLY,TAKE,THE,A,to,to,-40.81610107421875,"[-3.6137342, -4.791417, -6.2060833, -1.7741184, -8.005295, -4.5829673, -9.982026, -1.860461]"
the champion supplied him the engine .,a woman took you a cup .,DO,DO,SUPPLY,TAKE,THE,A,to,to,-40.50720977783203,"[-3.6137342, -4.791417, -6.2060833, -9.079737, -5.8883033, -6.920101, -4.0078373]"
the champion supplied it the salad .,a buddy took an anchor to him .,DO,PD,SUPPLY,TAKE,THE,A,to,to,-42.031700134277344,"[-3.6654308, -10.05243, -5.935179, -4.58153, -8.21554, -3.1874495, -4.984137, -1.4100063]"
the champion supplied it the salad .,a buddy took him an anchor .,DO,DO,SUPPLY,TAKE,THE,A,to,to,-41.44895935058594,"[-3.6654308, -10.05243, -5.935179, -3.075461, -7.0779877, -9.535398, -2.1070719]"
the champion supplied it the salad .,a daughter fed a chicken to them .,DO,PD,SUPPLY,FEED,THE,A,to,to,-41.4108772277832,"[-3.6654308, -9.0749855, -8.615198, -1.8665588, -2.9230373, -4.422944, -7.924911, -2.9178112]"
the champion supplied it the salad .,a daughter fed them a chicken .,DO,DO,SUPPLY,FEED,THE,A,to,to,-36.177734375,"[-3.6654308, -9.0749855, -8.615198, -6.070134, -1.9333757, -4.200677, -2.617934]"
the champion supplied me the chicken .,a nurse purchased a pie for us .,DO,PD,SUPPLY,PURCHASE,THE,A,to,for,-39.154945373535156,"[-3.619608, -7.871045, -9.586718, -1.1118758, -8.183699, -1.8194988, -5.4816604, -1.4808381]"
the champion supplied me the chicken .,a nurse purchased us a pie .,DO,DO,SUPPLY,PURCHASE,THE,A,to,for,-37.438079833984375,"[-3.619608, -7.871045, -9.586718, -7.2799873, -1.2419735, -6.582022, -1.2567221]"
the champion supplied me the key .,a boy made a machine for us .,DO,PD,SUPPLY,MAKE,THE,A,to,for,-37.8360595703125,"[-3.6033318, -7.162589, -7.014406, -1.106338, -9.447101, -2.9103367, -5.5929165, -0.99904263]"
the champion supplied me the key .,a boy made us a machine .,DO,DO,SUPPLY,MAKE,THE,A,to,for,-37.93049621582031,"[-3.6033318, -7.162589, -7.014406, -6.766396, -3.7485323, -8.908384, -0.72685957]"
the champion supplied me the knife .,a man brought a book to her .,DO,PD,SUPPLY,BRING,THE,A,to,to,-30.771251678466797,"[-3.6569176, -3.8357384, -8.067041, -1.2327799, -6.535567, -0.71991247, -4.1195965, -2.6036983]"
the champion supplied me the knife .,a man brought her a book .,DO,DO,SUPPLY,BRING,THE,A,to,to,-30.252880096435547,"[-3.6569176, -3.8357384, -8.067041, -5.453449, -1.7373664, -6.317637, -1.184729]"
the champion supplied me the knife .,a buddy delivered a beer for us .,DO,PD,SUPPLY,DELIVER,THE,A,to,for,-38.04936981201172,"[-3.6569176, -9.859916, -8.750346, -2.5972338, -6.0987434, -3.3400893, -2.7412288, -1.0048938]"
the champion supplied me the knife .,a buddy delivered us a beer .,DO,DO,SUPPLY,DELIVER,THE,A,to,for,-33.29653549194336,"[-3.6569176, -9.859916, -8.750346, -3.4101105, -1.7050515, -4.9562054, -0.9579896]"
the champion supplied the candy to you .,a sheriff sold a beer to him .,PD,PD,SUPPLY,SELL,THE,A,to,to,-37.07141876220703,"[-3.633855, -8.699997, -10.484197, -1.8455204, -6.0889673, -0.5334705, -4.198672, -1.5867406]"
the champion supplied the candy to you .,a sheriff sold him a beer .,PD,DO,SUPPLY,SELL,THE,A,to,to,-35.032859802246094,"[-3.633855, -8.699997, -10.484197, -4.7558722, -1.0117884, -4.683739, -1.7634139]"
the champion supplied the chicken to him .,a guest threw a pie to me .,PD,PD,SUPPLY,THROW,THE,A,to,to,-38.56462478637695,"[-3.6134667, -7.4052067, -14.03675, -0.9040169, -5.9881124, -2.8326948, -3.0064511, -0.77792776]"
the champion supplied the chicken to him .,a guest threw me a pie .,PD,DO,SUPPLY,THROW,THE,A,to,to,-38.189537048339844,"[-3.6134667, -7.4052067, -14.03675, -5.176108, -0.44953796, -6.3944383, -1.1140311]"
the champion supplied the chicken to me .,a nurse purchased a pie for us .,PD,PD,SUPPLY,PURCHASE,THE,A,to,for,-37.80321502685547,"[-3.5888402, -7.838815, -9.443867, -1.0522153, -7.892797, -2.049374, -4.478213, -1.4590964]"
the champion supplied the chicken to me .,a nurse purchased us a pie .,PD,DO,SUPPLY,PURCHASE,THE,A,to,for,-39.74921417236328,"[-3.5888402, -7.838815, -9.443867, -8.673441, -1.1428382, -7.0387316, -2.0226846]"
the champion supplied the chicken to you .,a father brought a beer to me .,PD,PD,SUPPLY,BRING,THE,A,to,to,-31.141761779785156,"[-3.5888417, -7.121995, -7.3692155, -1.8945037, -7.4124265, -0.20923695, -2.3581338, -1.187409]"
the champion supplied the chicken to you .,a father brought me a beer .,PD,DO,SUPPLY,BRING,THE,A,to,to,-31.720924377441406,"[-3.5888417, -7.121995, -7.3692155, -5.259881, -1.3483245, -5.29016, -1.7425076]"
the champion supplied the chicken to you .,a husband delivered a candy for us .,PD,PD,SUPPLY,DELIVER,THE,A,to,for,-42.1856689453125,"[-3.5888417, -8.769182, -9.761897, -1.0080652, -9.152543, -3.9480963, -4.3330975, -1.6239438]"
the champion supplied the chicken to you .,a husband delivered us a candy .,PD,DO,SUPPLY,DELIVER,THE,A,to,for,-40.69075393676758,"[-3.5888417, -8.769182, -9.761897, -6.9983225, -1.1917242, -7.0710173, -3.30977]"
the champion supplied the chocolate to him .,a mayor promised a tea to me .,PD,PD,SUPPLY,PROMISE,THE,A,to,to,-46.05157470703125,"[-3.6318107, -10.352362, -7.7840548, -2.430972, -9.771398, -2.3217409, -7.515011, -2.2442238]"
the champion supplied the chocolate to him .,a mayor promised me a tea .,PD,DO,SUPPLY,PROMISE,THE,A,to,to,-42.73453903198242,"[-3.6318107, -10.352362, -7.7840548, -9.013436, -1.5089618, -7.6385517, -2.805363]"
the champion supplied the chocolate to him .,a chief promised a salad to us .,PD,PD,SUPPLY,PROMISE,THE,A,to,to,-48.71112060546875,"[-3.6318107, -9.283618, -11.953221, -2.436821, -9.73062, -1.551523, -7.6072607, -2.5162454]"
the champion supplied the chocolate to him .,a chief promised us a salad .,PD,DO,SUPPLY,PROMISE,THE,A,to,to,-46.221946716308594,"[-3.6318107, -9.283618, -11.953221, -8.377313, -2.0017433, -8.086412, -2.8878298]"
the champion supplied the chocolate to you .,a mother saved a candy for me .,PD,PD,SUPPLY,SAVE,THE,A,to,for,-40.567909240722656,"[-3.6198087, -6.6834645, -8.504907, -1.4532083, -10.391709, -4.107151, -4.473634, -1.3340266]"
the champion supplied the chocolate to you .,a mother saved me a candy .,PD,DO,SUPPLY,SAVE,THE,A,to,for,-39.383087158203125,"[-3.6198087, -6.6834645, -8.504907, -7.001222, -2.1439223, -7.999644, -3.430121]"
the champion supplied the engine to him .,a woman took a cup to you .,PD,PD,SUPPLY,TAKE,THE,A,to,to,-40.13092803955078,"[-3.5869355, -4.8033648, -6.2519693, -1.5457864, -7.937579, -4.267844, -9.992139, -1.7453101]"
the champion supplied the engine to him .,a woman took you a cup .,PD,DO,SUPPLY,TAKE,THE,A,to,to,-41.2989501953125,"[-3.5869355, -4.8033648, -6.2519693, -9.016285, -6.3131146, -6.789876, -4.5374055]"
the champion supplied the engine to us .,a son gave a button to him .,PD,PD,SUPPLY,GIVE,THE,A,to,to,-40.545745849609375,"[-3.5786216, -9.029025, -6.5946383, -2.7480373, -12.3138, -0.5511172, -4.0455246, -1.6849792]"
the champion supplied the engine to us .,a son gave him a button .,PD,DO,SUPPLY,GIVE,THE,A,to,to,-35.45331954956055,"[-3.5786216, -9.029025, -6.5946383, -3.7580414, -0.73098177, -9.538379, -2.2236328]"
the champion supplied the juice to you .,a nurse drew a bell for them .,PD,PD,SUPPLY,DRAW,THE,A,to,for,-39.855224609375,"[-3.6071918, -7.9990053, -7.8284445, -1.3449583, -8.533903, -3.8779366, -5.197094, -1.4666908]"
the champion supplied the juice to you .,a nurse drew them a bell .,PD,DO,SUPPLY,DRAW,THE,A,to,for,-41.28070831298828,"[-3.6071918, -7.9990053, -7.8284445, -7.9354763, -3.0151105, -9.310588, -1.584893]"
the champion supplied the juice to you .,a student left a gun for me .,PD,PD,SUPPLY,LEAVE,THE,A,to,for,-39.600341796875,"[-3.6071918, -6.2114415, -7.2156706, -1.3550858, -6.2784925, -5.2352123, -7.539057, -2.1581903]"
the champion supplied the juice to you .,a student left me a gun .,PD,DO,SUPPLY,LEAVE,THE,A,to,for,-37.48369598388672,"[-3.6071918, -6.2114415, -7.2156706, -6.9673038, -1.5201195, -9.791623, -2.170344]"
the champion supplied the key to me .,a boy made a machine for us .,PD,PD,SUPPLY,MAKE,THE,A,to,for,-36.11014175415039,"[-3.568042, -7.1727824, -7.165675, -1.0451258, -9.285206, -2.3643198, -4.6552324, -0.85375667]"
the champion supplied the key to me .,a boy made us a machine .,PD,DO,SUPPLY,MAKE,THE,A,to,for,-39.103248596191406,"[-3.568042, -7.1727824, -7.165675, -7.0180635, -4.0049505, -9.247993, -0.92574334]"
the champion supplied the key to us .,a man gave a card to me .,PD,PD,SUPPLY,GIVE,THE,A,to,to,-31.30231475830078,"[-3.5641463, -3.966702, -6.939683, -1.3272989, -9.8146515, -0.10022901, -3.986379, -1.6032246]"
the champion supplied the key to us .,a man gave me a card .,PD,DO,SUPPLY,GIVE,THE,A,to,to,-27.40948486328125,"[-3.5641463, -3.966702, -6.939683, -3.058625, -0.7041663, -6.665263, -2.5108976]"
the champion supplied the knife to me .,a man brought a book to her .,PD,PD,SUPPLY,BRING,THE,A,to,to,-30.09302520751953,"[-3.6162624, -3.8502984, -8.0898, -1.0068976, -6.452924, -0.40945786, -4.5332365, -2.1341486]"
the champion supplied the knife to me .,a man brought her a book .,PD,DO,SUPPLY,BRING,THE,A,to,to,-30.63020896911621,"[-3.6162624, -3.8502984, -8.0898, -5.7399726, -1.6665922, -5.9753904, -1.6918935]"
the champion supplied the knife to me .,a buddy delivered a beer for us .,PD,PD,SUPPLY,DELIVER,THE,A,to,for,-37.709327697753906,"[-3.6162624, -9.890835, -8.843976, -1.457319, -5.9034824, -4.1215715, -2.8714318, -1.004452]"
the champion supplied the knife to me .,a buddy delivered us a beer .,PD,DO,SUPPLY,DELIVER,THE,A,to,for,-33.93406677246094,"[-3.6162624, -9.890835, -8.843976, -3.6737354, -1.0990374, -5.314451, -1.49577]"
the champion supplied the knife to you .,a minister sent a beer to it .,PD,PD,SUPPLY,SEND,THE,A,to,to,-40.6712646484375,"[-3.6205022, -9.528713, -6.1262035, -1.3484615, -9.927999, -0.6741445, -8.017034, -1.4282098]"
the champion supplied the knife to you .,a minister sent it a beer .,PD,DO,SUPPLY,SEND,THE,A,to,to,-42.16389465332031,"[-3.6205022, -9.528713, -6.1262035, -4.679774, -6.6337986, -9.729092, -1.845814]"
the champion supplied the salad to it .,a buddy took an anchor to him .,PD,PD,SUPPLY,TAKE,THE,A,to,to,-40.485904693603516,"[-3.6525395, -10.013346, -5.99382, -4.4186172, -8.242975, -2.4918952, -4.3219852, -1.3507255]"
the champion supplied the salad to it .,a buddy took him an anchor .,PD,DO,SUPPLY,TAKE,THE,A,to,to,-43.487815856933594,"[-3.6525395, -10.013346, -5.99382, -3.4720287, -7.9499536, -9.87148, -2.5346456]"
the champion supplied the salad to it .,a daughter fed a chicken to them .,PD,PD,SUPPLY,FEED,THE,A,to,to,-36.51716613769531,"[-3.6525395, -9.057977, -8.584667, -1.7205492, -2.7649531, -1.0097799, -7.139699, -2.5870028]"
the champion supplied the salad to it .,a daughter fed them a chicken .,PD,DO,SUPPLY,FEED,THE,A,to,to,-37.44377899169922,"[-3.6525395, -9.057977, -8.584667, -6.4810815, -1.9544317, -4.338822, -3.374262]"
the champion supplied the salad to them .,a guest sent a camera to me .,PD,PD,SUPPLY,SEND,THE,A,to,to,-39.45157241821289,"[-3.6607623, -7.3623204, -10.7896, -3.1214817, -9.137279, -0.9366225, -2.7168307, -1.7266743]"
the champion supplied the salad to them .,a guest sent me a camera .,PD,DO,SUPPLY,SEND,THE,A,to,to,-36.844642639160156,"[-3.6607623, -7.3623204, -10.7896, -1.4324787, -1.5505593, -9.267279, -2.781644]"
the champion supplied them the salad .,a guest sent a camera to me .,DO,PD,SUPPLY,SEND,THE,A,to,to,-40.54631042480469,"[-3.6749845, -7.3772364, -10.760649, -3.5378973, -9.09592, -1.3431844, -2.9077196, -1.8487203]"
the champion supplied them the salad .,a guest sent me a camera .,DO,DO,SUPPLY,SEND,THE,A,to,to,-36.38124084472656,"[-3.6749845, -7.3772364, -10.760649, -1.0328677, -1.7589893, -9.48073, -2.2957864]"
the champion supplied us the engine .,a son gave a button to him .,DO,PD,SUPPLY,GIVE,THE,A,to,to,-42.119720458984375,"[-3.613385, -9.137814, -6.535064, -3.2240887, -12.325819, -1.054905, -4.688138, -1.5405046]"
the champion supplied us the engine .,a son gave him a button .,DO,DO,SUPPLY,GIVE,THE,A,to,to,-34.87931442260742,"[-3.613385, -9.137814, -6.535064, -3.7823973, -1.0480279, -9.433524, -1.3291007]"
the champion supplied us the key .,a man gave a card to me .,DO,PD,SUPPLY,GIVE,THE,A,to,to,-33.832725524902344,"[-3.6031172, -3.9538832, -6.9576626, -1.4217792, -10.076764, -0.24540119, -5.8983974, -1.6757208]"
the champion supplied us the key .,a man gave me a card .,DO,DO,SUPPLY,GIVE,THE,A,to,to,-26.764602661132812,"[-3.6031172, -3.9538832, -6.9576626, -2.91497, -0.9399625, -6.892671, -1.5023365]"
the champion supplied you the candy .,a sheriff sold a beer to him .,DO,PD,SUPPLY,SELL,THE,A,to,to,-38.92182159423828,"[-3.6497874, -8.574408, -10.288103, -1.9396747, -6.601548, -1.1900016, -5.374502, -1.3037955]"
the champion supplied you the candy .,a sheriff sold him a beer .,DO,DO,SUPPLY,SELL,THE,A,to,to,-32.85517120361328,"[-3.6497874, -8.574408, -10.288103, -4.076221, -1.012341, -4.17798, -1.0763296]"
the champion supplied you the chicken .,a father brought a beer to me .,DO,PD,SUPPLY,BRING,THE,A,to,to,-32.86321258544922,"[-3.6127882, -7.16355, -7.3321886, -1.9176285, -7.2511063, -0.51892126, -3.668913, -1.3981149]"
the champion supplied you the chicken .,a father brought me a beer .,DO,DO,SUPPLY,BRING,THE,A,to,to,-30.295621871948242,"[-3.6127882, -7.16355, -7.3321886, -4.753222, -1.1485751, -5.0749593, -1.2103397]"
the champion supplied you the chicken .,a husband delivered a candy for us .,DO,PD,SUPPLY,DELIVER,THE,A,to,for,-42.36115646362305,"[-3.6127882, -8.847826, -9.3093815, -1.0932089, -9.453594, -3.154324, -5.617758, -1.2722765]"
the champion supplied you the chicken .,a husband delivered us a candy .,DO,DO,SUPPLY,DELIVER,THE,A,to,for,-38.09870529174805,"[-3.6127882, -8.847826, -9.3093815, -6.122661, -1.1388087, -6.9816804, -2.0855608]"
the champion supplied you the chocolate .,a mother saved a candy for me .,DO,PD,SUPPLY,SAVE,THE,A,to,for,-41.84912872314453,"[-3.635887, -6.6880846, -8.4832, -1.5371885, -10.627465, -4.274048, -5.3800554, -1.2232006]"
the champion supplied you the chocolate .,a mother saved me a candy .,DO,DO,SUPPLY,SAVE,THE,A,to,for,-36.019081115722656,"[-3.635887, -6.6880846, -8.4832, -6.443035, -1.8514019, -6.8494415, -2.0680327]"
the champion supplied you the juice .,a nurse drew a bell for them .,DO,PD,SUPPLY,DRAW,THE,A,to,for,-39.744510650634766,"[-3.6086144, -7.8972363, -7.8900795, -1.3074037, -8.885653, -3.5478225, -5.3816032, -1.2260963]"
the champion supplied you the juice .,a nurse drew them a bell .,DO,DO,SUPPLY,DRAW,THE,A,to,for,-40.32822799682617,"[-3.6086144, -7.8972363, -7.8900795, -7.699174, -2.601658, -9.41217, -1.2192934]"
the champion supplied you the juice .,a student left a gun for me .,DO,PD,SUPPLY,LEAVE,THE,A,to,for,-38.181358337402344,"[-3.6086144, -6.236377, -7.1117415, -1.4392976, -6.083405, -4.6546125, -7.3156157, -1.7316923]"
the champion supplied you the juice .,a student left me a gun .,DO,DO,SUPPLY,LEAVE,THE,A,to,for,-34.819366455078125,"[-3.6086144, -6.236377, -7.1117415, -5.9325895, -1.4346851, -9.340562, -1.1547954]"
the champion supplied you the knife .,a minister sent a beer to it .,DO,PD,SUPPLY,SEND,THE,A,to,to,-40.813812255859375,"[-3.6309268, -9.387731, -6.1134043, -1.3429544, -9.715682, -0.9964263, -8.370078, -1.2566073]"
the champion supplied you the knife .,a minister sent it a beer .,DO,DO,SUPPLY,SEND,THE,A,to,to,-40.50489807128906,"[-3.6309268, -9.387731, -6.1134043, -4.860527, -5.8872514, -9.348663, -1.276395]"
the champion threw her the bowl .,a guy sold a candy to us .,DO,PD,THROW,SELL,THE,A,to,to,-36.98219299316406,"[-3.685094, -7.3726006, -8.636313, -1.7714634, -6.1645603, -4.032518, -4.443087, -0.87655646]"
the champion threw her the bowl .,a guy sold us a candy .,DO,DO,THROW,SELL,THE,A,to,to,-34.103675842285156,"[-3.685094, -7.3726006, -8.636313, -5.096423, -1.105964, -5.6976194, -2.5096602]"
the champion threw it the coat .,an aunt left a beer for me .,DO,PD,THROW,LEAVE,THE,A,to,for,-38.32924270629883,"[-5.7289567, -8.506821, -6.6524534, -1.3810811, -7.666641, -3.241549, -3.7581246, -1.3936169]"
the champion threw it the coat .,an aunt left me a beer .,DO,DO,THROW,LEAVE,THE,A,to,for,-34.769798278808594,"[-5.7289567, -8.506821, -6.6524534, -4.0570455, -1.3371619, -6.9385643, -1.548794]"
the champion threw it the coat .,a lawyer fed a meal to him .,DO,PD,THROW,FEED,THE,A,to,to,-40.26386260986328,"[-3.6646256, -7.145926, -12.366249, -2.6007774, -7.743565, -0.49168202, -4.915786, -1.3352504]"
the champion threw it the coat .,a lawyer fed him a meal .,DO,DO,THROW,FEED,THE,A,to,to,-37.10625457763672,"[-3.6646256, -7.145926, -12.366249, -5.390498, -1.2701507, -6.254177, -1.0146294]"
the champion threw me the coffee .,an adult bought a salad for you .,DO,PD,THROW,BUY,THE,A,to,for,-41.11858367919922,"[-5.7161016, -6.388523, -8.557823, -1.5676149, -8.330025, -2.2887118, -6.988763, -1.2810208]"
the champion threw me the coffee .,an adult bought you a salad .,DO,DO,THROW,BUY,THE,A,to,for,-36.087703704833984,"[-5.7161016, -6.388523, -8.557823, -5.9191327, -1.1883656, -7.137576, -1.1801811]"
the champion threw me the tea .,a nurse gave a juice to you .,DO,PD,THROW,GIVE,THE,A,to,to,-39.17884826660156,"[-3.6993716, -7.7095275, -4.9358225, -2.9580066, -11.334492, -0.6234531, -7.1635847, -0.7545909]"
the champion threw me the tea .,a nurse gave you a juice .,DO,DO,THROW,GIVE,THE,A,to,to,-32.135353088378906,"[-3.6993716, -7.7095275, -4.9358225, -5.7271805, -1.294618, -7.858682, -0.91014916]"
the champion threw the bowl to her .,a guy sold a candy to us .,PD,PD,THROW,SELL,THE,A,to,to,-34.98406982421875,"[-3.6334593, -7.417683, -8.702992, -1.5080416, -6.1822433, -2.7532516, -4.0262537, -0.760146]"
the champion threw the bowl to her .,a guy sold us a candy .,PD,DO,THROW,SELL,THE,A,to,to,-34.23871612548828,"[-3.6334593, -7.417683, -8.702992, -5.171754, -0.91785204, -5.764297, -2.6306782]"
the champion threw the bowl to you .,an employee took a jacket to us .,PD,PD,THROW,TAKE,THE,A,to,to,-37.8480224609375,"[-5.7189784, -4.6300526, -6.1941338, -1.1697438, -9.1340685, -3.5928776, -6.1487355, -1.2594309]"
the champion threw the bowl to you .,an employee took us a jacket .,PD,DO,THROW,TAKE,THE,A,to,to,-39.77756881713867,"[-5.7189784, -4.6300526, -6.1941338, -7.2169714, -2.83402, -10.747431, -2.435983]"
the champion threw the coat to it .,an aunt left a beer for me .,PD,PD,THROW,LEAVE,THE,A,to,for,-39.05738830566406,"[-5.7217607, -8.371592, -6.5465803, -1.2070695, -7.692975, -3.2289248, -4.7163663, -1.5721227]"
the champion threw the coat to it .,an aunt left me a beer .,PD,DO,THROW,LEAVE,THE,A,to,for,-36.246280670166016,"[-5.7217607, -8.371592, -6.5465803, -5.1317997, -1.2802866, -7.149325, -2.0449355]"
the champion threw the coat to it .,a lawyer fed a meal to him .,PD,PD,THROW,FEED,THE,A,to,to,-39.387115478515625,"[-3.6247008, -7.054905, -12.572148, -2.0449672, -7.835661, -0.34886375, -4.5647507, -1.3411181]"
the champion threw the coat to it .,a lawyer fed him a meal .,PD,DO,THROW,FEED,THE,A,to,to,-36.789306640625,"[-3.6247008, -7.054905, -12.572148, -5.048981, -1.1141174, -5.952634, -1.4218224]"
the champion threw the coffee to me .,an adult bought a salad for you .,PD,PD,THROW,BUY,THE,A,to,for,-39.655250549316406,"[-5.7096386, -6.3690176, -8.687287, -1.0754397, -8.051883, -2.0254376, -6.586233, -1.1503134]"
the champion threw the coffee to me .,an adult bought you a salad .,PD,DO,THROW,BUY,THE,A,to,for,-36.920562744140625,"[-5.7096386, -6.3690176, -8.687287, -6.5354357, -0.9050195, -7.421822, -1.2923429]"
the champion threw the tea to me .,a nurse gave a juice to you .,PD,PD,THROW,GIVE,THE,A,to,to,-37.09209442138672,"[-3.6042805, -7.827018, -5.023334, -2.129487, -11.221991, -0.14343263, -6.6531267, -0.4894248]"
the champion threw the tea to me .,a nurse gave you a juice .,PD,DO,THROW,GIVE,THE,A,to,to,-32.070159912109375,"[-3.6042805, -7.827018, -5.023334, -5.478343, -0.7864961, -8.088018, -1.2626714]"
the champion threw you the bowl .,an employee took a jacket to us .,DO,PD,THROW,TAKE,THE,A,to,to,-40.7637939453125,"[-5.702392, -4.7829924, -5.9247665, -1.405042, -9.140464, -4.3867264, -7.656175, -1.7652352]"
the champion threw you the bowl .,an employee took us a jacket .,DO,DO,THROW,TAKE,THE,A,to,to,-37.88257598876953,"[-5.702392, -4.7829924, -5.9247665, -6.073813, -2.3356328, -10.92569, -2.13729]"
the champion took him the pot .,a reader found a key for us .,DO,PD,TAKE,FIND,THE,A,to,for,-38.902854919433594,"[-3.598899, -7.211672, -6.075901, -4.2888837, -6.5543156, -4.358816, -5.2918386, -1.5225317]"
the champion took him the pot .,a reader found us a key .,DO,DO,TAKE,FIND,THE,A,to,for,-37.387847900390625,"[-3.598899, -7.211672, -6.075901, -7.3812127, -2.366427, -7.1993628, -3.5543735]"
the champion took me the pot .,a buddy promised a newspaper to us .,DO,PD,TAKE,PROMISE,THE,A,to,to,-47.98528289794922,"[-3.60119, -10.10486, -9.878217, -3.4969344, -10.499267, -3.4089866, -5.683302, -1.3125297]"
the champion took me the pot .,a buddy promised us a newspaper .,DO,DO,TAKE,PROMISE,THE,A,to,to,-41.96760559082031,"[-3.60119, -10.10486, -9.878217, -4.6938634, -1.6008493, -10.53833, -1.5502967]"
the champion took the pot to him .,a reader found a key for us .,PD,PD,TAKE,FIND,THE,A,to,for,-39.58169174194336,"[-3.5637798, -7.185635, -6.1591234, -5.3072376, -6.546708, -4.2992153, -4.9360623, -1.5839318]"
the champion took the pot to him .,a reader found us a key .,PD,DO,TAKE,FIND,THE,A,to,for,-40.423255920410156,"[-3.5637798, -7.185635, -6.1591234, -9.393078, -2.9130936, -7.3303213, -3.8782241]"
the champion took the pot to me .,a buddy promised a newspaper to us .,PD,PD,TAKE,PROMISE,THE,A,to,to,-45.81513214111328,"[-3.5576003, -10.317848, -10.20522, -3.4586968, -10.415047, -2.166935, -4.7757196, -0.9180676]"
the champion took the pot to me .,a buddy promised us a newspaper .,PD,DO,TAKE,PROMISE,THE,A,to,to,-42.26245880126953,"[-3.5576003, -10.317848, -10.20522, -4.998115, -1.440294, -10.204675, -1.5387098]"
the champion took the pot to them .,an opponent supplied a juice to you .,PD,PD,TAKE,SUPPLY,THE,A,to,to,-47.486000061035156,"[-5.6992025, -7.8308506, -12.815007, -2.0284553, -10.230568, -1.5791628, -6.5061817, -0.7965735]"
the champion took the pot to them .,an opponent supplied you a juice .,PD,DO,TAKE,SUPPLY,THE,A,to,to,-49.195960998535156,"[-5.6992025, -7.8308506, -12.815007, -6.237146, -4.879661, -9.531671, -2.2024202]"
the champion took them the pot .,an opponent supplied a juice to you .,DO,PD,TAKE,SUPPLY,THE,A,to,to,-47.95782470703125,"[-5.7176266, -7.8457127, -12.458747, -2.1770775, -10.11231, -1.6774827, -7.0175776, -0.95129067]"
the champion took them the pot .,an opponent supplied you a juice .,DO,DO,TAKE,SUPPLY,THE,A,to,to,-47.59589385986328,"[-5.7176266, -7.8457127, -12.458747, -6.193383, -4.471401, -9.101272, -1.8077533]"
the chief bought her the beer .,a winner fed a cheese to it .,DO,PD,BUY,FEED,THE,A,for,to,-46.03445053100586,"[-3.5613275, -10.377611, -12.073408, -2.6269164, -7.248575, -3.8057532, -5.6743073, -0.66655004]"
the chief bought her the beer .,a winner fed it a cheese .,DO,DO,BUY,FEED,THE,A,for,to,-41.74962615966797,"[-3.5613275, -10.377611, -12.073408, -4.625153, -2.861763, -6.861389, -1.3889754]"
the chief bought him the beer .,a candidate threw a newspaper to them .,DO,PD,BUY,THROW,THE,A,for,to,-40.39352798461914,"[-3.56494, -8.53404, -7.6636667, -0.736605, -7.4199095, -4.1220856, -7.1860194, -1.1662618]"
the chief bought him the beer .,a candidate threw them a newspaper .,DO,DO,BUY,THROW,THE,A,for,to,-41.530914306640625,"[-3.56494, -8.53404, -7.6636667, -8.378598, -1.5468432, -10.50557, -1.3372543]"
the chief bought the beer for her .,a winner fed a cheese to it .,PD,PD,BUY,FEED,THE,A,for,to,-44.307979583740234,"[-3.5277944, -10.421311, -12.178554, -2.085284, -6.7739377, -2.8089342, -5.782157, -0.7300062]"
the chief bought the beer for her .,a winner fed it a cheese .,PD,DO,BUY,FEED,THE,A,for,to,-41.726600646972656,"[-3.5277944, -10.421311, -12.178554, -4.947873, -2.5747244, -6.163618, -1.9127216]"
the chief bought the beer for him .,a candidate threw a newspaper to them .,PD,PD,BUY,THROW,THE,A,for,to,-40.2872314453125,"[-3.5336285, -8.549316, -8.017507, -0.59878767, -7.3652816, -3.9535756, -7.2154603, -1.0536782]"
the chief bought the beer for him .,a candidate threw them a newspaper .,PD,DO,BUY,THROW,THE,A,for,to,-41.82368469238281,"[-3.5336285, -8.549316, -8.017507, -8.630155, -2.1563945, -8.872582, -2.0641053]"
the chief bought the beer for you .,a girl brought a coffee to her .,PD,PD,BUY,BRING,THE,A,for,to,-31.882633209228516,"[-3.5064774, -7.231217, -8.047359, -1.9555962, -5.9946585, -0.6726718, -2.5605092, -1.9141445]"
the chief bought the beer for you .,a girl brought her a coffee .,PD,DO,BUY,BRING,THE,A,for,to,-34.05112075805664,"[-3.5064774, -7.231217, -8.047359, -3.568083, -5.5051174, -4.534541, -1.6583252]"
the chief bought the beer for you .,a hero supplied a tea to him .,PD,PD,BUY,SUPPLY,THE,A,for,to,-43.87657928466797,"[-3.5064774, -8.985706, -12.846056, -3.0586543, -7.0401845, -2.1463263, -5.4511733, -0.84199953]"
the chief bought the beer for you .,a hero supplied him a tea .,PD,DO,BUY,SUPPLY,THE,A,for,to,-42.390682220458984,"[-3.5064774, -8.985706, -12.846056, -5.939676, -3.2058039, -6.6203833, -1.2865804]"
the chief bought the beer for you .,an attorney delivered a chocolate for her .,PD,PD,BUY,DELIVER,THE,A,for,for,-45.265968322753906,"[-5.649764, -5.4106097, -11.247797, -0.8532255, -10.847294, -5.7763734, -4.029502, -1.4514021]"
the chief bought the beer for you .,an attorney delivered her a chocolate .,PD,DO,BUY,DELIVER,THE,A,for,for,-47.10692596435547,"[-5.649764, -5.4106097, -11.247797, -4.816555, -6.1705413, -8.33613, -5.4755306]"
the chief bought the coffee for us .,a lawyer fed a meal to him .,PD,PD,BUY,FEED,THE,A,for,to,-38.120697021484375,"[-3.5299451, -6.7988286, -13.418793, -2.54882, -6.0270853, -0.40021816, -4.3994064, -0.99760306]"
the chief bought the coffee for us .,a lawyer fed him a meal .,PD,DO,BUY,FEED,THE,A,for,to,-38.200462341308594,"[-3.5299451, -6.7988286, -13.418793, -6.286341, -1.4728719, -5.4622993, -1.2313817]"
the chief bought us the coffee .,a lawyer fed a meal to him .,DO,PD,BUY,FEED,THE,A,for,to,-40.33844757080078,"[-3.5580225, -6.805809, -12.890222, -2.9246159, -7.7858915, -0.39149955, -4.892309, -1.090079]"
the chief bought us the coffee .,a lawyer fed him a meal .,DO,DO,BUY,FEED,THE,A,for,to,-37.43535614013672,"[-3.5580225, -6.805809, -12.890222, -5.2462263, -2.3164124, -5.835445, -0.78322047]"
the chief bought you the beer .,a girl brought a coffee to her .,DO,PD,BUY,BRING,THE,A,for,to,-33.22284698486328,"[-3.5346444, -7.2822676, -7.901855, -1.8741789, -6.349682, -0.86775994, -2.9509392, -2.461519]"
the chief bought you the beer .,a girl brought her a coffee .,DO,DO,BUY,BRING,THE,A,for,to,-33.081298828125,"[-3.5346444, -7.2822676, -7.901855, -3.1121855, -5.844204, -4.359063, -1.0470787]"
the chief bought you the beer .,a hero supplied a tea to him .,DO,PD,BUY,SUPPLY,THE,A,for,to,-45.003700256347656,"[-3.5346444, -8.9425535, -12.857961, -3.1582968, -8.030921, -1.9403603, -5.767277, -0.77168876]"
the chief bought you the beer .,a hero supplied him a tea .,DO,DO,BUY,SUPPLY,THE,A,for,to,-42.24934005737305,"[-3.5346444, -8.9425535, -12.857961, -5.301694, -3.5974462, -7.242675, -0.7723667]"
the chief bought you the beer .,an attorney delivered a chocolate for her .,DO,PD,BUY,DELIVER,THE,A,for,for,-45.29404830932617,"[-5.6655283, -5.300068, -11.003899, -0.84161156, -11.246857, -6.568722, -2.777618, -1.8897445]"
the chief bought you the beer .,an attorney delivered her a chocolate .,DO,DO,BUY,DELIVER,THE,A,for,for,-46.86085510253906,"[-5.6655283, -5.300068, -11.003899, -4.4744945, -6.99264, -8.820816, -4.603409]"
the chief brought her the chicken .,a bishop bought a chocolate for us .,DO,PD,BRING,BUY,THE,A,to,for,-45.28215026855469,"[-3.5369463, -9.539153, -10.425586, -0.953133, -7.034114, -5.6209707, -6.930807, -1.2414409]"
the chief brought her the chicken .,a bishop bought us a chocolate .,DO,DO,BRING,BUY,THE,A,to,for,-40.917152404785156,"[-3.5369463, -9.539153, -10.425586, -7.8923917, -0.72712946, -5.2131248, -3.582819]"
the chief brought her the log .,a boy supplied a pie to us .,DO,PD,BRING,SUPPLY,THE,A,to,to,-44.96141052246094,"[-3.5449524, -7.0064754, -12.523756, -2.5521598, -8.922136, -0.87731504, -8.376213, -1.1584021]"
the chief brought her the log .,a boy supplied us a pie .,DO,DO,BRING,SUPPLY,THE,A,to,to,-42.76931381225586,"[-3.5449524, -7.0064754, -12.523756, -5.293367, -3.9526565, -9.224527, -1.2235802]"
the chief brought her the tea .,a winner delivered a beer for me .,DO,PD,BRING,DELIVER,THE,A,to,for,-41.108150482177734,"[-3.5492432, -10.604024, -10.507445, -1.592187, -7.576689, -3.06386, -3.4259164, -0.7887854]"
the chief brought her the tea .,a winner delivered me a beer .,DO,DO,BRING,DELIVER,THE,A,to,for,-37.77412414550781,"[-3.5492432, -10.604024, -10.507445, -6.6193504, -1.000658, -4.77499, -0.7184103]"
the chief brought him the juice .,a colonel took a knife to me .,DO,PD,BRING,TAKE,THE,A,to,to,-36.588966369628906,"[-3.5579782, -10.770676, -5.608756, -2.448287, -5.407773, -1.2719306, -6.3999443, -1.1236213]"
the chief brought him the juice .,a colonel took me a knife .,DO,DO,BRING,TAKE,THE,A,to,to,-36.09754943847656,"[-3.5579782, -10.770676, -5.608756, -3.087285, -3.1592717, -8.732424, -1.1811595]"
the chief brought him the key .,a prince supplied a salad to you .,DO,PD,BRING,SUPPLY,THE,A,to,to,-47.60249328613281,"[-3.5424461, -10.814619, -10.548322, -2.5428946, -10.70612, -1.6322718, -7.1694956, -0.6463283]"
the chief brought him the key .,a prince supplied you a salad .,DO,DO,BRING,SUPPLY,THE,A,to,to,-45.27156448364258,"[-3.5424461, -10.814619, -10.548322, -5.546034, -3.6641605, -10.318312, -0.83766943]"
the chief brought him the log .,a student left a gun for me .,DO,PD,BRING,LEAVE,THE,A,to,for,-37.67254638671875,"[-3.5536647, -6.0028324, -6.780576, -1.1168568, -6.7149215, -4.612688, -7.174661, -1.716347]"
the chief brought him the log .,a student left me a gun .,DO,DO,BRING,LEAVE,THE,A,to,for,-34.7598991394043,"[-3.5536647, -6.0028324, -6.780576, -6.5219564, -0.83276665, -9.604265, -1.4638369]"
the chief brought me the chicken .,an author supplied a button to you .,DO,PD,BRING,SUPPLY,THE,A,to,to,-43.90045166015625,"[-5.6728506, -7.369519, -9.800812, -3.464959, -9.337134, -1.1209943, -6.1955194, -0.9386645]"
the chief brought me the chicken .,an author supplied you a button .,DO,DO,BRING,SUPPLY,THE,A,to,to,-47.76368713378906,"[-5.6728506, -7.369519, -9.800812, -6.872634, -8.573025, -8.077687, -1.3971606]"
the chief brought me the tea .,a prince drew a wire for us .,DO,PD,BRING,DRAW,THE,A,to,for,-45.34174728393555,"[-3.5510201, -10.857883, -9.052133, -1.2410142, -9.392138, -5.060359, -5.4135513, -0.7736509]"
the chief brought me the tea .,a prince drew us a wire .,DO,DO,BRING,DRAW,THE,A,to,for,-43.06690979003906,"[-3.5510201, -10.857883, -9.052133, -5.921983, -1.7431003, -11.222699, -0.7180939]"
the chief brought the chicken to her .,a bishop bought a chocolate for us .,PD,PD,BRING,BUY,THE,A,to,for,-44.49541091918945,"[-3.5017662, -9.819441, -10.472856, -0.7825667, -6.2788153, -5.279127, -7.1981416, -1.1626964]"
the chief brought the chicken to her .,a bishop bought us a chocolate .,PD,DO,BRING,BUY,THE,A,to,for,-41.86144256591797,"[-3.5017662, -9.819441, -10.472856, -8.251919, -0.57676214, -5.06408, -4.1746187]"
the chief brought the chicken to me .,an author supplied a button to you .,PD,PD,BRING,SUPPLY,THE,A,to,to,-43.38412857055664,"[-5.6778483, -7.464003, -10.064262, -3.270592, -9.193513, -0.8483031, -5.998574, -0.8670328]"
the chief brought the chicken to me .,an author supplied you a button .,PD,DO,BRING,SUPPLY,THE,A,to,to,-47.018455505371094,"[-5.6778483, -7.464003, -10.064262, -6.9522038, -6.9305706, -8.1748705, -1.7546959]"
the chief brought the chicken to us .,a brother left a machine for you .,PD,PD,BRING,LEAVE,THE,A,to,for,-42.17888641357422,"[-3.4963536, -8.912159, -7.700282, -1.300009, -11.088158, -3.2014987, -5.2144427, -1.2659869]"
the chief brought the chicken to us .,a brother left you a machine .,PD,DO,BRING,LEAVE,THE,A,to,for,-41.13158416748047,"[-3.4963536, -8.912159, -7.700282, -6.7649584, -1.5408037, -10.930814, -1.7862138]"
the chief brought the juice to him .,a colonel took a knife to me .,PD,PD,BRING,TAKE,THE,A,to,to,-35.416927337646484,"[-3.5174782, -11.120178, -5.78686, -1.414027, -5.224635, -1.26145, -6.2049994, -0.8872992]"
the chief brought the juice to him .,a colonel took me a knife .,PD,DO,BRING,TAKE,THE,A,to,to,-39.221527099609375,"[-3.5174782, -11.120178, -5.78686, -3.811652, -5.1775975, -8.058608, -1.7491521]"
the chief brought the juice to them .,a parent delivered a flower for me .,PD,PD,BRING,DELIVER,THE,A,to,for,-40.39631652832031,"[-3.5006475, -8.139608, -8.943478, -0.7614799, -8.403395, -4.13875, -5.317769, -1.1911882]"
the chief brought the juice to them .,a parent delivered me a flower .,PD,DO,BRING,DELIVER,THE,A,to,for,-37.031620025634766,"[-3.5006475, -8.139608, -8.943478, -6.4404407, -0.7515348, -7.706062, -1.5498488]"
the chief brought the key to him .,a prince supplied a salad to you .,PD,PD,BRING,SUPPLY,THE,A,to,to,-47.136756896972656,"[-3.4985507, -11.141901, -10.969252, -2.290612, -10.664383, -1.140727, -6.78832, -0.6430147]"
the chief brought the key to him .,a prince supplied you a salad .,PD,DO,BRING,SUPPLY,THE,A,to,to,-45.90951919555664,"[-3.4985507, -11.141901, -10.969252, -5.9075556, -3.36782, -9.987703, -1.0367373]"
the chief brought the key to you .,a man drew a card for me .,PD,PD,BRING,DRAW,THE,A,to,for,-32.28950881958008,"[-3.4781718, -2.836478, -9.596044, -0.52121997, -6.1748614, -3.7279944, -4.8208613, -1.1338794]"
the chief brought the key to you .,a man drew me a card .,PD,DO,BRING,DRAW,THE,A,to,for,-31.129961013793945,"[-3.4781718, -2.836478, -9.596044, -8.534963, -1.3048005, -4.105174, -1.2743304]"
the chief brought the log to her .,a boy supplied a pie to us .,PD,PD,BRING,SUPPLY,THE,A,to,to,-43.399654388427734,"[-3.5096545, -6.945018, -12.838467, -2.3494768, -8.516738, -0.5132346, -7.9722657, -0.754799]"
the chief brought the log to her .,a boy supplied us a pie .,PD,DO,BRING,SUPPLY,THE,A,to,to,-42.59043502807617,"[-3.5096545, -6.945018, -12.838467, -5.724141, -4.0771203, -8.306407, -1.1896284]"
the chief brought the log to him .,a student left a gun for me .,PD,PD,BRING,LEAVE,THE,A,to,for,-37.29477310180664,"[-3.521579, -5.9978633, -6.8060555, -0.9920153, -6.7699847, -4.5011744, -7.103333, -1.6027689]"
the chief brought the log to him .,a student left me a gun .,PD,DO,BRING,LEAVE,THE,A,to,for,-35.697998046875,"[-3.521579, -5.9978633, -6.8060555, -7.4054856, -0.69043404, -9.554546, -1.7220339]"
the chief brought the pie to them .,a manager saved an anchor for me .,PD,PD,BRING,SAVE,THE,A,to,for,-44.84387969970703,"[-3.5243547, -8.575983, -11.269324, -3.8416936, -7.420414, -3.4713507, -5.844653, -0.8961044]"
the chief brought the pie to them .,a manager saved me an anchor .,PD,DO,BRING,SAVE,THE,A,to,for,-46.90764617919922,"[-3.5243547, -8.575983, -11.269324, -6.043004, -4.399798, -11.015877, -2.079306]"
the chief brought the salad to us .,an attorney promised a beer to me .,PD,PD,BRING,PROMISE,THE,A,to,to,-38.00061798095703,"[-5.6775846, -5.4862623, -10.710424, -2.2432106, -8.302862, -1.3035154, -3.340002, -0.9367567]"
the chief brought the salad to us .,an attorney promised me a beer .,PD,DO,BRING,PROMISE,THE,A,to,to,-35.31391143798828,"[-5.6775846, -5.4862623, -10.710424, -3.7526376, -1.364706, -6.7594013, -1.562898]"
the chief brought the tea to her .,a winner delivered a beer for me .,PD,PD,BRING,DELIVER,THE,A,to,for,-40.75366973876953,"[-3.5108137, -10.7258, -10.776974, -1.6868529, -6.6309032, -3.7789376, -2.8898025, -0.7535855]"
the chief brought the tea to her .,a winner delivered me a beer .,PD,DO,BRING,DELIVER,THE,A,to,for,-39.37574005126953,"[-3.5108137, -10.7258, -10.776974, -7.618317, -0.7947099, -4.9502826, -0.9988419]"
the chief brought the tea to me .,a prince drew a wire for us .,PD,PD,BRING,DRAW,THE,A,to,for,-46.076515197753906,"[-3.5207732, -10.982833, -9.185511, -1.0180521, -9.360319, -5.4207864, -5.699501, -0.8887421]"
the chief brought the tea to me .,a prince drew us a wire .,PD,DO,BRING,DRAW,THE,A,to,for,-44.75114440917969,"[-3.5207732, -10.982833, -9.185511, -7.5627737, -1.5303428, -10.980495, -0.9884156]"
the chief brought the tea to you .,a guest saved a camera for me .,PD,PD,BRING,SAVE,THE,A,to,for,-43.58358383178711,"[-3.492714, -7.9376144, -14.236979, -6.706439, -5.7000566, -2.5450382, -2.3308613, -0.6338831]"
the chief brought the tea to you .,a guest saved me a camera .,PD,DO,BRING,SAVE,THE,A,to,for,-43.26884841918945,"[-3.492714, -7.9376144, -14.236979, -4.3836412, -1.6639593, -9.980421, -1.5735196]"
the chief brought them the juice .,a parent delivered a flower for me .,DO,PD,BRING,DELIVER,THE,A,to,for,-39.64678192138672,"[-3.5397022, -8.060926, -8.809491, -0.91049623, -8.83774, -3.4364047, -4.7728043, -1.279216]"
the chief brought them the juice .,a parent delivered me a flower .,DO,DO,BRING,DELIVER,THE,A,to,for,-35.76549530029297,"[-3.5397022, -8.060926, -8.809491, -5.07301, -0.7927896, -7.9087095, -1.5808662]"
the chief brought them the pie .,a manager saved an anchor for me .,DO,PD,BRING,SAVE,THE,A,to,for,-44.239990234375,"[-3.5617213, -8.541917, -10.870341, -4.038312, -7.374283, -3.599667, -5.2752666, -0.97848344]"
the chief brought them the pie .,a manager saved me an anchor .,DO,DO,BRING,SAVE,THE,A,to,for,-44.58795166015625,"[-3.5617213, -8.541917, -10.870341, -5.0185566, -4.1701493, -10.588036, -1.8372289]"
the chief brought us the chicken .,a brother left a machine for you .,DO,PD,BRING,LEAVE,THE,A,to,for,-42.21779251098633,"[-3.5159802, -8.889136, -7.5237236, -1.4311091, -10.780564, -3.4760127, -5.394488, -1.206778]"
the chief brought us the chicken .,a brother left you a machine .,DO,DO,BRING,LEAVE,THE,A,to,for,-39.430152893066406,"[-3.5159802, -8.889136, -7.5237236, -6.0643954, -1.6772289, -10.74147, -1.0182157]"
the chief brought us the salad .,an attorney promised a beer to me .,DO,PD,BRING,PROMISE,THE,A,to,to,-38.660343170166016,"[-5.6758733, -5.31131, -10.629684, -2.3884041, -8.447129, -2.2945971, -2.8016062, -1.1117389]"
the chief brought us the salad .,an attorney promised me a beer .,DO,DO,BRING,PROMISE,THE,A,to,to,-33.087303161621094,"[-5.6758733, -5.31131, -10.629684, -2.320594, -1.4988868, -6.426156, -1.2247989]"
the chief brought you the key .,a man drew a card for me .,DO,PD,BRING,DRAW,THE,A,to,for,-32.13028335571289,"[-3.4977455, -2.7552218, -9.417163, -0.5327164, -6.193275, -4.0016184, -4.4730797, -1.2594633]"
the chief brought you the key .,a man drew me a card .,DO,DO,BRING,DRAW,THE,A,to,for,-28.94831085205078,"[-3.4977455, -2.7552218, -9.417163, -7.4904523, -0.71210223, -3.9769945, -1.0986319]"
the chief brought you the tea .,a guest saved a camera for me .,DO,PD,BRING,SAVE,THE,A,to,for,-42.75386047363281,"[-3.5114346, -8.018389, -14.368657, -5.347587, -6.356379, -2.6844225, -1.7829821, -0.68400866]"
the chief brought you the tea .,a guest saved me a camera .,DO,DO,BRING,SAVE,THE,A,to,for,-41.744422912597656,"[-3.5114346, -8.018389, -14.368657, -2.7659905, -1.6341846, -10.131039, -1.3147258]"
the chief caught me the bag .,an uncle drew a card for us .,DO,PD,CATCH,DRAW,THE,A,for,for,-39.41891098022461,"[-5.6688943, -8.242005, -9.6640215, -1.0361539, -5.3813577, -3.5756433, -4.6437373, -1.2070969]"
the chief caught me the bag .,an uncle drew us a card .,DO,DO,CATCH,DRAW,THE,A,for,for,-34.73200225830078,"[-5.6688943, -8.242005, -9.6640215, -5.8912315, -0.54048705, -3.5331788, -1.1921813]"
the chief caught me the telephone .,a cousin drew a camera for us .,DO,PD,CATCH,DRAW,THE,A,for,for,-40.54474639892578,"[-3.5388246, -9.272733, -9.974681, -1.2396159, -7.6482453, -3.9505184, -3.8688529, -1.0512767]"
the chief caught me the telephone .,a cousin drew us a camera .,DO,DO,CATCH,DRAW,THE,A,for,for,-38.606056213378906,"[-3.5388246, -9.272733, -9.974681, -5.306873, -0.72151583, -8.446486, -1.3449442]"
the chief caught me the television .,an administration designed a pot for it .,DO,PD,CATCH,DESIGN,THE,A,for,for,-48.37886047363281,"[-5.66262, -8.614733, -9.867697, -4.174615, -9.7763605, -2.87544, -6.194745, -1.2126534]"
the chief caught me the television .,an administration designed it a pot .,DO,DO,CATCH,DESIGN,THE,A,for,for,-49.47999572753906,"[-5.66262, -8.614733, -9.867697, -6.5597744, -6.0951376, -9.99338, -2.6866555]"
the chief caught the bag for me .,an uncle drew a card for us .,PD,PD,CATCH,DRAW,THE,A,for,for,-38.0599250793457,"[-5.6740975, -8.202469, -9.966463, -0.83455, -5.50471, -2.7908332, -3.981162, -1.105642]"
the chief caught the bag for me .,an uncle drew us a card .,PD,DO,CATCH,DRAW,THE,A,for,for,-38.986881256103516,"[-5.6740975, -8.202469, -9.966463, -7.9475, -0.9063058, -4.5206428, -1.7694018]"
the chief caught the bag for you .,a brother made a guitar for me .,PD,PD,CATCH,MAKE,THE,A,for,for,-36.509727478027344,"[-3.4765606, -8.950603, -7.07286, -0.74991196, -10.255114, -1.9106327, -2.9865947, -1.107453]"
the chief caught the bag for you .,a brother made me a guitar .,PD,DO,CATCH,MAKE,THE,A,for,for,-37.82936477661133,"[-3.4765606, -8.950603, -7.07286, -6.7140975, -1.3745762, -9.073637, -1.1670322]"
the chief caught the bottle for us .,a guy found a beer for me .,PD,PD,CATCH,FIND,THE,A,for,for,-29.173099517822266,"[-3.49858, -7.8191004, -5.8750973, -0.6109235, -5.552788, -2.626361, -2.2641368, -0.9261128]"
the chief caught the bottle for us .,a guy found me a beer .,PD,DO,CATCH,FIND,THE,A,for,for,-32.106754302978516,"[-3.49858, -7.8191004, -5.8750973, -6.9311523, -2.0205805, -4.021554, -1.9406916]"
the chief caught the bottle for you .,a leader got a salad for us .,PD,PD,CATCH,GET,THE,A,for,for,-42.019901275634766,"[-3.4877353, -8.216133, -9.768544, -1.260898, -11.7001, -1.6582408, -5.0091267, -0.919122]"
the chief caught the bottle for you .,a leader got us a salad .,PD,DO,CATCH,GET,THE,A,for,for,-43.22986602783203,"[-3.4877353, -8.216133, -9.768544, -7.884152, -1.738832, -10.332975, -1.801494]"
the chief caught the bottle for you .,a colonel made a computer for it .,PD,PD,CATCH,MAKE,THE,A,for,for,-41.20648193359375,"[-3.4877353, -11.74246, -6.8337893, -0.91054666, -9.214119, -3.2711549, -5.1175866, -0.62908846]"
the chief caught the bottle for you .,a colonel made it a computer .,PD,DO,CATCH,MAKE,THE,A,for,for,-43.66096496582031,"[-3.4877353, -11.74246, -6.8337893, -3.0122876, -2.7351546, -12.419175, -3.4303641]"
the chief caught the knife for you .,a buddy sold a cheese to us .,PD,PD,CATCH,SELL,THE,A,for,to,-46.61119079589844,"[-3.5025969, -11.154886, -10.289226, -1.408437, -9.548873, -3.352582, -5.833909, -1.5206839]"
the chief caught the knife for you .,a buddy sold us a cheese .,PD,DO,CATCH,SELL,THE,A,for,to,-43.62023162841797,"[-3.5025969, -11.154886, -10.289226, -5.234252, -0.97866416, -9.222712, -3.2378955]"
the chief caught the log for us .,a professor brought a tea to them .,PD,PD,CATCH,BRING,THE,A,for,to,-36.774322509765625,"[-3.482484, -7.766338, -8.184486, -1.59266, -7.5667067, -1.1465641, -6.076656, -0.95842564]"
the chief caught the log for us .,a professor brought them a tea .,PD,DO,CATCH,BRING,THE,A,for,to,-36.15518569946289,"[-3.482484, -7.766338, -8.184486, -6.3417654, -2.482785, -6.5021133, -1.3952134]"
the chief caught the telephone for me .,a cousin drew a camera for us .,PD,PD,CATCH,DRAW,THE,A,for,for,-38.94902801513672,"[-3.5240297, -9.343242, -10.159014, -0.94512296, -7.7874064, -3.0116513, -3.4722648, -0.70629615]"
the chief caught the telephone for me .,a cousin drew us a camera .,PD,DO,CATCH,DRAW,THE,A,for,for,-41.72221374511719,"[-3.5240297, -9.343242, -10.159014, -6.789674, -1.257737, -8.867815, -1.7807006]"
the chief caught the telephone for you .,an aunt threw a key to me .,PD,PD,CATCH,THROW,THE,A,for,to,-42.21155548095703,"[-5.6738443, -8.5556965, -8.988976, -0.6217798, -7.4489717, -2.0023594, -7.251653, -1.6682752]"
the chief caught the telephone for you .,an aunt threw me a key .,PD,DO,CATCH,THROW,THE,A,for,to,-39.449371337890625,"[-5.6738443, -8.5556965, -8.988976, -6.8464694, -0.3995315, -7.16479, -1.8200626]"
the chief caught the television for me .,an administration designed a pot for it .,PD,PD,CATCH,DESIGN,THE,A,for,for,-47.8743896484375,"[-5.670599, -8.704218, -9.797031, -5.228615, -9.8864355, -2.1909356, -5.660147, -0.7364081]"
the chief caught the television for me .,an administration designed it a pot .,PD,DO,CATCH,DESIGN,THE,A,for,for,-51.08506774902344,"[-5.670599, -8.704218, -9.797031, -7.30064, -6.2561464, -10.562573, -2.7938585]"
the chief caught the television for you .,a lawyer kept a juice for it .,PD,PD,CATCH,KEEP,THE,A,for,for,-51.722511291503906,"[-3.5169692, -7.2736034, -11.842339, -1.44018, -14.630308, -4.923905, -6.93897, -1.156239]"
the chief caught the television for you .,a lawyer kept it a juice .,PD,DO,CATCH,KEEP,THE,A,for,for,-46.81294250488281,"[-3.5169692, -7.2736034, -11.842339, -4.483721, -1.8031956, -16.239906, -1.6532093]"
the chief caught us the bottle .,a guy found a beer for me .,DO,PD,CATCH,FIND,THE,A,for,for,-32.13941955566406,"[-3.5219371, -7.7559705, -6.377322, -0.66347677, -5.481889, -4.707176, -2.5437825, -1.087868]"
the chief caught us the bottle .,a guy found me a beer .,DO,DO,CATCH,FIND,THE,A,for,for,-28.167701721191406,"[-3.5219371, -7.7559705, -6.377322, -5.0095425, -0.81663746, -3.663032, -1.0232594]"
the chief caught us the log .,a professor brought a tea to them .,DO,PD,CATCH,BRING,THE,A,for,to,-37.026580810546875,"[-3.5030022, -7.7742777, -8.098418, -1.7859049, -7.8078218, -1.2186321, -5.9227467, -0.91577905]"
the chief caught us the log .,a professor brought them a tea .,DO,DO,CATCH,BRING,THE,A,for,to,-34.9785041809082,"[-3.5030022, -7.7742777, -8.098418, -6.1422415, -1.6875702, -6.6819744, -1.0910218]"
the chief caught you the bag .,a brother made a guitar for me .,DO,PD,CATCH,MAKE,THE,A,for,for,-39.02355194091797,"[-3.4817414, -8.918452, -7.230917, -0.73762846, -10.69245, -2.4539409, -4.18336, -1.325062]"
the chief caught you the bag .,a brother made me a guitar .,DO,DO,CATCH,MAKE,THE,A,for,for,-36.490699768066406,"[-3.4817414, -8.918452, -7.230917, -5.8010497, -1.0496974, -9.098438, -0.9104008]"
the chief caught you the bottle .,a leader got a salad for us .,DO,PD,CATCH,GET,THE,A,for,for,-44.74768829345703,"[-3.4970915, -8.144858, -9.586448, -1.2685736, -11.539293, -2.9073381, -6.672823, -1.1312612]"
the chief caught you the bottle .,a leader got us a salad .,DO,DO,CATCH,GET,THE,A,for,for,-40.65392303466797,"[-3.4970915, -8.144858, -9.586448, -7.250551, -1.2068818, -9.784294, -1.183799]"
the chief caught you the bottle .,a colonel made a computer for it .,DO,PD,CATCH,MAKE,THE,A,for,for,-42.772857666015625,"[-3.4970915, -11.789738, -6.7192144, -0.87179446, -9.1891985, -3.90497, -5.916824, -0.88402873]"
the chief caught you the bottle .,a colonel made it a computer .,DO,DO,CATCH,MAKE,THE,A,for,for,-41.914306640625,"[-3.4970915, -11.789738, -6.7192144, -3.1527927, -2.190546, -11.440782, -3.1241422]"
the chief caught you the knife .,a buddy sold a cheese to us .,DO,PD,CATCH,SELL,THE,A,for,to,-46.340972900390625,"[-3.4926567, -11.180829, -10.265463, -1.332513, -9.332255, -3.361987, -6.089819, -1.2854477]"
the chief caught you the knife .,a buddy sold us a cheese .,DO,DO,CATCH,SELL,THE,A,for,to,-41.65431213378906,"[-3.4926567, -11.180829, -10.265463, -4.969037, -0.7871423, -8.501082, -2.4581]"
the chief caught you the telephone .,an aunt threw a key to me .,DO,PD,CATCH,THROW,THE,A,for,to,-43.504981994628906,"[-5.675727, -8.698471, -9.224833, -0.5905608, -7.5259504, -1.5679194, -8.46598, -1.755542]"
the chief caught you the telephone .,an aunt threw me a key .,DO,DO,CATCH,THROW,THE,A,for,to,-38.61300277709961,"[-5.675727, -8.698471, -9.224833, -6.242422, -0.33410823, -6.9891815, -1.448261]"
the chief caught you the television .,a lawyer kept a juice for it .,DO,PD,CATCH,KEEP,THE,A,for,for,-53.22081756591797,"[-3.4835315, -7.2770185, -11.667336, -1.4105197, -14.7343645, -5.5060606, -7.275691, -1.8662966]"
the chief caught you the television .,a lawyer kept it a juice .,DO,DO,CATCH,KEEP,THE,A,for,for,-46.67407989501953,"[-3.4835315, -7.2770185, -11.667336, -4.793744, -1.4123482, -16.609266, -1.430834]"
the chief delivered him the coffee .,a prince took a box to me .,DO,PD,DELIVER,TAKE,THE,A,for,to,-39.88990783691406,"[-3.6205413, -10.722324, -5.2815933, -1.8097615, -7.4390154, -4.3154383, -5.948638, -0.7525942]"
the chief delivered him the coffee .,a prince took me a box .,DO,DO,DELIVER,TAKE,THE,A,for,to,-39.4892578125,"[-3.6205413, -10.722324, -5.2815933, -3.6171021, -6.1709323, -8.298637, -1.7781278]"
the chief delivered him the juice .,a nurse drew a bell for them .,DO,PD,DELIVER,DRAW,THE,A,for,for,-38.372581481933594,"[-3.601853, -7.297879, -7.5739627, -1.6513292, -8.561272, -3.9487324, -4.7797623, -0.95778966]"
the chief delivered him the juice .,a nurse drew them a bell .,DO,DO,DELIVER,DRAW,THE,A,for,for,-39.11077117919922,"[-3.601853, -7.297879, -7.5739627, -6.4721985, -2.8347747, -10.265255, -1.0648497]"
the chief delivered it the chicken .,a cop left a candy for you .,DO,PD,DELIVER,LEAVE,THE,A,for,for,-41.21310806274414,"[-3.5565124, -8.437469, -7.0713406, -1.3565749, -8.532227, -4.7032366, -6.105898, -1.4498507]"
the chief delivered it the chicken .,a cop left you a candy .,DO,DO,DELIVER,LEAVE,THE,A,for,for,-37.75621795654297,"[-3.5565124, -8.437469, -7.0713406, -6.9374065, -2.1560223, -7.7011824, -1.8962843]"
the chief delivered it the coffee .,a lady purchased a cheese for them .,DO,PD,DELIVER,PURCHASE,THE,A,for,for,-44.331172943115234,"[-3.5694757, -8.52729, -10.094265, -0.8152788, -8.28231, -3.6474502, -8.044796, -1.3503063]"
the chief delivered it the coffee .,a lady purchased them a cheese .,DO,DO,DELIVER,PURCHASE,THE,A,for,for,-44.13526916503906,"[-3.5694757, -8.52729, -10.094265, -7.186179, -4.4354086, -7.2673407, -3.0553105]"
the chief delivered it the juice .,a boy gave a meal to us .,DO,PD,DELIVER,GIVE,THE,A,for,to,-39.13799285888672,"[-3.5712261, -6.911971, -8.161995, -1.9096764, -9.017151, -0.18417537, -7.920403, -1.4613975]"
the chief delivered it the juice .,a boy gave us a meal .,DO,DO,DELIVER,GIVE,THE,A,for,to,-34.841957092285156,"[-3.5712261, -6.911971, -8.161995, -5.934389, -0.9455486, -7.8045683, -1.5122591]"
the chief delivered the chicken for it .,a cop left a candy for you .,PD,PD,DELIVER,LEAVE,THE,A,for,for,-39.36397933959961,"[-3.5348644, -8.37537, -7.107767, -1.2257106, -8.512615, -3.1972764, -6.077973, -1.3324007]"
the chief delivered the chicken for it .,a cop left you a candy .,PD,DO,DELIVER,LEAVE,THE,A,for,for,-38.78730773925781,"[-3.5348644, -8.37537, -7.107767, -7.055747, -2.4667215, -7.585961, -2.6608763]"
the chief delivered the chicken for us .,a mayor bought a jacket for her .,PD,PD,DELIVER,BUY,THE,A,for,for,-40.38903045654297,"[-3.522618, -10.018632, -10.064335, -0.67415005, -8.981482, -1.6347847, -2.2652664, -3.2277617]"
the chief delivered the chicken for us .,a mayor bought her a jacket .,PD,DO,DELIVER,BUY,THE,A,for,for,-38.72821807861328,"[-3.522618, -10.018632, -10.064335, -4.1190047, -1.0643595, -7.7351894, -2.204081]"
the chief delivered the chicken for you .,a student left a gun for me .,PD,PD,DELIVER,LEAVE,THE,A,for,for,-34.50809860229492,"[-3.5210972, -6.129657, -6.897606, -1.240545, -5.212239, -3.2426198, -6.6420507, -1.6222827]"
the chief delivered the chicken for you .,a student left me a gun .,PD,DO,DELIVER,LEAVE,THE,A,for,for,-35.58567428588867,"[-3.5210972, -6.129657, -6.897606, -7.142745, -1.3445523, -8.641251, -1.9087676]"
the chief delivered the chicken for you .,an employee fed a salad to him .,PD,PD,DELIVER,FEED,THE,A,for,to,-38.97496795654297,"[-5.6920996, -4.54775, -11.314713, -1.4777163, -7.4382133, -2.2176127, -4.733106, -1.5537584]"
the chief delivered the chicken for you .,an employee fed him a salad .,PD,DO,DELIVER,FEED,THE,A,for,to,-35.2777214050293,"[-5.6920996, -4.54775, -11.314713, -5.4331465, -1.162196, -5.2152324, -1.9125829]"
the chief delivered the coffee for him .,a prince took a box to me .,PD,PD,DELIVER,TAKE,THE,A,for,to,-40.035133361816406,"[-3.542194, -10.829525, -5.5330896, -1.4757932, -7.0136657, -4.214269, -6.528916, -0.8976812]"
the chief delivered the coffee for him .,a prince took me a box .,PD,DO,DELIVER,TAKE,THE,A,for,to,-40.406089782714844,"[-3.542194, -10.829525, -5.5330896, -4.6747622, -5.775091, -7.567689, -2.4837391]"
the chief delivered the coffee for it .,a lady purchased a cheese for them .,PD,PD,DELIVER,PURCHASE,THE,A,for,for,-43.26664733886719,"[-3.533029, -8.630899, -9.998062, -0.72644985, -8.481227, -3.0328393, -7.869644, -0.9944949]"
the chief delivered the coffee for it .,a lady purchased them a cheese .,PD,DO,DELIVER,PURCHASE,THE,A,for,for,-47.973751068115234,"[-3.533029, -8.630899, -9.998062, -7.562724, -5.235723, -9.158625, -3.8546865]"
the chief delivered the juice for him .,a nurse drew a bell for them .,PD,PD,DELIVER,DRAW,THE,A,for,for,-37.61637878417969,"[-3.5548635, -7.4689918, -7.9436007, -1.2003406, -8.731701, -2.73931, -5.065154, -0.9124142]"
the chief delivered the juice for him .,a nurse drew them a bell .,PD,DO,DELIVER,DRAW,THE,A,for,for,-39.71092224121094,"[-3.5548635, -7.4689918, -7.9436007, -7.2841973, -2.5789697, -9.145917, -1.7343813]"
the chief delivered the juice for it .,a boy gave a meal to us .,PD,PD,DELIVER,GIVE,THE,A,for,to,-37.77817916870117,"[-3.5320425, -6.9282823, -7.943818, -1.7255261, -8.7365, -0.4329213, -7.0627165, -1.4163717]"
the chief delivered the juice for it .,a boy gave us a meal .,PD,DO,DELIVER,GIVE,THE,A,for,to,-35.1852912902832,"[-3.5320425, -6.9282823, -7.943818, -5.859474, -0.94303364, -7.89625, -2.0823905]"
the chief delivered the juice for you .,a boy purchased a candy for it .,PD,PD,DELIVER,PURCHASE,THE,A,for,for,-39.51259994506836,"[-3.5270293, -7.0395474, -10.641493, -0.71380377, -6.3353176, -2.6525297, -7.634219, -0.96865726]"
the chief delivered the juice for you .,a boy purchased it a candy .,PD,DO,DELIVER,PURCHASE,THE,A,for,for,-47.83953857421875,"[-3.5270293, -7.0395474, -10.641493, -6.1775184, -5.6747484, -10.356071, -4.423133]"
the chief delivered the tea for them .,a colonel got a meal for you .,PD,PD,DELIVER,GET,THE,A,for,for,-44.4306526184082,"[-3.53695, -10.854731, -8.35634, -1.9725509, -8.564297, -1.4060168, -8.968731, -0.7710332]"
the chief delivered the tea for them .,a colonel got you a meal .,PD,DO,DELIVER,GET,THE,A,for,for,-39.90071105957031,"[-3.53695, -10.854731, -8.35634, -7.5779853, -1.8345243, -6.0497937, -1.6903894]"
the chief delivered the tea for them .,a brother gave a crystal to it .,PD,PD,DELIVER,GIVE,THE,A,for,to,-40.71381378173828,"[-3.53695, -9.070729, -6.9341373, -2.5183272, -10.190068, -1.9270676, -5.778397, -0.75813705]"
the chief delivered the tea for them .,a brother gave it a crystal .,PD,DO,DELIVER,GIVE,THE,A,for,to,-41.44544982910156,"[-3.53695, -9.070729, -6.9341373, -4.050776, -2.9760463, -10.7835865, -4.093225]"
the chief delivered them the tea .,a colonel got a meal for you .,DO,PD,DELIVER,GET,THE,A,for,for,-44.79987335205078,"[-3.6074753, -10.605014, -8.293322, -2.2667832, -9.025347, -2.7926526, -7.250923, -0.9583577]"
the chief delivered them the tea .,a colonel got you a meal .,DO,DO,DELIVER,GET,THE,A,for,for,-38.486732482910156,"[-3.6074753, -10.605014, -8.293322, -7.7143865, -1.5596277, -5.680846, -1.0260595]"
the chief delivered them the tea .,a brother gave a crystal to it .,DO,PD,DELIVER,GIVE,THE,A,for,to,-42.200965881347656,"[-3.6074753, -8.940559, -6.698277, -2.7254717, -11.321045, -1.3808037, -6.889958, -0.63737565]"
the chief delivered them the tea .,a brother gave it a crystal .,DO,DO,DELIVER,GIVE,THE,A,for,to,-39.13074493408203,"[-3.6074753, -8.940559, -6.698277, -3.999941, -1.5537369, -11.188494, -3.1422634]"
the chief delivered us the chicken .,a mayor bought a jacket for her .,DO,PD,DELIVER,BUY,THE,A,for,for,-41.76225280761719,"[-3.5713732, -9.9551325, -10.058175, -0.8992477, -9.075735, -2.4394674, -2.4565864, -3.3065362]"
the chief delivered us the chicken .,a mayor bought her a jacket .,DO,DO,DELIVER,BUY,THE,A,for,for,-37.39854431152344,"[-3.5713732, -9.9551325, -10.058175, -3.4388232, -0.8505046, -8.007519, -1.5170175]"
the chief delivered you the chicken .,a student left a gun for me .,DO,PD,DELIVER,LEAVE,THE,A,for,for,-36.683807373046875,"[-3.5517862, -6.1972027, -6.827191, -1.367164, -5.0528708, -4.5477514, -7.4664865, -1.6733526]"
the chief delivered you the chicken .,a student left me a gun .,DO,DO,DELIVER,LEAVE,THE,A,for,for,-34.39215850830078,"[-3.5517862, -6.1972027, -6.827191, -6.4065566, -1.3698155, -8.961522, -1.0780861]"
the chief delivered you the chicken .,an employee fed a salad to him .,DO,PD,DELIVER,FEED,THE,A,for,to,-40.355186462402344,"[-5.6987314, -4.5426216, -11.32634, -1.7483674, -8.330405, -1.2543473, -5.727286, -1.7270868]"
the chief delivered you the chicken .,an employee fed him a salad .,DO,DO,DELIVER,FEED,THE,A,for,to,-33.977230072021484,"[-5.6987314, -4.5426216, -11.32634, -4.728565, -1.2463917, -5.3525004, -1.0820787]"
the chief delivered you the juice .,a boy purchased a candy for it .,DO,PD,DELIVER,PURCHASE,THE,A,for,for,-41.357421875,"[-3.5574913, -7.0818505, -10.434402, -0.79410744, -6.5814724, -4.0024567, -7.8133554, -1.0922873]"
the chief delivered you the juice .,a boy purchased it a candy .,DO,DO,DELIVER,PURCHASE,THE,A,for,for,-46.234039306640625,"[-3.5574913, -7.0818505, -10.434402, -5.883834, -5.605829, -10.170873, -3.4997582]"
the chief designed her the bottle .,a nurse drew a bell for them .,DO,PD,DESIGN,DRAW,THE,A,for,for,-38.518489837646484,"[-3.543167, -7.4061255, -8.020098, -1.1838994, -8.383484, -3.766222, -5.410875, -0.80462044]"
the chief designed her the bottle .,a nurse drew them a bell .,DO,DO,DESIGN,DRAW,THE,A,for,for,-37.960269927978516,"[-3.543167, -7.4061255, -8.020098, -7.0755725, -1.8080801, -9.253036, -0.85419214]"
the chief designed him the motor .,a writer purchased an iron for it .,DO,PD,DESIGN,PURCHASE,THE,A,for,for,-43.526329040527344,"[-3.5568824, -7.947279, -10.114009, -2.7863035, -8.093071, -3.9583893, -6.1317167, -0.93867695]"
the chief designed him the motor .,a writer purchased it an iron .,DO,DO,DESIGN,PURCHASE,THE,A,for,for,-46.41510772705078,"[-3.5568824, -7.947279, -10.114009, -5.404088, -8.194237, -8.949046, -2.2495658]"
the chief designed me the bottle .,a writer sent a meal to you .,DO,PD,DESIGN,SEND,THE,A,for,to,-42.184818267822266,"[-3.542777, -7.719471, -6.300665, -3.0308375, -12.425361, -1.1480057, -6.9179697, -1.0997336]"
the chief designed me the bottle .,a writer sent you a meal .,DO,DO,DESIGN,SEND,THE,A,for,to,-39.656822204589844,"[-3.542777, -7.719471, -6.300665, -7.5627522, -1.6624125, -11.568305, -1.3004389]"
the chief designed the bottle for her .,a nurse drew a bell for them .,PD,PD,DESIGN,DRAW,THE,A,for,for,-37.4368896484375,"[-3.4861412, -7.495474, -8.222408, -0.94721484, -8.8489685, -2.1431062, -5.440073, -0.8535053]"
the chief designed the bottle for her .,a nurse drew them a bell .,PD,DO,DESIGN,DRAW,THE,A,for,for,-40.822113037109375,"[-3.4861412, -7.495474, -8.222408, -7.716655, -2.9022822, -9.56032, -1.4388329]"
the chief designed the bottle for me .,a writer sent a meal to you .,PD,PD,DESIGN,SEND,THE,A,for,to,-41.37547302246094,"[-3.4928324, -7.872257, -6.6945662, -2.3530447, -11.686782, -1.1457694, -6.978182, -1.15204]"
the chief designed the bottle for me .,a writer sent you a meal .,PD,DO,DESIGN,SEND,THE,A,for,to,-39.62903594970703,"[-3.4928324, -7.872257, -6.6945662, -6.9844513, -1.2952008, -11.122457, -2.1672745]"
the chief designed the bottle for us .,a teacher brought an engine to him .,PD,PD,DESIGN,BRING,THE,A,for,to,-39.46821212768555,"[-3.4876566, -7.4062867, -7.8468723, -3.960093, -8.497971, -0.6805811, -6.235673, -1.3530784]"
the chief designed the bottle for us .,a teacher brought him an engine .,PD,DO,DESIGN,BRING,THE,A,for,to,-38.69373321533203,"[-3.4876566, -7.4062867, -7.8468723, -4.663979, -4.010915, -9.727678, -1.5503467]"
the chief designed the bottle for us .,an attorney bought a salad for you .,PD,PD,DESIGN,BUY,THE,A,for,for,-39.423011779785156,"[-5.665308, -5.5932026, -10.552433, -1.0043771, -10.063419, -1.0832078, -4.6054225, -0.85564375]"
the chief designed the bottle for us .,an attorney bought you a salad .,PD,DO,DESIGN,BUY,THE,A,for,for,-40.34143829345703,"[-5.665308, -5.5932026, -10.552433, -7.6178455, -0.69070905, -8.46595, -1.755991]"
the chief designed the bottle for you .,a bishop delivered a salad for her .,PD,PD,DESIGN,DELIVER,THE,A,for,for,-43.679534912109375,"[-3.4723063, -9.749847, -8.947322, -0.74451613, -13.750074, -1.4427805, -3.5495946, -2.0230958]"
the chief designed the bottle for you .,a bishop delivered her a salad .,PD,DO,DESIGN,DELIVER,THE,A,for,for,-41.69829177856445,"[-3.4723063, -9.749847, -8.947322, -5.6378517, -1.5726688, -10.756996, -1.5612984]"
the chief designed the button for us .,a husband purchased a bowl for them .,PD,PD,DESIGN,PURCHASE,THE,A,for,for,-41.17341613769531,"[-3.5095305, -8.699076, -10.696762, -0.6923776, -7.437983, -3.2665617, -5.661968, -1.2091559]"
the chief designed the button for us .,a husband purchased them a bowl .,PD,DO,DESIGN,PURCHASE,THE,A,for,for,-48.97050857543945,"[-3.5095305, -8.699076, -10.696762, -6.822329, -5.1676726, -9.67584, -4.3992977]"
the chief designed the button for us .,a buddy purchased a coat for him .,PD,PD,DESIGN,PURCHASE,THE,A,for,for,-40.171836853027344,"[-3.5095305, -10.693683, -8.832294, -0.9340045, -8.703793, -1.3463876, -4.609753, -1.5423886]"
the chief designed the button for us .,a buddy purchased him a coat .,PD,DO,DESIGN,PURCHASE,THE,A,for,for,-38.63157653808594,"[-3.5095305, -10.693683, -8.832294, -5.3380322, -0.8249543, -7.6032715, -1.8298122]"
the chief designed the button for you .,a manager kept a beer for me .,PD,PD,DESIGN,KEEP,THE,A,for,for,-38.219879150390625,"[-3.4917018, -8.547934, -9.687682, -2.0968516, -7.6518207, -3.8951519, -1.7625046, -1.0862321]"
the chief designed the button for you .,a manager kept me a beer .,PD,DO,DESIGN,KEEP,THE,A,for,for,-39.44999694824219,"[-3.4917018, -8.547934, -9.687682, -3.7692463, -5.1673574, -6.33068, -2.4553943]"
the chief designed the cigarette for you .,a scientist found a coffee for them .,PD,PD,DESIGN,FIND,THE,A,for,for,-38.64109420776367,"[-3.4748726, -8.004392, -5.359917, -0.96669745, -8.737619, -4.777479, -6.6791334, -0.640985]"
the chief designed the cigarette for you .,a scientist found them a coffee .,PD,DO,DESIGN,FIND,THE,A,for,for,-38.497459411621094,"[-3.4748726, -8.004392, -5.359917, -7.0956945, -4.4720254, -8.081729, -2.0088296]"
the chief designed the motor for him .,a writer purchased an iron for it .,PD,PD,DESIGN,PURCHASE,THE,A,for,for,-43.158958435058594,"[-3.5068302, -7.972913, -10.022388, -2.8417268, -8.035098, -3.1973965, -6.8067183, -0.77588755]"
the chief designed the motor for him .,a writer purchased it an iron .,PD,DO,DESIGN,PURCHASE,THE,A,for,for,-47.70903015136719,"[-3.5068302, -7.972913, -10.022388, -5.560434, -8.620105, -9.316738, -2.7096229]"
the chief designed us the bottle .,a teacher brought an engine to him .,DO,PD,DESIGN,BRING,THE,A,for,to,-39.02354431152344,"[-3.5184336, -7.477914, -7.723941, -4.0839252, -8.419336, -0.943341, -5.7437425, -1.1129115]"
the chief designed us the bottle .,a teacher brought him an engine .,DO,DO,DESIGN,BRING,THE,A,for,to,-37.696746826171875,"[-3.5184336, -7.477914, -7.723941, -4.5408106, -3.7485614, -9.800366, -0.8867203]"
the chief designed us the bottle .,an attorney bought a salad for you .,DO,PD,DESIGN,BUY,THE,A,for,for,-42.182037353515625,"[-5.686244, -5.5353084, -10.33145, -1.1898009, -10.327684, -2.0924735, -6.0808764, -0.93819594]"
the chief designed us the bottle .,an attorney bought you a salad .,DO,DO,DESIGN,BUY,THE,A,for,for,-38.24510192871094,"[-5.686244, -5.5353084, -10.33145, -6.08915, -0.8617523, -8.723157, -1.0180387]"
the chief designed us the button .,a husband purchased a bowl for them .,DO,PD,DESIGN,PURCHASE,THE,A,for,for,-44.359474182128906,"[-3.5259397, -8.783333, -10.647352, -0.7689561, -7.82218, -4.328625, -7.043211, -1.4398745]"
the chief designed us the button .,a husband purchased them a bowl .,DO,DO,DESIGN,PURCHASE,THE,A,for,for,-43.9089469909668,"[-3.5259397, -8.783333, -10.647352, -6.6871376, -4.6689873, -6.1236615, -3.4725351]"
the chief designed us the button .,a buddy purchased a coat for him .,DO,PD,DESIGN,PURCHASE,THE,A,for,for,-41.82874298095703,"[-3.5259397, -10.557452, -9.213906, -1.2000813, -8.821662, -2.3569727, -4.45557, -1.6971576]"
the chief designed us the button .,a buddy purchased him a coat .,DO,DO,DESIGN,PURCHASE,THE,A,for,for,-37.92060089111328,"[-3.5259397, -10.557452, -9.213906, -4.971395, -0.6843677, -7.6139803, -1.3535597]"
the chief designed you the bottle .,a bishop delivered a salad for her .,DO,PD,DESIGN,DELIVER,THE,A,for,for,-45.79643249511719,"[-3.483284, -9.817514, -9.195719, -0.64514744, -13.710641, -2.4965217, -3.6769528, -2.7706532]"
the chief designed you the bottle .,a bishop delivered her a salad .,DO,DO,DESIGN,DELIVER,THE,A,for,for,-40.98811340332031,"[-3.483284, -9.817514, -9.195719, -5.903082, -1.1361177, -10.30416, -1.1482346]"
the chief designed you the button .,a manager kept a beer for me .,DO,PD,DESIGN,KEEP,THE,A,for,for,-40.46580505371094,"[-3.4905417, -8.656828, -9.944683, -1.8264456, -7.6229296, -4.0971394, -3.4467106, -1.3805283]"
the chief designed you the button .,a manager kept me a beer .,DO,DO,DESIGN,KEEP,THE,A,for,for,-38.31128692626953,"[-3.4905417, -8.656828, -9.944683, -3.9270592, -4.746652, -5.5367727, -2.0087516]"
the chief designed you the cigarette .,a scientist found a coffee for them .,DO,PD,DESIGN,FIND,THE,A,for,for,-40.440704345703125,"[-3.4731617, -8.104765, -5.5714583, -0.8790347, -8.77135, -5.452578, -7.2157993, -0.97255814]"
the chief designed you the cigarette .,a scientist found them a coffee .,DO,DO,DESIGN,FIND,THE,A,for,for,-37.26285171508789,"[-3.4731617, -8.104765, -5.5714583, -7.6196046, -3.9000983, -7.287472, -1.3062922]"
the chief drew him the coat .,a reader made a television for us .,DO,PD,DRAW,MAKE,THE,A,for,for,-38.9536247253418,"[-3.6189666, -7.387265, -6.560156, -1.5049634, -12.149726, -3.3720112, -3.2103915, -1.1501458]"
the chief drew him the coat .,a reader made us a television .,DO,DO,DRAW,MAKE,THE,A,for,for,-38.59187316894531,"[-3.6189666, -7.387265, -6.560156, -5.2647614, -1.5256436, -11.112654, -3.1224256]"
the chief drew it the coat .,a father bought a chicken for us .,DO,PD,DRAW,BUY,THE,A,for,for,-38.342506408691406,"[-3.5611758, -6.825918, -8.606513, -0.7296653, -6.3849306, -2.9464483, -7.8269296, -1.4609264]"
the chief drew it the coat .,a father bought us a chicken .,DO,DO,DRAW,BUY,THE,A,for,for,-36.343963623046875,"[-3.5611758, -6.825918, -8.606513, -8.288271, -0.6278343, -6.350091, -2.0841618]"
the chief drew it the coat .,a friend promised a pot to you .,DO,PD,DRAW,PROMISE,THE,A,for,to,-41.108863830566406,"[-3.5611758, -6.277676, -9.567656, -3.4381604, -6.9271936, -3.9265466, -6.098034, -1.3124242]"
the chief drew it the coat .,a friend promised you a pot .,DO,DO,DRAW,PROMISE,THE,A,for,to,-36.75965118408203,"[-3.5611758, -6.277676, -9.567656, -5.8053327, -1.9800078, -7.2580266, -2.3097763]"
the chief drew it the newspaper .,a prince brought a motor to us .,DO,PD,DRAW,BRING,THE,A,for,to,-45.870872497558594,"[-3.546786, -11.100082, -7.340767, -1.7358038, -9.285796, -4.7339783, -6.844287, -1.2833731]"
the chief drew it the newspaper .,a prince brought us a motor .,DO,DO,DRAW,BRING,THE,A,for,to,-43.58973693847656,"[-3.546786, -11.100082, -7.340767, -5.6655006, -1.5820279, -10.458062, -3.8965135]"
the chief drew the anchor for them .,a professor saved a bell for you .,PD,PD,DRAW,SAVE,THE,A,for,for,-45.8131217956543,"[-3.5340939, -7.6706, -12.0869055, -2.1735966, -11.252319, -3.0097365, -5.372991, -0.7128793]"
the chief drew the anchor for them .,a professor saved you a bell .,PD,DO,DRAW,SAVE,THE,A,for,for,-46.268428802490234,"[-3.5340939, -7.6706, -12.0869055, -7.0307064, -3.2798352, -11.213347, -1.4529408]"
the chief drew the anchor for us .,a physician showed a cigarette to it .,PD,PD,DRAW,SHOW,THE,A,for,to,-43.96967315673828,"[-3.5410562, -9.403564, -7.3962317, -2.7309613, -10.247568, -1.0200431, -8.356867, -1.2733805]"
the chief drew the anchor for us .,a physician showed it a cigarette .,PD,DO,DRAW,SHOW,THE,A,for,to,-41.45346450805664,"[-3.5410562, -9.403564, -7.3962317, -5.2330365, -5.7850285, -8.976808, -1.1177406]"
the chief drew the card for them .,a girl fed a chicken to us .,PD,PD,DRAW,FEED,THE,A,for,to,-38.58085250854492,"[-3.5011334, -7.10102, -10.639144, -1.7678436, -3.5627344, -2.721831, -7.636319, -1.6508272]"
the chief drew the card for them .,a girl fed us a chicken .,PD,DO,DRAW,FEED,THE,A,for,to,-37.44102478027344,"[-3.5011334, -7.10102, -10.639144, -6.953275, -1.7858689, -5.3533716, -2.107214]"
the chief drew the coat for him .,a reader made a television for us .,PD,PD,DRAW,MAKE,THE,A,for,for,-38.96916580200195,"[-3.5385761, -7.6766806, -6.4463763, -1.2840065, -12.059865, -3.4953794, -3.480384, -0.9878961]"
the chief drew the coat for him .,a reader made us a television .,PD,DO,DRAW,MAKE,THE,A,for,for,-40.007110595703125,"[-3.5385761, -7.6766806, -6.4463763, -6.178531, -1.4391232, -11.020025, -3.7077966]"
the chief drew the coat for it .,a father bought a chicken for us .,PD,PD,DRAW,BUY,THE,A,for,for,-37.06768035888672,"[-3.5384293, -6.7590904, -8.780645, -0.753406, -6.2787857, -2.1013582, -7.5505166, -1.3054483]"
the chief drew the coat for it .,a father bought us a chicken .,PD,DO,DRAW,BUY,THE,A,for,for,-37.14909744262695,"[-3.5384293, -6.7590904, -8.780645, -8.687081, -0.58343774, -6.240612, -2.559799]"
the chief drew the coat for it .,a friend promised a pot to you .,PD,PD,DRAW,PROMISE,THE,A,for,to,-41.251625061035156,"[-3.5384293, -6.343317, -9.6735735, -3.3118858, -7.067916, -3.9944873, -6.041431, -1.2805834]"
the chief drew the coat for it .,a friend promised you a pot .,PD,DO,DRAW,PROMISE,THE,A,for,to,-37.40574645996094,"[-3.5384293, -6.343317, -9.6735735, -5.7539682, -1.868281, -7.449799, -2.778381]"
the chief drew the coat for you .,a champion bought a beer for us .,PD,PD,DRAW,BUY,THE,A,for,for,-37.97249221801758,"[-3.5217247, -9.565904, -10.87173, -0.9720673, -6.4886165, -1.3293077, -4.0993366, -1.123807]"
the chief drew the coat for you .,a champion bought us a beer .,PD,DO,DRAW,BUY,THE,A,for,for,-37.552635192871094,"[-3.5217247, -9.565904, -10.87173, -6.9650683, -0.84758, -4.2500505, -1.5305796]"
the chief drew the cup for them .,a president sent an instrument to me .,PD,PD,DRAW,SEND,THE,A,for,to,-41.19659423828125,"[-3.5164156, -9.149091, -7.742919, -3.2048407, -10.340061, -0.8687091, -4.805854, -1.5687038]"
the chief drew the cup for them .,a president sent me an instrument .,PD,DO,DRAW,SEND,THE,A,for,to,-40.22098159790039,"[-3.5164156, -9.149091, -7.742919, -4.5092735, -2.7458105, -9.861193, -2.696279]"
the chief drew the cup for you .,a doctor sent a tea to us .,PD,PD,DRAW,SEND,THE,A,for,to,-34.815738677978516,"[-3.5103605, -7.4036837, -6.6409144, -1.3568358, -9.020048, -0.94769824, -4.7130914, -1.2231059]"
the chief drew the cup for you .,a doctor sent us a tea .,PD,DO,DRAW,SEND,THE,A,for,to,-33.7557487487793,"[-3.5103605, -7.4036837, -6.6409144, -4.604714, -0.9582437, -8.251922, -2.3859105]"
the chief drew the cup for you .,an aunt fed a meal to us .,PD,PD,DRAW,FEED,THE,A,for,to,-43.448265075683594,"[-5.6450415, -8.637489, -10.665804, -1.4712974, -8.37882, -0.50715184, -6.711376, -1.431285]"
the chief drew the cup for you .,an aunt fed us a meal .,PD,DO,DRAW,FEED,THE,A,for,to,-38.64088439941406,"[-5.6450415, -8.637489, -10.665804, -5.702217, -1.2436591, -5.03835, -1.7083209]"
the chief drew the newspaper for it .,a prince brought a motor to us .,PD,PD,DRAW,BRING,THE,A,for,to,-45.94044494628906,"[-3.5330544, -11.099432, -7.273948, -1.5978817, -8.95171, -4.9736724, -7.0828695, -1.4278747]"
the chief drew the newspaper for it .,a prince brought us a motor .,PD,DO,DRAW,BRING,THE,A,for,to,-43.792266845703125,"[-3.5330544, -11.099432, -7.273948, -5.5995507, -1.6005533, -10.319071, -4.3666553]"
the chief drew the newspaper for you .,a bishop bought a chocolate for us .,PD,PD,DRAW,BUY,THE,A,for,for,-43.09785461425781,"[-3.5273519, -9.730135, -10.257024, -0.8885858, -7.5729733, -5.432963, -4.4856076, -1.2032146]"
the chief drew the newspaper for you .,a bishop bought us a chocolate .,PD,DO,DRAW,BUY,THE,A,for,for,-42.417762756347656,"[-3.5273519, -9.730135, -10.257024, -7.2764654, -0.6923764, -5.929467, -5.0049424]"
the chief drew them the anchor .,a professor saved a bell for you .,DO,PD,DRAW,SAVE,THE,A,for,for,-46.93324279785156,"[-3.5544257, -7.541783, -11.444184, -1.8757867, -11.113004, -4.2698197, -6.2836466, -0.85059357]"
the chief drew them the anchor .,a professor saved you a bell .,DO,DO,DRAW,SAVE,THE,A,for,for,-44.64197540283203,"[-3.5544257, -7.541783, -11.444184, -7.3613844, -2.5249262, -11.00186, -1.2134149]"
the chief drew them the card .,a girl fed a chicken to us .,DO,PD,DRAW,FEED,THE,A,for,to,-39.653045654296875,"[-3.5448089, -7.053795, -10.286434, -1.8992882, -3.5390995, -3.5751526, -7.784362, -1.9701031]"
the chief drew them the card .,a girl fed us a chicken .,DO,DO,DRAW,FEED,THE,A,for,to,-37.1215705871582,"[-3.5448089, -7.053795, -10.286434, -6.8811436, -1.9162861, -5.161724, -2.2773793]"
the chief drew them the cup .,a president sent an instrument to me .,DO,PD,DRAW,SEND,THE,A,for,to,-40.95214080810547,"[-3.5505638, -9.118428, -7.693136, -3.232132, -10.295228, -1.0515848, -4.578069, -1.4329994]"
the chief drew them the cup .,a president sent me an instrument .,DO,DO,DRAW,SEND,THE,A,for,to,-38.78028106689453,"[-3.5505638, -9.118428, -7.693136, -4.0178423, -2.8153958, -9.44509, -2.1398234]"
the chief drew us the anchor .,a physician showed a cigarette to it .,DO,PD,DRAW,SHOW,THE,A,for,to,-44.22956848144531,"[-3.5413501, -9.147238, -7.318034, -2.8375125, -10.468783, -0.8784535, -8.597456, -1.440743]"
the chief drew us the anchor .,a physician showed it a cigarette .,DO,DO,DRAW,SHOW,THE,A,for,to,-41.422306060791016,"[-3.5413501, -9.147238, -7.318034, -5.6054187, -5.3518043, -9.460347, -0.9981126]"
the chief drew you the coat .,a champion bought a beer for us .,DO,PD,DRAW,BUY,THE,A,for,for,-40.86109924316406,"[-3.5552113, -9.531166, -10.704427, -1.1279365, -6.604249, -2.3585052, -5.8270106, -1.1525934]"
the chief drew you the coat .,a champion bought us a beer .,DO,DO,DRAW,BUY,THE,A,for,for,-36.556739807128906,"[-3.5552113, -9.531166, -10.704427, -6.1456966, -0.99171865, -4.6512065, -0.9773104]"
the chief drew you the cup .,a doctor sent a tea to us .,DO,PD,DRAW,SEND,THE,A,for,to,-35.746337890625,"[-3.5238576, -7.361203, -6.602889, -1.4334431, -8.951518, -0.9927835, -5.733819, -1.1468209]"
the chief drew you the cup .,a doctor sent us a tea .,DO,DO,DRAW,SEND,THE,A,for,to,-31.663528442382812,"[-3.5238576, -7.361203, -6.602889, -4.5238867, -1.0404954, -7.105748, -1.5054504]"
the chief drew you the cup .,an aunt fed a meal to us .,DO,PD,DRAW,FEED,THE,A,for,to,-44.29796600341797,"[-5.6586356, -8.481028, -10.595317, -1.707211, -8.394893, -0.46252802, -7.5259304, -1.4724245]"
the chief drew you the cup .,an aunt fed us a meal .,DO,DO,DRAW,FEED,THE,A,for,to,-37.64702606201172,"[-5.6586356, -8.481028, -10.595317, -5.282804, -1.321975, -4.9513764, -1.3558941]"
the chief drew you the newspaper .,a bishop bought a chocolate for us .,DO,PD,DRAW,BUY,THE,A,for,for,-46.112213134765625,"[-3.5273662, -9.693749, -10.364711, -0.88171023, -7.5774384, -6.265401, -6.4478407, -1.3539947]"
the chief drew you the newspaper .,a bishop bought us a chocolate .,DO,DO,DRAW,BUY,THE,A,for,for,-41.65749740600586,"[-3.5273662, -9.693749, -10.364711, -7.015892, -0.77644145, -6.1463213, -4.133015]"
the chief fed it the pie .,a club designed a ball for you .,DO,PD,FEED,DESIGN,THE,A,to,for,-43.54466247558594,"[-3.5700688, -8.940327, -7.941592, -7.7170334, -6.2933826, -3.714209, -4.4729395, -0.8951089]"
the chief fed it the pie .,a club designed you a ball .,DO,DO,FEED,DESIGN,THE,A,to,for,-43.59229278564453,"[-3.5700688, -8.940327, -7.941592, -11.164807, -5.392252, -5.7568407, -0.82640266]"
the chief fed me the chicken .,a reader found a cheese for him .,DO,PD,FEED,FIND,THE,A,to,for,-45.681724548339844,"[-3.595416, -7.2445583, -6.2030144, -3.9040456, -12.414768, -4.6554084, -6.8201437, -0.8443702]"
the chief fed me the chicken .,a reader found him a cheese .,DO,DO,FEED,FIND,THE,A,to,for,-44.194732666015625,"[-3.595416, -7.2445583, -6.2030144, -11.034902, -3.6020696, -10.532149, -1.982625]"
the chief fed the chicken to me .,a reader found a cheese for him .,PD,PD,FEED,FIND,THE,A,to,for,-46.2000732421875,"[-3.5250802, -7.5968084, -6.141463, -3.9726934, -12.609463, -4.8823233, -6.7204504, -0.75179213]"
the chief fed the chicken to me .,a reader found him a cheese .,PD,DO,FEED,FIND,THE,A,to,for,-46.212791442871094,"[-3.5250802, -7.5968084, -6.141463, -11.346112, -3.3407264, -11.357061, -2.905539]"
the chief fed the chicken to us .,a king kept a salad for you .,PD,PD,FEED,KEEP,THE,A,to,for,-42.181941986083984,"[-3.5201254, -9.988215, -7.4327607, -1.6395012, -10.440689, -2.883605, -5.3822064, -0.89483845]"
the chief fed the chicken to us .,a king kept you a salad .,PD,DO,FEED,KEEP,THE,A,to,for,-43.83275604248047,"[-3.5201254, -9.988215, -7.4327607, -6.378696, -4.596879, -10.573472, -1.3426063]"
the chief fed the pie to it .,a club designed a ball for you .,PD,PD,FEED,DESIGN,THE,A,to,for,-42.58868408203125,"[-3.5586476, -9.0613575, -8.090409, -6.889184, -5.859638, -3.5211134, -4.5492067, -1.059129]"
the chief fed the pie to it .,a club designed you a ball .,PD,DO,FEED,DESIGN,THE,A,to,for,-43.0869140625,"[-3.5586476, -9.0613575, -8.090409, -11.174233, -3.8073945, -6.4064527, -0.98842096]"
the chief fed the pie to you .,a buddy got a cup for me .,PD,PD,FEED,GET,THE,A,to,for,-39.643455505371094,"[-3.5483184, -10.995915, -6.4218383, -1.2922497, -6.846997, -6.7332616, -2.9576778, -0.8471955]"
the chief fed the pie to you .,a buddy got me a cup .,PD,DO,FEED,GET,THE,A,to,for,-36.01165008544922,"[-3.5483184, -10.995915, -6.4218383, -4.1205378, -0.8785704, -5.5784807, -4.4679875]"
the chief fed us the chicken .,a king kept a salad for you .,DO,PD,FEED,KEEP,THE,A,to,for,-43.50889587402344,"[-3.563126, -9.944205, -7.427113, -1.873671, -10.675484, -2.7383118, -6.3364635, -0.9505185]"
the chief fed us the chicken .,a king kept you a salad .,DO,DO,FEED,KEEP,THE,A,to,for,-43.176116943359375,"[-3.563126, -9.944205, -7.427113, -5.8671556, -4.8696485, -10.478711, -1.0261588]"
the chief fed you the pie .,a buddy got a cup for me .,DO,PD,FEED,GET,THE,A,to,for,-41.16886901855469,"[-3.565157, -10.936763, -6.4115863, -1.4307466, -6.938673, -6.892548, -4.0518274, -0.94156635]"
the chief fed you the pie .,a buddy got me a cup .,DO,DO,FEED,GET,THE,A,to,for,-35.05269241333008,"[-3.565157, -10.936763, -6.4115863, -3.9405236, -0.8593909, -5.059675, -4.279596]"
the chief found it the beer .,a prince left a meal for him .,DO,PD,FIND,LEAVE,THE,A,for,for,-40.634376525878906,"[-3.456302, -11.64856, -7.0400724, -1.2498405, -8.105763, -1.5026325, -5.914895, -1.7163129]"
the chief found it the beer .,a prince left him a meal .,DO,DO,FIND,LEAVE,THE,A,for,for,-37.19050979614258,"[-3.456302, -11.64856, -7.0400724, -5.8506594, -1.7025689, -6.0997353, -1.3926119]"
the chief found me the button .,a soldier took a bowl to you .,DO,PD,FIND,TAKE,THE,A,for,to,-43.06409454345703,"[-3.5096893, -7.451321, -5.997264, -1.5337164, -10.181683, -4.38682, -8.773475, -1.2301282]"
the chief found me the button .,a soldier took you a bowl .,DO,DO,FIND,TAKE,THE,A,for,to,-44.26359939575195,"[-3.5096893, -7.451321, -5.997264, -7.567219, -5.4053364, -10.928302, -3.4044676]"
the chief found the beer for it .,a prince left a meal for him .,PD,PD,FIND,LEAVE,THE,A,for,for,-37.10295867919922,"[-3.4723673, -11.39204, -6.9783645, -1.3772906, -8.2218895, -0.641463, -4.1766644, -0.8428801]"
the chief found the beer for it .,a prince left him a meal .,PD,DO,FIND,LEAVE,THE,A,for,for,-37.624107360839844,"[-3.4723673, -11.39204, -6.9783645, -5.4089203, -1.6361167, -6.769365, -1.9669324]"
the chief found the beer for you .,a candidate threw a newspaper to them .,PD,PD,FIND,THROW,THE,A,for,to,-41.67071533203125,"[-3.452318, -8.997047, -8.397733, -0.40476018, -7.947513, -3.42692, -7.822729, -1.2216957]"
the chief found the beer for you .,a candidate threw them a newspaper .,PD,DO,FIND,THROW,THE,A,for,to,-44.266937255859375,"[-3.452318, -8.997047, -8.397733, -9.0759735, -2.2008212, -10.155989, -1.9870541]"
the chief found the button for me .,a soldier took a bowl to you .,PD,PD,FIND,TAKE,THE,A,for,to,-42.2746696472168,"[-3.5006824, -7.5254717, -5.829635, -1.384411, -9.964993, -4.6345863, -8.517296, -0.91759527]"
the chief found the button for me .,a soldier took you a bowl .,PD,DO,FIND,TAKE,THE,A,for,to,-45.009239196777344,"[-3.5006824, -7.5254717, -5.829635, -7.78106, -5.745426, -10.981297, -3.6456668]"
the chief found the coffee for them .,a soldier promised a flower to us .,PD,PD,FIND,PROMISE,THE,A,for,to,-44.81291961669922,"[-3.4809322, -7.626697, -11.679075, -2.2336519, -10.243858, -1.8599628, -6.6864023, -1.0023409]"
the chief found the coffee for them .,a soldier promised us a flower .,PD,DO,FIND,PROMISE,THE,A,for,to,-42.27008819580078,"[-3.4809322, -7.626697, -11.679075, -6.574072, -1.5493219, -9.913709, -1.4462805]"
the chief found the coffee for us .,a sheriff made a flower for you .,PD,PD,FIND,MAKE,THE,A,for,for,-38.602867126464844,"[-3.484633, -9.161579, -8.6262665, -1.1490179, -10.44885, -1.9089581, -3.1682043, -0.6553578]"
the chief found the coffee for us .,a sheriff made you a flower .,PD,DO,FIND,MAKE,THE,A,for,for,-39.41507339477539,"[-3.484633, -9.161579, -8.6262665, -7.3922915, -1.423072, -8.170528, -1.1567025]"
the chief found them the coffee .,a soldier promised a flower to us .,DO,PD,FIND,PROMISE,THE,A,for,to,-45.47802734375,"[-3.5175343, -7.538405, -11.701105, -2.25819, -10.191692, -1.8977586, -7.200398, -1.1729416]"
the chief found them the coffee .,a soldier promised us a flower .,DO,DO,FIND,PROMISE,THE,A,for,to,-41.218360900878906,"[-3.5175343, -7.538405, -11.701105, -6.2316833, -1.5544198, -9.606673, -1.0685394]"
the chief found us the coffee .,a sheriff made a flower for you .,DO,PD,FIND,MAKE,THE,A,for,for,-41.380889892578125,"[-3.5381932, -8.962244, -8.460341, -1.2426127, -10.565533, -3.2251382, -4.5324883, -0.85433984]"
the chief found us the coffee .,a sheriff made you a flower .,DO,DO,FIND,MAKE,THE,A,for,for,-37.02100372314453,"[-3.5381932, -8.962244, -8.460341, -6.095951, -1.3475279, -7.749906, -0.86683863]"
the chief found you the beer .,a candidate threw a newspaper to them .,DO,PD,FIND,THROW,THE,A,for,to,-41.312255859375,"[-3.4681387, -8.789689, -7.968396, -0.41449738, -7.7697353, -3.6342602, -7.976343, -1.2911991]"
the chief found you the beer .,a candidate threw them a newspaper .,DO,DO,FIND,THROW,THE,A,for,to,-42.342464447021484,"[-3.4681387, -8.789689, -7.968396, -9.134613, -1.7425175, -9.842837, -1.3962749]"
the chief gave him the meal .,a brother drew a jacket for me .,DO,PD,GIVE,DRAW,THE,A,to,for,-42.18772506713867,"[-3.591108, -8.795008, -8.897253, -1.3706063, -9.6022835, -4.888327, -3.9898252, -1.0533139]"
the chief gave him the meal .,a brother drew me a jacket .,DO,DO,GIVE,DRAW,THE,A,to,for,-38.596778869628906,"[-3.591108, -8.795008, -8.897253, -5.1323843, -2.0062954, -8.835101, -1.3396306]"
the chief gave it the meal .,a worker supplied a salad to you .,DO,PD,GIVE,SUPPLY,THE,A,to,to,-41.76972579956055,"[-3.562154, -6.6169972, -10.977682, -2.8729103, -7.651958, -1.2885296, -7.9105387, -0.88895476]"
the chief gave it the meal .,a worker supplied you a salad .,DO,DO,GIVE,SUPPLY,THE,A,to,to,-39.77989959716797,"[-3.562154, -6.6169972, -10.977682, -6.733433, -4.5450945, -6.164752, -1.1797835]"
the chief gave me the book .,a girl showed a ball to us .,DO,PD,GIVE,SHOW,THE,A,to,to,-39.9119873046875,"[-3.553783, -6.9908786, -7.4812717, -4.2902346, -8.037951, -3.1906512, -5.5679727, -0.7992418]"
the chief gave me the book .,a girl showed us a ball .,DO,DO,GIVE,SHOW,THE,A,to,to,-35.556617736816406,"[-3.553783, -6.9908786, -7.4812717, -4.700839, -1.5947158, -9.107077, -2.128053]"
the chief gave me the instrument .,a woman drew a bag for them .,DO,PD,GIVE,DRAW,THE,A,to,for,-37.984779357910156,"[-3.5917509, -4.1802597, -9.203469, -0.9064247, -7.2003365, -4.731057, -7.0736885, -1.0977935]"
the chief gave me the instrument .,a woman drew them a bag .,DO,DO,GIVE,DRAW,THE,A,to,for,-35.15475845336914,"[-3.5917509, -4.1802597, -9.203469, -7.2328787, -2.4817252, -6.34225, -2.1224246]"
the chief gave me the pot .,a woman took a cup to you .,DO,PD,GIVE,TAKE,THE,A,to,to,-36.99468231201172,"[-3.5708926, -4.175804, -6.2683187, -1.2123152, -6.149267, -4.772674, -9.800444, -1.0449657]"
the chief gave me the pot .,a woman took you a cup .,DO,DO,GIVE,TAKE,THE,A,to,to,-34.8504753112793,"[-3.5708926, -4.175804, -6.2683187, -7.8674474, -6.04821, -4.638462, -2.2813401]"
the chief gave me the salad .,a guy showed a beer to you .,DO,PD,GIVE,SHOW,THE,A,to,to,-39.525230407714844,"[-3.6119063, -7.3882565, -6.704402, -4.9529185, -7.284157, -1.7118, -6.9332185, -0.93857336]"
the chief gave me the salad .,a guy showed you a beer .,DO,DO,GIVE,SHOW,THE,A,to,to,-32.97312927246094,"[-3.6119063, -7.3882565, -6.704402, -6.6914372, -1.5631576, -6.048233, -0.96573836]"
the chief gave the book to me .,a girl showed a ball to us .,PD,PD,GIVE,SHOW,THE,A,to,to,-37.35863494873047,"[-3.500603, -7.0434403, -7.818546, -2.606035, -8.056383, -2.627522, -5.0501747, -0.6559339]"
the chief gave the book to me .,a girl showed us a ball .,PD,DO,GIVE,SHOW,THE,A,to,to,-35.720123291015625,"[-3.500603, -7.0434403, -7.818546, -4.4973717, -1.2337298, -9.048559, -2.5778716]"
the chief gave the book to them .,a buddy threw a box to you .,PD,PD,GIVE,THROW,THE,A,to,to,-41.36524200439453,"[-3.5080037, -11.117655, -8.333186, -0.67179155, -5.558223, -4.8123994, -6.692256, -0.6717256]"
the chief gave the book to them .,a buddy threw you a box .,PD,DO,GIVE,THROW,THE,A,to,to,-37.907142639160156,"[-3.5080037, -11.117655, -8.333186, -7.238238, -0.6537524, -5.2069254, -1.8493824]"
the chief gave the book to you .,a husband left a candy for her .,PD,PD,GIVE,LEAVE,THE,A,to,for,-40.176177978515625,"[-3.4931247, -8.896772, -7.586356, -1.3698674, -9.722817, -3.788598, -3.8059437, -1.5127009]"
the chief gave the book to you .,a husband left her a candy .,PD,DO,GIVE,LEAVE,THE,A,to,for,-38.46903610229492,"[-3.4931247, -8.896772, -7.586356, -3.76307, -2.8624961, -8.786946, -3.0802689]"
the chief gave the instrument to me .,a woman drew a bag for them .,PD,PD,GIVE,DRAW,THE,A,to,for,-37.367713928222656,"[-3.5457606, -4.1331224, -9.468933, -0.6690745, -6.8517933, -4.8928695, -6.9696226, -0.8365368]"
the chief gave the instrument to me .,a woman drew them a bag .,PD,DO,GIVE,DRAW,THE,A,to,for,-36.97220230102539,"[-3.5457606, -4.1331224, -9.468933, -8.0341625, -2.836651, -6.6542234, -2.2993493]"
the chief gave the instrument to us .,a sheriff promised an engine to him .,PD,PD,GIVE,PROMISE,THE,A,to,to,-43.225311279296875,"[-3.548672, -9.03097, -10.731525, -4.3956003, -8.484504, -2.33128, -3.6685104, -1.0342474]"
the chief gave the instrument to us .,a sheriff promised him an engine .,PD,DO,GIVE,PROMISE,THE,A,to,to,-40.478721618652344,"[-3.548672, -9.03097, -10.731525, -3.8561337, -4.054757, -7.5689883, -1.6876754]"
the chief gave the meal to him .,a brother drew a jacket for me .,PD,PD,GIVE,DRAW,THE,A,to,for,-42.48339080810547,"[-3.5582752, -8.958567, -9.229408, -0.96801376, -9.731947, -5.0959806, -3.8780313, -1.0631677]"
the chief gave the meal to him .,a brother drew me a jacket .,PD,DO,GIVE,DRAW,THE,A,to,for,-40.735557556152344,"[-3.5582752, -8.958567, -9.229408, -6.106449, -1.8558116, -9.35812, -1.6689254]"
the chief gave the meal to it .,a worker supplied a salad to you .,PD,PD,GIVE,SUPPLY,THE,A,to,to,-40.0347900390625,"[-3.545897, -6.742072, -10.989759, -2.7490857, -7.316687, -0.74481493, -7.2673674, -0.6791052]"
the chief gave the meal to it .,a worker supplied you a salad .,PD,DO,GIVE,SUPPLY,THE,A,to,to,-41.28180694580078,"[-3.545897, -6.742072, -10.989759, -7.214387, -4.820444, -6.461259, -1.5079873]"
the chief gave the meal to you .,a buddy got a beer for us .,PD,PD,GIVE,GET,THE,A,to,for,-34.8135986328125,"[-3.5339565, -10.700585, -6.1759834, -1.514123, -5.64886, -3.1588235, -3.206702, -0.8745627]"
the chief gave the meal to you .,a buddy got us a beer .,PD,DO,GIVE,GET,THE,A,to,for,-32.095054626464844,"[-3.5339565, -10.700585, -6.1759834, -5.1352386, -1.5062068, -3.6029277, -1.4401546]"
the chief gave the meal to you .,a manager got a beer for us .,PD,PD,GIVE,GET,THE,A,to,for,-36.44674301147461,"[-3.5339565, -8.626595, -8.068145, -1.3190622, -7.219255, -2.6529071, -4.10557, -0.9212544]"
the chief gave the meal to you .,a manager got us a beer .,PD,DO,GIVE,GET,THE,A,to,for,-34.8292350769043,"[-3.5339565, -8.626595, -8.068145, -6.7600937, -1.6605682, -4.4753733, -1.7045035]"
the chief gave the pot to me .,a woman took a cup to you .,PD,PD,GIVE,TAKE,THE,A,to,to,-34.630165100097656,"[-3.5265615, -4.161414, -6.421129, -0.811072, -5.467696, -4.288989, -9.177344, -0.77595884]"
the chief gave the pot to me .,a woman took you a cup .,PD,DO,GIVE,TAKE,THE,A,to,to,-35.492225646972656,"[-3.5265615, -4.161414, -6.421129, -8.430175, -5.6999216, -4.510356, -2.742669]"
the chief gave the salad to me .,a guy showed a beer to you .,PD,PD,GIVE,SHOW,THE,A,to,to,-36.34147644042969,"[-3.5562785, -7.407856, -6.894367, -3.4995432, -6.822406, -0.56972665, -6.933756, -0.6575449]"
the chief gave the salad to me .,a guy showed you a beer .,PD,DO,GIVE,SHOW,THE,A,to,to,-32.94528579711914,"[-3.5562785, -7.407856, -6.894367, -5.963688, -1.1470351, -6.5067105, -1.4693495]"
the chief gave them the book .,a buddy threw a box to you .,DO,PD,GIVE,THROW,THE,A,to,to,-41.83819580078125,"[-3.5448852, -10.812672, -7.875075, -0.9766294, -5.5726542, -5.316758, -7.0212836, -0.71823835]"
the chief gave them the book .,a buddy threw you a box .,DO,DO,GIVE,THROW,THE,A,to,to,-35.9600715637207,"[-3.5448852, -10.812672, -7.875075, -6.703397, -0.6102496, -4.944261, -1.4695324]"
the chief gave us the instrument .,a sheriff promised an engine to him .,DO,PD,GIVE,PROMISE,THE,A,to,to,-43.143245697021484,"[-3.5690265, -8.932557, -10.297379, -4.259849, -8.394453, -2.5974386, -3.7056513, -1.3868917]"
the chief gave us the instrument .,a sheriff promised him an engine .,DO,DO,GIVE,PROMISE,THE,A,to,to,-39.425628662109375,"[-3.5690265, -8.932557, -10.297379, -4.218488, -3.9442835, -7.106973, -1.3569231]"
the chief gave you the book .,a husband left a candy for her .,DO,PD,GIVE,LEAVE,THE,A,to,for,-40.59233856201172,"[-3.5156739, -8.793293, -7.4489784, -1.5709622, -9.547893, -3.927205, -3.9993644, -1.7889692]"
the chief gave you the book .,a husband left her a candy .,DO,DO,GIVE,LEAVE,THE,A,to,for,-37.39434051513672,"[-3.5156739, -8.793293, -7.4489784, -3.7272313, -2.9648662, -8.193583, -2.7507167]"
the chief gave you the meal .,a buddy got a beer for us .,DO,PD,GIVE,GET,THE,A,to,for,-35.525691986083984,"[-3.5391316, -10.645342, -5.922, -1.7514439, -5.6029735, -3.4794335, -3.728526, -0.85684144]"
the chief gave you the meal .,a buddy got us a beer .,DO,DO,GIVE,GET,THE,A,to,for,-30.791275024414062,"[-3.5391316, -10.645342, -5.922, -5.154602, -1.3644451, -3.1520011, -1.0137539]"
the chief gave you the meal .,a manager got a beer for us .,DO,PD,GIVE,GET,THE,A,to,for,-37.438018798828125,"[-3.5391316, -8.548309, -7.760969, -1.5267493, -7.1721253, -2.8298426, -5.1483455, -0.91254675]"
the chief gave you the meal .,a manager got us a beer .,DO,DO,GIVE,GET,THE,A,to,for,-32.41241455078125,"[-3.5391316, -8.548309, -7.760969, -6.3323293, -1.3612952, -3.725149, -1.1452281]"
the chief got him the juice .,a minister threw a computer to you .,DO,PD,GET,THROW,THE,A,for,to,-47.109947204589844,"[-3.5186505, -8.970915, -9.14314, -0.96357787, -10.911615, -2.6972566, -9.484099, -1.4206928]"
the chief got him the juice .,a minister threw you a computer .,DO,DO,GET,THROW,THE,A,for,to,-46.60190963745117,"[-3.5186505, -8.970915, -9.14314, -9.854865, -0.6881471, -12.497542, -1.9286485]"
the chief got the beer for them .,a husband caught a flower for it .,PD,PD,GET,CATCH,THE,A,for,for,-43.499794006347656,"[-3.461144, -8.788552, -8.450425, -2.840291, -10.753733, -2.5092955, -5.974393, -0.72195804]"
the chief got the beer for them .,a husband caught it a flower .,PD,DO,GET,CATCH,THE,A,for,for,-44.08103942871094,"[-3.461144, -8.788552, -8.450425, -5.1112757, -6.8408613, -10.365167, -1.0636152]"
the chief got the beer for us .,a worker showed a salad to them .,PD,PD,GET,SHOW,THE,A,for,to,-41.732791900634766,"[-3.4621627, -7.1261964, -8.068826, -1.6365583, -11.509832, -2.0492218, -7.0876846, -0.7923103]"
the chief got the beer for us .,a worker showed them a salad .,PD,DO,GET,SHOW,THE,A,for,to,-37.48249435424805,"[-3.4621627, -7.1261964, -8.068826, -5.0701485, -1.0126717, -10.139227, -2.6032631]"
the chief got the beer for you .,a guest gave a chocolate to it .,PD,PD,GET,GIVE,THE,A,for,to,-46.73255157470703,"[-3.4686432, -8.514903, -9.9049425, -1.0744483, -11.372506, -5.0066166, -6.709873, -0.6806159]"
the chief got the beer for you .,a guest gave it a chocolate .,PD,DO,GET,GIVE,THE,A,for,to,-43.17063903808594,"[-3.4686432, -8.514903, -9.9049425, -4.9827967, -0.7808456, -11.348792, -4.169715]"
the chief got the juice for him .,a minister threw a computer to you .,PD,PD,GET,THROW,THE,A,for,to,-49.93156051635742,"[-3.49706, -9.080591, -9.666155, -0.8362, -11.42237, -3.2169373, -10.957525, -1.2547222]"
the chief got the juice for him .,a minister threw you a computer .,PD,DO,GET,THROW,THE,A,for,to,-48.83830261230469,"[-3.49706, -9.080591, -9.666155, -9.854705, -1.1424171, -13.529972, -2.0674]"
the chief got the juice for them .,an actor delivered a pie for you .,PD,PD,GET,DELIVER,THE,A,for,for,-43.044986724853516,"[-5.6932592, -6.997052, -10.404304, -0.7413938, -10.6284, -2.1857827, -5.465652, -0.92914146]"
the chief got the juice for them .,an actor delivered you a pie .,PD,DO,GET,DELIVER,THE,A,for,for,-43.39159393310547,"[-5.6932592, -6.997052, -10.404304, -8.685358, -0.9496151, -9.342151, -1.3198534]"
the chief got them the beer .,a husband caught a flower for it .,DO,PD,GET,CATCH,THE,A,for,for,-43.99064636230469,"[-3.5064707, -8.614365, -7.804691, -2.4233022, -11.000407, -4.0974874, -5.6916156, -0.85230756]"
the chief got them the beer .,a husband caught it a flower .,DO,DO,GET,CATCH,THE,A,for,for,-42.604164123535156,"[-3.5064707, -8.614365, -7.804691, -4.860661, -6.6396804, -10.38351, -0.7947863]"
the chief got them the juice .,an actor delivered a pie for you .,DO,PD,GET,DELIVER,THE,A,for,for,-44.116477966308594,"[-5.685263, -6.9710703, -10.16882, -0.8090048, -10.413094, -2.8477778, -6.234994, -0.9864554]"
the chief got them the juice .,an actor delivered you a pie .,DO,DO,GET,DELIVER,THE,A,for,for,-41.315582275390625,"[-5.685263, -6.9710703, -10.16882, -7.876071, -0.9820802, -8.761768, -0.8705114]"
the chief got us the beer .,a worker showed a salad to them .,DO,PD,GET,SHOW,THE,A,for,to,-42.57861328125,"[-3.509661, -7.136394, -7.9472685, -2.0060856, -11.581077, -2.0516832, -7.5736547, -0.77278787]"
the chief got us the beer .,a worker showed them a salad .,DO,DO,GET,SHOW,THE,A,for,to,-35.305633544921875,"[-3.509661, -7.136394, -7.9472685, -4.7917376, -1.1132735, -9.372301, -1.4349972]"
the chief got you the beer .,a guest gave a chocolate to it .,DO,PD,GET,GIVE,THE,A,for,to,-47.1776008605957,"[-3.4765441, -8.557746, -9.654637, -1.6252913, -11.104493, -5.0367637, -7.1378393, -0.5842871]"
the chief got you the beer .,a guest gave it a chocolate .,DO,DO,GET,GIVE,THE,A,for,to,-42.17578887939453,"[-3.4765441, -8.557746, -9.654637, -5.0901065, -1.145608, -11.072245, -3.1789024]"
the chief kept it the machine .,an employer brought a tea to you .,DO,PD,KEEP,BRING,THE,A,for,to,-42.78783416748047,"[-5.703841, -7.940832, -8.4904995, -1.4402562, -9.004422, -3.5096457, -5.2506375, -1.4476999]"
the chief kept it the machine .,an employer brought you a tea .,DO,DO,KEEP,BRING,THE,A,for,to,-38.673179626464844,"[-5.703841, -7.940832, -8.4904995, -5.4711914, -1.3198435, -8.515183, -1.2317871]"
the chief kept the machine for it .,an employer brought a tea to you .,PD,PD,KEEP,BRING,THE,A,for,to,-42.759761810302734,"[-5.70844, -7.9480314, -8.347695, -1.4839112, -8.744785, -2.6049566, -6.397478, -1.5244627]"
the chief kept the machine for it .,an employer brought you a tea .,PD,DO,KEEP,BRING,THE,A,for,to,-38.625732421875,"[-5.70844, -7.9480314, -8.347695, -5.630441, -1.2160614, -8.039252, -1.7358115]"
the chief kept the meal for you .,a president sent an instrument to me .,PD,PD,KEEP,SEND,THE,A,for,to,-43.712554931640625,"[-3.5005107, -9.298232, -8.415052, -3.2496743, -11.235565, -0.8477323, -5.395052, -1.7707372]"
the chief kept the meal for you .,a president sent me an instrument .,PD,DO,KEEP,SEND,THE,A,for,to,-42.793113708496094,"[-3.5005107, -9.298232, -8.415052, -4.739985, -2.720951, -11.134472, -2.983907]"
the chief kept the meal for you .,a professor threw a salad to him .,PD,PD,KEEP,THROW,THE,A,for,to,-36.927818298339844,"[-3.5005107, -7.8204308, -9.972705, -0.57836384, -5.712492, -3.4277656, -4.9823728, -0.9331794]"
the chief kept the meal for you .,a professor threw him a salad .,PD,DO,KEEP,THROW,THE,A,for,to,-35.93773651123047,"[-3.5005107, -7.8204308, -9.972705, -5.271277, -1.2535195, -6.722071, -1.3972207]"
the chief kept you the meal .,a president sent an instrument to me .,DO,PD,KEEP,SEND,THE,A,for,to,-44.333927154541016,"[-3.511078, -9.4618435, -8.416422, -2.9454494, -11.64512, -0.82061005, -5.7444315, -1.788972]"
the chief kept you the meal .,a president sent me an instrument .,DO,DO,KEEP,SEND,THE,A,for,to,-42.143775939941406,"[-3.511078, -9.4618435, -8.416422, -4.657862, -2.6208944, -11.230728, -2.2449481]"
the chief kept you the meal .,a professor threw a salad to him .,DO,PD,KEEP,THROW,THE,A,for,to,-37.94851303100586,"[-3.511078, -7.7810035, -9.828012, -0.5478552, -6.2573805, -3.5649643, -5.225973, -1.2322466]"
the chief kept you the meal .,a professor threw him a salad .,DO,DO,KEEP,THROW,THE,A,for,to,-34.854957580566406,"[-3.511078, -7.7810035, -9.828012, -4.922118, -0.9107567, -6.8502383, -1.0517492]"
the chief left it the coffee .,a hero designed a bottle for us .,DO,PD,LEAVE,DESIGN,THE,A,for,for,-45.93998718261719,"[-3.4892452, -9.349182, -11.300868, -2.450653, -7.8979483, -3.61311, -6.7101893, -1.1287885]"
the chief left it the coffee .,a hero designed us a bottle .,DO,DO,LEAVE,DESIGN,THE,A,for,for,-47.360618591308594,"[-3.4892452, -9.349182, -11.300868, -9.783768, -3.69768, -7.1670055, -2.572867]"
the chief left it the salad .,a mother drew a crystal for us .,DO,PD,LEAVE,DRAW,THE,A,for,for,-43.6104621887207,"[-3.4914315, -5.9046936, -9.841194, -0.58563435, -9.662487, -4.0593224, -8.521674, -1.5440263]"
the chief left it the salad .,a mother drew us a crystal .,DO,DO,LEAVE,DRAW,THE,A,for,for,-42.77875518798828,"[-3.4914315, -5.9046936, -9.841194, -10.083619, -0.60777885, -9.738451, -3.1115851]"
the chief left me the salad .,a colonel kept a plate for them .,DO,PD,LEAVE,KEEP,THE,A,for,for,-45.90391540527344,"[-3.5103362, -11.288128, -9.049562, -1.8485817, -7.146846, -5.5475426, -6.315254, -1.1976643]"
the chief left me the salad .,a colonel kept them a plate .,DO,DO,LEAVE,KEEP,THE,A,for,for,-47.575462341308594,"[-3.5103362, -11.288128, -9.049562, -6.2195296, -5.559283, -8.893962, -3.0546598]"
the chief left the coffee for it .,a hero designed a bottle for us .,PD,PD,LEAVE,DESIGN,THE,A,for,for,-43.74420166015625,"[-3.4847775, -9.221228, -11.193235, -2.9402056, -7.8108683, -2.6151235, -5.5464783, -0.9322866]"
the chief left the coffee for it .,a hero designed us a bottle .,PD,DO,LEAVE,DESIGN,THE,A,for,for,-48.40632629394531,"[-3.4847775, -9.221228, -11.193235, -9.867854, -4.140579, -7.904578, -2.594075]"
the chief left the coffee for them .,a man brought a book to her .,PD,PD,LEAVE,BRING,THE,A,for,to,-28.446468353271484,"[-3.4670825, -2.6794932, -8.733636, -0.9055353, -5.8844733, -0.6453538, -3.8523545, -2.2785401]"
the chief left the coffee for them .,a man brought her a book .,PD,DO,LEAVE,BRING,THE,A,for,to,-30.19083595275879,"[-3.4670825, -2.6794932, -8.733636, -6.6633, -1.2079123, -5.9077625, -1.5316491]"
the chief left the coffee for them .,an adult found a salad for him .,PD,PD,LEAVE,FIND,THE,A,for,for,-39.44488525390625,"[-5.684981, -6.5552473, -6.853777, -1.5259172, -10.712027, -2.6193526, -4.2218103, -1.2717743]"
the chief left the coffee for them .,an adult found him a salad .,PD,DO,LEAVE,FIND,THE,A,for,for,-40.95246887207031,"[-5.684981, -6.5552473, -6.853777, -6.6015453, -4.3720417, -9.384625, -1.5002514]"
the chief left the salad for it .,a mother drew a crystal for us .,PD,PD,LEAVE,DRAW,THE,A,for,for,-42.97510528564453,"[-3.5134547, -5.9085245, -9.587317, -0.6281183, -9.757549, -3.6045866, -8.700572, -1.2749857]"
the chief left the salad for it .,a mother drew us a crystal .,PD,DO,LEAVE,DRAW,THE,A,for,for,-43.157859802246094,"[-3.5134547, -5.9085245, -9.587317, -9.821603, -0.69938356, -10.125653, -3.5019212]"
the chief left the salad for me .,a colonel kept a plate for them .,PD,PD,LEAVE,KEEP,THE,A,for,for,-43.871551513671875,"[-3.5014381, -11.513364, -9.026521, -1.4996836, -6.9062266, -4.1741247, -6.3449926, -0.9052015]"
the chief left the salad for me .,a colonel kept them a plate .,PD,DO,LEAVE,KEEP,THE,A,for,for,-48.35844421386719,"[-3.5014381, -11.513364, -9.026521, -6.5448904, -5.1399717, -9.350836, -3.281423]"
the chief left the salad for them .,a buddy delivered a beer for us .,PD,PD,LEAVE,DELIVER,THE,A,for,for,-38.855628967285156,"[-3.4980237, -11.353065, -10.6029005, -0.90458345, -6.358819, -2.4058747, -3.0146465, -0.71771204]"
the chief left the salad for them .,a buddy delivered us a beer .,PD,DO,LEAVE,DELIVER,THE,A,for,for,-38.01148223876953,"[-3.4980237, -11.353065, -10.6029005, -4.400557, -0.93564785, -5.8461576, -1.3751317]"
the chief left the salad for us .,a guest gave a chocolate to it .,PD,PD,LEAVE,GIVE,THE,A,for,to,-47.7861328125,"[-3.4990137, -8.372104, -10.240021, -1.0681083, -11.76925, -5.1915903, -6.9695697, -0.67647463]"
the chief left the salad for us .,a guest gave it a chocolate .,PD,DO,LEAVE,GIVE,THE,A,for,to,-44.04389953613281,"[-3.4990137, -8.372104, -10.240021, -5.37556, -1.063198, -11.191019, -4.302987]"
the chief left them the coffee .,a man brought a book to her .,DO,PD,LEAVE,BRING,THE,A,for,to,-29.04669761657715,"[-3.5115733, -2.6355343, -8.767914, -0.8340231, -6.330014, -0.6021476, -3.847866, -2.5176246]"
the chief left them the coffee .,a man brought her a book .,DO,DO,LEAVE,BRING,THE,A,for,to,-30.23236846923828,"[-3.5115733, -2.6355343, -8.767914, -6.485417, -0.79877603, -6.8234735, -1.2096798]"
the chief left them the coffee .,an adult found a salad for him .,DO,PD,LEAVE,FIND,THE,A,for,for,-43.28757858276367,"[-5.66532, -6.549569, -6.941923, -1.7831224, -10.945541, -4.0576954, -5.5908413, -1.7535667]"
the chief left them the coffee .,an adult found him a salad .,DO,DO,LEAVE,FIND,THE,A,for,for,-39.43718719482422,"[-5.66532, -6.549569, -6.941923, -6.243114, -4.098352, -8.775006, -1.163904]"
the chief left them the salad .,a buddy delivered a beer for us .,DO,PD,LEAVE,DELIVER,THE,A,for,for,-41.586212158203125,"[-3.5097692, -11.480356, -10.553577, -0.9848592, -6.4390373, -3.9130955, -3.8197463, -0.8857688]"
the chief left them the salad .,a buddy delivered us a beer .,DO,DO,LEAVE,DELIVER,THE,A,for,for,-37.11671447753906,"[-3.5097692, -11.480356, -10.553577, -4.076708, -0.97253406, -5.5438504, -0.9799205]"
the chief left us the salad .,a guest gave a chocolate to it .,DO,PD,LEAVE,GIVE,THE,A,for,to,-48.81311798095703,"[-3.518271, -8.415971, -10.39791, -1.4087739, -11.939212, -5.5553236, -6.8962555, -0.681398]"
the chief left us the salad .,a guest gave it a chocolate .,DO,DO,LEAVE,GIVE,THE,A,for,to,-44.0576057434082,"[-3.518271, -8.415971, -10.39791, -5.516274, -1.247881, -11.568538, -3.3927624]"
the chief made her the button .,a child saved a juice for me .,DO,PD,MAKE,SAVE,THE,A,for,for,-47.64679718017578,"[-3.497308, -6.2335157, -9.694199, -2.1356525, -13.639073, -5.2343755, -6.199895, -1.0127788]"
the chief made her the button .,a child saved me a juice .,DO,DO,MAKE,SAVE,THE,A,for,for,-43.5316162109375,"[-3.497308, -6.2335157, -9.694199, -7.4748716, -3.0480654, -11.743296, -1.8403616]"
the chief made it the coat .,a manager gave a guitar to you .,DO,PD,MAKE,GIVE,THE,A,for,to,-41.69409942626953,"[-3.5126305, -8.660812, -7.383544, -1.5058248, -11.240962, -0.43145692, -8.022371, -0.93649715]"
the chief made it the coat .,a manager gave you a guitar .,DO,DO,MAKE,GIVE,THE,A,for,to,-36.13028335571289,"[-3.5126305, -8.660812, -7.383544, -5.902484, -0.7582637, -8.673092, -1.239458]"
the chief made me the engine .,a secretary took a coat to her .,DO,PD,MAKE,TAKE,THE,A,for,to,-40.409149169921875,"[-3.5012174, -10.451689, -6.3246336, -1.5738125, -8.723897, -3.461435, -2.5637295, -3.808734]"
the chief made me the engine .,a secretary took her a coat .,DO,DO,MAKE,TAKE,THE,A,for,to,-38.86647033691406,"[-3.5012174, -10.451689, -6.3246336, -2.7325115, -5.196113, -8.549869, -2.1104364]"
the chief made the button for her .,a child saved a juice for me .,PD,PD,MAKE,SAVE,THE,A,for,for,-46.318267822265625,"[-3.516882, -6.2550497, -9.894618, -1.997316, -13.548925, -4.430661, -5.839638, -0.8351739]"
the chief made the button for her .,a child saved me a juice .,PD,DO,MAKE,SAVE,THE,A,for,for,-44.55538558959961,"[-3.516882, -6.2550497, -9.894618, -6.8575387, -3.7759075, -12.153464, -2.101925]"
the chief made the button for us .,a teacher caught a glass for it .,PD,PD,MAKE,CATCH,THE,A,for,for,-42.5517463684082,"[-3.515415, -7.532478, -7.659518, -3.9097147, -8.361171, -5.2306166, -5.6005974, -0.7422347]"
the chief made the button for us .,a teacher caught it a glass .,PD,DO,MAKE,CATCH,THE,A,for,for,-46.542015075683594,"[-3.515415, -7.532478, -7.659518, -6.173588, -6.4594727, -12.140735, -3.0608091]"
the chief made the button for you .,a partner kept a meal for him .,PD,PD,MAKE,KEEP,THE,A,for,for,-40.19768142700195,"[-3.5034118, -9.722149, -9.308242, -1.654159, -10.1116085, -1.8146396, -2.8548107, -1.2286605]"
the chief made the button for you .,a partner kept him a meal .,PD,DO,MAKE,KEEP,THE,A,for,for,-42.841739654541016,"[-3.5034118, -9.722149, -9.308242, -4.109901, -4.9232054, -9.132536, -2.142296]"
the chief made the camera for us .,a soldier brought a telephone to me .,PD,PD,MAKE,BRING,THE,A,for,to,-35.50709915161133,"[-3.4875174, -7.48457, -8.102063, -1.2024791, -9.274222, -0.9559073, -3.7414112, -1.2589284]"
the chief made the camera for us .,a soldier brought me a telephone .,PD,DO,MAKE,BRING,THE,A,for,to,-35.046470642089844,"[-3.4875174, -7.48457, -8.102063, -3.988548, -1.4416492, -8.945094, -1.5970287]"
the chief made the coat for it .,a manager gave a guitar to you .,PD,PD,MAKE,GIVE,THE,A,for,to,-39.37299346923828,"[-3.520303, -8.658746, -7.0975204, -2.0525565, -9.890577, -0.3208792, -7.076033, -0.75637877]"
the chief made the coat for it .,a manager gave you a guitar .,PD,DO,MAKE,GIVE,THE,A,for,to,-35.247169494628906,"[-3.520303, -8.658746, -7.0975204, -5.6296945, -0.76794106, -7.970691, -1.6022729]"
the chief made the engine for me .,a secretary took a coat to her .,PD,PD,MAKE,TAKE,THE,A,for,to,-38.94634246826172,"[-3.4789994, -10.348437, -6.5507607, -1.3843167, -8.648372, -3.4320612, -2.4156137, -2.6877794]"
the chief made the engine for me .,a secretary took her a coat .,PD,DO,MAKE,TAKE,THE,A,for,to,-40.42662811279297,"[-3.4789994, -10.348437, -6.5507607, -2.8145764, -5.392611, -9.652729, -2.1885142]"
the chief made us the button .,a teacher caught a glass for it .,DO,PD,MAKE,CATCH,THE,A,for,for,-42.99815368652344,"[-3.5178874, -7.500508, -7.4130454, -3.3846495, -8.399253, -5.497704, -6.3383665, -0.94674134]"
the chief made us the button .,a teacher caught it a glass .,DO,DO,MAKE,CATCH,THE,A,for,for,-44.24791717529297,"[-3.5178874, -7.500508, -7.4130454, -6.1012497, -6.3448205, -11.149195, -2.2212148]"
the chief made us the camera .,a soldier brought a telephone to me .,DO,PD,MAKE,BRING,THE,A,for,to,-35.15406799316406,"[-3.4872875, -7.454035, -8.059744, -1.3475925, -8.959145, -0.9055554, -3.461071, -1.4796367]"
the chief made us the camera .,a soldier brought me a telephone .,DO,DO,MAKE,BRING,THE,A,for,to,-33.21646499633789,"[-3.4872875, -7.454035, -8.059744, -2.9337206, -1.3484088, -8.563776, -1.3694932]"
the chief made you the button .,a partner kept a meal for him .,DO,PD,MAKE,KEEP,THE,A,for,for,-42.29133224487305,"[-3.4884372, -9.761937, -9.2866125, -1.7839086, -10.672951, -2.5836694, -3.0995045, -1.6143105]"
the chief made you the button .,a partner kept him a meal .,DO,DO,MAKE,KEEP,THE,A,for,for,-42.609779357910156,"[-3.4884372, -9.761937, -9.2866125, -3.8609426, -4.7425475, -9.478793, -1.990509]"
the chief promised the chocolate to us .,a doctor threw a wire to me .,PD,PD,PROMISE,THROW,THE,A,to,to,-37.71745300292969,"[-3.539244, -7.448184, -8.193689, -0.71761084, -9.581385, -3.248681, -3.995624, -0.9930351]"
the chief promised the chocolate to us .,a doctor threw me a wire .,PD,DO,PROMISE,THROW,THE,A,to,to,-37.474891662597656,"[-3.539244, -7.448184, -8.193689, -4.705336, -0.7178624, -11.42551, -1.4450629]"
the chief promised the chocolate to you .,a soldier left a bell for it .,PD,PD,PROMISE,LEAVE,THE,A,to,for,-42.10319137573242,"[-3.543596, -7.5339108, -7.417351, -1.606785, -11.552978, -1.7741162, -7.158345, -1.5161083]"
the chief promised the chocolate to you .,a soldier left it a bell .,PD,DO,PROMISE,LEAVE,THE,A,to,for,-43.21109390258789,"[-3.543596, -7.5339108, -7.417351, -5.1775007, -5.5272574, -11.858274, -2.1532018]"
the chief promised us the chocolate .,a doctor threw a wire to me .,DO,PD,PROMISE,THROW,THE,A,to,to,-39.074676513671875,"[-3.5861068, -7.2697296, -7.8937197, -0.7906963, -10.033235, -3.4265785, -4.9261303, -1.14848]"
the chief promised us the chocolate .,a doctor threw me a wire .,DO,DO,PROMISE,THROW,THE,A,to,to,-36.368961334228516,"[-3.5861068, -7.2697296, -7.8937197, -4.3053827, -0.60150254, -11.772331, -0.94018877]"
the chief promised you the chocolate .,a soldier left a bell for it .,DO,PD,PROMISE,LEAVE,THE,A,to,for,-42.37339782714844,"[-3.5711286, -7.4284515, -7.3385916, -1.6357701, -11.695314, -2.0670514, -7.557654, -1.0794365]"
the chief promised you the chocolate .,a soldier left it a bell .,DO,DO,PROMISE,LEAVE,THE,A,to,for,-42.01817321777344,"[-3.5711286, -7.4284515, -7.3385916, -5.424238, -5.2393637, -11.685618, -1.33078]"
the chief purchased her the iron .,a husband found a card for it .,DO,PD,PURCHASE,FIND,THE,A,for,for,-41.08930587768555,"[-3.571311, -8.380164, -6.447584, -2.1946416, -9.109854, -3.1134815, -6.768373, -1.5038981]"
the chief purchased her the iron .,a husband found it a card .,DO,DO,PURCHASE,FIND,THE,A,for,for,-40.09683609008789,"[-3.571311, -8.380164, -6.447584, -4.8056397, -3.8318982, -11.33302, -1.7272189]"
the chief purchased the iron for her .,a husband found a card for it .,PD,PD,PURCHASE,FIND,THE,A,for,for,-40.214778900146484,"[-3.5378928, -8.589989, -6.9099445, -1.4913648, -9.112566, -2.4180038, -6.7000856, -1.4549344]"
the chief purchased the iron for her .,a husband found it a card .,PD,DO,PURCHASE,FIND,THE,A,for,for,-40.47093963623047,"[-3.5378928, -8.589989, -6.9099445, -4.2952724, -3.5998235, -11.583358, -1.9546598]"
the chief purchased the iron for us .,a soldier showed a tea to them .,PD,PD,PURCHASE,SHOW,THE,A,for,to,-43.183746337890625,"[-3.5243943, -7.3331666, -7.851508, -3.265314, -11.278472, -2.824623, -6.482119, -0.62414694]"
the chief purchased the iron for us .,a soldier showed them a tea .,PD,DO,PURCHASE,SHOW,THE,A,for,to,-38.50948715209961,"[-3.5243943, -7.3331666, -7.851508, -4.7592926, -1.7167835, -9.809236, -3.5151079]"
the chief purchased the iron for us .,a kid caught a hat for you .,PD,PD,PURCHASE,CATCH,THE,A,for,for,-40.166507720947266,"[-3.5243943, -9.183195, -6.2367773, -4.1880035, -7.858057, -5.085778, -3.2202067, -0.8700953]"
the chief purchased the iron for us .,a kid caught you a hat .,PD,DO,PURCHASE,CATCH,THE,A,for,for,-41.85433578491211,"[-3.5243943, -9.183195, -6.2367773, -8.488117, -5.487706, -7.5532017, -1.3809452]"
the chief purchased the iron for you .,a minister showed a tea to him .,PD,PD,PURCHASE,SHOW,THE,A,for,to,-41.81256866455078,"[-3.5095801, -9.173884, -9.096105, -2.0286992, -10.062702, -2.322795, -4.6831274, -0.93567914]"
the chief purchased the iron for you .,a minister showed him a tea .,PD,DO,PURCHASE,SHOW,THE,A,for,to,-37.987857818603516,"[-3.5095801, -9.173884, -9.096105, -3.7080119, -1.0395231, -8.41029, -3.050463]"
the chief purchased the iron for you .,a professor threw a salad to him .,PD,PD,PURCHASE,THROW,THE,A,for,to,-36.959922790527344,"[-3.5095801, -7.763263, -9.817926, -0.7509303, -6.7392554, -3.7111223, -3.7590904, -0.9087553]"
the chief purchased the iron for you .,a professor threw him a salad .,PD,DO,PURCHASE,THROW,THE,A,for,to,-35.99537658691406,"[-3.5095801, -7.763263, -9.817926, -4.317038, -1.3492514, -7.944252, -1.2940642]"
the chief purchased us the iron .,a soldier showed a tea to them .,DO,PD,PURCHASE,SHOW,THE,A,for,to,-45.08269500732422,"[-3.5662591, -7.285167, -8.022127, -3.6786492, -10.977219, -3.280493, -7.3339252, -0.9388555]"
the chief purchased us the iron .,a soldier showed them a tea .,DO,DO,PURCHASE,SHOW,THE,A,for,to,-37.52748489379883,"[-3.5662591, -7.285167, -8.022127, -5.2521777, -1.6410738, -9.309399, -2.45128]"
the chief purchased us the iron .,a kid caught a hat for you .,DO,PD,PURCHASE,CATCH,THE,A,for,for,-41.96880340576172,"[-3.5662591, -9.083746, -6.31894, -4.603424, -7.6131134, -5.6155276, -4.157043, -1.0107517]"
the chief purchased us the iron .,a kid caught you a hat .,DO,DO,PURCHASE,CATCH,THE,A,for,for,-40.87886428833008,"[-3.5662591, -9.083746, -6.31894, -8.139307, -5.524584, -7.1097302, -1.1362971]"
the chief purchased you the iron .,a minister showed a tea to him .,DO,PD,PURCHASE,SHOW,THE,A,for,to,-43.23131561279297,"[-3.5526094, -9.072129, -8.956711, -2.5112429, -10.362859, -2.5148394, -5.2156177, -1.0453069]"
the chief purchased you the iron .,a minister showed him a tea .,DO,DO,PURCHASE,SHOW,THE,A,for,to,-36.94397735595703,"[-3.5526094, -9.072129, -8.956711, -3.9961967, -1.2926112, -8.169508, -1.9042116]"
the chief purchased you the iron .,a professor threw a salad to him .,DO,PD,PURCHASE,THROW,THE,A,for,to,-37.00990295410156,"[-3.5526094, -7.5751324, -9.317439, -0.88879716, -6.8956466, -3.6499584, -4.2324796, -0.89784116]"
the chief purchased you the iron .,a professor threw him a salad .,DO,DO,PURCHASE,THROW,THE,A,for,to,-34.06877899169922,"[-3.5526094, -7.5751324, -9.317439, -3.6444287, -0.9200938, -8.068934, -0.9901396]"
the chief saved him the coat .,a bishop sold a juice to them .,DO,PD,SAVE,SELL,THE,A,for,to,-51.050045013427734,"[-3.609619, -9.094374, -10.989899, -2.0180464, -12.980513, -3.839183, -7.306558, -1.2118543]"
the chief saved him the coat .,a bishop sold them a juice .,DO,DO,SAVE,SELL,THE,A,for,to,-45.32637023925781,"[-3.609619, -9.094374, -10.989899, -5.5809526, -2.3453093, -11.161198, -2.5450187]"
the chief saved it the gun .,a champion bought a beer for us .,DO,PD,SAVE,BUY,THE,A,for,for,-42.0001335144043,"[-3.5699005, -9.7227955, -10.548304, -0.93213344, -6.7005844, -2.6506913, -6.5865803, -1.2891456]"
the chief saved it the gun .,a champion bought us a beer .,DO,DO,SAVE,BUY,THE,A,for,for,-38.16755676269531,"[-3.5699005, -9.7227955, -10.548304, -7.7339926, -0.76811713, -4.6057377, -1.2187121]"
the chief saved it the hat .,an employee caught an iron for us .,DO,PD,SAVE,CATCH,THE,A,for,for,-48.261436462402344,"[-5.6609187, -4.521105, -8.745965, -6.022757, -6.790098, -7.06573, -8.136309, -1.3185527]"
the chief saved it the hat .,an employee caught us an iron .,DO,DO,SAVE,CATCH,THE,A,for,for,-48.10350036621094,"[-5.6609187, -4.521105, -8.745965, -9.610753, -6.8011627, -8.550121, -4.2134724]"
the chief saved me the cheese .,a guy got a flower for you .,DO,PD,SAVE,GET,THE,A,for,for,-36.979820251464844,"[-3.5847077, -7.555009, -4.999607, -2.0908072, -9.664501, -3.1539288, -5.097102, -0.8341578]"
the chief saved me the cheese .,a guy got you a flower .,DO,DO,SAVE,GET,THE,A,for,for,-34.57148742675781,"[-3.5847077, -7.555009, -4.999607, -7.3023186, -1.5321562, -8.615493, -0.9821943]"
the chief saved me the gun .,a singer sold a candy to them .,DO,PD,SAVE,SELL,THE,A,for,to,-45.859153747558594,"[-3.582714, -10.537882, -9.636011, -1.775843, -8.070218, -3.749998, -7.401718, -1.1047693]"
the chief saved me the gun .,a singer sold them a candy .,DO,DO,SAVE,SELL,THE,A,for,to,-42.38554763793945,"[-3.582714, -10.537882, -9.636011, -6.701219, -1.953746, -7.398129, -2.5758486]"
the chief saved the cheese for me .,a guy got a flower for you .,PD,PD,SAVE,GET,THE,A,for,for,-35.86981964111328,"[-3.522249, -7.786977, -5.168828, -1.9489684, -9.769276, -2.2608113, -4.6592903, -0.75341856]"
the chief saved the cheese for me .,a guy got you a flower .,PD,DO,SAVE,GET,THE,A,for,for,-36.19081497192383,"[-3.522249, -7.786977, -5.168828, -7.871698, -1.935576, -8.655905, -1.2495815]"
the chief saved the cheese for them .,a mayor promised a tea to me .,PD,PD,SAVE,PROMISE,THE,A,for,to,-47.007442474365234,"[-3.5149956, -9.883076, -8.582056, -2.3353124, -10.024396, -2.8858924, -8.003187, -1.7785286]"
the chief saved the cheese for them .,a mayor promised me a tea .,PD,DO,SAVE,PROMISE,THE,A,for,to,-43.473907470703125,"[-3.5149956, -9.883076, -8.582056, -9.453663, -1.4469686, -8.279584, -2.313565]"
the chief saved the cheese for you .,a colonel took a knife to me .,PD,PD,SAVE,TAKE,THE,A,for,to,-36.65476989746094,"[-3.5073078, -11.148366, -6.389395, -1.684468, -4.981414, -1.0984015, -6.1488895, -1.6965253]"
the chief saved the cheese for you .,a colonel took me a knife .,PD,DO,SAVE,TAKE,THE,A,for,to,-40.506526947021484,"[-3.5073078, -11.148366, -6.389395, -4.064226, -5.433065, -7.43684, -2.527328]"
the chief saved the coat for him .,a bishop sold a juice to them .,PD,PD,SAVE,SELL,THE,A,for,to,-49.482452392578125,"[-3.5416937, -9.181758, -10.994039, -1.6784075, -12.684082, -3.4438767, -6.9657645, -0.9928313]"
the chief saved the coat for him .,a bishop sold them a juice .,PD,DO,SAVE,SELL,THE,A,for,to,-46.248329162597656,"[-3.5416937, -9.181758, -10.994039, -6.355896, -2.5723667, -10.512817, -3.089757]"
the chief saved the coat for you .,an uncle designed an iron for him .,PD,PD,SAVE,DESIGN,THE,A,for,for,-44.674861907958984,"[-5.663988, -8.052734, -12.246763, -3.6309988, -5.8238077, -3.9649758, -4.405694, -0.8859005]"
the chief saved the coat for you .,an uncle designed him an iron .,PD,DO,SAVE,DESIGN,THE,A,for,for,-47.421939849853516,"[-5.663988, -8.052734, -12.246763, -7.664123, -4.8117313, -5.734524, -3.2480755]"
the chief saved the gun for it .,a champion bought a beer for us .,PD,PD,SAVE,BUY,THE,A,for,for,-40.46556854248047,"[-3.5018296, -9.84765, -10.93931, -0.6537372, -6.4221926, -1.2243291, -6.931153, -0.94536746]"
the chief saved the gun for it .,a champion bought us a beer .,PD,DO,SAVE,BUY,THE,A,for,for,-38.733482360839844,"[-3.5018296, -9.84765, -10.93931, -8.507519, -0.60453564, -4.1235223, -1.2091172]"
the chief saved the gun for me .,a singer sold a candy to them .,PD,PD,SAVE,SELL,THE,A,for,to,-46.553436279296875,"[-3.499577, -10.78485, -9.75045, -1.6810787, -8.154665, -3.7169938, -7.790255, -1.1755676]"
the chief saved the gun for me .,a singer sold them a candy .,PD,DO,SAVE,SELL,THE,A,for,to,-43.942840576171875,"[-3.499577, -10.78485, -9.75045, -7.1559935, -2.5726886, -7.02357, -3.1557088]"
the chief saved the hat for it .,an employee caught an iron for us .,PD,PD,SAVE,CATCH,THE,A,for,for,-47.673397064208984,"[-5.6727076, -4.3845453, -9.033325, -5.3269835, -6.443178, -6.9592113, -8.93572, -0.91772634]"
the chief saved the hat for it .,an employee caught us an iron .,PD,DO,SAVE,CATCH,THE,A,for,for,-48.657875061035156,"[-5.6727076, -4.3845453, -9.033325, -8.934029, -7.385186, -8.509023, -4.7390585]"
the chief saved the hat for you .,a soldier bought a meal for him .,PD,PD,SAVE,BUY,THE,A,for,for,-37.27225875854492,"[-3.524194, -7.4526653, -9.841028, -0.5650316, -7.9880223, -0.71554786, -4.85588, -2.3298893]"
the chief saved the hat for you .,a soldier bought him a meal .,PD,DO,SAVE,BUY,THE,A,for,for,-34.66815185546875,"[-3.524194, -7.4526653, -9.841028, -5.1125627, -0.28644887, -6.4347625, -2.0164933]"
the chief saved them the cheese .,a mayor promised a tea to me .,DO,PD,SAVE,PROMISE,THE,A,for,to,-45.09064483642578,"[-3.5760694, -9.775297, -8.158886, -2.3664958, -9.907922, -2.9451532, -6.797741, -1.5630827]"
the chief saved them the cheese .,a mayor promised me a tea .,DO,DO,SAVE,PROMISE,THE,A,for,to,-39.70854949951172,"[-3.5760694, -9.775297, -8.158886, -7.341958, -1.4522284, -8.021973, -1.3821399]"
the chief saved you the cheese .,a colonel took a knife to me .,DO,PD,SAVE,TAKE,THE,A,for,to,-35.20447540283203,"[-3.5527508, -11.00092, -6.3095245, -1.7222408, -5.245317, -1.0388613, -5.0740027, -1.2608565]"
the chief saved you the cheese .,a colonel took me a knife .,DO,DO,SAVE,TAKE,THE,A,for,to,-36.60565185546875,"[-3.5527508, -11.00092, -6.3095245, -2.831243, -4.583885, -6.6768484, -1.6504817]"
the chief saved you the coat .,an uncle designed an iron for him .,DO,PD,SAVE,DESIGN,THE,A,for,for,-45.44473648071289,"[-5.7201843, -8.286035, -11.883635, -3.421638, -6.1272764, -4.7068973, -4.3914313, -0.9076401]"
the chief saved you the coat .,an uncle designed him an iron .,DO,DO,SAVE,DESIGN,THE,A,for,for,-44.51860427856445,"[-5.7201843, -8.286035, -11.883635, -6.01096, -4.2544503, -5.8580327, -2.5053086]"
the chief saved you the hat .,a soldier bought a meal for him .,DO,PD,SAVE,BUY,THE,A,for,for,-38.473201751708984,"[-3.571852, -7.4133425, -9.653578, -0.686215, -8.359385, -1.113903, -5.501519, -2.173407]"
the chief saved you the hat .,a soldier bought him a meal .,DO,DO,SAVE,BUY,THE,A,for,for,-32.94116973876953,"[-3.571852, -7.4133425, -9.653578, -3.574448, -0.31039304, -6.88188, -1.5356754]"
the chief sent her the pie .,a professor made a television for him .,DO,PD,SEND,MAKE,THE,A,to,for,-35.16277313232422,"[-3.52456, -7.6298857, -6.9908566, -1.0385928, -8.054543, -3.6615524, -3.3606944, -0.90208876]"
the chief sent her the pie .,a professor made him a television .,DO,DO,SEND,MAKE,THE,A,to,for,-35.12432861328125,"[-3.52456, -7.6298857, -6.9908566, -4.546717, -1.0411807, -10.511415, -0.8797158]"
the chief sent him the book .,a candidate brought a chocolate to you .,DO,PD,SEND,BRING,THE,A,to,to,-45.22132110595703,"[-3.4921684, -8.884483, -8.839508, -1.5966609, -8.272674, -5.32633, -7.7524548, -1.0570419]"
the chief sent him the book .,a candidate brought you a chocolate .,DO,DO,SEND,BRING,THE,A,to,to,-41.533042907714844,"[-3.4921684, -8.884483, -8.839508, -6.476177, -1.5999143, -7.76762, -4.4731693]"
the chief sent the beer to us .,a singer threw a candy to it .,PD,PD,SEND,THROW,THE,A,to,to,-42.70111846923828,"[-3.457018, -10.739414, -8.610393, -0.52624905, -7.419116, -3.725984, -7.3197837, -0.90316284]"
the chief sent the beer to us .,a singer threw it a candy .,PD,DO,SEND,THROW,THE,A,to,to,-48.80280303955078,"[-3.457018, -10.739414, -8.610393, -6.6841373, -5.9008007, -9.328421, -4.0826225]"
the chief sent the book to him .,a candidate brought a chocolate to you .,PD,PD,SEND,BRING,THE,A,to,to,-45.38850402832031,"[-3.4518652, -9.127053, -9.196696, -1.4322538, -8.65479, -4.70856, -7.7260675, -1.0912204]"
the chief sent the book to him .,a candidate brought you a chocolate .,PD,DO,SEND,BRING,THE,A,to,to,-43.167701721191406,"[-3.4518652, -9.127053, -9.196696, -7.7104607, -1.2688578, -7.9085207, -4.5042458]"
the chief sent the juice to us .,a scientist made a plate for you .,PD,PD,SEND,MAKE,THE,A,to,for,-36.533447265625,"[-3.4484649, -8.324577, -6.2784977, -0.9839893, -8.951878, -4.2370644, -3.5831869, -0.72578794]"
the chief sent the juice to us .,a scientist made you a plate .,PD,DO,SEND,MAKE,THE,A,to,for,-35.646728515625,"[-3.4484649, -8.324577, -6.2784977, -7.5070357, -1.2564957, -7.481214, -1.3504407]"
the chief sent the meal to them .,a lady promised a tea to you .,PD,PD,SEND,PROMISE,THE,A,to,to,-41.121437072753906,"[-3.4911427, -8.67513, -11.060304, -2.6711218, -7.0711327, -1.7077821, -5.620692, -0.8241358]"
the chief sent the meal to them .,a lady promised you a tea .,PD,DO,SEND,PROMISE,THE,A,to,to,-38.78459167480469,"[-3.4911427, -8.67513, -11.060304, -5.6100326, -1.5550914, -7.046444, -1.3464494]"
the chief sent the meal to us .,a colonel brought a bottle to you .,PD,PD,SEND,BRING,THE,A,to,to,-38.143211364746094,"[-3.4908803, -11.238931, -7.8418226, -1.9289179, -4.054945, -2.2637239, -6.8195477, -0.5044433]"
the chief sent the meal to us .,a colonel brought you a bottle .,PD,DO,SEND,BRING,THE,A,to,to,-36.77231979370117,"[-3.4908803, -11.238931, -7.8418226, -5.331891, -1.756031, -4.2807617, -2.8320029]"
the chief sent the pie to her .,a professor made a television for him .,PD,PD,SEND,MAKE,THE,A,to,for,-35.54640579223633,"[-3.4971986, -7.8022447, -7.2050676, -0.83084214, -7.913923, -4.041893, -3.3826892, -0.8725464]"
the chief sent the pie to her .,a professor made him a television .,PD,DO,SEND,MAKE,THE,A,to,for,-36.36763000488281,"[-3.4971986, -7.8022447, -7.2050676, -5.469878, -1.1234019, -9.925577, -1.34426]"
the chief sent the pie to them .,a hero brought a chocolate to it .,PD,PD,SEND,BRING,THE,A,to,to,-40.069007873535156,"[-3.4929953, -8.919849, -8.053083, -2.0159106, -8.58914, -3.0223691, -5.4677467, -0.5079155]"
the chief sent the pie to them .,a hero brought it a chocolate .,PD,DO,SEND,BRING,THE,A,to,to,-45.75804138183594,"[-3.4929953, -8.919849, -8.053083, -4.717154, -6.8722506, -10.223204, -3.4795074]"
the chief sent the pie to them .,a scientist found a cheese for me .,PD,PD,SEND,FIND,THE,A,to,for,-38.48750305175781,"[-3.4929953, -8.326758, -5.544451, -0.89759994, -10.078535, -5.284445, -3.9379525, -0.9247686]"
the chief sent the pie to them .,a scientist found me a cheese .,PD,DO,SEND,FIND,THE,A,to,for,-37.532012939453125,"[-3.4929953, -8.326758, -5.544451, -8.78036, -1.0376686, -8.143703, -2.2060738]"
the chief sent the pie to you .,a child designed a bell for us .,PD,PD,SEND,DESIGN,THE,A,to,for,-42.180824279785156,"[-3.4816701, -6.384474, -11.427311, -2.1585078, -9.447308, -2.7894812, -5.539444, -0.9526297]"
the chief sent the pie to you .,a child designed us a bell .,PD,DO,SEND,DESIGN,THE,A,to,for,-46.85054016113281,"[-3.4816701, -6.384474, -11.427311, -10.902614, -3.5230918, -10.312523, -0.81885636]"
the chief sent the pie to you .,a buddy delivered a beer for us .,PD,PD,SEND,DELIVER,THE,A,to,for,-39.49214553833008,"[-3.4816701, -11.085598, -10.27162, -0.8470057, -5.8226376, -3.9703684, -3.2367585, -0.77648723]"
the chief sent the pie to you .,a buddy delivered us a beer .,PD,DO,SEND,DELIVER,THE,A,to,for,-36.80780029296875,"[-3.4816701, -11.085598, -10.27162, -4.682831, -0.99535674, -5.2175407, -1.0731839]"
the chief sent them the meal .,a lady promised a tea to you .,DO,PD,SEND,PROMISE,THE,A,to,to,-43.87742233276367,"[-3.5033793, -8.628873, -10.829603, -2.588522, -7.820899, -2.5073655, -6.8035316, -1.1952503]"
the chief sent them the meal .,a lady promised you a tea .,DO,DO,SEND,PROMISE,THE,A,to,to,-38.28852081298828,"[-3.5033793, -8.628873, -10.829603, -5.617464, -1.6408358, -6.878624, -1.1897444]"
the chief sent them the pie .,a hero brought a chocolate to it .,DO,PD,SEND,BRING,THE,A,to,to,-42.62235641479492,"[-3.5016088, -8.868555, -7.963571, -2.2928886, -8.8188715, -3.7963593, -6.7139635, -0.6665367]"
the chief sent them the pie .,a hero brought it a chocolate .,DO,DO,SEND,BRING,THE,A,to,to,-42.88713836669922,"[-3.5016088, -8.868555, -7.963571, -4.193528, -6.239699, -9.483538, -2.6366386]"
the chief sent them the pie .,a scientist found a cheese for me .,DO,PD,SEND,FIND,THE,A,to,for,-38.122467041015625,"[-3.5016088, -8.20701, -5.5642605, -1.0420526, -10.010491, -5.2240496, -3.6779823, -0.89500993]"
the chief sent them the pie .,a scientist found me a cheese .,DO,DO,SEND,FIND,THE,A,to,for,-35.00176239013672,"[-3.5016088, -8.20701, -5.5642605, -8.194802, -0.73196405, -7.3271585, -1.4749563]"
the chief sent us the beer .,a singer threw a candy to it .,DO,PD,SEND,THROW,THE,A,to,to,-44.1259765625,"[-3.5040963, -10.599282, -8.532944, -0.6627952, -7.70691, -4.550174, -7.4885645, -1.0812124]"
the chief sent us the beer .,a singer threw it a candy .,DO,DO,SEND,THROW,THE,A,to,to,-47.89997863769531,"[-3.5040963, -10.599282, -8.532944, -6.6414766, -6.0493712, -9.767069, -2.805738]"
the chief sent us the juice .,a scientist made a plate for you .,DO,PD,SEND,MAKE,THE,A,to,for,-37.40172576904297,"[-3.490824, -8.098694, -6.3455086, -1.2596129, -9.537165, -4.1317024, -3.789623, -0.7485955]"
the chief sent us the juice .,a scientist made you a plate .,DO,DO,SEND,MAKE,THE,A,to,for,-35.56679153442383,"[-3.490824, -8.098694, -6.3455086, -7.363682, -1.7094929, -7.3724627, -1.1861259]"
the chief sent us the meal .,a colonel brought a bottle to you .,DO,PD,SEND,BRING,THE,A,to,to,-40.661014556884766,"[-3.5393283, -10.939821, -7.789222, -2.3354635, -4.8499203, -2.922547, -7.3966227, -0.88808787]"
the chief sent us the meal .,a colonel brought you a bottle .,DO,DO,SEND,BRING,THE,A,to,to,-37.49043655395508,"[-3.5393283, -10.939821, -7.789222, -4.277362, -3.1890256, -5.1339283, -2.6217499]"
the chief sent you the pie .,a child designed a bell for us .,DO,PD,SEND,DESIGN,THE,A,to,for,-44.03925704956055,"[-3.4886465, -6.4516277, -11.3526325, -2.952598, -9.70058, -3.1021962, -5.9731283, -1.0178449]"
the chief sent you the pie .,a child designed us a bell .,DO,DO,SEND,DESIGN,THE,A,to,for,-46.47245407104492,"[-3.4886465, -6.4516277, -11.3526325, -10.624488, -3.4936445, -10.50899, -0.5524253]"
the chief sent you the pie .,a buddy delivered a beer for us .,DO,PD,SEND,DELIVER,THE,A,to,for,-39.11171340942383,"[-3.4886465, -10.912005, -10.063558, -1.1950499, -5.9105353, -3.3072011, -3.3950593, -0.8396575]"
the chief sent you the pie .,a buddy delivered us a beer .,DO,DO,SEND,DELIVER,THE,A,to,for,-34.93183135986328,"[-3.4886465, -10.912005, -10.063558, -3.8524718, -1.2643195, -4.639134, -0.71169394]"
the chief showed him the juice .,a princess bought a bag for them .,DO,PD,SHOW,BUY,THE,A,to,for,-39.56989669799805,"[-3.526413, -10.875634, -7.9872484, -0.8553636, -4.826269, -4.2184153, -6.043952, -1.2366009]"
the chief showed him the juice .,a princess bought them a bag .,DO,DO,SHOW,BUY,THE,A,to,for,-38.433197021484375,"[-3.526413, -10.875634, -7.9872484, -5.391198, -1.802235, -5.594023, -3.2564447]"
the chief showed the juice to him .,a princess bought a bag for them .,PD,PD,SHOW,BUY,THE,A,to,for,-38.84264373779297,"[-3.5002809, -11.068185, -8.189744, -0.69904786, -4.690098, -3.916858, -5.6310096, -1.1474226]"
the chief showed the juice to him .,a princess bought them a bag .,PD,DO,SHOW,BUY,THE,A,to,for,-39.45201873779297,"[-3.5002809, -11.068185, -8.189744, -5.9443693, -1.9432327, -5.33757, -3.4686396]"
the chief sold him the chicken .,a winner made a motor for you .,DO,PD,SELL,MAKE,THE,A,to,for,-45.7078857421875,"[-3.5133128, -10.516897, -6.763552, -2.8041182, -10.267445, -5.8888335, -5.1200695, -0.8336584]"
the chief sold him the chicken .,a winner made you a motor .,DO,DO,SELL,MAKE,THE,A,to,for,-44.574378967285156,"[-3.5133128, -10.516897, -6.763552, -7.107318, -2.2692955, -10.869447, -3.5345554]"
the chief sold it the chicken .,an attorney made a plate for you .,DO,PD,SELL,MAKE,THE,A,to,for,-41.703956604003906,"[-5.6651034, -5.5476384, -8.565706, -1.2582438, -11.586759, -3.6990793, -4.5195584, -0.8618673]"
the chief sold it the chicken .,an attorney made you a plate .,DO,DO,SELL,MAKE,THE,A,to,for,-40.11015701293945,"[-5.6651034, -5.5476384, -8.565706, -8.487659, -1.3758719, -8.644003, -1.8241742]"
the chief sold me the pie .,a minister threw a computer to you .,DO,PD,SELL,THROW,THE,A,to,to,-50.303367614746094,"[-3.5199802, -9.266495, -9.787569, -1.0255772, -11.370349, -3.40397, -10.663232, -1.2661965]"
the chief sold me the pie .,a minister threw you a computer .,DO,DO,SELL,THROW,THE,A,to,to,-48.472572326660156,"[-3.5199802, -9.266495, -9.787569, -8.762845, -1.1338655, -14.532549, -1.4692675]"
the chief sold the chicken to him .,a winner made a motor for you .,PD,PD,SELL,MAKE,THE,A,to,for,-43.52704620361328,"[-3.504631, -10.420275, -6.7967086, -2.8685164, -10.041578, -5.227999, -3.8826423, -0.7846986]"
the chief sold the chicken to him .,a winner made you a motor .,PD,DO,SELL,MAKE,THE,A,to,for,-44.08718490600586,"[-3.504631, -10.420275, -6.7967086, -7.102677, -2.0721068, -10.8775425, -3.3132432]"
the chief sold the chicken to it .,an attorney made a plate for you .,PD,PD,SELL,MAKE,THE,A,to,for,-40.037864685058594,"[-5.6693735, -5.664672, -8.144382, -1.0147835, -10.677773, -3.2985666, -4.707034, -0.8612756]"
the chief sold the chicken to it .,an attorney made you a plate .,PD,DO,SELL,MAKE,THE,A,to,for,-38.96866989135742,"[-5.6693735, -5.664672, -8.144382, -8.149786, -1.5742809, -7.776511, -1.989664]"
the chief sold the chicken to you .,a colonel took a knife to me .,PD,PD,SELL,TAKE,THE,A,to,to,-35.00310134887695,"[-3.4782245, -11.529808, -6.2471914, -1.3200897, -4.833403, -1.0370145, -5.3663783, -1.1909931]"
the chief sold the chicken to you .,a colonel took me a knife .,PD,DO,SELL,TAKE,THE,A,to,to,-39.64574432373047,"[-3.4782245, -11.529808, -6.2471914, -3.5861907, -5.2996583, -7.352915, -2.1517544]"
the chief sold the pie to me .,a minister threw a computer to you .,PD,PD,SELL,THROW,THE,A,to,to,-46.50727844238281,"[-3.5093193, -9.390135, -9.76219, -0.8065038, -10.927889, -2.6000142, -8.522599, -0.98862827]"
the chief sold the pie to me .,a minister threw you a computer .,PD,DO,SELL,THROW,THE,A,to,to,-47.756404876708984,"[-3.5093193, -9.390135, -9.76219, -9.14823, -0.8923304, -13.167709, -1.8864921]"
the chief sold you the chicken .,a colonel took a knife to me .,DO,PD,SELL,TAKE,THE,A,to,to,-36.517539978027344,"[-3.4843166, -11.357712, -6.6990156, -1.4082075, -5.177571, -1.0101873, -5.875543, -1.5049865]"
the chief sold you the chicken .,a colonel took me a knife .,DO,DO,SELL,TAKE,THE,A,to,to,-40.947174072265625,"[-3.4843166, -11.357712, -6.6990156, -3.5294728, -5.594488, -8.268053, -2.0141137]"
the chief supplied the anchor to us .,a parent gave a tea to them .,PD,PD,SUPPLY,GIVE,THE,A,to,to,-39.982398986816406,"[-3.5273943, -7.839367, -6.047263, -2.1577725, -10.873843, -1.1691797, -7.431658, -0.93592393]"
the chief supplied the anchor to us .,a parent gave them a tea .,PD,DO,SUPPLY,GIVE,THE,A,to,to,-35.51856994628906,"[-3.5273943, -7.839367, -6.047263, -5.696508, -1.0606965, -9.334583, -2.012756]"
the chief supplied the anchor to us .,an aunt showed a tea to me .,PD,PD,SUPPLY,SHOW,THE,A,to,to,-43.2464599609375,"[-5.657385, -8.331806, -8.129068, -3.026308, -12.420231, -3.5471792, -1.4301562, -0.7043232]"
the chief supplied the anchor to us .,an aunt showed me a tea .,PD,DO,SUPPLY,SHOW,THE,A,to,to,-39.43269729614258,"[-5.657385, -8.331806, -8.129068, -1.0392742, -1.4276276, -9.851248, -4.9962893]"
the chief supplied the gun to you .,a champion sold a meal to her .,PD,PD,SUPPLY,SELL,THE,A,to,to,-39.61712646484375,"[-3.4996104, -9.688968, -9.190237, -2.039122, -9.170522, -0.6907412, -2.9503424, -2.387582]"
the chief supplied the gun to you .,a champion sold her a meal .,PD,DO,SUPPLY,SELL,THE,A,to,to,-42.585792541503906,"[-3.4996104, -9.688968, -9.190237, -3.7468514, -6.193035, -8.098134, -2.1689558]"
the chief supplied us the anchor .,a parent gave a tea to them .,DO,PD,SUPPLY,GIVE,THE,A,to,to,-41.38421630859375,"[-3.5584097, -8.040834, -5.98719, -2.5190747, -11.078106, -1.0475583, -7.9959383, -1.1571023]"
the chief supplied us the anchor .,a parent gave them a tea .,DO,DO,SUPPLY,GIVE,THE,A,to,to,-35.88280487060547,"[-3.5584097, -8.040834, -5.98719, -5.359483, -1.305965, -10.126806, -1.5041151]"
the chief supplied us the anchor .,an aunt showed a tea to me .,DO,PD,SUPPLY,SHOW,THE,A,to,to,-45.885719299316406,"[-5.6484165, -8.39217, -8.004863, -3.574044, -12.492886, -3.8530798, -2.834695, -1.085567]"
the chief supplied us the anchor .,an aunt showed me a tea .,DO,DO,SUPPLY,SHOW,THE,A,to,to,-37.88585662841797,"[-5.6484165, -8.39217, -8.004863, -0.83585525, -1.6509749, -9.638344, -3.7152336]"
the chief supplied you the gun .,a champion sold a meal to her .,DO,PD,SUPPLY,SELL,THE,A,to,to,-41.34783935546875,"[-3.5127902, -9.718087, -9.06332, -2.0196474, -9.367414, -1.0909041, -3.10537, -3.4703078]"
the chief supplied you the gun .,a champion sold her a meal .,DO,DO,SUPPLY,SELL,THE,A,to,to,-42.37698745727539,"[-3.5127902, -9.718087, -9.06332, -3.5716302, -5.841418, -8.805088, -1.8646555]"
the chief threw him the anchor .,a reader fed a meal to you .,DO,PD,THROW,FEED,THE,A,to,to,-46.60348129272461,"[-3.6047742, -7.7764883, -12.007661, -3.4322593, -9.280842, -1.5933825, -6.841523, -2.0665524]"
the chief threw him the anchor .,a reader fed you a meal .,DO,DO,THROW,FEED,THE,A,to,to,-45.17622375488281,"[-3.6047742, -7.7764883, -12.007661, -7.899187, -3.5535917, -8.546147, -1.7883734]"
the chief threw him the newspaper .,a kid caught a hat for you .,DO,PD,THROW,CATCH,THE,A,to,for,-45.898155212402344,"[-3.6443272, -8.991388, -6.114298, -4.4137926, -7.8879437, -7.5161448, -6.2604294, -1.0698291]"
the chief threw him the newspaper .,a kid caught you a hat .,DO,DO,THROW,CATCH,THE,A,to,for,-42.14005661010742,"[-3.6443272, -8.991388, -6.114298, -8.53098, -5.847669, -7.7043047, -1.3070877]"
the chief threw it the chocolate .,a cop delivered a salad for her .,DO,PD,THROW,DELIVER,THE,A,to,for,-41.014251708984375,"[-3.5761213, -8.42626, -9.704217, -0.77434546, -10.448337, -3.1740155, -2.9392352, -1.9717221]"
the chief threw it the chocolate .,a cop delivered her a salad .,DO,DO,THROW,DELIVER,THE,A,to,for,-39.69591522216797,"[-3.5761213, -8.42626, -9.704217, -4.6533318, -3.5238905, -8.749385, -1.0627129]"
the chief threw the anchor to him .,a reader fed a meal to you .,PD,PD,THROW,FEED,THE,A,to,to,-43.836753845214844,"[-3.5498717, -7.945818, -11.975757, -2.826725, -8.358282, -0.69332063, -6.743677, -1.7433015]"
the chief threw the anchor to him .,a reader fed you a meal .,PD,DO,THROW,FEED,THE,A,to,to,-44.37812042236328,"[-3.5498717, -7.945818, -11.975757, -7.7635756, -2.3441792, -8.557399, -2.2415204]"
the chief threw the anchor to you .,a brother made a guitar for me .,PD,PD,THROW,MAKE,THE,A,to,for,-36.36738586425781,"[-3.5486717, -8.847976, -6.789285, -0.86393034, -10.287676, -2.4971235, -2.601243, -0.93148315]"
the chief threw the anchor to you .,a brother made me a guitar .,PD,DO,THROW,MAKE,THE,A,to,for,-35.59648513793945,"[-3.5486717, -8.847976, -6.789285, -5.075173, -1.7123733, -8.565901, -1.0571067]"
the chief threw the beer to you .,a partner fed a cheese to me .,PD,PD,THROW,FEED,THE,A,to,to,-41.01813507080078,"[-3.549458, -9.873268, -12.438057, -1.6934845, -8.413368, -0.7797185, -3.4609013, -0.80987924]"
the chief threw the beer to you .,a partner fed me a cheese .,PD,DO,THROW,FEED,THE,A,to,to,-39.36732482910156,"[-3.549458, -9.873268, -12.438057, -3.4946597, -1.0178472, -6.468681, -2.525355]"
the chief threw the button to them .,an uncle brought an anchor to you .,PD,PD,THROW,BRING,THE,A,to,to,-43.026466369628906,"[-5.6978493, -8.131832, -8.09924, -4.484975, -8.3032255, -0.46668082, -6.8221636, -1.0205011]"
the chief threw the button to them .,an uncle brought you an anchor .,PD,DO,THROW,BRING,THE,A,to,to,-43.63517379760742,"[-5.6978493, -8.131832, -8.09924, -5.8937273, -3.608954, -9.841111, -2.3624613]"
the chief threw the chocolate to it .,a cop delivered a salad for her .,PD,PD,THROW,DELIVER,THE,A,to,for,-40.64691925048828,"[-3.5733976, -8.256936, -9.670258, -0.7599665, -9.88665, -3.936932, -2.85437, -1.7084073]"
the chief threw the chocolate to it .,a cop delivered her a salad .,PD,DO,THROW,DELIVER,THE,A,to,for,-39.961360931396484,"[-3.5733976, -8.256936, -9.670258, -4.608772, -4.061805, -8.498898, -1.2912955]"
the chief threw the chocolate to us .,an actor delivered a beer for her .,PD,PD,THROW,DELIVER,THE,A,to,for,-42.68901824951172,"[-5.6508203, -6.9597282, -9.769927, -0.72200215, -8.564672, -4.2396245, -3.984462, -2.7977815]"
the chief threw the chocolate to us .,an actor delivered her a beer .,PD,DO,THROW,DELIVER,THE,A,to,for,-41.72581481933594,"[-5.6508203, -6.9597282, -9.769927, -5.2143793, -6.052044, -6.285731, -1.7931865]"
the chief threw the chocolate to you .,a nurse fed a candy to her .,PD,PD,THROW,FEED,THE,A,to,to,-38.503204345703125,"[-3.5701573, -7.689172, -9.873338, -1.3525481, -8.138952, -0.45422268, -2.245426, -5.17939]"
the chief threw the chocolate to you .,a nurse fed her a candy .,PD,DO,THROW,FEED,THE,A,to,to,-34.50260925292969,"[-3.5701573, -7.689172, -9.873338, -2.9650893, -1.9966707, -5.8990383, -2.5091429]"
the chief threw the juice to you .,a mayor fed a chicken to them .,PD,PD,THROW,FEED,THE,A,to,to,-41.764251708984375,"[-3.5723166, -10.18128, -11.244656, -1.9981296, -4.905538, -0.9291731, -7.9614887, -0.97167015]"
the chief threw the juice to you .,a mayor fed them a chicken .,PD,DO,THROW,FEED,THE,A,to,to,-39.74232482910156,"[-3.5723166, -10.18128, -11.244656, -5.8999815, -1.9853789, -5.110893, -1.7478201]"
the chief threw the meal to you .,a nurse supplied a coffee to us .,PD,PD,THROW,SUPPLY,THE,A,to,to,-37.00447082519531,"[-3.576631, -7.6136293, -11.093845, -2.416594, -6.308215, -0.4382752, -4.8097878, -0.7474956]"
the chief threw the meal to you .,a nurse supplied us a coffee .,PD,DO,THROW,SUPPLY,THE,A,to,to,-38.423683166503906,"[-3.576631, -7.6136293, -11.093845, -4.846495, -4.716047, -5.017869, -1.5591655]"
the chief threw the newspaper to him .,a kid caught a hat for you .,PD,PD,THROW,CATCH,THE,A,to,for,-45.86565017700195,"[-3.5856726, -9.1565075, -6.2665677, -4.2257485, -7.9810886, -6.8915086, -6.715616, -1.042939]"
the chief threw the newspaper to him .,a kid caught you a hat .,PD,DO,THROW,CATCH,THE,A,to,for,-42.52863311767578,"[-3.5856726, -9.1565075, -6.2665677, -8.799414, -5.4613867, -7.8312817, -1.4278032]"
the chief threw them the button .,an uncle brought an anchor to you .,DO,PD,THROW,BRING,THE,A,to,to,-43.46343231201172,"[-5.711186, -8.094622, -7.427337, -4.7257643, -7.988163, -0.8864031, -7.6106524, -1.0193048]"
the chief threw them the button .,an uncle brought you an anchor .,DO,DO,THROW,BRING,THE,A,to,to,-41.95995330810547,"[-5.711186, -8.094622, -7.427337, -5.491906, -3.6854105, -9.57914, -1.9703497]"
the chief threw us the chocolate .,an actor delivered a beer for her .,DO,PD,THROW,DELIVER,THE,A,to,for,-41.07746505737305,"[-5.6565685, -6.8445435, -9.615069, -0.84986323, -8.533897, -3.621079, -3.4260635, -2.530381]"
the chief threw us the chocolate .,an actor delivered her a beer .,DO,DO,THROW,DELIVER,THE,A,to,for,-39.36466598510742,"[-5.6565685, -6.8445435, -9.615069, -4.91212, -5.4645805, -5.7621584, -1.1096245]"
the chief threw you the anchor .,a brother made a guitar for me .,DO,PD,THROW,MAKE,THE,A,to,for,-36.965911865234375,"[-3.5637903, -8.8447695, -6.701094, -0.97235584, -10.342738, -2.7197495, -2.8557482, -0.96566534]"
the chief threw you the anchor .,a brother made me a guitar .,DO,DO,THROW,MAKE,THE,A,to,for,-35.82655334472656,"[-3.5637903, -8.8447695, -6.701094, -4.505725, -2.0086753, -9.332264, -0.87023544]"
the chief threw you the beer .,a partner fed a cheese to me .,DO,PD,THROW,FEED,THE,A,to,to,-45.0344123840332,"[-3.576603, -9.78561, -12.179412, -1.9220524, -9.357958, -2.4689317, -4.8157635, -0.9280834]"
the chief threw you the beer .,a partner fed me a cheese .,DO,DO,THROW,FEED,THE,A,to,to,-37.982513427734375,"[-3.576603, -9.78561, -12.179412, -2.8714218, -1.2362039, -6.5247993, -1.8084625]"
the chief threw you the chocolate .,a nurse fed a candy to her .,DO,PD,THROW,FEED,THE,A,to,to,-42.1282958984375,"[-3.5911818, -7.5644026, -9.74985, -1.4383729, -8.9390745, -1.8642809, -2.396815, -6.5843163]"
the chief threw you the chocolate .,a nurse fed her a candy .,DO,DO,THROW,FEED,THE,A,to,to,-33.65388107299805,"[-3.5911818, -7.5644026, -9.74985, -2.6782238, -2.8282049, -5.6679254, -1.5740936]"
the chief threw you the juice .,a mayor fed a chicken to them .,DO,PD,THROW,FEED,THE,A,to,to,-43.90044403076172,"[-3.5787158, -10.035704, -10.836521, -2.2553487, -5.071928, -2.1810906, -8.780406, -1.1607274]"
the chief threw you the juice .,a mayor fed them a chicken .,DO,DO,THROW,FEED,THE,A,to,to,-39.606197357177734,"[-3.5787158, -10.035704, -10.836521, -5.942265, -2.2100413, -5.3310795, -1.67187]"
the chief threw you the meal .,a nurse supplied a coffee to us .,DO,PD,THROW,SUPPLY,THE,A,to,to,-40.59709548950195,"[-3.6010866, -7.5318694, -11.062791, -2.3697853, -7.056407, -0.99172527, -6.951259, -1.0321717]"
the chief threw you the meal .,a nurse supplied us a coffee .,DO,DO,THROW,SUPPLY,THE,A,to,to,-37.416053771972656,"[-3.6010866, -7.5318694, -11.062791, -4.243145, -4.747377, -5.0019894, -1.2277954]"
the chief took him the hat .,an uncle made a flower for it .,DO,PD,TAKE,MAKE,THE,A,to,for,-39.976280212402344,"[-5.6906996, -8.273838, -6.6370783, -1.2021692, -8.95886, -2.5203004, -5.9392066, -0.7541291]"
the chief took him the hat .,an uncle made it a flower .,DO,DO,TAKE,MAKE,THE,A,to,for,-38.606773376464844,"[-5.6906996, -8.273838, -6.6370783, -3.1759145, -3.2809415, -10.302754, -1.2455497]"
the chief took it the telephone .,a parent kept a juice for him .,DO,PD,TAKE,KEEP,THE,A,to,for,-48.751953125,"[-3.5260315, -8.089851, -9.009373, -1.4710022, -13.492493, -5.770478, -5.896397, -1.4963273]"
the chief took it the telephone .,a parent kept him a juice .,DO,DO,TAKE,KEEP,THE,A,to,for,-44.660499572753906,"[-3.5260315, -8.089851, -9.009373, -5.1183286, -4.585533, -10.869302, -3.4620805]"
the chief took me the telephone .,a guy fed a chocolate to us .,DO,PD,TAKE,FEED,THE,A,to,to,-42.68802261352539,"[-3.5572162, -7.7670727, -10.606812, -2.0144255, -6.5794086, -5.175809, -5.5710444, -1.4162353]"
the chief took me the telephone .,a guy fed us a chocolate .,DO,DO,TAKE,FEED,THE,A,to,to,-37.65898895263672,"[-3.5572162, -7.7670727, -10.606812, -4.8146496, -1.4505615, -5.56214, -3.9005392]"
the chief took me the telephone .,an aunt caught a computer for you .,DO,PD,TAKE,CATCH,THE,A,to,for,-46.65148162841797,"[-5.6625094, -8.377862, -8.92205, -2.6148174, -8.758687, -4.5111065, -6.761546, -1.0429016]"
the chief took me the telephone .,an aunt caught you a computer .,DO,DO,TAKE,CATCH,THE,A,to,for,-42.71702194213867,"[-5.6625094, -8.377862, -8.92205, -6.2546606, -3.8951638, -8.13908, -1.4656942]"
the chief took the bell to us .,an attorney designed a flower for you .,PD,PD,TAKE,DESIGN,THE,A,to,for,-42.077369689941406,"[-5.6924343, -5.7509775, -11.719954, -1.3885192, -9.692158, -2.2363732, -4.901864, -0.69509125]"
the chief took the bell to us .,an attorney designed you a flower .,PD,DO,TAKE,DESIGN,THE,A,to,for,-45.1044921875,"[-5.6924343, -5.7509775, -11.719954, -8.971885, -2.3464985, -9.270763, -1.351983]"
the chief took the hat to him .,an uncle made a flower for it .,PD,PD,TAKE,MAKE,THE,A,to,for,-40.11729431152344,"[-5.700634, -8.350254, -7.150421, -0.8720076, -9.210326, -2.5834203, -5.5547695, -0.69546205]"
the chief took the hat to him .,an uncle made it a flower .,PD,DO,TAKE,MAKE,THE,A,to,for,-40.3814697265625,"[-5.700634, -8.350254, -7.150421, -3.1510603, -2.7413402, -11.871859, -1.4158999]"
the chief took the hat to them .,a brother kept a chicken for me .,PD,PD,TAKE,KEEP,THE,A,to,for,-38.98332214355469,"[-3.4887304, -9.05028, -9.213679, -1.5228846, -6.495612, -3.6913028, -4.499147, -1.021686]"
the chief took the hat to them .,a brother kept me a chicken .,PD,DO,TAKE,KEEP,THE,A,to,for,-39.97152328491211,"[-3.4887304, -9.05028, -9.213679, -5.4161015, -4.4989457, -7.039155, -1.2646294]"
the chief took the telephone to it .,a parent kept a juice for him .,PD,PD,TAKE,KEEP,THE,A,to,for,-47.58180618286133,"[-3.5180612, -8.187284, -8.929003, -1.3598621, -12.923212, -5.4540725, -5.698366, -1.5119456]"
the chief took the telephone to it .,a parent kept him a juice .,PD,DO,TAKE,KEEP,THE,A,to,for,-45.19668197631836,"[-3.5180612, -8.187284, -8.929003, -5.381008, -4.863831, -10.773627, -3.543867]"
the chief took the telephone to me .,a guy fed a chocolate to us .,PD,PD,TAKE,FEED,THE,A,to,to,-40.44554901123047,"[-3.5186682, -7.838531, -10.714695, -1.557993, -6.573532, -4.2506366, -4.9729767, -1.0185144]"
the chief took the telephone to me .,a guy fed us a chocolate .,PD,DO,TAKE,FEED,THE,A,to,to,-37.38222122192383,"[-3.5186682, -7.838531, -10.714695, -5.268037, -1.1790152, -5.08718, -3.7760959]"
the chief took the telephone to me .,an aunt caught a computer for you .,PD,PD,TAKE,CATCH,THE,A,to,for,-45.65637969970703,"[-5.6956787, -8.631722, -8.880159, -1.950083, -8.930433, -4.4150357, -6.1922755, -0.9609951]"
the chief took the telephone to me .,an aunt caught you a computer .,PD,DO,TAKE,CATCH,THE,A,to,for,-46.64013671875,"[-5.6956787, -8.631722, -8.880159, -6.7142744, -4.9954515, -9.913958, -1.8088913]"
the chief took the telephone to us .,a lady threw a ball to you .,PD,PD,TAKE,THROW,THE,A,to,to,-34.00811767578125,"[-3.5194206, -8.551399, -7.382141, -0.6198963, -4.1421247, -3.0105915, -5.875973, -0.9065733]"
the chief took the telephone to us .,a lady threw you a ball .,PD,DO,TAKE,THROW,THE,A,to,to,-35.44793701171875,"[-3.5194206, -8.551399, -7.382141, -8.5891485, -0.575187, -5.3248053, -1.5058371]"
the chief took them the hat .,a brother kept a chicken for me .,DO,PD,TAKE,KEEP,THE,A,to,for,-38.41777038574219,"[-3.5418553, -9.009813, -8.818714, -1.8093423, -6.6103554, -3.5606487, -4.0277567, -1.0392843]"
the chief took them the hat .,a brother kept me a chicken .,DO,DO,TAKE,KEEP,THE,A,to,for,-36.988128662109375,"[-3.5418553, -9.009813, -8.818714, -4.7885885, -3.5943098, -6.059132, -1.1757174]"
the chief took us the bell .,an attorney designed a flower for you .,DO,PD,TAKE,DESIGN,THE,A,to,for,-42.55974578857422,"[-5.7057, -5.6226926, -11.579079, -1.6814668, -9.6947155, -2.2364497, -5.246234, -0.7934103]"
the chief took us the bell .,an attorney designed you a flower .,DO,DO,TAKE,DESIGN,THE,A,to,for,-43.233402252197266,"[-5.7057, -5.6226926, -11.579079, -8.140093, -2.0775545, -9.0779705, -1.0303133]"
the chief took us the telephone .,a lady threw a ball to you .,DO,PD,TAKE,THROW,THE,A,to,to,-35.37640380859375,"[-3.5341465, -8.513292, -7.326763, -0.7566946, -4.0857983, -3.3486063, -6.7288713, -1.0822282]"
the chief took us the telephone .,a lady threw you a ball .,DO,DO,TAKE,THROW,THE,A,to,to,-34.28346252441406,"[-3.5341465, -8.513292, -7.326763, -8.078674, -0.44211596, -5.1540656, -1.2344041]"
the child bought him the bell .,an uncle made a cigarette for me .,DO,PD,BUY,MAKE,THE,A,for,for,-35.46743392944336,"[-5.65819, -7.873267, -6.3096066, -1.370974, -7.9529552, -3.6932015, -1.9528962, -0.6563432]"
the child bought him the bell .,an uncle made me a cigarette .,DO,DO,BUY,MAKE,THE,A,for,for,-31.707706451416016,"[-5.65819, -7.873267, -6.3096066, -2.96563, -1.8266976, -6.65886, -0.41545704]"
the child bought him the bell .,a bishop delivered a salad for her .,DO,PD,BUY,DELIVER,THE,A,for,for,-46.38732147216797,"[-3.5988626, -9.362039, -8.201492, -0.8999899, -16.091522, -2.4828484, -3.9238346, -1.826732]"
the child bought him the bell .,a bishop delivered her a salad .,DO,DO,BUY,DELIVER,THE,A,for,for,-43.15367126464844,"[-3.5988626, -9.362039, -8.201492, -5.9211082, -1.5813411, -13.444052, -1.0447751]"
the child bought me the pot .,a mother caught an engine for us .,DO,PD,BUY,CATCH,THE,A,for,for,-43.96601867675781,"[-3.5787573, -6.114581, -6.6855097, -4.7102523, -8.184251, -5.4718823, -8.424032, -0.796753]"
the child bought me the pot .,a mother caught us an engine .,DO,DO,BUY,CATCH,THE,A,for,for,-40.26735305786133,"[-3.5787573, -6.114581, -6.6855097, -6.1921115, -7.6582327, -8.854338, -1.183822]"
the child bought the bell for him .,an uncle made a cigarette for me .,PD,PD,BUY,MAKE,THE,A,for,for,-34.722267150878906,"[-5.6689024, -7.9211617, -6.5754476, -0.9772376, -8.121342, -2.6787007, -2.2232378, -0.556239]"
the child bought the bell for him .,an uncle made me a cigarette .,PD,DO,BUY,MAKE,THE,A,for,for,-33.06182861328125,"[-5.6689024, -7.9211617, -6.5754476, -3.7446518, -1.6534679, -6.81839, -0.67980754]"
the child bought the bell for him .,a bishop delivered a salad for her .,PD,PD,BUY,DELIVER,THE,A,for,for,-45.07554244995117,"[-3.5776227, -9.544427, -8.367804, -0.8578292, -16.121323, -1.5971429, -3.996196, -1.0131965]"
the child bought the bell for him .,a bishop delivered her a salad .,PD,DO,BUY,DELIVER,THE,A,for,for,-43.36893081665039,"[-3.5776227, -9.544427, -8.367804, -6.411278, -0.94174826, -13.198504, -1.327548]"
the child bought the bell for us .,a president promised a tea to it .,PD,PD,BUY,PROMISE,THE,A,for,to,-46.055030822753906,"[-3.5766444, -9.562397, -7.9890814, -2.5687664, -10.126691, -3.4060254, -8.027159, -0.79826707]"
the child bought the bell for us .,a president promised it a tea .,PD,DO,BUY,PROMISE,THE,A,for,to,-43.57780456542969,"[-3.5766444, -9.562397, -7.9890814, -5.2281547, -5.8899755, -9.694433, -1.637119]"
the child bought the bell for you .,a scientist delivered a wire for them .,PD,PD,BUY,DELIVER,THE,A,for,for,-42.488121032714844,"[-3.5610237, -8.040175, -9.849867, -0.7009842, -9.674513, -2.9901085, -6.548197, -1.1232544]"
the child bought the bell for you .,a scientist delivered them a wire .,PD,DO,BUY,DELIVER,THE,A,for,for,-42.99493408203125,"[-3.5610237, -8.040175, -9.849867, -7.3544397, -3.187063, -9.067196, -1.9351666]"
the child bought the pot for me .,a mother caught an engine for us .,PD,PD,BUY,CATCH,THE,A,for,for,-40.2373046875,"[-3.5481606, -5.891407, -6.715679, -4.5427895, -8.67938, -5.3551335, -4.812899, -0.69185495]"
the child bought the pot for me .,a mother caught us an engine .,PD,DO,BUY,CATCH,THE,A,for,for,-42.77757263183594,"[-3.5481606, -5.891407, -6.715679, -8.220489, -7.009593, -9.285183, -2.1070588]"
the child bought us the bell .,a president promised a tea to it .,DO,PD,BUY,PROMISE,THE,A,for,to,-46.6841926574707,"[-3.5980728, -9.429727, -8.24895, -2.7061613, -10.03416, -3.6998715, -7.91934, -1.0479099]"
the child bought us the bell .,a president promised it a tea .,DO,DO,BUY,PROMISE,THE,A,for,to,-42.84423065185547,"[-3.5980728, -9.429727, -8.24895, -5.0296345, -5.952375, -9.366735, -1.2187349]"
the child bought you the bell .,a scientist delivered a wire for them .,DO,PD,BUY,DELIVER,THE,A,for,for,-43.29588317871094,"[-3.581078, -7.9048014, -9.717632, -0.8245724, -10.035477, -3.6189456, -6.450013, -1.1633636]"
the child bought you the bell .,a scientist delivered them a wire .,DO,DO,BUY,DELIVER,THE,A,for,for,-40.703834533691406,"[-3.581078, -7.9048014, -9.717632, -6.7115946, -2.930122, -8.893246, -0.96536076]"
the child brought the beer to them .,a winner sent a meal to you .,PD,PD,BRING,SEND,THE,A,to,to,-41.11485290527344,"[-3.474648, -10.917573, -8.695232, -1.9437032, -9.452229, -0.3613449, -5.493189, -0.77693075]"
the child brought the beer to them .,a winner sent you a meal .,PD,DO,BRING,SEND,THE,A,to,to,-38.82025146484375,"[-3.474648, -10.917573, -8.695232, -4.7742887, -0.7620955, -8.675577, -1.5208378]"
the child brought the machine to them .,a brother found a motor for me .,PD,PD,BRING,FIND,THE,A,to,for,-45.52217102050781,"[-3.481068, -8.9686775, -6.9981356, -1.0817463, -8.266094, -6.455056, -8.535791, -1.7356032]"
the child brought the machine to them .,a brother found me a motor .,PD,DO,BRING,FIND,THE,A,to,for,-43.4739875793457,"[-3.481068, -8.9686775, -6.9981356, -7.241288, -2.473343, -9.330894, -4.98058]"
the child brought the machine to us .,a soldier promised a pie to me .,PD,PD,BRING,PROMISE,THE,A,to,to,-41.85674285888672,"[-3.4730859, -7.407077, -11.621377, -2.2425733, -10.26767, -1.0741485, -4.6065154, -1.1642951]"
the child brought the machine to us .,a soldier promised me a pie .,PD,DO,BRING,PROMISE,THE,A,to,to,-39.712242126464844,"[-3.4730859, -7.407077, -11.621377, -5.012567, -1.4143322, -9.463621, -1.3201852]"
the child brought the machine to you .,a champion sold a meal to her .,PD,PD,BRING,SELL,THE,A,to,to,-43.20714569091797,"[-3.4719095, -9.833546, -10.563426, -1.5043737, -9.260475, -0.9134737, -3.4931717, -4.1667705]"
the child brought the machine to you .,a champion sold her a meal .,PD,DO,BRING,SELL,THE,A,to,to,-45.38302993774414,"[-3.4719095, -9.833546, -10.563426, -3.6241236, -6.579968, -8.899805, -2.4102511]"
the child brought the pie to us .,an attorney delivered a chocolate for her .,PD,PD,BRING,DELIVER,THE,A,to,for,-47.349273681640625,"[-5.6812882, -5.8050437, -11.24316, -0.7057727, -10.9640665, -6.380926, -2.8994122, -3.6696057]"
the child brought the pie to us .,an attorney delivered her a chocolate .,PD,DO,BRING,DELIVER,THE,A,to,for,-49.925697326660156,"[-5.6812882, -5.8050437, -11.24316, -4.4935308, -7.461462, -9.143598, -6.0976167]"
the child brought the salad to you .,a lawyer left a hat for us .,PD,PD,BRING,LEAVE,THE,A,to,for,-45.3226318359375,"[-3.502918, -7.123767, -8.98995, -1.2759949, -9.419268, -4.9201026, -8.1886, -1.9020296]"
the child brought the salad to you .,a lawyer left us a hat .,PD,DO,BRING,LEAVE,THE,A,to,for,-40.24505615234375,"[-3.502918, -7.123767, -8.98995, -7.758103, -1.3757443, -9.482009, -2.0125675]"
the child brought them the beer .,a winner sent a meal to you .,DO,PD,BRING,SEND,THE,A,to,to,-43.87922668457031,"[-3.5328221, -10.894547, -8.536906, -2.4684067, -10.17499, -0.5888698, -6.7808228, -0.9018624]"
the child brought them the beer .,a winner sent you a meal .,DO,DO,BRING,SEND,THE,A,to,to,-38.32767868041992,"[-3.5328221, -10.894547, -8.536906, -4.7671776, -1.0446253, -8.499096, -1.0525043]"
the child brought them the machine .,a brother found a motor for me .,DO,PD,BRING,FIND,THE,A,to,for,-44.87649154663086,"[-3.5225854, -8.841241, -6.719968, -1.1646092, -8.10597, -5.9919505, -8.825002, -1.705165]"
the child brought them the machine .,a brother found me a motor .,DO,DO,BRING,FIND,THE,A,to,for,-39.74917984008789,"[-3.5225854, -8.841241, -6.719968, -7.14816, -1.1001674, -8.237022, -4.1800365]"
the child brought us the machine .,a soldier promised a pie to me .,DO,PD,BRING,PROMISE,THE,A,to,to,-42.86564636230469,"[-3.4801097, -7.4206667, -11.367831, -2.1701624, -10.023769, -1.6117972, -5.2698135, -1.5214975]"
the child brought us the machine .,a soldier promised me a pie .,DO,DO,BRING,PROMISE,THE,A,to,to,-38.63195037841797,"[-3.4801097, -7.4206667, -11.367831, -4.4718084, -1.2031323, -9.496793, -1.1916082]"
the child brought us the pie .,an attorney delivered a chocolate for her .,DO,PD,BRING,DELIVER,THE,A,to,for,-46.64982604980469,"[-5.6773214, -5.6103134, -11.365187, -0.727715, -11.2123, -6.1214542, -2.7757335, -3.1598017]"
the child brought us the pie .,an attorney delivered her a chocolate .,DO,DO,BRING,DELIVER,THE,A,to,for,-48.221866607666016,"[-5.6773214, -5.6103134, -11.365187, -4.2322965, -7.5534897, -8.953722, -4.8295393]"
the child brought you the machine .,a champion sold a meal to her .,DO,PD,BRING,SELL,THE,A,to,to,-44.433631896972656,"[-3.4796472, -9.750286, -10.394724, -1.5826347, -9.755648, -1.4067962, -3.514542, -4.5493536]"
the child brought you the machine .,a champion sold her a meal .,DO,DO,BRING,SELL,THE,A,to,to,-44.807167053222656,"[-3.4796472, -9.750286, -10.394724, -3.3704622, -6.397177, -9.245981, -2.1688888]"
the child brought you the salad .,a lawyer left a hat for us .,DO,PD,BRING,LEAVE,THE,A,to,for,-44.78044128417969,"[-3.5129771, -7.1321554, -9.020245, -1.3971198, -9.302565, -5.0808563, -7.778658, -1.5558662]"
the child brought you the salad .,a lawyer left us a hat .,DO,DO,BRING,LEAVE,THE,A,to,for,-38.29310607910156,"[-3.5129771, -7.1321554, -9.020245, -6.7782106, -1.3836347, -9.0884075, -1.377476]"
the child caught it the ball .,a reader took a newspaper to me .,DO,PD,CATCH,TAKE,THE,A,for,to,-43.228485107421875,"[-3.5026436, -7.663878, -6.6274014, -2.036902, -10.782139, -3.535837, -6.9212775, -2.1584105]"
the child caught it the ball .,a reader took me a newspaper .,DO,DO,CATCH,TAKE,THE,A,for,to,-39.35496520996094,"[-3.5026436, -7.663878, -6.6274014, -3.7208657, -1.09089, -11.662827, -5.0864573]"
the child caught me the ball .,an opponent fed a chicken to you .,DO,PD,CATCH,FEED,THE,A,for,to,-41.0322265625,"[-5.6605453, -8.112816, -12.287807, -1.7751273, -3.5927413, -2.042221, -6.3093767, -1.25159]"
the child caught me the ball .,an opponent fed you a chicken .,DO,DO,CATCH,FEED,THE,A,for,to,-37.259700775146484,"[-5.6605453, -8.112816, -12.287807, -4.149803, -1.0255673, -4.55591, -1.467252]"
the child caught the ball for it .,a reader took a newspaper to me .,PD,PD,CATCH,TAKE,THE,A,for,to,-44.2132453918457,"[-3.5235856, -7.57763, -6.4668117, -2.149103, -10.829157, -4.067372, -7.3090324, -2.2905564]"
the child caught the ball for it .,a reader took me a newspaper .,PD,DO,CATCH,TAKE,THE,A,for,to,-40.454010009765625,"[-3.5235856, -7.57763, -6.4668117, -3.9250734, -1.1902232, -11.766214, -6.004468]"
the child caught the ball for me .,an opponent fed a chicken to you .,PD,PD,CATCH,FEED,THE,A,for,to,-41.09027862548828,"[-5.68097, -8.129964, -12.603072, -1.7614712, -3.9066043, -1.9577485, -5.816409, -1.2340388]"
the child caught the ball for me .,an opponent fed you a chicken .,PD,DO,CATCH,FEED,THE,A,for,to,-39.42464065551758,"[-5.68097, -8.129964, -12.603072, -4.841559, -1.33703, -4.989674, -1.8423717]"
the child caught the ball for them .,a guy showed a beer to you .,PD,PD,CATCH,SHOW,THE,A,for,to,-39.91016387939453,"[-3.5050366, -7.4485235, -7.6241436, -3.7449663, -7.898867, -2.8475397, -5.6299205, -1.2111671]"
the child caught the ball for them .,a guy showed you a beer .,PD,DO,CATCH,SHOW,THE,A,for,to,-34.264564514160156,"[-3.5050366, -7.4485235, -7.6241436, -5.214372, -1.3525898, -7.475828, -1.6440699]"
the child caught the ball for us .,a woman kept a juice for you .,PD,PD,CATCH,KEEP,THE,A,for,for,-41.94728469848633,"[-3.510713, -4.0020375, -8.793155, -1.3850799, -12.406197, -5.193914, -5.6362276, -1.0199617]"
the child caught the ball for us .,a woman kept you a juice .,PD,DO,CATCH,KEEP,THE,A,for,for,-43.63988494873047,"[-3.510713, -4.0020375, -8.793155, -6.8060517, -5.534952, -12.069061, -2.9239159]"
the child caught the key for us .,a parent supplied a cheese to him .,PD,PD,CATCH,SUPPLY,THE,A,for,to,-46.65315246582031,"[-3.4993222, -7.8607244, -11.503412, -1.7173787, -12.094736, -2.0633194, -6.375717, -1.5385406]"
the child caught the key for us .,a parent supplied him a cheese .,PD,DO,CATCH,SUPPLY,THE,A,for,to,-45.71656036376953,"[-3.4993222, -7.8607244, -11.503412, -5.8708353, -3.2777853, -10.2739105, -3.4305716]"
the child caught the key for you .,a reader made a television for us .,PD,PD,CATCH,MAKE,THE,A,for,for,-38.08333969116211,"[-3.4955974, -7.634838, -6.102481, -1.089025, -12.6060915, -3.7875504, -2.1789253, -1.1888317]"
the child caught the key for you .,a reader made us a television .,PD,DO,CATCH,MAKE,THE,A,for,for,-41.291805267333984,"[-3.4955974, -7.634838, -6.102481, -6.3260217, -0.9493134, -11.8209305, -4.9626217]"
the child caught them the ball .,a guy showed a beer to you .,DO,PD,CATCH,SHOW,THE,A,for,to,-39.99083709716797,"[-3.4924533, -7.529278, -7.548153, -3.4400506, -7.8752203, -2.3945189, -6.238876, -1.4722874]"
the child caught them the ball .,a guy showed you a beer .,DO,DO,CATCH,SHOW,THE,A,for,to,-33.89210510253906,"[-3.4924533, -7.529278, -7.548153, -5.20941, -1.2296888, -7.3700285, -1.5130912]"
the child caught us the ball .,a woman kept a juice for you .,DO,PD,CATCH,KEEP,THE,A,for,for,-44.28668212890625,"[-3.498083, -3.9599874, -8.865381, -1.5841563, -12.849369, -5.4722733, -6.612643, -1.4447888]"
the child caught us the ball .,a woman kept you a juice .,DO,DO,CATCH,KEEP,THE,A,for,for,-39.852821350097656,"[-3.498083, -3.9599874, -8.865381, -5.6084366, -4.376813, -11.290926, -2.2531958]"
the child caught us the key .,a parent supplied a cheese to him .,DO,PD,CATCH,SUPPLY,THE,A,for,to,-46.92694854736328,"[-3.510176, -7.858984, -11.710373, -1.7415458, -12.078497, -2.0823123, -6.2985325, -1.6465297]"
the child caught us the key .,a parent supplied him a cheese .,DO,DO,CATCH,SUPPLY,THE,A,for,to,-44.04176712036133,"[-3.510176, -7.858984, -11.710373, -5.4185314, -2.211503, -10.639597, -2.6926026]"
the child caught you the key .,a reader made a television for us .,DO,PD,CATCH,MAKE,THE,A,for,for,-38.85627746582031,"[-3.5045981, -7.512017, -6.072942, -0.96147263, -12.569283, -4.375206, -2.3510172, -1.5097418]"
the child caught you the key .,a reader made us a television .,DO,DO,CATCH,MAKE,THE,A,for,for,-40.29149627685547,"[-3.5045981, -7.512017, -6.072942, -5.7979193, -0.7378917, -11.959552, -4.7065754]"
the child delivered her the coffee .,a minister caught a newspaper for us .,DO,PD,DELIVER,CATCH,THE,A,for,for,-53.119911193847656,"[-3.571842, -9.175856, -8.356357, -4.573057, -8.20389, -6.31569, -10.844415, -2.0788062]"
the child delivered her the coffee .,a minister caught us a newspaper .,DO,DO,DELIVER,CATCH,THE,A,for,for,-48.1495361328125,"[-3.571842, -9.175856, -8.356357, -7.544468, -5.0858235, -9.934894, -4.480298]"
the child delivered her the coffee .,a secretary promised a meal to me .,DO,PD,DELIVER,PROMISE,THE,A,for,to,-44.19622039794922,"[-3.571842, -10.368135, -9.419775, -2.471407, -8.149735, -2.3763309, -6.0935516, -1.7454418]"
the child delivered her the coffee .,a secretary promised me a meal .,DO,DO,DELIVER,PROMISE,THE,A,for,to,-37.607994079589844,"[-3.571842, -10.368135, -9.419775, -5.7487373, -1.6038828, -5.109933, -1.785686]"
the child delivered the coffee for her .,a minister caught a newspaper for us .,PD,PD,DELIVER,CATCH,THE,A,for,for,-51.30419921875,"[-3.504661, -9.394112, -8.361678, -4.743586, -8.270826, -4.894203, -10.663765, -1.4713645]"
the child delivered the coffee for her .,a minister caught us a newspaper .,PD,DO,DELIVER,CATCH,THE,A,for,for,-48.52727508544922,"[-3.504661, -9.394112, -8.361678, -8.260173, -4.8458967, -10.4523535, -3.7084033]"
the child delivered the coffee for her .,a secretary promised a meal to me .,PD,PD,DELIVER,PROMISE,THE,A,for,to,-46.36383056640625,"[-3.504661, -10.563597, -10.015995, -2.257382, -7.923867, -3.3890026, -6.753879, -1.9554453]"
the child delivered the coffee for her .,a secretary promised me a meal .,PD,DO,DELIVER,PROMISE,THE,A,for,to,-40.64734649658203,"[-3.504661, -10.563597, -10.015995, -7.2684903, -1.4020578, -5.478814, -2.4137306]"
the child delivered the coffee for you .,an author showed a cigarette to me .,PD,PD,DELIVER,SHOW,THE,A,for,to,-40.02433776855469,"[-5.6638274, -7.398636, -9.686066, -1.7674627, -10.152782, -1.9072874, -2.1784277, -1.2698464]"
the child delivered the coffee for you .,an author showed me a cigarette .,PD,DO,DELIVER,SHOW,THE,A,for,to,-38.666099548339844,"[-5.6638274, -7.398636, -9.686066, -2.0786095, -0.90090686, -11.002199, -1.9358577]"
the child delivered you the coffee .,an author showed a cigarette to me .,DO,PD,DELIVER,SHOW,THE,A,for,to,-39.329978942871094,"[-5.683278, -7.421383, -9.519836, -2.281117, -10.022832, -1.1108053, -2.1368814, -1.1538461]"
the child delivered you the coffee .,an author showed me a cigarette .,DO,DO,DELIVER,SHOW,THE,A,for,to,-36.089202880859375,"[-5.683278, -7.421383, -9.519836, -1.4664044, -1.0614097, -9.955324, -0.98156524]"
the child designed me the television .,a son showed a glass to us .,DO,PD,DESIGN,SHOW,THE,A,for,to,-41.57904815673828,"[-3.532496, -8.0125265, -7.093136, -3.4696746, -9.094573, -2.708236, -5.792777, -1.8756293]"
the child designed me the television .,a son showed us a glass .,DO,DO,DESIGN,SHOW,THE,A,for,to,-36.575984954833984,"[-3.532496, -8.0125265, -7.093136, -3.8683953, -1.8966063, -7.9441805, -4.2286453]"
the child designed the television for me .,a son showed a glass to us .,PD,PD,DESIGN,SHOW,THE,A,for,to,-41.53465270996094,"[-3.4844556, -8.045701, -7.5721326, -2.9857695, -9.174524, -2.8917832, -5.549509, -1.8307767]"
the child designed the television for me .,a son showed us a glass .,PD,DO,DESIGN,SHOW,THE,A,for,to,-38.391029357910156,"[-3.4844556, -8.045701, -7.5721326, -3.9224284, -1.9133613, -8.2800865, -5.172864]"
the child designed the television for you .,a chief caught a newspaper for us .,PD,PD,DESIGN,CATCH,THE,A,for,for,-53.095619201660156,"[-3.4742107, -9.24038, -11.764667, -4.610247, -8.372927, -4.5209184, -9.820631, -1.2916379]"
the child designed the television for you .,a chief caught us a newspaper .,PD,DO,DESIGN,CATCH,THE,A,for,for,-50.93714141845703,"[-3.4742107, -9.24038, -11.764667, -8.855309, -4.7841797, -9.96661, -2.8517892]"
the child designed you the television .,a chief caught a newspaper for us .,DO,PD,DESIGN,CATCH,THE,A,for,for,-54.81415557861328,"[-3.489957, -9.26245, -11.624603, -4.707203, -8.428898, -5.261691, -10.354784, -1.6845675]"
the child designed you the television .,a chief caught us a newspaper .,DO,DO,DESIGN,CATCH,THE,A,for,for,-48.85706329345703,"[-3.489957, -9.26245, -11.624603, -8.298395, -4.3380857, -9.553471, -2.2901013]"
the child drew me the gun .,a chief saved a salad for it .,DO,PD,DRAW,SAVE,THE,A,for,for,-52.572410583496094,"[-3.5924487, -9.194543, -15.040577, -1.8521713, -12.655765, -2.1371875, -7.283793, -0.8159251]"
the child drew me the gun .,a chief saved it a salad .,DO,DO,DRAW,SAVE,THE,A,for,for,-52.718135833740234,"[-3.5924487, -9.194543, -15.040577, -4.4911485, -6.894906, -12.3347, -1.1698133]"
the child drew me the gun .,an employee fed a salad to him .,DO,PD,DRAW,FEED,THE,A,for,to,-40.134368896484375,"[-5.676168, -4.541298, -11.535506, -1.674561, -9.062798, -0.67067766, -5.6268883, -1.3464735]"
the child drew me the gun .,an employee fed him a salad .,DO,DO,DRAW,FEED,THE,A,for,to,-34.33000183105469,"[-5.676168, -4.541298, -11.535506, -4.0960975, -0.9427547, -6.3859935, -1.152183]"
the child drew the button for them .,a wife supplied a juice to you .,PD,PD,DRAW,SUPPLY,THE,A,for,to,-46.976810455322266,"[-3.5502634, -9.386415, -12.085361, -2.3048325, -9.41451, -1.8635136, -7.4394283, -0.93248785]"
the child drew the button for them .,a wife supplied you a juice .,PD,DO,DRAW,SUPPLY,THE,A,for,to,-47.41351318359375,"[-3.5502634, -9.386415, -12.085361, -6.3735123, -4.079275, -8.729328, -3.20936]"
the child drew the gun for me .,a chief saved a salad for it .,PD,PD,DRAW,SAVE,THE,A,for,for,-52.07618713378906,"[-3.5231652, -9.145449, -15.288561, -1.3206173, -12.8087435, -1.5533096, -7.6482415, -0.78810155]"
the child drew the gun for me .,a chief saved it a salad .,PD,DO,DRAW,SAVE,THE,A,for,for,-53.996437072753906,"[-3.5231652, -9.145449, -15.288561, -4.5882735, -6.8337383, -13.059269, -1.5579824]"
the child drew the gun for me .,an employee fed a salad to him .,PD,PD,DRAW,FEED,THE,A,for,to,-40.774749755859375,"[-5.6648135, -4.420975, -11.872122, -1.4170535, -9.05348, -0.99410903, -5.649349, -1.7028502]"
the child drew the gun for me .,an employee fed him a salad .,PD,DO,DRAW,FEED,THE,A,for,to,-36.38296890258789,"[-5.6648135, -4.420975, -11.872122, -5.3721676, -1.0433085, -6.2154965, -1.7940867]"
the child drew the gun for them .,a writer promised a coffee to us .,PD,PD,DRAW,PROMISE,THE,A,for,to,-45.289005279541016,"[-3.5118291, -8.391731, -10.392178, -2.0016246, -9.436464, -3.3457596, -6.690765, -1.518654]"
the child drew the gun for them .,a writer promised us a coffee .,PD,DO,DRAW,PROMISE,THE,A,for,to,-40.79723358154297,"[-3.5118291, -8.391731, -10.392178, -5.589604, -1.7323225, -8.798568, -2.3810008]"
the child drew them the button .,a wife supplied a juice to you .,DO,PD,DRAW,SUPPLY,THE,A,for,to,-47.40757751464844,"[-3.592562, -9.430393, -11.456527, -2.570035, -9.609673, -2.1008296, -7.4000316, -1.247528]"
the child drew them the button .,a wife supplied you a juice .,DO,DO,DRAW,SUPPLY,THE,A,for,to,-46.33921813964844,"[-3.592562, -9.430393, -11.456527, -6.238221, -3.6678634, -8.893753, -3.0598996]"
the child drew them the gun .,a writer promised a coffee to us .,DO,PD,DRAW,PROMISE,THE,A,for,to,-45.156558990478516,"[-3.5727816, -8.265635, -9.962788, -2.1894696, -9.295843, -3.4939346, -6.8547564, -1.5213519]"
the child drew them the gun .,a writer promised us a coffee .,DO,DO,DRAW,PROMISE,THE,A,for,to,-38.94805145263672,"[-3.5727816, -8.265635, -9.962788, -4.6350822, -1.8395145, -8.881446, -1.7908072]"
the child fed him the cheese .,a teacher got a salad for you .,DO,PD,FEED,GET,THE,A,to,for,-42.060089111328125,"[-3.6061125, -6.8072352, -7.71979, -1.6458182, -11.126865, -2.5934634, -7.5520463, -1.0087564]"
the child fed him the cheese .,a teacher got you a salad .,DO,DO,FEED,GET,THE,A,to,for,-37.782554626464844,"[-3.6061125, -6.8072352, -7.71979, -9.106424, -1.1225843, -8.27343, -1.1469764]"
the child fed it the cheese .,a father made a bell for me .,DO,PD,FEED,MAKE,THE,A,to,for,-36.01832580566406,"[-3.5840974, -6.5297337, -6.4175014, -0.9677855, -10.542831, -1.7727058, -5.1323023, -1.0713682]"
the child fed it the cheese .,a father made me a bell .,DO,DO,FEED,MAKE,THE,A,to,for,-35.54949951171875,"[-3.5840974, -6.5297337, -6.4175014, -5.732206, -1.5203903, -10.927521, -0.8380525]"
the child fed it the pie .,a bishop bought a beer for you .,DO,PD,FEED,BUY,THE,A,to,for,-41.38810729980469,"[-3.5839777, -9.75305, -9.97055, -0.9610814, -6.865512, -2.3132513, -7.154412, -0.78627455]"
the child fed it the pie .,a bishop bought you a beer .,DO,DO,FEED,BUY,THE,A,to,for,-36.71092987060547,"[-3.5839777, -9.75305, -9.97055, -7.4606066, -0.5329377, -4.4940944, -0.9157151]"
the child fed me the chicken .,a worker showed a salad to them .,DO,PD,FEED,SHOW,THE,A,to,to,-42.393348693847656,"[-3.5723753, -6.495902, -9.004842, -2.0273716, -10.252647, -1.9562379, -8.365765, -0.7182065]"
the child fed me the chicken .,a worker showed them a salad .,DO,DO,FEED,SHOW,THE,A,to,to,-36.6951789855957,"[-3.5723753, -6.495902, -9.004842, -5.943042, -1.0806836, -8.897776, -1.7005572]"
the child fed the cheese to him .,a teacher got a salad for you .,PD,PD,FEED,GET,THE,A,to,for,-41.275108337402344,"[-3.576696, -6.8972034, -7.9673047, -1.4927155, -10.849387, -2.6601667, -6.7562127, -1.0754187]"
the child fed the cheese to him .,a teacher got you a salad .,PD,DO,FEED,GET,THE,A,to,for,-38.81658935546875,"[-3.576696, -6.8972034, -7.9673047, -9.033205, -1.3202949, -8.468475, -1.5534097]"
the child fed the cheese to it .,a father made a bell for me .,PD,PD,FEED,MAKE,THE,A,to,for,-36.858360290527344,"[-3.5647645, -6.488746, -6.5459757, -0.87331593, -10.509289, -1.6929892, -5.6561775, -1.5271047]"
the child fed the cheese to it .,a father made me a bell .,PD,DO,FEED,MAKE,THE,A,to,for,-36.54508972167969,"[-3.5647645, -6.488746, -6.5459757, -6.3888445, -1.2702976, -11.083737, -1.2027235]"
the child fed the chicken to me .,a worker showed a salad to them .,PD,PD,FEED,SHOW,THE,A,to,to,-39.884037017822266,"[-3.5518599, -6.504586, -9.215709, -1.6742257, -10.312076, -0.84951115, -7.2175474, -0.5585234]"
the child fed the chicken to me .,a worker showed them a salad .,PD,DO,FEED,SHOW,THE,A,to,to,-38.473670959472656,"[-3.5518599, -6.504586, -9.215709, -6.001033, -1.1506381, -9.467371, -2.5824707]"
the child fed the pie to it .,a bishop bought a beer for you .,PD,PD,FEED,BUY,THE,A,to,for,-40.77400207519531,"[-3.5770507, -9.713522, -10.334298, -0.7285102, -6.302076, -2.1196258, -7.025095, -0.97382593]"
the child fed the pie to it .,a bishop bought you a beer .,PD,DO,FEED,BUY,THE,A,to,for,-37.67784118652344,"[-3.5770507, -9.713522, -10.334298, -7.9759927, -0.48868203, -4.1981483, -1.3901461]"
the child found him the flower .,an adult left a beer for you .,DO,PD,FIND,LEAVE,THE,A,for,for,-41.42799377441406,"[-5.647562, -5.722512, -8.34925, -1.8176571, -7.3294773, -4.2373705, -7.153615, -1.1705524]"
the child found him the flower .,an adult left you a beer .,DO,DO,FIND,LEAVE,THE,A,for,for,-37.42615509033203,"[-5.647562, -5.722512, -8.34925, -7.0773787, -1.8576878, -7.562917, -1.2088479]"
the child found him the flower .,an actor supplied a chocolate to it .,DO,PD,FIND,SUPPLY,THE,A,for,to,-48.32139587402344,"[-5.647562, -6.732899, -11.305773, -2.1670613, -8.872921, -4.6656594, -8.1857605, -0.7437592]"
the child found him the flower .,an actor supplied it a chocolate .,DO,DO,FIND,SUPPLY,THE,A,for,to,-47.33446502685547,"[-5.647562, -6.732899, -11.305773, -6.2791314, -6.5360003, -7.2682753, -3.5648239]"
the child found him the iron .,a singer showed a pie to you .,DO,PD,FIND,SHOW,THE,A,for,to,-48.10920333862305,"[-3.5174172, -10.537842, -9.261831, -2.9225225, -9.830569, -2.8523731, -7.3675165, -1.8191314]"
the child found him the iron .,a singer showed you a pie .,DO,DO,FIND,SHOW,THE,A,for,to,-44.24844741821289,"[-3.5174172, -10.537842, -9.261831, -6.938509, -2.4748647, -9.705448, -1.8125348]"
the child found him the tea .,a cop kept a coffee for us .,DO,PD,FIND,KEEP,THE,A,for,for,-40.13963317871094,"[-3.5434747, -8.465527, -8.095562, -1.9595698, -9.288834, -3.0156868, -4.7438965, -1.0270824]"
the child found him the tea .,a cop kept us a coffee .,DO,DO,FIND,KEEP,THE,A,for,for,-38.00185012817383,"[-3.5434747, -8.465527, -8.095562, -5.258438, -5.371452, -6.0240965, -1.2433017]"
the child found the ball for us .,a bishop delivered a salad for her .,PD,PD,FIND,DELIVER,THE,A,for,for,-47.356693267822266,"[-3.442381, -10.12739, -10.06941, -0.5367277, -15.095531, -1.5778842, -4.279388, -2.2279804]"
the child found the ball for us .,a bishop delivered her a salad .,PD,DO,FIND,DELIVER,THE,A,for,for,-49.5300178527832,"[-3.442381, -10.12739, -10.06941, -6.509531, -4.113582, -13.375724, -1.8920002]"
the child found the flower for him .,an adult left a beer for you .,PD,PD,FIND,LEAVE,THE,A,for,for,-37.89060974121094,"[-5.628843, -5.6502995, -8.4728155, -1.4270104, -7.313362, -2.408863, -5.960547, -1.0288668]"
the child found the flower for him .,an adult left you a beer .,PD,DO,FIND,LEAVE,THE,A,for,for,-38.240440368652344,"[-5.628843, -5.6502995, -8.4728155, -7.0609818, -2.0752907, -7.5890994, -1.763113]"
the child found the flower for him .,an actor supplied a chocolate to it .,PD,PD,FIND,SUPPLY,THE,A,for,to,-48.87113571166992,"[-5.628843, -6.759847, -11.335424, -2.1527662, -8.894332, -4.9016747, -8.278062, -0.9201868]"
the child found the flower for him .,an actor supplied it a chocolate .,PD,DO,FIND,SUPPLY,THE,A,for,to,-50.003173828125,"[-5.628843, -6.759847, -11.335424, -6.450817, -6.9577246, -8.247042, -4.623476]"
the child found the flower for you .,a mayor kept a wire for us .,PD,PD,FIND,KEEP,THE,A,for,for,-48.63447570800781,"[-3.4627044, -10.894311, -12.187988, -1.4295534, -10.35298, -3.4727342, -5.149512, -1.6846924]"
the child found the flower for you .,a mayor kept us a wire .,PD,DO,FIND,KEEP,THE,A,for,for,-54.30109786987305,"[-3.4627044, -10.894311, -12.187988, -7.059385, -5.832155, -12.450478, -2.4140754]"
the child found the iron for him .,a singer showed a pie to you .,PD,PD,FIND,SHOW,THE,A,for,to,-48.13493347167969,"[-3.4698465, -10.7350445, -9.647399, -2.501978, -9.967909, -2.3848932, -7.795658, -1.6322062]"
the child found the iron for him .,a singer showed you a pie .,PD,DO,FIND,SHOW,THE,A,for,to,-45.28337860107422,"[-3.4698465, -10.7350445, -9.647399, -7.006896, -2.29788, -9.8680935, -2.2582197]"
the child found the juice for them .,an uncle designed an iron for him .,PD,PD,FIND,DESIGN,THE,A,for,for,-45.03205108642578,"[-5.66082, -7.967324, -12.718463, -3.3328056, -6.6838617, -3.9054294, -3.9377904, -0.8255573]"
the child found the juice for them .,an uncle designed him an iron .,PD,DO,FIND,DESIGN,THE,A,for,for,-48.21592712402344,"[-5.66082, -7.967324, -12.718463, -7.4880857, -4.9637184, -6.17043, -3.2470844]"
the child found the tea for him .,a cop kept a coffee for us .,PD,PD,FIND,KEEP,THE,A,for,for,-38.90591049194336,"[-3.4719872, -8.624155, -8.516891, -1.2977864, -8.991616, -1.9302611, -5.111348, -0.96186435]"
the child found the tea for him .,a cop kept us a coffee .,PD,DO,FIND,KEEP,THE,A,for,for,-42.43446350097656,"[-3.4719872, -8.624155, -8.516891, -5.5507436, -5.3841357, -8.652533, -2.2340174]"
the child found them the juice .,an uncle designed an iron for him .,DO,PD,FIND,DESIGN,THE,A,for,for,-47.24439239501953,"[-5.653389, -7.8106537, -13.013892, -3.434636, -6.4208846, -5.0658255, -4.5779037, -1.2672105]"
the child found them the juice .,an uncle designed him an iron .,DO,DO,FIND,DESIGN,THE,A,for,for,-45.37959289550781,"[-5.653389, -7.8106537, -13.013892, -6.7466516, -3.3579216, -6.2129154, -2.5841684]"
the child found us the ball .,a bishop delivered a salad for her .,DO,PD,FIND,DELIVER,THE,A,for,for,-46.49928283691406,"[-3.4910717, -9.868209, -9.3689995, -0.59174174, -14.603153, -2.3091526, -3.5510378, -2.715915]"
the child found us the ball .,a bishop delivered her a salad .,DO,DO,FIND,DELIVER,THE,A,for,for,-43.8760986328125,"[-3.4910717, -9.868209, -9.3689995, -5.452037, -2.0271947, -12.394626, -1.2739594]"
the child found you the flower .,a mayor kept a wire for us .,DO,PD,FIND,KEEP,THE,A,for,for,-51.48120880126953,"[-3.4970136, -10.890793, -12.008285, -1.6138982, -10.189834, -4.4171658, -6.928754, -1.9354634]"
the child found you the flower .,a mayor kept us a wire .,DO,DO,FIND,KEEP,THE,A,for,for,-52.42104721069336,"[-3.4970136, -10.890793, -12.008285, -6.666353, -5.3462405, -12.00792, -2.0044444]"
the child gave me the cheese .,a writer purchased an iron for it .,DO,PD,GIVE,PURCHASE,THE,A,to,for,-45.34007263183594,"[-3.522574, -8.14292, -10.761894, -3.0200458, -7.8304634, -4.4314494, -6.8489075, -0.7818205]"
the child gave me the cheese .,a writer purchased it an iron .,DO,DO,GIVE,PURCHASE,THE,A,to,for,-48.7352294921875,"[-3.522574, -8.14292, -10.761894, -5.7446017, -8.501399, -9.866503, -2.1953404]"
the child gave me the newspaper .,a reader made a television for us .,DO,PD,GIVE,MAKE,THE,A,to,for,-38.32939147949219,"[-3.539134, -7.373066, -6.216815, -1.4083942, -12.466914, -3.3179512, -2.9998908, -1.0072284]"
the child gave me the newspaper .,a reader made us a television .,DO,DO,GIVE,MAKE,THE,A,to,for,-39.451622009277344,"[-3.539134, -7.373066, -6.216815, -6.5916276, -1.299941, -11.396416, -3.0346231]"
the child gave the cheese to me .,a writer purchased an iron for it .,PD,PD,GIVE,PURCHASE,THE,A,to,for,-45.40087890625,"[-3.50683, -8.314445, -10.70261, -3.0939722, -7.779643, -4.5435295, -6.683221, -0.7766279]"
the child gave the cheese to me .,a writer purchased it an iron .,PD,DO,GIVE,PURCHASE,THE,A,to,for,-49.20850372314453,"[-3.50683, -8.314445, -10.70261, -5.7133284, -8.495857, -9.883764, -2.5916688]"
the child gave the newspaper to me .,a reader made a television for us .,PD,PD,GIVE,MAKE,THE,A,to,for,-39.452754974365234,"[-3.5022795, -7.726793, -6.2693915, -1.3845825, -12.329267, -4.5190487, -2.6539717, -1.0674207]"
the child gave the newspaper to me .,a reader made us a television .,PD,DO,GIVE,MAKE,THE,A,to,for,-40.268882751464844,"[-3.5022795, -7.726793, -6.2693915, -6.8153887, -1.0359868, -11.279343, -3.639698]"
the child gave the newspaper to us .,a chief found a chocolate for me .,PD,PD,GIVE,FIND,THE,A,to,for,-46.069034576416016,"[-3.506897, -9.239747, -9.289514, -2.4606252, -9.031669, -6.2701845, -4.2956305, -1.9747672]"
the child gave the newspaper to us .,a chief found me a chocolate .,PD,DO,GIVE,FIND,THE,A,to,for,-44.326446533203125,"[-3.506897, -9.239747, -9.289514, -7.9421716, -2.2310743, -7.789918, -4.3271255]"
the child gave us the newspaper .,a chief found a chocolate for me .,DO,PD,GIVE,FIND,THE,A,to,for,-46.16145706176758,"[-3.522459, -9.225537, -9.5496855, -2.945409, -9.287448, -6.262497, -3.6295142, -1.7389076]"
the child gave us the newspaper .,a chief found me a chocolate .,DO,DO,GIVE,FIND,THE,A,to,for,-44.18816375732422,"[-3.522459, -9.225537, -9.5496855, -7.4997287, -2.344542, -7.8703246, -4.175886]"
the child got him the pie .,a brother took a key to you .,DO,PD,GET,TAKE,THE,A,for,to,-40.49425506591797,"[-3.5568414, -8.566967, -6.2154255, -2.3844347, -7.707283, -1.2991686, -9.684979, -1.0791591]"
the child got him the pie .,a brother took you a key .,DO,DO,GET,TAKE,THE,A,for,to,-39.01213836669922,"[-3.5568414, -8.566967, -6.2154255, -6.9873114, -4.6885796, -7.780177, -1.2168354]"
the child got him the tea .,a husband found a salad for it .,DO,PD,GET,FIND,THE,A,for,for,-43.516170501708984,"[-3.5467882, -8.482733, -6.921913, -1.3208637, -9.862128, -3.5161123, -8.856292, -1.0093402]"
the child got him the tea .,a husband found it a salad .,DO,DO,GET,FIND,THE,A,for,for,-38.031700134277344,"[-3.5467882, -8.482733, -6.921913, -4.099491, -3.5235205, -10.71976, -0.737493]"
the child got him the tea .,a cop kept a bowl for us .,DO,PD,GET,KEEP,THE,A,for,for,-41.992286682128906,"[-3.5467882, -8.258265, -7.4640837, -2.2105722, -9.65204, -5.4886303, -4.511812, -0.8600931]"
the child got him the tea .,a cop kept us a bowl .,DO,DO,GET,KEEP,THE,A,for,for,-43.44245147705078,"[-3.5467882, -8.258265, -7.4640837, -4.2682095, -5.0844274, -10.414228, -4.40645]"
the child got it the pie .,a guy purchased a newspaper for you .,DO,PD,GET,PURCHASE,THE,A,for,for,-39.384521484375,"[-3.5053897, -7.31974, -9.5620365, -0.63650334, -9.24167, -2.0667384, -6.174176, -0.8782685]"
the child got it the pie .,a guy purchased you a newspaper .,DO,DO,GET,PURCHASE,THE,A,for,for,-39.35801696777344,"[-3.5053897, -7.31974, -9.5620365, -7.4972525, -0.52298224, -9.877106, -1.0735078]"
the child got me the tea .,a nurse sent a juice to you .,DO,PD,GET,SEND,THE,A,for,to,-40.29238510131836,"[-3.5495315, -7.718438, -7.487994, -1.9621055, -10.930973, -1.2813071, -6.6720953, -0.68994015]"
the child got me the tea .,a nurse sent you a juice .,DO,DO,GET,SEND,THE,A,for,to,-34.92479705810547,"[-3.5495315, -7.718438, -7.487994, -5.6914167, -1.2555387, -8.207435, -1.0144457]"
the child got the pie for him .,a brother took a key to you .,PD,PD,GET,TAKE,THE,A,for,to,-39.27320861816406,"[-3.523027, -8.700229, -6.660912, -1.7692106, -7.418355, -1.0263106, -8.886527, -1.2886374]"
the child got the pie for him .,a brother took you a key .,PD,DO,GET,TAKE,THE,A,for,to,-41.624229431152344,"[-3.523027, -8.700229, -6.660912, -6.935338, -5.7540536, -7.935025, -2.1156445]"
the child got the pie for it .,a guy purchased a newspaper for you .,PD,PD,GET,PURCHASE,THE,A,for,for,-38.627620697021484,"[-3.5235572, -7.3278265, -9.476468, -0.55543363, -9.144587, -1.3442656, -6.457112, -0.7983711]"
the child got the pie for it .,a guy purchased you a newspaper .,PD,DO,GET,PURCHASE,THE,A,for,for,-39.88468933105469,"[-3.5235572, -7.3278265, -9.476468, -7.5918775, -0.51607156, -9.983818, -1.4650708]"
the child got the pie for you .,a guy purchased a juice for us .,PD,PD,GET,PURCHASE,THE,A,for,for,-39.61641311645508,"[-3.5060167, -7.382152, -9.526141, -0.5422182, -10.312873, -3.3572555, -3.9174328, -1.072324]"
the child got the pie for you .,a guy purchased us a juice .,PD,DO,GET,PURCHASE,THE,A,for,for,-40.30589294433594,"[-3.5060167, -7.382152, -9.526141, -7.3323946, -0.70402336, -9.13243, -2.7227368]"
the child got the tea for him .,a husband found a salad for it .,PD,PD,GET,FIND,THE,A,for,for,-42.1010856628418,"[-3.504253, -8.576559, -7.154605, -1.1247516, -9.595625, -2.0757174, -9.057708, -1.0118672]"
the child got the tea for him .,a husband found it a salad .,PD,DO,GET,FIND,THE,A,for,for,-38.15047836303711,"[-3.504253, -8.576559, -7.154605, -3.8990588, -3.177005, -10.643469, -1.1955271]"
the child got the tea for him .,a cop kept a bowl for us .,PD,PD,GET,KEEP,THE,A,for,for,-40.86455535888672,"[-3.504253, -8.389863, -7.66589, -1.6613052, -9.292164, -4.8730392, -4.612656, -0.8653886]"
the child got the tea for him .,a cop kept us a bowl .,PD,DO,GET,KEEP,THE,A,for,for,-45.86206817626953,"[-3.504253, -8.389863, -7.66589, -4.7228994, -5.1989746, -11.453753, -4.9264355]"
the child got the tea for me .,a nurse sent a juice to you .,PD,PD,GET,SEND,THE,A,for,to,-41.19624328613281,"[-3.502326, -7.909974, -7.74638, -1.3653271, -11.200399, -1.6209699, -6.978051, -0.8728187]"
the child got the tea for me .,a nurse sent you a juice .,PD,DO,GET,SEND,THE,A,for,to,-37.718204498291016,"[-3.502326, -7.909974, -7.74638, -6.2717466, -1.073, -9.120411, -2.0943675]"
the child got the tea for us .,a candidate brought a chocolate to you .,PD,PD,GET,BRING,THE,A,for,to,-40.95321273803711,"[-3.4980226, -8.965187, -8.420177, -1.5480721, -7.8622375, -4.584185, -4.9547515, -1.1205806]"
the child got the tea for us .,a candidate brought you a chocolate .,PD,DO,GET,BRING,THE,A,for,to,-40.68148422241211,"[-3.4980226, -8.965187, -8.420177, -6.2328367, -1.6776247, -7.1017866, -4.7858467]"
the child got the tea for us .,a scientist found a cheese for me .,PD,PD,GET,FIND,THE,A,for,for,-35.30689239501953,"[-3.4980226, -8.327755, -5.5363812, -1.1454922, -10.146405, -4.0082083, -2.0368695, -0.6077603]"
the child got the tea for us .,a scientist found me a cheese .,PD,DO,GET,FIND,THE,A,for,for,-36.45640182495117,"[-3.4980226, -8.327755, -5.5363812, -7.8833203, -0.8060646, -8.163503, -2.2413566]"
the child got the tea for us .,a professor promised a salad to you .,PD,PD,GET,PROMISE,THE,A,for,to,-43.447174072265625,"[-3.4980226, -8.020101, -10.886023, -1.9879463, -9.482358, -2.899934, -5.2950554, -1.3777353]"
the child got the tea for us .,a professor promised you a salad .,PD,DO,GET,PROMISE,THE,A,for,to,-39.37101745605469,"[-3.4980226, -8.020101, -10.886023, -5.6946926, -1.4449232, -8.191084, -1.6361691]"
the child got the tea for you .,a reader caught a box for it .,PD,PD,GET,CATCH,THE,A,for,for,-42.67987823486328,"[-3.4957116, -7.430523, -7.513265, -2.7871394, -8.794685, -3.946978, -7.87226, -0.8393161]"
the child got the tea for you .,a reader caught it a box .,PD,DO,GET,CATCH,THE,A,for,for,-41.00855255126953,"[-3.4957116, -7.430523, -7.513265, -5.379295, -5.245332, -9.752626, -2.1917999]"
the child got us the tea .,a candidate brought a chocolate to you .,DO,PD,GET,BRING,THE,A,for,to,-42.02300262451172,"[-3.542655, -8.9056835, -8.018809, -1.6270605, -8.106726, -4.60082, -6.2886667, -0.9325821]"
the child got us the tea .,a candidate brought you a chocolate .,DO,DO,GET,BRING,THE,A,for,to,-36.85167694091797,"[-3.542655, -8.9056835, -8.018809, -5.2963834, -1.8748994, -6.143368, -3.06988]"
the child got us the tea .,a scientist found a cheese for me .,DO,PD,GET,FIND,THE,A,for,for,-36.45538330078125,"[-3.542655, -8.238593, -5.49599, -1.1247735, -10.203181, -5.0524445, -1.9859482, -0.81179714]"
the child got us the tea .,a scientist found me a cheese .,DO,DO,GET,FIND,THE,A,for,for,-34.16828918457031,"[-3.542655, -8.238593, -5.49599, -6.816363, -0.76403123, -8.023842, -1.2868167]"
the child got us the tea .,a professor promised a salad to you .,DO,PD,GET,PROMISE,THE,A,for,to,-44.19396209716797,"[-3.542655, -7.897322, -10.695635, -2.3446019, -9.349577, -2.8891213, -6.260478, -1.2145739]"
the child got us the tea .,a professor promised you a salad .,DO,DO,GET,PROMISE,THE,A,for,to,-38.146141052246094,"[-3.542655, -7.897322, -10.695635, -5.5517, -1.2872255, -8.218118, -0.9534869]"
the child got you the pie .,a guy purchased a juice for us .,DO,PD,GET,PURCHASE,THE,A,for,for,-41.26976776123047,"[-3.5255299, -7.214816, -9.400911, -0.6659102, -10.125987, -4.4808702, -4.6839952, -1.1717504]"
the child got you the pie .,a guy purchased us a juice .,DO,DO,GET,PURCHASE,THE,A,for,for,-37.45579528808594,"[-3.5255299, -7.214816, -9.400911, -5.859278, -0.7748029, -9.013348, -1.6671093]"
the child got you the tea .,a reader caught a box for it .,DO,PD,GET,CATCH,THE,A,for,for,-41.85558319091797,"[-3.514183, -7.498357, -7.320689, -3.1060915, -8.663255, -4.627524, -6.308871, -0.8166131]"
the child got you the tea .,a reader caught it a box .,DO,DO,GET,CATCH,THE,A,for,for,-40.45665740966797,"[-3.514183, -7.498357, -7.320689, -5.5236635, -5.2579813, -9.4243965, -1.9173872]"
the child kept him the beer .,a manager saved a candy for me .,DO,PD,KEEP,SAVE,THE,A,for,for,-45.95701217651367,"[-3.5327811, -8.725414, -11.589932, -2.0305247, -11.079912, -4.319416, -3.9459157, -0.73311514]"
the child kept him the beer .,a manager saved me a candy .,DO,DO,KEEP,SAVE,THE,A,for,for,-40.50456237792969,"[-3.5327811, -8.725414, -11.589932, -5.156442, -1.341739, -8.655651, -1.5026054]"
the child kept him the gun .,a priest drew a key for us .,DO,PD,KEEP,DRAW,THE,A,for,for,-43.05130386352539,"[-3.5272188, -8.089001, -8.479752, -0.81811655, -7.5062547, -4.692314, -8.551432, -1.3872166]"
the child kept him the gun .,a priest drew us a key .,DO,DO,KEEP,DRAW,THE,A,for,for,-37.098018646240234,"[-3.5272188, -8.089001, -8.479752, -8.020997, -0.7278639, -6.6623063, -1.5908817]"
the child kept him the gun .,an uncle saved an anchor for us .,DO,PD,KEEP,SAVE,THE,A,for,for,-47.13298797607422,"[-5.6464663, -7.9067764, -9.910127, -4.788086, -8.850473, -3.1863399, -5.9087543, -0.93596256]"
the child kept him the gun .,an uncle saved us an anchor .,DO,DO,KEEP,SAVE,THE,A,for,for,-45.66004943847656,"[-5.6464663, -7.9067764, -9.910127, -7.129217, -4.4883103, -8.970647, -1.6085063]"
the child kept me the gun .,a princess took a knife to him .,DO,PD,KEEP,TAKE,THE,A,for,to,-33.65614318847656,"[-3.5198398, -11.201176, -6.155821, -1.3129368, -3.6394544, -0.8417545, -6.266706, -0.7184534]"
the child kept me the gun .,a princess took him a knife .,DO,DO,KEEP,TAKE,THE,A,for,to,-32.879608154296875,"[-3.5198398, -11.201176, -6.155821, -4.061452, -3.7884629, -3.2459266, -0.9069316]"
the child kept the beer for him .,a manager saved a candy for me .,PD,PD,KEEP,SAVE,THE,A,for,for,-44.116371154785156,"[-3.5047061, -8.680999, -11.706284, -1.5801427, -11.515139, -2.5977821, -3.8669977, -0.664318]"
the child kept the beer for him .,a manager saved me a candy .,PD,DO,KEEP,SAVE,THE,A,for,for,-44.640804290771484,"[-3.5047061, -8.680999, -11.706284, -6.2089396, -1.6337967, -10.825233, -2.0808434]"
the child kept the beer for you .,a reader sold a cheese to them .,PD,PD,KEEP,SELL,THE,A,for,to,-45.778282165527344,"[-3.489747, -7.652517, -11.732866, -1.9507821, -9.778854, -3.1646044, -6.9258213, -1.0830879]"
the child kept the beer for you .,a reader sold them a cheese .,PD,DO,KEEP,SELL,THE,A,for,to,-43.61408996582031,"[-3.489747, -7.652517, -11.732866, -7.2700605, -2.8155904, -8.460711, -2.192596]"
the child kept the gun for him .,a priest drew a key for us .,PD,PD,KEEP,DRAW,THE,A,for,for,-41.63489532470703,"[-3.5085888, -8.167204, -8.691273, -0.6609343, -7.574151, -4.0060863, -7.8744273, -1.152229]"
the child kept the gun for him .,a priest drew us a key .,PD,DO,KEEP,DRAW,THE,A,for,for,-40.43739318847656,"[-3.5085888, -8.167204, -8.691273, -8.753428, -2.1525402, -7.2283287, -1.9360307]"
the child kept the gun for him .,an uncle saved an anchor for us .,PD,PD,KEEP,SAVE,THE,A,for,for,-45.60918426513672,"[-5.6734, -7.8099985, -10.197612, -4.326207, -9.176124, -2.1261606, -5.5567822, -0.7428988]"
the child kept the gun for him .,an uncle saved us an anchor .,PD,DO,KEEP,SAVE,THE,A,for,for,-49.92668151855469,"[-5.6734, -7.8099985, -10.197612, -7.8390694, -5.7992573, -10.714205, -1.8931386]"
the child kept the gun for me .,a princess took a knife to him .,PD,PD,KEEP,TAKE,THE,A,for,to,-34.62791061401367,"[-3.5015101, -11.419727, -5.978092, -1.1287395, -3.9447052, -0.7965845, -7.08193, -0.77662164]"
the child kept the gun for me .,a princess took him a knife .,PD,DO,KEEP,TAKE,THE,A,for,to,-39.97290802001953,"[-3.5015101, -11.419727, -5.978092, -4.577471, -5.997465, -7.1054063, -1.3932374]"
the child kept you the beer .,a reader sold a cheese to them .,DO,PD,KEEP,SELL,THE,A,for,to,-46.54722595214844,"[-3.5055196, -7.727618, -11.75611, -1.9433768, -9.96056, -3.6437316, -7.156298, -0.8540097]"
the child kept you the beer .,a reader sold them a cheese .,DO,DO,KEEP,SELL,THE,A,for,to,-42.332237243652344,"[-3.5055196, -7.727618, -11.75611, -7.5637503, -1.4944755, -8.731699, -1.5530661]"
the child left her the candy .,an attorney saved an anchor for me .,DO,PD,LEAVE,SAVE,THE,A,for,for,-46.98664855957031,"[-5.6567383, -5.609019, -13.679682, -3.4424276, -9.003574, -3.0927444, -5.5813074, -0.9211549]"
the child left her the candy .,an attorney saved me an anchor .,DO,DO,LEAVE,SAVE,THE,A,for,for,-47.43083953857422,"[-5.6567383, -5.609019, -13.679682, -5.6005554, -3.7183354, -11.477802, -1.6887093]"
the child left her the tea .,an actress bought a coffee for you .,DO,PD,LEAVE,BUY,THE,A,for,for,-39.38871765136719,"[-5.612791, -7.2733235, -8.677678, -0.51847357, -5.887806, -2.3121476, -8.036051, -1.0704503]"
the child left her the tea .,an actress bought you a coffee .,DO,DO,LEAVE,BUY,THE,A,for,for,-36.16746139526367,"[-5.612791, -7.2733235, -8.677678, -8.987542, -0.44890368, -4.1424937, -1.0247278]"
the child left him the bowl .,a parent sent a cheese to you .,DO,PD,LEAVE,SEND,THE,A,for,to,-43.510215759277344,"[-3.5350862, -7.4559174, -5.862664, -1.3766968, -11.681549, -2.948615, -9.149965, -1.4997247]"
the child left him the bowl .,a parent sent you a cheese .,DO,DO,LEAVE,SEND,THE,A,for,to,-39.999698638916016,"[-3.5350862, -7.4559174, -5.862664, -7.6782084, -1.0559949, -10.470723, -3.9411047]"
the child left him the machine .,a candidate delivered a cheese for me .,DO,PD,LEAVE,DELIVER,THE,A,for,for,-44.592559814453125,"[-3.4971266, -8.642512, -10.652542, -0.4484015, -11.777096, -4.1391134, -4.2242823, -1.2114857]"
the child left him the machine .,a candidate delivered me a cheese .,DO,DO,LEAVE,DELIVER,THE,A,for,for,-43.89885711669922,"[-3.4971266, -8.642512, -10.652542, -8.389815, -0.48718578, -9.250012, -2.9796648]"
the child left him the tea .,a singer found a pie for me .,DO,PD,LEAVE,FIND,THE,A,for,for,-42.90568923950195,"[-3.522187, -10.41261, -7.1545815, -1.8473895, -9.520854, -3.0221066, -5.767363, -1.6585977]"
the child left him the tea .,a singer found me a pie .,DO,DO,LEAVE,FIND,THE,A,for,for,-39.66811752319336,"[-3.522187, -10.41261, -7.1545815, -8.136683, -0.76469046, -8.627403, -1.0499622]"
the child left him the tea .,a teacher kept a bell for us .,DO,PD,LEAVE,KEEP,THE,A,for,for,-42.462196350097656,"[-3.522187, -6.902686, -8.959302, -1.9150485, -9.949269, -3.1174827, -6.142018, -1.9542009]"
the child left him the tea .,a teacher kept us a bell .,DO,DO,LEAVE,KEEP,THE,A,for,for,-42.285770416259766,"[-3.522187, -6.902686, -8.959302, -6.9328194, -3.6560102, -10.466261, -1.8465072]"
the child left him the tea .,a chief delivered a meal for you .,DO,PD,LEAVE,DELIVER,THE,A,for,for,-47.48969268798828,"[-3.522187, -8.946307, -13.356006, -0.5435739, -9.619399, -1.6700479, -7.900195, -1.9319783]"
the child left him the tea .,a chief delivered you a meal .,DO,DO,LEAVE,DELIVER,THE,A,for,for,-45.47355651855469,"[-3.522187, -8.946307, -13.356006, -10.25614, -0.9333079, -6.9127994, -1.5468116]"
the child left it the tea .,a mayor sent a chocolate to us .,DO,PD,LEAVE,SEND,THE,A,for,to,-48.86147689819336,"[-3.4637542, -10.720102, -8.761492, -0.60757005, -10.284995, -5.1360373, -8.031843, -1.8556839]"
the child left it the tea .,a mayor sent us a chocolate .,DO,DO,LEAVE,SEND,THE,A,for,to,-44.14990997314453,"[-3.4637542, -10.720102, -8.761492, -7.0651145, -0.59611917, -8.796164, -4.747163]"
the child left it the tea .,a physician caught a bag for you .,DO,PD,LEAVE,CATCH,THE,A,for,for,-47.312950134277344,"[-3.4637542, -9.4531355, -8.977813, -3.6087005, -7.573354, -4.917848, -8.332842, -0.9855038]"
the child left it the tea .,a physician caught you a bag .,DO,DO,LEAVE,CATCH,THE,A,for,for,-44.21636199951172,"[-3.4637542, -9.4531355, -8.977813, -8.08627, -5.1779284, -6.708392, -2.3490672]"
the child left me the anchor .,an aunt promised a tea to him .,DO,PD,LEAVE,PROMISE,THE,A,for,to,-47.87992858886719,"[-5.634796, -8.478201, -10.701132, -2.37669, -9.885266, -2.6251042, -6.6843176, -1.4944222]"
the child left me the anchor .,an aunt promised him a tea .,DO,DO,LEAVE,PROMISE,THE,A,for,to,-42.45087432861328,"[-5.634796, -8.478201, -10.701132, -5.9641724, -1.2688957, -8.941321, -1.4623575]"
the child left me the bowl .,an opponent fed a chicken to you .,DO,PD,LEAVE,FEED,THE,A,for,to,-41.704246520996094,"[-5.662081, -8.2770815, -13.739517, -1.3900617, -2.6379778, -1.3207939, -7.561799, -1.1149356]"
the child left me the bowl .,an opponent fed you a chicken .,DO,DO,LEAVE,FEED,THE,A,for,to,-40.21742248535156,"[-5.662081, -8.2770815, -13.739517, -5.787069, -0.9165274, -4.1474276, -1.6877213]"
the child left me the machine .,a writer promised a coffee to us .,DO,PD,LEAVE,PROMISE,THE,A,for,to,-44.67974090576172,"[-3.480984, -8.279396, -11.040707, -1.910625, -9.067029, -3.1731882, -6.3554344, -1.3723786]"
the child left me the machine .,a writer promised us a coffee .,DO,DO,LEAVE,PROMISE,THE,A,for,to,-39.541160583496094,"[-3.480984, -8.279396, -11.040707, -5.1344075, -1.4547619, -8.512469, -1.6384339]"
the child left me the tea .,a student sold a chicken to us .,DO,PD,LEAVE,SELL,THE,A,for,to,-36.1761360168457,"[-3.481676, -5.5080566, -10.559696, -1.4217516, -5.6631, -1.1720918, -6.791912, -1.5778509]"
the child left me the tea .,a student sold us a chicken .,DO,DO,LEAVE,SELL,THE,A,for,to,-35.62041091918945,"[-3.481676, -5.5080566, -10.559696, -6.7907777, -0.80701953, -6.827525, -1.6456606]"
the child left me the tea .,a worker supplied a salad to you .,DO,PD,LEAVE,SUPPLY,THE,A,for,to,-42.48601531982422,"[-3.481676, -6.763582, -11.4175005, -2.5156195, -8.624001, -0.7731286, -7.930967, -0.97954065]"
the child left me the tea .,a worker supplied you a salad .,DO,DO,LEAVE,SUPPLY,THE,A,for,to,-41.783836364746094,"[-3.481676, -6.763582, -11.4175005, -7.1317205, -4.6234493, -7.2573867, -1.1085196]"
the child left the anchor for me .,an aunt promised a tea to him .,PD,PD,LEAVE,PROMISE,THE,A,for,to,-47.388999938964844,"[-5.6517067, -8.504791, -10.901333, -2.1529026, -9.75324, -2.4796956, -6.4472494, -1.4980805]"
the child left the anchor for me .,an aunt promised him a tea .,PD,DO,LEAVE,PROMISE,THE,A,for,to,-42.96441650390625,"[-5.6517067, -8.504791, -10.901333, -6.2319584, -1.078645, -8.726805, -1.8691784]"
the child left the anchor for us .,a woman sold a newspaper to you .,PD,PD,LEAVE,SELL,THE,A,for,to,-37.123687744140625,"[-3.4615974, -3.8042386, -9.488348, -1.2834086, -8.683195, -1.5521504, -7.470806, -1.3799437]"
the child left the anchor for us .,a woman sold you a newspaper .,PD,DO,LEAVE,SELL,THE,A,for,to,-36.147193908691406,"[-3.4615974, -3.8042386, -9.488348, -8.114183, -0.75287604, -8.593035, -1.9329131]"
the child left the bowl for him .,a parent sent a cheese to you .,PD,PD,LEAVE,SEND,THE,A,for,to,-42.1573600769043,"[-3.497313, -7.4530134, -5.7222223, -1.1235317, -11.236018, -2.911025, -8.829464, -1.3847712]"
the child left the bowl for him .,a parent sent you a cheese .,PD,DO,LEAVE,SEND,THE,A,for,to,-40.067283630371094,"[-3.497313, -7.4530134, -5.7222223, -7.7879224, -0.8436054, -10.447119, -4.3160863]"
the child left the bowl for me .,an opponent fed a chicken to you .,PD,PD,LEAVE,FEED,THE,A,for,to,-41.29131317138672,"[-5.6780744, -8.200228, -13.201398, -1.500811, -3.1573794, -2.085655, -6.6373925, -0.83037543]"
the child left the bowl for me .,an opponent fed you a chicken .,PD,DO,LEAVE,FEED,THE,A,for,to,-39.201786041259766,"[-5.6780744, -8.200228, -13.201398, -4.965836, -0.9602822, -4.276763, -1.9192052]"
the child left the bowl for us .,a son found a computer for them .,PD,PD,LEAVE,FIND,THE,A,for,for,-37.21174240112305,"[-3.4854674, -8.176005, -5.556031, -1.1983888, -8.149993, -3.4458785, -6.1947107, -1.0052675]"
the child left the bowl for us .,a son found them a computer .,PD,DO,LEAVE,FIND,THE,A,for,for,-41.75251770019531,"[-3.4854674, -8.176005, -5.556031, -7.388747, -4.687199, -10.494883, -1.9641836]"
the child left the bowl for us .,a bishop bought a beer for you .,PD,PD,LEAVE,BUY,THE,A,for,for,-39.27476119995117,"[-3.4854674, -9.930316, -10.57771, -0.75276005, -6.8356175, -1.2059888, -5.646187, -0.84071517]"
the child left the bowl for us .,a bishop bought you a beer .,PD,DO,LEAVE,BUY,THE,A,for,for,-37.990970611572266,"[-3.4854674, -9.930316, -10.57771, -7.428587, -0.5201175, -4.4273424, -1.6214316]"
the child left the bowl for you .,a bishop delivered a salad for her .,PD,PD,LEAVE,DELIVER,THE,A,for,for,-46.2701530456543,"[-3.4630768, -10.049131, -9.527027, -0.6213606, -14.864542, -1.504914, -4.18866, -2.0514436]"
the child left the bowl for you .,a bishop delivered her a salad .,PD,DO,LEAVE,DELIVER,THE,A,for,for,-45.10083770751953,"[-3.4630768, -10.049131, -9.527027, -6.4212456, -2.529397, -11.712637, -1.3983209]"
the child left the bowl for you .,a buddy threw a candy to me .,PD,PD,LEAVE,THROW,THE,A,for,to,-38.40453338623047,"[-3.4630768, -11.068607, -8.432467, -0.51476675, -7.3225546, -4.892922, -1.9491878, -0.7609485]"
the child left the bowl for you .,a buddy threw me a candy .,PD,DO,LEAVE,THROW,THE,A,for,to,-36.63926315307617,"[-3.4630768, -11.068607, -8.432467, -3.921998, -0.32359657, -7.0431995, -2.3863196]"
the child left the candy for her .,an attorney saved an anchor for me .,PD,PD,LEAVE,SAVE,THE,A,for,for,-45.984737396240234,"[-5.6950088, -5.7663865, -13.881498, -3.4554358, -9.0473, -2.140173, -5.184848, -0.8140867]"
the child left the candy for her .,an attorney saved me an anchor .,PD,DO,LEAVE,SAVE,THE,A,for,for,-48.66661071777344,"[-5.6950088, -5.7663865, -13.881498, -5.8190002, -4.011431, -11.531792, -1.9614922]"
the child left the machine for him .,a candidate delivered a cheese for me .,PD,PD,LEAVE,DELIVER,THE,A,for,for,-44.54203796386719,"[-3.4573555, -8.680304, -11.174865, -0.44107366, -11.553374, -3.6157799, -4.5607004, -1.0585854]"
the child left the machine for him .,a candidate delivered me a cheese .,PD,DO,LEAVE,DELIVER,THE,A,for,for,-46.09498596191406,"[-3.4573555, -8.680304, -11.174865, -9.337326, -0.40718865, -9.316786, -3.7211637]"
the child left the machine for me .,a writer promised a coffee to us .,PD,PD,LEAVE,PROMISE,THE,A,for,to,-44.82102584838867,"[-3.457347, -8.475452, -11.250321, -1.8756909, -9.063274, -3.2638807, -6.233086, -1.2019743]"
the child left the machine for me .,a writer promised us a coffee .,PD,DO,LEAVE,PROMISE,THE,A,for,to,-40.35831069946289,"[-3.457347, -8.475452, -11.250321, -5.1762624, -1.4174291, -8.510183, -2.0713148]"
the child left the machine for us .,a nurse drew a knife for you .,PD,PD,LEAVE,DRAW,THE,A,for,for,-38.0151252746582,"[-3.4493814, -8.091304, -9.088331, -0.79158133, -3.7719371, -5.2160754, -6.583299, -1.0232177]"
the child left the machine for us .,a nurse drew you a knife .,PD,DO,LEAVE,DRAW,THE,A,for,for,-39.94907760620117,"[-3.4493814, -8.091304, -9.088331, -9.298814, -2.1731005, -6.2720613, -1.5760864]"
the child left the tea for her .,an actress bought a coffee for you .,PD,PD,LEAVE,BUY,THE,A,for,for,-37.75080108642578,"[-5.665999, -7.472989, -8.80363, -0.5297817, -6.348704, -0.7877703, -7.087577, -1.0543516]"
the child left the tea for her .,an actress bought you a coffee .,PD,DO,LEAVE,BUY,THE,A,for,for,-37.594032287597656,"[-5.665999, -7.472989, -8.80363, -8.88661, -0.41915208, -4.7636175, -1.582035]"
the child left the tea for him .,a singer found a pie for me .,PD,PD,LEAVE,FIND,THE,A,for,for,-41.25206756591797,"[-3.484325, -10.582779, -7.254278, -1.5578251, -9.449318, -1.7870629, -5.749085, -1.3873941]"
the child left the tea for him .,a singer found me a pie .,PD,DO,LEAVE,FIND,THE,A,for,for,-42.01580047607422,"[-3.484325, -10.582779, -7.254278, -8.392086, -2.1296453, -8.666943, -1.5057445]"
the child left the tea for him .,a teacher kept a bell for us .,PD,PD,LEAVE,KEEP,THE,A,for,for,-41.31262969970703,"[-3.484325, -7.019523, -9.037882, -1.6213754, -10.023573, -2.4117596, -6.1518726, -1.5623218]"
the child left the tea for him .,a teacher kept us a bell .,PD,DO,LEAVE,KEEP,THE,A,for,for,-46.82305908203125,"[-3.484325, -7.019523, -9.037882, -7.3181577, -5.1934414, -12.109644, -2.6600845]"
the child left the tea for him .,a chief delivered a meal for you .,PD,PD,LEAVE,DELIVER,THE,A,for,for,-45.40788650512695,"[-3.484325, -9.0644865, -13.369167, -0.50069314, -9.564059, -0.77379256, -7.0292954, -1.6220701]"
the child left the tea for him .,a chief delivered you a meal .,PD,DO,LEAVE,DELIVER,THE,A,for,for,-46.239044189453125,"[-3.484325, -9.0644865, -13.369167, -10.459441, -0.8159824, -7.0393114, -2.0063283]"
the child left the tea for it .,a mayor sent a chocolate to us .,PD,PD,LEAVE,SEND,THE,A,for,to,-46.928497314453125,"[-3.4711337, -10.694155, -8.533468, -0.63534254, -10.005879, -4.462141, -7.472316, -1.6540608]"
the child left the tea for it .,a mayor sent us a chocolate .,PD,DO,LEAVE,SEND,THE,A,for,to,-43.995216369628906,"[-3.4711337, -10.694155, -8.533468, -7.0157375, -0.5846685, -8.77739, -4.918665]"
the child left the tea for it .,a physician caught a bag for you .,PD,PD,LEAVE,CATCH,THE,A,for,for,-46.057037353515625,"[-3.4711337, -9.387081, -9.009129, -3.83671, -7.8184366, -4.1458635, -7.5656137, -0.8230716]"
the child left the tea for it .,a physician caught you a bag .,PD,DO,LEAVE,CATCH,THE,A,for,for,-44.54851531982422,"[-3.4711337, -9.387081, -9.009129, -7.617217, -5.529592, -6.6735353, -2.8608282]"
the child left the tea for me .,a student sold a chicken to us .,PD,PD,LEAVE,SELL,THE,A,for,to,-35.980003356933594,"[-3.4760928, -5.4990396, -10.42939, -1.4009057, -6.186824, -1.5084517, -5.7917914, -1.6875101]"
the child left the tea for me .,a student sold us a chicken .,PD,DO,LEAVE,SELL,THE,A,for,to,-37.81678771972656,"[-3.4760928, -5.4990396, -10.42939, -7.965064, -0.75461584, -7.4228797, -2.2697058]"
the child left the tea for me .,a worker supplied a salad to you .,PD,PD,LEAVE,SUPPLY,THE,A,for,to,-41.78042221069336,"[-3.4760928, -6.754226, -11.390005, -1.9999563, -8.53116, -1.3464937, -7.428038, -0.85444754]"
the child left the tea for me .,a worker supplied you a salad .,PD,DO,LEAVE,SUPPLY,THE,A,for,to,-43.24834442138672,"[-3.4760928, -6.754226, -11.390005, -6.8397627, -5.2006636, -7.8295736, -1.7580223]"
the child left us the anchor .,a woman sold a newspaper to you .,DO,PD,LEAVE,SELL,THE,A,for,to,-37.00010681152344,"[-3.4660485, -3.8532844, -9.376148, -1.4285668, -8.634659, -1.2807763, -7.4584017, -1.5022225]"
the child left us the anchor .,a woman sold you a newspaper .,DO,DO,LEAVE,SELL,THE,A,for,to,-34.61555862426758,"[-3.4660485, -3.8532844, -9.376148, -7.192218, -0.90204966, -8.52955, -1.2962612]"
the child left us the bowl .,a son found a computer for them .,DO,PD,LEAVE,FIND,THE,A,for,for,-38.46261978149414,"[-3.5191483, -8.125193, -5.904669, -1.2477524, -7.5330567, -4.1854067, -6.868994, -1.0784023]"
the child left us the bowl .,a son found them a computer .,DO,DO,LEAVE,FIND,THE,A,for,for,-37.80259704589844,"[-3.5191483, -8.125193, -5.904669, -6.749902, -3.3053164, -8.606046, -1.5923198]"
the child left us the bowl .,a bishop bought a beer for you .,DO,PD,LEAVE,BUY,THE,A,for,for,-41.64016342163086,"[-3.5191483, -9.786718, -10.751375, -0.74606276, -6.889988, -2.2325234, -6.7255545, -0.988794]"
the child left us the bowl .,a bishop bought you a beer .,DO,DO,LEAVE,BUY,THE,A,for,for,-36.91141891479492,"[-3.5191483, -9.786718, -10.751375, -6.8925834, -0.5234543, -4.167136, -1.2710037]"
the child left us the machine .,a nurse drew a knife for you .,DO,PD,LEAVE,DRAW,THE,A,for,for,-39.134132385253906,"[-3.479625, -8.007159, -9.153191, -0.82228154, -3.5345294, -5.7287045, -7.1242433, -1.2843965]"
the child left us the machine .,a nurse drew you a knife .,DO,DO,LEAVE,DRAW,THE,A,for,for,-37.65529251098633,"[-3.479625, -8.007159, -9.153191, -9.206861, -1.2897216, -5.1972423, -1.3214931]"
the child left you the bowl .,a bishop delivered a salad for her .,DO,PD,LEAVE,DELIVER,THE,A,for,for,-48.15875244140625,"[-3.4778922, -10.082404, -9.71221, -0.6395752, -15.127687, -2.3096833, -3.9754412, -2.8338604]"
the child left you the bowl .,a bishop delivered her a salad .,DO,DO,LEAVE,DELIVER,THE,A,for,for,-43.6308708190918,"[-3.4778922, -10.082404, -9.71221, -6.080802, -1.5500573, -11.762127, -0.96537626]"
the child left you the bowl .,a buddy threw a candy to me .,DO,PD,LEAVE,THROW,THE,A,for,to,-39.257164001464844,"[-3.4778922, -11.145754, -8.766684, -0.52563715, -7.610667, -4.595257, -2.4530485, -0.68222415]"
the child left you the bowl .,a buddy threw me a candy .,DO,DO,LEAVE,THROW,THE,A,for,to,-35.792686462402344,"[-3.4778922, -11.145754, -8.766684, -3.63689, -0.33797133, -6.663498, -1.763997]"
the child made him the cigarette .,a husband delivered a juice for us .,DO,PD,MAKE,DELIVER,THE,A,for,for,-50.02190399169922,"[-3.5099504, -8.237209, -11.187524, -0.7374106, -13.511262, -3.2879543, -8.276713, -1.2738775]"
the child made him the cigarette .,a husband delivered us a juice .,DO,DO,MAKE,DELIVER,THE,A,for,for,-43.64154815673828,"[-3.5099504, -8.237209, -11.187524, -8.175009, -0.8473014, -9.639328, -2.0452237]"
the child made it the newspaper .,a doctor caught a television for them .,DO,PD,MAKE,CATCH,THE,A,for,for,-46.890830993652344,"[-3.498176, -7.2026567, -7.8319016, -3.3547075, -9.626207, -6.141114, -8.523142, -0.7129234]"
the child made it the newspaper .,a doctor caught them a television .,DO,DO,MAKE,CATCH,THE,A,for,for,-42.41215133666992,"[-3.498176, -7.2026567, -7.8319016, -6.4164743, -5.5983315, -9.935412, -1.9291985]"
the child made me the bell .,a champion drew a bottle for him .,DO,PD,MAKE,DRAW,THE,A,for,for,-45.57899475097656,"[-3.491632, -9.741641, -11.787819, -1.1851491, -8.226515, -6.573286, -3.8579593, -0.7149955]"
the child made me the bell .,a champion drew him a bottle .,DO,DO,MAKE,DRAW,THE,A,for,for,-39.980438232421875,"[-3.491632, -9.741641, -11.787819, -4.9404917, -1.5671381, -6.3410373, -2.1106806]"
the child made me the newspaper .,a buddy took an anchor to him .,DO,PD,MAKE,TAKE,THE,A,for,to,-43.62529373168945,"[-3.4972854, -11.186929, -6.329123, -4.5538354, -8.889624, -2.501125, -5.3450646, -1.3223069]"
the child made me the newspaper .,a buddy took him an anchor .,DO,DO,MAKE,TAKE,THE,A,for,to,-44.64479064941406,"[-3.4972854, -11.186929, -6.329123, -3.872538, -8.202097, -9.854519, -1.7023017]"
the child made the bell for me .,a champion drew a bottle for him .,PD,PD,MAKE,DRAW,THE,A,for,for,-45.96820831298828,"[-3.473732, -9.847821, -11.966295, -0.9523556, -8.4160385, -5.790091, -4.843822, -0.67805535]"
the child made the bell for me .,a champion drew him a bottle .,PD,DO,MAKE,DRAW,THE,A,for,for,-42.57450485229492,"[-3.473732, -9.847821, -11.966295, -6.2612915, -1.5248752, -6.5372534, -2.963237]"
the child made the cigarette for him .,a husband delivered a juice for us .,PD,PD,MAKE,DELIVER,THE,A,for,for,-45.989261627197266,"[-3.4725442, -8.280859, -10.975648, -0.5807068, -12.093093, -1.8006154, -7.3915687, -1.3942271]"
the child made the cigarette for him .,a husband delivered us a juice .,PD,DO,MAKE,DELIVER,THE,A,for,for,-44.240718841552734,"[-3.4725442, -8.280859, -10.975648, -8.432363, -0.72475207, -9.145162, -3.2093902]"
the child made the cigarette for us .,a doctor gave a meal to you .,PD,PD,MAKE,GIVE,THE,A,for,to,-35.689788818359375,"[-3.4683735, -7.008435, -5.381422, -1.0988729, -8.881038, -0.36032516, -7.9355164, -1.5558048]"
the child made the cigarette for us .,a doctor gave you a meal .,PD,DO,MAKE,GIVE,THE,A,for,to,-31.48694610595703,"[-3.4683735, -7.008435, -5.381422, -5.7184124, -0.5945778, -6.840494, -2.4752321]"
the child made the gun for you .,a kid purchased a flower for it .,PD,PD,MAKE,PURCHASE,THE,A,for,for,-40.60638427734375,"[-3.4699106, -8.472275, -10.107309, -0.40766275, -8.830181, -1.5353297, -6.8007474, -0.98296714]"
the child made the gun for you .,a kid purchased it a flower .,PD,DO,MAKE,PURCHASE,THE,A,for,for,-47.543434143066406,"[-3.4699106, -8.472275, -10.107309, -5.930259, -5.6823845, -11.959797, -1.9215021]"
the child made the newspaper for it .,a doctor caught a television for them .,PD,PD,MAKE,CATCH,THE,A,for,for,-46.66743469238281,"[-3.5072174, -7.0531054, -8.11266, -4.2767973, -8.880387, -5.7598276, -8.367159, -0.7102811]"
the child made the newspaper for it .,a doctor caught them a television .,PD,DO,MAKE,CATCH,THE,A,for,for,-45.62287139892578,"[-3.5072174, -7.0531054, -8.11266, -7.7926188, -5.861183, -9.872886, -3.4232028]"
the child made the newspaper for me .,a buddy took an anchor to him .,PD,PD,MAKE,TAKE,THE,A,for,to,-43.722618103027344,"[-3.496973, -11.305046, -6.3330398, -4.2220306, -9.112015, -2.4690757, -5.271841, -1.5125976]"
the child made the newspaper for me .,a buddy took him an anchor .,PD,DO,MAKE,TAKE,THE,A,for,to,-46.69780731201172,"[-3.496973, -11.305046, -6.3330398, -4.2135115, -8.58763, -10.513542, -2.2480674]"
the child made the newspaper for you .,a lady fed a meal to it .,PD,PD,MAKE,FEED,THE,A,for,to,-40.474552154541016,"[-3.495708, -8.818312, -9.94607, -1.088402, -6.5058484, -1.6291343, -7.6442, -1.3468765]"
the child made the newspaper for you .,a lady fed it a meal .,PD,DO,MAKE,FEED,THE,A,for,to,-38.75114059448242,"[-3.495708, -8.818312, -9.94607, -5.599045, -4.129871, -5.448624, -1.3135136]"
the child made us the cigarette .,a doctor gave a meal to you .,DO,PD,MAKE,GIVE,THE,A,for,to,-35.49699020385742,"[-3.4858365, -7.0347114, -5.277665, -1.5141072, -9.387471, -0.18164924, -7.4780226, -1.1375257]"
the child made us the cigarette .,a doctor gave you a meal .,DO,DO,MAKE,GIVE,THE,A,for,to,-30.557954788208008,"[-3.4858365, -7.0347114, -5.277665, -4.933539, -0.60870975, -7.9428406, -1.2746522]"
the child made you the gun .,a kid purchased a flower for it .,DO,PD,MAKE,PURCHASE,THE,A,for,for,-41.12383270263672,"[-3.4678805, -8.205937, -10.380361, -0.40767202, -8.694119, -2.4605908, -6.649582, -0.85769045]"
the child made you the gun .,a kid purchased it a flower .,DO,DO,MAKE,PURCHASE,THE,A,for,for,-45.21343231201172,"[-3.4678805, -8.205937, -10.380361, -5.693837, -5.4390078, -10.741107, -1.2853045]"
the child made you the newspaper .,a lady fed a meal to it .,DO,PD,MAKE,FEED,THE,A,for,to,-41.20611572265625,"[-3.478988, -8.708775, -9.84274, -1.2243272, -7.397053, -1.1130977, -8.328051, -1.1130846]"
the child made you the newspaper .,a lady fed it a meal .,DO,DO,MAKE,FEED,THE,A,for,to,-35.68036651611328,"[-3.478988, -8.708775, -9.84274, -4.9795103, -2.3500984, -5.4461555, -0.8740975]"
the child promised her the wire .,a lawyer kept a tea for you .,DO,PD,PROMISE,KEEP,THE,A,to,for,-48.42950439453125,"[-3.5679562, -6.716869, -11.674816, -1.6125507, -10.725106, -5.3028417, -7.7491074, -1.0802541]"
the child promised her the wire .,a lawyer kept you a tea .,DO,DO,PROMISE,KEEP,THE,A,to,for,-44.37854766845703,"[-3.5679562, -6.716869, -11.674816, -6.796874, -4.165036, -9.6075, -1.8494962]"
the child promised the motor to us .,a wife left a beer for them .,PD,PD,PROMISE,LEAVE,THE,A,to,for,-40.75075912475586,"[-3.5465841, -9.508202, -6.955511, -1.5566822, -7.6144514, -3.5823097, -6.218177, -1.7688428]"
the child promised the motor to us .,a wife left them a beer .,PD,DO,PROMISE,LEAVE,THE,A,to,for,-38.37095642089844,"[-3.5465841, -9.508202, -6.955511, -5.943663, -3.3629804, -6.7516227, -2.3023908]"
the child promised the wire to her .,a lawyer kept a tea for you .,PD,PD,PROMISE,KEEP,THE,A,to,for,-49.2275390625,"[-3.5332563, -6.8852406, -12.087638, -1.2942115, -10.598909, -5.495723, -8.2155285, -1.117033]"
the child promised the wire to her .,a lawyer kept you a tea .,PD,DO,PROMISE,KEEP,THE,A,to,for,-45.407005310058594,"[-3.5332563, -6.8852406, -12.087638, -6.866102, -4.148593, -9.788747, -2.0974274]"
the child promised the wire to you .,a sheriff drew a knife for him .,PD,PD,PROMISE,DRAW,THE,A,to,for,-38.65243911743164,"[-3.5327907, -8.668293, -9.903073, -0.8182611, -4.241393, -5.0952206, -4.1927013, -2.2007065]"
the child promised the wire to you .,a sheriff drew him a knife .,PD,DO,PROMISE,DRAW,THE,A,to,for,-36.278812408447266,"[-3.5327907, -8.668293, -9.903073, -6.687068, -1.3804995, -4.7541885, -1.3528997]"
the child promised us the motor .,a wife left a beer for them .,DO,PD,PROMISE,LEAVE,THE,A,to,for,-41.468257904052734,"[-3.5678334, -9.457194, -6.8745546, -1.9382935, -7.9393444, -3.3108408, -6.797683, -1.5825136]"
the child promised us the motor .,a wife left them a beer .,DO,DO,PROMISE,LEAVE,THE,A,to,for,-36.887855529785156,"[-3.5678334, -9.457194, -6.8745546, -5.3516045, -3.2259939, -6.6538568, -1.7568178]"
the child promised you the wire .,a sheriff drew a knife for him .,DO,PD,PROMISE,DRAW,THE,A,to,for,-38.29366683959961,"[-3.5636368, -8.553358, -9.590657, -0.92444307, -4.516408, -4.5877113, -4.30177, -2.2556822]"
the child promised you the wire .,a sheriff drew him a knife .,DO,DO,PROMISE,DRAW,THE,A,to,for,-35.413352966308594,"[-3.5636368, -8.553358, -9.590657, -6.5763884, -1.0968616, -4.873787, -1.1586667]"
the child purchased me the anchor .,a champion sold a meal to her .,DO,PD,PURCHASE,SELL,THE,A,for,to,-40.67578125,"[-3.6362803, -9.314863, -9.515234, -2.82627, -8.781418, -1.0599604, -2.5349867, -3.0067701]"
the child purchased me the anchor .,a champion sold her a meal .,DO,DO,PURCHASE,SELL,THE,A,for,to,-40.01996994018555,"[-3.6362803, -9.314863, -9.515234, -3.559266, -4.5817156, -7.583873, -1.8287387]"
the child purchased the anchor for me .,a champion sold a meal to her .,PD,PD,PURCHASE,SELL,THE,A,for,to,-40.342803955078125,"[-3.5796947, -9.454412, -9.197739, -2.7427142, -7.8083324, -1.4203777, -3.1447096, -2.994825]"
the child purchased the anchor for me .,a champion sold her a meal .,PD,DO,PURCHASE,SELL,THE,A,for,to,-40.990028381347656,"[-3.5796947, -9.454412, -9.197739, -3.8305733, -4.740408, -7.5171175, -2.6700826]"
the child purchased the chocolate for you .,a singer caught a book for us .,PD,PD,PURCHASE,CATCH,THE,A,for,for,-44.96247100830078,"[-3.5776658, -10.286995, -6.7541018, -5.3039203, -8.928334, -3.5063968, -5.190183, -1.4148759]"
the child purchased the chocolate for you .,a singer caught us a book .,PD,DO,PURCHASE,CATCH,THE,A,for,for,-44.51982116699219,"[-3.5776658, -10.286995, -6.7541018, -8.927647, -4.9798155, -8.034119, -1.9594802]"
the child purchased the chocolate for you .,an aunt promised a tea to him .,PD,PD,PURCHASE,PROMISE,THE,A,for,to,-44.316436767578125,"[-5.648252, -8.126998, -9.536709, -2.3700213, -8.443199, -2.421106, -6.0092897, -1.7608613]"
the child purchased the chocolate for you .,an aunt promised him a tea .,PD,DO,PURCHASE,PROMISE,THE,A,for,to,-39.34385681152344,"[-5.648252, -8.126998, -9.536709, -5.469938, -1.1386474, -7.212332, -2.2109818]"
the child purchased you the chocolate .,a singer caught a book for us .,DO,PD,PURCHASE,CATCH,THE,A,for,for,-46.62856674194336,"[-3.6365957, -10.134412, -6.582084, -4.8859825, -8.713995, -4.2840357, -7.0689363, -1.3225236]"
the child purchased you the chocolate .,a singer caught us a book .,DO,DO,PURCHASE,CATCH,THE,A,for,for,-42.00541687011719,"[-3.6365957, -10.134412, -6.582084, -7.890623, -4.809187, -7.7513084, -1.20121]"
the child purchased you the chocolate .,an aunt promised a tea to him .,DO,PD,PURCHASE,PROMISE,THE,A,for,to,-44.21574020385742,"[-5.641136, -8.225767, -9.143195, -2.900929, -8.250141, -2.442064, -6.2880993, -1.3244075]"
the child purchased you the chocolate .,an aunt promised him a tea .,DO,DO,PURCHASE,PROMISE,THE,A,for,to,-37.46422576904297,"[-5.641136, -8.225767, -9.143195, -5.1189446, -1.1328069, -6.973749, -1.2286265]"
the child saved it the beer .,an actor delivered a pie for you .,DO,PD,SAVE,DELIVER,THE,A,for,for,-43.37953186035156,"[-5.638454, -6.7801714, -10.092949, -0.5865528, -9.8368025, -2.6491952, -6.5546274, -1.2407806]"
the child saved it the beer .,an actor delivered you a pie .,DO,DO,SAVE,DELIVER,THE,A,for,for,-41.55834197998047,"[-5.638454, -6.7801714, -10.092949, -9.2105, -0.68861705, -8.176935, -0.9707188]"
the child saved it the cheese .,a winner made a motor for you .,DO,PD,SAVE,MAKE,THE,A,for,for,-44.825645446777344,"[-3.546999, -10.510014, -7.001745, -2.1972895, -9.875071, -6.0786457, -4.5808377, -1.0350473]"
the child saved it the cheese .,a winner made you a motor .,DO,DO,SAVE,MAKE,THE,A,for,for,-43.82830810546875,"[-3.546999, -10.510014, -7.001745, -7.2702255, -1.4380834, -10.257352, -3.8038907]"
the child saved it the chocolate .,an attorney got a beer for us .,DO,PD,SAVE,GET,THE,A,for,for,-41.50782012939453,"[-5.657163, -6.1269655, -9.616931, -0.9869139, -7.557369, -2.106558, -8.28985, -1.1660702]"
the child saved it the chocolate .,an attorney got us a beer .,DO,DO,SAVE,GET,THE,A,for,for,-38.447593688964844,"[-5.657163, -6.1269655, -9.616931, -7.9583426, -0.82733333, -6.6670876, -1.5937732]"
the child saved it the chocolate .,an opponent designed a coat for me .,DO,PD,SAVE,DESIGN,THE,A,for,for,-46.56653594970703,"[-5.657163, -8.38342, -12.59629, -0.8722607, -9.298403, -3.0388699, -5.238178, -1.4819512]"
the child saved it the chocolate .,an opponent designed me a coat .,DO,DO,SAVE,DESIGN,THE,A,for,for,-45.636932373046875,"[-5.657163, -8.38342, -12.59629, -8.53804, -1.0553877, -7.6759224, -1.7307076]"
the child saved the beer for it .,an actor delivered a pie for you .,PD,PD,SAVE,DELIVER,THE,A,for,for,-42.10587692260742,"[-5.6444206, -6.723284, -10.005908, -0.624228, -10.052664, -1.685289, -6.222669, -1.1474142]"
the child saved the beer for it .,an actor delivered you a pie .,PD,DO,SAVE,DELIVER,THE,A,for,for,-42.16400909423828,"[-5.6444206, -6.723284, -10.005908, -9.069365, -0.7036204, -8.58724, -1.4301689]"
the child saved the beer for you .,a lawyer sent a coffee to us .,PD,PD,SAVE,SEND,THE,A,for,to,-37.501922607421875,"[-3.505388, -7.323577, -7.604192, -0.873461, -9.419474, -1.5774363, -5.404511, -1.793884]"
the child saved the beer for you .,a lawyer sent us a coffee .,PD,DO,SAVE,SEND,THE,A,for,to,-34.918392181396484,"[-3.505388, -7.323577, -7.604192, -4.9092607, -0.86803246, -7.5936613, -3.114282]"
the child saved the cheese for it .,a winner made a motor for you .,PD,PD,SAVE,MAKE,THE,A,for,for,-44.26023864746094,"[-3.557351, -10.45743, -6.9180994, -2.1206007, -9.963152, -5.65336, -4.621373, -0.9688735]"
the child saved the cheese for it .,a winner made you a motor .,PD,DO,SAVE,MAKE,THE,A,for,for,-44.741310119628906,"[-3.557351, -10.45743, -6.9180994, -6.936531, -2.16309, -10.55438, -4.1544275]"
the child saved the cheese for you .,an employer kept a coffee for it .,PD,PD,SAVE,KEEP,THE,A,for,for,-44.87200927734375,"[-5.655073, -7.590231, -9.957447, -1.3025663, -8.808101, -3.29632, -7.1831408, -1.0791321]"
the child saved the cheese for you .,an employer kept it a coffee .,PD,DO,SAVE,KEEP,THE,A,for,for,-46.42723083496094,"[-5.655073, -7.590231, -9.957447, -4.7564564, -2.3485162, -12.789314, -3.330194]"
the child saved the cheese for you .,an employee took a jacket to us .,PD,PD,SAVE,TAKE,THE,A,for,to,-42.055381774902344,"[-5.655073, -4.482049, -7.005035, -1.1539669, -9.575127, -3.6334014, -8.441513, -2.109219]"
the child saved the cheese for you .,an employee took us a jacket .,PD,DO,SAVE,TAKE,THE,A,for,to,-43.33232879638672,"[-5.655073, -4.482049, -7.005035, -8.021431, -3.2696564, -11.834346, -3.0647416]"
the child saved the chocolate for it .,an attorney got a beer for us .,PD,PD,SAVE,GET,THE,A,for,for,-40.75654602050781,"[-5.669959, -6.16961, -9.584487, -1.106437, -7.679366, -1.1746303, -8.379962, -0.9920933]"
the child saved the chocolate for it .,an attorney got us a beer .,PD,DO,SAVE,GET,THE,A,for,for,-38.60001754760742,"[-5.669959, -6.16961, -9.584487, -7.527995, -0.9645692, -6.598968, -2.0844302]"
the child saved the chocolate for it .,an opponent designed a coat for me .,PD,PD,SAVE,DESIGN,THE,A,for,for,-44.79240417480469,"[-5.669959, -8.326271, -11.827656, -0.7260732, -9.830221, -2.2577424, -4.768247, -1.3862318]"
the child saved the chocolate for it .,an opponent designed me a coat .,PD,DO,SAVE,DESIGN,THE,A,for,for,-45.0517578125,"[-5.669959, -8.326271, -11.827656, -8.30298, -1.2962493, -7.8622856, -1.7663547]"
the child saved the chocolate for them .,a teacher made a log for me .,PD,PD,SAVE,MAKE,THE,A,for,for,-36.551788330078125,"[-3.5654902, -6.8758783, -6.3189454, -0.74771833, -10.381264, -2.9212313, -4.0805883, -1.6606734]"
the child saved the chocolate for them .,a teacher made me a log .,PD,DO,SAVE,MAKE,THE,A,for,for,-36.223594665527344,"[-3.5654902, -6.8758783, -6.3189454, -6.513656, -1.4878156, -9.673794, -1.7880132]"
the child saved the chocolate for us .,a soldier took a bowl to you .,PD,PD,SAVE,TAKE,THE,A,for,to,-43.09173583984375,"[-3.5516489, -6.9469376, -5.8121223, -1.6944518, -9.766912, -5.2425117, -8.252596, -1.8245553]"
the child saved the chocolate for us .,a soldier took you a bowl .,PD,DO,SAVE,TAKE,THE,A,for,to,-44.57815933227539,"[-3.5516489, -6.9469376, -5.8121223, -8.450714, -5.70103, -8.956051, -5.159657]"
the child saved the pie for you .,a minister bought a tea for me .,PD,PD,SAVE,BUY,THE,A,for,for,-38.06547927856445,"[-3.5439076, -9.5616665, -10.4481945, -0.6905503, -7.2768116, -0.9230347, -4.219623, -1.4016931]"
the child saved the pie for you .,a minister bought me a tea .,PD,DO,SAVE,BUY,THE,A,for,for,-38.415000915527344,"[-3.5439076, -9.5616665, -10.4481945, -6.3429513, -0.4613434, -5.9313545, -2.1255827]"
the child saved the tea for us .,a scientist showed a chicken to you .,PD,PD,SAVE,SHOW,THE,A,for,to,-37.39788818359375,"[-3.542994, -7.9657726, -7.6698666, -1.9505843, -5.8834705, -3.1776054, -5.8367324, -1.3708608]"
the child saved the tea for us .,a scientist showed you a chicken .,PD,DO,SAVE,SHOW,THE,A,for,to,-36.43745803833008,"[-3.542994, -7.9657726, -7.6698666, -4.804945, -2.076117, -7.3175406, -3.060223]"
the child saved them the chocolate .,a teacher made a log for me .,DO,PD,SAVE,MAKE,THE,A,for,for,-38.36878967285156,"[-3.5826042, -6.879476, -6.2871046, -0.9267719, -10.685461, -3.7581806, -4.365308, -1.8838836]"
the child saved them the chocolate .,a teacher made me a log .,DO,DO,SAVE,MAKE,THE,A,for,for,-35.72246551513672,"[-3.5826042, -6.879476, -6.2871046, -6.467243, -1.1849742, -9.981241, -1.3398196]"
the child saved us the chocolate .,a soldier took a bowl to you .,DO,PD,SAVE,TAKE,THE,A,for,to,-42.884613037109375,"[-3.584055, -6.995293, -5.696728, -1.8748806, -9.960682, -4.9579782, -8.071044, -1.7439556]"
the child saved us the chocolate .,a soldier took you a bowl .,DO,DO,SAVE,TAKE,THE,A,for,to,-42.54008483886719,"[-3.584055, -6.995293, -5.696728, -7.9191227, -5.2873955, -8.705967, -4.3515253]"
the child saved us the tea .,a scientist showed a chicken to you .,DO,PD,SAVE,SHOW,THE,A,for,to,-38.808746337890625,"[-3.5887756, -7.7726917, -7.6402764, -2.3437967, -5.881132, -3.4900818, -6.538024, -1.5539696]"
the child saved us the tea .,a scientist showed you a chicken .,DO,DO,SAVE,SHOW,THE,A,for,to,-36.07939147949219,"[-3.5887756, -7.7726917, -7.6402764, -4.8948565, -2.1581945, -7.4732924, -2.5513058]"
the child saved you the beer .,a lawyer sent a coffee to us .,DO,PD,SAVE,SEND,THE,A,for,to,-37.60466766357422,"[-3.5687716, -7.2140474, -7.3544073, -0.97076285, -9.681225, -1.7272356, -5.6072187, -1.4809964]"
the child saved you the beer .,a lawyer sent us a coffee .,DO,DO,SAVE,SEND,THE,A,for,to,-32.73694610595703,"[-3.5687716, -7.2140474, -7.3544073, -4.2944655, -0.99408305, -7.3773375, -1.9338313]"
the child saved you the cheese .,an employer kept a coffee for it .,DO,PD,SAVE,KEEP,THE,A,for,for,-45.403968811035156,"[-5.689454, -7.335719, -10.13243, -1.5194412, -9.124557, -4.0514336, -6.813955, -0.7369823]"
the child saved you the cheese .,an employer kept it a coffee .,DO,DO,SAVE,KEEP,THE,A,for,for,-44.50591278076172,"[-5.689454, -7.335719, -10.13243, -4.7943397, -2.5782666, -12.581197, -1.3945045]"
the child saved you the cheese .,an employee took a jacket to us .,DO,PD,SAVE,TAKE,THE,A,for,to,-42.00102615356445,"[-5.689454, -4.610773, -6.9652185, -1.1795516, -9.865386, -3.587465, -8.185242, -1.9179376]"
the child saved you the cheese .,an employee took us a jacket .,DO,DO,SAVE,TAKE,THE,A,for,to,-39.12452697753906,"[-5.689454, -4.610773, -6.9652185, -6.9822526, -1.4018291, -11.11794, -2.3570604]"
the child saved you the pie .,a minister bought a tea for me .,DO,PD,SAVE,BUY,THE,A,for,for,-39.29402160644531,"[-3.5908456, -9.454971, -10.161742, -0.75798833, -7.2038603, -2.3297262, -4.491418, -1.3034719]"
the child saved you the pie .,a minister bought me a tea .,DO,DO,SAVE,BUY,THE,A,for,for,-36.12264633178711,"[-3.5908456, -9.454971, -10.161742, -5.130009, -0.4950102, -5.9488964, -1.341171]"
the child sent her the tea .,a girl purchased a log for them .,DO,PD,SEND,PURCHASE,THE,A,to,for,-40.20652770996094,"[-3.4994984, -6.2970777, -10.010721, -0.6813689, -9.371901, -2.324608, -6.8941526, -1.1271993]"
the child sent her the tea .,a girl purchased them a log .,DO,DO,SEND,PURCHASE,THE,A,to,for,-43.64849090576172,"[-3.4994984, -6.2970777, -10.010721, -7.293214, -4.7674017, -10.341513, -1.4390638]"
the child sent him the beer .,a manager gave a guitar to you .,DO,PD,SEND,GIVE,THE,A,to,to,-43.51145935058594,"[-3.4847727, -8.787319, -8.33075, -1.9602523, -10.657217, -0.39384344, -8.870024, -1.0272789]"
the child sent him the beer .,a manager gave you a guitar .,DO,DO,SEND,GIVE,THE,A,to,to,-38.096527099609375,"[-3.4847727, -8.787319, -8.33075, -6.997623, -0.98608226, -8.419583, -1.0903988]"
the child sent it the tea .,a singer left an anchor for him .,DO,PD,SEND,LEAVE,THE,A,to,for,-48.27271270751953,"[-3.4940581, -10.587654, -7.9735465, -3.08303, -9.188122, -2.7256973, -8.569385, -2.6512196]"
the child sent it the tea .,a singer left him an anchor .,DO,DO,SEND,LEAVE,THE,A,to,for,-43.532901763916016,"[-3.4940581, -10.587654, -7.9735465, -5.60382, -2.9971848, -10.304182, -2.572456]"
the child sent me the beer .,a soldier left a bell for it .,DO,PD,SEND,LEAVE,THE,A,to,for,-43.811790466308594,"[-3.4740622, -7.1543083, -6.7082, -1.4540459, -12.644789, -2.8991299, -8.153084, -1.3241714]"
the child sent me the beer .,a soldier left it a bell .,DO,DO,SEND,LEAVE,THE,A,to,for,-42.04600524902344,"[-3.4740622, -7.1543083, -6.7082, -6.2681746, -5.243248, -11.869282, -1.3287315]"
the child sent me the beer .,a minister caught a newspaper for us .,DO,PD,SEND,CATCH,THE,A,to,for,-50.69287109375,"[-3.4740622, -9.390515, -8.364808, -4.6957664, -8.534512, -4.5357656, -10.391775, -1.305667]"
the child sent me the beer .,a minister caught us a newspaper .,DO,DO,SEND,CATCH,THE,A,to,for,-44.60966110229492,"[-3.4740622, -9.390515, -8.364808, -7.269614, -4.0574913, -10.01101, -2.0421612]"
the child sent me the beer .,a husband delivered a juice for us .,DO,PD,SEND,DELIVER,THE,A,to,for,-44.40835189819336,"[-3.4740622, -8.450602, -10.8933735, -0.81760293, -11.925705, -3.005974, -4.960087, -0.88094807]"
the child sent me the beer .,a husband delivered us a juice .,DO,DO,SEND,DELIVER,THE,A,to,for,-38.51277160644531,"[-3.4740622, -8.450602, -10.8933735, -5.4167786, -0.9329425, -8.217508, -1.1275026]"
the child sent me the tea .,a guy sold a candy to us .,DO,PD,SEND,SELL,THE,A,to,to,-35.618568420410156,"[-3.4793668, -7.6523647, -8.162884, -1.6918203, -6.60226, -3.0962558, -4.1442842, -0.7893358]"
the child sent me the tea .,a guy sold us a candy .,DO,DO,SEND,SELL,THE,A,to,to,-31.655406951904297,"[-3.4793668, -7.6523647, -8.162884, -4.454032, -0.95906854, -5.8813353, -1.0663545]"
the child sent the anchor to us .,a parent promised a jacket to you .,PD,PD,SEND,PROMISE,THE,A,to,to,-45.81556701660156,"[-3.4670415, -7.4577093, -10.290996, -1.8518164, -12.679956, -1.5392332, -7.134069, -1.394745]"
the child sent the anchor to us .,a parent promised you a jacket .,PD,DO,SEND,PROMISE,THE,A,to,to,-41.746063232421875,"[-3.4670415, -7.4577093, -10.290996, -6.710929, -1.706991, -10.180397, -1.9319965]"
the child sent the beer to him .,a manager gave a guitar to you .,PD,PD,SEND,GIVE,THE,A,to,to,-41.58191680908203,"[-3.4594038, -8.847138, -8.5803, -1.2083056, -10.295082, -0.13847093, -8.237705, -0.8155106]"
the child sent the beer to him .,a manager gave you a guitar .,PD,DO,SEND,GIVE,THE,A,to,to,-37.933467864990234,"[-3.4594038, -8.847138, -8.5803, -6.568239, -0.6681386, -8.426264, -1.3839828]"
the child sent the beer to me .,a soldier left a bell for it .,PD,PD,SEND,LEAVE,THE,A,to,for,-43.508880615234375,"[-3.4399023, -7.2886415, -6.819396, -1.1542673, -12.12813, -2.7233639, -8.164804, -1.7903721]"
the child sent the beer to me .,a soldier left it a bell .,PD,DO,SEND,LEAVE,THE,A,to,for,-42.74104309082031,"[-3.4399023, -7.2886415, -6.819396, -6.144576, -5.4827538, -11.698739, -1.8670311]"
the child sent the beer to me .,a minister caught a newspaper for us .,PD,PD,SEND,CATCH,THE,A,to,for,-51.153499603271484,"[-3.4399023, -9.62784, -8.474931, -4.525618, -8.571046, -4.950968, -10.194134, -1.3690615]"
the child sent the beer to me .,a minister caught us a newspaper .,PD,DO,SEND,CATCH,THE,A,to,for,-46.26133346557617,"[-3.4399023, -9.62784, -8.474931, -8.020627, -4.09725, -9.565604, -3.0351825]"
the child sent the beer to me .,a husband delivered a juice for us .,PD,PD,SEND,DELIVER,THE,A,to,for,-44.125450134277344,"[-3.4399023, -8.460277, -11.076202, -0.5386535, -11.576156, -3.8111649, -4.2674956, -0.9556011]"
the child sent the beer to me .,a husband delivered us a juice .,PD,DO,SEND,DELIVER,THE,A,to,for,-41.69502258300781,"[-3.4399023, -8.460277, -11.076202, -7.3723993, -0.6803938, -8.772079, -1.893766]"
the child sent the beer to them .,a buddy threw a box to you .,PD,PD,SEND,THROW,THE,A,to,to,-42.62275695800781,"[-3.45261, -11.153499, -8.054697, -0.5309154, -6.2779636, -5.9864326, -6.46022, -0.7064197]"
the child sent the beer to them .,a buddy threw you a box .,PD,DO,SEND,THROW,THE,A,to,to,-37.93986511230469,"[-3.45261, -11.153499, -8.054697, -6.753419, -0.41408712, -5.5663223, -2.5452297]"
the child sent the tea to her .,a girl purchased a log for them .,PD,PD,SEND,PURCHASE,THE,A,to,for,-40.45177459716797,"[-3.468606, -6.4256573, -10.386278, -0.6249311, -9.334084, -2.2532058, -6.9269304, -1.0320809]"
the child sent the tea to her .,a girl purchased them a log .,PD,DO,SEND,PURCHASE,THE,A,to,for,-46.00593185424805,"[-3.468606, -6.4256573, -10.386278, -8.105638, -4.975195, -10.554097, -2.090458]"
the child sent the tea to it .,a singer left an anchor for him .,PD,PD,SEND,LEAVE,THE,A,to,for,-47.342918395996094,"[-3.4604623, -10.6135, -7.8633814, -2.9596162, -8.693831, -2.735328, -8.340498, -2.6762996]"
the child sent the tea to it .,a singer left him an anchor .,PD,DO,SEND,LEAVE,THE,A,to,for,-44.51355743408203,"[-3.4604623, -10.6135, -7.8633814, -5.9600263, -3.7337656, -10.005537, -2.8768854]"
the child sent the tea to me .,a guy sold a candy to us .,PD,PD,SEND,SELL,THE,A,to,to,-33.08211898803711,"[-3.4566457, -7.6892166, -8.400285, -1.0904685, -6.5946836, -1.4865346, -3.7090394, -0.6552448]"
the child sent the tea to me .,a guy sold us a candy .,PD,DO,SEND,SELL,THE,A,to,to,-33.381561279296875,"[-3.4566457, -7.6892166, -8.400285, -5.0907574, -0.6679908, -6.3161564, -1.7605093]"
the child sent the tea to us .,a candidate gave a juice to you .,PD,PD,SEND,GIVE,THE,A,to,to,-41.76481628417969,"[-3.4609237, -8.8491745, -7.892547, -0.57373977, -12.691361, -0.34854075, -6.958404, -0.99012375]"
the child sent the tea to us .,a candidate gave you a juice .,PD,DO,SEND,GIVE,THE,A,to,to,-39.50115966796875,"[-3.4609237, -8.8491745, -7.892547, -7.2736244, -0.7124994, -9.282572, -2.0298214]"
the child sent the tea to us .,a guest supplied a coffee to me .,PD,PD,SEND,SUPPLY,THE,A,to,to,-36.24280548095703,"[-3.4609237, -8.035771, -13.341428, -2.309291, -5.9895344, -1.1581311, -1.5178356, -0.4298924]"
the child sent the tea to us .,a guest supplied me a coffee .,PD,DO,SEND,SUPPLY,THE,A,to,to,-38.86634063720703,"[-3.4609237, -8.035771, -13.341428, -4.104821, -4.128674, -4.577159, -1.217562]"
the child sent the tea to you .,a buddy left a flower for him .,PD,PD,SEND,LEAVE,THE,A,to,for,-38.65662384033203,"[-3.4549193, -11.29493, -7.4331326, -1.0978714, -7.7193327, -3.0043602, -3.7274547, -0.9246229]"
the child sent the tea to you .,a buddy left him a flower .,PD,DO,SEND,LEAVE,THE,A,to,for,-36.675559997558594,"[-3.4549193, -11.29493, -7.4331326, -4.524196, -0.9164787, -7.907628, -1.144273]"
the child sent them the beer .,a buddy threw a box to you .,DO,PD,SEND,THROW,THE,A,to,to,-44.15808868408203,"[-3.4690123, -11.222755, -8.030032, -0.6798505, -6.4520473, -6.404427, -7.0286713, -0.87129164]"
the child sent them the beer .,a buddy threw you a box .,DO,DO,SEND,THROW,THE,A,to,to,-38.64393615722656,"[-3.4690123, -11.222755, -8.030032, -6.9423647, -0.42809266, -5.8996563, -2.6520221]"
the child sent us the anchor .,a parent promised a jacket to you .,DO,PD,SEND,PROMISE,THE,A,to,to,-47.511695861816406,"[-3.479952, -7.4143734, -10.173792, -2.0149827, -12.720963, -2.1163783, -7.7884197, -1.8028374]"
the child sent us the anchor .,a parent promised you a jacket .,DO,DO,SEND,PROMISE,THE,A,to,to,-41.055171966552734,"[-3.479952, -7.4143734, -10.173792, -6.2803807, -1.8750259, -10.188021, -1.643626]"
the child sent us the tea .,a candidate gave a juice to you .,DO,PD,SEND,GIVE,THE,A,to,to,-44.5118293762207,"[-3.4821784, -8.838019, -7.738867, -0.7818293, -13.221953, -1.0101651, -8.068361, -1.3704575]"
the child sent us the tea .,a candidate gave you a juice .,DO,DO,SEND,GIVE,THE,A,to,to,-37.394996643066406,"[-3.4821784, -8.838019, -7.738867, -6.543899, -0.91319823, -8.612192, -1.2666423]"
the child sent us the tea .,a guest supplied a coffee to me .,DO,PD,SEND,SUPPLY,THE,A,to,to,-39.59233856201172,"[-3.4821784, -8.111622, -13.539697, -2.4613132, -6.092039, -2.9686608, -2.3403199, -0.5965096]"
the child sent us the tea .,a guest supplied me a coffee .,DO,DO,SEND,SUPPLY,THE,A,to,to,-36.943359375,"[-3.4821784, -8.111622, -13.539697, -3.616953, -3.7124856, -3.6949182, -0.78550464]"
the child sent you the tea .,a buddy left a flower for him .,DO,PD,SEND,LEAVE,THE,A,to,for,-38.79961395263672,"[-3.4743068, -10.987227, -7.483543, -1.5617328, -8.018929, -2.70286, -3.6295462, -0.94147205]"
the child sent you the tea .,a buddy left him a flower .,DO,DO,SEND,LEAVE,THE,A,to,for,-35.605194091796875,"[-3.4743068, -10.987227, -7.483543, -4.0895486, -0.9488026, -7.717628, -0.9041406]"
the child showed him the juice .,a hero bought a chicken for you .,DO,PD,SHOW,BUY,THE,A,to,for,-41.235595703125,"[-3.4945173, -9.043478, -9.220982, -0.65120554, -6.5570335, -2.7567647, -8.374154, -1.1374588]"
the child showed him the juice .,a hero bought you a chicken .,DO,DO,SHOW,BUY,THE,A,to,for,-39.274314880371094,"[-3.4945173, -9.043478, -9.220982, -8.329077, -0.5299228, -7.0095444, -1.6467962]"
the child showed me the bell .,an actor promised a coffee to you .,DO,PD,SHOW,PROMISE,THE,A,to,to,-47.74951934814453,"[-5.661889, -6.8222857, -11.456353, -2.2028124, -9.999504, -3.1448352, -6.7880483, -1.6737912]"
the child showed me the bell .,an actor promised you a coffee .,DO,DO,SHOW,PROMISE,THE,A,to,to,-41.03615188598633,"[-5.661889, -6.8222857, -11.456353, -6.2451057, -1.5708511, -7.822996, -1.4566717]"
the child showed the bell to me .,an actor promised a coffee to you .,PD,PD,SHOW,PROMISE,THE,A,to,to,-47.58781051635742,"[-5.6792417, -6.925763, -11.63548, -2.1189792, -10.1055155, -2.9490535, -6.557232, -1.6165442]"
the child showed the bell to me .,an actor promised you a coffee .,PD,DO,SHOW,PROMISE,THE,A,to,to,-42.23081970214844,"[-5.6792417, -6.925763, -11.63548, -6.7777357, -1.3718101, -7.9462943, -1.8944981]"
the child showed the bell to them .,an author found a coffee for us .,PD,PD,SHOW,FIND,THE,A,to,for,-41.761104583740234,"[-5.6920733, -8.185021, -6.0434713, -1.1930943, -9.414492, -4.885271, -5.0256, -1.3220831]"
the child showed the bell to them .,an author found us a coffee .,PD,DO,SHOW,FIND,THE,A,to,for,-44.633975982666016,"[-5.6920733, -8.185021, -6.0434713, -10.333892, -3.4981105, -8.844003, -2.0374053]"
the child showed the iron to us .,a father made a bell for me .,PD,PD,SHOW,MAKE,THE,A,to,for,-35.989906311035156,"[-3.4356785, -6.3902483, -6.6639204, -0.8524012, -11.268797, -1.6449761, -4.3915815, -1.342304]"
the child showed the iron to us .,a father made me a bell .,PD,DO,SHOW,MAKE,THE,A,to,for,-36.492740631103516,"[-3.4356785, -6.3902483, -6.6639204, -6.9393563, -1.2407695, -10.631399, -1.1913671]"
the child showed the iron to us .,a lawyer supplied a hat to me .,PD,PD,SHOW,SUPPLY,THE,A,to,to,-44.27022933959961,"[-3.4356785, -7.3756595, -12.916284, -2.9465013, -10.502279, -0.3737434, -5.2898164, -1.4302664]"
the child showed the iron to us .,a lawyer supplied me a hat .,PD,DO,SHOW,SUPPLY,THE,A,to,to,-45.93630599975586,"[-3.4356785, -7.3756595, -12.916284, -4.552423, -4.8387084, -10.657023, -2.1605287]"
the child showed the iron to us .,a buddy delivered a chicken for me .,PD,PD,SHOW,DELIVER,THE,A,to,for,-40.891517639160156,"[-3.4356785, -11.622261, -10.483824, -0.90819716, -7.425539, -4.5349956, -1.6154666, -0.86555386]"
the child showed the iron to us .,a buddy delivered me a chicken .,PD,DO,SHOW,DELIVER,THE,A,to,for,-39.0638542175293,"[-3.4356785, -11.622261, -10.483824, -3.1070669, -0.76521957, -7.384094, -2.2657118]"
the child showed the iron to you .,a prince took a box to me .,PD,PD,SHOW,TAKE,THE,A,to,to,-38.55793380737305,"[-3.4352267, -11.239048, -6.000254, -1.1024132, -7.0235624, -3.9790692, -4.8322477, -0.9461121]"
the child showed the iron to you .,a prince took me a box .,PD,DO,SHOW,TAKE,THE,A,to,to,-41.07762145996094,"[-3.4352267, -11.239048, -6.000254, -5.133157, -5.142155, -7.6539364, -2.4738426]"
the child showed the juice to him .,a hero bought a chicken for you .,PD,PD,SHOW,BUY,THE,A,to,for,-40.61882781982422,"[-3.4822307, -9.070713, -9.4608345, -0.50985277, -6.441122, -2.7640147, -7.8038807, -1.086178]"
the child showed the juice to him .,a hero bought you a chicken .,PD,DO,SHOW,BUY,THE,A,to,for,-40.16547393798828,"[-3.4822307, -9.070713, -9.4608345, -8.784001, -0.45101446, -6.987055, -1.9296255]"
the child showed the juice to us .,a parent sent a cheese to you .,PD,PD,SHOW,SEND,THE,A,to,to,-39.34877395629883,"[-3.4677815, -7.701238, -6.3207645, -0.91961133, -11.105983, -1.2806237, -7.228816, -1.3239565]"
the child showed the juice to us .,a parent sent you a cheese .,PD,DO,SHOW,SEND,THE,A,to,to,-40.413352966308594,"[-3.4677815, -7.701238, -6.3207645, -7.4689345, -1.0243918, -10.316327, -4.1139135]"
the child showed them the bell .,an author found a coffee for us .,DO,PD,SHOW,FIND,THE,A,to,for,-41.66993713378906,"[-5.685906, -8.0023985, -6.0427456, -1.3540413, -9.2980385, -4.7247276, -5.3149104, -1.2471683]"
the child showed them the bell .,an author found us a coffee .,DO,DO,SHOW,FIND,THE,A,to,for,-40.797325134277344,"[-5.685906, -8.0023985, -6.0427456, -9.428736, -2.5786173, -7.7065372, -1.3523852]"
the child showed us the iron .,a father made a bell for me .,DO,PD,SHOW,MAKE,THE,A,to,for,-36.58966827392578,"[-3.4578476, -6.324555, -6.6315546, -1.0105903, -11.59355, -1.7348263, -4.455229, -1.3815172]"
the child showed us the iron .,a father made me a bell .,DO,DO,SHOW,MAKE,THE,A,to,for,-34.70008087158203,"[-3.4578476, -6.324555, -6.6315546, -5.81098, -1.3280433, -10.250508, -0.89659417]"
the child showed us the iron .,a lawyer supplied a hat to me .,DO,PD,SHOW,SUPPLY,THE,A,to,to,-45.43647003173828,"[-3.4578476, -7.2307515, -12.630627, -3.0296721, -10.383134, -0.58919376, -6.4563975, -1.6588486]"
the child showed us the iron .,a lawyer supplied me a hat .,DO,DO,SHOW,SUPPLY,THE,A,to,to,-43.18028259277344,"[-3.4578476, -7.2307515, -12.630627, -4.1009355, -4.319868, -9.783507, -1.6567427]"
the child showed us the iron .,a buddy delivered a chicken for me .,DO,PD,SHOW,DELIVER,THE,A,to,for,-41.01160430908203,"[-3.4578476, -11.42042, -10.591249, -1.1224667, -7.579691, -4.127893, -1.7497678, -0.9622687]"
the child showed us the iron .,a buddy delivered me a chicken .,DO,DO,SHOW,DELIVER,THE,A,to,for,-37.00947952270508,"[-3.4578476, -11.42042, -10.591249, -2.284536, -0.75435203, -7.2259493, -1.2751234]"
the child showed us the juice .,a parent sent a cheese to you .,DO,PD,SHOW,SEND,THE,A,to,to,-41.62928771972656,"[-3.4864092, -7.6238794, -6.5420265, -1.2500072, -11.396506, -2.0593762, -7.8321266, -1.4389564]"
the child showed us the juice .,a parent sent you a cheese .,DO,DO,SHOW,SEND,THE,A,to,to,-36.77400207519531,"[-3.4864092, -7.6238794, -6.5420265, -6.765327, -0.89100015, -9.20004, -2.2653215]"
the child showed you the iron .,a prince took a box to me .,DO,PD,SHOW,TAKE,THE,A,to,to,-41.027565002441406,"[-3.4527955, -11.212224, -6.0435596, -1.1866732, -7.4181175, -4.347794, -6.3546844, -1.0117179]"
the child showed you the iron .,a prince took me a box .,DO,DO,SHOW,TAKE,THE,A,to,to,-40.53852844238281,"[-3.4527955, -11.212224, -6.0435596, -5.03008, -5.409504, -7.254556, -2.135811]"
the child sold her the newspaper .,a winner delivered a beer for me .,DO,PD,SELL,DELIVER,THE,A,to,for,-42.89708709716797,"[-3.5423875, -10.836952, -10.8692875, -1.0152477, -8.92857, -2.7541323, -4.0737824, -0.8767278]"
the child sold her the newspaper .,a winner delivered me a beer .,DO,DO,SELL,DELIVER,THE,A,to,for,-40.274742126464844,"[-3.5423875, -10.836952, -10.8692875, -7.1914525, -0.81626415, -6.0601435, -0.95825696]"
the child sold him the juice .,a singer made a ball for you .,DO,PD,SELL,MAKE,THE,A,to,for,-44.876338958740234,"[-3.5277886, -10.27957, -6.008019, -1.2881683, -10.07226, -5.858188, -6.6382947, -1.2040484]"
the child sold him the juice .,a singer made you a ball .,DO,DO,SELL,MAKE,THE,A,to,for,-39.408843994140625,"[-3.5277886, -10.27957, -6.008019, -8.342607, -2.6639369, -7.472562, -1.1143601]"
the child sold it the newspaper .,a mayor bought a jacket for her .,DO,PD,SELL,BUY,THE,A,to,for,-42.09978485107422,"[-3.5269985, -10.21538, -10.354368, -0.6895701, -8.491148, -2.46558, -2.8080528, -3.548689]"
the child sold it the newspaper .,a mayor bought her a jacket .,DO,DO,SELL,BUY,THE,A,to,for,-38.50352478027344,"[-3.5269985, -10.21538, -10.354368, -4.3977475, -0.8482793, -7.608917, -1.5518347]"
the child sold me the beer .,an employee took a jacket to us .,DO,PD,SELL,TAKE,THE,A,to,to,-40.832679748535156,"[-5.6388416, -4.4296126, -6.5325956, -1.0366757, -9.633529, -3.9869392, -8.221218, -1.3532655]"
the child sold me the beer .,an employee took us a jacket .,DO,DO,SELL,TAKE,THE,A,to,to,-40.341861724853516,"[-5.6388416, -4.4296126, -6.5325956, -6.5472536, -3.7537541, -11.483149, -1.9566556]"
the child sold me the beer .,a chief delivered a cigarette for you .,DO,PD,SELL,DELIVER,THE,A,to,for,-47.364845275878906,"[-3.5107489, -9.221161, -12.888286, -0.6171762, -9.336745, -4.838637, -6.1123695, -0.8397201]"
the child sold me the beer .,a chief delivered you a cigarette .,DO,DO,SELL,DELIVER,THE,A,to,for,-41.780845642089844,"[-3.5107489, -9.221161, -12.888286, -8.481007, -0.7576815, -6.376012, -0.54594827]"
the child sold me the cheese .,a scientist found a coffee for them .,DO,PD,SELL,FIND,THE,A,to,for,-40.47801208496094,"[-3.5280828, -8.089617, -5.2940626, -1.2126544, -9.251913, -5.5888762, -6.856102, -0.65670395]"
the child sold me the cheese .,a scientist found them a coffee .,DO,DO,SELL,FIND,THE,A,to,for,-37.514739990234375,"[-3.5280828, -8.089617, -5.2940626, -7.01997, -4.3011827, -8.210962, -1.0708627]"
the child sold me the cup .,a writer purchased an iron for it .,DO,PD,SELL,PURCHASE,THE,A,to,for,-45.33290100097656,"[-3.5234554, -8.138983, -10.60869, -3.000916, -7.9428434, -4.6150064, -6.719708, -0.7832961]"
the child sold me the cup .,a writer purchased it an iron .,DO,DO,SELL,PURCHASE,THE,A,to,for,-48.403770446777344,"[-3.5234554, -8.138983, -10.60869, -5.4150825, -8.843708, -9.662388, -2.211467]"
the child sold me the cup .,an adult supplied a coffee to you .,DO,PD,SELL,SUPPLY,THE,A,to,to,-43.028282165527344,"[-5.6474648, -5.813755, -12.959057, -2.3645687, -5.9692407, -2.7433114, -6.856885, -0.6739991]"
the child sold me the cup .,an adult supplied you a coffee .,DO,DO,SELL,SUPPLY,THE,A,to,to,-40.072021484375,"[-5.6474648, -5.813755, -12.959057, -4.9858875, -4.9928145, -4.7270665, -0.9459784]"
the child sold me the hat .,a student fed a cheese to you .,DO,PD,SELL,FEED,THE,A,to,to,-41.92220687866211,"[-3.5283563, -5.625662, -10.899098, -1.8431793, -7.065833, -3.205517, -8.20437, -1.550191]"
the child sold me the hat .,a student fed you a cheese .,DO,DO,SELL,FEED,THE,A,to,to,-40.45311737060547,"[-3.5283563, -5.625662, -10.899098, -7.1487975, -2.8807468, -8.176824, -2.1936343]"
the child sold the beer to me .,an employee took a jacket to us .,PD,PD,SELL,TAKE,THE,A,to,to,-37.81536102294922,"[-5.6374903, -4.2660723, -6.755041, -1.0283527, -9.460535, -3.4333713, -6.1182446, -1.1162522]"
the child sold the beer to me .,an employee took us a jacket .,PD,DO,SELL,TAKE,THE,A,to,to,-39.818878173828125,"[-5.6374903, -4.2660723, -6.755041, -6.8814487, -3.1383529, -10.755725, -2.3847506]"
the child sold the beer to me .,a chief delivered a cigarette for you .,PD,PD,SELL,DELIVER,THE,A,to,for,-47.63784408569336,"[-3.5062659, -9.239713, -12.680342, -0.66177577, -8.722353, -6.136145, -5.766437, -0.92481244]"
the child sold the beer to me .,a chief delivered you a cigarette .,PD,DO,SELL,DELIVER,THE,A,to,for,-42.664398193359375,"[-3.5062659, -9.239713, -12.680342, -8.664774, -0.73518366, -7.0321274, -0.8059931]"
the child sold the beer to us .,a scientist gave a pie to me .,PD,PD,SELL,GIVE,THE,A,to,to,-31.13458824157715,"[-3.5082047, -8.215988, -6.789777, -1.4146222, -9.025288, -0.120192185, -1.3574759, -0.7030394]"
the child sold the beer to us .,a scientist gave me a pie .,PD,DO,SELL,GIVE,THE,A,to,to,-30.005441665649414,"[-3.5082047, -8.215988, -6.789777, -1.6518248, -0.5779169, -7.796713, -1.4650167]"
the child sold the beer to us .,a lawyer caught an engine for it .,PD,PD,SELL,CATCH,THE,A,to,for,-49.719688415527344,"[-3.5082047, -6.9935784, -9.8534, -6.3975887, -8.593633, -5.658994, -7.104121, -1.610172]"
the child sold the beer to us .,a lawyer caught it an engine .,PD,DO,SELL,CATCH,THE,A,to,for,-48.43834686279297,"[-3.5082047, -6.9935784, -9.8534, -5.6361217, -9.766314, -10.471825, -2.2089047]"
the child sold the beer to us .,a cop promised a salad to it .,PD,PD,SELL,PROMISE,THE,A,to,to,-43.921470642089844,"[-3.5082047, -8.420258, -10.038968, -2.401351, -9.037277, -1.3270841, -8.262221, -0.92610645]"
the child sold the beer to us .,a cop promised it a salad .,PD,DO,SELL,PROMISE,THE,A,to,to,-42.37336730957031,"[-3.5082047, -8.420258, -10.038968, -5.7654066, -5.385199, -7.976795, -1.2785326]"
the child sold the box to us .,a parent kept a juice for him .,PD,PD,SELL,KEEP,THE,A,to,for,-48.46812438964844,"[-3.5101535, -7.729905, -8.7422085, -1.6712401, -13.289165, -7.1408677, -5.11332, -1.2712641]"
the child sold the box to us .,a parent kept him a juice .,PD,DO,SELL,KEEP,THE,A,to,for,-46.18456268310547,"[-3.5101535, -7.729905, -8.7422085, -5.3400936, -5.161525, -11.199803, -4.500873]"
the child sold the cheese to me .,a scientist found a coffee for them .,PD,PD,SELL,FIND,THE,A,to,for,-39.735321044921875,"[-3.523314, -7.9987535, -5.20555, -1.1781431, -8.5308485, -5.853095, -6.56174, -0.8838763]"
the child sold the cheese to me .,a scientist found them a coffee .,PD,DO,SELL,FIND,THE,A,to,for,-37.89771270751953,"[-3.523314, -7.9987535, -5.20555, -7.0761228, -4.446157, -7.705987, -1.9418277]"
the child sold the cheese to us .,a father brought a beer to me .,PD,PD,SELL,BRING,THE,A,to,to,-29.37331771850586,"[-3.516786, -6.5325966, -7.399142, -1.7313042, -6.993986, -0.15884884, -2.083605, -0.9570485]"
the child sold the cheese to us .,a father brought me a beer .,PD,DO,SELL,BRING,THE,A,to,to,-29.533061981201172,"[-3.516786, -6.5325966, -7.399142, -4.0827494, -1.3883818, -5.009223, -1.6041844]"
the child sold the cup to me .,a writer purchased an iron for it .,PD,PD,SELL,PURCHASE,THE,A,to,for,-44.21613693237305,"[-3.4980302, -8.053418, -9.982032, -2.9611259, -7.518103, -4.9052196, -6.5690517, -0.7291557]"
the child sold the cup to me .,a writer purchased it an iron .,PD,DO,SELL,PURCHASE,THE,A,to,for,-48.40028762817383,"[-3.4980302, -8.053418, -9.982032, -5.632895, -8.6411495, -9.830612, -2.762153]"
the child sold the cup to me .,an adult supplied a coffee to you .,PD,PD,SELL,SUPPLY,THE,A,to,to,-39.16124725341797,"[-5.644591, -5.902195, -12.693855, -1.8650312, -5.465527, -1.2293442, -5.9006734, -0.4600293]"
the child sold the cup to me .,an adult supplied you a coffee .,PD,DO,SELL,SUPPLY,THE,A,to,to,-40.737815856933594,"[-5.644591, -5.902195, -12.693855, -5.4303656, -4.6374245, -4.8761187, -1.5532649]"
the child sold the hat to me .,a student fed a cheese to you .,PD,PD,SELL,FEED,THE,A,to,to,-37.46620559692383,"[-3.519589, -5.6589975, -10.82715, -1.1078421, -7.3257914, -1.1072026, -7.0135117, -0.90612197]"
the child sold the hat to me .,a student fed you a cheese .,PD,DO,SELL,FEED,THE,A,to,to,-38.16156768798828,"[-3.519589, -5.6589975, -10.82715, -6.7775598, -1.3088745, -7.4755907, -2.5938053]"
the child sold the hat to us .,a cousin threw a meal to you .,PD,PD,SELL,THROW,THE,A,to,to,-40.310691833496094,"[-3.5249496, -9.364473, -8.926289, -0.600494, -8.85699, -2.528882, -5.564767, -0.9438455]"
the child sold the hat to us .,a cousin threw you a meal .,PD,DO,SELL,THROW,THE,A,to,to,-41.92748260498047,"[-3.5249496, -9.364473, -8.926289, -8.170099, -0.56747025, -9.639455, -1.7347486]"
the child sold the juice to him .,a singer made a ball for you .,PD,PD,SELL,MAKE,THE,A,to,for,-42.698158264160156,"[-3.5346448, -10.111906, -5.916603, -1.026543, -9.259037, -5.810788, -5.90802, -1.1306136]"
the child sold the juice to him .,a singer made you a ball .,PD,DO,SELL,MAKE,THE,A,to,for,-38.598594665527344,"[-3.5346448, -10.111906, -5.916603, -7.943108, -2.4512866, -7.314251, -1.3267969]"
the child sold the newspaper to her .,a winner delivered a beer for me .,PD,PD,SELL,DELIVER,THE,A,to,for,-42.984580993652344,"[-3.5265877, -10.786743, -11.07862, -0.85259557, -8.631274, -3.2854388, -3.834359, -0.98896194]"
the child sold the newspaper to her .,a winner delivered me a beer .,PD,DO,SELL,DELIVER,THE,A,to,for,-40.61505126953125,"[-3.5265877, -10.786743, -11.07862, -7.3735514, -0.74336064, -5.879491, -1.2266972]"
the child sold the newspaper to it .,a mayor bought a jacket for her .,PD,PD,SELL,BUY,THE,A,to,for,-41.19965362548828,"[-3.5274155, -10.248766, -10.6675825, -0.54528797, -8.205286, -2.4239438, -2.7454424, -2.8359287]"
the child sold the newspaper to it .,a mayor bought her a jacket .,PD,DO,SELL,BUY,THE,A,to,for,-38.557315826416016,"[-3.5274155, -10.248766, -10.6675825, -4.294985, -0.69352955, -7.2959867, -1.8290515]"
the child sold the newspaper to us .,a sheriff saved a flower for me .,PD,PD,SELL,SAVE,THE,A,to,for,-41.99089050292969,"[-3.5303464, -8.955872, -11.168526, -1.2266103, -9.829647, -3.76901, -2.8246584, -0.6862222]"
the child sold the newspaper to us .,a sheriff saved me a flower .,PD,DO,SELL,SAVE,THE,A,to,for,-43.75750732421875,"[-3.5303464, -8.955872, -11.168526, -4.6627045, -2.718511, -11.24567, -1.4758748]"
the child sold us the beer .,a scientist gave a pie to me .,DO,PD,SELL,GIVE,THE,A,to,to,-34.52619171142578,"[-3.5158486, -8.165568, -6.903602, -1.3987007, -9.283447, -0.29431906, -4.0706635, -0.89404345]"
the child sold us the beer .,a scientist gave me a pie .,DO,DO,SELL,GIVE,THE,A,to,to,-29.67841339111328,"[-3.5158486, -8.165568, -6.903602, -1.840478, -0.6684404, -7.6592574, -0.92521894]"
the child sold us the beer .,a lawyer caught an engine for it .,DO,PD,SELL,CATCH,THE,A,to,for,-49.727867126464844,"[-3.5158486, -6.969775, -9.726543, -6.6362143, -8.472843, -6.0722847, -7.154028, -1.1803299]"
the child sold us the beer .,a lawyer caught it an engine .,DO,DO,SELL,CATCH,THE,A,to,for,-48.32774353027344,"[-3.5158486, -6.969775, -9.726543, -5.8049965, -10.275402, -10.336346, -1.69883]"
the child sold us the beer .,a cop promised a salad to it .,DO,PD,SELL,PROMISE,THE,A,to,to,-45.21741485595703,"[-3.5158486, -8.265143, -9.837996, -2.2503715, -9.424368, -2.7108493, -8.322452, -0.8903846]"
the child sold us the beer .,a cop promised it a salad .,DO,DO,SELL,PROMISE,THE,A,to,to,-41.827125549316406,"[-3.5158486, -8.265143, -9.837996, -5.8472304, -5.5443935, -7.7898283, -1.0266833]"
the child sold us the box .,a parent kept a juice for him .,DO,PD,SELL,KEEP,THE,A,to,for,-49.29584503173828,"[-3.5214694, -7.7337284, -8.671778, -1.8488791, -13.5735035, -7.1771007, -5.448864, -1.3205209]"
the child sold us the box .,a parent kept him a juice .,DO,DO,SELL,KEEP,THE,A,to,for,-45.56475067138672,"[-3.5214694, -7.7337284, -8.671778, -4.9778776, -4.8874636, -11.400291, -4.372143]"
the child sold us the cheese .,a father brought a beer to me .,DO,PD,SELL,BRING,THE,A,to,to,-31.42524528503418,"[-3.5197334, -6.448887, -7.4900537, -1.6431649, -7.416857, -0.499626, -3.2126398, -1.1942841]"
the child sold us the cheese .,a father brought me a beer .,DO,DO,SELL,BRING,THE,A,to,to,-28.582120895385742,"[-3.5197334, -6.448887, -7.4900537, -3.7919858, -1.6544582, -4.640517, -1.0364858]"
the child sold us the hat .,a cousin threw a meal to you .,DO,PD,SELL,THROW,THE,A,to,to,-41.26908874511719,"[-3.5285604, -9.199011, -8.819767, -0.6750739, -8.926072, -3.1945672, -5.715081, -1.2109538]"
the child sold us the hat .,a cousin threw you a meal .,DO,DO,SELL,THROW,THE,A,to,to,-40.92431640625,"[-3.5285604, -9.199011, -8.819767, -7.131678, -0.67071396, -9.963919, -1.6106678]"
the child sold us the newspaper .,a sheriff saved a flower for me .,DO,PD,SELL,SAVE,THE,A,to,for,-43.63498306274414,"[-3.524706, -8.823481, -11.071828, -1.1338539, -10.064449, -3.9980626, -4.1625586, -0.8560457]"
the child sold us the newspaper .,a sheriff saved me a flower .,DO,DO,SELL,SAVE,THE,A,to,for,-41.940921783447266,"[-3.524706, -8.823481, -11.071828, -4.6071215, -2.2721887, -10.428477, -1.2131219]"
the child supplied her the cheese .,a buddy threw a box to you .,DO,PD,SUPPLY,THROW,THE,A,to,to,-44.39556121826172,"[-3.54554, -11.228161, -8.330453, -0.85011595, -5.964176, -6.0781746, -7.4543066, -0.9446343]"
the child supplied her the cheese .,a buddy threw you a box .,DO,DO,SUPPLY,THROW,THE,A,to,to,-38.572200775146484,"[-3.54554, -11.228161, -8.330453, -7.151601, -0.5004836, -5.3551407, -2.4608197]"
the child supplied him the coffee .,a guy found a beer for me .,DO,PD,SUPPLY,FIND,THE,A,to,for,-34.752838134765625,"[-3.55822, -7.855175, -6.668623, -1.0916865, -5.256325, -4.724724, -4.1226397, -1.4754436]"
the child supplied him the coffee .,a guy found me a beer .,DO,DO,SUPPLY,FIND,THE,A,to,for,-30.748001098632812,"[-3.55822, -7.855175, -6.668623, -6.3848457, -2.0947042, -2.964888, -1.2215469]"
the child supplied me the candy .,a son threw a coffee to you .,DO,PD,SUPPLY,THROW,THE,A,to,to,-43.32513427734375,"[-3.550656, -8.0259075, -8.798881, -0.8228579, -8.029347, -3.8916566, -8.748321, -1.457507]"
the child supplied me the candy .,a son threw you a coffee .,DO,DO,SUPPLY,THROW,THE,A,to,to,-39.17247772216797,"[-3.550656, -8.0259075, -8.798881, -9.849316, -0.6222653, -6.90891, -1.4165407]"
the child supplied me the juice .,an employee purchased a cheese for us .,DO,PD,SUPPLY,PURCHASE,THE,A,to,for,-40.41329574584961,"[-5.607341, -4.170194, -9.903078, -1.0460039, -8.407104, -3.684867, -5.9455853, -1.6491253]"
the child supplied me the juice .,an employee purchased us a cheese .,DO,DO,SUPPLY,PURCHASE,THE,A,to,for,-39.40497970581055,"[-5.607341, -4.170194, -9.903078, -8.327733, -1.0520947, -7.268939, -3.0755994]"
the child supplied the candy to me .,a son threw a coffee to you .,PD,PD,SUPPLY,THROW,THE,A,to,to,-41.4075927734375,"[-3.5343027, -8.139627, -8.88488, -0.67056245, -7.5485535, -3.2435217, -8.198296, -1.1878465]"
the child supplied the candy to me .,a son threw you a coffee .,PD,DO,SUPPLY,THROW,THE,A,to,to,-39.49603271484375,"[-3.5343027, -8.139627, -8.88488, -9.76394, -0.57627434, -6.5750504, -2.0219553]"
the child supplied the cheese to her .,a buddy threw a box to you .,PD,PD,SUPPLY,THROW,THE,A,to,to,-43.00112533569336,"[-3.553989, -10.949894, -8.278428, -0.7090722, -5.886552, -5.3762074, -7.4090414, -0.83794093]"
the child supplied the cheese to her .,a buddy threw you a box .,PD,DO,SUPPLY,THROW,THE,A,to,to,-38.600101470947266,"[-3.553989, -10.949894, -8.278428, -7.090866, -0.5495313, -5.4641953, -2.7131984]"
the child supplied the coffee to him .,a guy found a beer for me .,PD,PD,SUPPLY,FIND,THE,A,to,for,-34.56316375732422,"[-3.5422041, -7.659764, -6.7379723, -0.7686007, -5.3031225, -5.003293, -3.881425, -1.6667832]"
the child supplied the coffee to him .,a guy found me a beer .,PD,DO,SUPPLY,FIND,THE,A,to,for,-32.19935607910156,"[-3.5422041, -7.659764, -6.7379723, -6.1979494, -2.7778296, -3.4421148, -1.8415208]"
the child supplied the juice to me .,an employee purchased a cheese for us .,PD,PD,SUPPLY,PURCHASE,THE,A,to,for,-37.88920593261719,"[-5.634793, -4.3535886, -9.714954, -1.0388554, -7.8281646, -3.6200478, -3.922268, -1.7765356]"
the child supplied the juice to me .,an employee purchased us a cheese .,PD,DO,SUPPLY,PURCHASE,THE,A,to,for,-40.83987045288086,"[-5.634793, -4.3535886, -9.714954, -9.22548, -1.0543878, -7.099615, -3.7570512]"
the child threw him the button .,an actress purchased an instrument for you .,DO,PD,THROW,PURCHASE,THE,A,to,for,-43.36241912841797,"[-5.699709, -7.1909103, -9.143488, -2.8552825, -6.8300977, -1.842668, -8.452498, -1.3477641]"
the child threw him the button .,an actress purchased you an instrument .,DO,DO,THROW,PURCHASE,THE,A,to,for,-43.23603057861328,"[-5.699709, -7.1909103, -9.143488, -9.369546, -2.6843643, -7.0211515, -2.1268635]"
the child threw the button to him .,an actress purchased an instrument for you .,PD,PD,THROW,PURCHASE,THE,A,to,for,-43.547332763671875,"[-5.695037, -7.2792134, -9.649355, -2.877942, -7.0189404, -1.723622, -7.916585, -1.3866388]"
the child threw the button to him .,an actress purchased you an instrument .,PD,DO,THROW,PURCHASE,THE,A,to,for,-44.788368225097656,"[-5.695037, -7.2792134, -9.649355, -9.776789, -2.7213755, -7.229042, -2.4375582]"
the child threw the button to us .,a princess took a knife to him .,PD,PD,THROW,TAKE,THE,A,to,to,-33.574188232421875,"[-3.5688906, -10.729851, -5.2852006, -1.40363, -5.3854933, -0.5120579, -5.810754, -0.8783137]"
the child threw the button to us .,a princess took him a knife .,PD,DO,THROW,TAKE,THE,A,to,to,-39.570186614990234,"[-3.5688906, -10.729851, -5.2852006, -4.9381084, -5.522622, -7.6969047, -1.8286092]"
the child threw the computer to you .,a princess caught a motor for us .,PD,PD,THROW,CATCH,THE,A,to,for,-50.82001876831055,"[-3.5453336, -10.922188, -5.4294853, -3.9178355, -9.085811, -7.7619524, -9.261757, -0.8956557]"
the child threw the computer to you .,a princess caught us a motor .,PD,DO,THROW,CATCH,THE,A,to,for,-47.93257141113281,"[-3.5453336, -10.922188, -5.4294853, -8.224113, -4.6600757, -11.560116, -3.5912595]"
the child threw us the button .,a princess took a knife to him .,DO,PD,THROW,TAKE,THE,A,to,to,-34.849395751953125,"[-3.6145816, -10.492282, -5.2806644, -1.8983815, -4.706439, -1.2005734, -6.880435, -0.7760381]"
the child threw us the button .,a princess took him a knife .,DO,DO,THROW,TAKE,THE,A,to,to,-38.535987854003906,"[-3.6145816, -10.492282, -5.2806644, -3.836099, -5.7819695, -8.206513, -1.3238785]"
the child threw you the computer .,a princess caught a motor for us .,DO,PD,THROW,CATCH,THE,A,to,for,-50.07355880737305,"[-3.5600524, -10.846246, -5.46266, -3.176281, -9.127883, -7.4697065, -9.529548, -0.9011823]"
the child threw you the computer .,a princess caught us a motor .,DO,DO,THROW,CATCH,THE,A,to,for,-45.362281799316406,"[-3.5600524, -10.846246, -5.46266, -6.668332, -4.4786015, -10.983932, -3.3624563]"
the child took him the knife .,a guest supplied a coffee to me .,DO,PD,TAKE,SUPPLY,THE,A,to,to,-41.20581817626953,"[-3.570659, -8.264761, -12.997412, -2.9696732, -8.556184, -2.2485118, -1.7449546, -0.8536622]"
the child took him the knife .,a guest supplied me a coffee .,DO,DO,TAKE,SUPPLY,THE,A,to,to,-38.893516540527344,"[-3.570659, -8.264761, -12.997412, -3.8106585, -3.2342505, -5.6481676, -1.3676102]"
the child took me the cigarette .,a soldier gave a machine to it .,DO,PD,TAKE,GIVE,THE,A,to,to,-44.429649353027344,"[-3.5859334, -6.8578715, -7.46669, -2.1876283, -8.792976, -6.1219645, -8.619143, -0.7974466]"
the child took me the cigarette .,a soldier gave it a machine .,DO,DO,TAKE,GIVE,THE,A,to,to,-43.654022216796875,"[-3.5859334, -6.8578715, -7.46669, -5.2639613, -3.386372, -11.338873, -5.7543178]"
the child took the cigarette to me .,a soldier gave a machine to it .,PD,PD,TAKE,GIVE,THE,A,to,to,-41.824275970458984,"[-3.5304804, -6.98869, -7.61491, -1.3531966, -8.708942, -4.2066507, -8.766829, -0.65457505]"
the child took the cigarette to me .,a soldier gave it a machine .,PD,DO,TAKE,GIVE,THE,A,to,to,-42.26531982421875,"[-3.5304804, -6.98869, -7.61491, -5.0391574, -2.9117615, -10.257651, -5.9226685]"
the child took the knife to him .,a guest supplied a coffee to me .,PD,PD,TAKE,SUPPLY,THE,A,to,to,-39.70351791381836,"[-3.5322886, -8.36142, -12.716621, -2.52782, -8.499615, -1.8156415, -1.5946169, -0.6554948]"
the child took the knife to him .,a guest supplied me a coffee .,PD,DO,TAKE,SUPPLY,THE,A,to,to,-40.47271728515625,"[-3.5322886, -8.36142, -12.716621, -4.096558, -4.3124857, -5.9145646, -1.5387806]"
the child took the knife to you .,a reader sold a cheese to them .,PD,PD,TAKE,SELL,THE,A,to,to,-44.98145294189453,"[-3.5227318, -7.858711, -11.379366, -1.9216939, -10.441901, -2.7394388, -6.385559, -0.7320519]"
the child took the knife to you .,a reader sold them a cheese .,PD,DO,TAKE,SELL,THE,A,to,to,-44.01600646972656,"[-3.5227318, -7.858711, -11.379366, -7.167528, -2.5661275, -9.134406, -2.387139]"
the child took you the knife .,a reader sold a cheese to them .,DO,PD,TAKE,SELL,THE,A,to,to,-46.29405975341797,"[-3.5370378, -7.6371126, -11.4684305, -2.3462071, -10.349685, -3.2960823, -6.8398123, -0.8196894]"
the child took you the knife .,a reader sold them a cheese .,DO,DO,TAKE,SELL,THE,A,to,to,-42.78556823730469,"[-3.5370378, -7.6371126, -11.4684305, -7.2224326, -1.6140554, -9.407125, -1.8993753]"
the club designed her the bell .,a husband purchased a beer for them .,DO,PD,DESIGN,PURCHASE,THE,A,for,for,-40.708396911621094,"[-3.5622609, -8.726282, -10.566372, -0.9011107, -7.0850687, -2.1307213, -5.9929967, -1.7435839]"
the club designed her the bell .,a husband purchased them a beer .,DO,DO,DESIGN,PURCHASE,THE,A,for,for,-40.1669921875,"[-3.5622609, -8.726282, -10.566372, -6.141695, -4.4573336, -4.88433, -1.8287182]"
the club designed him the bottle .,a doctor caught a book for us .,DO,PD,DESIGN,CATCH,THE,A,for,for,-46.25367736816406,"[-3.5967662, -7.3465977, -7.629559, -4.505159, -9.488117, -4.5615854, -7.6775074, -1.4483837]"
the club designed him the bottle .,a doctor caught us a book .,DO,DO,DESIGN,CATCH,THE,A,for,for,-37.30437088012695,"[-3.5967662, -7.3465977, -7.629559, -8.061426, -3.194576, -5.859277, -1.616169]"
the club designed him the computer .,a physician got a meal for them .,DO,PD,DESIGN,GET,THE,A,for,for,-45.037567138671875,"[-3.5454159, -9.224031, -9.039835, -1.5353341, -10.399515, -2.50192, -7.7663407, -1.0251765]"
the club designed him the computer .,a physician got them a meal .,DO,DO,DESIGN,GET,THE,A,for,for,-40.78738021850586,"[-3.5454159, -9.224031, -9.039835, -7.07033, -1.9931575, -8.4663925, -1.4482181]"
the club designed him the wire .,a student left a gun for me .,DO,PD,DESIGN,LEAVE,THE,A,for,for,-38.08420944213867,"[-3.598795, -6.174118, -6.9968147, -1.6774192, -5.628731, -4.513755, -7.6447268, -1.8498487]"
the club designed him the wire .,a student left me a gun .,DO,DO,DESIGN,LEAVE,THE,A,for,for,-34.614990234375,"[-3.598795, -6.174118, -6.9968147, -6.3109365, -1.3069174, -8.873381, -1.3540256]"
the club designed it the bottle .,a sheriff saved a computer for us .,DO,PD,DESIGN,SAVE,THE,A,for,for,-45.925540924072266,"[-3.577351, -8.859749, -10.681975, -1.1871119, -9.381974, -3.9568489, -7.3140388, -0.96649146]"
the club designed it the bottle .,a sheriff saved us a computer .,DO,DO,DESIGN,SAVE,THE,A,for,for,-46.15770721435547,"[-3.577351, -8.859749, -10.681975, -7.6335373, -2.8197036, -10.854866, -1.730523]"
the club designed it the computer .,an attorney left an anchor for me .,DO,PD,DESIGN,LEAVE,THE,A,for,for,-44.192962646484375,"[-5.713074, -5.7717733, -8.492725, -3.0968595, -8.913744, -3.3639112, -6.675309, -2.1655655]"
the club designed it the computer .,an attorney left me an anchor .,DO,DO,DESIGN,LEAVE,THE,A,for,for,-41.136993408203125,"[-5.713074, -5.7717733, -8.492725, -5.205952, -2.9672136, -10.857174, -2.1290789]"
the club designed it the computer .,a professor threw a salad to him .,DO,PD,DESIGN,THROW,THE,A,for,to,-38.44153594970703,"[-3.533214, -7.857441, -9.586753, -0.9037268, -6.605529, -3.9458432, -4.5676575, -1.4413704]"
the club designed it the computer .,a professor threw him a salad .,DO,DO,DESIGN,THROW,THE,A,for,to,-35.34264373779297,"[-3.533214, -7.857441, -9.586753, -4.655451, -0.73478353, -7.646867, -1.3281336]"
the club designed it the telephone .,an employee caught an iron for us .,DO,PD,DESIGN,CATCH,THE,A,for,for,-50.3514404296875,"[-5.744782, -4.8897796, -9.466318, -6.254462, -6.772672, -6.896836, -9.015856, -1.310736]"
the club designed it the telephone .,an employee caught us an iron .,DO,DO,DESIGN,CATCH,THE,A,for,for,-48.078208923339844,"[-5.744782, -4.8897796, -9.466318, -9.713543, -6.460374, -8.207063, -3.5963511]"
the club designed me the box .,a husband delivered a juice for us .,DO,PD,DESIGN,DELIVER,THE,A,for,for,-47.388641357421875,"[-3.5831165, -9.114122, -10.5354185, -1.207359, -12.999178, -4.852344, -3.74364, -1.3534596]"
the club designed me the box .,a husband delivered us a juice .,DO,DO,DESIGN,DELIVER,THE,A,for,for,-44.26659393310547,"[-3.5831165, -9.114122, -10.5354185, -4.4257684, -1.1991389, -10.742329, -4.666703]"
the club designed me the camera .,a soldier purchased a cheese for you .,DO,PD,DESIGN,PURCHASE,THE,A,for,for,-47.80914306640625,"[-3.5743322, -7.830163, -10.779154, -0.86548185, -11.250645, -4.502791, -7.977999, -1.0285776]"
the club designed me the camera .,a soldier purchased you a cheese .,DO,DO,DESIGN,PURCHASE,THE,A,for,for,-44.18452453613281,"[-3.5743322, -7.830163, -10.779154, -8.560394, -0.7833059, -10.363914, -2.2932587]"
the club designed me the newspaper .,a winner made an anchor for you .,DO,PD,DESIGN,MAKE,THE,A,for,for,-43.72126770019531,"[-3.5876098, -10.02148, -7.220641, -4.6144676, -9.445508, -2.0418854, -5.833717, -0.9559579]"
the club designed me the newspaper .,a winner made you an anchor .,DO,DO,DESIGN,MAKE,THE,A,for,for,-39.121002197265625,"[-3.5876098, -10.02148, -7.220641, -4.6840534, -4.598085, -7.699109, -1.3100226]"
the club designed me the telephone .,a princess bought a bag for them .,DO,PD,DESIGN,BUY,THE,A,for,for,-40.60906219482422,"[-3.598405, -10.584907, -7.6506205, -1.0635369, -5.604467, -3.9852972, -6.7366405, -1.3851907]"
the club designed me the telephone .,a princess bought them a bag .,DO,DO,DESIGN,BUY,THE,A,for,for,-37.68083953857422,"[-3.598405, -10.584907, -7.6506205, -5.9436483, -1.1765941, -5.9381685, -2.7884958]"
the club designed the bell for her .,a husband purchased a beer for them .,PD,PD,DESIGN,PURCHASE,THE,A,for,for,-39.3907356262207,"[-3.5386527, -8.773785, -10.788525, -0.7307126, -7.038774, -1.2866882, -5.3880377, -1.845562]"
the club designed the bell for her .,a husband purchased them a beer .,PD,DO,DESIGN,PURCHASE,THE,A,for,for,-46.109100341796875,"[-3.5386527, -8.773785, -10.788525, -6.6070685, -5.248475, -8.306816, -2.8457794]"
the club designed the bell for us .,an opponent drew a card for them .,PD,PD,DESIGN,DRAW,THE,A,for,for,-37.693538665771484,"[-5.7389116, -8.154066, -9.151102, -0.6752413, -4.3830194, -2.8749094, -6.0207663, -0.6955208]"
the club designed the bell for us .,an opponent drew them a card .,PD,DO,DESIGN,DRAW,THE,A,for,for,-36.99924850463867,"[-5.7389116, -8.154066, -9.151102, -7.122388, -2.2714212, -3.1667805, -1.3945767]"
the club designed the bell for you .,a winner drew a computer for us .,PD,PD,DESIGN,DRAW,THE,A,for,for,-43.27320861816406,"[-3.5145154, -9.993473, -10.970452, -1.3682704, -9.52454, -3.4702437, -3.455183, -0.97653013]"
the club designed the bell for you .,a winner drew us a computer .,PD,DO,DESIGN,DRAW,THE,A,for,for,-45.043800354003906,"[-3.5145154, -9.993473, -10.970452, -6.9750476, -1.6167789, -9.716387, -2.257146]"
the club designed the bell for you .,a captain sold a beer to it .,PD,PD,DESIGN,SELL,THE,A,for,to,-42.48299789428711,"[-3.5145154, -10.082117, -10.430153, -2.1026015, -6.409782, -0.9999112, -7.8555617, -1.0883567]"
the club designed the bell for you .,a captain sold it a beer .,PD,DO,DESIGN,SELL,THE,A,for,to,-45.93431091308594,"[-3.5145154, -10.082117, -10.430153, -5.6002717, -6.89159, -7.5666018, -1.8490615]"
the club designed the bottle for him .,a doctor caught a book for us .,PD,PD,DESIGN,CATCH,THE,A,for,for,-44.69155502319336,"[-3.5313344, -7.3794203, -7.700298, -3.7584605, -9.648785, -4.1457653, -7.3490787, -1.1784124]"
the club designed the bottle for him .,a doctor caught us a book .,PD,DO,DESIGN,CATCH,THE,A,for,for,-41.40485382080078,"[-3.5313344, -7.3794203, -7.700298, -8.141243, -4.939249, -7.693952, -2.019356]"
the club designed the bottle for it .,a sheriff saved a computer for us .,PD,PD,DESIGN,SAVE,THE,A,for,for,-45.40671920776367,"[-3.523436, -8.85154, -10.860108, -1.3040012, -9.461487, -3.317865, -7.290748, -0.79753417]"
the club designed the bottle for it .,a sheriff saved us a computer .,PD,DO,DESIGN,SAVE,THE,A,for,for,-47.811161041259766,"[-3.523436, -8.85154, -10.860108, -7.6143394, -3.4221764, -10.9647, -2.5748625]"
the club designed the box for me .,a husband delivered a juice for us .,PD,PD,DESIGN,DELIVER,THE,A,for,for,-44.768287658691406,"[-3.5070527, -9.20504, -10.8787365, -0.88659316, -12.717549, -3.3886545, -3.2654986, -0.919167]"
the club designed the box for me .,a husband delivered us a juice .,PD,DO,DESIGN,DELIVER,THE,A,for,for,-44.40330505371094,"[-3.5070527, -9.20504, -10.8787365, -5.465079, -1.0165981, -10.275748, -4.055049]"
the club designed the box for them .,an employer got a meal for you .,PD,PD,DESIGN,GET,THE,A,for,for,-42.09441375732422,"[-5.7574453, -7.883588, -8.616531, -1.4309144, -9.766792, -2.386073, -5.1138706, -1.1392013]"
the club designed the box for them .,an employer got you a meal .,PD,DO,DESIGN,GET,THE,A,for,for,-40.73817825317383,"[-5.7574453, -7.883588, -8.616531, -7.016378, -1.1091925, -7.4742355, -2.8808086]"
the club designed the box for you .,a singer saved a candy for her .,PD,PD,DESIGN,SAVE,THE,A,for,for,-48.154876708984375,"[-3.4932036, -10.330728, -11.361118, -1.7704135, -10.981355, -4.027606, -1.3791407, -4.8113103]"
the club designed the box for you .,a singer saved her a candy .,PD,DO,DESIGN,SAVE,THE,A,for,for,-49.940765380859375,"[-3.4932036, -10.330728, -11.361118, -1.7269374, -7.2870965, -11.468037, -4.2736483]"
the club designed the camera for me .,a soldier purchased a cheese for you .,PD,PD,DESIGN,PURCHASE,THE,A,for,for,-44.767982482910156,"[-3.5165377, -7.8462887, -10.580364, -0.8291946, -10.975212, -3.354481, -6.6917887, -0.9741186]"
the club designed the camera for me .,a soldier purchased you a cheese .,PD,DO,DESIGN,PURCHASE,THE,A,for,for,-44.30699920654297,"[-3.5165377, -7.8462887, -10.580364, -9.4767275, -0.7843796, -9.209547, -2.8931563]"
the club designed the camera for us .,a lawyer kept a tea for you .,PD,PD,DESIGN,KEEP,THE,A,for,for,-47.8365478515625,"[-3.5223546, -7.2150817, -11.629963, -1.7963395, -11.17644, -4.9649663, -6.424401, -1.107]"
the club designed the camera for us .,a lawyer kept you a tea .,PD,DO,DESIGN,KEEP,THE,A,for,for,-46.1495361328125,"[-3.5223546, -7.2150817, -11.629963, -5.8625627, -5.4420147, -10.008853, -2.4687064]"
the club designed the card for them .,a soldier promised a pie to me .,PD,PD,DESIGN,PROMISE,THE,A,for,to,-43.959381103515625,"[-3.5171676, -7.8677044, -11.699345, -2.6001148, -9.233501, -1.5013791, -5.9009256, -1.6392441]"
the club designed the card for them .,a soldier promised me a pie .,PD,DO,DESIGN,PROMISE,THE,A,for,to,-40.060203552246094,"[-3.5171676, -7.8677044, -11.699345, -5.372819, -1.6098328, -8.261175, -1.7321618]"
the club designed the computer for him .,a physician got a meal for them .,PD,PD,DESIGN,GET,THE,A,for,for,-43.639503479003906,"[-3.512187, -9.135267, -9.295449, -1.3649544, -10.507235, -1.7997534, -7.070833, -0.9538268]"
the club designed the computer for him .,a physician got them a meal .,PD,DO,DESIGN,GET,THE,A,for,for,-42.27448272705078,"[-3.512187, -9.135267, -9.295449, -7.214844, -3.0703788, -8.3369055, -1.7094524]"
the club designed the computer for it .,an attorney left an anchor for me .,PD,PD,DESIGN,LEAVE,THE,A,for,for,-42.446319580078125,"[-5.733609, -5.7416778, -8.705622, -2.9976811, -9.12986, -2.8287613, -5.5570107, -1.7520971]"
the club designed the computer for it .,an attorney left me an anchor .,PD,DO,DESIGN,LEAVE,THE,A,for,for,-41.74180603027344,"[-5.733609, -5.7416778, -8.705622, -5.009648, -3.1024542, -10.875669, -2.5731292]"
the club designed the computer for it .,a professor threw a salad to him .,PD,PD,DESIGN,THROW,THE,A,for,to,-38.02008819580078,"[-3.512945, -7.7275753, -10.00238, -0.855218, -6.5628395, -4.184047, -3.955298, -1.219783]"
the club designed the computer for it .,a professor threw him a salad .,PD,DO,DESIGN,THROW,THE,A,for,to,-35.9753532409668,"[-3.512945, -7.7275753, -10.00238, -4.420331, -0.99051046, -7.916032, -1.4055803]"
the club designed the computer for us .,a secretary delivered a juice for her .,PD,PD,DESIGN,DELIVER,THE,A,for,for,-46.540428161621094,"[-3.4979243, -10.665733, -9.86266, -0.7839487, -13.151412, -2.8401194, -2.6640604, -3.0745692]"
the club designed the computer for us .,a secretary delivered her a juice .,PD,DO,DESIGN,DELIVER,THE,A,for,for,-48.37190246582031,"[-3.4979243, -10.665733, -9.86266, -3.3566597, -6.9779415, -11.157808, -2.8531766]"
the club designed the computer for you .,a teacher made a log for me .,PD,PD,DESIGN,MAKE,THE,A,for,for,-34.157127380371094,"[-3.4811287, -7.6855936, -6.3460298, -0.97391796, -9.7795515, -2.695562, -1.967312, -1.2280309]"
the club designed the computer for you .,a teacher made me a log .,PD,DO,DESIGN,MAKE,THE,A,for,for,-34.08772277832031,"[-3.4811287, -7.6855936, -6.3460298, -5.4066534, -1.6465276, -8.421463, -1.100326]"
the club designed the computer for you .,a captain saved a bottle for him .,PD,PD,DESIGN,SAVE,THE,A,for,for,-44.80469512939453,"[-3.4811287, -10.249777, -9.952066, -1.9027754, -9.47234, -4.1410646, -4.6152716, -0.9902712]"
the club designed the computer for you .,a captain saved him a bottle .,PD,DO,DESIGN,SAVE,THE,A,for,for,-43.822227478027344,"[-3.4811287, -10.249777, -9.952066, -3.9180923, -4.3253183, -8.882137, -3.0137057]"
the club designed the computer for you .,a champion saved an instrument for me .,PD,PD,DESIGN,SAVE,THE,A,for,for,-46.14794921875,"[-3.4811287, -9.091715, -11.86068, -5.1647005, -9.905571, -3.063618, -2.8901215, -0.6904153]"
the club designed the computer for you .,a champion saved me an instrument .,PD,DO,DESIGN,SAVE,THE,A,for,for,-46.652610778808594,"[-3.4811287, -9.091715, -11.86068, -3.833926, -4.8804235, -11.781471, -1.7232687]"
the club designed the crystal for them .,a teacher kept a tea for it .,PD,PD,DESIGN,KEEP,THE,A,for,for,-44.96196746826172,"[-3.5464027, -7.6180034, -8.635744, -2.0879006, -9.134467, -4.4519744, -8.425599, -1.0618796]"
the club designed the crystal for them .,a teacher kept it a tea .,PD,DO,DESIGN,KEEP,THE,A,for,for,-45.209136962890625,"[-3.5464027, -7.6180034, -8.635744, -5.4274354, -2.7984362, -13.942511, -3.2406015]"
the club designed the crystal for us .,an actor delivered a cheese for you .,PD,PD,DESIGN,DELIVER,THE,A,for,for,-45.074684143066406,"[-5.7076716, -6.7748594, -9.983757, -0.86948276, -11.919717, -3.8254762, -5.1567035, -0.837017]"
the club designed the crystal for us .,an actor delivered you a cheese .,PD,DO,DESIGN,DELIVER,THE,A,for,for,-45.6582145690918,"[-5.7076716, -6.7748594, -9.983757, -7.5625696, -1.2699839, -10.52181, -3.8375635]"
the club designed the crystal for you .,a child fed a meal to us .,PD,PD,DESIGN,FEED,THE,A,for,to,-42.573097229003906,"[-3.5281577, -6.862797, -9.477596, -1.7735875, -5.8438616, -3.3164263, -8.300578, -3.4700925]"
the club designed the crystal for you .,a child fed us a meal .,PD,DO,DESIGN,FEED,THE,A,for,to,-38.54631423950195,"[-3.5281577, -6.862797, -9.477596, -9.534902, -2.2766902, -5.016166, -1.8500065]"
the club designed the engine for them .,a princess took an iron to me .,PD,PD,DESIGN,TAKE,THE,A,for,to,-42.42803955078125,"[-3.5247378, -10.798603, -6.7234616, -4.180127, -6.0405293, -4.0292253, -6.193632, -0.9377227]"
the club designed the engine for them .,a princess took me an iron .,PD,DO,DESIGN,TAKE,THE,A,for,to,-45.95097351074219,"[-3.5247378, -10.798603, -6.7234616, -4.3424025, -8.625212, -9.164794, -2.771759]"
the club designed the engine for us .,a guy threw a bag to you .,PD,PD,DESIGN,THROW,THE,A,for,to,-36.67620086669922,"[-3.5322108, -7.6739984, -6.5236845, -0.72513616, -5.0697613, -5.8815203, -6.0569844, -1.2129067]"
the club designed the engine for us .,a guy threw you a bag .,PD,DO,DESIGN,THROW,THE,A,for,to,-33.082916259765625,"[-3.5322108, -7.6739984, -6.5236845, -6.4602723, -0.51562935, -5.510491, -2.8666291]"
the club designed the engine for you .,a singer left an anchor for him .,PD,PD,DESIGN,LEAVE,THE,A,for,for,-43.07305908203125,"[-3.516141, -10.135299, -8.822623, -3.3858237, -8.099488, -2.9284859, -4.895208, -1.2899908]"
the club designed the engine for you .,a singer left him an anchor .,PD,DO,DESIGN,LEAVE,THE,A,for,for,-43.349884033203125,"[-3.516141, -10.135299, -8.822623, -5.092214, -4.206785, -8.95176, -2.6250625]"
the club designed the engine for you .,a manager saved a candy for me .,PD,PD,DESIGN,SAVE,THE,A,for,for,-43.29176330566406,"[-3.516141, -8.439475, -10.690741, -2.4222937, -11.618366, -4.040113, -1.7430345, -0.8215976]"
the club designed the engine for you .,a manager saved me a candy .,PD,DO,DESIGN,SAVE,THE,A,for,for,-44.72860336303711,"[-3.516141, -8.439475, -10.690741, -4.1381884, -1.7376878, -13.246351, -2.960018]"
the club designed the flower for them .,a princess caught a motor for us .,PD,PD,DESIGN,CATCH,THE,A,for,for,-51.15909194946289,"[-3.5201488, -10.318407, -5.529007, -3.8476388, -9.489894, -7.9061437, -9.493247, -1.0546048]"
the club designed the flower for them .,a princess caught us a motor .,PD,DO,DESIGN,CATCH,THE,A,for,for,-49.56964874267578,"[-3.5201488, -10.318407, -5.529007, -8.2284565, -5.240238, -11.831695, -4.901697]"
the club designed the guitar for us .,a colonel brought a bottle to you .,PD,PD,DESIGN,BRING,THE,A,for,to,-41.28881072998047,"[-3.531341, -11.411196, -8.084627, -1.9887915, -5.4764194, -2.8087573, -6.8240395, -1.1636386]"
the club designed the guitar for us .,a colonel brought you a bottle .,PD,DO,DESIGN,BRING,THE,A,for,to,-39.657691955566406,"[-3.531341, -11.411196, -8.084627, -4.3960094, -2.0765367, -5.88637, -4.271612]"
the club designed the iron for them .,a kid caught a hat for you .,PD,PD,DESIGN,CATCH,THE,A,for,for,-40.896026611328125,"[-3.5263705, -8.803507, -5.8399367, -3.78042, -7.279151, -5.7170787, -5.053593, -0.8959733]"
the club designed the iron for them .,a kid caught you a hat .,PD,DO,DESIGN,CATCH,THE,A,for,for,-41.32242965698242,"[-3.5263705, -8.803507, -5.8399367, -8.548346, -5.7356367, -7.30435, -1.5642829]"
the club designed the log for you .,a priest drew a key for us .,PD,PD,DESIGN,DRAW,THE,A,for,for,-39.95054626464844,"[-3.5056343, -8.785277, -8.563191, -0.94292074, -7.74986, -3.5538983, -5.6188912, -1.2308702]"
the club designed the log for you .,a priest drew us a key .,PD,DO,DESIGN,DRAW,THE,A,for,for,-40.45329284667969,"[-3.5056343, -8.785277, -8.563191, -7.871668, -1.4967227, -7.6403947, -2.590404]"
the club designed the newspaper for me .,a winner made an anchor for you .,PD,PD,DESIGN,MAKE,THE,A,for,for,-42.09276580810547,"[-3.5222263, -10.134426, -7.20521, -4.0099297, -10.450262, -1.2429382, -4.6011596, -0.9266128]"
the club designed the newspaper for me .,a winner made you an anchor .,PD,DO,DESIGN,MAKE,THE,A,for,for,-41.99810791015625,"[-3.5222263, -10.134426, -7.20521, -5.5983143, -4.9366064, -8.763721, -1.8376043]"
the club designed the telephone for it .,an employee caught an iron for us .,PD,PD,DESIGN,CATCH,THE,A,for,for,-48.31938934326172,"[-5.746546, -4.684183, -9.51186, -5.656572, -7.0445514, -6.4395776, -8.176308, -1.0597941]"
the club designed the telephone for it .,an employee caught us an iron .,PD,DO,DESIGN,CATCH,THE,A,for,for,-48.78044128417969,"[-5.746546, -4.684183, -9.51186, -9.396587, -7.0906954, -8.587047, -3.7635248]"
the club designed the telephone for me .,a princess bought a bag for them .,PD,PD,DESIGN,BUY,THE,A,for,for,-39.26526641845703,"[-3.5269966, -10.787452, -7.5554085, -0.7668716, -5.457793, -3.1503422, -6.839211, -1.1811895]"
the club designed the telephone for me .,a princess bought them a bag .,PD,DO,DESIGN,BUY,THE,A,for,for,-40.125770568847656,"[-3.5269966, -10.787452, -7.5554085, -6.35266, -2.9132605, -5.821171, -3.168822]"
the club designed the telephone for us .,an uncle promised a cigarette to him .,PD,PD,DESIGN,PROMISE,THE,A,for,to,-43.152992248535156,"[-5.7306213, -9.082313, -9.823106, -2.6927567, -8.991798, -1.5416489, -3.5149436, -1.7758033]"
the club designed the telephone for us .,an uncle promised him a cigarette .,PD,DO,DESIGN,PROMISE,THE,A,for,to,-38.52101516723633,"[-5.7306213, -9.082313, -9.823106, -3.6423235, -1.2393526, -7.354127, -1.6491705]"
the club designed the telephone for you .,a kid purchased a flower for it .,PD,PD,DESIGN,PURCHASE,THE,A,for,for,-41.93721389770508,"[-3.5114353, -9.023234, -9.908436, -0.6669864, -8.575391, -1.9936146, -7.1663117, -1.0918038]"
the club designed the telephone for you .,a kid purchased it a flower .,PD,DO,DESIGN,PURCHASE,THE,A,for,for,-48.30449295043945,"[-3.5114353, -9.023234, -9.908436, -5.6738605, -5.493091, -12.467843, -2.2265925]"
the club designed the wire for him .,a student left a gun for me .,PD,PD,DESIGN,LEAVE,THE,A,for,for,-36.081024169921875,"[-3.5538177, -5.9859915, -6.9933567, -1.3741758, -5.4920754, -3.4039903, -7.430756, -1.8468595]"
the club designed the wire for him .,a student left me a gun .,PD,DO,DESIGN,LEAVE,THE,A,for,for,-36.024417877197266,"[-3.5538177, -5.9859915, -6.9933567, -6.805414, -1.4044529, -9.131913, -2.1494703]"
the club designed them the box .,an employer got a meal for you .,DO,PD,DESIGN,GET,THE,A,for,for,-44.29214096069336,"[-5.7462845, -7.8000956, -7.97723, -1.6212119, -9.702405, -3.2445545, -6.970442, -1.2299191]"
the club designed them the box .,an employer got you a meal .,DO,DO,DESIGN,GET,THE,A,for,for,-39.471256256103516,"[-5.7462845, -7.8000956, -7.97723, -6.936907, -1.009262, -7.617156, -2.3843203]"
the club designed them the card .,a soldier promised a pie to me .,DO,PD,DESIGN,PROMISE,THE,A,for,to,-42.53866195678711,"[-3.5958204, -7.972022, -11.181199, -2.5292077, -8.957826, -1.6502352, -5.018094, -1.6342567]"
the club designed them the card .,a soldier promised me a pie .,DO,DO,DESIGN,PROMISE,THE,A,for,to,-37.609275817871094,"[-3.5958204, -7.972022, -11.181199, -3.7914052, -1.5435861, -8.17503, -1.3502122]"
the club designed them the crystal .,a teacher kept a tea for it .,DO,PD,DESIGN,KEEP,THE,A,for,for,-45.906761169433594,"[-3.6073017, -7.6962543, -8.2571335, -2.461563, -9.298146, -5.3611064, -7.9284787, -1.2967746]"
the club designed them the crystal .,a teacher kept it a tea .,DO,DO,DESIGN,KEEP,THE,A,for,for,-42.51582717895508,"[-3.6073017, -7.6962543, -8.2571335, -5.1667204, -3.3277972, -12.176, -2.2846222]"
the club designed them the engine .,a princess took an iron to me .,DO,PD,DESIGN,TAKE,THE,A,for,to,-42.544307708740234,"[-3.606029, -10.600775, -6.457799, -4.2608194, -5.641092, -4.49716, -6.340866, -1.1397663]"
the club designed them the engine .,a princess took me an iron .,DO,DO,DESIGN,TAKE,THE,A,for,to,-42.1163215637207,"[-3.606029, -10.600775, -6.457799, -3.9600258, -7.4857607, -7.303093, -2.7028406]"
the club designed them the flower .,a princess caught a motor for us .,DO,PD,DESIGN,CATCH,THE,A,for,for,-51.015777587890625,"[-3.5938215, -10.138677, -5.6257973, -3.3671904, -9.445764, -7.8391705, -9.710869, -1.2944893]"
the club designed them the flower .,a princess caught us a motor .,DO,DO,DESIGN,CATCH,THE,A,for,for,-46.450225830078125,"[-3.5938215, -10.138677, -5.6257973, -7.4955378, -4.4079766, -11.570974, -3.6174383]"
the club designed them the iron .,a kid caught a hat for you .,DO,PD,DESIGN,CATCH,THE,A,for,for,-42.45553970336914,"[-3.5754888, -8.731117, -5.7313266, -3.9012809, -6.7700315, -6.587121, -5.952675, -1.2064996]"
the club designed them the iron .,a kid caught you a hat .,DO,DO,DESIGN,CATCH,THE,A,for,for,-39.78443145751953,"[-3.5754888, -8.731117, -5.7313266, -8.289032, -5.212652, -6.8165827, -1.4282309]"
the club designed us the bell .,an opponent drew a card for them .,DO,PD,DESIGN,DRAW,THE,A,for,for,-38.77346420288086,"[-5.7510843, -8.1477165, -8.18384, -0.95042574, -3.3255272, -4.154458, -7.5846663, -0.675748]"
the club designed us the bell .,an opponent drew them a card .,DO,DO,DESIGN,DRAW,THE,A,for,for,-33.74757385253906,"[-5.7510843, -8.1477165, -8.18384, -6.2148166, -1.6303766, -2.9374464, -0.8822913]"
the club designed us the camera .,a lawyer kept a tea for you .,DO,PD,DESIGN,KEEP,THE,A,for,for,-48.52410125732422,"[-3.5718036, -7.238054, -10.93664, -2.3003583, -10.88245, -5.7277164, -6.6359954, -1.2310824]"
the club designed us the camera .,a lawyer kept you a tea .,DO,DO,DESIGN,KEEP,THE,A,for,for,-44.100128173828125,"[-3.5718036, -7.238054, -10.93664, -5.60727, -5.3196287, -9.805304, -1.621429]"
the club designed us the computer .,a secretary delivered a juice for her .,DO,PD,DESIGN,DELIVER,THE,A,for,for,-49.38505554199219,"[-3.5445786, -10.675335, -9.638776, -0.8012595, -13.142087, -3.6778445, -3.018128, -4.8870497]"
the club designed us the computer .,a secretary delivered her a juice .,DO,DO,DESIGN,DELIVER,THE,A,for,for,-46.87615203857422,"[-3.5445786, -10.675335, -9.638776, -3.147575, -6.9131393, -11.112332, -1.844417]"
the club designed us the crystal .,an actor delivered a cheese for you .,DO,PD,DESIGN,DELIVER,THE,A,for,for,-45.976959228515625,"[-5.7349987, -6.6596546, -9.806019, -0.92908907, -12.0056095, -4.6361766, -5.179116, -1.0262957]"
the club designed us the crystal .,an actor delivered you a cheese .,DO,DO,DESIGN,DELIVER,THE,A,for,for,-42.594757080078125,"[-5.7349987, -6.6596546, -9.806019, -6.541659, -1.1903785, -10.36396, -2.2980866]"
the club designed us the engine .,a guy threw a bag to you .,DO,PD,DESIGN,THROW,THE,A,for,to,-36.711883544921875,"[-3.5849128, -7.5837708, -6.227906, -0.8499353, -5.15308, -5.8309746, -6.135043, -1.3462628]"
the club designed us the engine .,a guy threw you a bag .,DO,DO,DESIGN,THROW,THE,A,for,to,-32.233524322509766,"[-3.5849128, -7.5837708, -6.227906, -6.0158978, -0.49551365, -5.6842003, -2.641323]"
the club designed us the guitar .,a colonel brought a bottle to you .,DO,PD,DESIGN,BRING,THE,A,for,to,-41.25049591064453,"[-3.5780394, -11.334836, -7.8435755, -2.0303566, -5.150289, -2.9524665, -7.2583365, -1.1025956]"
the club designed us the guitar .,a colonel brought you a bottle .,DO,DO,DESIGN,BRING,THE,A,for,to,-37.430763244628906,"[-3.5780394, -11.334836, -7.8435755, -4.3826895, -1.915654, -5.331215, -3.0447528]"
the club designed us the telephone .,an uncle promised a cigarette to him .,DO,PD,DESIGN,PROMISE,THE,A,for,to,-43.9337043762207,"[-5.7652855, -9.129812, -9.7311325, -2.9257145, -8.813856, -1.64175, -4.153019, -1.7731342]"
the club designed us the telephone .,an uncle promised him a cigarette .,DO,DO,DESIGN,PROMISE,THE,A,for,to,-37.00931167602539,"[-5.7652855, -9.129812, -9.7311325, -3.4554071, -1.0111812, -6.643605, -1.2728887]"
the club designed you the bell .,a winner drew a computer for us .,DO,PD,DESIGN,DRAW,THE,A,for,for,-44.20438766479492,"[-3.526584, -9.953112, -10.713481, -1.394061, -9.875078, -3.9386556, -3.5870867, -1.2163275]"
the club designed you the bell .,a winner drew us a computer .,DO,DO,DESIGN,DRAW,THE,A,for,for,-42.44593811035156,"[-3.526584, -9.953112, -10.713481, -5.6325197, -1.1602068, -9.611593, -1.8484436]"
the club designed you the bell .,a captain sold a beer to it .,DO,PD,DESIGN,SELL,THE,A,for,to,-42.55173873901367,"[-3.526584, -10.054247, -10.084326, -2.1729226, -6.658888, -1.1810486, -7.8517156, -1.0220094]"
the club designed you the bell .,a captain sold it a beer .,DO,DO,DESIGN,SELL,THE,A,for,to,-43.207149505615234,"[-3.526584, -10.054247, -10.084326, -5.583446, -6.200209, -6.38154, -1.376797]"
the club designed you the box .,a singer saved a candy for her .,DO,PD,DESIGN,SAVE,THE,A,for,for,-50.63593673706055,"[-3.534395, -10.251629, -11.374793, -1.9078493, -11.032024, -5.3253574, -1.1645873, -6.0453014]"
the club designed you the box .,a singer saved her a candy .,DO,DO,DESIGN,SAVE,THE,A,for,for,-49.180328369140625,"[-3.534395, -10.251629, -11.374793, -1.7192907, -7.346247, -10.935674, -4.018302]"
the club designed you the computer .,a teacher made a log for me .,DO,PD,DESIGN,MAKE,THE,A,for,for,-37.01927185058594,"[-3.5157392, -7.66687, -6.4127398, -1.0564436, -10.013656, -3.72993, -3.1752582, -1.4486344]"
the club designed you the computer .,a teacher made me a log .,DO,DO,DESIGN,MAKE,THE,A,for,for,-33.45115661621094,"[-3.5157392, -7.66687, -6.4127398, -4.936723, -1.537481, -8.392378, -0.9892243]"
the club designed you the computer .,a captain saved a bottle for him .,DO,PD,DESIGN,SAVE,THE,A,for,for,-47.11174011230469,"[-3.5157392, -10.176157, -9.643447, -1.9891679, -9.685659, -5.342486, -5.4436665, -1.3154151]"
the club designed you the computer .,a captain saved him a bottle .,DO,DO,DESIGN,SAVE,THE,A,for,for,-42.118492126464844,"[-3.5157392, -10.176157, -9.643447, -4.060938, -3.0108283, -8.697501, -3.0138857]"
the club designed you the computer .,a champion saved an instrument for me .,DO,PD,DESIGN,SAVE,THE,A,for,for,-47.61808395385742,"[-3.5157392, -8.98487, -11.526585, -5.2182426, -9.735499, -4.2474084, -3.579519, -0.81021917]"
the club designed you the computer .,a champion saved me an instrument .,DO,DO,DESIGN,SAVE,THE,A,for,for,-43.67445373535156,"[-3.5157392, -8.98487, -11.526585, -3.421646, -4.4656696, -10.486846, -1.2730975]"
the club designed you the crystal .,a child fed a meal to us .,DO,PD,DESIGN,FEED,THE,A,for,to,-42.85789489746094,"[-3.5331378, -6.83505, -9.320924, -1.7294707, -6.1401296, -3.2574549, -9.061031, -2.980696]"
the club designed you the crystal .,a child fed us a meal .,DO,DO,DESIGN,FEED,THE,A,for,to,-36.68351364135742,"[-3.5331378, -6.83505, -9.320924, -8.888237, -1.984628, -4.9105625, -1.2109737]"
the club designed you the engine .,a singer left an anchor for him .,DO,PD,DESIGN,LEAVE,THE,A,for,for,-45.68724060058594,"[-3.5377536, -10.038366, -8.823415, -3.3839877, -7.888713, -3.5617576, -6.445876, -2.0073693]"
the club designed you the engine .,a singer left him an anchor .,DO,DO,DESIGN,LEAVE,THE,A,for,for,-42.635887145996094,"[-3.5377536, -10.038366, -8.823415, -5.0329437, -3.8910923, -8.468197, -2.844119]"
the club designed you the engine .,a manager saved a candy for me .,DO,PD,DESIGN,SAVE,THE,A,for,for,-45.697757720947266,"[-3.5377536, -8.421803, -10.5654545, -2.279615, -11.6370125, -5.211431, -2.8907244, -1.1539637]"
the club designed you the engine .,a manager saved me a candy .,DO,DO,DESIGN,SAVE,THE,A,for,for,-43.5325927734375,"[-3.5377536, -8.421803, -10.5654545, -3.9679523, -1.7794373, -12.574784, -2.6854076]"
the club designed you the log .,a priest drew a key for us .,DO,PD,DESIGN,DRAW,THE,A,for,for,-42.18648910522461,"[-3.5183783, -8.673761, -8.571063, -1.0882419, -7.649465, -4.4269495, -6.609054, -1.6495756]"
the club designed you the log .,a priest drew us a key .,DO,DO,DESIGN,DRAW,THE,A,for,for,-37.95400619506836,"[-3.5183783, -8.673761, -8.571063, -7.055549, -0.99809563, -7.1420546, -1.9951037]"
the club designed you the telephone .,a kid purchased a flower for it .,DO,PD,DESIGN,PURCHASE,THE,A,for,for,-43.52318572998047,"[-3.5550537, -8.866684, -9.935899, -0.7048316, -8.595785, -3.225877, -7.532923, -1.1061333]"
the club designed you the telephone .,a kid purchased it a flower .,DO,DO,DESIGN,PURCHASE,THE,A,for,for,-47.86626434326172,"[-3.5550537, -8.866684, -9.935899, -5.957914, -6.5009727, -11.239726, -1.8100164]"
the colonel bought him the glass .,a parent gave a tea to them .,DO,PD,BUY,GIVE,THE,A,for,to,-39.58171844482422,"[-3.6879401, -8.2863, -5.523917, -2.7823172, -10.063013, -0.7199497, -7.5304656, -0.98781633]"
the colonel bought him the glass .,a parent gave them a tea .,DO,DO,BUY,GIVE,THE,A,for,to,-32.453887939453125,"[-3.6879401, -8.2863, -5.523917, -4.435568, -1.4274797, -8.076815, -1.0158688]"
the colonel bought him the glass .,a singer saved a candy for her .,DO,PD,BUY,SAVE,THE,A,for,for,-48.291114807128906,"[-3.6879401, -9.810462, -9.669507, -2.6760917, -10.972762, -5.3174057, -1.0152733, -5.141675]"
the colonel bought him the glass .,a singer saved her a candy .,DO,DO,BUY,SAVE,THE,A,for,for,-45.231937408447266,"[-3.6879401, -9.810462, -9.669507, -1.0608401, -7.562339, -10.878353, -2.5624962]"
the colonel bought it the glass .,a singer made a motor for him .,DO,PD,BUY,MAKE,THE,A,for,for,-45.29383087158203,"[-3.6737251, -9.928452, -5.721622, -1.6283624, -11.610493, -7.6162777, -3.525744, -1.5891541]"
the colonel bought it the glass .,a singer made him a motor .,DO,DO,BUY,MAKE,THE,A,for,for,-43.34992599487305,"[-3.6737251, -9.928452, -5.721622, -5.3229265, -2.5436487, -11.3306875, -4.828864]"
the colonel bought the glass for him .,a parent gave a tea to them .,PD,PD,BUY,GIVE,THE,A,for,to,-38.42963790893555,"[-3.6625323, -8.20033, -5.637787, -2.2703438, -9.77367, -0.6224893, -7.3263826, -0.9361027]"
the colonel bought the glass for him .,a parent gave them a tea .,PD,DO,BUY,GIVE,THE,A,for,to,-33.486793518066406,"[-3.6625323, -8.20033, -5.637787, -5.306138, -1.1151164, -7.6671963, -1.8976935]"
the colonel bought the glass for him .,a singer saved a candy for her .,PD,PD,BUY,SAVE,THE,A,for,for,-42.8668212890625,"[-3.6625323, -9.860556, -9.736993, -2.1610541, -10.795037, -2.8629956, -0.77219003, -3.0154648]"
the colonel bought the glass for him .,a singer saved her a candy .,PD,DO,BUY,SAVE,THE,A,for,for,-46.02354431152344,"[-3.6625323, -9.860556, -9.736993, -1.2995542, -7.530784, -10.530973, -3.402151]"
the colonel bought the glass for it .,a singer made a motor for him .,PD,PD,BUY,MAKE,THE,A,for,for,-44.20110321044922,"[-3.6624346, -9.893194, -5.6977696, -1.579522, -11.593196, -6.504551, -3.9886365, -1.2817985]"
the colonel bought the glass for it .,a singer made him a motor .,PD,DO,BUY,MAKE,THE,A,for,for,-43.92784118652344,"[-3.6624346, -9.893194, -5.6977696, -5.4179363, -2.4356363, -11.375062, -5.4458084]"
the colonel bought the glass for them .,a chief saved a pot for you .,PD,PD,BUY,SAVE,THE,A,for,for,-46.95448303222656,"[-3.649288, -8.847599, -14.80874, -2.5424309, -8.019958, -2.296534, -5.826113, -0.9638186]"
the colonel bought the glass for them .,a chief saved you a pot .,PD,DO,BUY,SAVE,THE,A,for,for,-48.96461486816406,"[-3.649288, -8.847599, -14.80874, -7.644946, -3.9494295, -7.6520286, -2.4125838]"
the colonel bought them the glass .,a chief saved a pot for you .,DO,PD,BUY,SAVE,THE,A,for,for,-49.558799743652344,"[-3.679604, -8.803095, -14.906681, -2.9395075, -8.096106, -4.0679793, -5.9908423, -1.0749832]"
the colonel bought them the glass .,a chief saved you a pot .,DO,DO,BUY,SAVE,THE,A,for,for,-47.03874969482422,"[-3.679604, -8.803095, -14.906681, -6.8793592, -3.2624245, -7.340986, -2.1665983]"
the colonel brought him the chicken .,a band designed a key for us .,DO,PD,BRING,DESIGN,THE,A,to,for,-46.06593704223633,"[-3.6648643, -7.699263, -9.5783615, -5.717661, -8.132225, -2.0650716, -7.4724145, -1.736079]"
the colonel brought him the chicken .,a band designed us a key .,DO,DO,BRING,DESIGN,THE,A,to,for,-47.69072723388672,"[-3.6648643, -7.699263, -9.5783615, -11.5667515, -4.8249664, -8.417075, -1.9394429]"
the colonel brought him the chicken .,a princess caught a motor for us .,DO,PD,BRING,CATCH,THE,A,to,for,-50.912933349609375,"[-3.6648643, -10.240261, -5.00206, -3.7068706, -9.29285, -8.316193, -9.7209, -0.96893305]"
the colonel brought him the chicken .,a princess caught us a motor .,DO,DO,BRING,CATCH,THE,A,to,for,-47.76981735229492,"[-3.6648643, -10.240261, -5.00206, -7.8702464, -5.439392, -11.08225, -4.4707456]"
the colonel brought it the candy .,a guest supplied a plate to us .,DO,PD,BRING,SUPPLY,THE,A,to,to,-49.950782775878906,"[-3.6636114, -7.963741, -13.657617, -3.5329044, -9.21121, -3.4223838, -7.2816916, -1.2176262]"
the colonel brought it the candy .,a guest supplied us a plate .,DO,DO,BRING,SUPPLY,THE,A,to,to,-48.92010498046875,"[-3.6636114, -7.963741, -13.657617, -5.6390033, -6.535283, -8.398646, -3.0622058]"
the colonel brought it the candy .,a wife delivered a pie for us .,DO,PD,BRING,DELIVER,THE,A,to,for,-40.02801513671875,"[-3.6636114, -9.477688, -8.305708, -0.9313384, -8.270796, -2.814239, -5.1695147, -1.3951216]"
the colonel brought it the candy .,a wife delivered us a pie .,DO,DO,BRING,DELIVER,THE,A,to,for,-37.205223083496094,"[-3.6636114, -9.477688, -8.305708, -6.4068317, -1.1697786, -7.161766, -1.0198398]"
the colonel brought me the salad .,a lady promised a tea to you .,DO,PD,BRING,PROMISE,THE,A,to,to,-44.715492248535156,"[-3.7018967, -7.94328, -10.8120775, -3.5114417, -7.5045652, -3.1658711, -6.6220345, -1.4543259]"
the colonel brought me the salad .,a lady promised you a tea .,DO,DO,BRING,PROMISE,THE,A,to,to,-38.57676696777344,"[-3.7018967, -7.94328, -10.8120775, -5.6807303, -2.0843978, -7.0101633, -1.34422]"
the colonel brought the candy to it .,a guest supplied a plate to us .,PD,PD,BRING,SUPPLY,THE,A,to,to,-47.03297424316406,"[-3.631908, -7.8607664, -13.554512, -3.417358, -7.6507096, -2.8974118, -7.2870045, -0.7333045]"
the colonel brought the candy to it .,a guest supplied us a plate .,PD,DO,BRING,SUPPLY,THE,A,to,to,-47.375,"[-3.631908, -7.8607664, -13.554512, -5.816461, -6.038617, -7.0224123, -3.4503205]"
the colonel brought the candy to it .,a wife delivered a pie for us .,PD,PD,BRING,DELIVER,THE,A,to,for,-39.83735275268555,"[-3.631908, -9.432524, -8.333564, -0.9656223, -7.31712, -4.0651765, -4.8072147, -1.2842245]"
the colonel brought the candy to it .,a wife delivered us a pie .,PD,DO,BRING,DELIVER,THE,A,to,for,-37.533111572265625,"[-3.631908, -9.432524, -8.333564, -6.965997, -1.2251434, -6.6325593, -1.3114176]"
the colonel brought the chicken to him .,a band designed a key for us .,PD,PD,BRING,DESIGN,THE,A,to,for,-46.080169677734375,"[-3.6144125, -7.6340766, -9.443024, -6.0314083, -7.9976196, -2.0832868, -7.5983615, -1.6779808]"
the colonel brought the chicken to him .,a band designed us a key .,PD,DO,BRING,DESIGN,THE,A,to,for,-47.764854431152344,"[-3.6144125, -7.6340766, -9.443024, -12.158576, -4.5082717, -7.8482013, -2.5582948]"
the colonel brought the chicken to him .,a princess caught a motor for us .,PD,PD,BRING,CATCH,THE,A,to,for,-51.91712951660156,"[-3.6144125, -10.214802, -5.0995464, -4.0653057, -10.359999, -8.091997, -9.596233, -0.8748315]"
the colonel brought the chicken to him .,a princess caught us a motor .,PD,DO,BRING,CATCH,THE,A,to,for,-49.00640869140625,"[-3.6144125, -10.214802, -5.0995464, -8.462117, -5.2825656, -11.566892, -4.766073]"
the colonel brought the crystal to you .,a chief saved a salad for it .,PD,PD,BRING,SAVE,THE,A,to,for,-51.91094970703125,"[-3.59617, -8.950184, -14.634796, -1.8851675, -12.266954, -2.5365915, -7.046136, -0.9949504]"
the colonel brought the crystal to you .,a chief saved it a salad .,PD,DO,BRING,SAVE,THE,A,to,for,-52.471946716308594,"[-3.59617, -8.950184, -14.634796, -4.513127, -6.9887247, -12.453411, -1.3355356]"
the colonel brought the gun to us .,a guest left a salad for me .,PD,PD,BRING,LEAVE,THE,A,to,for,-41.91691970825195,"[-3.6060295, -8.018257, -11.522508, -1.2874435, -12.403474, -2.8814154, -1.1419437, -1.0558479]"
the colonel brought the gun to us .,a guest left me a salad .,PD,DO,BRING,LEAVE,THE,A,to,for,-41.15100860595703,"[-3.6060295, -8.018257, -11.522508, -3.4242177, -1.4396958, -11.298043, -1.8422568]"
the colonel brought the gun to you .,a pilot fed a chicken to him .,PD,PD,BRING,FEED,THE,A,to,to,-35.76588439941406,"[-3.5851922, -7.4203076, -10.272925, -1.4378146, -4.7115703, -1.9093914, -4.790594, -1.6380885]"
the colonel brought the gun to you .,a pilot fed him a chicken .,PD,DO,BRING,FEED,THE,A,to,to,-35.361629486083984,"[-3.5851922, -7.4203076, -10.272925, -5.7668457, -0.82651055, -5.2757063, -2.2141414]"
the colonel brought the meal to us .,a buddy kept a cheese for you .,PD,PD,BRING,KEEP,THE,A,to,for,-46.8075065612793,"[-3.6157196, -9.916511, -8.042178, -2.8779957, -10.350372, -5.433917, -5.597198, -0.9736148]"
the colonel brought the meal to us .,a buddy kept you a cheese .,PD,DO,BRING,KEEP,THE,A,to,for,-47.717796325683594,"[-3.6157196, -9.916511, -8.042178, -5.4085207, -5.882329, -10.461131, -4.391408]"
the colonel brought the plate to us .,a bishop bought a beer for you .,PD,PD,BRING,BUY,THE,A,to,for,-37.92279052734375,"[-3.6401558, -9.081486, -9.079703, -1.0788114, -5.963002, -2.09186, -6.0130806, -0.97468853]"
the colonel brought the plate to us .,a bishop bought you a beer .,PD,DO,BRING,BUY,THE,A,to,for,-35.27253723144531,"[-3.6401558, -9.081486, -9.079703, -7.0776243, -0.7554977, -4.1680346, -1.4700372]"
the colonel brought the salad to me .,a lady promised a tea to you .,PD,PD,BRING,PROMISE,THE,A,to,to,-42.308597564697266,"[-3.643178, -8.012745, -11.177957, -2.627811, -7.5178175, -1.8795811, -6.1652737, -1.2842368]"
the colonel brought the salad to me .,a lady promised you a tea .,PD,DO,BRING,PROMISE,THE,A,to,to,-38.97822570800781,"[-3.643178, -8.012745, -11.177957, -5.2245097, -1.9408358, -7.131048, -1.8479534]"
the colonel brought the salad to us .,a lady purchased a cheese for them .,PD,PD,BRING,PURCHASE,THE,A,to,for,-41.37622833251953,"[-3.6354988, -8.008463, -9.167309, -1.1298405, -6.779503, -3.9348912, -7.4925203, -1.228203]"
the colonel brought the salad to us .,a lady purchased them a cheese .,PD,DO,BRING,PURCHASE,THE,A,to,for,-48.552520751953125,"[-3.6354988, -8.008463, -9.167309, -6.814015, -4.940153, -10.933319, -5.0537615]"
the colonel brought us the gun .,a guest left a salad for me .,DO,PD,BRING,LEAVE,THE,A,to,for,-42.01472473144531,"[-3.6307087, -7.995579, -11.844216, -1.7451954, -11.941578, -2.7787552, -0.9701286, -1.1085637]"
the colonel brought us the gun .,a guest left me a salad .,DO,DO,BRING,LEAVE,THE,A,to,for,-39.252471923828125,"[-3.6307087, -7.995579, -11.844216, -2.4363422, -1.336803, -10.558845, -1.4499786]"
the colonel brought us the meal .,a buddy kept a cheese for you .,DO,PD,BRING,KEEP,THE,A,to,for,-48.088531494140625,"[-3.66756, -9.823387, -7.853311, -3.3440785, -10.634882, -5.6379995, -6.0791903, -1.0481217]"
the colonel brought us the meal .,a buddy kept you a cheese .,DO,DO,BRING,KEEP,THE,A,to,for,-46.10693359375,"[-3.66756, -9.823387, -7.853311, -5.024406, -5.562438, -10.046317, -4.1295156]"
the colonel brought us the plate .,a bishop bought a beer for you .,DO,PD,BRING,BUY,THE,A,to,for,-39.94528579711914,"[-3.6756713, -9.141082, -8.9002, -1.2070936, -6.8784513, -2.4351506, -6.7223215, -0.9853153]"
the colonel brought us the plate .,a bishop bought you a beer .,DO,DO,BRING,BUY,THE,A,to,for,-34.597251892089844,"[-3.6756713, -9.141082, -8.9002, -6.3681235, -0.74975485, -4.590351, -1.1720688]"
the colonel brought us the salad .,a lady purchased a cheese for them .,DO,PD,BRING,PURCHASE,THE,A,to,for,-41.84273910522461,"[-3.6870375, -7.961494, -9.085493, -1.1638047, -7.2392826, -3.5707767, -7.928763, -1.2060877]"
the colonel brought us the salad .,a lady purchased them a cheese .,DO,DO,BRING,PURCHASE,THE,A,to,for,-45.9916877746582,"[-3.6870375, -7.961494, -9.085493, -6.263555, -4.764334, -10.87842, -3.351354]"
the colonel brought you the crystal .,a chief saved a salad for it .,DO,PD,BRING,SAVE,THE,A,to,for,-52.61860656738281,"[-3.6096044, -8.899083, -14.54553, -1.7439926, -12.534214, -2.6794806, -7.492516, -1.1141864]"
the colonel brought you the crystal .,a chief saved it a salad .,DO,DO,BRING,SAVE,THE,A,to,for,-52.636165618896484,"[-3.6096044, -8.899083, -14.54553, -4.9592867, -7.18589, -12.210203, -1.226568]"
the colonel brought you the gun .,a pilot fed a chicken to him .,DO,PD,BRING,FEED,THE,A,to,to,-38.41015625,"[-3.6084247, -7.412257, -10.222721, -1.4181408, -4.4941745, -3.1272058, -6.122188, -2.0050442]"
the colonel brought you the gun .,a pilot fed him a chicken .,DO,DO,BRING,FEED,THE,A,to,to,-35.37663650512695,"[-3.6084247, -7.412257, -10.222721, -6.241654, -0.7048218, -5.2788897, -1.9078673]"
the colonel caught me the cup .,a nurse drew a bell for them .,DO,PD,CATCH,DRAW,THE,A,for,for,-38.06906509399414,"[-3.6326017, -7.2952576, -7.751446, -1.3130795, -8.116573, -3.6016452, -5.2545004, -1.1039598]"
the colonel caught me the cup .,a nurse drew them a bell .,DO,DO,CATCH,DRAW,THE,A,for,for,-37.200660705566406,"[-3.6326017, -7.2952576, -7.751446, -7.312532, -1.3578088, -8.882661, -0.96835566]"
the colonel caught me the cup .,a reader drew a gun for you .,DO,PD,CATCH,DRAW,THE,A,for,for,-41.128456115722656,"[-3.6326017, -6.927191, -9.347251, -2.147081, -7.058346, -5.121625, -6.0366263, -0.8577376]"
the colonel caught me the cup .,a reader drew you a gun .,DO,DO,CATCH,DRAW,THE,A,for,for,-39.56254577636719,"[-3.6326017, -6.927191, -9.347251, -8.783337, -1.2451696, -8.80433, -0.8226656]"
the colonel caught me the cup .,a reader showed a meal to you .,DO,PD,CATCH,SHOW,THE,A,for,to,-47.189002990722656,"[-3.6326017, -6.927191, -8.824623, -4.695537, -10.910041, -3.7455432, -6.950462, -1.5030026]"
the colonel caught me the cup .,a reader showed you a meal .,DO,DO,CATCH,SHOW,THE,A,for,to,-42.25131607055664,"[-3.6326017, -6.927191, -8.824623, -7.6385713, -1.6368194, -10.534566, -3.056943]"
the colonel caught me the motor .,a princess got a candy for him .,DO,PD,CATCH,GET,THE,A,for,for,-40.763519287109375,"[-3.6208355, -10.580227, -6.586189, -1.8970642, -7.9667854, -2.936181, -6.4341183, -0.7421206]"
the colonel caught me the motor .,a princess got him a candy .,DO,DO,CATCH,GET,THE,A,for,for,-37.2205810546875,"[-3.6208355, -10.580227, -6.586189, -6.417776, -1.3596919, -6.801416, -1.8544441]"
the colonel caught me the motor .,a pilot saved a chocolate for us .,DO,PD,CATCH,SAVE,THE,A,for,for,-45.04955291748047,"[-3.6208355, -7.40718, -8.614155, -1.3571588, -9.970581, -7.793743, -4.8508034, -1.4350942]"
the colonel caught me the motor .,a pilot saved us a chocolate .,DO,DO,CATCH,SAVE,THE,A,for,for,-42.64038848876953,"[-3.6208355, -7.40718, -8.614155, -5.971937, -2.2768662, -10.26812, -4.4812927]"
the colonel caught me the motor .,a chief delivered a cigarette for you .,DO,PD,CATCH,DELIVER,THE,A,for,for,-47.27836227416992,"[-3.6208355, -8.857848, -13.020025, -0.8460988, -8.423889, -5.2536097, -6.138734, -1.1173232]"
the colonel caught me the motor .,a chief delivered you a cigarette .,DO,DO,CATCH,DELIVER,THE,A,for,for,-42.28330993652344,"[-3.6208355, -8.857848, -13.020025, -7.6608953, -1.2208136, -7.1645727, -0.73831904]"
the colonel caught the camera for them .,a father got a pie for it .,PD,PD,CATCH,GET,THE,A,for,for,-38.26673126220703,"[-3.5724876, -6.4966908, -6.6890287, -1.4366754, -9.244909, -2.2066574, -7.8948116, -0.7254732]"
the colonel caught the camera for them .,a father got it a pie .,PD,DO,CATCH,GET,THE,A,for,for,-42.88203811645508,"[-3.5724876, -6.4966908, -6.6890287, -6.2588468, -6.710163, -11.281994, -1.8728255]"
the colonel caught the camera for you .,a singer sold a candy to them .,PD,PD,CATCH,SELL,THE,A,for,to,-48.313987731933594,"[-3.5868824, -10.187524, -9.859095, -2.1170332, -8.151916, -4.889409, -7.9215975, -1.6005317]"
the colonel caught the camera for you .,a singer sold them a candy .,PD,DO,CATCH,SELL,THE,A,for,to,-44.69525146484375,"[-3.5868824, -10.187524, -9.859095, -7.3524513, -2.7144103, -7.2404, -3.7544906]"
the colonel caught the cup for me .,a nurse drew a bell for them .,PD,PD,CATCH,DRAW,THE,A,for,for,-36.6864128112793,"[-3.588944, -7.3083544, -7.831559, -1.1275957, -8.909024, -1.599707, -5.2699127, -1.0513175]"
the colonel caught the cup for me .,a nurse drew them a bell .,PD,DO,CATCH,DRAW,THE,A,for,for,-40.43014144897461,"[-3.588944, -7.3083544, -7.831559, -7.8343315, -2.765292, -9.4816265, -1.620032]"
the colonel caught the cup for me .,a reader drew a gun for you .,PD,PD,CATCH,DRAW,THE,A,for,for,-41.21466064453125,"[-3.588944, -7.008303, -9.262248, -1.8879629, -7.5891647, -4.444499, -6.5868053, -0.84673333]"
the colonel caught the cup for me .,a reader drew you a gun .,PD,DO,CATCH,DRAW,THE,A,for,for,-41.81562805175781,"[-3.588944, -7.008303, -9.262248, -9.616384, -1.7039876, -9.405951, -1.2298125]"
the colonel caught the cup for me .,a reader showed a meal to you .,PD,PD,CATCH,SHOW,THE,A,for,to,-47.649879455566406,"[-3.588944, -7.008303, -8.99934, -3.9001446, -11.188544, -3.842754, -7.592855, -1.5289973]"
the colonel caught the cup for me .,a reader showed you a meal .,PD,DO,CATCH,SHOW,THE,A,for,to,-44.41587829589844,"[-3.588944, -7.008303, -8.99934, -7.465418, -1.7387233, -11.179289, -4.435861]"
the colonel caught the cup for them .,a student left a gun for me .,PD,PD,CATCH,LEAVE,THE,A,for,for,-36.68854522705078,"[-3.57902, -5.9534154, -6.956987, -1.3833213, -5.887133, -3.812757, -7.25115, -1.8647628]"
the colonel caught the cup for them .,a student left me a gun .,PD,DO,CATCH,LEAVE,THE,A,for,for,-36.58562088012695,"[-3.57902, -5.9534154, -6.956987, -7.4778, -1.2660086, -9.197222, -2.1551669]"
the colonel caught the motor for me .,a princess got a candy for him .,PD,PD,CATCH,GET,THE,A,for,for,-39.59309387207031,"[-3.6251342, -10.779419, -6.571887, -1.853792, -7.851617, -2.5237541, -5.701019, -0.68646896]"
the colonel caught the motor for me .,a princess got him a candy .,PD,DO,CATCH,GET,THE,A,for,for,-39.01835632324219,"[-3.6251342, -10.779419, -6.571887, -7.0728874, -2.3202143, -6.3440013, -2.3048115]"
the colonel caught the motor for me .,a pilot saved a chocolate for us .,PD,PD,CATCH,SAVE,THE,A,for,for,-43.45779037475586,"[-3.6251342, -7.3379545, -8.671015, -1.0432277, -9.940556, -7.673662, -4.016204, -1.1500363]"
the colonel caught the motor for me .,a pilot saved us a chocolate .,PD,DO,CATCH,SAVE,THE,A,for,for,-47.653221130371094,"[-3.6251342, -7.3379545, -8.671015, -7.3262362, -3.6712058, -11.681999, -5.339673]"
the colonel caught the motor for me .,a chief delivered a cigarette for you .,PD,PD,CATCH,DELIVER,THE,A,for,for,-46.75601577758789,"[-3.6251342, -8.927421, -13.081609, -0.85078293, -8.512516, -4.4224606, -6.177312, -1.1587799]"
the colonel caught the motor for me .,a chief delivered you a cigarette .,PD,DO,CATCH,DELIVER,THE,A,for,for,-43.804107666015625,"[-3.6251342, -8.927421, -13.081609, -8.128881, -1.2776253, -7.657663, -1.1057727]"
the colonel caught them the camera .,a father got a pie for it .,DO,PD,CATCH,GET,THE,A,for,for,-37.98314666748047,"[-3.5860355, -6.6535263, -6.56921, -1.4601374, -9.308401, -2.553012, -7.0676923, -0.78513306]"
the colonel caught them the camera .,a father got it a pie .,DO,DO,CATCH,GET,THE,A,for,for,-40.41028594970703,"[-3.5860355, -6.6535263, -6.56921, -5.7643023, -6.125284, -10.138619, -1.5733106]"
the colonel caught them the cup .,a student left a gun for me .,DO,PD,CATCH,LEAVE,THE,A,for,for,-37.350624084472656,"[-3.616908, -6.019987, -7.0095816, -1.3622586, -5.596447, -4.342918, -7.3468657, -2.0556574]"
the colonel caught them the cup .,a student left me a gun .,DO,DO,CATCH,LEAVE,THE,A,for,for,-34.05187225341797,"[-3.616908, -6.019987, -7.0095816, -6.8011994, -0.9049624, -8.212401, -1.4868295]"
the colonel caught you the camera .,a singer sold a candy to them .,DO,PD,CATCH,SELL,THE,A,for,to,-48.11424255371094,"[-3.5550284, -10.198507, -9.88438, -2.0561645, -8.211073, -4.800839, -8.090952, -1.3173002]"
the colonel caught you the camera .,a singer sold them a candy .,DO,DO,CATCH,SELL,THE,A,for,to,-43.46822738647461,"[-3.5550284, -10.198507, -9.88438, -7.1387568, -2.0920198, -7.474334, -3.1252022]"
the colonel delivered her the newspaper .,a son sent a camera to us .,DO,PD,DELIVER,SEND,THE,A,for,to,-40.148658752441406,"[-3.706364, -8.477695, -8.359534, -2.2311888, -8.497586, -0.6512428, -6.928814, -1.2962356]"
the colonel delivered her the newspaper .,a son sent us a camera .,DO,DO,DELIVER,SEND,THE,A,for,to,-38.090476989746094,"[-3.706364, -8.477695, -8.359534, -5.296994, -1.5472797, -8.712003, -1.9906077]"
the colonel delivered her the newspaper .,a bishop bought a beer for you .,DO,PD,DELIVER,BUY,THE,A,for,for,-41.04609680175781,"[-3.706364, -8.921542, -9.632945, -1.7547624, -5.8622475, -2.7324395, -7.4620104, -0.97378516]"
the colonel delivered her the newspaper .,a bishop bought you a beer .,DO,DO,DELIVER,BUY,THE,A,for,for,-35.14948272705078,"[-3.706364, -8.921542, -9.632945, -7.3500175, -0.9160594, -3.3978615, -1.224695]"
the colonel delivered him the salad .,a friend sent a coffee to me .,DO,PD,DELIVER,SEND,THE,A,for,to,-31.6261043548584,"[-3.7346978, -6.003222, -4.49643, -4.485673, -9.227129, -1.3713907, -1.1461114, -1.161449]"
the colonel delivered him the salad .,a friend sent me a coffee .,DO,DO,DELIVER,SEND,THE,A,for,to,-24.889984130859375,"[-3.7346978, -6.003222, -4.49643, -0.32755163, -1.6438899, -7.0321236, -1.65207]"
the colonel delivered me the chicken .,a parent supplied a cheese to him .,DO,PD,DELIVER,SUPPLY,THE,A,for,to,-42.970703125,"[-3.7172804, -8.341664, -10.788221, -2.828823, -8.275108, -1.8326788, -6.067252, -1.1196725]"
the colonel delivered me the chicken .,a parent supplied him a cheese .,DO,DO,DELIVER,SUPPLY,THE,A,for,to,-38.25710678100586,"[-3.7172804, -8.341664, -10.788221, -4.6110563, -2.6721694, -6.5273967, -1.5993197]"
the colonel delivered me the chicken .,an opponent took a glass to it .,DO,PD,DELIVER,TAKE,THE,A,for,to,-41.43097686767578,"[-5.7043056, -8.159853, -5.95041, -1.8022773, -8.07619, -4.4863706, -6.3978777, -0.85369503]"
the colonel delivered me the chicken .,an opponent took it a glass .,DO,DO,DELIVER,TAKE,THE,A,for,to,-44.109580993652344,"[-5.7043056, -8.159853, -5.95041, -3.9829547, -4.7395372, -12.098995, -3.4735265]"
the colonel delivered me the meal .,a bishop showed a coffee to you .,DO,PD,DELIVER,SHOW,THE,A,for,to,-47.002532958984375,"[-3.7362041, -8.997629, -7.642632, -4.3431683, -10.287622, -3.4015427, -7.8218913, -0.7718404]"
the colonel delivered me the meal .,a bishop showed you a coffee .,DO,DO,DELIVER,SHOW,THE,A,for,to,-39.524261474609375,"[-3.7362041, -8.997629, -7.642632, -7.018879, -2.1807275, -7.9771338, -1.9710567]"
the colonel delivered me the newspaper .,a cousin brought a bag to you .,DO,PD,DELIVER,BRING,THE,A,for,to,-38.214996337890625,"[-3.7268076, -8.787735, -6.573065, -3.8933935, -3.800793, -2.3805475, -8.175521, -0.87713534]"
the colonel delivered me the newspaper .,a cousin brought you a bag .,DO,DO,DELIVER,BRING,THE,A,for,to,-36.513648986816406,"[-3.7268076, -8.787735, -6.573065, -6.0738525, -2.703794, -5.626446, -3.0219476]"
the colonel delivered me the salad .,an employer kept a coffee for it .,DO,PD,DELIVER,KEEP,THE,A,for,for,-48.387413024902344,"[-5.713853, -7.7737556, -9.590868, -2.4095306, -9.13346, -5.1440234, -7.508174, -1.1137489]"
the colonel delivered me the salad .,an employer kept it a coffee .,DO,DO,DELIVER,KEEP,THE,A,for,for,-47.17498779296875,"[-5.713853, -7.7737556, -9.590868, -5.128888, -3.420009, -12.734274, -2.8133402]"
the colonel delivered me the salad .,a singer saved a chocolate for us .,DO,PD,DELIVER,SAVE,THE,A,for,for,-50.7593994140625,"[-3.7639952, -9.832731, -10.035905, -2.257885, -10.564527, -7.682272, -5.222517, -1.399569]"
the colonel delivered me the salad .,a singer saved us a chocolate .,DO,DO,DELIVER,SAVE,THE,A,for,for,-46.01715087890625,"[-3.7639952, -9.832731, -10.035905, -5.742304, -4.2218237, -8.127409, -4.292985]"
the colonel delivered me the salad .,a parent promised a jacket to you .,DO,PD,DELIVER,PROMISE,THE,A,for,to,-48.495113372802734,"[-3.7639952, -8.345307, -9.987064, -2.8556333, -11.2052145, -2.5378811, -7.9754906, -1.8245265]"
the colonel delivered me the salad .,a parent promised you a jacket .,DO,DO,DELIVER,PROMISE,THE,A,for,to,-40.21113204956055,"[-3.7639952, -8.345307, -9.987064, -5.317249, -2.2055101, -8.993928, -1.598078]"
the colonel delivered the chicken for me .,a parent supplied a cheese to him .,PD,PD,DELIVER,SUPPLY,THE,A,for,to,-42.99091339111328,"[-3.6556153, -8.314238, -10.645785, -2.3636317, -7.692704, -3.017358, -5.758851, -1.5427343]"
the colonel delivered the chicken for me .,a parent supplied him a cheese .,PD,DO,DELIVER,SUPPLY,THE,A,for,to,-41.5814208984375,"[-3.6556153, -8.314238, -10.645785, -5.0984683, -3.122744, -6.9408307, -3.8037386]"
the colonel delivered the chicken for me .,an opponent took a glass to it .,PD,PD,DELIVER,TAKE,THE,A,for,to,-41.31255340576172,"[-5.686522, -8.204005, -5.8581586, -1.673707, -7.8268795, -4.651544, -6.3079834, -1.1037525]"
the colonel delivered the chicken for me .,an opponent took it a glass .,PD,DO,DELIVER,TAKE,THE,A,for,to,-44.425201416015625,"[-5.686522, -8.204005, -5.8581586, -4.053359, -4.61086, -11.618189, -4.3941097]"
the colonel delivered the meal for me .,a bishop showed a coffee to you .,PD,PD,DELIVER,SHOW,THE,A,for,to,-46.69681167602539,"[-3.6777174, -9.149677, -7.675641, -3.6036863, -9.634026, -4.3696547, -7.723401, -0.8630089]"
the colonel delivered the meal for me .,a bishop showed you a coffee .,PD,DO,DELIVER,SHOW,THE,A,for,to,-40.88513946533203,"[-3.6777174, -9.149677, -7.675641, -6.9976997, -2.2817988, -7.79168, -3.3109283]"
the colonel delivered the meal for them .,a husband showed a telephone to you .,PD,PD,DELIVER,SHOW,THE,A,for,to,-46.96893310546875,"[-3.6738763, -8.606783, -8.643552, -3.9186747, -9.7304125, -1.8812263, -9.044178, -1.4702314]"
the colonel delivered the meal for them .,a husband showed you a telephone .,PD,DO,DELIVER,SHOW,THE,A,for,to,-44.96767044067383,"[-3.6738763, -8.606783, -8.643552, -8.428165, -2.4876976, -9.8256035, -3.3019924]"
the colonel delivered the meal for you .,a man gave a card to me .,PD,PD,DELIVER,GIVE,THE,A,for,to,-33.4610481262207,"[-3.6632404, -3.6404445, -7.1389227, -1.8695616, -10.03627, -0.40059692, -4.7183685, -1.9936442]"
the colonel delivered the meal for you .,a man gave me a card .,PD,DO,DELIVER,GIVE,THE,A,for,to,-29.182756423950195,"[-3.6632404, -3.6404445, -7.1389227, -3.5800233, -0.8162496, -7.6546397, -2.689236]"
the colonel delivered the newspaper for her .,a son sent a camera to us .,PD,PD,DELIVER,SEND,THE,A,for,to,-40.73747253417969,"[-3.6601257, -8.421035, -8.118302, -1.7690207, -8.142684, -0.79496515, -7.9915037, -1.8398391]"
the colonel delivered the newspaper for her .,a son sent us a camera .,PD,DO,DELIVER,SEND,THE,A,for,to,-38.36629104614258,"[-3.6601257, -8.421035, -8.118302, -5.32925, -1.222772, -8.860388, -2.7544186]"
the colonel delivered the newspaper for her .,a bishop bought a beer for you .,PD,PD,DELIVER,BUY,THE,A,for,for,-39.63748550415039,"[-3.6601257, -9.121276, -9.279068, -1.2611752, -6.617876, -1.3073257, -7.4404483, -0.95019233]"
the colonel delivered the newspaper for her .,a bishop bought you a beer .,PD,DO,DELIVER,BUY,THE,A,for,for,-36.8483772277832,"[-3.6601257, -9.121276, -9.279068, -8.094841, -0.82480705, -4.025325, -1.8429328]"
the colonel delivered the newspaper for me .,a cousin brought a bag to you .,PD,PD,DELIVER,BRING,THE,A,for,to,-37.85529327392578,"[-3.6756043, -8.887255, -6.6293545, -3.0173469, -3.6963956, -3.30158, -7.527757, -1.120002]"
the colonel delivered the newspaper for me .,a cousin brought you a bag .,PD,DO,DELIVER,BRING,THE,A,for,to,-35.77537536621094,"[-3.6756043, -8.887255, -6.6293545, -5.521335, -2.128611, -5.0766788, -3.8565361]"
the colonel delivered the newspaper for you .,a buddy purchased a jacket for him .,PD,PD,DELIVER,PURCHASE,THE,A,for,for,-38.35966110229492,"[-3.6614566, -10.052853, -8.523457, -1.0758531, -7.9844027, -1.6146022, -3.4657776, -1.9812601]"
the colonel delivered the newspaper for you .,a buddy purchased him a jacket .,PD,DO,DELIVER,PURCHASE,THE,A,for,for,-38.15843963623047,"[-3.6614566, -10.052853, -8.523457, -4.9478607, -1.091284, -7.774397, -2.10713]"
the colonel delivered the salad for him .,a friend sent a coffee to me .,PD,PD,DELIVER,SEND,THE,A,for,to,-31.884246826171875,"[-3.7095978, -6.0422072, -4.6859765, -3.5500138, -8.86795, -2.4879725, -1.2468781, -1.2936491]"
the colonel delivered the salad for him .,a friend sent me a coffee .,PD,DO,DELIVER,SEND,THE,A,for,to,-26.428802490234375,"[-3.7095978, -6.0422072, -4.6859765, -0.44417304, -1.236664, -7.139552, -3.1706324]"
the colonel delivered the salad for me .,an employer kept a coffee for it .,PD,PD,DELIVER,KEEP,THE,A,for,for,-47.37724685668945,"[-5.69693, -7.8041754, -9.96282, -2.0161963, -9.075439, -3.9809966, -7.709335, -1.1313529]"
the colonel delivered the salad for me .,an employer kept it a coffee .,PD,DO,DELIVER,KEEP,THE,A,for,for,-48.226112365722656,"[-5.69693, -7.8041754, -9.96282, -5.063098, -3.330849, -12.517303, -3.8509338]"
the colonel delivered the salad for me .,a singer saved a chocolate for us .,PD,PD,DELIVER,SAVE,THE,A,for,for,-47.64727020263672,"[-3.6988943, -9.824337, -10.143814, -2.008112, -10.026338, -6.319497, -4.497719, -1.1285607]"
the colonel delivered the salad for me .,a singer saved us a chocolate .,PD,DO,DELIVER,SAVE,THE,A,for,for,-49.78307342529297,"[-3.6988943, -9.824337, -10.143814, -7.1655664, -4.1738153, -9.171178, -5.60547]"
the colonel delivered the salad for me .,a parent promised a jacket to you .,PD,PD,DELIVER,PROMISE,THE,A,for,to,-48.07928466796875,"[-3.6988943, -8.29442, -10.048684, -2.4759147, -10.651495, -2.8391538, -8.122434, -1.9482902]"
the colonel delivered the salad for me .,a parent promised you a jacket .,PD,DO,DELIVER,PROMISE,THE,A,for,to,-41.255615234375,"[-3.6988943, -8.29442, -10.048684, -5.958251, -2.1058507, -8.885497, -2.264021]"
the colonel delivered the salad for them .,a princess took a knife to him .,PD,PD,DELIVER,TAKE,THE,A,for,to,-35.99715042114258,"[-3.6959398, -10.367846, -5.780604, -1.7701399, -5.2512674, -0.9946534, -7.068198, -1.0685021]"
the colonel delivered the salad for them .,a princess took him a knife .,PD,DO,DELIVER,TAKE,THE,A,for,to,-38.932796478271484,"[-3.6959398, -10.367846, -5.780604, -3.9801333, -6.0165415, -7.1361423, -1.9555919]"
the colonel delivered the salad for us .,a reader drew a gun for you .,PD,PD,DELIVER,DRAW,THE,A,for,for,-39.56503677368164,"[-3.700104, -7.2893496, -9.544477, -1.8662148, -6.9932537, -3.9303315, -5.5406313, -0.7006731]"
the colonel delivered the salad for us .,a reader drew you a gun .,PD,DO,DELIVER,DRAW,THE,A,for,for,-42.075340270996094,"[-3.700104, -7.2893496, -9.544477, -9.179119, -1.5806959, -9.391507, -1.3900871]"
the colonel delivered the salad for you .,a parent brought a meal to us .,PD,PD,DELIVER,BRING,THE,A,for,to,-35.61229705810547,"[-3.6857696, -8.286713, -6.4147882, -2.010318, -7.1268663, -2.0467696, -4.1664486, -1.8746233]"
the colonel delivered the salad for you .,a parent brought us a meal .,PD,DO,DELIVER,BRING,THE,A,for,to,-34.241111755371094,"[-3.6857696, -8.286713, -6.4147882, -5.3199587, -1.8436615, -5.9615455, -2.728675]"
the colonel delivered the salad for you .,a bishop threw a chocolate to me .,PD,PD,DELIVER,THROW,THE,A,for,to,-44.79766845703125,"[-3.6857696, -9.244226, -9.0534725, -1.111171, -7.5920863, -7.030687, -5.696896, -1.3833599]"
the colonel delivered the salad for you .,a bishop threw me a chocolate .,PD,DO,DELIVER,THROW,THE,A,for,to,-41.94860076904297,"[-3.6857696, -9.244226, -9.0534725, -6.630397, -1.4357846, -6.0569344, -5.8420153]"
the colonel delivered them the meal .,a husband showed a telephone to you .,DO,PD,DELIVER,SHOW,THE,A,for,to,-46.76468276977539,"[-3.7052042, -8.573439, -8.34477, -4.128193, -9.331641, -1.6180588, -9.680286, -1.3830897]"
the colonel delivered them the meal .,a husband showed you a telephone .,DO,DO,DELIVER,SHOW,THE,A,for,to,-44.41217803955078,"[-3.7052042, -8.573439, -8.34477, -8.140244, -2.3603911, -10.053699, -3.2344294]"
the colonel delivered them the salad .,a princess took a knife to him .,DO,PD,DELIVER,TAKE,THE,A,for,to,-36.40507125854492,"[-3.7327576, -10.38783, -5.71682, -1.8000551, -5.786077, -0.93428946, -7.1666408, -0.8806019]"
the colonel delivered them the salad .,a princess took him a knife .,DO,DO,DELIVER,TAKE,THE,A,for,to,-38.27716064453125,"[-3.7327576, -10.38783, -5.71682, -3.8153958, -5.832895, -7.5097, -1.2817618]"
the colonel delivered us the salad .,a reader drew a gun for you .,DO,PD,DELIVER,DRAW,THE,A,for,for,-42.315284729003906,"[-3.7496214, -7.1981287, -9.401829, -2.3699, -7.1258383, -5.3770795, -6.3003983, -0.7924885]"
the colonel delivered us the salad .,a reader drew you a gun .,DO,DO,DELIVER,DRAW,THE,A,for,for,-41.188682556152344,"[-3.7496214, -7.1981287, -9.401829, -8.775909, -1.5771321, -9.573985, -0.9120748]"
the colonel delivered you the meal .,a man gave a card to me .,DO,PD,DELIVER,GIVE,THE,A,for,to,-34.322608947753906,"[-3.6996112, -3.5217247, -7.0699577, -1.9282926, -10.219029, -0.41039962, -5.74334, -1.7302551]"
the colonel delivered you the meal .,a man gave me a card .,DO,DO,DELIVER,GIVE,THE,A,for,to,-28.222782135009766,"[-3.6996112, -3.5217247, -7.0699577, -2.8692164, -0.94901025, -8.190834, -1.922428]"
the colonel delivered you the newspaper .,a buddy purchased a jacket for him .,DO,PD,DELIVER,PURCHASE,THE,A,for,for,-39.32508850097656,"[-3.6799407, -10.012767, -8.628769, -1.1133114, -7.9011245, -2.539918, -3.5398602, -1.9094001]"
the colonel delivered you the newspaper .,a buddy purchased him a jacket .,DO,DO,DELIVER,PURCHASE,THE,A,for,for,-36.24687957763672,"[-3.6799407, -10.012767, -8.628769, -4.1739974, -0.86597663, -7.495928, -1.3895048]"
the colonel delivered you the salad .,a parent brought a meal to us .,DO,PD,DELIVER,BRING,THE,A,for,to,-35.97922897338867,"[-3.7240415, -8.24116, -6.3956366, -2.0855591, -8.092083, -0.742725, -5.150238, -1.5477841]"
the colonel delivered you the salad .,a parent brought us a meal .,DO,DO,DELIVER,BRING,THE,A,for,to,-32.54584503173828,"[-3.7240415, -8.24116, -6.3956366, -4.9513855, -2.299482, -5.6211405, -1.3129994]"
the colonel delivered you the salad .,a bishop threw a chocolate to me .,DO,PD,DELIVER,THROW,THE,A,for,to,-43.9465217590332,"[-3.7240415, -9.152464, -8.878631, -1.0776525, -8.351662, -6.830505, -4.655697, -1.2758689]"
the colonel delivered you the salad .,a bishop threw me a chocolate .,DO,DO,DELIVER,THROW,THE,A,for,to,-39.011383056640625,"[-3.7240415, -9.152464, -8.878631, -5.307755, -1.3387125, -6.1557164, -4.4540644]"
the colonel designed the camera for them .,a kid bought a key for him .,PD,PD,DESIGN,BUY,THE,A,for,for,-33.64727020263672,"[-3.5692034, -8.76765, -7.526157, -0.9712671, -7.2687025, -1.7183292, -2.407744, -1.4182142]"
the colonel designed the camera for them .,a kid bought him a key .,PD,DO,DESIGN,BUY,THE,A,for,for,-32.95380401611328,"[-3.5692034, -8.76765, -7.526157, -3.1394649, -0.70819867, -6.904391, -2.3387358]"
the colonel designed them the camera .,a kid bought a key for him .,DO,PD,DESIGN,BUY,THE,A,for,for,-37.54847717285156,"[-3.6522763, -8.659437, -7.4169884, -1.0597607, -7.4045033, -3.0005627, -4.821443, -1.5335069]"
the colonel designed them the camera .,a kid bought him a key .,DO,DO,DESIGN,BUY,THE,A,for,for,-32.119300842285156,"[-3.6522763, -8.659437, -7.4169884, -3.056129, -0.71873814, -6.6239614, -1.9917687]"
the colonel drew him the telephone .,a champion saved an instrument for me .,DO,PD,DRAW,SAVE,THE,A,for,for,-52.14093017578125,"[-3.690513, -9.698557, -11.226819, -5.1804705, -11.252752, -4.482891, -5.0691614, -1.539766]"
the colonel drew him the telephone .,a champion saved me an instrument .,DO,DO,DRAW,SAVE,THE,A,for,for,-47.02778625488281,"[-3.690513, -9.698557, -11.226819, -4.932967, -4.270543, -11.1178055, -2.0905807]"
the colonel drew me the bowl .,a candidate left a log for you .,DO,PD,DRAW,LEAVE,THE,A,for,for,-43.89308166503906,"[-3.7320282, -8.747419, -7.5870442, -2.1999042, -9.229428, -4.4219246, -6.158088, -1.8172426]"
the colonel drew me the bowl .,a candidate left you a log .,DO,DO,DRAW,LEAVE,THE,A,for,for,-40.77711486816406,"[-3.7320282, -8.747419, -7.5870442, -7.1189213, -2.6070402, -8.809564, -2.175096]"
the colonel drew me the log .,a winner fed a cheese to it .,DO,PD,DRAW,FEED,THE,A,for,to,-47.63862609863281,"[-3.6879337, -10.138163, -11.967571, -2.9100647, -7.720047, -3.8328373, -6.445701, -0.9363089]"
the colonel drew me the log .,a winner fed it a cheese .,DO,DO,DRAW,FEED,THE,A,for,to,-42.66457748413086,"[-3.6879337, -10.138163, -11.967571, -4.986333, -2.1749797, -6.645748, -3.0638502]"
the colonel drew the bowl for me .,a candidate left a log for you .,PD,PD,DRAW,LEAVE,THE,A,for,for,-41.61331558227539,"[-3.66048, -8.667038, -7.6003785, -2.2078068, -9.178116, -3.2247586, -5.45706, -1.6176766]"
the colonel drew the bowl for me .,a candidate left you a log .,PD,DO,DRAW,LEAVE,THE,A,for,for,-42.304481506347656,"[-3.66048, -8.667038, -7.6003785, -7.5792494, -3.3496592, -8.882276, -2.5654001]"
the colonel drew the log for me .,a winner fed a cheese to it .,PD,PD,DRAW,FEED,THE,A,for,to,-46.40658187866211,"[-3.629603, -10.080662, -12.199558, -2.547614, -7.2315674, -3.4076552, -6.5149965, -0.7949271]"
the colonel drew the log for me .,a winner fed it a cheese .,PD,DO,DRAW,FEED,THE,A,for,to,-42.236289978027344,"[-3.629603, -10.080662, -12.199558, -5.09762, -1.6776221, -6.20938, -3.3418448]"
the colonel drew the log for us .,a reader sold a cheese to them .,PD,PD,DRAW,SELL,THE,A,for,to,-48.64024353027344,"[-3.6326914, -6.9467506, -11.955549, -2.7456884, -10.754426, -4.744552, -6.87505, -0.985533]"
the colonel drew the log for us .,a reader sold them a cheese .,PD,DO,DRAW,SELL,THE,A,for,to,-46.214195251464844,"[-3.6326914, -6.9467506, -11.955549, -6.7380543, -3.3969975, -9.405781, -4.1383677]"
the colonel drew the telephone for him .,a champion saved an instrument for me .,PD,PD,DRAW,SAVE,THE,A,for,for,-50.890541076660156,"[-3.6462789, -9.8127, -11.3511715, -4.894497, -11.257228, -3.8409467, -4.8019466, -1.2857705]"
the colonel drew the telephone for him .,a champion saved me an instrument .,PD,DO,DRAW,SAVE,THE,A,for,for,-49.34397888183594,"[-3.6462789, -9.8127, -11.3511715, -5.1758995, -5.1945853, -11.563896, -2.599445]"
the colonel drew us the log .,a reader sold a cheese to them .,DO,PD,DRAW,SELL,THE,A,for,to,-49.5715446472168,"[-3.6551163, -6.9206324, -11.81127, -3.0828352, -11.295807, -4.7404995, -7.1044006, -0.960984]"
the colonel drew us the log .,a reader sold them a cheese .,DO,DO,DRAW,SELL,THE,A,for,to,-45.79925537109375,"[-3.6551163, -6.9206324, -11.81127, -7.2438974, -2.0986774, -10.517931, -3.5517304]"
the colonel fed him the chicken .,an adult sold a salad to you .,DO,PD,FEED,SELL,THE,A,to,to,-46.49212646484375,"[-5.6618986, -6.5241556, -10.405837, -2.1653407, -9.696859, -1.5796434, -8.71606, -1.7423317]"
the colonel fed him the chicken .,an adult sold you a salad .,DO,DO,FEED,SELL,THE,A,to,to,-39.57665252685547,"[-5.6618986, -6.5241556, -10.405837, -6.4171896, -1.2119154, -8.086374, -1.269283]"
the colonel fed him the meal .,a husband purchased a bowl for them .,DO,PD,FEED,PURCHASE,THE,A,to,for,-43.265724182128906,"[-3.693025, -8.590148, -10.418646, -1.1001372, -7.2994785, -4.2568674, -6.237783, -1.6696409]"
the colonel fed him the meal .,a husband purchased them a bowl .,DO,DO,FEED,PURCHASE,THE,A,to,for,-44.986228942871094,"[-3.693025, -8.590148, -10.418646, -5.286884, -5.2434464, -7.626632, -4.1274457]"
the colonel fed him the meal .,a reader delivered a salad for you .,DO,PD,FEED,DELIVER,THE,A,to,for,-45.84931945800781,"[-3.693025, -7.416503, -9.516399, -1.9737226, -13.101973, -3.6728616, -5.7602243, -0.71461195]"
the colonel fed him the meal .,a reader delivered you a salad .,DO,DO,FEED,DELIVER,THE,A,to,for,-46.38468551635742,"[-3.693025, -7.416503, -9.516399, -8.781971, -2.9790626, -12.594892, -1.4028316]"
the colonel fed him the salad .,an aunt left a beer for me .,DO,PD,FEED,LEAVE,THE,A,to,for,-39.467689514160156,"[-5.6758757, -7.9900928, -7.0021524, -1.4959004, -7.8850155, -3.5200913, -4.284895, -1.6136696]"
the colonel fed him the salad .,an aunt left me a beer .,DO,DO,FEED,LEAVE,THE,A,to,for,-34.774497985839844,"[-5.6758757, -7.9900928, -7.0021524, -4.19053, -1.2818737, -6.9801903, -1.6537832]"
the colonel fed it the candy .,a guest threw a bottle to her .,DO,PD,FEED,THROW,THE,A,to,to,-43.78337478637695,"[-3.7053792, -8.132298, -14.791629, -1.1243916, -4.6514697, -5.713905, -2.286105, -3.3781967]"
the colonel fed it the candy .,a guest threw her a bottle .,DO,DO,FEED,THROW,THE,A,to,to,-43.07151794433594,"[-3.7053792, -8.132298, -14.791629, -3.830696, -5.500909, -5.160252, -1.9503539]"
the colonel fed it the pie .,an aunt gave a tea to me .,DO,PD,FEED,GIVE,THE,A,to,to,-33.45366668701172,"[-5.697701, -8.243384, -5.2411556, -2.3656375, -7.9674416, -0.35166675, -2.8163934, -0.7702865]"
the colonel fed it the pie .,an aunt gave me a tea .,DO,DO,FEED,GIVE,THE,A,to,to,-30.335132598876953,"[-5.697701, -8.243384, -5.2411556, -1.8647621, -1.0374854, -7.106838, -1.1438053]"
the colonel fed it the salad .,a wife promised a meal to them .,DO,PD,FEED,PROMISE,THE,A,to,to,-41.055503845214844,"[-3.710585, -9.381493, -9.89725, -2.53332, -5.610786, -2.274292, -5.7815514, -1.8662269]"
the colonel fed it the salad .,a wife promised them a meal .,DO,DO,FEED,PROMISE,THE,A,to,to,-34.84661102294922,"[-3.710585, -9.381493, -9.89725, -4.7002597, -1.6828554, -3.8017406, -1.6724267]"
the colonel fed me the chicken .,a nurse purchased a pie for us .,DO,PD,FEED,PURCHASE,THE,A,to,for,-38.54800796508789,"[-3.6924305, -7.3038144, -9.9843445, -1.0953516, -8.506353, -1.9257615, -4.6484647, -1.3914883]"
the colonel fed me the chicken .,a nurse purchased us a pie .,DO,DO,FEED,PURCHASE,THE,A,to,for,-37.29541778564453,"[-3.6924305, -7.3038144, -9.9843445, -6.7194676, -1.0879226, -7.175813, -1.3316242]"
the colonel fed me the chocolate .,a winner drew a computer for us .,DO,PD,FEED,DRAW,THE,A,to,for,-45.069908142089844,"[-3.7041268, -10.128072, -10.632269, -1.8529929, -9.315377, -4.5522118, -3.7348952, -1.149966]"
the colonel fed me the chocolate .,a winner drew us a computer .,DO,DO,FEED,DRAW,THE,A,to,for,-43.406166076660156,"[-3.7041268, -10.128072, -10.632269, -5.427929, -2.2815623, -9.743939, -1.4882672]"
the colonel fed me the chocolate .,a hero got a tea for it .,DO,PD,FEED,GET,THE,A,to,for,-42.814849853515625,"[-3.7041268, -8.596037, -6.8872733, -2.3680775, -10.4731455, -3.721722, -6.338249, -0.72621876]"
the colonel fed me the chocolate .,a hero got it a tea .,DO,DO,FEED,GET,THE,A,to,for,-43.87372589111328,"[-3.7041268, -8.596037, -6.8872733, -4.833493, -6.458966, -12.433838, -0.9599925]"
the colonel fed the candy to it .,a guest threw a bottle to her .,PD,PD,FEED,THROW,THE,A,to,to,-44.21953582763672,"[-3.657874, -8.22999, -15.218851, -0.88150465, -4.446515, -5.4656296, -2.8536017, -3.4655695]"
the colonel fed the candy to it .,a guest threw her a bottle .,PD,DO,FEED,THROW,THE,A,to,to,-44.460853576660156,"[-3.657874, -8.22999, -15.218851, -4.092274, -5.6381006, -5.0948806, -2.528882]"
the colonel fed the candy to them .,a sheriff purchased a bottle for you .,PD,PD,FEED,PURCHASE,THE,A,to,for,-42.76822280883789,"[-3.6812365, -8.020378, -10.688796, -1.1546074, -6.021884, -5.0968933, -7.023801, -1.0806286]"
the colonel fed the candy to them .,a sheriff purchased you a bottle .,PD,DO,FEED,PURCHASE,THE,A,to,for,-41.48020935058594,"[-3.6812365, -8.020378, -10.688796, -9.2641, -0.80221486, -4.8177667, -4.2057204]"
the colonel fed the chicken to him .,an adult sold a salad to you .,PD,PD,FEED,SELL,THE,A,to,to,-43.150543212890625,"[-5.6491165, -6.5174637, -10.476137, -2.154167, -8.533327, -0.79601264, -7.5940924, -1.4302231]"
the colonel fed the chicken to him .,an adult sold you a salad .,PD,DO,FEED,SELL,THE,A,to,to,-40.21996307373047,"[-5.6491165, -6.5174637, -10.476137, -7.2507534, -1.2033279, -7.4574475, -1.6657202]"
the colonel fed the chicken to me .,a nurse purchased a pie for us .,PD,PD,FEED,PURCHASE,THE,A,to,for,-36.90996551513672,"[-3.6582685, -7.2378497, -9.952814, -1.1556643, -7.9168396, -2.002399, -3.8309336, -1.1551971]"
the colonel fed the chicken to me .,a nurse purchased us a pie .,PD,DO,FEED,PURCHASE,THE,A,to,for,-39.23479461669922,"[-3.6582685, -7.2378497, -9.952814, -8.27807, -1.1954134, -7.090194, -1.8221872]"
the colonel fed the chocolate to me .,a winner drew a computer for us .,PD,PD,FEED,DRAW,THE,A,to,for,-44.696800231933594,"[-3.6632693, -10.199483, -10.720322, -1.8132008, -9.314562, -4.725667, -3.1490674, -1.1112272]"
the colonel fed the chocolate to me .,a winner drew us a computer .,PD,DO,FEED,DRAW,THE,A,to,for,-45.618316650390625,"[-3.6632693, -10.199483, -10.720322, -7.2493153, -1.9533417, -9.781919, -2.0506682]"
the colonel fed the chocolate to me .,a hero got a tea for it .,PD,PD,FEED,GET,THE,A,to,for,-43.266841888427734,"[-3.6632693, -8.747831, -7.0595207, -2.1249795, -10.303158, -3.524653, -7.0234046, -0.82002693]"
the colonel fed the chocolate to me .,a hero got it a tea .,PD,DO,FEED,GET,THE,A,to,for,-44.995567321777344,"[-3.6632693, -8.747831, -7.0595207, -4.8131757, -6.5266657, -12.624428, -1.5606772]"
the colonel fed the chocolate to us .,a winner made an anchor for you .,PD,PD,FEED,MAKE,THE,A,to,for,-46.06071472167969,"[-3.6685867, -10.2241125, -7.2630243, -4.9675007, -9.936896, -2.3048449, -6.3358436, -1.3599048]"
the colonel fed the chocolate to us .,a winner made you an anchor .,PD,DO,FEED,MAKE,THE,A,to,for,-42.918373107910156,"[-3.6685867, -10.2241125, -7.2630243, -6.4394035, -4.6720266, -8.599965, -2.0512545]"
the colonel fed the chocolate to you .,a captain sold a beer to it .,PD,PD,FEED,SELL,THE,A,to,to,-39.32701110839844,"[-3.6526313, -9.683701, -9.591223, -2.068767, -5.3220744, -0.44410694, -7.75624, -0.8082681]"
the colonel fed the chocolate to you .,a captain sold it a beer .,PD,DO,FEED,SELL,THE,A,to,to,-42.792388916015625,"[-3.6526313, -9.683701, -9.591223, -5.6941714, -6.8789053, -5.8427286, -1.449032]"
the colonel fed the meal to him .,a husband purchased a bowl for them .,PD,PD,FEED,PURCHASE,THE,A,to,for,-41.607696533203125,"[-3.6741123, -8.705839, -10.633004, -0.9672395, -6.3630624, -4.261264, -5.4938517, -1.5093228]"
the colonel fed the meal to him .,a husband purchased them a bowl .,PD,DO,FEED,PURCHASE,THE,A,to,for,-46.0352897644043,"[-3.6741123, -8.705839, -10.633004, -6.5158606, -5.494793, -6.1352043, -4.8764777]"
the colonel fed the meal to him .,a reader delivered a salad for you .,PD,PD,FEED,DELIVER,THE,A,to,for,-45.22032928466797,"[-3.6741123, -7.3716254, -9.659825, -1.7400364, -13.15651, -3.7913857, -5.1337366, -0.6930986]"
the colonel fed the meal to him .,a reader delivered you a salad .,PD,DO,FEED,DELIVER,THE,A,to,for,-46.33619689941406,"[-3.6741123, -7.3716254, -9.659825, -8.943899, -2.6199703, -12.369185, -1.69758]"
the colonel fed the meal to us .,an attorney left an anchor for me .,PD,PD,FEED,LEAVE,THE,A,to,for,-43.0620231628418,"[-5.6395493, -5.7991996, -8.320864, -3.2476816, -9.283276, -3.2650084, -5.5739393, -1.9325044]"
the colonel fed the meal to us .,an attorney left me an anchor .,PD,DO,FEED,LEAVE,THE,A,to,for,-42.63129425048828,"[-5.6395493, -5.7991996, -8.320864, -5.3249493, -3.0485194, -11.284092, -3.2141204]"
the colonel fed the pie to it .,an aunt gave a tea to me .,PD,PD,FEED,GIVE,THE,A,to,to,-33.93268966674805,"[-5.692071, -8.214375, -5.3029504, -2.14668, -8.562096, -0.14648959, -2.9204028, -0.94762707]"
the colonel fed the pie to it .,an aunt gave me a tea .,PD,DO,FEED,GIVE,THE,A,to,to,-31.19434928894043,"[-5.692071, -8.214375, -5.3029504, -2.1442187, -0.78921914, -7.45999, -1.5915251]"
the colonel fed the salad to him .,an aunt left a beer for me .,PD,PD,FEED,LEAVE,THE,A,to,for,-38.744850158691406,"[-5.652704, -7.941648, -6.897134, -1.3691179, -7.7467403, -3.563696, -4.0059304, -1.5678792]"
the colonel fed the salad to him .,an aunt left me a beer .,PD,DO,FEED,LEAVE,THE,A,to,for,-35.55525207519531,"[-5.652704, -7.941648, -6.897134, -4.7353354, -1.1829808, -7.0229635, -2.1224856]"
the colonel fed the salad to it .,a wife promised a meal to them .,PD,PD,FEED,PROMISE,THE,A,to,to,-38.428524017333984,"[-3.6963985, -9.374628, -9.991734, -2.5610204, -4.864242, -1.1856036, -4.8435073, -1.9113914]"
the colonel fed the salad to it .,a wife promised them a meal .,PD,DO,FEED,PROMISE,THE,A,to,to,-35.446449279785156,"[-3.6963985, -9.374628, -9.991734, -4.9031186, -1.6368257, -3.7342713, -2.109474]"
the colonel fed them the candy .,a sheriff purchased a bottle for you .,DO,PD,FEED,PURCHASE,THE,A,to,for,-43.46293640136719,"[-3.690594, -7.958855, -10.835729, -1.284547, -6.331312, -5.038397, -7.346075, -0.9774261]"
the colonel fed them the candy .,a sheriff purchased you a bottle .,DO,DO,FEED,PURCHASE,THE,A,to,for,-40.35186767578125,"[-3.690594, -7.958855, -10.835729, -8.83486, -0.840926, -5.019362, -3.1715398]"
the colonel fed us the chocolate .,a winner made an anchor for you .,DO,PD,FEED,MAKE,THE,A,to,for,-45.277366638183594,"[-3.7030866, -10.1311455, -7.4511294, -4.7187157, -9.874117, -1.933605, -6.2528086, -1.2127606]"
the colonel fed us the chocolate .,a winner made you an anchor .,DO,DO,FEED,MAKE,THE,A,to,for,-42.01680374145508,"[-3.7030866, -10.1311455, -7.4511294, -5.301484, -5.3581443, -8.476299, -1.5955143]"
the colonel fed us the meal .,an attorney left an anchor for me .,DO,PD,FEED,LEAVE,THE,A,to,for,-42.68016052246094,"[-5.6547213, -5.8293695, -8.315935, -3.1692376, -9.028597, -3.2998903, -5.354696, -2.0277143]"
the colonel fed us the meal .,an attorney left me an anchor .,DO,DO,FEED,LEAVE,THE,A,to,for,-40.724124908447266,"[-5.6547213, -5.8293695, -8.315935, -3.7499175, -2.9515057, -11.423981, -2.7986956]"
the colonel fed you the chocolate .,a captain sold a beer to it .,DO,PD,FEED,SELL,THE,A,to,to,-40.554893493652344,"[-3.6931434, -9.632901, -9.54663, -1.9858956, -5.8114505, -0.8918183, -8.185624, -0.8074307]"
the colonel fed you the chocolate .,a captain sold it a beer .,DO,DO,FEED,SELL,THE,A,to,to,-42.534610748291016,"[-3.6931434, -9.632901, -9.54663, -5.601628, -6.943091, -6.17554, -0.9416782]"
the colonel found the beer for you .,a princess designed a jacket for me .,PD,PD,FIND,DESIGN,THE,A,for,for,-39.162052154541016,"[-3.5388336, -10.737511, -8.5812025, -2.950679, -7.169862, -1.198972, -4.190732, -0.7942622]"
the colonel found the beer for you .,a princess designed me a jacket .,PD,DO,FIND,DESIGN,THE,A,for,for,-41.4564208984375,"[-3.5388336, -10.737511, -8.5812025, -7.611517, -1.8913488, -7.883643, -1.2123616]"
the colonel found the candy for them .,a student fed a cheese to you .,PD,PD,FIND,FEED,THE,A,for,to,-41.00849151611328,"[-3.603545, -5.8482876, -10.581372, -1.816823, -6.086771, -3.1398342, -8.583558, -1.3482995]"
the colonel found the candy for them .,a student fed you a cheese .,PD,DO,FIND,FEED,THE,A,for,to,-40.8171272277832,"[-3.603545, -5.8482876, -10.581372, -8.485615, -2.043898, -6.5853214, -3.6690893]"
the colonel found the candy for us .,an employer kept a coffee for it .,PD,PD,FIND,KEEP,THE,A,for,for,-46.091796875,"[-5.651457, -7.7573476, -10.032116, -1.5317961, -9.388148, -3.6060781, -7.3323793, -0.79247326]"
the colonel found the candy for us .,an employer kept it a coffee .,PD,DO,FIND,KEEP,THE,A,for,for,-48.06464385986328,"[-5.651457, -7.7573476, -10.032116, -4.8910584, -3.0645692, -13.410073, -3.2580247]"
the colonel found the candy for us .,a child saved a juice for her .,PD,PD,FIND,SAVE,THE,A,for,for,-45.38951110839844,"[-3.6060212, -6.426323, -9.1182, -1.7296075, -13.74231, -3.70829, -2.1911392, -4.8676176]"
the colonel found the candy for us .,a child saved her a juice .,PD,DO,FIND,SAVE,THE,A,for,for,-45.146827697753906,"[-3.6060212, -6.426323, -9.1182, -2.4375181, -7.841314, -11.321026, -4.3964267]"
the colonel found them the candy .,a student fed a cheese to you .,DO,PD,FIND,FEED,THE,A,for,to,-41.65154266357422,"[-3.6622605, -5.9066286, -10.550154, -1.9646691, -6.1616726, -2.7174008, -8.946497, -1.742259]"
the colonel found them the candy .,a student fed you a cheese .,DO,DO,FIND,FEED,THE,A,for,to,-39.18659210205078,"[-3.6622605, -5.9066286, -10.550154, -8.029786, -2.0644047, -6.3634496, -2.609911]"
the colonel found us the candy .,an employer kept a coffee for it .,DO,PD,FIND,KEEP,THE,A,for,for,-47.177101135253906,"[-5.693115, -7.6522245, -9.754624, -2.0737891, -9.312979, -4.843647, -7.005565, -0.8411597]"
the colonel found us the candy .,an employer kept it a coffee .,DO,DO,FIND,KEEP,THE,A,for,for,-45.24858093261719,"[-5.693115, -7.6522245, -9.754624, -4.723273, -2.8560941, -13.032472, -1.5367793]"
the colonel found us the candy .,a child saved a juice for her .,DO,PD,FIND,SAVE,THE,A,for,for,-48.070030212402344,"[-3.6706464, -6.4897346, -9.251192, -2.1215856, -13.093935, -5.760915, -1.9333985, -5.7486215]"
the colonel found us the candy .,a child saved her a juice .,DO,DO,FIND,SAVE,THE,A,for,for,-42.211891174316406,"[-3.6706464, -6.4897346, -9.251192, -2.049381, -7.9008093, -10.177188, -2.6729374]"
the colonel found you the beer .,a princess designed a jacket for me .,DO,PD,FIND,DESIGN,THE,A,for,for,-40.03984069824219,"[-3.5987525, -10.385153, -8.658459, -3.7995758, -7.3810577, -2.032339, -3.50072, -0.6837857]"
the colonel found you the beer .,a princess designed me a jacket .,DO,DO,FIND,DESIGN,THE,A,for,for,-40.27332305908203,"[-3.5987525, -10.385153, -8.658459, -7.159297, -1.8988194, -7.8345585, -0.73828214]"
the colonel gave the chocolate to us .,a manager kept a beer for me .,PD,PD,GIVE,KEEP,THE,A,to,for,-36.550498962402344,"[-3.6501935, -8.554834, -8.57093, -2.7304819, -6.654789, -3.9686053, -1.499735, -0.92092824]"
the colonel gave the chocolate to us .,a manager kept me a beer .,PD,DO,GIVE,KEEP,THE,A,to,for,-36.93402099609375,"[-3.6501935, -8.554834, -8.57093, -3.6033857, -5.581728, -4.691831, -2.281116]"
the colonel gave the chocolate to us .,a wife promised a meal to them .,PD,PD,GIVE,PROMISE,THE,A,to,to,-37.78083419799805,"[-3.6501935, -9.412007, -10.426292, -2.9233928, -4.2015257, -1.161038, -4.6703825, -1.3360008]"
the colonel gave the chocolate to us .,a wife promised them a meal .,PD,DO,GIVE,PROMISE,THE,A,to,to,-34.979671478271484,"[-3.6501935, -9.412007, -10.426292, -4.611035, -1.6826172, -3.3243809, -1.8731455]"
the colonel gave the chocolate to you .,a minister got a log for him .,PD,PD,GIVE,GET,THE,A,to,for,-40.25249481201172,"[-3.6373658, -8.97567, -8.027164, -1.7040493, -10.25161, -3.587157, -3.0077507, -1.0617293]"
the colonel gave the chocolate to you .,a minister got him a log .,PD,DO,GIVE,GET,THE,A,to,for,-37.66848373413086,"[-3.6373658, -8.97567, -8.027164, -4.8420353, -1.1769564, -9.30261, -1.7066827]"
the colonel gave us the chocolate .,a manager kept a beer for me .,DO,PD,GIVE,KEEP,THE,A,to,for,-37.719085693359375,"[-3.663362, -8.591519, -8.137523, -3.4449651, -6.9939466, -3.9392362, -1.8516095, -1.0969262]"
the colonel gave us the chocolate .,a manager kept me a beer .,DO,DO,GIVE,KEEP,THE,A,to,for,-34.53199005126953,"[-3.663362, -8.591519, -8.137523, -3.0074613, -5.5858836, -3.9048398, -1.6414012]"
the colonel gave us the chocolate .,a wife promised a meal to them .,DO,PD,GIVE,PROMISE,THE,A,to,to,-40.89676284790039,"[-3.663362, -9.410857, -9.661059, -3.0627565, -5.6114388, -2.1924553, -5.61738, -1.6774551]"
the colonel gave us the chocolate .,a wife promised them a meal .,DO,DO,GIVE,PROMISE,THE,A,to,to,-34.368743896484375,"[-3.663362, -9.410857, -9.661059, -4.506178, -1.770874, -3.8712773, -1.485135]"
the colonel gave you the chocolate .,a minister got a log for him .,DO,PD,GIVE,GET,THE,A,to,for,-41.627708435058594,"[-3.6413326, -8.862501, -7.646098, -1.8540697, -11.036473, -3.5693183, -4.057758, -0.9601561]"
the colonel gave you the chocolate .,a minister got him a log .,DO,DO,GIVE,GET,THE,A,to,for,-37.91364288330078,"[-3.6413326, -8.862501, -7.646098, -5.2067623, -1.3256685, -10.124512, -1.106769]"
the colonel got the coffee for them .,a cousin threw a meal to you .,PD,PD,GET,THROW,THE,A,for,to,-39.428733825683594,"[-3.5963993, -9.060442, -7.686213, -0.8021514, -7.6476727, -3.1372013, -6.6073136, -0.8913404]"
the colonel got the coffee for them .,a cousin threw you a meal .,PD,DO,GET,THROW,THE,A,for,to,-39.01458740234375,"[-3.5963993, -9.060442, -7.686213, -8.131648, -0.5851171, -8.477946, -1.4768245]"
the colonel got the newspaper for us .,a candidate drew a flower for you .,PD,PD,GET,DRAW,THE,A,for,for,-39.32213592529297,"[-3.59275, -8.725605, -8.797929, -1.2013134, -8.778891, -2.1733112, -5.0301905, -1.0221457]"
the colonel got the newspaper for us .,a candidate drew you a flower .,PD,DO,GET,DRAW,THE,A,for,for,-42.89855194091797,"[-3.59275, -8.725605, -8.797929, -9.428312, -2.310114, -8.370808, -1.6730349]"
the colonel got them the coffee .,a cousin threw a meal to you .,DO,PD,GET,THROW,THE,A,for,to,-39.31013488769531,"[-3.6223702, -8.829973, -7.309222, -0.9847841, -7.8503423, -2.7485704, -6.9480433, -1.0168301]"
the colonel got them the coffee .,a cousin threw you a meal .,DO,DO,GET,THROW,THE,A,for,to,-37.403228759765625,"[-3.6223702, -8.829973, -7.309222, -7.7519855, -0.69075537, -8.066142, -1.1327795]"
the colonel got us the newspaper .,a candidate drew a flower for you .,DO,PD,GET,DRAW,THE,A,for,for,-42.221248626708984,"[-3.6439404, -8.668221, -8.495274, -1.3425884, -8.799826, -3.4607315, -6.605329, -1.2053372]"
the colonel got us the newspaper .,a candidate drew you a flower .,DO,DO,GET,DRAW,THE,A,for,for,-40.571922302246094,"[-3.6439404, -8.668221, -8.495274, -8.707958, -1.7655807, -8.191932, -1.0990154]"
the colonel kept him the coffee .,an author delivered an instrument for us .,DO,PD,KEEP,DELIVER,THE,A,for,for,-47.36793518066406,"[-5.686408, -7.5504875, -9.672861, -2.659267, -11.348033, -2.5312243, -5.8783054, -2.0413477]"
the colonel kept him the coffee .,an author delivered us an instrument .,DO,DO,KEEP,DELIVER,THE,A,for,for,-44.928226470947266,"[-5.686408, -7.5504875, -9.672861, -5.570478, -2.8596044, -10.5287485, -3.0596385]"
the colonel kept him the cup .,a bishop caught a wire for them .,DO,PD,KEEP,CATCH,THE,A,for,for,-47.43794631958008,"[-3.6318653, -9.2008095, -8.019059, -3.2718966, -10.310753, -3.4565883, -8.484165, -1.0628086]"
the colonel kept him the cup .,a bishop caught them a wire .,DO,DO,KEEP,CATCH,THE,A,for,for,-44.77700424194336,"[-3.6318653, -9.2008095, -8.019059, -6.1317205, -5.432624, -11.251316, -1.1096104]"
the colonel kept me the beer .,an adult supplied a coffee to you .,DO,PD,KEEP,SUPPLY,THE,A,for,to,-45.69658660888672,"[-5.669443, -6.5555735, -13.891787, -2.7630377, -5.92978, -2.7569132, -7.2154408, -0.9146134]"
the colonel kept me the beer .,an adult supplied you a coffee .,DO,DO,KEEP,SUPPLY,THE,A,for,to,-41.41607666015625,"[-5.669443, -6.5555735, -13.891787, -5.8016787, -3.5833704, -4.8772945, -1.0369331]"
the colonel kept me the cup .,a wife left a beer for them .,DO,PD,KEEP,LEAVE,THE,A,for,for,-40.671234130859375,"[-3.6402335, -9.313742, -6.6845746, -2.1893148, -7.26082, -3.5698075, -6.565649, -1.4470904]"
the colonel kept me the cup .,a wife left them a beer .,DO,DO,KEEP,LEAVE,THE,A,for,for,-34.55259323120117,"[-3.6402335, -9.313742, -6.6845746, -5.4832716, -2.5706072, -5.4058113, -1.4543545]"
the colonel kept the beer for me .,an adult supplied a coffee to you .,PD,PD,KEEP,SUPPLY,THE,A,for,to,-43.72128677368164,"[-5.627675, -6.4918795, -13.473273, -2.5469632, -5.344136, -2.6185322, -6.7720795, -0.84674704]"
the colonel kept the beer for me .,an adult supplied you a coffee .,PD,DO,KEEP,SUPPLY,THE,A,for,to,-42.285377502441406,"[-5.627675, -6.4918795, -13.473273, -6.476547, -3.719855, -4.9283648, -1.5677817]"
the colonel kept the beer for you .,a sheriff promised an engine to him .,PD,PD,KEEP,PROMISE,THE,A,for,to,-45.1386604309082,"[-3.578691, -8.137236, -10.473792, -4.1805468, -9.094625, -2.7927015, -5.0365796, -1.844487]"
the colonel kept the beer for you .,a sheriff promised him an engine .,PD,DO,KEEP,PROMISE,THE,A,for,to,-41.60987854003906,"[-3.578691, -8.137236, -10.473792, -5.0437593, -3.9963102, -8.290161, -2.0899272]"
the colonel kept the coffee for him .,an author delivered an instrument for us .,PD,PD,KEEP,DELIVER,THE,A,for,for,-46.95771026611328,"[-5.665949, -7.545474, -9.312956, -2.6604986, -11.456384, -2.4048724, -5.886969, -2.024608]"
the colonel kept the coffee for him .,an author delivered us an instrument .,PD,DO,KEEP,DELIVER,THE,A,for,for,-45.99842071533203,"[-5.665949, -7.545474, -9.312956, -6.8046436, -2.9757378, -10.238617, -3.4550438]"
the colonel kept the coffee for you .,a captain sold a chicken to me .,PD,PD,KEEP,SELL,THE,A,for,to,-37.731163024902344,"[-3.5821345, -9.623226, -10.131281, -1.9347976, -5.830767, -1.4709913, -3.951643, -1.206322]"
the colonel kept the coffee for you .,a captain sold me a chicken .,PD,DO,KEEP,SELL,THE,A,for,to,-37.07605743408203,"[-3.5821345, -9.623226, -10.131281, -4.0369525, -1.2371197, -6.5810003, -1.8843435]"
the colonel kept the cup for him .,a bishop caught a wire for them .,PD,PD,KEEP,CATCH,THE,A,for,for,-46.96269226074219,"[-3.5906973, -9.143116, -8.118031, -4.3761053, -10.23793, -2.8238916, -7.742817, -0.93010205]"
the colonel kept the cup for him .,a bishop caught them a wire .,PD,DO,KEEP,CATCH,THE,A,for,for,-47.780792236328125,"[-3.5906973, -9.143116, -8.118031, -7.695341, -6.371764, -11.293407, -1.5684326]"
the colonel kept the cup for me .,a wife left a beer for them .,PD,PD,KEEP,LEAVE,THE,A,for,for,-38.58556365966797,"[-3.5811162, -9.374827, -6.718024, -1.7799654, -6.972908, -2.237996, -6.551253, -1.3694731]"
the colonel kept the cup for me .,a wife left them a beer .,PD,DO,KEEP,LEAVE,THE,A,for,for,-37.790557861328125,"[-3.5811162, -9.374827, -6.718024, -5.995225, -3.5449233, -6.2182302, -2.358211]"
the colonel kept the cup for you .,a parent found a candy for it .,PD,PD,KEEP,FIND,THE,A,for,for,-38.49835968017578,"[-3.580687, -8.288729, -5.664256, -1.4487042, -7.066457, -3.0045362, -7.8287864, -1.6162031]"
the colonel kept the cup for you .,a parent found it a candy .,PD,DO,KEEP,FIND,THE,A,for,for,-39.431243896484375,"[-3.580687, -8.288729, -5.664256, -4.644768, -4.294373, -10.296684, -2.661745]"
the colonel kept you the beer .,a sheriff promised an engine to him .,DO,PD,KEEP,PROMISE,THE,A,for,to,-43.679168701171875,"[-3.579544, -8.000995, -10.437163, -4.0282135, -8.93325, -2.8582327, -4.117059, -1.7247132]"
the colonel kept you the beer .,a sheriff promised him an engine .,DO,DO,KEEP,PROMISE,THE,A,for,to,-39.584041595458984,"[-3.579544, -8.000995, -10.437163, -3.9734564, -4.0416765, -8.03261, -1.5185984]"
the colonel kept you the coffee .,a captain sold a chicken to me .,DO,PD,KEEP,SELL,THE,A,for,to,-38.34730529785156,"[-3.5811512, -9.512098, -9.93124, -1.9061735, -6.411827, -1.0311161, -4.949923, -1.0237758]"
the colonel kept you the coffee .,a captain sold me a chicken .,DO,DO,KEEP,SELL,THE,A,for,to,-35.257537841796875,"[-3.5811512, -9.512098, -9.93124, -3.6648366, -0.88082683, -6.246045, -1.4413396]"
the colonel kept you the cup .,a parent found a candy for it .,DO,PD,KEEP,FIND,THE,A,for,for,-40.61506652832031,"[-3.5958202, -8.339881, -5.6616826, -1.304916, -7.5002594, -4.2721157, -8.507007, -1.433386]"
the colonel kept you the cup .,a parent found it a candy .,DO,DO,KEEP,FIND,THE,A,for,for,-38.42127990722656,"[-3.5958202, -8.339881, -5.6616826, -4.5542045, -3.960002, -10.227061, -2.0826306]"
the colonel made him the flower .,a son found a computer for them .,DO,PD,MAKE,FIND,THE,A,for,for,-39.24089813232422,"[-3.6128113, -8.277713, -5.60438, -1.775686, -7.6036987, -4.215341, -7.067478, -1.0837915]"
the colonel made him the flower .,a son found them a computer .,DO,DO,MAKE,FIND,THE,A,for,for,-40.33641815185547,"[-3.6128113, -8.277713, -5.60438, -6.531828, -4.6263313, -10.253248, -1.4301058]"
the colonel made me the card .,a cousin threw a meal to you .,DO,PD,MAKE,THROW,THE,A,for,to,-40.231117248535156,"[-3.611767, -9.132293, -8.059133, -1.1085756, -8.611931, -2.3465939, -6.309944, -1.0508779]"
the colonel made me the card .,a cousin threw you a meal .,DO,DO,MAKE,THROW,THE,A,for,to,-38.6929931640625,"[-3.611767, -9.132293, -8.059133, -6.7739735, -0.7510265, -9.053948, -1.3108554]"
the colonel made the card for me .,a cousin threw a meal to you .,PD,PD,MAKE,THROW,THE,A,for,to,-41.247718811035156,"[-3.5554128, -9.080605, -8.437846, -0.8485428, -8.080329, -3.1805682, -7.191296, -0.8731197]"
the colonel made the card for me .,a cousin threw you a meal .,PD,DO,MAKE,THROW,THE,A,for,to,-39.99701690673828,"[-3.5554128, -9.080605, -8.437846, -7.9960694, -0.68874675, -8.410822, -1.8275156]"
the colonel made the flower for him .,a son found a computer for them .,PD,PD,MAKE,FIND,THE,A,for,for,-37.16097640991211,"[-3.5799174, -8.31192, -5.7874665, -1.6756467, -7.6746416, -3.1873507, -6.1254697, -0.8185632]"
the colonel made the flower for him .,a son found them a computer .,PD,DO,MAKE,FIND,THE,A,for,for,-41.529441833496094,"[-3.5799174, -8.31192, -5.7874665, -6.9375544, -4.731188, -10.249641, -1.9317522]"
the colonel made the iron for you .,an author found a coffee for us .,PD,PD,MAKE,FIND,THE,A,for,for,-38.72908020019531,"[-5.6893506, -7.0838194, -6.2083454, -1.2697648, -8.908224, -3.9490023, -4.631329, -0.989244]"
the colonel made the iron for you .,an author found us a coffee .,PD,DO,MAKE,FIND,THE,A,for,for,-40.52710723876953,"[-5.6893506, -7.0838194, -6.2083454, -8.953949, -2.4633503, -7.653181, -2.47511]"
the colonel made the telephone for you .,a candidate delivered a cheese for me .,PD,PD,MAKE,DELIVER,THE,A,for,for,-41.8404426574707,"[-3.5945888, -8.664913, -9.24959, -0.6098777, -11.303767, -3.3948364, -3.9502935, -1.0725763]"
the colonel made the telephone for you .,a candidate delivered me a cheese .,PD,DO,MAKE,DELIVER,THE,A,for,for,-43.30381774902344,"[-3.5945888, -8.664913, -9.24959, -7.473117, -0.63218164, -10.060971, -3.6284547]"
the colonel made you the iron .,an author found a coffee for us .,DO,PD,MAKE,FIND,THE,A,for,for,-40.413970947265625,"[-5.6919265, -7.0842257, -6.457512, -1.2992489, -9.341987, -4.4855146, -4.824796, -1.2287612]"
the colonel made you the iron .,an author found us a coffee .,DO,DO,MAKE,FIND,THE,A,for,for,-38.93553924560547,"[-5.6919265, -7.0842257, -6.457512, -7.807313, -2.0278811, -7.960203, -1.9064794]"
the colonel made you the telephone .,a candidate delivered a cheese for me .,DO,PD,MAKE,DELIVER,THE,A,for,for,-43.941162109375,"[-3.5985851, -8.750923, -9.258776, -0.551608, -12.515974, -4.3293233, -3.557095, -1.3788775]"
the colonel made you the telephone .,a candidate delivered me a cheese .,DO,DO,MAKE,DELIVER,THE,A,for,for,-43.57777786254883,"[-3.5985851, -8.750923, -9.258776, -6.7007847, -0.6646764, -11.366323, -3.23771]"
the colonel promised him the beer .,a chief sold a cheese to you .,DO,PD,PROMISE,SELL,THE,A,to,to,-47.72187423706055,"[-3.6885338, -8.657317, -12.7454605, -3.173692, -8.503637, -2.7720592, -6.968741, -1.2124329]"
the colonel promised him the beer .,a chief sold you a cheese .,DO,DO,PROMISE,SELL,THE,A,to,to,-42.05950927734375,"[-3.6885338, -8.657317, -12.7454605, -5.921934, -1.2716069, -7.601913, -2.1727455]"
the colonel promised me the beer .,a candidate drew a flower for you .,DO,PD,PROMISE,DRAW,THE,A,to,for,-41.93903350830078,"[-3.6820576, -8.534947, -8.627989, -1.2941605, -8.776585, -3.3710973, -6.477301, -1.1748984]"
the colonel promised me the beer .,a candidate drew you a flower .,DO,DO,PROMISE,DRAW,THE,A,to,for,-41.12314987182617,"[-3.6820576, -8.534947, -8.627989, -9.311489, -1.8185103, -7.8445344, -1.303622]"
the colonel promised me the beer .,an attorney designed a flower for you .,DO,PD,PROMISE,DESIGN,THE,A,to,for,-41.489715576171875,"[-5.710037, -5.457638, -10.964414, -1.5563502, -9.295557, -2.8970628, -4.907262, -0.7013961]"
the colonel promised me the beer .,an attorney designed you a flower .,DO,DO,PROMISE,DESIGN,THE,A,to,for,-42.477291107177734,"[-5.710037, -5.457638, -10.964414, -7.627929, -2.4821312, -8.815767, -1.4193754]"
the colonel promised the beer to him .,a chief sold a cheese to you .,PD,PD,PROMISE,SELL,THE,A,to,to,-45.28221130371094,"[-3.6402175, -8.740109, -12.75995, -2.9719253, -7.986083, -1.3938916, -6.6286716, -1.1613628]"
the colonel promised the beer to him .,a chief sold you a cheese .,PD,DO,PROMISE,SELL,THE,A,to,to,-42.36467361450195,"[-3.6402175, -8.740109, -12.75995, -6.456427, -1.0675818, -7.394518, -2.3058686]"
the colonel promised the beer to me .,a candidate drew a flower for you .,PD,PD,PROMISE,DRAW,THE,A,to,for,-40.89194107055664,"[-3.6384816, -8.539415, -8.843005, -1.0551181, -7.7464933, -3.4429202, -6.3125744, -1.3139347]"
the colonel promised the beer to me .,a candidate drew you a flower .,PD,DO,PROMISE,DRAW,THE,A,to,for,-40.88031768798828,"[-3.6384816, -8.539415, -8.843005, -9.30888, -1.7421334, -7.1743283, -1.6340716]"
the colonel promised the beer to me .,an attorney designed a flower for you .,PD,PD,PROMISE,DESIGN,THE,A,to,for,-40.91079330444336,"[-5.6704907, -5.6825633, -11.046953, -1.5129364, -8.966518, -2.503148, -4.706209, -0.82197183]"
the colonel promised the beer to me .,an attorney designed you a flower .,PD,DO,PROMISE,DESIGN,THE,A,to,for,-43.468788146972656,"[-5.6704907, -5.6825633, -11.046953, -8.272964, -2.3538342, -8.628075, -1.8139114]"
the colonel promised the beer to us .,an adult made a motor for you .,PD,PD,PROMISE,MAKE,THE,A,to,for,-45.68035888671875,"[-5.6798167, -6.73865, -7.4927645, -1.4774151, -10.5148735, -7.2067776, -5.490541, -1.0795227]"
the colonel promised the beer to us .,an adult made you a motor .,PD,DO,PROMISE,MAKE,THE,A,to,for,-43.972999572753906,"[-5.6798167, -6.73865, -7.4927645, -6.696743, -2.3770766, -10.426326, -4.5616217]"
the colonel promised the beer to us .,a candidate fed a candy to him .,PD,PD,PROMISE,FEED,THE,A,to,to,-39.083465576171875,"[-3.6366258, -8.555245, -11.540395, -1.9451146, -6.135639, -2.177873, -3.776144, -1.3164278]"
the colonel promised the beer to us .,a candidate fed him a candy .,PD,DO,PROMISE,FEED,THE,A,to,to,-40.91075134277344,"[-3.6366258, -8.555245, -11.540395, -6.420195, -1.3464762, -5.979059, -3.432757]"
the colonel promised the candy to us .,a physician sold a crystal to you .,PD,PD,PROMISE,SELL,THE,A,to,to,-41.41004180908203,"[-3.6526604, -8.882172, -9.96199, -1.8772941, -8.35903, -1.8346657, -5.749009, -1.0932188]"
the colonel promised the candy to us .,a physician sold you a crystal .,PD,DO,PROMISE,SELL,THE,A,to,to,-39.392356872558594,"[-3.6526604, -8.882172, -9.96199, -5.7816577, -1.1788181, -6.9257092, -3.0093482]"
the colonel promised the candy to you .,a prince took a box to me .,PD,PD,PROMISE,TAKE,THE,A,to,to,-37.17192077636719,"[-3.6393528, -10.087916, -5.380049, -1.5587764, -6.7074413, -4.234319, -4.7010717, -0.86299133]"
the colonel promised the candy to you .,a prince took me a box .,PD,DO,PROMISE,TAKE,THE,A,to,to,-37.62295150756836,"[-3.6393528, -10.087916, -5.380049, -4.048919, -5.1746798, -6.7107925, -2.5812407]"
the colonel promised the juice to us .,an aunt brought a jacket to him .,PD,PD,PROMISE,BRING,THE,A,to,to,-39.15937805175781,"[-5.701537, -8.195065, -6.2393684, -2.3512745, -9.169431, -0.9658997, -5.6114826, -0.9253193]"
the colonel promised the juice to us .,an aunt brought him a jacket .,PD,DO,PROMISE,BRING,THE,A,to,to,-36.62256622314453,"[-5.701537, -8.195065, -6.2393684, -4.1435328, -1.3590173, -9.372204, -1.6118441]"
the colonel promised us the beer .,an adult made a motor for you .,DO,PD,PROMISE,MAKE,THE,A,to,for,-46.05908203125,"[-5.6983285, -6.702979, -7.507661, -1.5103759, -10.623773, -7.961049, -5.0437317, -1.0111847]"
the colonel promised us the beer .,an adult made you a motor .,DO,DO,PROMISE,MAKE,THE,A,to,for,-43.364723205566406,"[-5.6983285, -6.702979, -7.507661, -6.1751156, -2.5966709, -10.385764, -4.2982054]"
the colonel promised us the beer .,a candidate fed a candy to him .,DO,PD,PROMISE,FEED,THE,A,to,to,-42.81822204589844,"[-3.6698632, -8.535221, -11.468695, -2.2748883, -6.337248, -3.876236, -4.957347, -1.6987264]"
the colonel promised us the beer .,a candidate fed him a candy .,DO,DO,PROMISE,FEED,THE,A,to,to,-40.16285705566406,"[-3.6698632, -8.535221, -11.468695, -6.4634495, -1.586479, -6.2116804, -2.2274709]"
the colonel promised us the candy .,a physician sold a crystal to you .,DO,PD,PROMISE,SELL,THE,A,to,to,-43.579185485839844,"[-3.698037, -8.715325, -10.1280775, -2.1035314, -8.487902, -2.6283822, -6.8366747, -0.98125315]"
the colonel promised us the candy .,a physician sold you a crystal .,DO,DO,PROMISE,SELL,THE,A,to,to,-38.099090576171875,"[-3.698037, -8.715325, -10.1280775, -5.235496, -1.2929384, -6.4557476, -2.5734694]"
the colonel promised us the juice .,an aunt brought a jacket to him .,DO,PD,PROMISE,BRING,THE,A,to,to,-40.57365036010742,"[-5.702858, -8.068218, -6.4287276, -2.708098, -9.102755, -1.4461019, -6.0901074, -1.0267841]"
the colonel promised us the juice .,an aunt brought him a jacket .,DO,DO,PROMISE,BRING,THE,A,to,to,-36.581504821777344,"[-5.702858, -8.068218, -6.4287276, -4.300835, -1.5652134, -9.482036, -1.033617]"
the colonel promised you the candy .,a prince took a box to me .,DO,PD,PROMISE,TAKE,THE,A,to,to,-39.28074645996094,"[-3.6714747, -9.983235, -5.4952564, -1.6803658, -7.134387, -4.7824044, -5.651046, -0.8825792]"
the colonel promised you the candy .,a prince took me a box .,DO,DO,PROMISE,TAKE,THE,A,to,to,-36.728511810302734,"[-3.6714747, -9.983235, -5.4952564, -3.7965405, -5.305347, -6.3632526, -2.113405]"
the colonel purchased her the pie .,a scientist showed a chicken to you .,DO,PD,PURCHASE,SHOW,THE,A,for,to,-37.9342041015625,"[-3.7124567, -7.48922, -7.0237255, -2.5700188, -5.4493465, -3.3573806, -7.2117453, -1.1203082]"
the colonel purchased her the pie .,a scientist showed you a chicken .,DO,DO,PURCHASE,SHOW,THE,A,for,to,-34.536460876464844,"[-3.7124567, -7.48922, -7.0237255, -5.425125, -2.2592382, -6.785798, -1.8408968]"
the colonel purchased me the log .,a boy fed a cheese to us .,DO,PD,PURCHASE,FEED,THE,A,for,to,-42.455718994140625,"[-3.6897845, -6.9221926, -9.984826, -2.4260652, -7.6169972, -3.7494874, -6.447539, -1.6188272]"
the colonel purchased me the log .,a boy fed us a cheese .,DO,DO,PURCHASE,FEED,THE,A,for,to,-38.25067901611328,"[-3.6897845, -6.9221926, -9.984826, -5.2322464, -2.0440679, -7.680444, -2.6971188]"
the colonel purchased the chocolate for you .,a son showed a cheese to them .,PD,PD,PURCHASE,SHOW,THE,A,for,to,-45.69622802734375,"[-3.6581292, -8.550835, -7.1127815, -3.6307442, -11.085928, -3.315282, -7.160164, -1.1823673]"
the colonel purchased the chocolate for you .,a son showed them a cheese .,PD,DO,PURCHASE,SHOW,THE,A,for,to,-39.946449279785156,"[-3.6581292, -8.550835, -7.1127815, -5.0936556, -1.9518421, -9.536644, -4.0425653]"
the colonel purchased the juice for you .,a manager kept a beer for me .,PD,PD,PURCHASE,KEEP,THE,A,for,for,-36.31522750854492,"[-3.6423566, -8.354828, -8.796104, -2.6738093, -6.588298, -3.1104093, -1.9871242, -1.1622986]"
the colonel purchased the juice for you .,a manager kept me a beer .,PD,DO,PURCHASE,KEEP,THE,A,for,for,-37.750492095947266,"[-3.6423566, -8.354828, -8.796104, -3.8001263, -5.5873075, -4.9786854, -2.5910835]"
the colonel purchased the log for me .,a boy fed a cheese to us .,PD,PD,PURCHASE,FEED,THE,A,for,to,-40.63704299926758,"[-3.637232, -6.9550633, -10.011042, -1.8010198, -6.596078, -3.4414191, -6.7770667, -1.4181223]"
the colonel purchased the log for me .,a boy fed us a cheese .,PD,DO,PURCHASE,FEED,THE,A,for,to,-39.93701934814453,"[-3.637232, -6.9550633, -10.011042, -7.170885, -2.0843842, -6.5642934, -3.5141225]"
the colonel purchased the pie for her .,a scientist showed a chicken to you .,PD,PD,PURCHASE,SHOW,THE,A,for,to,-37.378761291503906,"[-3.677804, -7.5389156, -6.9825425, -2.2592227, -5.612439, -2.964182, -7.2349916, -1.1086663]"
the colonel purchased the pie for her .,a scientist showed you a chicken .,PD,DO,PURCHASE,SHOW,THE,A,for,to,-35.411128997802734,"[-3.677804, -7.5389156, -6.9825425, -5.6151752, -1.9378781, -7.00109, -2.6577237]"
the colonel purchased the pie for you .,a singer saved a candy for her .,PD,PD,PURCHASE,SAVE,THE,A,for,for,-45.67149353027344,"[-3.667559, -9.863207, -9.613051, -1.871292, -10.256948, -3.3122394, -2.6910672, -4.3961277]"
the colonel purchased the pie for you .,a singer saved her a candy .,PD,DO,PURCHASE,SAVE,THE,A,for,for,-47.8299674987793,"[-3.667559, -9.863207, -9.613051, -2.0165825, -7.655023, -10.913579, -4.1009636]"
the colonel purchased the pie for you .,a soldier promised a flower to us .,PD,PD,PURCHASE,PROMISE,THE,A,for,to,-41.97844696044922,"[-3.667559, -7.066181, -11.021702, -2.3797057, -8.976397, -2.0538096, -5.503769, -1.3093234]"
the colonel purchased the pie for you .,a soldier promised us a flower .,PD,DO,PURCHASE,PROMISE,THE,A,for,to,-39.605491638183594,"[-3.667559, -7.066181, -11.021702, -5.0791607, -1.9538867, -9.01001, -1.8069929]"
the colonel purchased you the chocolate .,a son showed a cheese to them .,DO,PD,PURCHASE,SHOW,THE,A,for,to,-46.91426086425781,"[-3.6950104, -8.547654, -6.9119225, -3.8283558, -11.122504, -4.30908, -7.4542036, -1.0455291]"
the colonel purchased you the chocolate .,a son showed them a cheese .,DO,DO,PURCHASE,SHOW,THE,A,for,to,-38.169395446777344,"[-3.6950104, -8.547654, -6.9119225, -5.090231, -2.0152202, -9.459992, -2.4493675]"
the colonel purchased you the juice .,a manager kept a beer for me .,DO,PD,PURCHASE,KEEP,THE,A,for,for,-38.03683853149414,"[-3.67662, -8.369785, -8.420387, -3.1167583, -7.0993624, -4.2245064, -1.9849377, -1.1444811]"
the colonel purchased you the juice .,a manager kept me a beer .,DO,DO,PURCHASE,KEEP,THE,A,for,for,-35.28631591796875,"[-3.67662, -8.369785, -8.420387, -2.9570522, -6.163385, -4.2217064, -1.4773785]"
the colonel purchased you the pie .,a singer saved a candy for her .,DO,PD,PURCHASE,SAVE,THE,A,for,for,-49.06525421142578,"[-3.7069283, -9.796537, -9.516244, -1.9326835, -10.331685, -6.3528566, -1.5891783, -5.83914]"
the colonel purchased you the pie .,a singer saved her a candy .,DO,DO,PURCHASE,SAVE,THE,A,for,for,-47.29322052001953,"[-3.7069283, -9.796537, -9.516244, -1.9776921, -7.7840185, -11.206551, -3.3052511]"
the colonel purchased you the pie .,a soldier promised a flower to us .,DO,PD,PURCHASE,PROMISE,THE,A,for,to,-41.86956787109375,"[-3.7069283, -7.0050488, -10.678752, -2.570212, -8.817355, -2.1577864, -5.8006077, -1.1328765]"
the colonel purchased you the pie .,a soldier promised us a flower .,DO,DO,PURCHASE,PROMISE,THE,A,for,to,-37.38580322265625,"[-3.7069283, -7.0050488, -10.678752, -4.2620053, -2.1099966, -8.608019, -1.0150537]"
the colonel saved me the engine .,a father left a juice for them .,DO,PD,SAVE,LEAVE,THE,A,for,for,-48.51988220214844,"[-3.713097, -7.222847, -6.3088956, -2.408266, -12.563381, -5.3365183, -9.173518, -1.7933639]"
the colonel saved me the engine .,a father left them a juice .,DO,DO,SAVE,LEAVE,THE,A,for,for,-42.96128463745117,"[-3.713097, -7.222847, -6.3088956, -7.5762835, -3.381814, -10.846754, -3.9115915]"
the colonel saved me the pie .,an employee purchased a cheese for us .,DO,PD,SAVE,PURCHASE,THE,A,for,for,-38.41545104980469,"[-5.681617, -4.8164225, -8.893417, -1.2419784, -8.172859, -4.1555967, -4.1188374, -1.3347247]"
the colonel saved me the pie .,an employee purchased us a cheese .,DO,DO,SAVE,PURCHASE,THE,A,for,for,-37.320587158203125,"[-5.681617, -4.8164225, -8.893417, -6.4988174, -1.2684132, -6.9970307, -3.1648715]"
the colonel saved the crystal for you .,a cop bought a coffee for me .,PD,PD,SAVE,BUY,THE,A,for,for,-33.53066635131836,"[-3.650866, -8.302762, -7.9092865, -1.0501207, -7.234215, -1.6962707, -2.6650624, -1.0220813]"
the colonel saved the crystal for you .,a cop bought me a coffee .,PD,DO,SAVE,BUY,THE,A,for,for,-30.69024085998535,"[-3.650866, -8.302762, -7.9092865, -3.8274074, -0.6505985, -4.8161345, -1.5331856]"
the colonel saved the engine for me .,a father left a juice for them .,PD,PD,SAVE,LEAVE,THE,A,for,for,-46.74911117553711,"[-3.654195, -7.1238203, -6.378774, -2.154979, -12.078964, -4.386627, -9.261682, -1.7100707]"
the colonel saved the engine for me .,a father left them a juice .,PD,DO,SAVE,LEAVE,THE,A,for,for,-44.286964416503906,"[-3.654195, -7.1238203, -6.378774, -8.013926, -4.0846763, -10.99486, -4.0367146]"
the colonel saved the pie for me .,an employee purchased a cheese for us .,PD,PD,SAVE,PURCHASE,THE,A,for,for,-35.54204559326172,"[-5.648004, -4.6165333, -8.885282, -1.0892441, -7.8355618, -2.5652974, -3.7125132, -1.1896126]"
the colonel saved the pie for me .,an employee purchased us a cheese .,PD,DO,SAVE,PURCHASE,THE,A,for,for,-40.50348663330078,"[-5.648004, -4.6165333, -8.885282, -8.940518, -1.2371682, -6.933071, -4.2429085]"
the colonel saved the pie for us .,a lady promised a tea to you .,PD,PD,SAVE,PROMISE,THE,A,for,to,-43.511131286621094,"[-3.6683455, -8.313704, -9.947515, -2.678091, -7.899428, -3.4376764, -5.996991, -1.5693789]"
the colonel saved the pie for us .,a lady promised you a tea .,PD,DO,SAVE,PROMISE,THE,A,for,to,-38.62295150756836,"[-3.6683455, -8.313704, -9.947515, -4.638236, -2.1244721, -7.504238, -2.4264424]"
the colonel saved us the pie .,a lady promised a tea to you .,DO,PD,SAVE,PROMISE,THE,A,for,to,-43.01983642578125,"[-3.7313643, -8.105211, -9.524924, -3.3965077, -7.6693726, -3.6583827, -5.50391, -1.4301646]"
the colonel saved us the pie .,a lady promised you a tea .,DO,DO,SAVE,PROMISE,THE,A,for,to,-36.83786392211914,"[-3.7313643, -8.105211, -9.524924, -4.0693727, -2.4658883, -7.478604, -1.4625009]"
the colonel saved you the crystal .,a cop bought a coffee for me .,DO,PD,SAVE,BUY,THE,A,for,for,-35.17105484008789,"[-3.7007678, -8.1894245, -7.908807, -1.2318722, -7.136049, -3.019062, -2.9530425, -1.0320293]"
the colonel saved you the crystal .,a cop bought me a coffee .,DO,DO,SAVE,BUY,THE,A,for,for,-30.529067993164062,"[-3.7007678, -8.1894245, -7.908807, -3.4943604, -0.64184684, -5.4154816, -1.1783797]"
the colonel sent him the machine .,a bishop delivered a juice for me .,DO,PD,SEND,DELIVER,THE,A,to,for,-44.44196701049805,"[-3.6201682, -9.112311, -8.306741, -1.5282221, -13.209028, -3.2169595, -4.5878925, -0.86064595]"
the colonel sent him the machine .,a bishop delivered me a juice .,DO,DO,SEND,DELIVER,THE,A,to,for,-41.75774002075195,"[-3.6201682, -9.112311, -8.306741, -5.8986893, -1.4863993, -10.800206, -2.5332246]"
the colonel sent it the beer .,a sheriff promised a coffee to us .,DO,PD,SEND,PROMISE,THE,A,to,to,-46.821380615234375,"[-3.5903707, -7.720079, -11.244361, -2.493385, -8.854374, -2.7846014, -8.690659, -1.4435536]"
the colonel sent it the beer .,a sheriff promised us a coffee .,DO,DO,SEND,PROMISE,THE,A,to,to,-40.156761169433594,"[-3.5903707, -7.720079, -11.244361, -7.7360916, -1.9815063, -6.5363884, -1.3479656]"
the colonel sent it the pie .,a doctor caught a television for them .,DO,PD,SEND,CATCH,THE,A,to,for,-48.53373718261719,"[-3.6158228, -6.8959656, -7.3350906, -3.7561617, -10.281748, -7.1049495, -8.879172, -0.66482544]"
the colonel sent it the pie .,a doctor caught them a television .,DO,DO,SEND,CATCH,THE,A,to,for,-44.43433380126953,"[-3.6158228, -6.8959656, -7.3350906, -6.8997993, -6.077161, -12.220587, -1.3899066]"
the colonel sent me the iron .,a physician showed a cigarette to it .,DO,PD,SEND,SHOW,THE,A,to,to,-43.73487854003906,"[-3.6078358, -8.617075, -7.5757313, -3.7090118, -9.0077715, -0.7305678, -9.137575, -1.3493077]"
the colonel sent me the iron .,a physician showed it a cigarette .,DO,DO,SEND,SHOW,THE,A,to,to,-40.06267547607422,"[-3.6078358, -8.617075, -7.5757313, -6.807064, -5.9271545, -6.6272297, -0.9005859]"
the colonel sent me the pie .,a princess threw an iron to you .,DO,PD,SEND,THROW,THE,A,to,to,-41.03667068481445,"[-3.6531334, -10.091165, -7.2417283, -3.4512668, -4.7553973, -4.3722296, -6.643875, -0.827875]"
the colonel sent me the pie .,a princess threw you an iron .,DO,DO,SEND,THROW,THE,A,to,to,-38.775245666503906,"[-3.6531334, -10.091165, -7.2417283, -6.470672, -3.4683137, -5.8570733, -1.9931619]"
the colonel sent the beer to it .,a sheriff promised a coffee to us .,PD,PD,SEND,PROMISE,THE,A,to,to,-44.02049255371094,"[-3.554547, -7.792282, -10.828171, -2.433744, -8.200051, -1.3964566, -8.41074, -1.4044975]"
the colonel sent the beer to it .,a sheriff promised us a coffee .,PD,DO,SEND,PROMISE,THE,A,to,to,-40.720909118652344,"[-3.554547, -7.792282, -10.828171, -8.053436, -1.8392522, -6.8325377, -1.8206832]"
the colonel sent the beer to them .,a kid caught a hat for you .,PD,PD,SEND,CATCH,THE,A,to,for,-45.15538024902344,"[-3.5547647, -8.830932, -6.168908, -4.706341, -7.508092, -6.9209137, -6.34899, -1.1164395]"
the colonel sent the beer to them .,a kid caught you a hat .,PD,DO,SEND,CATCH,THE,A,to,for,-42.35993576049805,"[-3.5547647, -8.830932, -6.168908, -8.988006, -5.5850563, -7.7202196, -1.5120499]"
the colonel sent the candy to them .,a husband showed a telephone to you .,PD,PD,SEND,SHOW,THE,A,to,to,-44.22651672363281,"[-3.5708456, -8.528776, -8.549862, -2.9323177, -9.443855, -0.78402, -8.984763, -1.4320741]"
the colonel sent the candy to them .,a husband showed you a telephone .,PD,DO,SEND,SHOW,THE,A,to,to,-43.606666564941406,"[-3.5708456, -8.528776, -8.549862, -7.8339567, -2.0127292, -10.069268, -3.0412278]"
the colonel sent the cheese to us .,a man gave a card to me .,PD,PD,SEND,GIVE,THE,A,to,to,-30.166522979736328,"[-3.5854216, -3.4840088, -7.183576, -1.3987666, -9.446718, -0.11159909, -3.674302, -1.2821301]"
the colonel sent the cheese to us .,a man gave me a card .,PD,DO,SEND,GIVE,THE,A,to,to,-28.20510482788086,"[-3.5854216, -3.4840088, -7.183576, -3.6311264, -0.70175356, -7.411705, -2.2075148]"
the colonel sent the cheese to you .,a friend showed a tea to me .,PD,PD,SEND,SHOW,THE,A,to,to,-34.5446891784668,"[-3.5672543, -6.151101, -6.707903, -4.839088, -10.116861, -1.6772759, -0.41363436, -1.0715716]"
the colonel sent the cheese to you .,a friend showed me a tea .,PD,DO,SEND,SHOW,THE,A,to,to,-30.07910919189453,"[-3.5672543, -6.151101, -6.707903, -0.15612373, -1.2533484, -8.915676, -3.3277035]"
the colonel sent the iron to me .,a physician showed a cigarette to it .,PD,PD,SEND,SHOW,THE,A,to,to,-41.36967468261719,"[-3.5697224, -8.828457, -7.4863, -2.8193407, -8.453626, -0.26206028, -9.13463, -0.8155377]"
the colonel sent the iron to me .,a physician showed it a cigarette .,PD,DO,SEND,SHOW,THE,A,to,to,-39.441837310791016,"[-3.5697224, -8.828457, -7.4863, -5.6554155, -5.912432, -7.0067854, -0.98272467]"
the colonel sent the machine to him .,a bishop delivered a juice for me .,PD,PD,SEND,DELIVER,THE,A,to,for,-44.368526458740234,"[-3.5938616, -9.308135, -8.126823, -1.2528818, -13.366295, -3.550245, -4.42425, -0.7460339]"
the colonel sent the machine to him .,a bishop delivered me a juice .,PD,DO,SEND,DELIVER,THE,A,to,for,-41.80369186401367,"[-3.5938616, -9.308135, -8.126823, -6.59993, -1.3778511, -10.741263, -2.0558279]"
the colonel sent the machine to them .,a cop fed a pie to you .,PD,PD,SEND,FEED,THE,A,to,to,-42.20045471191406,"[-3.5915647, -8.299289, -9.996204, -2.2514744, -10.130143, -0.15092526, -7.168949, -0.6119013]"
the colonel sent the machine to them .,a cop fed you a pie .,PD,DO,SEND,FEED,THE,A,to,to,-36.415077209472656,"[-3.5915647, -8.299289, -9.996204, -5.7497406, -1.1282327, -6.646456, -1.0035913]"
the colonel sent the machine to you .,a lady purchased a cheese for them .,PD,PD,SEND,PURCHASE,THE,A,to,for,-41.81307601928711,"[-3.573869, -8.338791, -9.343008, -0.70103127, -8.760586, -3.3214815, -6.8627787, -0.911531]"
the colonel sent the machine to you .,a lady purchased them a cheese .,PD,DO,SEND,PURCHASE,THE,A,to,for,-48.11803436279297,"[-3.573869, -8.338791, -9.343008, -6.992825, -4.8573394, -11.977846, -3.034358]"
the colonel sent the pie to it .,a doctor caught a television for them .,PD,PD,SEND,CATCH,THE,A,to,for,-47.608097076416016,"[-3.5814376, -6.955427, -7.3233376, -3.637772, -9.797269, -6.6682367, -8.676249, -0.9683697]"
the colonel sent the pie to it .,a doctor caught them a television .,PD,DO,SEND,CATCH,THE,A,to,for,-44.711029052734375,"[-3.5814376, -6.955427, -7.3233376, -6.9631715, -6.2045417, -10.906904, -2.7762094]"
the colonel sent the pie to me .,a princess threw an iron to you .,PD,PD,SEND,THROW,THE,A,to,to,-39.44733428955078,"[-3.5802472, -10.295151, -7.1236763, -3.3481956, -4.875951, -3.3661373, -6.101736, -0.75623745]"
the colonel sent the pie to me .,a princess threw you an iron .,PD,DO,SEND,THROW,THE,A,to,to,-39.98235321044922,"[-3.5802472, -10.295151, -7.1236763, -7.7743125, -3.2989826, -5.893363, -2.016617]"
the colonel sent the pie to them .,a candidate delivered a cheese for me .,PD,PD,SEND,DELIVER,THE,A,to,for,-41.052398681640625,"[-3.5797312, -8.831664, -8.919218, -0.7307252, -9.159936, -4.4898605, -4.2746763, -1.0665854]"
the colonel sent the pie to them .,a candidate delivered me a cheese .,PD,DO,SEND,DELIVER,THE,A,to,for,-40.79610824584961,"[-3.5797312, -8.831664, -8.919218, -7.6596184, -0.7450433, -7.7397995, -3.321032]"
the colonel sent the pie to us .,a president promised a tea to it .,PD,PD,SEND,PROMISE,THE,A,to,to,-44.80648422241211,"[-3.583273, -9.2304325, -7.5574527, -2.5607386, -9.6154785, -3.0976694, -8.008572, -1.1528696]"
the colonel sent the pie to us .,a president promised it a tea .,PD,DO,SEND,PROMISE,THE,A,to,to,-42.75315856933594,"[-3.583273, -9.2304325, -7.5574527, -5.4922523, -5.9501896, -9.225646, -1.7139127]"
the colonel sent them the beer .,a kid caught a hat for you .,DO,PD,SEND,CATCH,THE,A,to,for,-45.45592498779297,"[-3.5838819, -8.849409, -5.7982016, -4.992465, -7.4813805, -6.856092, -6.8807154, -1.0137793]"
the colonel sent them the beer .,a kid caught you a hat .,DO,DO,SEND,CATCH,THE,A,to,for,-41.32526397705078,"[-3.5838819, -8.849409, -5.7982016, -8.974495, -5.2267427, -7.693195, -1.1993393]"
the colonel sent them the candy .,a husband showed a telephone to you .,DO,PD,SEND,SHOW,THE,A,to,to,-46.383399963378906,"[-3.6187901, -8.497608, -8.541977, -3.401068, -9.370747, -1.4131614, -9.9671955, -1.5728563]"
the colonel sent them the candy .,a husband showed you a telephone .,DO,DO,SEND,SHOW,THE,A,to,to,-42.56336212158203,"[-3.6187901, -8.497608, -8.541977, -7.712227, -2.0968354, -9.736364, -2.359562]"
the colonel sent them the machine .,a cop fed a pie to you .,DO,PD,SEND,FEED,THE,A,to,to,-42.95055389404297,"[-3.598124, -8.261491, -9.870898, -2.3495064, -9.523642, -0.51064306, -8.0196085, -0.8166404]"
the colonel sent them the machine .,a cop fed you a pie .,DO,DO,SEND,FEED,THE,A,to,to,-36.75281524658203,"[-3.598124, -8.261491, -9.870898, -6.014513, -1.4715605, -6.5979424, -0.93828577]"
the colonel sent them the pie .,a candidate delivered a cheese for me .,DO,PD,SEND,DELIVER,THE,A,to,for,-41.04350280761719,"[-3.620112, -8.804277, -8.693777, -0.9156838, -9.016862, -4.621996, -4.430325, -0.9404699]"
the colonel sent them the pie .,a candidate delivered me a cheese .,DO,DO,SEND,DELIVER,THE,A,to,for,-38.54150390625,"[-3.620112, -8.804277, -8.693777, -6.769726, -0.8836051, -6.966002, -2.8040056]"
the colonel sent us the cheese .,a man gave a card to me .,DO,PD,SEND,GIVE,THE,A,to,to,-32.63768768310547,"[-3.62338, -3.4303584, -7.0337496, -1.8262292, -9.661076, -0.332521, -5.0208035, -1.7095675]"
the colonel sent us the cheese .,a man gave me a card .,DO,DO,SEND,GIVE,THE,A,to,to,-27.74683380126953,"[-3.62338, -3.4303584, -7.0337496, -2.5920439, -0.9991405, -8.469236, -1.5989234]"
the colonel sent us the pie .,a president promised a tea to it .,DO,PD,SEND,PROMISE,THE,A,to,to,-45.56930923461914,"[-3.6306946, -9.243732, -7.5346484, -2.6549163, -9.081679, -4.249197, -8.087266, -1.0871768]"
the colonel sent us the pie .,a president promised it a tea .,DO,DO,SEND,PROMISE,THE,A,to,to,-41.285430908203125,"[-3.6306946, -9.243732, -7.5346484, -5.285025, -5.936803, -8.609346, -1.0451807]"
the colonel sent you the cheese .,a friend showed a tea to me .,DO,PD,SEND,SHOW,THE,A,to,to,-38.357547760009766,"[-3.5944157, -6.1052914, -6.729724, -5.8030596, -10.3356285, -3.7271395, -0.73934543, -1.3229432]"
the colonel sent you the cheese .,a friend showed me a tea .,DO,DO,SEND,SHOW,THE,A,to,to,-28.95428466796875,"[-3.5944157, -6.1052914, -6.729724, -0.0940065, -1.2612431, -8.282595, -2.88701]"
the colonel sent you the machine .,a lady purchased a cheese for them .,DO,PD,SEND,PURCHASE,THE,A,to,for,-43.215763092041016,"[-3.5810118, -8.217915, -9.1164875, -0.8104129, -9.320814, -3.6578543, -7.469111, -1.0421578]"
the colonel sent you the machine .,a lady purchased them a cheese .,DO,DO,SEND,PURCHASE,THE,A,to,for,-49.04079818725586,"[-3.5810118, -8.217915, -9.1164875, -6.969995, -4.909826, -12.916239, -3.3293257]"
the colonel showed her the beer .,a woman kept a juice for you .,DO,PD,SHOW,KEEP,THE,A,to,for,-45.28581619262695,"[-3.6385908, -4.0325933, -8.799304, -2.6129498, -11.30806, -5.509705, -8.081477, -1.3031353]"
the colonel showed her the beer .,a woman kept you a juice .,DO,DO,SHOW,KEEP,THE,A,to,for,-41.73023223876953,"[-3.6385908, -4.0325933, -8.799304, -7.429831, -5.9714937, -10.108074, -1.7503462]"
the colonel showed him the juice .,a chief left a coffee for us .,DO,PD,SHOW,LEAVE,THE,A,to,for,-43.63886642456055,"[-3.663773, -8.605246, -9.49302, -3.4595077, -6.572713, -5.287512, -5.015191, -1.5419039]"
the colonel showed him the juice .,a chief left us a coffee .,DO,DO,SHOW,LEAVE,THE,A,to,for,-40.37906265258789,"[-3.663773, -8.605246, -9.49302, -6.761777, -2.1587875, -7.730364, -1.9660957]"
the colonel showed it the cup .,a boy made a machine for us .,DO,PD,SHOW,MAKE,THE,A,to,for,-39.85772705078125,"[-3.648961, -6.5505924, -7.81894, -1.6206226, -9.597279, -2.8347864, -6.760277, -1.0262691]"
the colonel showed it the cup .,a boy made us a machine .,DO,DO,SHOW,MAKE,THE,A,to,for,-40.86079406738281,"[-3.648961, -6.5505924, -7.81894, -8.112583, -3.923089, -9.639397, -1.1672308]"
the colonel showed the beer to her .,a woman kept a juice for you .,PD,PD,SHOW,KEEP,THE,A,to,for,-44.10059356689453,"[-3.6142764, -4.0941854, -8.776859, -1.9514765, -10.865053, -5.3686285, -7.9069443, -1.5231706]"
the colonel showed the beer to her .,a woman kept you a juice .,PD,DO,SHOW,KEEP,THE,A,to,for,-42.44009780883789,"[-3.6142764, -4.0941854, -8.776859, -7.5489297, -5.538644, -9.86497, -3.0022326]"
the colonel showed the beer to us .,a lawyer sold a chicken to you .,PD,PD,SHOW,SELL,THE,A,to,to,-39.13435363769531,"[-3.597027, -6.702876, -11.664328, -2.0234897, -6.7253146, -0.8492713, -6.2099743, -1.3620722]"
the colonel showed the beer to us .,a lawyer sold you a chicken .,PD,DO,SHOW,SELL,THE,A,to,to,-39.374534606933594,"[-3.597027, -6.702876, -11.664328, -7.191207, -1.079309, -6.75354, -2.386247]"
the colonel showed the beer to you .,a king left a meal for us .,PD,PD,SHOW,LEAVE,THE,A,to,for,-38.09498977661133,"[-3.5915077, -9.477313, -7.697136, -2.231794, -7.717407, -1.9935333, -4.168106, -1.2181923]"
the colonel showed the beer to you .,a king left us a meal .,PD,DO,SHOW,LEAVE,THE,A,to,for,-38.141571044921875,"[-3.5915077, -9.477313, -7.697136, -6.4178543, -2.197964, -6.788232, -1.9715656]"
the colonel showed the candy to us .,a guest left a salad for me .,PD,PD,SHOW,LEAVE,THE,A,to,for,-41.23325729370117,"[-3.623249, -7.8796673, -12.1011715, -1.0958738, -11.44194, -2.723709, -1.2712862, -1.09636]"
the colonel showed the candy to us .,a guest left me a salad .,PD,DO,SHOW,LEAVE,THE,A,to,for,-41.03972244262695,"[-3.623249, -7.8796673, -12.1011715, -3.9270496, -1.3258215, -9.991748, -2.1910167]"
the colonel showed the candy to you .,a buddy found a jacket for us .,PD,PD,SHOW,FIND,THE,A,to,for,-40.13182830810547,"[-3.6212444, -9.848318, -6.838954, -1.2976462, -8.627962, -3.9979084, -4.7662444, -1.133552]"
the colonel showed the candy to you .,a buddy found us a jacket .,PD,DO,SHOW,FIND,THE,A,to,for,-41.84777069091797,"[-3.6212444, -9.848318, -6.838954, -6.867659, -3.1411552, -9.477585, -2.0528543]"
the colonel showed the cup to it .,a boy made a machine for us .,PD,PD,SHOW,MAKE,THE,A,to,for,-41.038108825683594,"[-3.5967066, -6.5630164, -8.232403, -1.4046934, -9.398866, -3.0142362, -7.6419024, -1.1862843]"
the colonel showed the cup to it .,a boy made us a machine .,PD,DO,SHOW,MAKE,THE,A,to,for,-42.29740905761719,"[-3.5967066, -6.5630164, -8.232403, -8.660368, -3.5526922, -9.939409, -1.752815]"
the colonel showed the cup to you .,a winner delivered a beer for me .,PD,PD,SHOW,DELIVER,THE,A,to,for,-39.74790954589844,"[-3.5980973, -10.082844, -10.560262, -1.9114918, -6.4795146, -3.0625205, -3.1556976, -0.89748305]"
the colonel showed the cup to you .,a winner delivered me a beer .,PD,DO,SHOW,DELIVER,THE,A,to,for,-39.121578216552734,"[-3.5980973, -10.082844, -10.560262, -7.7405915, -0.9370089, -4.9699035, -1.2328708]"
the colonel showed the juice to him .,a chief left a coffee for us .,PD,PD,SHOW,LEAVE,THE,A,to,for,-42.20996856689453,"[-3.6080112, -8.722153, -9.515699, -3.004564, -6.6774693, -4.8116217, -4.3408484, -1.5296024]"
the colonel showed the juice to him .,a chief left us a coffee .,PD,DO,SHOW,LEAVE,THE,A,to,for,-41.79378890991211,"[-3.6080112, -8.722153, -9.515699, -7.017002, -1.9117486, -8.093667, -2.9255087]"
the colonel showed the juice to us .,a doctor found a candy for you .,PD,PD,SHOW,FIND,THE,A,to,for,-35.69204330444336,"[-3.6081333, -6.751692, -5.103835, -1.2905605, -8.028657, -4.9507284, -4.8265157, -1.1319216]"
the colonel showed the juice to us .,a doctor found you a candy .,PD,DO,SHOW,FIND,THE,A,to,for,-38.34754943847656,"[-3.6081333, -6.751692, -5.103835, -9.086145, -4.867426, -6.749922, -2.1803942]"
the colonel showed the juice to you .,an actress saved a tea for us .,PD,PD,SHOW,SAVE,THE,A,to,for,-43.927452087402344,"[-5.666396, -7.3190207, -10.450111, -2.040866, -11.043024, -2.929126, -3.567013, -0.9118936]"
the colonel showed the juice to you .,an actress saved us a tea .,PD,DO,SHOW,SAVE,THE,A,to,for,-43.336700439453125,"[-5.666396, -7.3190207, -10.450111, -5.9436083, -2.672543, -9.68634, -1.59868]"
the colonel showed us the beer .,a lawyer sold a chicken to you .,DO,PD,SHOW,SELL,THE,A,to,to,-40.101985931396484,"[-3.6327753, -6.661935, -11.175257, -2.1021886, -6.688131, -1.855253, -6.6947007, -1.291747]"
the colonel showed us the beer .,a lawyer sold you a chicken .,DO,DO,SHOW,SELL,THE,A,to,to,-36.30833053588867,"[-3.6327753, -6.661935, -11.175257, -5.638822, -1.2729341, -6.5174108, -1.4091952]"
the colonel showed us the candy .,a guest left a salad for me .,DO,PD,SHOW,LEAVE,THE,A,to,for,-41.550315856933594,"[-3.674209, -7.7863207, -11.88226, -1.4202015, -11.887039, -2.683983, -1.212881, -1.0034196]"
the colonel showed us the candy .,a guest left me a salad .,DO,DO,SHOW,LEAVE,THE,A,to,for,-39.17713165283203,"[-3.674209, -7.7863207, -11.88226, -3.5460541, -1.3965193, -9.550548, -1.3412211]"
the colonel showed us the juice .,a doctor found a candy for you .,DO,PD,SHOW,FIND,THE,A,to,for,-34.45405578613281,"[-3.651545, -6.75266, -5.273139, -1.4210703, -7.8806405, -4.4257483, -4.192974, -0.8562773]"
the colonel showed us the juice .,a doctor found you a candy .,DO,DO,SHOW,FIND,THE,A,to,for,-36.243011474609375,"[-3.651545, -6.75266, -5.273139, -7.8592434, -4.671397, -6.501604, -1.5334258]"
the colonel showed you the beer .,a king left a meal for us .,DO,PD,SHOW,LEAVE,THE,A,to,for,-38.953895568847656,"[-3.5858665, -9.503922, -7.4941936, -2.455703, -8.1083145, -1.5284052, -5.2485285, -1.0289637]"
the colonel showed you the beer .,a king left us a meal .,DO,DO,SHOW,LEAVE,THE,A,to,for,-36.287086486816406,"[-3.5858665, -9.503922, -7.4941936, -5.659486, -2.2834647, -6.7577047, -1.00245]"
the colonel showed you the candy .,a buddy found a jacket for us .,DO,PD,SHOW,FIND,THE,A,to,for,-40.335784912109375,"[-3.6166077, -9.79206, -6.9740477, -1.1090062, -8.726631, -3.7995138, -5.4148736, -0.90304637]"
the colonel showed you the candy .,a buddy found us a jacket .,DO,DO,SHOW,FIND,THE,A,to,for,-40.87548828125,"[-3.6166077, -9.79206, -6.9740477, -6.700942, -3.410153, -9.464579, -0.9170996]"
the colonel showed you the cup .,a winner delivered a beer for me .,DO,PD,SHOW,DELIVER,THE,A,to,for,-39.968421936035156,"[-3.6169143, -10.050296, -10.648868, -1.9810302, -6.6514378, -2.8005917, -3.3366547, -0.88262933]"
the colonel showed you the cup .,a winner delivered me a beer .,DO,DO,SHOW,DELIVER,THE,A,to,for,-38.05609130859375,"[-3.6169143, -10.050296, -10.648868, -6.945924, -1.1451627, -4.717162, -0.93176776]"
the colonel showed you the juice .,an actress saved a tea for us .,DO,PD,SHOW,SAVE,THE,A,to,for,-47.14638137817383,"[-5.6882777, -7.2319746, -10.254917, -1.883159, -11.708545, -3.8966548, -5.459797, -1.0230579]"
the colonel showed you the juice .,an actress saved us a tea .,DO,DO,SHOW,SAVE,THE,A,to,for,-42.114341735839844,"[-5.6882777, -7.2319746, -10.254917, -5.7723966, -2.936679, -9.341794, -0.8883057]"
the colonel sold her the bag .,a bishop bought a chocolate for us .,DO,PD,SELL,BUY,THE,A,to,for,-42.083274841308594,"[-3.6303902, -9.042603, -8.199987, -1.8873497, -6.797121, -6.1224523, -5.330152, -1.0732186]"
the colonel sold her the bag .,a bishop bought us a chocolate .,DO,DO,SELL,BUY,THE,A,to,for,-38.456947326660156,"[-3.6303902, -9.042603, -8.199987, -6.7579656, -0.9333751, -5.3205967, -4.57203]"
the colonel sold it the jacket .,a guest showed a ball to you .,DO,PD,SELL,SHOW,THE,A,to,to,-46.277618408203125,"[-3.6501777, -7.939191, -10.945776, -3.1737747, -8.887233, -3.8940048, -6.5138035, -1.2736565]"
the colonel sold it the jacket .,a guest showed you a ball .,DO,DO,SELL,SHOW,THE,A,to,to,-43.209556579589844,"[-3.6501777, -7.939191, -10.945776, -5.9289455, -1.9909964, -9.598719, -3.1557508]"
the colonel sold it the salad .,a bishop threw a chocolate to me .,DO,PD,SELL,THROW,THE,A,to,to,-44.70294952392578,"[-3.672303, -9.099625, -9.007861, -1.0474149, -8.37672, -6.7320585, -5.5656457, -1.2013227]"
the colonel sold it the salad .,a bishop threw me a chocolate .,DO,DO,SELL,THROW,THE,A,to,to,-41.17304229736328,"[-3.672303, -9.099625, -9.007861, -6.9317245, -0.9616039, -7.1935673, -4.306358]"
the colonel sold me the flower .,a parent brought a meal to us .,DO,PD,SELL,BRING,THE,A,to,to,-35.410560607910156,"[-3.6622221, -8.309197, -6.4319525, -2.336617, -8.726795, -0.79270595, -3.9912987, -1.1597711]"
the colonel sold me the flower .,a parent brought us a meal .,DO,DO,SELL,BRING,THE,A,to,to,-33.08036422729492,"[-3.6622221, -8.309197, -6.4319525, -4.077293, -2.344204, -7.0057936, -1.2497017]"
the colonel sold the bag to her .,a bishop bought a chocolate for us .,PD,PD,SELL,BUY,THE,A,to,for,-40.04688262939453,"[-3.6184537, -9.105171, -8.08853, -1.1079476, -5.7912955, -5.96676, -5.438217, -0.930508]"
the colonel sold the bag to her .,a bishop bought us a chocolate .,PD,DO,SELL,BUY,THE,A,to,for,-39.20586395263672,"[-3.6184537, -9.105171, -8.08853, -7.6390533, -0.75577444, -4.975902, -5.022979]"
the colonel sold the bag to us .,a guy got a flower for you .,PD,PD,SELL,GET,THE,A,to,for,-38.692344665527344,"[-3.6218433, -7.465539, -5.5556264, -2.8635669, -9.561361, -3.6216483, -5.020993, -0.98176587]"
the colonel sold the bag to us .,a guy got you a flower .,PD,DO,SELL,GET,THE,A,to,for,-36.785980224609375,"[-3.6218433, -7.465539, -5.5556264, -8.420221, -1.6675937, -8.566729, -1.488427]"
the colonel sold the cigarette to us .,a secretary delivered a juice for her .,PD,PD,SELL,DELIVER,THE,A,to,for,-43.74878692626953,"[-3.6424577, -9.7267885, -8.034635, -0.8931339, -11.788654, -4.4288583, -2.4406567, -2.7936034]"
the colonel sold the cigarette to us .,a secretary delivered her a juice .,PD,DO,SELL,DELIVER,THE,A,to,for,-45.00087356567383,"[-3.6424577, -9.7267885, -8.034635, -3.4383657, -7.343841, -10.035411, -2.779375]"
the colonel sold the cigarette to you .,a doctor threw a wire to me .,PD,PD,SELL,THROW,THE,A,to,to,-37.3883056640625,"[-3.626466, -6.8604717, -7.2688913, -0.83181065, -9.235661, -3.8210454, -4.835092, -0.90886855]"
the colonel sold the cigarette to you .,a doctor threw me a wire .,PD,DO,SELL,THROW,THE,A,to,to,-36.28844451904297,"[-3.626466, -6.8604717, -7.2688913, -4.875831, -0.8301337, -11.704003, -1.122644]"
the colonel sold the flower to me .,a parent brought a meal to us .,PD,PD,SELL,BRING,THE,A,to,to,-32.8326416015625,"[-3.6474333, -8.266689, -6.289538, -2.1907556, -8.114711, -0.41634837, -3.0172958, -0.88987017]"
the colonel sold the flower to me .,a parent brought us a meal .,PD,DO,SELL,BRING,THE,A,to,to,-33.07770538330078,"[-3.6474333, -8.266689, -6.289538, -4.584943, -1.8455462, -6.8680935, -1.5754611]"
the colonel sold the jacket to it .,a guest showed a ball to you .,PD,PD,SELL,SHOW,THE,A,to,to,-44.63352966308594,"[-3.624011, -7.955105, -11.075707, -2.7009249, -8.642542, -3.4023373, -6.25474, -0.97816354]"
the colonel sold the jacket to it .,a guest showed you a ball .,PD,DO,SELL,SHOW,THE,A,to,to,-43.174591064453125,"[-3.624011, -7.955105, -11.075707, -6.1655054, -1.875035, -9.382757, -3.0964668]"
the colonel sold the pie to you .,a soldier brought a cup to us .,PD,PD,SELL,BRING,THE,A,to,to,-32.10945510864258,"[-3.6337442, -7.0453057, -7.5587215, -1.4225945, -5.6571627, -2.2030756, -3.4633307, -1.125519]"
the colonel sold the pie to you .,a soldier brought us a cup .,PD,DO,SELL,BRING,THE,A,to,to,-34.48027038574219,"[-3.6337442, -7.0453057, -7.5587215, -5.1422715, -2.3022985, -4.5566444, -4.2412825]"
the colonel sold the pie to you .,a husband delivered a juice for us .,PD,PD,SELL,DELIVER,THE,A,to,for,-45.19512176513672,"[-3.6337442, -8.714846, -10.110769, -0.9983452, -12.218389, -4.2474885, -4.134862, -1.1366774]"
the colonel sold the pie to you .,a husband delivered us a juice .,PD,DO,SELL,DELIVER,THE,A,to,for,-42.94064712524414,"[-3.6337442, -8.714846, -10.110769, -6.5873384, -1.2822782, -10.129282, -2.482388]"
the colonel sold the salad to it .,a bishop threw a chocolate to me .,PD,PD,SELL,THROW,THE,A,to,to,-43.383140563964844,"[-3.6602154, -9.073041, -8.865583, -1.0665822, -7.898018, -5.991387, -6.0074167, -0.8208965]"
the colonel sold the salad to it .,a bishop threw me a chocolate .,PD,DO,SELL,THROW,THE,A,to,to,-41.46925354003906,"[-3.6602154, -9.073041, -8.865583, -6.630958, -1.5298008, -6.4925294, -5.2171264]"
the colonel sold the salad to them .,a minister got a log for him .,PD,PD,SELL,GET,THE,A,to,for,-42.80255889892578,"[-3.6581202, -8.793413, -8.234118, -1.9548684, -10.964741, -4.1545405, -3.6547747, -1.3879815]"
the colonel sold the salad to them .,a minister got him a log .,PD,DO,SELL,GET,THE,A,to,for,-40.06798553466797,"[-3.6581202, -8.793413, -8.234118, -5.222831, -1.774922, -9.743558, -2.641024]"
the colonel sold the salad to you .,an employee purchased a cheese for us .,PD,PD,SELL,PURCHASE,THE,A,to,for,-35.95439910888672,"[-5.6953635, -4.4227314, -8.368453, -1.2346668, -6.672489, -3.7744188, -4.452616, -1.333662]"
the colonel sold the salad to you .,an employee purchased us a cheese .,PD,DO,SELL,PURCHASE,THE,A,to,for,-39.20782470703125,"[-5.6953635, -4.4227314, -8.368453, -9.236217, -1.2455417, -6.443251, -3.7962663]"
the colonel sold the salad to you .,a guest threw a pie to me .,PD,PD,SELL,THROW,THE,A,to,to,-39.797176361083984,"[-3.6388621, -7.820613, -14.511149, -1.0426083, -6.1945, -3.1655278, -2.5707388, -0.8531769]"
the colonel sold the salad to you .,a guest threw me a pie .,PD,DO,SELL,THROW,THE,A,to,to,-40.12234878540039,"[-3.6388621, -7.820613, -14.511149, -5.2547636, -0.45280927, -7.218068, -1.2260846]"
the colonel sold them the salad .,a minister got a log for him .,DO,PD,SELL,GET,THE,A,to,for,-43.65011978149414,"[-3.6679657, -8.796299, -8.160805, -1.9528795, -11.313297, -4.3513837, -4.092428, -1.315061]"
the colonel sold them the salad .,a minister got him a log .,DO,DO,SELL,GET,THE,A,to,for,-39.21611785888672,"[-3.6679657, -8.796299, -8.160805, -5.175345, -1.5674018, -10.1359415, -1.7123611]"
the colonel sold us the bag .,a guy got a flower for you .,DO,PD,SELL,GET,THE,A,to,for,-38.682952880859375,"[-3.6553106, -7.351668, -4.888813, -2.7145367, -9.981495, -3.4417396, -5.7030616, -0.9463277]"
the colonel sold us the bag .,a guy got you a flower .,DO,DO,SELL,GET,THE,A,to,for,-36.359779357910156,"[-3.6553106, -7.351668, -4.888813, -7.6723814, -2.4185114, -9.135047, -1.2380455]"
the colonel sold us the cigarette .,a secretary delivered a juice for her .,DO,PD,SELL,DELIVER,THE,A,to,for,-45.972991943359375,"[-3.6624146, -9.707463, -8.826799, -0.9661177, -12.789345, -3.7021158, -2.6346154, -3.6841178]"
the colonel sold us the cigarette .,a secretary delivered her a juice .,DO,DO,SELL,DELIVER,THE,A,to,for,-45.30406188964844,"[-3.6624146, -9.707463, -8.826799, -3.17926, -7.5945144, -10.926641, -1.406966]"
the colonel sold you the cigarette .,a doctor threw a wire to me .,DO,PD,SELL,THROW,THE,A,to,to,-38.327484130859375,"[-3.6463919, -6.829711, -7.1770735, -0.99249494, -9.5849495, -4.1572504, -4.892151, -1.0474629]"
the colonel sold you the cigarette .,a doctor threw me a wire .,DO,DO,SELL,THROW,THE,A,to,to,-35.548099517822266,"[-3.6463919, -6.829711, -7.1770735, -3.7900386, -0.8764239, -12.286169, -0.94229186]"
the colonel sold you the pie .,a soldier brought a cup to us .,DO,PD,SELL,BRING,THE,A,to,to,-34.748653411865234,"[-3.657826, -6.9903626, -7.3698254, -1.6688985, -6.1761146, -3.546653, -4.142591, -1.1963829]"
the colonel sold you the pie .,a soldier brought us a cup .,DO,DO,SELL,BRING,THE,A,to,to,-34.54808044433594,"[-3.657826, -6.9903626, -7.3698254, -4.1728325, -2.5817232, -5.3634806, -4.412029]"
the colonel sold you the pie .,a husband delivered a juice for us .,DO,PD,SELL,DELIVER,THE,A,to,for,-45.94502258300781,"[-3.657826, -8.675744, -10.110135, -1.2079651, -12.486076, -3.8183765, -4.7841616, -1.2047399]"
the colonel sold you the pie .,a husband delivered us a juice .,DO,DO,SELL,DELIVER,THE,A,to,for,-41.62888717651367,"[-3.657826, -8.675744, -10.110135, -5.168929, -1.5658555, -10.286007, -2.1643891]"
the colonel sold you the salad .,an employee purchased a cheese for us .,DO,PD,SELL,PURCHASE,THE,A,to,for,-37.70322799682617,"[-5.7200146, -4.5353303, -8.300915, -1.2480633, -7.2637944, -4.2947807, -5.027321, -1.31301]"
the colonel sold you the salad .,an employee purchased us a cheese .,DO,DO,SELL,PURCHASE,THE,A,to,for,-37.31884002685547,"[-5.7200146, -4.5353303, -8.300915, -7.698204, -1.3175241, -6.686363, -3.0604882]"
the colonel sold you the salad .,a guest threw a pie to me .,DO,PD,SELL,THROW,THE,A,to,to,-41.969200134277344,"[-3.6742792, -7.870102, -14.415213, -1.223198, -6.398273, -4.3885813, -2.9412012, -1.058354]"
the colonel sold you the salad .,a guest threw me a pie .,DO,DO,SELL,THROW,THE,A,to,to,-38.551090240478516,"[-3.6742792, -7.870102, -14.415213, -4.091316, -0.5379989, -6.97775, -0.9844295]"
the colonel supplied him the tea .,an employee left a coffee for them .,DO,PD,SUPPLY,LEAVE,THE,A,to,for,-35.55713653564453,"[-5.664342, -4.5165124, -7.77782, -1.6949041, -4.927586, -4.399805, -5.068442, -1.5077251]"
the colonel supplied him the tea .,an employee left them a coffee .,DO,DO,SUPPLY,LEAVE,THE,A,to,for,-32.09415817260742,"[-5.664342, -4.5165124, -7.77782, -6.5023346, -2.1391757, -4.038378, -1.4555962]"
the colonel supplied the beer to you .,a mayor left a pie for her .,PD,PD,SUPPLY,LEAVE,THE,A,to,for,-42.539031982421875,"[-3.6389446, -9.994335, -8.973761, -2.1471438, -8.360584, -3.2216048, -2.898611, -3.3040445]"
the colonel supplied the beer to you .,a mayor left her a pie .,PD,DO,SUPPLY,LEAVE,THE,A,to,for,-42.7298583984375,"[-3.6389446, -9.994335, -8.973761, -3.7659154, -6.0260286, -7.6919365, -2.6389368]"
the colonel supplied the cheese to you .,a minister caught a newspaper for us .,PD,PD,SUPPLY,CATCH,THE,A,to,for,-50.3608283996582,"[-3.667323, -8.958924, -7.5470476, -5.31605, -8.328815, -5.8032665, -9.224634, -1.5147672]"
the colonel supplied the cheese to you .,a minister caught us a newspaper .,PD,DO,SUPPLY,CATCH,THE,A,to,for,-47.0908203125,"[-3.667323, -8.958924, -7.5470476, -7.752403, -5.2881603, -10.261339, -3.6156232]"
the colonel supplied the coffee to them .,an actor delivered a cheese for you .,PD,PD,SUPPLY,DELIVER,THE,A,to,for,-45.12189865112305,"[-5.6913633, -6.6363554, -9.425937, -0.93519837, -9.924724, -5.462433, -5.915463, -1.130426]"
the colonel supplied the coffee to them .,an actor delivered you a cheese .,PD,DO,SUPPLY,DELIVER,THE,A,to,for,-42.48877716064453,"[-5.6913633, -6.6363554, -9.425937, -8.86781, -0.94082314, -8.323254, -2.603238]"
the colonel supplied the gun to us .,an actor delivered a pie for you .,PD,PD,SUPPLY,DELIVER,THE,A,to,for,-42.6579475402832,"[-5.67649, -6.611475, -9.64188, -1.0021379, -10.423178, -3.143227, -4.986962, -1.1725974]"
the colonel supplied the gun to us .,an actor delivered you a pie .,PD,DO,SUPPLY,DELIVER,THE,A,to,for,-41.414615631103516,"[-5.67649, -6.611475, -9.64188, -7.8933277, -1.0733083, -9.152221, -1.3659139]"
the colonel supplied the machine to you .,a winner got a bag for it .,PD,PD,SUPPLY,GET,THE,A,to,for,-40.44517517089844,"[-3.6453133, -10.001179, -8.39889, -1.5980306, -6.5437026, -4.24158, -5.1711855, -0.8452931]"
the colonel supplied the machine to you .,a winner got it a bag .,PD,DO,SUPPLY,GET,THE,A,to,for,-42.94157409667969,"[-3.6453133, -10.001179, -8.39889, -4.317943, -5.73329, -8.392384, -2.4525783]"
the colonel supplied the tea to him .,an employee left a coffee for them .,PD,PD,SUPPLY,LEAVE,THE,A,to,for,-34.91205596923828,"[-5.656332, -4.3696275, -7.8538933, -1.6175512, -4.890348, -5.068933, -3.9419055, -1.5134691]"
the colonel supplied the tea to him .,an employee left them a coffee .,PD,DO,SUPPLY,LEAVE,THE,A,to,for,-36.52110290527344,"[-5.656332, -4.3696275, -7.8538933, -6.6750073, -4.0507793, -5.1412883, -2.7741752]"
the colonel supplied the tea to us .,a bishop caught a log for him .,PD,PD,SUPPLY,CATCH,THE,A,to,for,-45.71333312988281,"[-3.6563923, -9.221561, -8.1600275, -3.8448691, -9.747612, -4.5565443, -5.223993, -1.3023334]"
the colonel supplied the tea to us .,a bishop caught him a log .,PD,DO,SUPPLY,CATCH,THE,A,to,for,-45.59817886352539,"[-3.6563923, -9.221561, -8.1600275, -6.3721404, -6.7592764, -9.280832, -2.1479478]"
the colonel supplied the tea to you .,a brother drew a jacket for me .,PD,PD,SUPPLY,DRAW,THE,A,to,for,-40.74004364013672,"[-3.6446514, -9.071529, -8.710785, -1.0903412, -9.58083, -5.1446877, -2.41495, -1.0822712]"
the colonel supplied the tea to you .,a brother drew me a jacket .,PD,DO,SUPPLY,DRAW,THE,A,to,for,-38.66160202026367,"[-3.6446514, -9.071529, -8.710785, -4.9691577, -1.5746495, -9.076488, -1.6143401]"
the colonel supplied the tea to you .,a woman made a key for me .,PD,PD,SUPPLY,MAKE,THE,A,to,for,-35.47845458984375,"[-3.6446514, -4.501479, -7.562671, -1.3342692, -8.796202, -4.1131377, -4.1536975, -1.3723471]"
the colonel supplied the tea to you .,a woman made me a key .,PD,DO,SUPPLY,MAKE,THE,A,to,for,-34.315696716308594,"[-3.6446514, -4.501479, -7.562671, -5.6551156, -2.368749, -8.949811, -1.6332175]"
the colonel supplied them the coffee .,an actor delivered a cheese for you .,DO,PD,SUPPLY,DELIVER,THE,A,to,for,-45.10393524169922,"[-5.69123, -6.700335, -9.321871, -1.088198, -10.381632, -4.6501303, -6.24306, -1.0274795]"
the colonel supplied them the coffee .,an actor delivered you a cheese .,DO,DO,SUPPLY,DELIVER,THE,A,to,for,-40.84461975097656,"[-5.69123, -6.700335, -9.321871, -7.747731, -1.3223008, -8.045644, -2.0155096]"
the colonel supplied us the gun .,an actor delivered a pie for you .,DO,PD,SUPPLY,DELIVER,THE,A,to,for,-42.54278564453125,"[-5.676704, -6.553032, -9.626209, -1.0829188, -10.434183, -2.5294132, -5.547951, -1.092372]"
the colonel supplied us the gun .,an actor delivered you a pie .,DO,DO,SUPPLY,DELIVER,THE,A,to,for,-39.7597541809082,"[-5.676704, -6.553032, -9.626209, -6.571049, -1.3401536, -9.086353, -0.90625393]"
the colonel supplied us the tea .,a bishop caught a log for him .,DO,PD,SUPPLY,CATCH,THE,A,to,for,-47.745967864990234,"[-3.6731935, -9.175665, -8.03571, -4.8944798, -10.110528, -4.515983, -5.950185, -1.3902234]"
the colonel supplied us the tea .,a bishop caught him a log .,DO,DO,SUPPLY,CATCH,THE,A,to,for,-45.52192687988281,"[-3.6731935, -9.175665, -8.03571, -7.6867323, -6.2336063, -9.297363, -1.4196584]"
the colonel supplied you the beer .,a mayor left a pie for her .,DO,PD,SUPPLY,LEAVE,THE,A,to,for,-41.69823455810547,"[-3.643159, -9.883821, -8.828356, -2.1033072, -8.584376, -2.7904873, -2.7900329, -3.0746934]"
the colonel supplied you the beer .,a mayor left her a pie .,DO,DO,SUPPLY,LEAVE,THE,A,to,for,-41.38719177246094,"[-3.643159, -9.883821, -8.828356, -3.6356292, -6.356829, -7.375242, -1.6641542]"
the colonel supplied you the cheese .,a minister caught a newspaper for us .,DO,PD,SUPPLY,CATCH,THE,A,to,for,-50.07594680786133,"[-3.6643944, -8.842241, -7.3264647, -5.317367, -8.185139, -5.65522, -9.711065, -1.3740546]"
the colonel supplied you the cheese .,a minister caught us a newspaper .,DO,DO,SUPPLY,CATCH,THE,A,to,for,-44.32573318481445,"[-3.6643944, -8.842241, -7.3264647, -7.468325, -4.6606703, -9.626821, -2.736815]"
the colonel supplied you the machine .,a winner got a bag for it .,DO,PD,SUPPLY,GET,THE,A,to,for,-40.419898986816406,"[-3.643623, -9.950515, -8.455092, -1.7442427, -6.577607, -4.4315276, -4.84466, -0.7726321]"
the colonel supplied you the machine .,a winner got it a bag .,DO,DO,SUPPLY,GET,THE,A,to,for,-42.280033111572266,"[-3.643623, -9.950515, -8.455092, -4.0474796, -5.8453975, -8.1402, -2.1977258]"
the colonel supplied you the tea .,a brother drew a jacket for me .,DO,PD,SUPPLY,DRAW,THE,A,to,for,-40.155067443847656,"[-3.651304, -8.969828, -8.64797, -1.1767721, -9.146124, -4.6305923, -2.8278756, -1.1046022]"
the colonel supplied you the tea .,a brother drew me a jacket .,DO,DO,SUPPLY,DRAW,THE,A,to,for,-36.01294708251953,"[-3.651304, -8.969828, -8.64797, -4.146824, -1.0494146, -8.346565, -1.201042]"
the colonel supplied you the tea .,a woman made a key for me .,DO,PD,SUPPLY,MAKE,THE,A,to,for,-35.62248229980469,"[-3.651304, -4.534393, -7.402816, -1.287094, -8.500025, -4.794693, -4.296138, -1.1560187]"
the colonel supplied you the tea .,a woman made me a key .,DO,DO,SUPPLY,MAKE,THE,A,to,for,-32.83802032470703,"[-3.651304, -4.534393, -7.402816, -4.934971, -2.1251795, -8.885211, -1.304147]"
the colonel threw it the motor .,a captain purchased a tea for me .,DO,PD,THROW,PURCHASE,THE,A,to,for,-42.739288330078125,"[-3.6794999, -9.443672, -10.619847, -1.2544317, -9.138504, -3.5802338, -3.5044193, -1.5186808]"
the colonel threw it the motor .,a captain purchased me a tea .,DO,DO,THROW,PURCHASE,THE,A,to,for,-40.330318450927734,"[-3.6794999, -9.443672, -10.619847, -6.1996765, -0.72732496, -7.441783, -2.2185123]"
the colonel threw the button to us .,an aunt gave a tea to me .,PD,PD,THROW,GIVE,THE,A,to,to,-34.31059265136719,"[-5.7163024, -8.121891, -4.991602, -2.522326, -10.046023, -0.22631074, -1.7345933, -0.95154595]"
the colonel threw the button to us .,an aunt gave me a tea .,PD,DO,THROW,GIVE,THE,A,to,to,-31.36194610595703,"[-5.7163024, -8.121891, -4.991602, -1.452535, -0.75459164, -8.364758, -1.9602683]"
the colonel threw the button to you .,a buddy got a cup for me .,PD,PD,THROW,GET,THE,A,to,for,-38.120975494384766,"[-3.6541905, -9.996016, -5.896558, -1.9768925, -7.2286425, -6.4299045, -1.9160248, -1.0227493]"
the colonel threw the button to you .,a buddy got me a cup .,PD,DO,THROW,GET,THE,A,to,for,-33.68965148925781,"[-3.6541905, -9.996016, -5.896558, -2.6564388, -1.0488766, -6.02536, -4.4122114]"
the colonel threw the chocolate to you .,a father got a pie for it .,PD,PD,THROW,GET,THE,A,to,for,-38.13678741455078,"[-3.684764, -6.9071817, -6.3574033, -1.705866, -8.3432045, -2.31793, -8.0073, -0.81313694]"
the colonel threw the chocolate to you .,a father got it a pie .,PD,DO,THROW,GET,THE,A,to,for,-41.050994873046875,"[-3.684764, -6.9071817, -6.3574033, -5.7590303, -6.4241295, -10.410444, -1.5080408]"
the colonel threw the motor to it .,a captain purchased a tea for me .,PD,PD,THROW,PURCHASE,THE,A,to,for,-42.213836669921875,"[-3.6504602, -9.284876, -10.427121, -1.118037, -9.014368, -3.341694, -4.0343647, -1.3429171]"
the colonel threw the motor to it .,a captain purchased me a tea .,PD,DO,THROW,PURCHASE,THE,A,to,for,-39.57377243041992,"[-3.6504602, -9.284876, -10.427121, -6.432126, -0.61550146, -6.8942075, -2.2694798]"
the colonel threw us the button .,an aunt gave a tea to me .,DO,PD,THROW,GIVE,THE,A,to,to,-34.4730110168457,"[-5.7146597, -8.074111, -4.72758, -3.437167, -9.559757, -0.50514746, -1.3596135, -1.0949755]"
the colonel threw us the button .,an aunt gave me a tea .,DO,DO,THROW,GIVE,THE,A,to,to,-31.342031478881836,"[-5.7146597, -8.074111, -4.72758, -0.805249, -1.1499664, -9.031386, -1.8390791]"
the colonel threw you the button .,a buddy got a cup for me .,DO,PD,THROW,GET,THE,A,to,for,-37.783363342285156,"[-3.6998372, -9.732758, -5.5780296, -2.2508135, -7.431137, -6.057917, -2.0092483, -1.0236275]"
the colonel threw you the button .,a buddy got me a cup .,DO,DO,THROW,GET,THE,A,to,for,-32.86460876464844,"[-3.6998372, -9.732758, -5.5780296, -2.559041, -1.2144849, -6.369216, -3.7112427]"
the colonel threw you the chocolate .,a father got a pie for it .,DO,PD,THROW,GET,THE,A,to,for,-37.476829528808594,"[-3.7137582, -6.800353, -6.033951, -1.8878064, -8.498606, -2.0152102, -7.808845, -0.71830046]"
the colonel threw you the chocolate .,a father got it a pie .,DO,DO,THROW,GET,THE,A,to,for,-40.55729675292969,"[-3.7137582, -6.800353, -6.033951, -5.821424, -6.694541, -10.371417, -1.1218536]"
the colonel took the card to us .,an attorney delivered a chocolate for her .,PD,PD,TAKE,DELIVER,THE,A,to,for,-47.15596008300781,"[-5.662673, -5.642332, -10.56003, -1.1381154, -12.418114, -6.6624384, -3.1743262, -1.8979322]"
the colonel took the card to us .,an attorney delivered her a chocolate .,PD,DO,TAKE,DELIVER,THE,A,to,for,-50.33370590209961,"[-5.662673, -5.642332, -10.56003, -4.4390817, -7.281301, -10.826477, -5.921812]"
the colonel took us the card .,an attorney delivered a chocolate for her .,DO,PD,TAKE,DELIVER,THE,A,to,for,-45.79047775268555,"[-5.6617107, -5.516732, -10.078422, -0.97521293, -11.488587, -6.712574, -2.9445333, -2.4127061]"
the colonel took us the card .,an attorney delivered her a chocolate .,DO,DO,TAKE,DELIVER,THE,A,to,for,-46.79615020751953,"[-5.6617107, -5.516732, -10.078422, -3.9618435, -6.6071587, -9.795923, -5.174361]"
the company designed her the ball .,a student left a chicken for you .,DO,PD,DESIGN,LEAVE,THE,A,for,for,-39.7403450012207,"[-3.5197997, -5.88494, -7.114764, -1.4192097, -8.515677, -3.9731727, -7.8855505, -1.4272325]"
the company designed her the ball .,a student left you a chicken .,DO,DO,DESIGN,LEAVE,THE,A,for,for,-37.290077209472656,"[-3.5197997, -5.88494, -7.114764, -8.695205, -2.0250645, -8.720169, -1.3301322]"
the company designed her the card .,a brother gave a candy to you .,DO,PD,DESIGN,GIVE,THE,A,for,to,-42.77750015258789,"[-3.5440779, -9.314943, -6.863709, -2.6362085, -10.564277, -1.1548903, -7.680333, -1.0190592]"
the company designed her the card .,a brother gave you a candy .,DO,DO,DESIGN,GIVE,THE,A,for,to,-35.6555290222168,"[-3.5440779, -9.314943, -6.863709, -5.6774845, -1.19319, -7.294323, -1.7677997]"
the company designed her the cigarette .,a secretary promised a meal to me .,DO,PD,DESIGN,PROMISE,THE,A,for,to,-46.36021041870117,"[-3.5453901, -10.201787, -8.605692, -2.5260184, -9.68989, -2.7402227, -6.799429, -2.2517815]"
the company designed her the cigarette .,a secretary promised me a meal .,DO,DO,DESIGN,PROMISE,THE,A,for,to,-39.588645935058594,"[-3.5453901, -10.201787, -8.605692, -7.079998, -1.5323607, -6.2527514, -2.3706696]"
the company designed him the bag .,a guest got a juice for you .,DO,PD,DESIGN,GET,THE,A,for,for,-46.25876998901367,"[-3.5843992, -7.888397, -11.722702, -2.0389423, -10.252579, -3.764071, -5.865741, -1.1419392]"
the company designed him the bag .,a guest got you a juice .,DO,DO,DESIGN,GET,THE,A,for,for,-41.98435592651367,"[-3.5843992, -7.888397, -11.722702, -5.50432, -1.6105633, -9.023043, -2.6509297]"
the company designed him the card .,a son threw a coffee to you .,DO,PD,DESIGN,THROW,THE,A,for,to,-43.150569915771484,"[-3.5873837, -8.949268, -9.100262, -1.0264549, -7.623021, -4.032163, -7.555091, -1.276928]"
the company designed him the card .,a son threw you a coffee .,DO,DO,DESIGN,THROW,THE,A,for,to,-39.305686950683594,"[-3.5873837, -8.949268, -9.100262, -8.582644, -0.6150314, -6.9548216, -1.5162789]"
the company designed him the coat .,an attorney showed a tea to you .,DO,PD,DESIGN,SHOW,THE,A,for,to,-47.95854949951172,"[-5.7191877, -5.838198, -7.9343963, -2.9578514, -11.522319, -4.6153116, -7.9885287, -1.3827556]"
the company designed him the coat .,an attorney showed you a tea .,DO,DO,DESIGN,SHOW,THE,A,for,to,-42.32779312133789,"[-5.7191877, -5.838198, -7.9343963, -6.7836504, -2.2010925, -10.505743, -3.3455255]"
the company designed him the computer .,a nurse sent a juice to you .,DO,PD,DESIGN,SEND,THE,A,for,to,-44.35282897949219,"[-3.55632, -8.039127, -7.50169, -1.9952877, -12.479666, -2.5075386, -6.8190093, -1.4541878]"
the company designed him the computer .,a nurse sent you a juice .,DO,DO,DESIGN,SEND,THE,A,for,to,-39.66064453125,"[-3.55632, -8.039127, -7.50169, -6.737769, -1.2196928, -10.128868, -2.4771755]"
the company designed him the cup .,a king showed a tea to it .,DO,PD,DESIGN,SHOW,THE,A,for,to,-47.345359802246094,"[-3.5994678, -9.978404, -8.995337, -3.2554622, -10.1015, -3.457459, -7.0504475, -0.90728164]"
the company designed him the cup .,a king showed it a tea .,DO,DO,DESIGN,SHOW,THE,A,for,to,-43.84758758544922,"[-3.5994678, -9.978404, -8.995337, -4.49678, -4.403515, -11.029262, -1.3448248]"
the company designed him the key .,a writer made a crystal for you .,DO,PD,DESIGN,MAKE,THE,A,for,for,-39.89613342285156,"[-3.566306, -8.0179615, -7.701297, -1.4545368, -9.611349, -4.604561, -4.1927137, -0.7474107]"
the company designed him the key .,a writer made you a crystal .,DO,DO,DESIGN,MAKE,THE,A,for,for,-38.80141067504883,"[-3.566306, -8.0179615, -7.701297, -7.4487805, -1.5278814, -8.948017, -1.5911688]"
the company designed him the key .,a sheriff saved a flower for me .,DO,PD,DESIGN,SAVE,THE,A,for,for,-45.376644134521484,"[-3.566306, -8.882656, -10.610223, -1.998702, -10.0523615, -4.1138024, -5.279668, -0.8729243]"
the company designed him the key .,a sheriff saved me a flower .,DO,DO,DESIGN,SAVE,THE,A,for,for,-43.24940490722656,"[-3.566306, -8.882656, -10.610223, -5.4249487, -1.912841, -11.707897, -1.1445314]"
the company designed him the log .,a daughter showed a flower to you .,DO,PD,DESIGN,SHOW,THE,A,for,to,-42.97834777832031,"[-3.582951, -9.337938, -7.0430408, -3.7301548, -8.694097, -1.5660416, -7.6406307, -1.383496]"
the company designed him the log .,a daughter showed you a flower .,DO,DO,DESIGN,SHOW,THE,A,for,to,-38.26039505004883,"[-3.582951, -9.337938, -7.0430408, -6.783785, -2.114616, -7.8815255, -1.5165381]"
the company designed it the button .,a father sent a cup to you .,DO,PD,DESIGN,SEND,THE,A,for,to,-42.14997863769531,"[-3.5521786, -7.592506, -6.8213305, -1.4467235, -9.396918, -3.124016, -8.549746, -1.6665583]"
the company designed it the button .,a father sent you a cup .,DO,DO,DESIGN,SEND,THE,A,for,to,-37.836082458496094,"[-3.5521786, -7.592506, -6.8213305, -7.749908, -0.9081732, -7.40379, -3.8081949]"
the company designed it the card .,a boy made a machine for us .,DO,PD,DESIGN,MAKE,THE,A,for,for,-39.46380615234375,"[-3.5299919, -7.446179, -7.446597, -1.2149231, -9.546886, -2.8063266, -6.2767105, -1.196193]"
the company designed it the card .,a boy made us a machine .,DO,DO,DESIGN,MAKE,THE,A,for,for,-38.83985137939453,"[-3.5299919, -7.446179, -7.446597, -7.5703135, -2.9542394, -8.954281, -0.93825185]"
the company designed it the card .,a girl showed a ball to us .,DO,PD,DESIGN,SHOW,THE,A,for,to,-40.662078857421875,"[-3.5299919, -7.358634, -7.9895144, -2.7808135, -7.8070006, -3.0694795, -6.6655016, -1.4611431]"
the company designed it the card .,a girl showed us a ball .,DO,DO,DESIGN,SHOW,THE,A,for,to,-35.374053955078125,"[-3.5299919, -7.358634, -7.9895144, -4.273528, -1.4269899, -8.344727, -2.4506686]"
the company designed it the cigarette .,a parent promised a jacket to you .,DO,PD,DESIGN,PROMISE,THE,A,for,to,-47.09992218017578,"[-3.5323439, -8.210417, -9.773193, -2.0648122, -11.066484, -2.2967417, -7.970006, -2.185925]"
the company designed it the cigarette .,a parent promised you a jacket .,DO,DO,DESIGN,PROMISE,THE,A,for,to,-40.889122009277344,"[-3.5323439, -8.210417, -9.773193, -6.445288, -1.8104682, -9.1338005, -1.9836135]"
the company designed it the jacket .,a minister fed a candy to me .,DO,PD,DESIGN,FEED,THE,A,for,to,-45.3690071105957,"[-3.550356, -9.4766865, -10.838963, -2.0500493, -8.667304, -3.083189, -6.322866, -1.3795931]"
the company designed it the jacket .,a minister fed me a candy .,DO,DO,DESIGN,FEED,THE,A,for,to,-40.579803466796875,"[-3.550356, -9.4766865, -10.838963, -5.35877, -0.9438106, -7.295726, -3.1154945]"
the company designed it the key .,a winner took a television to them .,DO,PD,DESIGN,TAKE,THE,A,for,to,-48.63505554199219,"[-3.5011826, -9.943549, -8.496626, -2.0740929, -11.432822, -4.665107, -7.7749853, -0.7466895]"
the company designed it the key .,a winner took them a television .,DO,DO,DESIGN,TAKE,THE,A,for,to,-48.952884674072266,"[-3.5011826, -9.943549, -8.496626, -6.4797573, -4.3935556, -12.807077, -3.3311398]"
the company designed it the television .,a friend found a tea for him .,DO,PD,DESIGN,FIND,THE,A,for,for,-36.97657012939453,"[-3.5244536, -6.181965, -6.7593846, -1.2207049, -8.858948, -4.8511515, -3.8424282, -1.7375325]"
the company designed it the television .,a friend found him a tea .,DO,DO,DESIGN,FIND,THE,A,for,for,-32.2305908203125,"[-3.5244536, -6.181965, -6.7593846, -3.7350578, -2.229535, -8.132848, -1.6673455]"
the company designed me the bag .,a woman sold a newspaper to you .,DO,PD,DESIGN,SELL,THE,A,for,to,-37.9007568359375,"[-3.5434043, -4.5752506, -8.719038, -1.9600401, -8.5740385, -1.6658489, -7.163431, -1.6997068]"
the company designed me the bag .,a woman sold you a newspaper .,DO,DO,DESIGN,SELL,THE,A,for,to,-34.45695877075195,"[-3.5434043, -4.5752506, -8.719038, -6.976903, -0.9381411, -8.304756, -1.3994647]"
the company designed me the ball .,an uncle made a flower for it .,DO,PD,DESIGN,MAKE,THE,A,for,for,-42.871238708496094,"[-5.6997747, -9.009168, -6.8400054, -1.3529332, -9.449247, -2.595561, -7.110479, -0.8140689]"
the company designed me the ball .,an uncle made it a flower .,DO,DO,DESIGN,MAKE,THE,A,for,for,-41.58491516113281,"[-5.6997747, -9.009168, -6.8400054, -3.1253617, -3.572476, -12.034217, -1.3039147]"
the company designed me the cigarette .,a sheriff sent a television to her .,DO,PD,DESIGN,SEND,THE,A,for,to,-46.46525192260742,"[-3.5339189, -9.079796, -8.25224, -1.6046385, -8.683929, -6.525592, -4.518894, -4.266243]"
the company designed me the cigarette .,a sheriff sent her a television .,DO,DO,DESIGN,SEND,THE,A,for,to,-41.37303924560547,"[-3.5339189, -9.079796, -8.25224, -3.9570603, -1.6004348, -10.150703, -4.7988844]"
the company designed me the iron .,a soldier left a bell for it .,DO,PD,DESIGN,LEAVE,THE,A,for,for,-45.17670440673828,"[-3.5476685, -7.7045746, -7.4337616, -1.9950397, -12.282218, -2.492818, -7.842582, -1.8780432]"
the company designed me the iron .,a soldier left it a bell .,DO,DO,DESIGN,LEAVE,THE,A,for,for,-43.85539627075195,"[-3.5476685, -7.7045746, -7.4337616, -5.573289, -5.466561, -11.962039, -2.1675012]"
the company designed me the log .,a guy sold a candy to us .,DO,PD,DESIGN,SELL,THE,A,for,to,-38.17034149169922,"[-3.527803, -7.4611063, -7.906632, -2.2646947, -7.9941225, -4.116053, -3.89917, -1.0007597]"
the company designed me the log .,a guy sold us a candy .,DO,DO,DESIGN,SELL,THE,A,for,to,-33.20533752441406,"[-3.527803, -7.4611063, -7.906632, -4.222717, -0.84109205, -7.18634, -2.059648]"
the company designed the bag for him .,a guest got a juice for you .,PD,PD,DESIGN,GET,THE,A,for,for,-45.09056854248047,"[-3.4763303, -7.9974275, -11.669651, -1.6610749, -10.467757, -2.7165937, -6.1472907, -0.95444417]"
the company designed the bag for him .,a guest got you a juice .,PD,DO,DESIGN,GET,THE,A,for,for,-42.07685089111328,"[-3.4763303, -7.9974275, -11.669651, -5.498699, -1.7939591, -8.910435, -2.7303493]"
the company designed the bag for me .,a woman sold a newspaper to you .,PD,PD,DESIGN,SELL,THE,A,for,to,-37.794456481933594,"[-3.4558425, -4.5134106, -8.934137, -1.5593683, -8.816019, -1.4768515, -7.3882527, -1.6505717]"
the company designed the bag for me .,a woman sold you a newspaper .,PD,DO,DESIGN,SELL,THE,A,for,to,-36.48360061645508,"[-3.4558425, -4.5134106, -8.934137, -7.972725, -0.76982456, -8.8321495, -2.0055103]"
the company designed the ball for her .,a student left a chicken for you .,PD,PD,DESIGN,LEAVE,THE,A,for,for,-38.668792724609375,"[-3.4744625, -5.7941074, -7.1586185, -1.1255841, -8.44039, -3.2675662, -7.949217, -1.4588475]"
the company designed the ball for her .,a student left you a chicken .,PD,DO,DESIGN,LEAVE,THE,A,for,for,-38.154937744140625,"[-3.4744625, -5.7941074, -7.1586185, -8.968672, -1.9487131, -9.041998, -1.7683678]"
the company designed the ball for me .,an uncle made a flower for it .,PD,PD,DESIGN,MAKE,THE,A,for,for,-42.3889045715332,"[-5.7231965, -8.960971, -7.2938175, -1.0839314, -9.425603, -1.387621, -7.7848806, -0.7288848]"
the company designed the ball for me .,an uncle made it a flower .,PD,DO,DESIGN,MAKE,THE,A,for,for,-42.608882904052734,"[-5.7231965, -8.960971, -7.2938175, -3.0571275, -3.0996861, -12.727729, -1.7463565]"
the company designed the button for it .,a father sent a cup to you .,PD,PD,DESIGN,SEND,THE,A,for,to,-42.09065628051758,"[-3.5033946, -7.536078, -6.739176, -1.4815412, -9.655338, -3.239341, -8.289418, -1.646369]"
the company designed the button for it .,a father sent you a cup .,PD,DO,DESIGN,SEND,THE,A,for,to,-39.62627410888672,"[-3.5033946, -7.536078, -6.739176, -8.000396, -0.95317984, -8.057264, -4.836789]"
the company designed the card for her .,a brother gave a candy to you .,PD,PD,DESIGN,GIVE,THE,A,for,to,-42.55390930175781,"[-3.487857, -9.435357, -6.935566, -2.4470272, -10.546082, -0.8325701, -7.938637, -0.93081546]"
the company designed the card for her .,a brother gave you a candy .,PD,DO,DESIGN,GIVE,THE,A,for,to,-36.07698059082031,"[-3.487857, -9.435357, -6.935566, -5.724825, -0.90740424, -7.296401, -2.289568]"
the company designed the card for him .,a son threw a coffee to you .,PD,PD,DESIGN,THROW,THE,A,for,to,-43.26637268066406,"[-3.4921503, -8.98075, -9.563607, -0.69987816, -7.2301126, -3.9284678, -8.124121, -1.2472838]"
the company designed the card for him .,a son threw you a coffee .,PD,DO,DESIGN,THROW,THE,A,for,to,-40.91050720214844,"[-3.4921503, -8.98075, -9.563607, -9.448754, -0.6624704, -7.169753, -1.5930234]"
the company designed the card for it .,a boy made a machine for us .,PD,PD,DESIGN,MAKE,THE,A,for,for,-37.85642623901367,"[-3.4837995, -7.493881, -7.101523, -1.051481, -9.25633, -1.4674244, -7.002591, -0.9993968]"
the company designed the card for it .,a boy made us a machine .,PD,DO,DESIGN,MAKE,THE,A,for,for,-40.546905517578125,"[-3.4837995, -7.493881, -7.101523, -8.041607, -3.8679888, -9.28937, -1.2687334]"
the company designed the card for it .,a girl showed a ball to us .,PD,PD,DESIGN,SHOW,THE,A,for,to,-40.92312240600586,"[-3.4837995, -7.4429684, -7.727475, -2.9848163, -8.024448, -3.583615, -6.316905, -1.3590946]"
the company designed the card for it .,a girl showed us a ball .,PD,DO,DESIGN,SHOW,THE,A,for,to,-36.749629974365234,"[-3.4837995, -7.4429684, -7.727475, -4.254859, -1.4948831, -8.805401, -3.5402465]"
the company designed the card for us .,a prince left a chicken for you .,PD,PD,DESIGN,LEAVE,THE,A,for,for,-40.99895477294922,"[-3.473647, -11.130363, -7.14764, -1.4392802, -9.642869, -3.4325063, -3.8081017, -0.92454684]"
the company designed the card for us .,a prince left you a chicken .,PD,DO,DESIGN,LEAVE,THE,A,for,for,-40.21372985839844,"[-3.473647, -11.130363, -7.14764, -5.9473443, -1.8955398, -9.13559, -1.4836055]"
the company designed the card for us .,a chief delivered a meal for you .,PD,PD,DESIGN,DELIVER,THE,A,for,for,-44.710594177246094,"[-3.473647, -9.325664, -13.220885, -0.72989947, -9.684635, -1.1500504, -5.7486887, -1.377126]"
the company designed the card for us .,a chief delivered you a meal .,PD,DO,DESIGN,DELIVER,THE,A,for,for,-45.723968505859375,"[-3.473647, -9.325664, -13.220885, -9.388165, -1.0721887, -7.041007, -2.2024136]"
the company designed the cigarette for her .,a secretary promised a meal to me .,PD,PD,DESIGN,PROMISE,THE,A,for,to,-46.219993591308594,"[-3.4932919, -10.379297, -9.200441, -2.4497948, -9.172761, -3.0087745, -6.3527207, -2.1629124]"
the company designed the cigarette for her .,a secretary promised me a meal .,PD,DO,DESIGN,PROMISE,THE,A,for,to,-40.60700225830078,"[-3.4932919, -10.379297, -9.200441, -7.0144463, -1.6855683, -6.10217, -2.7317889]"
the company designed the cigarette for it .,a parent promised a jacket to you .,PD,PD,DESIGN,PROMISE,THE,A,for,to,-46.48712158203125,"[-3.4842448, -8.275059, -9.6799, -2.1084046, -10.989165, -2.4484556, -7.4084725, -2.0934167]"
the company designed the cigarette for it .,a parent promised you a jacket .,PD,DO,DESIGN,PROMISE,THE,A,for,to,-41.76962661743164,"[-3.4842448, -8.275059, -9.6799, -6.2751555, -1.9524592, -9.399133, -2.7036753]"
the company designed the cigarette for me .,a sheriff sent a television to her .,PD,PD,DESIGN,SEND,THE,A,for,to,-45.35335159301758,"[-3.474697, -9.132739, -8.534659, -1.2446884, -8.904161, -5.5282507, -4.433421, -4.100736]"
the company designed the cigarette for me .,a sheriff sent her a television .,PD,DO,DESIGN,SEND,THE,A,for,to,-42.571929931640625,"[-3.474697, -9.132739, -8.534659, -4.3198447, -1.6920294, -10.213782, -5.204178]"
the company designed the coat for him .,an attorney showed a tea to you .,PD,PD,DESIGN,SHOW,THE,A,for,to,-47.910621643066406,"[-5.699977, -5.7912583, -8.472061, -2.5072353, -11.747069, -4.382298, -8.099386, -1.2113369]"
the company designed the coat for him .,an attorney showed you a tea .,PD,DO,DESIGN,SHOW,THE,A,for,to,-44.00559997558594,"[-5.699977, -5.7912583, -8.472061, -6.955884, -2.1386971, -10.82946, -4.1182623]"
the company designed the coat for you .,a princess took a plate to us .,PD,PD,DESIGN,TAKE,THE,A,for,to,-44.23278045654297,"[-3.465812, -10.877838, -6.5498133, -1.6130289, -8.6356125, -4.9464383, -6.846618, -1.2976215]"
the company designed the coat for you .,a princess took us a plate .,PD,DO,DESIGN,TAKE,THE,A,for,to,-47.657066345214844,"[-3.465812, -10.877838, -6.5498133, -5.274032, -4.518222, -11.23279, -5.7385573]"
the company designed the computer for him .,a nurse sent a juice to you .,PD,PD,DESIGN,SEND,THE,A,for,to,-44.72969436645508,"[-3.4718165, -8.220879, -7.700046, -1.7419288, -12.651031, -2.1468973, -7.359118, -1.4379773]"
the company designed the computer for him .,a nurse sent you a juice .,PD,DO,DESIGN,SEND,THE,A,for,to,-40.855804443359375,"[-3.4718165, -8.220879, -7.700046, -7.1662045, -1.0111177, -10.433629, -2.852116]"
the company designed the computer for you .,a pilot found a wire for them .,PD,PD,DESIGN,FIND,THE,A,for,for,-40.42359924316406,"[-3.435157, -7.6970406, -6.246312, -1.1687343, -8.963528, -4.0822268, -7.403429, -1.4271715]"
the company designed the computer for you .,a pilot found them a wire .,PD,DO,DESIGN,FIND,THE,A,for,for,-40.32289505004883,"[-3.435157, -7.6970406, -6.246312, -7.0798798, -4.2122874, -10.03048, -1.6217375]"
the company designed the computer for you .,a wife left a beer for them .,PD,PD,DESIGN,LEAVE,THE,A,for,for,-42.581478118896484,"[-3.435157, -10.217675, -7.362924, -1.6815791, -8.283953, -3.2918282, -6.7696643, -1.5386981]"
the company designed the computer for you .,a wife left them a beer .,PD,DO,DESIGN,LEAVE,THE,A,for,for,-39.758155822753906,"[-3.435157, -10.217675, -7.362924, -5.6036944, -3.1867037, -7.6410336, -2.3109696]"
the company designed the cup for him .,a king showed a tea to it .,PD,PD,DESIGN,SHOW,THE,A,for,to,-48.18417739868164,"[-3.4933293, -10.113945, -9.389237, -3.0137825, -10.547824, -3.0371633, -7.6372175, -0.95167804]"
the company designed the cup for him .,a king showed it a tea .,PD,DO,DESIGN,SHOW,THE,A,for,to,-46.40719223022461,"[-3.4933293, -10.113945, -9.389237, -4.619829, -5.0184965, -11.7300005, -2.0423558]"
the company designed the iron for me .,a soldier left a bell for it .,PD,PD,DESIGN,LEAVE,THE,A,for,for,-44.33123016357422,"[-3.464992, -7.791421, -7.286498, -1.8357005, -12.463142, -1.6788043, -8.000534, -1.8101395]"
the company designed the iron for me .,a soldier left it a bell .,PD,DO,DESIGN,LEAVE,THE,A,for,for,-44.50139236450195,"[-3.464992, -7.791421, -7.286498, -5.6951528, -5.4276342, -12.266268, -2.5694256]"
the company designed the iron for us .,a colonel got a meal for you .,PD,PD,DESIGN,GET,THE,A,for,for,-44.78916549682617,"[-3.4676542, -11.593336, -8.924849, -1.6275008, -10.342472, -1.8579885, -6.135497, -0.83986926]"
the company designed the iron for us .,a colonel got you a meal .,PD,DO,DESIGN,GET,THE,A,for,for,-42.19024658203125,"[-3.4676542, -11.593336, -8.924849, -6.9645195, -1.846237, -7.5687666, -1.8248847]"
the company designed the iron for you .,a guest sold a bag to it .,PD,PD,DESIGN,SELL,THE,A,for,to,-46.89596176147461,"[-3.4537513, -8.2591305, -14.92671, -2.105041, -5.1983566, -3.8970807, -7.996991, -1.0589018]"
the company designed the iron for you .,a guest sold it a bag .,PD,DO,DESIGN,SELL,THE,A,for,to,-48.11919021606445,"[-3.4537513, -8.2591305, -14.92671, -4.9266286, -6.5883093, -7.6444187, -2.320242]"
the company designed the iron for you .,a guest supplied a plate to us .,PD,PD,DESIGN,SUPPLY,THE,A,for,to,-49.97862243652344,"[-3.4537513, -8.2591305, -13.715944, -2.8416858, -9.554976, -2.731563, -7.888771, -1.5328025]"
the company designed the iron for you .,a guest supplied us a plate .,PD,DO,DESIGN,SUPPLY,THE,A,for,to,-49.513465881347656,"[-3.4537513, -8.2591305, -13.715944, -5.144402, -6.5578136, -8.687485, -3.6949403]"
the company designed the jacket for it .,a minister fed a candy to me .,PD,PD,DESIGN,FEED,THE,A,for,to,-45.87773513793945,"[-3.503771, -9.543001, -10.929052, -2.0302725, -9.533673, -2.972181, -6.030888, -1.3348972]"
the company designed the jacket for it .,a minister fed me a candy .,PD,DO,DESIGN,FEED,THE,A,for,to,-41.48050308227539,"[-3.503771, -9.543001, -10.929052, -5.4365463, -1.0176861, -7.4789443, -3.5714998]"
the company designed the jacket for you .,a buddy got a cup for me .,PD,PD,DESIGN,GET,THE,A,for,for,-37.298988342285156,"[-3.4592066, -10.413905, -6.4189434, -1.6663772, -7.1585236, -5.518944, -1.661263, -1.0018258]"
the company designed the jacket for you .,a buddy got me a cup .,PD,DO,DESIGN,GET,THE,A,for,for,-34.9177360534668,"[-3.4592066, -10.413905, -6.4189434, -2.7330713, -0.9858477, -6.5136724, -4.3930893]"
the company designed the key for him .,a writer made a crystal for you .,PD,PD,DESIGN,MAKE,THE,A,for,for,-38.33534240722656,"[-3.477466, -8.100523, -7.6400337, -0.9700309, -9.906669, -3.6655302, -4.0660267, -0.50906324]"
the company designed the key for him .,a writer made you a crystal .,PD,DO,DESIGN,MAKE,THE,A,for,for,-39.40418243408203,"[-3.477466, -8.100523, -7.6400337, -8.024024, -1.2467788, -9.253117, -1.6622387]"
the company designed the key for him .,a sheriff saved a flower for me .,PD,PD,DESIGN,SAVE,THE,A,for,for,-44.25067901611328,"[-3.477466, -9.297207, -11.256034, -1.2895027, -10.338192, -2.963265, -5.091215, -0.5377996]"
the company designed the key for him .,a sheriff saved me a flower .,PD,DO,DESIGN,SAVE,THE,A,for,for,-46.805259704589844,"[-3.477466, -9.297207, -11.256034, -6.7345233, -2.4367414, -12.432464, -1.1708211]"
the company designed the key for it .,a winner took a television to them .,PD,PD,DESIGN,TAKE,THE,A,for,to,-48.16336441040039,"[-3.4666128, -10.020758, -8.935315, -2.0974479, -11.200241, -4.242678, -7.606249, -0.5940634]"
the company designed the key for it .,a winner took them a television .,PD,DO,DESIGN,TAKE,THE,A,for,to,-52.85961151123047,"[-3.4666128, -10.020758, -8.935315, -6.982138, -5.567651, -13.6378145, -4.249323]"
the company designed the key for them .,a minister bought a tea for me .,PD,PD,DESIGN,BUY,THE,A,for,for,-40.26542663574219,"[-3.4557946, -9.709769, -10.858171, -0.84415907, -8.066928, -1.615734, -4.454454, -1.2604182]"
the company designed the key for them .,a minister bought me a tea .,PD,DO,DESIGN,BUY,THE,A,for,for,-39.9224853515625,"[-3.4557946, -9.709769, -10.858171, -6.879916, -0.42982414, -6.550404, -2.0386074]"
the company designed the key for you .,a prince brought a motor to us .,PD,PD,DESIGN,BRING,THE,A,for,to,-44.21320724487305,"[-3.4470618, -11.250231, -7.5081224, -1.5997713, -9.827096, -3.6576626, -5.731843, -1.191418]"
the company designed the key for you .,a prince brought us a motor .,PD,DO,DESIGN,BRING,THE,A,for,to,-43.40758514404297,"[-3.4470618, -11.250231, -7.5081224, -5.000452, -1.494619, -10.796265, -3.9108374]"
the company designed the key for you .,a mother drew an iron for us .,PD,PD,DESIGN,DRAW,THE,A,for,for,-43.13297653198242,"[-3.4470618, -6.8137765, -9.715082, -3.4262362, -6.7582903, -6.110778, -5.7374353, -1.1243151]"
the company designed the key for you .,a mother drew us an iron .,PD,DO,DESIGN,DRAW,THE,A,for,for,-42.855281829833984,"[-3.4470618, -6.8137765, -9.715082, -8.035874, -3.5305598, -8.020232, -3.2926939]"
the company designed the key for you .,a soldier gave a pie to him .,PD,PD,DESIGN,GIVE,THE,A,for,to,-40.41600036621094,"[-3.4470618, -8.041061, -7.9550424, -1.449018, -10.749251, -0.17202772, -7.2061296, -1.396411]"
the company designed the key for you .,a soldier gave him a pie .,PD,DO,DESIGN,GIVE,THE,A,for,to,-33.755367279052734,"[-3.4470618, -8.041061, -7.9550424, -3.071527, -0.5469605, -9.450813, -1.2429005]"
the company designed the log for him .,a daughter showed a flower to you .,PD,PD,DESIGN,SHOW,THE,A,for,to,-42.6336784362793,"[-3.5069256, -9.400034, -7.3002095, -3.1361694, -8.739636, -1.31994, -7.9054112, -1.3253535]"
the company designed the log for him .,a daughter showed you a flower .,PD,DO,DESIGN,SHOW,THE,A,for,to,-39.18503952026367,"[-3.5069256, -9.400034, -7.3002095, -6.888258, -2.0182316, -8.204506, -1.8668765]"
the company designed the log for me .,a guy sold a candy to us .,PD,PD,DESIGN,SELL,THE,A,for,to,-36.87904739379883,"[-3.4722178, -7.7398796, -8.101396, -1.3717119, -7.6303616, -3.5557504, -4.05805, -0.9496819]"
the company designed the log for me .,a guy sold us a candy .,PD,DO,DESIGN,SELL,THE,A,for,to,-34.5531120300293,"[-3.4722178, -7.7398796, -8.101396, -4.6643543, -0.76005125, -7.1387653, -2.6764479]"
the company designed the newspaper for you .,a champion bought a pot for me .,PD,PD,DESIGN,BUY,THE,A,for,for,-41.57717514038086,"[-3.4546835, -9.602819, -12.027736, -0.9659716, -8.344374, -2.7109187, -2.9760933, -1.4945786]"
the company designed the newspaper for you .,a champion bought me a pot .,PD,DO,DESIGN,BUY,THE,A,for,for,-42.19123840332031,"[-3.4546835, -9.602819, -12.027736, -5.056372, -0.5775831, -7.692859, -3.7791877]"
the company designed the pot for them .,a husband found a card for it .,PD,PD,DESIGN,FIND,THE,A,for,for,-40.76511764526367,"[-3.4508376, -9.120714, -6.820214, -1.2989718, -9.255178, -2.765761, -6.315931, -1.737508]"
the company designed the pot for them .,a husband found it a card .,PD,DO,DESIGN,FIND,THE,A,for,for,-42.28292465209961,"[-3.4508376, -9.120714, -6.820214, -4.2937646, -4.0065007, -12.010752, -2.5801413]"
the company designed the television for it .,a friend found a tea for him .,PD,PD,DESIGN,FIND,THE,A,for,for,-34.60289764404297,"[-3.4887066, -6.272119, -6.7306776, -1.0967783, -9.020263, -3.9792743, -2.8869305, -1.1281464]"
the company designed the television for it .,a friend found him a tea .,PD,DO,DESIGN,FIND,THE,A,for,for,-34.895423889160156,"[-3.4887066, -6.272119, -6.7306776, -4.0011706, -3.5895333, -8.974666, -1.8385547]"
the company designed the television for them .,a colonel drew a bag for me .,PD,PD,DESIGN,DRAW,THE,A,for,for,-43.49324417114258,"[-3.4648395, -11.4798565, -9.701389, -1.2466569, -8.759487, -4.088253, -3.3221474, -1.4306141]"
the company designed the television for them .,a colonel drew me a bag .,PD,DO,DESIGN,DRAW,THE,A,for,for,-45.136016845703125,"[-3.4648395, -11.4798565, -9.701389, -6.617105, -2.1160078, -7.9743767, -3.7824428]"
the company designed the television for you .,a minister got a log for him .,PD,PD,DESIGN,GET,THE,A,for,for,-43.94359588623047,"[-3.4602442, -9.7085, -9.269113, -1.2069726, -11.644251, -3.9538822, -3.4392643, -1.2613679]"
the company designed the television for you .,a minister got him a log .,PD,DO,DESIGN,GET,THE,A,for,for,-42.88597106933594,"[-3.4602442, -9.7085, -9.269113, -5.495538, -1.3130044, -10.706754, -2.9328184]"
the company designed them the key .,a minister bought a tea for me .,DO,PD,DESIGN,BUY,THE,A,for,for,-41.79584503173828,"[-3.5288825, -9.49753, -10.156812, -1.0464225, -8.278429, -2.6852074, -4.960601, -1.6419606]"
the company designed them the key .,a minister bought me a tea .,DO,DO,DESIGN,BUY,THE,A,for,for,-38.44261169433594,"[-3.5288825, -9.49753, -10.156812, -6.0268474, -0.61992186, -6.7987437, -1.8138772]"
the company designed them the pot .,a husband found a card for it .,DO,PD,DESIGN,FIND,THE,A,for,for,-41.473045349121094,"[-3.554165, -9.104989, -6.533639, -1.967095, -9.366193, -3.3556418, -5.817951, -1.7733729]"
the company designed them the pot .,a husband found it a card .,DO,DO,DESIGN,FIND,THE,A,for,for,-41.120548248291016,"[-3.554165, -9.104989, -6.533639, -4.395266, -3.9037695, -11.724951, -1.9037666]"
the company designed them the television .,a colonel drew a bag for me .,DO,PD,DESIGN,DRAW,THE,A,for,for,-43.35862731933594,"[-3.5698695, -11.126299, -9.180345, -1.4384756, -8.310754, -4.685505, -3.5866666, -1.4607134]"
the company designed them the television .,a colonel drew me a bag .,DO,DO,DESIGN,DRAW,THE,A,for,for,-41.179683685302734,"[-3.5698695, -11.126299, -9.180345, -5.6203938, -1.3677769, -7.2882504, -3.0267506]"
the company designed us the card .,a prince left a chicken for you .,DO,PD,DESIGN,LEAVE,THE,A,for,for,-41.181434631347656,"[-3.543184, -10.832292, -7.005171, -1.6496103, -9.496131, -3.939899, -3.7158728, -0.99927557]"
the company designed us the card .,a prince left you a chicken .,DO,DO,DESIGN,LEAVE,THE,A,for,for,-38.70352554321289,"[-3.543184, -10.832292, -7.005171, -5.2298336, -1.6731269, -9.180162, -1.239756]"
the company designed us the card .,a chief delivered a meal for you .,DO,PD,DESIGN,DELIVER,THE,A,for,for,-45.05168914794922,"[-3.543184, -9.380509, -12.986672, -0.8398264, -9.523034, -1.7293228, -5.6664276, -1.3827097]"
the company designed us the card .,a chief delivered you a meal .,DO,DO,DESIGN,DELIVER,THE,A,for,for,-43.641937255859375,"[-3.543184, -9.380509, -12.986672, -7.503229, -1.2044955, -7.5768056, -1.4470403]"
the company designed us the iron .,a colonel got a meal for you .,DO,PD,DESIGN,GET,THE,A,for,for,-45.6434326171875,"[-3.5177402, -11.268709, -8.202103, -1.8797383, -10.138891, -2.4900863, -7.2097507, -0.9364121]"
the company designed us the iron .,a colonel got you a meal .,DO,DO,DESIGN,GET,THE,A,for,for,-40.065338134765625,"[-3.5177402, -11.268709, -8.202103, -6.5773463, -1.696454, -7.544612, -1.2583756]"
the company designed you the coat .,a princess took a plate to us .,DO,PD,DESIGN,TAKE,THE,A,for,to,-44.130584716796875,"[-3.519268, -10.467693, -6.5950036, -1.6333387, -8.743464, -4.91939, -6.9720006, -1.2804284]"
the company designed you the coat .,a princess took us a plate .,DO,DO,DESIGN,TAKE,THE,A,for,to,-44.63148498535156,"[-3.519268, -10.467693, -6.5950036, -5.358324, -3.6010199, -10.484522, -4.605654]"
the company designed you the computer .,a pilot found a wire for them .,DO,PD,DESIGN,FIND,THE,A,for,for,-42.6650276184082,"[-3.4681215, -7.6792083, -6.2642527, -1.3525683, -9.125473, -4.7713084, -8.347772, -1.6563237]"
the company designed you the computer .,a pilot found them a wire .,DO,DO,DESIGN,FIND,THE,A,for,for,-40.15077209472656,"[-3.4681215, -7.6792083, -6.2642527, -7.0902953, -4.4452677, -9.714863, -1.4887613]"
the company designed you the computer .,a wife left a beer for them .,DO,PD,DESIGN,LEAVE,THE,A,for,for,-43.04766082763672,"[-3.4681215, -10.162136, -7.0521894, -1.904201, -8.260916, -3.6665082, -6.8765116, -1.6570799]"
the company designed you the computer .,a wife left them a beer .,DO,DO,DESIGN,LEAVE,THE,A,for,for,-38.665855407714844,"[-3.4681215, -10.162136, -7.0521894, -5.406712, -3.1032572, -7.517212, -1.9562292]"
the company designed you the iron .,a guest sold a bag to it .,DO,PD,DESIGN,SELL,THE,A,for,to,-47.097923278808594,"[-3.4877725, -7.820319, -14.721931, -2.56914, -5.1985283, -4.3669543, -7.9118376, -1.0214417]"
the company designed you the iron .,a guest sold it a bag .,DO,DO,DESIGN,SELL,THE,A,for,to,-46.04529571533203,"[-3.4877725, -7.820319, -14.721931, -5.0139403, -6.1781697, -6.711033, -2.1121304]"
the company designed you the iron .,a guest supplied a plate to us .,DO,PD,DESIGN,SUPPLY,THE,A,for,to,-49.33889389038086,"[-3.4877725, -7.820319, -13.520527, -3.2111373, -9.181669, -2.9475403, -7.419815, -1.7501135]"
the company designed you the iron .,a guest supplied us a plate .,DO,DO,DESIGN,SUPPLY,THE,A,for,to,-46.5098876953125,"[-3.4877725, -7.820319, -13.520527, -5.017319, -4.897982, -8.488358, -3.2776103]"
the company designed you the jacket .,a buddy got a cup for me .,DO,PD,DESIGN,GET,THE,A,for,for,-38.5879020690918,"[-3.5049536, -10.014217, -6.4012117, -1.7581708, -7.164027, -6.1354537, -2.4276397, -1.1822278]"
the company designed you the jacket .,a buddy got me a cup .,DO,DO,DESIGN,GET,THE,A,for,for,-34.11688232421875,"[-3.5049536, -10.014217, -6.4012117, -2.8469417, -1.0025703, -6.293376, -4.0536084]"
the company designed you the key .,a prince brought a motor to us .,DO,PD,DESIGN,BRING,THE,A,for,to,-44.889617919921875,"[-3.486558, -10.844206, -7.3509984, -1.7981448, -9.533945, -4.207065, -6.2027197, -1.4659773]"
the company designed you the key .,a prince brought us a motor .,DO,DO,DESIGN,BRING,THE,A,for,to,-42.30638122558594,"[-3.486558, -10.844206, -7.3509984, -4.7983327, -1.6577982, -10.400217, -3.7682714]"
the company designed you the key .,a mother drew an iron for us .,DO,PD,DESIGN,DRAW,THE,A,for,for,-43.64760208129883,"[-3.486558, -6.8920374, -9.128592, -3.5044672, -6.244561, -6.6434627, -6.209116, -1.5388086]"
the company designed you the key .,a mother drew us an iron .,DO,DO,DESIGN,DRAW,THE,A,for,for,-40.194114685058594,"[-3.486558, -6.8920374, -9.128592, -6.894726, -3.335466, -7.507804, -2.9489338]"
the company designed you the key .,a soldier gave a pie to him .,DO,PD,DESIGN,GIVE,THE,A,for,to,-40.244483947753906,"[-3.486558, -8.03238, -7.7948823, -1.6671158, -10.431212, -0.29500404, -6.9327264, -1.6046084]"
the company designed you the key .,a soldier gave him a pie .,DO,DO,DESIGN,GIVE,THE,A,for,to,-33.05156707763672,"[-3.486558, -8.03238, -7.7948823, -2.8987012, -0.5847562, -9.223987, -1.030304]"
the company designed you the newspaper .,a champion bought a pot for me .,DO,PD,DESIGN,BUY,THE,A,for,for,-44.958595275878906,"[-3.4909818, -9.261166, -11.840861, -1.0911826, -8.375738, -4.4140854, -5.046377, -1.4382043]"
the company designed you the newspaper .,a champion bought me a pot .,DO,DO,DESIGN,BUY,THE,A,for,for,-40.43163299560547,"[-3.4909818, -9.261166, -11.840861, -4.4235, -0.6334025, -7.4403768, -3.341344]"
the company designed you the television .,a minister got a log for him .,DO,PD,DESIGN,GET,THE,A,for,for,-44.90978240966797,"[-3.4912481, -9.466003, -8.845506, -1.4037111, -11.504624, -4.551611, -3.9269118, -1.7201633]"
the company designed you the television .,a minister got him a log .,DO,DO,DESIGN,GET,THE,A,for,for,-42.4898681640625,"[-3.4912481, -9.466003, -8.845506, -5.4084044, -1.5007362, -10.827449, -2.9505177]"
the cop bought him the beer .,a chief promised a salad to us .,DO,PD,BUY,PROMISE,THE,A,for,to,-50.57905960083008,"[-3.6286683, -9.075831, -12.626215, -2.5366824, -10.475393, -2.8710876, -7.4423704, -1.9228107]"
the cop bought him the beer .,a chief promised us a salad .,DO,DO,BUY,PROMISE,THE,A,for,to,-45.17350769042969,"[-3.6286683, -9.075831, -12.626215, -7.4993553, -2.0577364, -8.525461, -1.7602382]"
the cop bought me the beer .,an actress sent a coat to him .,DO,PD,BUY,SEND,THE,A,for,to,-46.474639892578125,"[-5.6423435, -7.5532117, -7.530595, -2.294505, -11.450739, -5.1035547, -5.707306, -1.1923854]"
the cop bought me the beer .,an actress sent him a coat .,DO,DO,BUY,SEND,THE,A,for,to,-39.06964111328125,"[-5.6423435, -7.5532117, -7.530595, -5.95779, -0.61299044, -9.944453, -1.8282603]"
the cop bought me the beer .,a buddy took an anchor to him .,DO,PD,BUY,TAKE,THE,A,for,to,-42.70303726196289,"[-3.635094, -9.611522, -5.9998007, -5.200727, -9.20898, -3.020277, -5.0096297, -1.0170074]"
the cop bought me the beer .,a buddy took him an anchor .,DO,DO,BUY,TAKE,THE,A,for,to,-43.86065673828125,"[-3.635094, -9.611522, -5.9998007, -4.0741754, -8.899617, -10.074105, -1.5663425]"
the cop bought the beer for him .,a chief promised a salad to us .,PD,PD,BUY,PROMISE,THE,A,for,to,-49.41216278076172,"[-3.5847735, -9.132042, -12.550162, -2.3513288, -9.963805, -2.5576582, -7.303483, -1.9689125]"
the cop bought the beer for him .,a chief promised us a salad .,PD,DO,BUY,PROMISE,THE,A,for,to,-46.32090759277344,"[-3.5847735, -9.132042, -12.550162, -8.393387, -1.8032963, -8.303425, -2.5538223]"
the cop bought the beer for me .,an actress sent a coat to him .,PD,PD,BUY,SEND,THE,A,for,to,-45.859161376953125,"[-5.6299124, -7.608089, -7.6908755, -1.3154945, -11.761404, -4.175568, -6.015086, -1.6627321]"
the cop bought the beer for me .,an actress sent him a coat .,PD,DO,BUY,SEND,THE,A,for,to,-39.639869689941406,"[-5.6299124, -7.608089, -7.6908755, -5.72161, -0.40078443, -10.063922, -2.5246773]"
the cop bought the beer for me .,a buddy took an anchor to him .,PD,PD,BUY,TAKE,THE,A,for,to,-42.386634826660156,"[-3.5683672, -9.978904, -5.9115767, -4.6761913, -9.329787, -2.631019, -5.117609, -1.1731781]"
the cop bought the beer for me .,a buddy took him an anchor .,PD,DO,BUY,TAKE,THE,A,for,to,-44.249385833740234,"[-3.5683672, -9.978904, -5.9115767, -4.0443354, -8.285781, -10.273485, -2.1869376]"
the cop brought me the coffee .,a sheriff drew a knife for him .,DO,PD,BRING,DRAW,THE,A,to,for,-36.15410614013672,"[-3.5710163, -8.5858135, -9.0132265, -1.0789351, -4.211233, -5.241752, -3.1627717, -1.2893553]"
the cop brought me the coffee .,a sheriff drew him a knife .,DO,DO,BRING,DRAW,THE,A,to,for,-34.10272216796875,"[-3.5710163, -8.5858135, -9.0132265, -4.9828296, -1.213488, -5.98518, -0.7511694]"
the cop brought the bag to us .,an actor promised a coffee to you .,PD,PD,BRING,PROMISE,THE,A,to,to,-45.742618560791016,"[-5.683346, -6.7443995, -11.342949, -2.0450282, -9.506191, -2.6483235, -6.120934, -1.6514473]"
the cop brought the bag to us .,an actor promised you a coffee .,PD,DO,BRING,PROMISE,THE,A,to,to,-41.190120697021484,"[-5.683346, -6.7443995, -11.342949, -6.2348056, -1.3853415, -7.8865337, -1.9127457]"
the cop brought the cheese to us .,a teacher caught a glass for it .,PD,PD,BRING,CATCH,THE,A,to,for,-45.65167999267578,"[-3.5130143, -7.307975, -7.1343575, -4.634366, -8.417969, -6.4192634, -7.153226, -1.0715051]"
the cop brought the cheese to us .,a teacher caught it a glass .,PD,DO,BRING,CATCH,THE,A,to,for,-46.826194763183594,"[-3.5130143, -7.307975, -7.1343575, -6.7429876, -6.6599226, -11.580511, -3.8874307]"
the cop brought the coffee to me .,a sheriff drew a knife for him .,PD,PD,BRING,DRAW,THE,A,to,for,-37.292335510253906,"[-3.5247703, -8.965817, -9.29834, -1.0003964, -4.022546, -6.266385, -3.3689814, -0.84509945]"
the cop brought the coffee to me .,a sheriff drew him a knife .,PD,DO,BRING,DRAW,THE,A,to,for,-36.17298126220703,"[-3.5247703, -8.965817, -9.29834, -6.1333013, -1.7798209, -5.606263, -0.8646674]"
the cop brought us the bag .,an actor promised a coffee to you .,DO,PD,BRING,PROMISE,THE,A,to,to,-45.93663024902344,"[-5.6921244, -6.7189455, -11.033012, -2.1135068, -9.055481, -3.2874277, -6.427702, -1.6084306]"
the cop brought us the bag .,an actor promised you a coffee .,DO,DO,BRING,PROMISE,THE,A,to,to,-39.24223709106445,"[-5.6921244, -6.7189455, -11.033012, -5.416719, -1.2652719, -7.63367, -1.4824927]"
the cop brought us the cheese .,a teacher caught a glass for it .,DO,PD,BRING,CATCH,THE,A,to,for,-44.31805419921875,"[-3.5640426, -7.2457895, -6.964561, -4.5706944, -8.488754, -6.12853, -6.474139, -0.8815429]"
the cop brought us the cheese .,a teacher caught it a glass .,DO,DO,BRING,CATCH,THE,A,to,for,-45.553184509277344,"[-3.5640426, -7.2457895, -6.964561, -6.5834517, -6.3952513, -11.411993, -3.388095]"
the cop caught him the machine .,a father bought a chicken for us .,DO,PD,CATCH,BUY,THE,A,for,for,-38.24456024169922,"[-3.5670385, -6.8982444, -8.644608, -0.8596162, -6.2833624, -2.6754081, -7.5315943, -1.7846895]"
the cop caught him the machine .,a father bought us a chicken .,DO,DO,CATCH,BUY,THE,A,for,for,-36.17463302612305,"[-3.5670385, -6.8982444, -8.644608, -7.9953756, -0.7268134, -6.2208633, -2.1216896]"
the cop caught it the machine .,a sheriff sold a beer to him .,DO,PD,CATCH,SELL,THE,A,for,to,-42.751800537109375,"[-3.5062847, -8.174064, -12.626945, -1.3535848, -7.880024, -2.0093594, -5.569494, -1.632045]"
the cop caught it the machine .,a sheriff sold him a beer .,DO,DO,CATCH,SELL,THE,A,for,to,-37.15019226074219,"[-3.5062847, -8.174064, -12.626945, -4.3751597, -1.3163545, -5.6560802, -1.4953032]"
the cop caught the instrument for us .,a princess threw an iron to you .,PD,PD,CATCH,THROW,THE,A,for,to,-44.310699462890625,"[-3.5075922, -11.253542, -7.868149, -3.2971914, -5.0610723, -4.408186, -7.74745, -1.1675135]"
the cop caught the instrument for us .,a princess threw you an iron .,PD,DO,CATCH,THROW,THE,A,for,to,-42.617008209228516,"[-3.5075922, -11.253542, -7.868149, -7.9593153, -3.8175182, -5.801646, -2.4092453]"
the cop caught the instrument for you .,a secretary got a pie for him .,PD,PD,CATCH,GET,THE,A,for,for,-42.79220199584961,"[-3.502493, -11.26568, -9.946918, -1.1400375, -9.04738, -1.3675488, -5.813915, -0.7082288]"
the cop caught the instrument for you .,a secretary got him a pie .,PD,DO,CATCH,GET,THE,A,for,for,-41.738895416259766,"[-3.502493, -11.26568, -9.946918, -5.977214, -1.3975319, -8.476506, -1.1725515]"
the cop caught the instrument for you .,a guest gave a chocolate to it .,PD,PD,CATCH,GIVE,THE,A,for,to,-49.94397735595703,"[-3.502493, -8.495092, -11.483184, -1.2957006, -11.690299, -5.4465284, -7.085392, -0.9452872]"
the cop caught the instrument for you .,a guest gave it a chocolate .,PD,DO,CATCH,GIVE,THE,A,for,to,-46.69316101074219,"[-3.502493, -8.495092, -11.483184, -4.809544, -1.2907606, -12.37066, -4.7414246]"
the cop caught the instrument for you .,a champion bought a pot for me .,PD,PD,CATCH,BUY,THE,A,for,for,-43.02278137207031,"[-3.502493, -9.828936, -12.220906, -0.6501427, -8.308599, -3.4499776, -3.8635924, -1.1981335]"
the cop caught the instrument for you .,a champion bought me a pot .,PD,DO,CATCH,BUY,THE,A,for,for,-43.1397590637207,"[-3.502493, -9.828936, -12.220906, -5.8653936, -0.49329263, -7.5410137, -3.6877258]"
the cop caught the machine for him .,a father bought a chicken for us .,PD,PD,CATCH,BUY,THE,A,for,for,-36.437477111816406,"[-3.4924312, -6.918249, -8.906097, -0.69025564, -6.21177, -1.6470748, -7.2913666, -1.2802335]"
the cop caught the machine for him .,a father bought us a chicken .,PD,DO,CATCH,BUY,THE,A,for,for,-37.1329345703125,"[-3.4924312, -6.918249, -8.906097, -8.498714, -0.56411934, -6.041856, -2.71147]"
the cop caught the machine for it .,a sheriff sold a beer to him .,PD,PD,CATCH,SELL,THE,A,for,to,-43.08149337768555,"[-3.4884255, -8.565974, -12.261923, -1.3156999, -7.901666, -1.6582608, -5.937949, -1.9515946]"
the cop caught the machine for it .,a sheriff sold him a beer .,PD,DO,CATCH,SELL,THE,A,for,to,-37.87367248535156,"[-3.4884255, -8.565974, -12.261923, -4.4943795, -1.0214844, -6.0000153, -2.0414724]"
the cop caught us the instrument .,a princess threw an iron to you .,DO,PD,CATCH,THROW,THE,A,for,to,-42.25247573852539,"[-3.5652008, -11.003019, -7.940222, -3.3656514, -4.7910295, -3.7845373, -6.814337, -0.9884796]"
the cop caught us the instrument .,a princess threw you an iron .,DO,DO,CATCH,THROW,THE,A,for,to,-39.34893798828125,"[-3.5652008, -11.003019, -7.940222, -6.5958424, -3.1592665, -5.394493, -1.6908964]"
the cop caught you the instrument .,a secretary got a pie for him .,DO,PD,CATCH,GET,THE,A,for,for,-43.027244567871094,"[-3.5358362, -10.990101, -9.3240385, -1.2177734, -8.919145, -2.1060128, -5.918723, -1.0156138]"
the cop caught you the instrument .,a secretary got him a pie .,DO,DO,CATCH,GET,THE,A,for,for,-39.559478759765625,"[-3.5358362, -10.990101, -9.3240385, -5.735525, -0.7011138, -8.395668, -0.8771956]"
the cop caught you the instrument .,a guest gave a chocolate to it .,DO,PD,CATCH,GIVE,THE,A,for,to,-48.728729248046875,"[-3.5358362, -8.242246, -10.612634, -1.3283896, -11.816825, -5.1821165, -7.131963, -0.8787191]"
the cop caught you the instrument .,a guest gave it a chocolate .,DO,DO,CATCH,GIVE,THE,A,for,to,-44.23450469970703,"[-3.5358362, -8.242246, -10.612634, -5.127588, -1.1787508, -11.701246, -3.8362005]"
the cop caught you the instrument .,a champion bought a pot for me .,DO,PD,CATCH,BUY,THE,A,for,for,-44.8685302734375,"[-3.5358362, -9.705442, -12.043222, -0.6477107, -8.411052, -3.5922968, -5.3432684, -1.5896987]"
the cop caught you the instrument .,a champion bought me a pot .,DO,DO,CATCH,BUY,THE,A,for,for,-41.98388671875,"[-3.5358362, -9.705442, -12.043222, -5.449484, -0.41680524, -7.986578, -2.8465219]"
the cop delivered her the candy .,a professor made a television for him .,DO,PD,DELIVER,MAKE,THE,A,for,for,-36.152862548828125,"[-3.6664808, -7.3545866, -6.944409, -1.3078955, -8.131903, -5.0201254, -2.8147867, -0.9126744]"
the cop delivered her the candy .,a professor made him a television .,DO,DO,DELIVER,MAKE,THE,A,for,for,-37.53112030029297,"[-3.6664808, -7.3545866, -6.944409, -4.538151, -2.2017055, -10.462293, -2.3634953]"
the cop delivered her the key .,a king caught a book for him .,DO,PD,DELIVER,CATCH,THE,A,for,for,-42.209014892578125,"[-3.6153421, -10.124536, -5.8742313, -2.9764843, -8.782165, -4.7951074, -5.2992125, -0.74193764]"
the cop delivered her the key .,a king caught him a book .,DO,DO,DELIVER,CATCH,THE,A,for,for,-38.780311584472656,"[-3.6153421, -10.124536, -5.8742313, -4.6549015, -5.604821, -8.005842, -0.90063596]"
the cop delivered him the key .,an adult supplied a coffee to you .,DO,PD,DELIVER,SUPPLY,THE,A,for,to,-46.11116027832031,"[-5.6831446, -6.2757244, -13.18975, -2.9479394, -7.433786, -2.3895726, -7.460668, -0.73057616]"
the cop delivered him the key .,an adult supplied you a coffee .,DO,DO,DELIVER,SUPPLY,THE,A,for,to,-41.59210968017578,"[-5.6831446, -6.2757244, -13.18975, -5.2923226, -4.445272, -5.4540796, -1.2518189]"
the cop delivered him the tea .,a professor sent a machine to them .,DO,PD,DELIVER,SEND,THE,A,for,to,-42.17048645019531,"[-3.6838446, -7.22056, -7.3620214, -2.335894, -10.891052, -1.4086492, -8.524246, -0.744215]"
the cop delivered him the tea .,a professor sent them a machine .,DO,DO,DELIVER,SEND,THE,A,for,to,-39.230491638183594,"[-3.6838446, -7.22056, -7.3620214, -5.8911138, -0.99600595, -11.6002865, -2.4766612]"
the cop delivered him the tea .,a woman bought a salad for me .,DO,PD,DELIVER,BUY,THE,A,for,for,-32.98390579223633,"[-3.6838446, -4.3449965, -8.330722, -1.1961224, -7.238002, -2.0121367, -4.534595, -1.6434885]"
the cop delivered him the tea .,a woman bought me a salad .,DO,DO,DELIVER,BUY,THE,A,for,for,-29.910600662231445,"[-3.6838446, -4.3449965, -8.330722, -4.616823, -0.885083, -6.683128, -1.3660038]"
the cop delivered it the tea .,a nurse left a cheese for you .,DO,PD,DELIVER,LEAVE,THE,A,for,for,-44.10270309448242,"[-3.6369827, -7.45184, -6.729229, -1.6434342, -10.880959, -5.7272625, -6.2954907, -1.7375033]"
the cop delivered it the tea .,a nurse left you a cheese .,DO,DO,DELIVER,LEAVE,THE,A,for,for,-41.11711883544922,"[-3.6369827, -7.45184, -6.729229, -8.250046, -2.2734056, -9.586698, -3.1889186]"
the cop delivered it the tea .,a woman sold a newspaper to you .,DO,PD,DELIVER,SELL,THE,A,for,to,-39.27878952026367,"[-3.6369827, -4.361688, -8.90797, -2.0213232, -8.317597, -1.7451832, -7.924898, -2.3631465]"
the cop delivered it the tea .,a woman sold you a newspaper .,DO,DO,DELIVER,SELL,THE,A,for,to,-36.410465240478516,"[-3.6369827, -4.361688, -8.90797, -8.147597, -1.0511506, -8.494243, -1.8108329]"
the cop delivered the candy for her .,a professor made a television for him .,PD,PD,DELIVER,MAKE,THE,A,for,for,-35.531124114990234,"[-3.6117353, -7.464859, -7.081424, -1.1231778, -7.8690386, -5.0561194, -2.3583946, -0.9663749]"
the cop delivered the candy for her .,a professor made him a television .,PD,DO,DELIVER,MAKE,THE,A,for,for,-38.50055694580078,"[-3.6117353, -7.464859, -7.081424, -5.1638575, -1.977067, -9.714512, -3.4871006]"
the cop delivered the candy for you .,a winner kept a coat for him .,PD,PD,DELIVER,KEEP,THE,A,for,for,-44.321781158447266,"[-3.5984044, -10.230475, -8.960757, -3.3491154, -9.765169, -2.3593085, -4.8435893, -1.2149632]"
the cop delivered the candy for you .,a winner kept him a coat .,PD,DO,DELIVER,KEEP,THE,A,for,for,-46.91205596923828,"[-3.5984044, -10.230475, -8.960757, -5.5723743, -4.6148915, -11.652346, -2.2828116]"
the cop delivered the key for her .,a king caught a book for him .,PD,PD,DELIVER,CATCH,THE,A,for,for,-41.41571807861328,"[-3.5754519, -10.178806, -5.833469, -3.4481497, -8.80175, -3.4589612, -5.3439555, -0.7751758]"
the cop delivered the key for her .,a king caught him a book .,PD,DO,DELIVER,CATCH,THE,A,for,for,-40.735679626464844,"[-3.5754519, -10.178806, -5.833469, -6.11071, -5.7037544, -8.153176, -1.180312]"
the cop delivered the key for him .,an adult supplied a coffee to you .,PD,PD,DELIVER,SUPPLY,THE,A,for,to,-45.639095306396484,"[-5.6611276, -6.3260565, -13.267327, -2.7394493, -6.900392, -2.893461, -7.0228605, -0.82842124]"
the cop delivered the key for him .,an adult supplied you a coffee .,PD,DO,DELIVER,SUPPLY,THE,A,for,to,-43.055076599121094,"[-5.6611276, -6.3260565, -13.267327, -6.54119, -4.288266, -5.3576293, -1.6134819]"
the cop delivered the salad for them .,a boy made a machine for us .,PD,PD,DELIVER,MAKE,THE,A,for,for,-39.58203887939453,"[-3.6349013, -6.8812284, -7.187315, -1.3609265, -10.249165, -2.4604409, -6.604747, -1.2033134]"
the cop delivered the salad for them .,a boy made us a machine .,PD,DO,DELIVER,MAKE,THE,A,for,for,-42.79336166381836,"[-3.6349013, -6.8812284, -7.187315, -8.396035, -4.698214, -10.373138, -1.6225301]"
the cop delivered the salad for us .,a student fed a cheese to you .,PD,PD,DELIVER,FEED,THE,A,for,to,-42.718963623046875,"[-3.6406984, -6.1130056, -10.650553, -1.7956951, -5.49477, -4.2419205, -8.561544, -2.2207782]"
the cop delivered the salad for us .,a student fed you a cheese .,PD,DO,DELIVER,FEED,THE,A,for,to,-41.934993743896484,"[-3.6406984, -6.1130056, -10.650553, -8.501944, -2.0244071, -6.2567997, -4.7475863]"
the cop delivered the tea for him .,a professor sent a machine to them .,PD,PD,DELIVER,SEND,THE,A,for,to,-43.81896209716797,"[-3.6079597, -7.2539234, -7.90437, -1.2230693, -11.2622595, -1.6204542, -9.611948, -1.3349779]"
the cop delivered the tea for him .,a professor sent them a machine .,PD,DO,DELIVER,SEND,THE,A,for,to,-41.58782958984375,"[-3.6079597, -7.2539234, -7.90437, -6.7571325, -1.1120061, -11.492002, -3.4604354]"
the cop delivered the tea for him .,a woman bought a salad for me .,PD,PD,DELIVER,BUY,THE,A,for,for,-33.10677719116211,"[-3.6079597, -4.2020264, -8.208548, -0.82844245, -8.080998, -1.0214832, -5.451733, -1.7055843]"
the cop delivered the tea for him .,a woman bought me a salad .,PD,DO,DELIVER,BUY,THE,A,for,for,-32.39114761352539,"[-3.6079597, -4.2020264, -8.208548, -6.5095396, -0.6547246, -7.004897, -2.203453]"
the cop delivered the tea for it .,a nurse left a cheese for you .,PD,PD,DELIVER,LEAVE,THE,A,for,for,-42.19287872314453,"[-3.6019902, -7.494795, -6.8694158, -1.4993144, -10.669203, -4.791005, -5.80171, -1.465445]"
the cop delivered the tea for it .,a nurse left you a cheese .,PD,DO,DELIVER,LEAVE,THE,A,for,for,-41.99421691894531,"[-3.6019902, -7.494795, -6.8694158, -8.183551, -2.4297862, -9.938286, -3.4763951]"
the cop delivered the tea for it .,a woman sold a newspaper to you .,PD,PD,DELIVER,SELL,THE,A,for,to,-38.84477996826172,"[-3.6019902, -4.2951136, -8.995468, -1.8209282, -8.375019, -1.7681302, -7.7106447, -2.2774837]"
the cop delivered the tea for it .,a woman sold you a newspaper .,PD,DO,DELIVER,SELL,THE,A,for,to,-36.77843475341797,"[-3.6019902, -4.2951136, -8.995468, -8.157524, -0.9489026, -8.608562, -2.1708765]"
the cop delivered the tea for them .,a guy threw a bag to you .,PD,PD,DELIVER,THROW,THE,A,for,to,-37.00646209716797,"[-3.5989985, -7.4728765, -6.3125534, -0.5299693, -5.119441, -6.3991675, -6.189456, -1.384001]"
the cop delivered the tea for them .,a guy threw you a bag .,PD,DO,DELIVER,THROW,THE,A,for,to,-34.515647888183594,"[-3.5989985, -7.4728765, -6.3125534, -7.377614, -0.50927854, -5.587863, -3.6564622]"
the cop delivered the tea for us .,a soldier gave a machine to it .,PD,PD,DELIVER,GIVE,THE,A,for,to,-46.752498626708984,"[-3.602427, -7.3119574, -7.937088, -1.551507, -9.879064, -6.5187764, -8.815886, -1.135793]"
the cop delivered the tea for us .,a soldier gave it a machine .,PD,DO,DELIVER,GIVE,THE,A,for,to,-44.04136657714844,"[-3.602427, -7.3119574, -7.937088, -5.556752, -2.4582357, -11.956996, -5.21791]"
the cop delivered the tea for you .,a husband showed a salad to her .,PD,PD,DELIVER,SHOW,THE,A,for,to,-44.099464416503906,"[-3.5956264, -8.688316, -9.359035, -3.216848, -10.332679, -2.438983, -3.4795227, -2.9884565]"
the cop delivered the tea for you .,a husband showed her a salad .,PD,DO,DELIVER,SHOW,THE,A,for,to,-37.69892501831055,"[-3.5956264, -8.688316, -9.359035, -3.540956, -1.75299, -8.371861, -2.39014]"
the cop delivered them the salad .,a boy made a machine for us .,DO,PD,DELIVER,MAKE,THE,A,for,for,-39.85620880126953,"[-3.6839743, -6.9239187, -7.296386, -1.4714651, -9.949061, -2.8775058, -6.4475136, -1.2063825]"
the cop delivered them the salad .,a boy made us a machine .,DO,DO,DELIVER,MAKE,THE,A,for,for,-41.051971435546875,"[-3.6839743, -6.9239187, -7.296386, -7.4347143, -3.965001, -10.604392, -1.1435858]"
the cop delivered them the tea .,a guy threw a bag to you .,DO,PD,DELIVER,THROW,THE,A,for,to,-36.28662872314453,"[-3.6587844, -7.3422956, -6.093147, -0.71406555, -4.960313, -6.252009, -6.242155, -1.0238587]"
the cop delivered them the tea .,a guy threw you a bag .,DO,DO,DELIVER,THROW,THE,A,for,to,-32.97504425048828,"[-3.6587844, -7.3422956, -6.093147, -6.6267548, -0.36565948, -6.0307703, -2.8576336]"
the cop delivered us the salad .,a student fed a cheese to you .,DO,PD,DELIVER,FEED,THE,A,for,to,-42.67597198486328,"[-3.6918125, -6.1083703, -10.581398, -2.1267037, -5.8134403, -3.7455604, -8.586288, -2.0224013]"
the cop delivered us the salad .,a student fed you a cheese .,DO,DO,DELIVER,FEED,THE,A,for,to,-38.9813117980957,"[-3.6918125, -6.1083703, -10.581398, -7.389955, -1.9120885, -6.307642, -2.990046]"
the cop delivered us the tea .,a soldier gave a machine to it .,DO,PD,DELIVER,GIVE,THE,A,for,to,-46.43500900268555,"[-3.659718, -7.2292986, -7.734364, -1.9940479, -9.588971, -6.5847154, -8.740314, -0.90358067]"
the cop delivered us the tea .,a soldier gave it a machine .,DO,DO,DELIVER,GIVE,THE,A,for,to,-42.58711242675781,"[-3.659718, -7.2292986, -7.734364, -5.008891, -2.1381006, -11.757744, -5.058998]"
the cop delivered you the candy .,a winner kept a coat for him .,DO,PD,DELIVER,KEEP,THE,A,for,for,-44.477821350097656,"[-3.6354384, -10.137691, -8.510422, -3.6202219, -9.484654, -3.393136, -4.5573096, -1.1389503]"
the cop delivered you the candy .,a winner kept him a coat .,DO,DO,DELIVER,KEEP,THE,A,for,for,-44.758941650390625,"[-3.6354384, -10.137691, -8.510422, -5.362013, -4.8014193, -10.945615, -1.3663465]"
the cop delivered you the tea .,a husband showed a salad to her .,DO,PD,DELIVER,SHOW,THE,A,for,to,-43.84784698486328,"[-3.6397586, -8.628555, -8.930705, -3.812245, -10.856352, -1.7850544, -3.3514311, -2.843743]"
the cop delivered you the tea .,a husband showed her a salad .,DO,DO,DELIVER,SHOW,THE,A,for,to,-36.3493537902832,"[-3.6397586, -8.628555, -8.930705, -3.3001523, -1.7973998, -8.446827, -1.6059563]"
the cop designed her the bell .,a priest supplied a beer to you .,DO,PD,DESIGN,SUPPLY,THE,A,for,to,-43.231727600097656,"[-3.550128, -8.009903, -11.772644, -2.0712557, -7.2513804, -0.39956236, -8.727625, -1.4492285]"
the cop designed her the bell .,a priest supplied you a beer .,DO,DO,DESIGN,SUPPLY,THE,A,for,to,-40.98777770996094,"[-3.550128, -8.009903, -11.772644, -7.196472, -4.009524, -5.0808926, -1.3682157]"
the cop designed him the instrument .,an actor supplied a chocolate to it .,DO,PD,DESIGN,SUPPLY,THE,A,for,to,-49.901145935058594,"[-5.706044, -6.4845233, -10.476769, -2.745986, -10.150687, -5.082196, -8.382226, -0.8727163]"
the cop designed him the instrument .,an actor supplied it a chocolate .,DO,DO,DESIGN,SUPPLY,THE,A,for,to,-49.6943359375,"[-5.706044, -6.4845233, -10.476769, -6.074112, -6.976139, -9.452384, -4.5243654]"
the cop designed me the bell .,a sheriff sold a beer to him .,DO,PD,DESIGN,SELL,THE,A,for,to,-39.339805603027344,"[-3.5844784, -8.398076, -10.431326, -1.9200236, -7.408864, -1.2180794, -5.0353327, -1.3436232]"
the cop designed me the bell .,a sheriff sold him a beer .,DO,DO,DESIGN,SELL,THE,A,for,to,-33.654056549072266,"[-3.5844784, -8.398076, -10.431326, -3.6738954, -0.83630455, -5.5552483, -1.1747286]"
the cop designed the bell for her .,a priest supplied a beer to you .,PD,PD,DESIGN,SUPPLY,THE,A,for,to,-42.89932632446289,"[-3.5259004, -8.015283, -11.798136, -2.0540447, -6.77638, -0.42607465, -8.61966, -1.683846]"
the cop designed the bell for her .,a priest supplied you a beer .,PD,DO,DESIGN,SUPPLY,THE,A,for,to,-42.23095703125,"[-3.5259004, -8.015283, -11.798136, -7.1405096, -4.7946625, -4.9776363, -1.9788297]"
the cop designed the bell for me .,a sheriff sold a beer to him .,PD,PD,DESIGN,SELL,THE,A,for,to,-40.113590240478516,"[-3.5208125, -8.474607, -10.991488, -1.4538605, -7.2019753, -1.3144084, -5.5778747, -1.578563]"
the cop designed the bell for me .,a sheriff sold him a beer .,PD,DO,DESIGN,SELL,THE,A,for,to,-35.18982696533203,"[-3.5208125, -8.474607, -10.991488, -4.736535, -0.67296475, -4.9929476, -1.8004732]"
the cop designed the bell for us .,a boy kept a book for me .,PD,PD,DESIGN,KEEP,THE,A,for,for,-33.30193328857422,"[-3.518378, -6.910691, -9.004475, -2.4272268, -4.6167936, -3.2644415, -2.4106948, -1.1492324]"
the cop designed the bell for us .,a boy kept me a book .,PD,DO,DESIGN,KEEP,THE,A,for,for,-38.28260803222656,"[-3.518378, -6.910691, -9.004475, -6.403022, -5.9056063, -4.6332216, -1.9072148]"
the cop designed the instrument for him .,an actor supplied a chocolate to it .,PD,PD,DESIGN,SUPPLY,THE,A,for,to,-50.815589904785156,"[-5.6840463, -6.4827776, -10.964441, -2.6511712, -10.348816, -5.1756325, -8.516092, -0.99261236]"
the cop designed the instrument for him .,an actor supplied it a chocolate .,PD,DO,DESIGN,SUPPLY,THE,A,for,to,-52.56283950805664,"[-5.6840463, -6.4827776, -10.964441, -6.27768, -7.877016, -10.286032, -4.9908457]"
the cop designed the instrument for us .,a soldier took a bowl to you .,PD,PD,DESIGN,TAKE,THE,A,for,to,-43.407203674316406,"[-3.5129938, -7.3982086, -6.1483183, -1.7977182, -10.033928, -4.4802804, -8.080137, -1.95562]"
the cop designed the instrument for us .,a soldier took you a bowl .,PD,DO,DESIGN,TAKE,THE,A,for,to,-46.90458679199219,"[-3.5129938, -7.3982086, -6.1483183, -8.027565, -6.5195117, -10.2220745, -5.0759163]"
the cop designed us the bell .,a boy kept a book for me .,DO,PD,DESIGN,KEEP,THE,A,for,for,-33.771446228027344,"[-3.5689316, -7.0346093, -8.7145605, -3.0425053, -4.3939743, -3.7838197, -2.1613255, -1.0717196]"
the cop designed us the bell .,a boy kept me a book .,DO,DO,DESIGN,KEEP,THE,A,for,for,-34.60734176635742,"[-3.5689316, -7.0346093, -8.7145605, -4.739353, -5.555194, -3.560067, -1.4346275]"
the cop designed us the instrument .,a soldier took a bowl to you .,DO,PD,DESIGN,TAKE,THE,A,for,to,-42.54280471801758,"[-3.5865989, -7.318371, -5.905937, -1.8382401, -9.393639, -4.6135983, -8.262942, -1.6234791]"
the cop designed us the instrument .,a soldier took you a bowl .,DO,DO,DESIGN,TAKE,THE,A,for,to,-43.277957916259766,"[-3.5865989, -7.318371, -5.905937, -7.471558, -5.6355495, -9.321625, -4.0383186]"
the cop drew her the cup .,a singer caught a book for us .,DO,PD,DRAW,CATCH,THE,A,for,for,-48.10737609863281,"[-3.590871, -10.078192, -6.5677676, -5.0637326, -8.884909, -4.295974, -8.107111, -1.5188198]"
the cop drew her the cup .,a singer caught us a book .,DO,DO,DRAW,CATCH,THE,A,for,for,-41.81960678100586,"[-3.590871, -10.078192, -6.5677676, -8.80098, -4.3052483, -6.9233575, -1.5531925]"
the cop drew it the flower .,an author supplied a button to you .,DO,PD,DRAW,SUPPLY,THE,A,for,to,-44.654701232910156,"[-5.6374, -7.3456244, -9.94665, -3.5983138, -9.160464, -1.3830243, -6.4476686, -1.1355557]"
the cop drew it the flower .,an author supplied you a button .,DO,DO,DRAW,SUPPLY,THE,A,for,to,-44.54701232910156,"[-5.6374, -7.3456244, -9.94665, -6.6815867, -5.8771873, -7.492745, -1.5658215]"
the cop drew me the coat .,a sheriff bought a motor for you .,DO,PD,DRAW,BUY,THE,A,for,for,-43.62372970581055,"[-3.648015, -8.323381, -9.037542, -1.3556601, -6.9012156, -6.9030113, -6.4819674, -0.9729355]"
the cop drew me the coat .,a sheriff bought you a motor .,DO,DO,DRAW,BUY,THE,A,for,for,-39.483375549316406,"[-3.648015, -8.323381, -9.037542, -5.7793202, -0.6604954, -7.57316, -4.461461]"
the cop drew me the coat .,an attorney bought a salad for you .,DO,PD,DRAW,BUY,THE,A,for,for,-42.733680725097656,"[-5.6892157, -5.59969, -9.449384, -1.3690459, -10.616258, -2.2982798, -6.712802, -0.999007]"
the cop drew me the coat .,an attorney bought you a salad .,DO,DO,DRAW,BUY,THE,A,for,for,-38.58467102050781,"[-5.6892157, -5.59969, -9.449384, -6.498615, -0.80673003, -9.323549, -1.2174873]"
the cop drew me the crystal .,a guy threw a bag to you .,DO,PD,DRAW,THROW,THE,A,for,to,-35.363224029541016,"[-3.6268349, -7.153796, -6.2464695, -0.9225311, -4.9322414, -5.64443, -5.9804606, -0.85646176]"
the cop drew me the crystal .,a guy threw you a bag .,DO,DO,DRAW,THROW,THE,A,for,to,-30.545833587646484,"[-3.6268349, -7.153796, -6.2464695, -6.058751, -0.5631323, -4.760462, -2.1363885]"
the cop drew me the cup .,an actor sold a beer to him .,DO,PD,DRAW,SELL,THE,A,for,to,-39.04180145263672,"[-5.651992, -6.605506, -10.581972, -1.921354, -6.3901057, -1.1536833, -5.1993403, -1.5378499]"
the cop drew me the cup .,an actor sold him a beer .,DO,DO,DRAW,SELL,THE,A,for,to,-34.96228790283203,"[-5.651992, -6.605506, -10.581972, -5.072896, -1.0381068, -4.5942745, -1.4175397]"
the cop drew the coat for me .,a sheriff bought a motor for you .,PD,PD,DRAW,BUY,THE,A,for,for,-40.859764099121094,"[-3.569855, -8.328586, -9.433783, -0.94251347, -6.9229746, -5.471399, -5.4087596, -0.7818938]"
the cop drew the coat for me .,a sheriff bought you a motor .,PD,DO,DRAW,BUY,THE,A,for,for,-41.34030532836914,"[-3.569855, -8.328586, -9.433783, -6.634614, -0.5610404, -7.7377605, -5.074668]"
the cop drew the coat for me .,an attorney bought a salad for you .,PD,PD,DRAW,BUY,THE,A,for,for,-41.689422607421875,"[-5.6906548, -5.569045, -10.181486, -1.0210102, -10.886208, -1.2269981, -6.230981, -0.8830407]"
the cop drew the coat for me .,an attorney bought you a salad .,PD,DO,DRAW,BUY,THE,A,for,for,-40.45097351074219,"[-5.6906548, -5.569045, -10.181486, -7.3464766, -0.6428646, -9.268001, -1.7524474]"
the cop drew the coat for us .,a champion fed a chicken to you .,PD,PD,DRAW,FEED,THE,A,for,to,-43.50989532470703,"[-3.577591, -9.545919, -11.596907, -2.7280352, -4.2696085, -3.1621318, -7.358688, -1.2710127]"
the cop drew the coat for us .,a champion fed you a chicken .,PD,DO,DRAW,FEED,THE,A,for,to,-42.05535125732422,"[-3.577591, -9.545919, -11.596907, -7.5417385, -1.9247594, -5.6029706, -2.265468]"
the cop drew the coat for us .,a teacher threw a beer to me .,PD,PD,DRAW,THROW,THE,A,for,to,-32.91712188720703,"[-3.577591, -7.336958, -7.2327495, -0.79163384, -5.72079, -3.4593017, -3.5781188, -1.219981]"
the cop drew the coat for us .,a teacher threw me a beer .,PD,DO,DRAW,THROW,THE,A,for,to,-32.56618881225586,"[-3.577591, -7.336958, -7.2327495, -5.5389843, -0.8528859, -6.2279177, -1.7991037]"
the cop drew the coat for you .,a girl brought a coffee to her .,PD,PD,DRAW,BRING,THE,A,for,to,-33.09234619140625,"[-3.5611148, -6.951543, -8.023883, -1.7861129, -6.7940874, -1.0812871, -2.9079313, -1.9863864]"
the cop drew the coat for you .,a girl brought her a coffee .,PD,DO,DRAW,BRING,THE,A,for,to,-34.64426040649414,"[-3.5611148, -6.951543, -8.023883, -3.1020727, -6.0749416, -5.2361126, -1.6945921]"
the cop drew the coat for you .,a nurse made a newspaper for us .,PD,PD,DRAW,MAKE,THE,A,for,for,-34.42934036254883,"[-3.5611148, -7.699121, -7.1160107, -1.1598555, -8.674647, -2.2037458, -3.0781565, -0.9366885]"
the cop drew the coat for you .,a nurse made us a newspaper .,PD,DO,DRAW,MAKE,THE,A,for,for,-37.02946853637695,"[-3.5611148, -7.699121, -7.1160107, -6.147473, -2.1295278, -8.8296385, -1.5465834]"
the cop drew the crystal for me .,a guy threw a bag to you .,PD,PD,DRAW,THROW,THE,A,for,to,-35.88861846923828,"[-3.5572858, -7.3144226, -6.5337563, -0.604847, -5.0767984, -5.797685, -6.120866, -0.882957]"
the cop drew the crystal for me .,a guy threw you a bag .,PD,DO,DRAW,THROW,THE,A,for,to,-32.40462112426758,"[-3.5572858, -7.3144226, -6.5337563, -6.736389, -0.41862515, -5.1655083, -2.6786337]"
the cop drew the crystal for you .,an uncle made a cigarette for me .,PD,PD,DRAW,MAKE,THE,A,for,for,-35.17219543457031,"[-5.6540337, -8.862801, -7.069099, -1.0801705, -8.069287, -2.688478, -1.0083344, -0.7399947]"
the cop drew the crystal for you .,an uncle made me a cigarette .,PD,DO,DRAW,MAKE,THE,A,for,for,-33.77360153198242,"[-5.6540337, -8.862801, -7.069099, -3.3224783, -1.3145196, -6.7518206, -0.7988479]"
the cop drew the cup for her .,a singer caught a book for us .,PD,PD,DRAW,CATCH,THE,A,for,for,-45.12256622314453,"[-3.5467718, -10.221798, -6.7837934, -4.717841, -8.298423, -3.0415876, -7.164901, -1.3474493]"
the cop drew the cup for her .,a singer caught us a book .,PD,DO,DRAW,CATCH,THE,A,for,for,-44.0804557800293,"[-3.5467718, -10.221798, -6.7837934, -8.987424, -5.131427, -7.367967, -2.0412745]"
the cop drew the cup for me .,an actor sold a beer to him .,PD,PD,DRAW,SELL,THE,A,for,to,-38.994895935058594,"[-5.640729, -6.6997094, -10.794336, -1.6320089, -6.233306, -1.1809448, -5.3673406, -1.4465221]"
the cop drew the cup for me .,an actor sold him a beer .,PD,DO,DRAW,SELL,THE,A,for,to,-36.27826690673828,"[-5.640729, -6.6997094, -10.794336, -5.5321593, -0.86547023, -4.8935485, -1.8523151]"
the cop drew the engine for us .,an opponent promised a juice to you .,PD,PD,DRAW,PROMISE,THE,A,for,to,-48.06529235839844,"[-5.648675, -8.2989435, -10.948476, -2.4344816, -10.460283, -3.9559257, -5.066386, -1.2521185]"
the cop drew the engine for us .,an opponent promised you a juice .,PD,DO,DRAW,PROMISE,THE,A,for,to,-43.145164489746094,"[-5.648675, -8.2989435, -10.948476, -4.3830996, -1.528476, -9.822964, -2.5145326]"
the cop drew the flower for it .,an author supplied a button to you .,PD,PD,DRAW,SUPPLY,THE,A,for,to,-43.86961364746094,"[-5.681551, -7.314887, -9.498971, -3.242732, -9.020068, -1.1224645, -6.6711516, -1.3177904]"
the cop drew the flower for it .,an author supplied you a button .,PD,DO,DRAW,SUPPLY,THE,A,for,to,-44.517738342285156,"[-5.681551, -7.314887, -9.498971, -6.7146635, -5.656425, -7.6637, -1.987543]"
the cop drew the hat for them .,an uncle designed an iron for him .,PD,PD,DRAW,DESIGN,THE,A,for,for,-43.727230072021484,"[-5.7065525, -8.64093, -11.593962, -3.685353, -6.129134, -4.2098703, -2.9631746, -0.79825324]"
the cop drew the hat for them .,an uncle designed him an iron .,PD,DO,DRAW,DESIGN,THE,A,for,for,-47.676544189453125,"[-5.7065525, -8.64093, -11.593962, -6.8648686, -5.9421706, -6.0481553, -2.8799067]"
the cop drew them the hat .,an uncle designed an iron for him .,DO,PD,DRAW,DESIGN,THE,A,for,for,-45.41023254394531,"[-5.686207, -8.652989, -10.98937, -3.550168, -6.155676, -4.816268, -4.582944, -0.97660816]"
the cop drew them the hat .,an uncle designed him an iron .,DO,DO,DRAW,DESIGN,THE,A,for,for,-44.78242874145508,"[-5.686207, -8.652989, -10.98937, -6.487733, -4.2491474, -6.2590427, -2.4579399]"
the cop drew us the coat .,a champion fed a chicken to you .,DO,PD,DRAW,FEED,THE,A,for,to,-44.256072998046875,"[-3.6269991, -9.48621, -11.3377, -3.0406578, -4.4950914, -3.8856297, -7.0812926, -1.3024913]"
the cop drew us the coat .,a champion fed you a chicken .,DO,DO,DRAW,FEED,THE,A,for,to,-39.59423828125,"[-3.6269991, -9.48621, -11.3377, -6.4780235, -1.7236822, -5.3295546, -1.6120703]"
the cop drew us the coat .,a teacher threw a beer to me .,DO,PD,DRAW,THROW,THE,A,for,to,-32.527931213378906,"[-3.6269991, -7.3666573, -6.933792, -0.99710333, -5.821805, -3.6674602, -2.8858914, -1.2282232]"
the cop drew us the coat .,a teacher threw me a beer .,DO,DO,DRAW,THROW,THE,A,for,to,-29.391700744628906,"[-3.6269991, -7.3666573, -6.933792, -3.7766328, -0.5415602, -5.85274, -1.2933204]"
the cop drew us the engine .,an opponent promised a juice to you .,DO,PD,DRAW,PROMISE,THE,A,for,to,-49.38488006591797,"[-5.6528387, -8.337915, -11.200167, -2.5531585, -10.670725, -4.253664, -5.4673147, -1.2490969]"
the cop drew us the engine .,an opponent promised you a juice .,DO,DO,DRAW,PROMISE,THE,A,for,to,-43.001319885253906,"[-5.6528387, -8.337915, -11.200167, -4.1498213, -1.5669229, -10.019684, -2.0739691]"
the cop drew you the coat .,a girl brought a coffee to her .,DO,PD,DRAW,BRING,THE,A,for,to,-35.169097900390625,"[-3.6001873, -6.84462, -7.967648, -1.9655633, -6.859297, -1.2676297, -3.3691893, -3.2949638]"
the cop drew you the coat .,a girl brought her a coffee .,DO,DO,DRAW,BRING,THE,A,for,to,-33.83494567871094,"[-3.6001873, -6.84462, -7.967648, -2.902719, -6.0806346, -5.2999315, -1.1392035]"
the cop drew you the coat .,a nurse made a newspaper for us .,DO,PD,DRAW,MAKE,THE,A,for,for,-37.252681732177734,"[-3.6001873, -7.5980506, -7.1064177, -1.4053619, -8.823331, -3.5369596, -4.2325916, -0.9497814]"
the cop drew you the coat .,a nurse made us a newspaper .,DO,DO,DRAW,MAKE,THE,A,for,for,-35.29148864746094,"[-3.6001873, -7.5980506, -7.1064177, -4.9747553, -2.3422391, -8.767396, -0.9024448]"
the cop drew you the crystal .,an uncle made a cigarette for me .,DO,PD,DRAW,MAKE,THE,A,for,for,-36.043373107910156,"[-5.6771913, -8.743672, -6.703113, -1.2373296, -7.904378, -3.5973306, -1.3647813, -0.8155778]"
the cop drew you the crystal .,an uncle made me a cigarette .,DO,DO,DRAW,MAKE,THE,A,for,for,-32.20832443237305,"[-5.6771913, -8.743672, -6.703113, -2.5459957, -1.3453729, -6.6142187, -0.5787615]"
the cop fed her the chicken .,an employee took a jacket to us .,DO,PD,FEED,TAKE,THE,A,to,to,-42.599212646484375,"[-5.6404023, -4.366661, -6.6225615, -1.3178409, -8.570785, -4.2956676, -10.30759, -1.477704]"
the cop fed her the chicken .,an employee took us a jacket .,DO,DO,FEED,TAKE,THE,A,to,to,-42.68241882324219,"[-5.6404023, -4.366661, -6.6225615, -8.895868, -3.9403281, -10.8331995, -2.3833988]"
the cop fed her the meal .,a club designed a hat for you .,DO,PD,FEED,DESIGN,THE,A,to,for,-45.07927703857422,"[-3.6096807, -8.7815075, -8.569503, -6.9860377, -7.273223, -2.0646296, -6.689968, -1.1047292]"
the cop fed her the meal .,a club designed you a hat .,DO,DO,FEED,DESIGN,THE,A,to,for,-43.91100311279297,"[-3.6096807, -8.7815075, -8.569503, -10.853471, -4.3999968, -6.5241194, -1.1727271]"
the cop fed him the salad .,a writer sent a meal to you .,DO,PD,FEED,SEND,THE,A,to,to,-42.727779388427734,"[-3.6654496, -7.930608, -6.5154657, -2.7878492, -11.810902, -1.2552692, -7.534002, -1.228234]"
the cop fed him the salad .,a writer sent you a meal .,DO,DO,FEED,SEND,THE,A,to,to,-40.51148986816406,"[-3.6654496, -7.930608, -6.5154657, -7.6090546, -1.819268, -11.239637, -1.7320056]"
the cop fed it the salad .,a man gave a card to me .,DO,PD,FEED,GIVE,THE,A,to,to,-33.139408111572266,"[-3.6370244, -3.5670276, -7.3294735, -1.4531085, -9.265252, -0.1145643, -6.2571855, -1.5157713]"
the cop fed it the salad .,a man gave me a card .,DO,DO,FEED,GIVE,THE,A,to,to,-28.167152404785156,"[-3.6370244, -3.5670276, -7.3294735, -3.7763116, -0.5993397, -7.227869, -2.0301056]"
the cop fed me the candy .,a scientist showed a chicken to you .,DO,PD,FEED,SHOW,THE,A,to,to,-38.62251281738281,"[-3.623292, -7.785827, -6.9639797, -2.1759305, -5.9449472, -3.9017193, -6.8903832, -1.3364334]"
the cop fed me the candy .,a scientist showed you a chicken .,DO,DO,FEED,SHOW,THE,A,to,to,-34.888221740722656,"[-3.623292, -7.785827, -6.9639797, -5.2114444, -1.7726827, -7.4175425, -2.1134531]"
the cop fed me the pie .,a mayor brought an instrument to them .,DO,PD,FEED,BRING,THE,A,to,to,-45.50776672363281,"[-3.6371675, -10.174268, -8.86091, -3.4867272, -8.358807, -1.1682937, -8.38947, -1.4321245]"
the cop fed me the pie .,a mayor brought them an instrument .,DO,DO,FEED,BRING,THE,A,to,to,-44.44385528564453,"[-3.6371675, -10.174268, -8.86091, -5.990565, -5.8719873, -8.038262, -1.8706958]"
the cop fed me the pie .,a prince drew a wire for us .,DO,PD,FEED,DRAW,THE,A,to,for,-45.23221969604492,"[-3.6371675, -10.600592, -9.140261, -1.297871, -9.21517, -4.8470154, -5.492222, -1.001923]"
the cop fed me the pie .,a prince drew us a wire .,DO,DO,FEED,DRAW,THE,A,to,for,-42.847957611083984,"[-3.6371675, -10.600592, -9.140261, -5.966986, -2.6210241, -9.980301, -0.90162665]"
the cop fed me the pie .,an attorney made a plate for you .,DO,PD,FEED,MAKE,THE,A,to,for,-39.22882843017578,"[-5.674086, -5.593038, -7.6847696, -1.3221096, -10.599607, -3.477117, -4.0931253, -0.784975]"
the cop fed me the pie .,an attorney made you a plate .,DO,DO,FEED,MAKE,THE,A,to,for,-37.83334732055664,"[-5.674086, -5.593038, -7.6847696, -6.984184, -1.9116032, -8.167678, -1.8179886]"
the cop fed me the salad .,a leader purchased a cheese for you .,DO,PD,FEED,PURCHASE,THE,A,to,for,-47.97872543334961,"[-3.652925, -8.50258, -12.410416, -1.0471016, -9.829028, -4.1952744, -7.174251, -1.16715]"
the cop fed me the salad .,a leader purchased you a cheese .,DO,DO,FEED,PURCHASE,THE,A,to,for,-44.875083923339844,"[-3.652925, -8.50258, -12.410416, -8.874276, -0.79045874, -7.9545126, -2.6899176]"
the cop fed the candy to me .,a scientist showed a chicken to you .,PD,PD,FEED,SHOW,THE,A,to,to,-37.38797378540039,"[-3.5765092, -7.8763313, -7.1452837, -1.8146305, -6.229526, -3.454774, -6.2524447, -1.0384743]"
the cop fed the candy to me .,a scientist showed you a chicken .,PD,DO,FEED,SHOW,THE,A,to,to,-35.97878646850586,"[-3.5765092, -7.8763313, -7.1452837, -5.5015507, -1.847998, -7.2649326, -2.7661822]"
the cop fed the chicken to her .,an employee took a jacket to us .,PD,PD,FEED,TAKE,THE,A,to,to,-41.903480529785156,"[-5.6620655, -4.3599243, -6.8109374, -1.2150456, -8.895462, -3.6307583, -9.94078, -1.3885084]"
the cop fed the chicken to her .,an employee took us a jacket .,PD,DO,FEED,TAKE,THE,A,to,to,-43.837257385253906,"[-5.6620655, -4.3599243, -6.8109374, -9.00671, -4.2273593, -10.9675, -2.802761]"
the cop fed the chicken to us .,a buddy kept a cheese for you .,PD,PD,FEED,KEEP,THE,A,to,for,-45.430992126464844,"[-3.5834875, -10.266724, -8.36131, -2.104355, -9.725756, -5.5867133, -4.945786, -0.8568588]"
the cop fed the chicken to us .,a buddy kept you a cheese .,PD,DO,FEED,KEEP,THE,A,to,for,-46.04700469970703,"[-3.5834875, -10.266724, -8.36131, -5.378277, -4.9098644, -9.429141, -4.1181993]"
the cop fed the meal to her .,a club designed a hat for you .,PD,PD,FEED,DESIGN,THE,A,to,for,-45.437076568603516,"[-3.6103, -8.815127, -8.716698, -7.6308417, -7.2293053, -2.0951962, -6.169146, -1.1704609]"
the cop fed the meal to her .,a club designed you a hat .,PD,DO,FEED,DESIGN,THE,A,to,for,-45.206077575683594,"[-3.6103, -8.815127, -8.716698, -11.269866, -4.8479757, -6.6175117, -1.3285995]"
the cop fed the pie to me .,a mayor brought an instrument to them .,PD,PD,FEED,BRING,THE,A,to,to,-45.20752716064453,"[-3.596391, -10.26257, -8.973398, -3.4391208, -8.336479, -0.8727823, -8.357223, -1.3695623]"
the cop fed the pie to me .,a mayor brought them an instrument .,PD,DO,FEED,BRING,THE,A,to,to,-45.760711669921875,"[-3.596391, -10.26257, -8.973398, -6.533461, -6.01433, -8.175123, -2.205436]"
the cop fed the pie to me .,a prince drew a wire for us .,PD,PD,FEED,DRAW,THE,A,to,for,-43.69923400878906,"[-3.596391, -10.752468, -9.214958, -0.9410565, -8.721527, -4.76872, -4.753035, -0.9510802]"
the cop fed the pie to me .,a prince drew us a wire .,PD,DO,FEED,DRAW,THE,A,to,for,-43.20769500732422,"[-3.596391, -10.752468, -9.214958, -7.350712, -1.6255686, -9.45802, -1.2095749]"
the cop fed the pie to me .,an attorney made a plate for you .,PD,PD,FEED,MAKE,THE,A,to,for,-39.348175048828125,"[-5.6541557, -5.6875386, -8.06449, -1.1920924, -10.686354, -3.5270858, -3.7140875, -0.82237417]"
the cop fed the pie to me .,an attorney made you a plate .,PD,DO,FEED,MAKE,THE,A,to,for,-39.59367370605469,"[-5.6541557, -5.6875386, -8.06449, -7.9293094, -1.7874056, -7.874916, -2.595859]"
the cop fed the salad to him .,a writer sent a meal to you .,PD,PD,FEED,SEND,THE,A,to,to,-40.38014221191406,"[-3.6387258, -7.932146, -6.5561504, -2.1019988, -11.444979, -0.67180526, -6.8472605, -1.1870775]"
the cop fed the salad to him .,a writer sent you a meal .,PD,DO,FEED,SEND,THE,A,to,to,-40.08897018432617,"[-3.6387258, -7.932146, -6.5561504, -7.4391036, -1.4564805, -11.129096, -1.9372668]"
the cop fed the salad to it .,a man gave a card to me .,PD,PD,FEED,GIVE,THE,A,to,to,-31.816387176513672,"[-3.619228, -3.5648074, -7.2454295, -1.2159599, -9.275584, -0.07416747, -5.2857623, -1.5354496]"
the cop fed the salad to it .,a man gave me a card .,PD,DO,FEED,GIVE,THE,A,to,to,-28.833343505859375,"[-3.619228, -3.5648074, -7.2454295, -4.1826215, -0.58709073, -7.23827, -2.3958948]"
the cop fed the salad to me .,a leader purchased a cheese for you .,PD,PD,FEED,PURCHASE,THE,A,to,for,-46.35075378417969,"[-3.6142733, -8.472712, -12.62043, -0.9728043, -9.208789, -3.939727, -6.3443117, -1.1777065]"
the cop fed the salad to me .,a leader purchased you a cheese .,PD,DO,FEED,PURCHASE,THE,A,to,for,-46.006526947021484,"[-3.6142733, -8.472712, -12.62043, -9.4636135, -0.8019121, -7.736936, -3.2966497]"
the cop fed the salad to you .,a parent brought a meal to us .,PD,PD,FEED,BRING,THE,A,to,to,-32.375999450683594,"[-3.6014569, -8.063707, -6.619051, -1.5368863, -7.348136, -0.432109, -3.5556593, -1.2189939]"
the cop fed the salad to you .,a parent brought us a meal .,PD,DO,FEED,BRING,THE,A,to,to,-34.02171325683594,"[-3.6014569, -8.063707, -6.619051, -5.694952, -1.6918024, -6.526891, -1.8238527]"
the cop fed us the chicken .,a buddy kept a cheese for you .,DO,PD,FEED,KEEP,THE,A,to,for,-46.06047439575195,"[-3.6163454, -10.143104, -8.419983, -2.4985132, -10.07637, -5.096367, -5.343677, -0.8661152]"
the cop fed us the chicken .,a buddy kept you a cheese .,DO,DO,FEED,KEEP,THE,A,to,for,-44.042381286621094,"[-3.6163454, -10.143104, -8.419983, -5.088729, -4.651732, -9.565863, -2.5566263]"
the cop fed you the salad .,a parent brought a meal to us .,DO,PD,FEED,BRING,THE,A,to,to,-34.959171295166016,"[-3.633711, -8.063557, -6.6302366, -1.781743, -7.801228, -0.87653923, -4.913403, -1.2587539]"
the cop fed you the salad .,a parent brought us a meal .,DO,DO,FEED,BRING,THE,A,to,to,-32.7978630065918,"[-3.633711, -8.063557, -6.6302366, -5.1504297, -1.7504811, -6.2827153, -1.2867318]"
the cop found her the bowl .,a captain sold a chicken to me .,DO,PD,FIND,SELL,THE,A,for,to,-40.67375946044922,"[-3.5269594, -9.939499, -10.40724, -2.096432, -6.0038166, -1.244749, -5.9981604, -1.4569037]"
the cop found her the bowl .,a captain sold me a chicken .,DO,DO,FIND,SELL,THE,A,for,to,-38.12986755371094,"[-3.5269594, -9.939499, -10.40724, -4.782075, -1.066329, -6.688921, -1.7188466]"
the cop found her the pie .,a winner sent a meal to you .,DO,PD,FIND,SEND,THE,A,for,to,-42.461307525634766,"[-3.5466099, -10.575111, -8.95298, -2.203744, -9.580776, -0.82846344, -5.736043, -1.0375783]"
the cop found her the pie .,a winner sent you a meal .,DO,DO,FIND,SEND,THE,A,for,to,-38.11229705810547,"[-3.5466099, -10.575111, -8.95298, -5.112754, -0.9563511, -7.8066125, -1.1618755]"
the cop found him the chicken .,a guest gave a chocolate to it .,DO,PD,FIND,GIVE,THE,A,for,to,-49.85448455810547,"[-3.5359693, -8.7451725, -11.663112, -1.4944731, -11.133857, -5.70251, -6.7292767, -0.85011613]"
the cop found him the chicken .,a guest gave it a chocolate .,DO,DO,FIND,GIVE,THE,A,for,to,-45.66594314575195,"[-3.5359693, -8.7451725, -11.663112, -5.064718, -1.4761065, -11.373565, -3.8073022]"
the cop found him the chocolate .,a writer drew a motor for it .,DO,PD,FIND,DRAW,THE,A,for,for,-42.941734313964844,"[-3.564658, -7.9808903, -8.917501, -1.3185066, -10.077468, -5.2551985, -4.5111732, -1.3163397]"
the cop found him the chocolate .,a writer drew it a motor .,DO,DO,FIND,DRAW,THE,A,for,for,-45.02947235107422,"[-3.564658, -7.9808903, -8.917501, -6.1559157, -4.909442, -9.993774, -3.507288]"
the cop found it the machine .,an employee purchased a cheese for us .,DO,PD,FIND,PURCHASE,THE,A,for,for,-43.430450439453125,"[-5.6529593, -4.6960034, -10.507657, -0.8837332, -9.701219, -3.7748256, -6.5055714, -1.7084816]"
the cop found it the machine .,an employee purchased us a cheese .,DO,DO,FIND,PURCHASE,THE,A,for,for,-42.692649841308594,"[-5.6529593, -4.6960034, -10.507657, -9.517027, -0.61096406, -8.440161, -3.2678785]"
the cop found me the bowl .,a hero supplied a tea to him .,DO,PD,FIND,SUPPLY,THE,A,for,to,-44.934959411621094,"[-3.5681052, -8.888432, -13.106935, -3.116477, -7.478441, -2.2088401, -5.601116, -0.96661186]"
the cop found me the bowl .,a hero supplied him a tea .,DO,DO,FIND,SUPPLY,THE,A,for,to,-41.10763931274414,"[-3.5681052, -8.888432, -13.106935, -5.3593845, -2.0594845, -6.908348, -1.2169493]"
the cop found me the chocolate .,an author delivered an instrument for us .,DO,PD,FIND,DELIVER,THE,A,for,for,-47.245296478271484,"[-5.6528974, -7.2010865, -10.008426, -2.6640294, -10.914181, -2.3164442, -5.5399103, -2.9483223]"
the cop found me the chocolate .,an author delivered us an instrument .,DO,DO,FIND,DELIVER,THE,A,for,for,-44.29289245605469,"[-5.6528974, -7.2010865, -10.008426, -5.3377466, -2.9482493, -9.916144, -3.2283442]"
the cop found the bag for us .,a corporation designed a gun for you .,PD,PD,FIND,DESIGN,THE,A,for,for,-44.09782791137695,"[-3.4853992, -11.371514, -8.39557, -7.271237, -7.6467314, -0.8830858, -4.3588014, -0.685488]"
the cop found the bag for us .,a corporation designed you a gun .,PD,DO,FIND,DESIGN,THE,A,for,for,-47.72297286987305,"[-3.4853992, -11.371514, -8.39557, -11.200175, -3.6513987, -8.433974, -1.1849413]"
the cop found the bag for you .,a professor made a television for him .,PD,PD,FIND,MAKE,THE,A,for,for,-39.23246765136719,"[-3.4751084, -7.7308087, -7.943843, -0.9257719, -8.162743, -4.689015, -4.8535476, -1.4516327]"
the cop found the bag for you .,a professor made him a television .,PD,DO,FIND,MAKE,THE,A,for,for,-39.29410934448242,"[-3.4751084, -7.7308087, -7.943843, -6.708338, -0.9738576, -9.450387, -3.0117683]"
the cop found the bowl for her .,a captain sold a chicken to me .,PD,PD,FIND,SELL,THE,A,for,to,-41.821983337402344,"[-3.49244, -9.992111, -10.476124, -1.9626325, -5.7067513, -1.3647358, -6.912343, -1.914846]"
the cop found the bowl for her .,a captain sold me a chicken .,PD,DO,FIND,SELL,THE,A,for,to,-39.92572021484375,"[-3.49244, -9.992111, -10.476124, -5.6586604, -1.093398, -6.881895, -2.331089]"
the cop found the bowl for me .,a hero supplied a tea to him .,PD,PD,FIND,SUPPLY,THE,A,for,to,-45.03392791748047,"[-3.4932299, -9.094028, -12.863878, -2.763213, -7.678961, -2.104109, -5.921898, -1.1146101]"
the cop found the bowl for me .,a hero supplied him a tea .,PD,DO,FIND,SUPPLY,THE,A,for,to,-42.80667495727539,"[-3.4932299, -9.094028, -12.863878, -5.8119526, -2.7120156, -6.94787, -1.883699]"
the cop found the chicken for him .,a guest gave a chocolate to it .,PD,PD,FIND,GIVE,THE,A,for,to,-48.26859664916992,"[-3.4968362, -8.563576, -11.085848, -1.312413, -10.854596, -5.334339, -6.776413, -0.8445789]"
the cop found the chicken for him .,a guest gave it a chocolate .,PD,DO,FIND,GIVE,THE,A,for,to,-45.14769744873047,"[-3.4968362, -8.563576, -11.085848, -5.0047026, -1.2864215, -11.318473, -4.3918424]"
the cop found the chicken for you .,a champion left a cheese for it .,PD,PD,FIND,LEAVE,THE,A,for,for,-47.13750076293945,"[-3.4780688, -9.937306, -7.3602605, -3.623402, -11.583645, -3.2589593, -7.121438, -0.7744235]"
the cop found the chicken for you .,a champion left it a cheese .,PD,DO,FIND,LEAVE,THE,A,for,for,-44.686988830566406,"[-3.4780688, -9.937306, -7.3602605, -5.392225, -4.5378394, -11.207684, -2.7736082]"
the cop found the chicken for you .,a champion bought a pot for me .,PD,PD,FIND,BUY,THE,A,for,for,-43.90279006958008,"[-3.4780688, -9.937306, -12.27751, -0.74622416, -7.755873, -3.443195, -5.074301, -1.1903123]"
the cop found the chicken for you .,a champion bought me a pot .,PD,DO,FIND,BUY,THE,A,for,for,-43.85441589355469,"[-3.4780688, -9.937306, -12.27751, -6.7494726, -0.52673614, -7.0388584, -3.8464663]"
the cop found the chocolate for him .,a writer drew a motor for it .,PD,PD,FIND,DRAW,THE,A,for,for,-43.02260208129883,"[-3.5191112, -7.9539537, -9.145173, -1.069124, -10.212485, -5.206823, -4.741523, -1.1744087]"
the cop found the chocolate for him .,a writer drew it a motor .,PD,DO,FIND,DRAW,THE,A,for,for,-47.412086486816406,"[-3.5191112, -7.9539537, -9.145173, -6.339239, -5.116886, -10.56219, -4.7755322]"
the cop found the chocolate for me .,an author delivered an instrument for us .,PD,PD,FIND,DELIVER,THE,A,for,for,-45.35045623779297,"[-5.60846, -7.293828, -10.200496, -2.5996523, -11.416873, -1.7306272, -4.3397126, -2.1608057]"
the cop found the chocolate for me .,an author delivered us an instrument .,PD,DO,FIND,DELIVER,THE,A,for,for,-47.3972053527832,"[-5.60846, -7.293828, -10.200496, -6.6482306, -3.0947037, -10.623323, -3.9281626]"
the cop found the machine for it .,an employee purchased a cheese for us .,PD,PD,FIND,PURCHASE,THE,A,for,for,-43.568119049072266,"[-5.646345, -4.5763206, -10.731215, -0.8544861, -10.108742, -3.3263543, -7.0983796, -1.2262772]"
the cop found the machine for it .,an employee purchased us a cheese .,PD,DO,FIND,PURCHASE,THE,A,for,for,-43.55059814453125,"[-5.646345, -4.5763206, -10.731215, -10.045204, -0.5867327, -8.24921, -3.7155695]"
the cop found the pie for her .,a winner sent a meal to you .,PD,PD,FIND,SEND,THE,A,for,to,-43.188011169433594,"[-3.5047598, -10.556511, -8.981338, -2.3639593, -9.663696, -0.8293057, -6.000635, -1.2878063]"
the cop found the pie for her .,a winner sent you a meal .,PD,DO,FIND,SEND,THE,A,for,to,-40.21277618408203,"[-3.5047598, -10.556511, -8.981338, -5.6436815, -0.91675794, -8.638313, -1.9714153]"
the cop found us the bag .,a corporation designed a gun for you .,DO,PD,FIND,DESIGN,THE,A,for,for,-42.1455078125,"[-3.5508947, -11.241165, -8.249996, -4.9988756, -7.394847, -1.360242, -4.4581857, -0.8913026]"
the cop found us the bag .,a corporation designed you a gun .,DO,DO,FIND,DESIGN,THE,A,for,for,-42.30432891845703,"[-3.5508947, -11.241165, -8.249996, -8.59826, -2.7944384, -7.087641, -0.7819311]"
the cop found you the bag .,a professor made a television for him .,DO,PD,FIND,MAKE,THE,A,for,for,-39.61228561401367,"[-3.514774, -7.5447645, -7.484786, -0.86022705, -8.007862, -5.7998934, -5.029376, -1.3706019]"
the cop found you the bag .,a professor made him a television .,DO,DO,FIND,MAKE,THE,A,for,for,-37.36888122558594,"[-3.514774, -7.5447645, -7.484786, -5.9646373, -0.87322444, -9.332158, -2.6545386]"
the cop found you the chicken .,a champion left a cheese for it .,DO,PD,FIND,LEAVE,THE,A,for,for,-48.20301818847656,"[-3.4984834, -9.956083, -7.4042625, -3.3649445, -11.811853, -4.4943166, -7.032058, -0.6410177]"
the cop found you the chicken .,a champion left it a cheese .,DO,DO,FIND,LEAVE,THE,A,for,for,-43.193397521972656,"[-3.4984834, -9.956083, -7.4042625, -5.206497, -4.3687973, -11.231111, -1.5281615]"
the cop found you the chicken .,a champion bought a pot for me .,DO,PD,FIND,BUY,THE,A,for,for,-45.70705795288086,"[-3.4984834, -9.956083, -11.966399, -0.7553499, -7.745084, -4.562237, -5.957815, -1.2656078]"
the cop found you the chicken .,a champion bought me a pot .,DO,DO,FIND,BUY,THE,A,for,for,-41.15925979614258,"[-3.4984834, -9.956083, -11.966399, -5.3188906, -0.49183077, -6.7294374, -3.1981347]"
the cop gave him the juice .,a princess took a plate to us .,DO,PD,GIVE,TAKE,THE,A,to,to,-43.78185272216797,"[-3.582452, -10.89081, -5.4540596, -1.7491165, -8.797026, -4.797512, -7.63838, -0.87249535]"
the cop gave him the juice .,a princess took us a plate .,DO,DO,GIVE,TAKE,THE,A,to,to,-45.17896270751953,"[-3.582452, -10.89081, -5.4540596, -5.778317, -5.591959, -9.712507, -4.16886]"
the cop gave me the juice .,a chief saved a salad for it .,DO,PD,GIVE,SAVE,THE,A,to,for,-51.914390563964844,"[-3.5596051, -9.022322, -15.146471, -1.8967415, -12.021061, -2.0176866, -7.5843053, -0.6661957]"
the cop gave me the juice .,a chief saved it a salad .,DO,DO,GIVE,SAVE,THE,A,to,for,-52.79199981689453,"[-3.5596051, -9.022322, -15.146471, -4.3903136, -6.90152, -12.83879, -0.93298006]"
the cop gave the juice to him .,a princess took a plate to us .,PD,PD,GIVE,TAKE,THE,A,to,to,-42.13599395751953,"[-3.5406802, -11.040992, -5.889283, -1.2145133, -8.240176, -4.362729, -7.0506725, -0.7969497]"
the cop gave the juice to him .,a princess took us a plate .,PD,DO,GIVE,TAKE,THE,A,to,to,-46.14616394042969,"[-3.5406802, -11.040992, -5.889283, -6.770126, -4.6909666, -10.166141, -4.047974]"
the cop gave the juice to me .,a chief saved a salad for it .,PD,PD,GIVE,SAVE,THE,A,to,for,-50.8333854675293,"[-3.525035, -9.180616, -14.967782, -1.4561341, -11.651042, -1.871083, -7.5296936, -0.65200055]"
the cop gave the juice to me .,a chief saved it a salad .,PD,DO,GIVE,SAVE,THE,A,to,for,-52.08618927001953,"[-3.525035, -9.180616, -14.967782, -4.076745, -6.781853, -12.5536175, -1.0005401]"
the cop gave the tea to us .,an employer got a meal for you .,PD,PD,GIVE,GET,THE,A,to,for,-38.17377853393555,"[-5.640604, -7.781843, -8.164028, -1.1184907, -8.844664, -1.9428868, -3.329922, -1.3513422]"
the cop gave the tea to us .,an employer got you a meal .,PD,DO,GIVE,GET,THE,A,to,for,-37.892822265625,"[-5.640604, -7.781843, -8.164028, -6.5398803, -0.7209378, -6.7866306, -2.2589004]"
the cop gave the tea to you .,a soldier left a bell for it .,PD,PD,GIVE,LEAVE,THE,A,to,for,-43.094444274902344,"[-3.516376, -7.4719944, -7.5044127, -1.6140269, -11.973309, -2.291749, -7.4058313, -1.3167435]"
the cop gave the tea to you .,a soldier left it a bell .,PD,DO,GIVE,LEAVE,THE,A,to,for,-44.116905212402344,"[-3.516376, -7.4719944, -7.5044127, -5.8246975, -5.5020227, -11.785834, -2.5115705]"
the cop gave us the tea .,an employer got a meal for you .,DO,PD,GIVE,GET,THE,A,to,for,-41.0506706237793,"[-5.631542, -7.6494226, -7.7278466, -1.4301838, -9.468887, -2.376999, -5.696788, -1.069]"
the cop gave us the tea .,an employer got you a meal .,DO,DO,GIVE,GET,THE,A,to,for,-34.737762451171875,"[-5.631542, -7.6494226, -7.7278466, -5.980469, -0.96804154, -5.704538, -1.0759047]"
the cop gave you the tea .,a soldier left a bell for it .,DO,PD,GIVE,LEAVE,THE,A,to,for,-44.74346160888672,"[-3.5338106, -7.276, -7.2191763, -1.839858, -12.516407, -2.9482079, -8.268126, -1.1418736]"
the cop gave you the tea .,a soldier left it a bell .,DO,DO,GIVE,LEAVE,THE,A,to,for,-43.05880355834961,"[-3.5338106, -7.276, -7.2191763, -6.3431244, -5.1129494, -11.976464, -1.5972809]"
the cop got her the telephone .,a sheriff found a glass for you .,DO,PD,GET,FIND,THE,A,for,for,-44.43180847167969,"[-3.5518825, -8.190243, -6.770326, -1.1704317, -7.525506, -7.26583, -8.881309, -1.0762802]"
the cop got her the telephone .,a sheriff found you a glass .,DO,DO,GET,FIND,THE,A,for,for,-42.45265579223633,"[-3.5518825, -8.190243, -6.770326, -8.920031, -2.6586154, -8.341288, -4.020271]"
the cop got the telephone for her .,a sheriff found a glass for you .,PD,PD,GET,FIND,THE,A,for,for,-44.53786849975586,"[-3.5208178, -8.272619, -6.785389, -0.8805376, -7.549244, -6.830673, -9.624209, -1.0743783]"
the cop got the telephone for her .,a sheriff found you a glass .,PD,DO,GET,FIND,THE,A,for,for,-45.32853698730469,"[-3.5208178, -8.272619, -6.785389, -9.232021, -4.3466344, -7.8606367, -5.31042]"
the cop kept me the flower .,an opponent supplied a juice to you .,DO,PD,KEEP,SUPPLY,THE,A,for,to,-48.00591278076172,"[-5.6999726, -8.459345, -12.804518, -2.0621638, -9.624308, -2.5490432, -5.9684496, -0.83811265]"
the cop kept me the flower .,an opponent supplied you a juice .,DO,DO,KEEP,SUPPLY,THE,A,for,to,-45.52611541748047,"[-5.6999726, -8.459345, -12.804518, -4.913114, -3.0390708, -9.360083, -1.2500136]"
the cop kept me the flower .,a friend promised a beer to her .,DO,PD,KEEP,PROMISE,THE,A,for,to,-35.60272216796875,"[-3.556644, -5.8892956, -9.284213, -3.870082, -5.425938, -2.3769827, -3.4764478, -1.72312]"
the cop kept me the flower .,a friend promised her a beer .,DO,DO,KEEP,PROMISE,THE,A,for,to,-29.64520263671875,"[-3.556644, -5.8892956, -9.284213, -3.9044228, -1.2909678, -4.4241915, -1.2954693]"
the cop kept the flower for me .,an opponent supplied a juice to you .,PD,PD,KEEP,SUPPLY,THE,A,for,to,-47.682701110839844,"[-5.6925597, -8.476114, -13.418461, -1.9524537, -9.036119, -2.2135942, -6.1473775, -0.7460212]"
the cop kept the flower for me .,an opponent supplied you a juice .,PD,DO,KEEP,SUPPLY,THE,A,for,to,-47.42094039916992,"[-5.6925597, -8.476114, -13.418461, -5.3378944, -3.8158543, -9.050135, -1.6299213]"
the cop kept the flower for me .,a friend promised a beer to her .,PD,PD,KEEP,PROMISE,THE,A,for,to,-35.77594757080078,"[-3.5256057, -5.9137297, -9.385558, -3.4777818, -5.5720396, -2.2413151, -3.9243007, -1.7356157]"
the cop kept the flower for me .,a friend promised her a beer .,PD,DO,KEEP,PROMISE,THE,A,for,to,-30.632352828979492,"[-3.5256057, -5.9137297, -9.385558, -4.0195184, -1.3257354, -4.7344503, -1.727756]"
the cop kept the flower for us .,a mayor saved a pie for him .,PD,PD,KEEP,SAVE,THE,A,for,for,-45.29058837890625,"[-3.534068, -10.577567, -11.156449, -1.0824157, -10.743132, -1.3610883, -5.6532216, -1.1826464]"
the cop kept the flower for us .,a mayor saved him a pie .,PD,DO,KEEP,SAVE,THE,A,for,for,-44.81233215332031,"[-3.534068, -10.577567, -11.156449, -6.148012, -2.6995223, -9.455639, -1.2410741]"
the cop kept the flower for us .,an attorney showed a tea to you .,PD,PD,KEEP,SHOW,THE,A,for,to,-42.77936935424805,"[-5.702221, -5.925967, -7.952451, -1.90701, -10.96328, -2.6429844, -6.8708963, -0.8145606]"
the cop kept the flower for us .,an attorney showed you a tea .,PD,DO,KEEP,SHOW,THE,A,for,to,-40.298927307128906,"[-5.702221, -5.925967, -7.952451, -6.299402, -1.5212859, -10.329573, -2.5680275]"
the cop kept the flower for us .,a candidate threw a cigarette to you .,PD,PD,KEEP,THROW,THE,A,for,to,-40.247501373291016,"[-3.534068, -9.280553, -8.021858, -0.40693912, -6.002571, -4.4618645, -7.220602, -1.3190441]"
the cop kept the flower for us .,a candidate threw you a cigarette .,PD,DO,KEEP,THROW,THE,A,for,to,-40.8208122253418,"[-3.534068, -9.280553, -8.021858, -10.010414, -0.64264935, -7.916647, -1.4146214]"
the cop kept the flower for you .,a son designed an engine for me .,PD,PD,KEEP,DESIGN,THE,A,for,for,-40.250186920166016,"[-3.5288007, -8.55989, -11.324628, -3.2500305, -6.4136276, -0.8697402, -5.3930397, -0.91043013]"
the cop kept the flower for you .,a son designed me an engine .,PD,DO,KEEP,DESIGN,THE,A,for,for,-43.71300506591797,"[-3.5288007, -8.55989, -11.324628, -7.5887775, -3.580996, -7.8145695, -1.3153473]"
the cop kept us the flower .,a mayor saved a pie for him .,DO,PD,KEEP,SAVE,THE,A,for,for,-45.99293518066406,"[-3.537818, -10.435589, -11.012794, -1.2002704, -10.613876, -2.2533653, -5.9732513, -0.9659705]"
the cop kept us the flower .,a mayor saved him a pie .,DO,DO,KEEP,SAVE,THE,A,for,for,-41.36985778808594,"[-3.537818, -10.435589, -11.012794, -5.334689, -1.5878702, -8.691177, -0.7699207]"
the cop kept us the flower .,an attorney showed a tea to you .,DO,PD,KEEP,SHOW,THE,A,for,to,-45.722900390625,"[-5.6969385, -5.737687, -7.9042087, -2.1512566, -11.571504, -4.0986795, -7.4340363, -1.1285889]"
the cop kept us the flower .,an attorney showed you a tea .,DO,DO,KEEP,SHOW,THE,A,for,to,-40.016353607177734,"[-5.6969385, -5.737687, -7.9042087, -6.25047, -1.7077266, -10.653356, -2.0659657]"
the cop kept us the flower .,a candidate threw a cigarette to you .,DO,PD,KEEP,THROW,THE,A,for,to,-40.26586151123047,"[-3.537818, -9.247645, -7.643707, -0.49704292, -6.284298, -4.3782015, -7.2197886, -1.4573629]"
the cop kept us the flower .,a candidate threw you a cigarette .,DO,DO,KEEP,THROW,THE,A,for,to,-40.52663040161133,"[-3.537818, -9.247645, -7.643707, -9.481672, -0.45019144, -8.936253, -1.2293427]"
the cop kept you the flower .,a son designed an engine for me .,DO,PD,KEEP,DESIGN,THE,A,for,for,-41.870697021484375,"[-3.5255451, -8.432502, -11.583783, -3.1680002, -6.3563447, -1.2683479, -6.590624, -0.945549]"
the cop kept you the flower .,a son designed me an engine .,DO,DO,KEEP,DESIGN,THE,A,for,for,-42.19435119628906,"[-3.5255451, -8.432502, -11.583783, -7.159912, -3.252652, -7.4046364, -0.83532065]"
the cop left her the motor .,an actor supplied a chocolate to it .,DO,PD,LEAVE,SUPPLY,THE,A,for,to,-49.50217819213867,"[-5.6491942, -6.935789, -11.248057, -2.5837495, -10.820321, -4.1691203, -7.3605533, -0.73539335]"
the cop left her the motor .,an actor supplied it a chocolate .,DO,DO,LEAVE,SUPPLY,THE,A,for,to,-50.250885009765625,"[-5.6491942, -6.935789, -11.248057, -6.3593426, -6.670219, -9.694426, -3.6938605]"
the cop left me the chocolate .,a princess took a plate to us .,DO,PD,LEAVE,TAKE,THE,A,for,to,-42.36332702636719,"[-3.5554175, -10.846936, -6.0051017, -1.2626114, -8.13648, -4.9073477, -6.8177557, -0.83167595]"
the cop left me the chocolate .,a princess took us a plate .,DO,DO,LEAVE,TAKE,THE,A,for,to,-38.428009033203125,"[-3.5554175, -10.846936, -6.0051017, -5.136035, -2.4934185, -7.041887, -3.3492124]"
the cop left the candy for us .,a princess purchased a chicken for you .,PD,PD,LEAVE,PURCHASE,THE,A,for,for,-40.45380401611328,"[-3.5156274, -11.191534, -9.702853, -0.6585504, -7.159914, -1.9541614, -5.4808483, -0.79031694]"
the cop left the candy for us .,a princess purchased you a chicken .,PD,DO,LEAVE,PURCHASE,THE,A,for,for,-43.15911102294922,"[-3.5156274, -11.191534, -9.702853, -8.232189, -0.68924356, -7.448119, -2.3795426]"
the cop left the chocolate for me .,a princess took a plate to us .,PD,PD,LEAVE,TAKE,THE,A,for,to,-42.44413757324219,"[-3.5292916, -11.047483, -6.2271233, -1.1090932, -8.214947, -4.982907, -6.557227, -0.7760689]"
the cop left the chocolate for me .,a princess took us a plate .,PD,DO,LEAVE,TAKE,THE,A,for,to,-43.68995666503906,"[-3.5292916, -11.047483, -6.2271233, -5.895205, -3.77869, -9.418816, -3.79335]"
the cop left the chocolate for us .,a guy showed a beer to you .,PD,PD,LEAVE,SHOW,THE,A,for,to,-38.27555465698242,"[-3.5262792, -7.482498, -6.9636507, -3.430581, -7.8193207, -1.3561177, -6.4978385, -1.1992683]"
the cop left the chocolate for us .,a guy showed you a beer .,PD,DO,LEAVE,SHOW,THE,A,for,to,-33.844783782958984,"[-3.5262792, -7.482498, -6.9636507, -5.625945, -1.2508386, -7.1126184, -1.8829544]"
the cop left the chocolate for us .,a prince supplied a tea to her .,PD,PD,LEAVE,SUPPLY,THE,A,for,to,-40.11113357543945,"[-3.5262792, -11.059543, -10.480416, -1.8599622, -6.340401, -1.5833783, -3.6728954, -1.5882587]"
the cop left the chocolate for us .,a prince supplied her a tea .,PD,DO,LEAVE,SUPPLY,THE,A,for,to,-39.84175109863281,"[-3.5262792, -11.059543, -10.480416, -5.050829, -2.6520221, -5.4400043, -1.6326622]"
the cop left the motor for her .,an actor supplied a chocolate to it .,PD,PD,LEAVE,SUPPLY,THE,A,for,to,-49.765411376953125,"[-5.686444, -6.894596, -11.290541, -2.8278356, -10.50712, -4.109425, -7.5880785, -0.8613725]"
the cop left the motor for her .,an actor supplied it a chocolate .,PD,DO,LEAVE,SUPPLY,THE,A,for,to,-50.947853088378906,"[-5.686444, -6.894596, -11.290541, -6.5651402, -7.0543456, -9.41397, -4.0428166]"
the cop left us the candy .,a princess purchased a chicken for you .,DO,PD,LEAVE,PURCHASE,THE,A,for,for,-41.85641860961914,"[-3.5581133, -11.018812, -9.589398, -0.6693594, -6.729176, -3.0910783, -6.30807, -0.8924119]"
the cop left us the candy .,a princess purchased you a chicken .,DO,DO,LEAVE,PURCHASE,THE,A,for,for,-40.73630905151367,"[-3.5581133, -11.018812, -9.589398, -7.2807255, -0.64239126, -7.023429, -1.6234418]"
the cop left us the chocolate .,a guy showed a beer to you .,DO,PD,LEAVE,SHOW,THE,A,for,to,-37.851036071777344,"[-3.5572236, -7.3181696, -6.906289, -4.0919456, -7.5801835, -1.0456786, -6.2579827, -1.0935643]"
the cop left us the chocolate .,a guy showed you a beer .,DO,DO,LEAVE,SHOW,THE,A,for,to,-31.87313461303711,"[-3.5572236, -7.3181696, -6.906289, -5.7234306, -1.1421442, -6.202277, -1.0235997]"
the cop left us the chocolate .,a prince supplied a tea to her .,DO,PD,LEAVE,SUPPLY,THE,A,for,to,-39.25175476074219,"[-3.5572236, -10.85803, -10.634913, -2.010456, -6.0601606, -1.3676872, -3.548559, -1.2147238]"
the cop left us the chocolate .,a prince supplied her a tea .,DO,DO,LEAVE,SUPPLY,THE,A,for,to,-38.02313995361328,"[-3.5572236, -10.85803, -10.634913, -4.5468483, -2.2835622, -5.180686, -0.9618776]"
the cop made her the ball .,a colonel took a knife to me .,DO,PD,MAKE,TAKE,THE,A,for,to,-37.157440185546875,"[-3.4836144, -11.899371, -6.272005, -1.6396344, -4.7922997, -0.9129697, -6.825429, -1.3321148]"
the cop made her the ball .,a colonel took me a knife .,DO,DO,MAKE,TAKE,THE,A,for,to,-38.55584716796875,"[-3.4836144, -11.899371, -6.272005, -3.6619828, -5.1654873, -6.6792803, -1.394108]"
the cop made her the coat .,a secretary sent a salad to us .,DO,PD,MAKE,SEND,THE,A,for,to,-41.40174102783203,"[-3.5289388, -10.716747, -6.837212, -1.2824721, -11.797674, -0.9509392, -5.2334995, -1.0542567]"
the cop made her the coat .,a secretary sent us a salad .,DO,DO,MAKE,SEND,THE,A,for,to,-39.53192138671875,"[-3.5289388, -10.716747, -6.837212, -5.654102, -0.7581303, -10.878933, -1.1578598]"
the cop made him the coat .,a king left a meal for us .,DO,PD,MAKE,LEAVE,THE,A,for,for,-41.086029052734375,"[-3.56565, -9.985081, -7.554077, -1.8054738, -9.692383, -1.3223588, -6.0433664, -1.1176364]"
the cop made him the coat .,a king left us a meal .,DO,DO,MAKE,LEAVE,THE,A,for,for,-38.57500457763672,"[-3.56565, -9.985081, -7.554077, -5.7723336, -1.6484988, -8.722956, -1.3264076]"
the cop made him the plate .,a guy purchased a newspaper for you .,DO,PD,MAKE,PURCHASE,THE,A,for,for,-40.11013412475586,"[-3.5499272, -7.2142096, -9.380576, -0.67641354, -9.241476, -2.499229, -6.6294637, -0.91883826]"
the cop made him the plate .,a guy purchased you a newspaper .,DO,DO,MAKE,PURCHASE,THE,A,for,for,-38.95640182495117,"[-3.5499272, -7.2142096, -9.380576, -7.536458, -0.41262108, -9.491189, -1.3714209]"
the cop made it the bottle .,a kid showed a glass to me .,DO,PD,MAKE,SHOW,THE,A,for,to,-37.36865997314453,"[-3.4909103, -8.693613, -7.78512, -3.734062, -8.022951, -2.9413764, -1.9099513, -0.7906785]"
the cop made it the bottle .,a kid showed me a glass .,DO,DO,MAKE,SHOW,THE,A,for,to,-32.780487060546875,"[-3.4909103, -8.693613, -7.78512, -1.1371076, -1.0571836, -7.6598825, -2.9566686]"
the cop made me the key .,an adult left a beer for you .,DO,PD,MAKE,LEAVE,THE,A,for,for,-40.619407653808594,"[-5.7105465, -6.4385977, -8.608198, -1.9023017, -7.8605423, -3.9719272, -5.243219, -0.88407445]"
the cop made me the key .,an adult left you a beer .,DO,DO,MAKE,LEAVE,THE,A,for,for,-36.00135803222656,"[-5.7105465, -6.4385977, -8.608198, -4.86115, -1.6787214, -7.6460667, -1.0580783]"
the cop made the ball for her .,a colonel took a knife to me .,PD,PD,MAKE,TAKE,THE,A,for,to,-37.07574462890625,"[-3.4968889, -11.985842, -6.401642, -1.2431177, -4.7380624, -0.9467851, -6.802635, -1.4607694]"
the cop made the ball for her .,a colonel took me a knife .,PD,DO,MAKE,TAKE,THE,A,for,to,-40.4793701171875,"[-3.4968889, -11.985842, -6.401642, -4.519959, -5.5136347, -6.674635, -1.8867657]"
the cop made the bottle for it .,a kid showed a glass to me .,PD,PD,MAKE,SHOW,THE,A,for,to,-36.80657958984375,"[-3.4868996, -8.706261, -7.8273525, -3.1670406, -7.651511, -2.6705532, -2.34661, -0.95035195]"
the cop made the bottle for it .,a kid showed me a glass .,PD,DO,MAKE,SHOW,THE,A,for,to,-33.139156341552734,"[-3.4868996, -8.706261, -7.8273525, -0.8985603, -0.9437434, -7.401152, -3.875189]"
the cop made the bottle for us .,a business designed a crystal for me .,PD,PD,MAKE,DESIGN,THE,A,for,for,-45.40855407714844,"[-3.4876747, -7.9801536, -8.63583, -7.5030785, -10.637032, -2.6384475, -3.793861, -0.73247707]"
the cop made the bottle for us .,a business designed me a crystal .,PD,DO,MAKE,DESIGN,THE,A,for,for,-47.2491340637207,"[-3.4876747, -7.9801536, -8.63583, -12.319793, -2.1446218, -10.334475, -2.3465858]"
the cop made the card for you .,a parent brought a meal to us .,PD,PD,MAKE,BRING,THE,A,for,to,-35.76781463623047,"[-3.4913585, -8.140044, -6.827882, -1.4226322, -9.137028, -0.8829741, -4.446872, -1.4190238]"
the cop made the card for you .,a parent brought us a meal .,PD,DO,MAKE,BRING,THE,A,for,to,-36.13665008544922,"[-3.4913585, -8.140044, -6.827882, -5.6974773, -1.2786933, -8.404367, -2.2968292]"
the cop made the card for you .,a captain purchased a tea for me .,PD,PD,MAKE,PURCHASE,THE,A,for,for,-42.354774475097656,"[-3.4913585, -10.43828, -12.210893, -0.9165895, -8.697115, -2.2187893, -3.1618953, -1.2198534]"
the cop made the card for you .,a captain purchased me a tea .,PD,DO,MAKE,PURCHASE,THE,A,for,for,-43.28947448730469,"[-3.4913585, -10.43828, -12.210893, -7.324936, -0.40873516, -7.2126083, -2.2026625]"
the cop made the coat for her .,a secretary sent a salad to us .,PD,PD,MAKE,SEND,THE,A,for,to,-42.01292037963867,"[-3.5138788, -10.85653, -6.9100895, -1.2553434, -12.192691, -0.90124047, -5.3228245, -1.0603224]"
the cop made the coat for her .,a secretary sent us a salad .,PD,DO,MAKE,SEND,THE,A,for,to,-41.28166961669922,"[-3.5138788, -10.85653, -6.9100895, -6.415205, -0.68636286, -11.30227, -1.597333]"
the cop made the coat for him .,a king left a meal for us .,PD,PD,MAKE,LEAVE,THE,A,for,for,-41.131866455078125,"[-3.5072508, -10.1445055, -7.642381, -1.5673782, -9.635837, -0.78053606, -6.7699246, -1.0840533]"
the cop made the coat for him .,a king left us a meal .,PD,DO,MAKE,LEAVE,THE,A,for,for,-39.76349639892578,"[-3.5072508, -10.1445055, -7.642381, -6.361022, -1.8283883, -8.567244, -1.7127043]"
the cop made the coat for them .,a woman bought a salad for me .,PD,PD,MAKE,BUY,THE,A,for,for,-33.39310073852539,"[-3.4986148, -4.139419, -8.457375, -0.50317776, -9.114716, -1.1384273, -5.2112403, -1.330129]"
the cop made the coat for them .,a woman bought me a salad .,PD,DO,MAKE,BUY,THE,A,for,for,-32.94462585449219,"[-3.4986148, -4.139419, -8.457375, -6.811661, -0.3251292, -8.031787, -1.6806433]"
the cop made the key for me .,an adult left a beer for you .,PD,PD,MAKE,LEAVE,THE,A,for,for,-40.26560974121094,"[-5.7032824, -6.4777956, -8.612559, -1.7994374, -7.5006666, -3.55885, -5.667348, -0.94566935]"
the cop made the key for me .,an adult left you a beer .,PD,DO,MAKE,LEAVE,THE,A,for,for,-38.4671630859375,"[-5.7032824, -6.4777956, -8.612559, -6.4384184, -2.2102342, -7.5059204, -1.5189536]"
the cop made the plate for him .,a guy purchased a newspaper for you .,PD,PD,MAKE,PURCHASE,THE,A,for,for,-38.463050842285156,"[-3.5153503, -7.3162136, -8.867022, -0.49761492, -9.157494, -1.3550515, -6.7758136, -0.97848916]"
the cop made the plate for him .,a guy purchased you a newspaper .,PD,DO,MAKE,PURCHASE,THE,A,for,for,-40.008705139160156,"[-3.5153503, -7.3162136, -8.867022, -8.481709, -0.35391074, -9.584266, -1.8902345]"
the cop made the plate for them .,a singer caught a book for us .,PD,PD,MAKE,CATCH,THE,A,for,for,-48.62580490112305,"[-3.5125294, -10.675112, -7.0651813, -5.2826552, -9.052343, -3.5765548, -7.9475822, -1.513846]"
the cop made the plate for them .,a singer caught us a book .,PD,DO,MAKE,CATCH,THE,A,for,for,-46.76849365234375,"[-3.5125294, -10.675112, -7.0651813, -9.05206, -5.1025352, -8.963537, -2.397538]"
the cop made them the coat .,a woman bought a salad for me .,DO,PD,MAKE,BUY,THE,A,for,for,-34.05186462402344,"[-3.5437665, -4.22029, -8.494845, -0.53488284, -9.671374, -2.0591753, -4.1607037, -1.3668272]"
the cop made them the coat .,a woman bought me a salad .,DO,DO,MAKE,BUY,THE,A,for,for,-32.255130767822266,"[-3.5437665, -4.22029, -8.494845, -5.5707116, -0.44094396, -8.719177, -1.2653961]"
the cop made them the plate .,a singer caught a book for us .,DO,PD,MAKE,CATCH,THE,A,for,for,-47.900108337402344,"[-3.5345654, -10.696637, -7.2210007, -3.8702946, -8.950623, -4.088036, -8.077468, -1.4614853]"
the cop made them the plate .,a singer caught us a book .,DO,DO,MAKE,CATCH,THE,A,for,for,-42.40229034423828,"[-3.5345654, -10.696637, -7.2210007, -7.7784204, -3.6090813, -7.6621456, -1.9004405]"
the cop made us the bottle .,a business designed a crystal for me .,DO,PD,MAKE,DESIGN,THE,A,for,for,-45.461570739746094,"[-3.531445, -8.030043, -8.794797, -6.7643156, -10.471511, -3.314268, -3.602611, -0.95258063]"
the cop made us the bottle .,a business designed me a crystal .,DO,DO,MAKE,DESIGN,THE,A,for,for,-44.2196044921875,"[-3.531445, -8.030043, -8.794797, -10.949804, -1.4986105, -9.685732, -1.7291725]"
the cop made you the card .,a parent brought a meal to us .,DO,PD,MAKE,BRING,THE,A,for,to,-37.169654846191406,"[-3.5024235, -8.19286, -6.883573, -1.4761862, -9.723956, -0.8370513, -5.1166983, -1.4369043]"
the cop made you the card .,a parent brought us a meal .,DO,DO,MAKE,BRING,THE,A,for,to,-35.88446807861328,"[-3.5024235, -8.19286, -6.883573, -5.095799, -1.3753322, -8.990342, -1.8441398]"
the cop made you the card .,a captain purchased a tea for me .,DO,PD,MAKE,PURCHASE,THE,A,for,for,-44.34226989746094,"[-3.5024235, -10.42359, -12.415027, -0.8619706, -8.946737, -2.8829618, -3.9201276, -1.3894356]"
the cop made you the card .,a captain purchased me a tea .,DO,DO,MAKE,PURCHASE,THE,A,for,for,-42.57716751098633,"[-3.5024235, -10.42359, -12.415027, -6.474159, -0.49481267, -7.5076504, -1.7595053]"
the cop promised her the pie .,a doctor brought a tea to us .,DO,PD,PROMISE,BRING,THE,A,to,to,-33.518890380859375,"[-3.6123736, -7.094738, -7.368001, -1.8054094, -6.7582607, -1.3186117, -4.7031183, -0.85837865]"
the cop promised her the pie .,a doctor brought us a tea .,DO,DO,PROMISE,BRING,THE,A,to,to,-31.79543685913086,"[-3.6123736, -7.094738, -7.368001, -4.5666924, -1.6536033, -6.513134, -0.98689604]"
the cop promised him the bell .,a mayor brought an instrument to them .,DO,PD,PROMISE,BRING,THE,A,to,to,-44.739173889160156,"[-3.613634, -9.806456, -8.822304, -3.6397624, -8.517879, -1.1849576, -7.8252745, -1.3289071]"
the cop promised him the bell .,a mayor brought them an instrument .,DO,DO,PROMISE,BRING,THE,A,to,to,-42.68510818481445,"[-3.613634, -9.806456, -8.822304, -5.1925206, -5.3317833, -7.9522514, -1.9661593]"
the cop promised me the bell .,a hero brought a chocolate to it .,DO,PD,PROMISE,BRING,THE,A,to,to,-44.97404479980469,"[-3.6183987, -8.626881, -7.822707, -2.864541, -9.725407, -4.2431, -7.303381, -0.76962644]"
the cop promised me the bell .,a hero brought it a chocolate .,DO,DO,PROMISE,BRING,THE,A,to,to,-45.49445343017578,"[-3.6183987, -8.626881, -7.822707, -3.607976, -6.7691402, -11.8751335, -3.1742177]"
the cop promised the bell to him .,a mayor brought an instrument to them .,PD,PD,PROMISE,BRING,THE,A,to,to,-44.900611877441406,"[-3.5486732, -9.992189, -9.126517, -3.4177027, -8.431602, -0.876963, -8.244455, -1.2625096]"
the cop promised the bell to him .,a mayor brought them an instrument .,PD,DO,PROMISE,BRING,THE,A,to,to,-44.69960403442383,"[-3.5486732, -9.992189, -9.126517, -6.1131945, -5.597703, -8.193743, -2.1275847]"
the cop promised the bell to me .,a hero brought a chocolate to it .,PD,PD,PROMISE,BRING,THE,A,to,to,-43.987464904785156,"[-3.5526948, -8.719908, -8.133591, -2.7019057, -9.256017, -3.6122136, -7.279065, -0.73206854]"
the cop promised the bell to me .,a hero brought it a chocolate .,PD,DO,PROMISE,BRING,THE,A,to,to,-45.743560791015625,"[-3.5526948, -8.719908, -8.133591, -4.0555243, -6.66829, -11.006552, -3.606998]"
the cop promised the bell to them .,a husband found a salad for it .,PD,PD,PROMISE,FIND,THE,A,to,for,-44.25116729736328,"[-3.5448995, -8.892267, -6.75732, -1.3799738, -10.301339, -3.6680338, -8.262244, -1.4450911]"
the cop promised the bell to them .,a husband found it a salad .,PD,DO,PROMISE,FIND,THE,A,to,for,-39.828060150146484,"[-3.5448995, -8.892267, -6.75732, -4.270991, -3.7046998, -11.375041, -1.2828424]"
the cop promised the bell to you .,a scientist sold a beer to him .,PD,PD,PROMISE,SELL,THE,A,to,to,-38.060184478759766,"[-3.5408077, -8.1369915, -10.647367, -1.1299037, -6.913714, -0.8840784, -5.849538, -0.9577849]"
the cop promised the bell to you .,a scientist sold him a beer .,PD,DO,PROMISE,SELL,THE,A,to,to,-35.774864196777344,"[-3.5408077, -8.1369915, -10.647367, -6.140873, -0.82956606, -5.363616, -1.1156443]"
the cop promised the coffee to them .,a reader drew a gun for you .,PD,PD,PROMISE,DRAW,THE,A,to,for,-40.372589111328125,"[-3.5619736, -6.9835963, -9.774753, -1.5351894, -6.9061613, -5.4584503, -5.4296026, -0.7228601]"
the cop promised the coffee to them .,a reader drew you a gun .,PD,DO,PROMISE,DRAW,THE,A,to,for,-40.7358512878418,"[-3.5619736, -6.9835963, -9.774753, -9.09369, -1.3872174, -8.866103, -1.06852]"
the cop promised the coffee to you .,a chief made a camera for us .,PD,PD,PROMISE,MAKE,THE,A,to,for,-41.725181579589844,"[-3.5580568, -9.043143, -10.396919, -1.3041468, -8.906189, -2.6657138, -4.6150203, -1.235994]"
the cop promised the coffee to you .,a chief made us a camera .,PD,DO,PROMISE,MAKE,THE,A,to,for,-43.50086975097656,"[-3.5580568, -9.043143, -10.396919, -7.4220276, -2.786629, -9.06199, -1.2321074]"
the cop promised the coffee to you .,a band designed a key for us .,PD,PD,PROMISE,DESIGN,THE,A,to,for,-44.479637145996094,"[-3.5580568, -7.458606, -9.063735, -6.649271, -8.1051655, -1.9337026, -6.046285, -1.664816]"
the cop promised the coffee to you .,a band designed us a key .,PD,DO,PROMISE,DESIGN,THE,A,to,for,-47.569183349609375,"[-3.5580568, -7.458606, -9.063735, -12.37901, -5.1128206, -7.7465982, -2.2503579]"
the cop promised the pie to her .,a doctor brought a tea to us .,PD,PD,PROMISE,BRING,THE,A,to,to,-33.446556091308594,"[-3.592717, -7.189293, -7.594697, -1.4385225, -6.9168077, -0.52977824, -4.983864, -1.2008786]"
the cop promised the pie to her .,a doctor brought us a tea .,PD,DO,PROMISE,BRING,THE,A,to,to,-33.484642028808594,"[-3.592717, -7.189293, -7.594697, -4.9815607, -1.5307969, -7.0606637, -1.5349131]"
the cop promised them the bell .,a husband found a salad for it .,DO,PD,PROMISE,FIND,THE,A,to,for,-44.43121337890625,"[-3.5809686, -8.716498, -6.3005133, -1.5070769, -10.64647, -3.7743635, -8.546842, -1.3584791]"
the cop promised them the bell .,a husband found it a salad .,DO,DO,PROMISE,FIND,THE,A,to,for,-39.469207763671875,"[-3.5809686, -8.716498, -6.3005133, -4.1466393, -3.9141688, -11.74343, -1.0669876]"
the cop promised them the coffee .,a reader drew a gun for you .,DO,PD,PROMISE,DRAW,THE,A,to,for,-41.60643768310547,"[-3.5887742, -7.1011224, -9.692093, -1.722012, -7.2025247, -5.322427, -6.1718936, -0.80559015]"
the cop promised them the coffee .,a reader drew you a gun .,DO,DO,PROMISE,DRAW,THE,A,to,for,-41.072357177734375,"[-3.5887742, -7.1011224, -9.692093, -9.13822, -1.0397469, -9.644027, -0.8683764]"
the cop promised you the bell .,a scientist sold a beer to him .,DO,PD,PROMISE,SELL,THE,A,to,to,-38.82726287841797,"[-3.5816755, -8.033014, -10.2688055, -1.2793728, -7.253334, -1.1915526, -6.0805807, -1.1389251]"
the cop promised you the bell .,a scientist sold him a beer .,DO,DO,PROMISE,SELL,THE,A,to,to,-35.267791748046875,"[-3.5816755, -8.033014, -10.2688055, -5.721421, -0.9926599, -5.62027, -1.0499442]"
the cop promised you the coffee .,a chief made a camera for us .,DO,PD,PROMISE,MAKE,THE,A,to,for,-42.42424392700195,"[-3.5901415, -8.922749, -10.574038, -1.2758116, -9.074162, -3.3384407, -4.578291, -1.0706117]"
the cop promised you the coffee .,a chief made us a camera .,DO,DO,PROMISE,MAKE,THE,A,to,for,-43.5684814453125,"[-3.5901415, -8.922749, -10.574038, -6.9893727, -2.720281, -9.61713, -1.154768]"
the cop promised you the coffee .,a band designed a key for us .,DO,PD,PROMISE,DESIGN,THE,A,to,for,-45.446128845214844,"[-3.5901415, -7.582013, -9.325306, -6.623408, -8.253744, -2.0913892, -6.655282, -1.3248434]"
the cop promised you the coffee .,a band designed us a key .,DO,DO,PROMISE,DESIGN,THE,A,to,for,-46.62128829956055,"[-3.5901415, -7.582013, -9.325306, -12.140786, -4.420827, -7.877261, -1.6849556]"
the cop purchased him the glass .,a parent promised a jacket to you .,DO,PD,PURCHASE,PROMISE,THE,A,for,to,-47.677947998046875,"[-3.6805212, -7.8954854, -10.076966, -2.75078, -11.599614, -2.0331995, -8.043465, -1.5979162]"
the cop purchased him the glass .,a parent promised you a jacket .,DO,DO,PURCHASE,PROMISE,THE,A,for,to,-40.859046936035156,"[-3.6805212, -7.8954854, -10.076966, -6.248646, -2.085558, -9.357312, -1.5145584]"
the cop purchased him the guitar .,a boy supplied a pie to us .,DO,PD,PURCHASE,SUPPLY,THE,A,for,to,-44.19432830810547,"[-3.711373, -6.919194, -11.926386, -3.0621715, -8.590324, -1.3342302, -7.458143, -1.1925063]"
the cop purchased him the guitar .,a boy supplied us a pie .,DO,DO,PURCHASE,SUPPLY,THE,A,for,to,-41.0726203918457,"[-3.711373, -6.919194, -11.926386, -4.6875443, -3.8281, -8.643979, -1.3560442]"
the cop purchased it the guitar .,a doctor brought a tea to us .,DO,PD,PURCHASE,BRING,THE,A,for,to,-33.90252685546875,"[-3.6848154, -7.259246, -6.8307056, -2.1580055, -7.291131, -1.388661, -4.1294675, -1.1604929]"
the cop purchased it the guitar .,a doctor brought us a tea .,DO,DO,PURCHASE,BRING,THE,A,for,to,-31.900489807128906,"[-3.6848154, -7.259246, -6.8307056, -4.030059, -1.8329241, -6.7999725, -1.4627664]"
the cop purchased it the guitar .,a cousin drew a camera for us .,DO,PD,PURCHASE,DRAW,THE,A,for,for,-40.954139709472656,"[-3.6848154, -9.291507, -9.631639, -1.2805622, -7.9583645, -3.8798332, -3.9942908, -1.2331277]"
the cop purchased it the guitar .,a cousin drew us a camera .,DO,DO,PURCHASE,DRAW,THE,A,for,for,-39.596466064453125,"[-3.6848154, -9.291507, -9.631639, -6.1913815, -1.2093047, -8.097369, -1.490451]"
the cop purchased me the guitar .,a candidate drew a flower for you .,DO,PD,PURCHASE,DRAW,THE,A,for,for,-41.7139892578125,"[-3.7052195, -8.995426, -8.592308, -1.2272116, -8.050896, -3.660181, -6.3955045, -1.087245]"
the cop purchased me the guitar .,a candidate drew you a flower .,DO,DO,PURCHASE,DRAW,THE,A,for,for,-40.92707443237305,"[-3.7052195, -8.995426, -8.592308, -8.451499, -2.081486, -7.9396505, -1.1614852]"
the cop purchased me the tea .,a sheriff got a chicken for him .,DO,PD,PURCHASE,GET,THE,A,for,for,-41.46202087402344,"[-3.6937122, -8.728302, -7.294124, -2.0147612, -9.851643, -3.7164218, -5.4276857, -0.73537314]"
the cop purchased me the tea .,a sheriff got him a chicken .,DO,DO,PURCHASE,GET,THE,A,for,for,-34.25615692138672,"[-3.6937122, -8.728302, -7.294124, -3.997082, -2.2858741, -7.440136, -0.81692356]"
the cop purchased the glass for him .,a parent promised a jacket to you .,PD,PD,PURCHASE,PROMISE,THE,A,for,to,-46.81790542602539,"[-3.6520061, -7.908724, -10.039601, -2.4045525, -11.045772, -1.976159, -8.188889, -1.6022041]"
the cop purchased the glass for him .,a parent promised you a jacket .,PD,DO,PURCHASE,PROMISE,THE,A,for,to,-40.410118103027344,"[-3.6520061, -7.908724, -10.039601, -6.0168667, -1.8646538, -8.879646, -2.048617]"
the cop purchased the glass for you .,a scientist found a cheese for me .,PD,PD,PURCHASE,FIND,THE,A,for,for,-36.425472259521484,"[-3.6234584, -8.023531, -5.092516, -1.2389275, -9.567971, -4.60939, -3.4351037, -0.834575]"
the cop purchased the glass for you .,a scientist found me a cheese .,PD,DO,PURCHASE,FIND,THE,A,for,for,-37.00078582763672,"[-3.6234584, -8.023531, -5.092516, -8.24503, -1.2523987, -8.042822, -2.721026]"
the cop purchased the guitar for him .,a boy supplied a pie to us .,PD,PD,PURCHASE,SUPPLY,THE,A,for,to,-43.50215148925781,"[-3.6459913, -6.913143, -11.940494, -2.8395386, -8.296783, -1.4024296, -7.39534, -1.0684314]"
the cop purchased the guitar for him .,a boy supplied us a pie .,PD,DO,PURCHASE,SUPPLY,THE,A,for,to,-42.267093658447266,"[-3.6459913, -6.913143, -11.940494, -5.5264616, -4.437606, -7.98493, -1.8184681]"
the cop purchased the guitar for it .,a doctor brought a tea to us .,PD,PD,PURCHASE,BRING,THE,A,for,to,-34.12159729003906,"[-3.6410313, -7.230816, -6.640072, -2.1752312, -7.3545814, -1.3715942, -4.466439, -1.2418362]"
the cop purchased the guitar for it .,a doctor brought us a tea .,PD,DO,PURCHASE,BRING,THE,A,for,to,-32.63631057739258,"[-3.6410313, -7.230816, -6.640072, -4.030799, -2.097885, -6.963125, -2.0325837]"
the cop purchased the guitar for it .,a cousin drew a camera for us .,PD,PD,PURCHASE,DRAW,THE,A,for,for,-41.790809631347656,"[-3.6410313, -9.252583, -9.838592, -1.1687398, -8.301315, -2.6243672, -5.8591065, -1.1050755]"
the cop purchased the guitar for it .,a cousin drew us a camera .,PD,DO,PURCHASE,DRAW,THE,A,for,for,-41.89881896972656,"[-3.6410313, -9.252583, -9.838592, -6.843575, -1.295929, -8.986317, -2.0407934]"
the cop purchased the guitar for me .,a candidate drew a flower for you .,PD,PD,PURCHASE,DRAW,THE,A,for,for,-40.029380798339844,"[-3.6246076, -8.937769, -8.865392, -1.2108846, -8.470541, -2.2690816, -5.725232, -0.9258712]"
the cop purchased the guitar for me .,a candidate drew you a flower .,PD,DO,PURCHASE,DRAW,THE,A,for,for,-42.647064208984375,"[-3.6246076, -8.937769, -8.865392, -9.560812, -2.1032388, -7.966151, -1.589098]"
the cop purchased the guitar for you .,a secretary sent a salad to us .,PD,PD,PURCHASE,SEND,THE,A,for,to,-41.50297546386719,"[-3.6138213, -10.431744, -6.066776, -1.4577675, -13.039399, -1.1991298, -4.220265, -1.4740735]"
the cop purchased the guitar for you .,a secretary sent us a salad .,PD,DO,PURCHASE,SEND,THE,A,for,to,-40.1468505859375,"[-3.6138213, -10.431744, -6.066776, -4.668251, -1.0433135, -12.236154, -2.0867918]"
the cop purchased the guitar for you .,a candidate designed a key for them .,PD,PD,PURCHASE,DESIGN,THE,A,for,for,-42.945472717285156,"[-3.6138213, -8.839057, -9.954838, -2.8548856, -7.9114594, -1.819903, -6.8218613, -1.1296486]"
the cop purchased the guitar for you .,a candidate designed them a key .,PD,DO,PURCHASE,DESIGN,THE,A,for,for,-47.033226013183594,"[-3.6138213, -8.839057, -9.954838, -7.214709, -6.744541, -7.4506683, -3.21559]"
the cop purchased the tea for me .,a sheriff got a chicken for him .,PD,PD,PURCHASE,GET,THE,A,for,for,-38.67115783691406,"[-3.6252797, -8.633617, -7.8121696, -1.5580051, -9.427359, -2.3090596, -4.5688915, -0.7367784]"
the cop purchased the tea for me .,a sheriff got him a chicken .,PD,DO,PURCHASE,GET,THE,A,for,for,-35.914276123046875,"[-3.6252797, -8.633617, -7.8121696, -4.7113132, -1.8826041, -7.5579624, -1.6913298]"
the cop purchased you the glass .,a scientist found a cheese for me .,DO,PD,PURCHASE,FIND,THE,A,for,for,-37.235450744628906,"[-3.6509106, -7.969656, -4.9219713, -1.2335143, -9.976172, -5.614181, -2.958595, -0.9104506]"
the cop purchased you the glass .,a scientist found me a cheese .,DO,DO,PURCHASE,FIND,THE,A,for,for,-34.22443389892578,"[-3.6509106, -7.969656, -4.9219713, -6.6423926, -1.2287459, -8.180799, -1.629955]"
the cop purchased you the guitar .,a secretary sent a salad to us .,DO,PD,PURCHASE,SEND,THE,A,for,to,-40.78870391845703,"[-3.6572614, -10.440503, -5.810771, -1.7145014, -12.395457, -1.1193366, -4.4717035, -1.1791722]"
the cop purchased you the guitar .,a secretary sent us a salad .,DO,DO,PURCHASE,SEND,THE,A,for,to,-38.587005615234375,"[-3.6572614, -10.440503, -5.810771, -3.9860153, -1.2134849, -12.183958, -1.29501]"
the cop purchased you the guitar .,a candidate designed a key for them .,DO,PD,PURCHASE,DESIGN,THE,A,for,for,-44.28096008300781,"[-3.6572614, -8.945722, -9.845327, -2.5329828, -8.484879, -2.4993954, -7.2183475, -1.097048]"
the cop purchased you the guitar .,a candidate designed them a key .,DO,DO,PURCHASE,DESIGN,THE,A,for,for,-46.42760467529297,"[-3.6572614, -8.945722, -9.845327, -7.1734333, -6.838963, -7.361127, -2.605771]"
the cop saved her the hat .,a parent gave a tea to them .,DO,PD,SAVE,GIVE,THE,A,for,to,-39.856239318847656,"[-3.5839596, -8.2085905, -5.929397, -2.0415416, -10.363586, -0.90914834, -7.509648, -1.3103688]"
the cop saved her the hat .,a parent gave them a tea .,DO,DO,SAVE,GIVE,THE,A,for,to,-33.55488586425781,"[-3.5839596, -8.2085905, -5.929397, -4.2792554, -0.8049067, -9.26438, -1.4843982]"
the cop saved her the telephone .,a bishop bought a beer for you .,DO,PD,SAVE,BUY,THE,A,for,for,-42.22322463989258,"[-3.595976, -9.6700535, -9.577685, -1.0875524, -7.697028, -2.3308787, -7.20323, -1.0608207]"
the cop saved her the telephone .,a bishop bought you a beer .,DO,DO,SAVE,BUY,THE,A,for,for,-36.889625549316406,"[-3.595976, -9.6700535, -9.577685, -7.266229, -0.5679616, -4.729122, -1.4825975]"
the cop saved him the beer .,a chief caught a newspaper for us .,DO,PD,SAVE,CATCH,THE,A,for,for,-55.496543884277344,"[-3.6247032, -9.012233, -11.789387, -4.3444586, -8.812613, -5.6813703, -10.490181, -1.7415972]"
the cop saved him the beer .,a chief caught us a newspaper .,DO,DO,SAVE,CATCH,THE,A,for,for,-50.655277252197266,"[-3.6247032, -9.012233, -11.789387, -8.085884, -4.906842, -9.372488, -3.8637404]"
the cop saved him the hat .,a hero bought a chicken for you .,DO,PD,SAVE,BUY,THE,A,for,for,-39.63347625732422,"[-3.6482549, -8.128481, -8.814735, -1.4022369, -7.2086515, -3.2224786, -6.169297, -1.0393398]"
the cop saved him the hat .,a hero bought you a chicken .,DO,DO,SAVE,BUY,THE,A,for,for,-35.96754837036133,"[-3.6482549, -8.128481, -8.814735, -5.272663, -0.67824197, -7.5505433, -1.8746293]"
the cop saved it the telephone .,a buddy got a cup for me .,DO,PD,SAVE,GET,THE,A,for,for,-40.548805236816406,"[-3.6076348, -10.170919, -5.810396, -1.7205366, -7.421866, -6.3946686, -4.267229, -1.1555536]"
the cop saved it the telephone .,a buddy got me a cup .,DO,DO,SAVE,GET,THE,A,for,for,-34.59002685546875,"[-3.6076348, -10.170919, -5.810396, -3.9418254, -0.8892237, -5.9077888, -4.262239]"
the cop saved me the candy .,a doctor sent a tea to us .,DO,PD,SAVE,SEND,THE,A,for,to,-36.39552307128906,"[-3.632248, -7.0634775, -5.696547, -1.9891996, -9.681849, -1.3959274, -5.603918, -1.3323574]"
the cop saved me the candy .,a doctor sent us a tea .,DO,DO,SAVE,SEND,THE,A,for,to,-31.887495040893555,"[-3.632248, -7.0634775, -5.696547, -4.1596107, -1.1581637, -8.463172, -1.7142764]"
the cop saved me the telephone .,a buddy left a flower for him .,DO,PD,SAVE,LEAVE,THE,A,for,for,-39.823814392089844,"[-3.651982, -9.7828245, -7.3383746, -2.0597787, -8.478095, -3.2345502, -3.719357, -1.5588489]"
the cop saved me the telephone .,a buddy left him a flower .,DO,DO,SAVE,LEAVE,THE,A,for,for,-36.221221923828125,"[-3.651982, -9.7828245, -7.3383746, -4.4548554, -0.8643413, -8.455694, -1.6731514]"
the cop saved the anchor for them .,a guest sent a camera to me .,PD,PD,SAVE,SEND,THE,A,for,to,-40.77165985107422,"[-3.519443, -8.035269, -11.299045, -2.5671024, -8.330311, -1.2013562, -3.761208, -2.0579228]"
the cop saved the anchor for them .,a guest sent me a camera .,PD,DO,SAVE,SEND,THE,A,for,to,-37.50335693359375,"[-3.519443, -8.035269, -11.299045, -1.7698841, -1.2652731, -8.83016, -2.784282]"
the cop saved the beer for him .,a chief caught a newspaper for us .,PD,PD,SAVE,CATCH,THE,A,for,for,-55.10822677612305,"[-3.545014, -9.032791, -11.887783, -4.4458494, -8.976305, -4.8757343, -10.669476, -1.6752739]"
the cop saved the beer for him .,a chief caught us a newspaper .,PD,DO,SAVE,CATCH,THE,A,for,for,-53.763450622558594,"[-3.545014, -9.032791, -11.887783, -8.568264, -5.466713, -10.682637, -4.580249]"
the cop saved the candy for me .,a doctor sent a tea to us .,PD,PD,SAVE,SEND,THE,A,for,to,-35.21009063720703,"[-3.5698419, -7.2132435, -5.97171, -1.440713, -9.393235, -1.1932241, -5.234707, -1.1934152]"
the cop saved the candy for me .,a doctor sent us a tea .,PD,DO,SAVE,SEND,THE,A,for,to,-33.04361343383789,"[-3.5698419, -7.2132435, -5.97171, -4.058729, -0.94658995, -8.674425, -2.6090732]"
the cop saved the candy for you .,a colonel drew a bag for me .,PD,PD,SAVE,DRAW,THE,A,for,for,-41.05191421508789,"[-3.5523694, -11.471159, -9.265767, -1.0432327, -8.063394, -3.9331253, -2.616397, -1.1064708]"
the cop saved the candy for you .,a colonel drew me a bag .,PD,DO,SAVE,DRAW,THE,A,for,for,-42.98691940307617,"[-3.5523694, -11.471159, -9.265767, -6.6139755, -1.4693971, -7.1592073, -3.4550438]"
the cop saved the hat for her .,a parent gave a tea to them .,PD,PD,SAVE,GIVE,THE,A,for,to,-40.02153778076172,"[-3.559378, -8.065632, -5.886658, -1.7162839, -10.679047, -0.6550487, -8.075406, -1.3840849]"
the cop saved the hat for her .,a parent gave them a tea .,PD,DO,SAVE,GIVE,THE,A,for,to,-34.664085388183594,"[-3.559378, -8.065632, -5.886658, -5.1765842, -0.8303417, -9.16379, -1.9817001]"
the cop saved the hat for him .,a hero bought a chicken for you .,PD,PD,SAVE,BUY,THE,A,for,for,-37.972434997558594,"[-3.5748906, -8.32337, -9.030535, -0.7754164, -7.2860446, -2.0922327, -5.951811, -0.93813765]"
the cop saved the hat for him .,a hero bought you a chicken .,PD,DO,SAVE,BUY,THE,A,for,for,-38.17738342285156,"[-3.5748906, -8.32337, -9.030535, -7.0794344, -0.558308, -7.390688, -2.2201567]"
the cop saved the telephone for her .,a bishop bought a beer for you .,PD,PD,SAVE,BUY,THE,A,for,for,-39.979705810546875,"[-3.5504916, -9.64461, -9.785492, -0.8226023, -6.7559624, -1.2257258, -7.1542997, -1.0405196]"
the cop saved the telephone for her .,a bishop bought you a beer .,PD,DO,SAVE,BUY,THE,A,for,for,-37.62432098388672,"[-3.5504916, -9.64461, -9.785492, -8.103238, -0.5175962, -4.248799, -1.7740908]"
the cop saved the telephone for it .,a buddy got a cup for me .,PD,PD,SAVE,GET,THE,A,for,for,-39.3539924621582,"[-3.563169, -10.278978, -5.7168236, -1.5709833, -7.505526, -6.038248, -3.588407, -1.0918558]"
the cop saved the telephone for it .,a buddy got me a cup .,PD,DO,SAVE,GET,THE,A,for,for,-35.22816467285156,"[-3.563169, -10.278978, -5.7168236, -4.3084702, -0.7368389, -6.1315136, -4.4923725]"
the cop saved the telephone for me .,a buddy left a flower for him .,PD,PD,SAVE,LEAVE,THE,A,for,for,-38.74022674560547,"[-3.5578485, -10.131493, -7.31816, -1.3337982, -8.363737, -2.395976, -4.434612, -1.2046008]"
the cop saved the telephone for me .,a buddy left him a flower .,PD,DO,SAVE,LEAVE,THE,A,for,for,-36.784019470214844,"[-3.5578485, -10.131493, -7.31816, -4.5593424, -1.1071281, -8.331557, -1.7784908]"
the cop saved the telephone for them .,an actor sold a meal to me .,PD,PD,SAVE,SELL,THE,A,for,to,-44.380916595458984,"[-5.663453, -6.8851604, -10.47435, -1.5917416, -9.380125, -1.6738116, -6.7385926, -1.9736832]"
the cop saved the telephone for them .,an actor sold me a meal .,PD,DO,SAVE,SELL,THE,A,for,to,-41.80763626098633,"[-5.663453, -6.8851604, -10.47435, -6.2298813, -1.0809556, -9.073587, -2.40025]"
the cop saved them the anchor .,a guest sent a camera to me .,DO,PD,SAVE,SEND,THE,A,for,to,-40.848052978515625,"[-3.5923965, -7.972363, -11.383257, -3.0084577, -8.355177, -1.3190297, -3.477004, -1.7403697]"
the cop saved them the anchor .,a guest sent me a camera .,DO,DO,SAVE,SEND,THE,A,for,to,-36.85081100463867,"[-3.5923965, -7.972363, -11.383257, -1.5663439, -1.5509665, -8.647321, -2.1381629]"
the cop saved them the telephone .,an actor sold a meal to me .,DO,PD,SAVE,SELL,THE,A,for,to,-43.134796142578125,"[-5.701196, -6.754136, -10.33936, -1.7256585, -9.9623575, -1.3337836, -5.5648475, -1.7534544]"
the cop saved them the telephone .,an actor sold me a meal .,DO,DO,SAVE,SELL,THE,A,for,to,-41.258384704589844,"[-5.701196, -6.754136, -10.33936, -5.3394594, -0.93574613, -10.07157, -2.11692]"
the cop saved you the candy .,a colonel drew a bag for me .,DO,PD,SAVE,DRAW,THE,A,for,for,-41.46200180053711,"[-3.594932, -11.231161, -9.018938, -1.0814327, -8.014864, -4.6818213, -2.7703962, -1.0684557]"
the cop saved you the candy .,a colonel drew me a bag .,DO,DO,SAVE,DRAW,THE,A,for,for,-39.82696533203125,"[-3.594932, -11.231161, -9.018938, -5.8142877, -0.7266318, -6.2219095, -3.2191038]"
the cop sent him the machine .,a prince supplied a salad to you .,DO,PD,SEND,SUPPLY,THE,A,to,to,-46.730712890625,"[-3.5381436, -10.602661, -10.205555, -2.543912, -9.723635, -2.4065022, -6.928895, -0.7814102]"
the cop sent him the machine .,a prince supplied you a salad .,DO,DO,SEND,SUPPLY,THE,A,to,to,-42.83369445800781,"[-3.5381436, -10.602661, -10.205555, -5.346998, -2.8949697, -9.2540455, -0.991323]"
the cop sent me the key .,a winner drew a computer for us .,DO,PD,SEND,DRAW,THE,A,to,for,-45.28904724121094,"[-3.5118198, -10.640022, -11.53044, -1.4748609, -9.123571, -4.0041223, -4.0836277, -0.9205841]"
the cop sent me the key .,a winner drew us a computer .,DO,DO,SEND,DRAW,THE,A,to,for,-43.585147857666016,"[-3.5118198, -10.640022, -11.53044, -5.5528936, -1.3871895, -9.996266, -0.96651506]"
the cop sent the coffee to us .,an aunt promised a tea to him .,PD,PD,SEND,PROMISE,THE,A,to,to,-43.334285736083984,"[-5.672167, -9.055224, -10.094968, -2.4104838, -7.598266, -0.90183276, -6.514243, -1.087102]"
the cop sent the coffee to us .,an aunt promised him a tea .,PD,DO,SEND,PROMISE,THE,A,to,to,-39.636009216308594,"[-5.672167, -9.055224, -10.094968, -5.591739, -0.9609756, -6.7557735, -1.5051584]"
the cop sent the key to me .,a winner drew a computer for us .,PD,PD,SEND,DRAW,THE,A,to,for,-44.11133575439453,"[-3.4829202, -10.717859, -11.805663, -1.3627955, -8.662579, -3.9009142, -3.3898554, -0.78874964]"
the cop sent the key to me .,a winner drew us a computer .,PD,DO,SEND,DRAW,THE,A,to,for,-44.737449645996094,"[-3.4829202, -10.717859, -11.805663, -6.7451653, -1.3608011, -9.3187475, -1.3062925]"
the cop sent the key to you .,a cousin threw a button to me .,PD,PD,SEND,THROW,THE,A,to,to,-37.53127670288086,"[-3.4856155, -9.901577, -9.194147, -0.54021853, -9.44075, -1.3341645, -2.767963, -0.86683905]"
the cop sent the key to you .,a cousin threw me a button .,PD,DO,SEND,THROW,THE,A,to,to,-39.87413787841797,"[-3.4856155, -9.901577, -9.194147, -5.5201635, -0.2941543, -10.554083, -0.9243968]"
the cop sent the machine to him .,a prince supplied a salad to you .,PD,PD,SEND,SUPPLY,THE,A,to,to,-45.53395080566406,"[-3.503439, -10.953581, -10.616077, -2.0324006, -9.838263, -1.3973064, -6.558976, -0.6339084]"
the cop sent the machine to him .,a prince supplied you a salad .,PD,DO,SEND,SUPPLY,THE,A,to,to,-44.22657775878906,"[-3.503439, -10.953581, -10.616077, -5.535067, -3.3753643, -9.204596, -1.0384555]"
the cop sent the machine to them .,an administration designed an anchor for him .,PD,PD,SEND,DESIGN,THE,A,to,for,-50.372737884521484,"[-5.719414, -8.483436, -9.628706, -6.2712245, -10.306102, -1.9377594, -6.7235837, -1.3025115]"
the cop sent the machine to them .,an administration designed him an anchor .,PD,DO,SEND,DESIGN,THE,A,to,for,-49.41264343261719,"[-5.719414, -8.483436, -9.628706, -9.515832, -5.5346084, -8.684817, -1.8458314]"
the cop sent the machine to you .,a captain saved a bottle for him .,PD,PD,SEND,SAVE,THE,A,to,for,-45.139095306396484,"[-3.492288, -10.416956, -9.722092, -1.8390249, -9.212584, -4.884358, -4.8832374, -0.68855596]"
the cop sent the machine to you .,a captain saved him a bottle .,PD,DO,SEND,SAVE,THE,A,to,for,-44.56714630126953,"[-3.492288, -10.416956, -9.722092, -3.9723525, -5.417355, -9.043371, -2.5027318]"
the cop sent them the machine .,an administration designed an anchor for him .,DO,PD,SEND,DESIGN,THE,A,to,for,-51.054100036621094,"[-5.7097793, -8.496912, -9.6770935, -6.553286, -10.296106, -1.9047902, -7.1379204, -1.2782092]"
the cop sent them the machine .,an administration designed him an anchor .,DO,DO,SEND,DESIGN,THE,A,to,for,-47.61820602416992,"[-5.7097793, -8.496912, -9.6770935, -9.187621, -4.5022674, -8.418713, -1.6258216]"
the cop sent us the coffee .,an aunt promised a tea to him .,DO,PD,SEND,PROMISE,THE,A,to,to,-45.31581497192383,"[-5.6812787, -8.63821, -9.80195, -2.5170043, -8.110943, -2.4748755, -6.789642, -1.3019125]"
the cop sent us the coffee .,an aunt promised him a tea .,DO,DO,SEND,PROMISE,THE,A,to,to,-37.913238525390625,"[-5.6812787, -8.63821, -9.80195, -5.576668, -0.7884758, -6.409809, -1.0168462]"
the cop sent you the key .,a cousin threw a button to me .,DO,PD,SEND,THROW,THE,A,to,to,-40.94160461425781,"[-3.493957, -9.642221, -8.889725, -0.6091599, -9.684362, -2.8812003, -4.5439367, -1.1970432]"
the cop sent you the key .,a cousin threw me a button .,DO,DO,SEND,THROW,THE,A,to,to,-38.04484558105469,"[-3.493957, -9.642221, -8.889725, -4.4407926, -0.32010317, -10.441735, -0.81630874]"
the cop sent you the machine .,a captain saved a bottle for him .,DO,PD,SEND,SAVE,THE,A,to,for,-45.63629913330078,"[-3.4968615, -10.189311, -9.3870735, -1.626575, -9.770067, -4.9264984, -5.2260613, -1.0138527]"
the cop sent you the machine .,a captain saved him a bottle .,DO,DO,SEND,SAVE,THE,A,to,for,-42.29779052734375,"[-3.4968615, -10.189311, -9.3870735, -3.917952, -4.197136, -8.587803, -2.5216565]"
the cop showed her the flower .,a guest got a juice for you .,DO,PD,SHOW,GET,THE,A,to,for,-44.86888122558594,"[-3.5406213, -8.230165, -11.439695, -1.5866587, -10.082846, -3.2562642, -5.791048, -0.9415809]"
the cop showed her the flower .,a guest got you a juice .,DO,DO,SHOW,GET,THE,A,to,for,-40.49433517456055,"[-3.5406213, -8.230165, -11.439695, -5.6893024, -1.5862019, -8.463183, -1.5451672]"
the cop showed him the ball .,a kid purchased a flower for it .,DO,PD,SHOW,PURCHASE,THE,A,to,for,-42.2989501953125,"[-3.521539, -8.251401, -10.981592, -0.67583567, -8.4367695, -2.7256522, -6.7960386, -0.9101245]"
the cop showed him the ball .,a kid purchased it a flower .,DO,DO,SHOW,PURCHASE,THE,A,to,for,-46.069091796875,"[-3.521539, -8.251401, -10.981592, -4.5597773, -5.3485928, -11.924786, -1.4814065]"
the cop showed him the knife .,an actress bought a coffee for you .,DO,PD,SHOW,BUY,THE,A,to,for,-41.42241668701172,"[-5.6565566, -7.223811, -8.60308, -0.6741193, -6.939559, -3.235262, -8.004368, -1.085662]"
the cop showed him the knife .,an actress bought you a coffee .,DO,DO,SHOW,BUY,THE,A,to,for,-37.389915466308594,"[-5.6565566, -7.223811, -8.60308, -8.216065, -0.61230636, -5.691388, -1.3867075]"
the cop showed him the plate .,a prince brought a motor to us .,DO,PD,SHOW,BRING,THE,A,to,to,-45.649444580078125,"[-3.5693488, -10.8088875, -6.9240966, -1.5988303, -10.185829, -4.736576, -7.061536, -0.76433635]"
the cop showed him the plate .,a prince brought us a motor .,DO,DO,SHOW,BRING,THE,A,to,to,-43.49040985107422,"[-3.5693488, -10.8088875, -6.9240966, -5.8902283, -1.8175774, -10.593163, -3.8871062]"
the cop showed it the candy .,a princess sent a salad to me .,DO,PD,SHOW,SEND,THE,A,to,to,-40.73033905029297,"[-3.541954, -10.958907, -7.211357, -1.91171, -10.91783, -0.9709799, -4.3967576, -0.8208457]"
the cop showed it the candy .,a princess sent me a salad .,DO,DO,SHOW,SEND,THE,A,to,to,-38.352325439453125,"[-3.541954, -10.958907, -7.211357, -5.1403894, -0.82449526, -9.688368, -0.98685616]"
the cop showed the ball to him .,a kid purchased a flower for it .,PD,PD,SHOW,PURCHASE,THE,A,to,for,-42.29551696777344,"[-3.4700022, -8.500147, -11.028973, -0.5360789, -8.538767, -2.6460476, -6.6342764, -0.94122905]"
the cop showed the ball to him .,a kid purchased it a flower .,PD,DO,SHOW,PURCHASE,THE,A,to,for,-47.739990234375,"[-3.4700022, -8.500147, -11.028973, -5.0334783, -5.272908, -12.6894455, -1.7450358]"
the cop showed the ball to you .,a doctor brought a tea to us .,PD,PD,SHOW,BRING,THE,A,to,to,-33.07064437866211,"[-3.4561179, -7.4631796, -7.4317546, -0.9117847, -7.8875246, -0.6412732, -4.507169, -0.771842]"
the cop showed the ball to you .,a doctor brought us a tea .,PD,DO,SHOW,BRING,THE,A,to,to,-33.48802185058594,"[-3.4561179, -7.4631796, -7.4317546, -5.2350383, -1.1501276, -7.610501, -1.1413004]"
the cop showed the beer to you .,a daughter fed a chicken to them .,PD,PD,SHOW,FEED,THE,A,to,to,-38.53759765625,"[-3.4996614, -9.439543, -9.824259, -1.4492984, -4.1541424, -1.8314246, -6.735983, -1.6032857]"
the cop showed the beer to you .,a daughter fed them a chicken .,PD,DO,SHOW,FEED,THE,A,to,to,-38.709285736083984,"[-3.4996614, -9.439543, -9.824259, -6.917151, -1.2575469, -5.459313, -2.3118126]"
the cop showed the bottle to them .,a hero threw a newspaper to us .,PD,PD,SHOW,THROW,THE,A,to,to,-39.89116668701172,"[-3.5206218, -8.916355, -9.166766, -0.6785432, -7.2589903, -2.7748895, -6.9841747, -0.59082174]"
the cop showed the bottle to them .,a hero threw us a newspaper .,PD,DO,SHOW,THROW,THE,A,to,to,-39.53147888183594,"[-3.5206218, -8.916355, -9.166766, -8.929032, -0.8583398, -6.736369, -1.4039975]"
the cop showed the bottle to us .,a colonel got a meal for you .,PD,PD,SHOW,GET,THE,A,to,for,-43.10497283935547,"[-3.5221891, -11.611589, -8.028956, -1.8160399, -9.082426, -2.6113, -5.672008, -0.7604654]"
the cop showed the bottle to us .,a colonel got you a meal .,PD,DO,SHOW,GET,THE,A,to,for,-40.364707946777344,"[-3.5221891, -11.611589, -8.028956, -8.111987, -1.0397254, -6.821395, -1.2288686]"
the cop showed the candy to it .,a princess sent a salad to me .,PD,PD,SHOW,SEND,THE,A,to,to,-39.100830078125,"[-3.504531, -10.974674, -7.1906896, -1.5151048, -10.802665, -0.47097704, -3.8999882, -0.74220157]"
the cop showed the candy to it .,a princess sent me a salad .,PD,DO,SHOW,SEND,THE,A,to,to,-38.627288818359375,"[-3.504531, -10.974674, -7.1906896, -4.91948, -0.6970824, -10.08129, -1.2595425]"
the cop showed the candy to them .,a chief delivered a flower for you .,PD,PD,SHOW,DELIVER,THE,A,to,for,-46.40747833251953,"[-3.5028367, -9.042964, -12.854618, -0.7659241, -8.551178, -3.8423147, -6.6233063, -1.2243344]"
the cop showed the candy to them .,a chief delivered you a flower .,PD,DO,SHOW,DELIVER,THE,A,to,for,-45.52321243286133,"[-3.5028367, -9.042964, -12.854618, -9.743275, -0.82291377, -8.074253, -1.4823515]"
the cop showed the candy to you .,a buddy purchased a coat for him .,PD,PD,SHOW,PURCHASE,THE,A,to,for,-41.84776306152344,"[-3.491095, -10.389478, -9.994319, -0.818879, -8.867126, -2.7452211, -4.196191, -1.3454545]"
the cop showed the candy to you .,a buddy purchased him a coat .,PD,DO,SHOW,PURCHASE,THE,A,to,for,-40.603824615478516,"[-3.491095, -10.389478, -9.994319, -6.131159, -0.7103759, -8.1151085, -1.7722898]"
the cop showed the coffee to them .,a lady fed a meal to it .,PD,PD,SHOW,FEED,THE,A,to,to,-36.384220123291016,"[-3.5047817, -8.532631, -10.081881, -1.1887803, -6.335701, -0.22095974, -6.042778, -0.47670832]"
the cop showed the coffee to them .,a lady fed it a meal .,PD,DO,SHOW,FEED,THE,A,to,to,-35.8988151550293,"[-3.5047817, -8.532631, -10.081881, -3.9294572, -2.9841247, -5.9722643, -0.8936762]"
the cop showed the coffee to you .,a reader found a key for us .,PD,PD,SHOW,FIND,THE,A,to,for,-40.925872802734375,"[-3.5002277, -7.29804, -6.1122656, -6.2612844, -6.6771154, -4.145952, -5.559698, -1.3712888]"
the cop showed the coffee to you .,a reader found us a key .,PD,DO,SHOW,FIND,THE,A,to,for,-43.277557373046875,"[-3.5002277, -7.29804, -6.1122656, -11.656153, -3.6352003, -7.610511, -3.4651594]"
the cop showed the coffee to you .,a singer found a pie for me .,PD,PD,SHOW,FIND,THE,A,to,for,-41.35174560546875,"[-3.5002277, -10.488392, -7.3738613, -1.5803211, -9.465117, -3.0468574, -4.6593494, -1.2376193]"
the cop showed the coffee to you .,a singer found me a pie .,PD,DO,SHOW,FIND,THE,A,to,for,-41.046173095703125,"[-3.5002277, -10.488392, -7.3738613, -8.326187, -1.6179985, -8.6404, -1.0991089]"
the cop showed the flower to her .,a guest got a juice for you .,PD,PD,SHOW,GET,THE,A,to,for,-44.844703674316406,"[-3.5126653, -8.220037, -11.55442, -1.3541132, -10.264602, -3.1685457, -5.7950983, -0.9752246]"
the cop showed the flower to her .,a guest got you a juice .,PD,DO,SHOW,GET,THE,A,to,for,-42.0338020324707,"[-3.5126653, -8.220037, -11.55442, -5.825788, -1.6064551, -9.036115, -2.278318]"
the cop showed the knife to him .,an actress bought a coffee for you .,PD,PD,SHOW,BUY,THE,A,to,for,-41.379249572753906,"[-5.6611185, -7.556961, -8.8042755, -0.5377967, -7.0835314, -3.1634502, -7.4848514, -1.0872626]"
the cop showed the knife to him .,an actress bought you a coffee .,PD,DO,SHOW,BUY,THE,A,to,for,-38.76054382324219,"[-5.6611185, -7.556961, -8.8042755, -8.860483, -0.45808107, -5.805821, -1.6138062]"
the cop showed the knife to us .,a student left a gun for me .,PD,PD,SHOW,LEAVE,THE,A,to,for,-34.70405197143555,"[-3.5298784, -5.9166346, -7.1272054, -0.7876432, -5.1969347, -4.6121206, -6.0472035, -1.4864315]"
the cop showed the knife to us .,a student left me a gun .,PD,DO,SHOW,LEAVE,THE,A,to,for,-34.9163932800293,"[-3.5298784, -5.9166346, -7.1272054, -7.346589, -0.8857237, -8.320629, -1.7897319]"
the cop showed the knife to us .,a manager threw an anchor to him .,PD,PD,SHOW,THROW,THE,A,to,to,-37.70995330810547,"[-3.5298784, -8.728073, -8.968031, -3.44348, -7.301196, -1.6232822, -3.337914, -0.778101]"
the cop showed the knife to us .,a manager threw him an anchor .,PD,DO,SHOW,THROW,THE,A,to,to,-41.37495040893555,"[-3.5298784, -8.728073, -8.968031, -3.6788478, -5.232948, -9.61552, -1.6216522]"
the cop showed the plate to him .,a prince brought a motor to us .,PD,PD,SHOW,BRING,THE,A,to,to,-45.19148254394531,"[-3.533144, -11.063335, -7.2288866, -1.3749515, -10.033245, -3.9332747, -7.264556, -0.7600906]"
the cop showed the plate to him .,a prince brought us a motor .,PD,DO,SHOW,BRING,THE,A,to,to,-44.35875701904297,"[-3.533144, -11.063335, -7.2288866, -6.329463, -1.4789671, -10.388548, -4.336416]"
the cop showed the plate to you .,an attorney saved an anchor for me .,PD,PD,SHOW,SAVE,THE,A,to,for,-45.299652099609375,"[-5.688382, -5.7361984, -13.961122, -3.9182868, -8.950259, -2.971766, -3.2611837, -0.8124521]"
the cop showed the plate to you .,an attorney saved me an anchor .,PD,DO,SHOW,SAVE,THE,A,to,for,-47.819908142089844,"[-5.688382, -5.7361984, -13.961122, -4.062548, -3.9857957, -12.065133, -2.3207304]"
the cop showed the plate to you .,a captain sold a beer to it .,PD,PD,SHOW,SELL,THE,A,to,to,-41.18882751464844,"[-3.53099, -10.36648, -10.595532, -1.6828264, -6.0687284, -0.6796905, -7.479858, -0.7847221]"
the cop showed the plate to you .,a captain sold it a beer .,PD,DO,SHOW,SELL,THE,A,to,to,-45.52447509765625,"[-3.53099, -10.36648, -10.595532, -5.1131387, -6.9545326, -7.3402696, -1.6235309]"
the cop showed them the bottle .,a hero threw a newspaper to us .,DO,PD,SHOW,THROW,THE,A,to,to,-41.44011688232422,"[-3.5343523, -8.774748, -9.207981, -0.7054786, -7.3728356, -3.1326094, -8.046787, -0.66532123]"
the cop showed them the bottle .,a hero threw us a newspaper .,DO,DO,SHOW,THROW,THE,A,to,to,-39.16569519042969,"[-3.5343523, -8.774748, -9.207981, -8.247521, -0.89150137, -7.4893446, -1.020246]"
the cop showed them the candy .,a chief delivered a flower for you .,DO,PD,SHOW,DELIVER,THE,A,to,for,-46.79094314575195,"[-3.5211675, -8.970919, -12.737545, -0.7416523, -9.043308, -3.6464548, -7.0718517, -1.0580456]"
the cop showed them the candy .,a chief delivered you a flower .,DO,DO,SHOW,DELIVER,THE,A,to,for,-44.06724166870117,"[-3.5211675, -8.970919, -12.737545, -9.325503, -0.7824877, -7.805653, -0.92396754]"
the cop showed them the coffee .,a lady fed a meal to it .,DO,PD,SHOW,FEED,THE,A,to,to,-40.225006103515625,"[-3.5250468, -8.396354, -9.712118, -1.3413867, -7.746852, -0.7651138, -8.119697, -0.6184418]"
the cop showed them the coffee .,a lady fed it a meal .,DO,DO,SHOW,FEED,THE,A,to,to,-35.76251220703125,"[-3.5250468, -8.396354, -9.712118, -4.799219, -2.5977697, -6.099856, -0.6321475]"
the cop showed us the bottle .,a colonel got a meal for you .,DO,PD,SHOW,GET,THE,A,to,for,-42.88472366333008,"[-3.565116, -11.228817, -7.506534, -2.0722976, -9.274973, -2.6449876, -5.8036776, -0.78832203]"
the cop showed us the bottle .,a colonel got you a meal .,DO,DO,SHOW,GET,THE,A,to,for,-38.26073455810547,"[-3.565116, -11.228817, -7.506534, -6.952314, -1.4174163, -6.7141094, -0.8764251]"
the cop showed us the knife .,a student left a gun for me .,DO,PD,SHOW,LEAVE,THE,A,to,for,-35.36961364746094,"[-3.5743384, -5.925351, -7.1526527, -0.97520393, -5.082306, -4.475383, -6.594714, -1.5896654]"
the cop showed us the knife .,a student left me a gun .,DO,DO,SHOW,LEAVE,THE,A,to,for,-33.055015563964844,"[-3.5743384, -5.925351, -7.1526527, -6.5735345, -1.0912647, -7.4358845, -1.3019919]"
the cop showed us the knife .,a manager threw an anchor to him .,DO,PD,SHOW,THROW,THE,A,to,to,-38.521385192871094,"[-3.5743384, -8.639588, -8.70081, -3.499404, -7.0835137, -2.251553, -3.876392, -0.89578605]"
the cop showed us the knife .,a manager threw him an anchor .,DO,DO,SHOW,THROW,THE,A,to,to,-40.18137741088867,"[-3.5743384, -8.639588, -8.70081, -3.2670803, -5.098915, -9.504663, -1.3959804]"
the cop showed you the ball .,a doctor brought a tea to us .,DO,PD,SHOW,BRING,THE,A,to,to,-34.51059341430664,"[-3.4701385, -7.2525334, -7.3373384, -1.3550409, -8.139021, -1.2774527, -4.784173, -0.8948956]"
the cop showed you the ball .,a doctor brought us a tea .,DO,DO,SHOW,BRING,THE,A,to,to,-32.008785247802734,"[-3.4701385, -7.2525334, -7.3373384, -4.141153, -1.4539317, -7.598195, -0.7554939]"
the cop showed you the beer .,a daughter fed a chicken to them .,DO,PD,SHOW,FEED,THE,A,to,to,-41.73662567138672,"[-3.4916294, -9.302749, -9.820958, -1.4993619, -3.7575243, -3.88313, -8.132727, -1.8485447]"
the cop showed you the beer .,a daughter fed them a chicken .,DO,DO,SHOW,FEED,THE,A,to,to,-36.995933532714844,"[-3.4916294, -9.302749, -9.820958, -6.888982, -1.4000131, -4.7891874, -1.302417]"
the cop showed you the candy .,a buddy purchased a coat for him .,DO,PD,SHOW,PURCHASE,THE,A,to,for,-41.92835235595703,"[-3.50652, -10.343735, -10.33863, -0.69905674, -8.721347, -2.730812, -4.1573334, -1.4309177]"
the cop showed you the candy .,a buddy purchased him a coat .,DO,DO,SHOW,PURCHASE,THE,A,to,for,-39.225791931152344,"[-3.50652, -10.343735, -10.33863, -5.400057, -0.7478118, -7.630665, -1.2583718]"
the cop showed you the coffee .,a reader found a key for us .,DO,PD,SHOW,FIND,THE,A,to,for,-38.05902099609375,"[-3.5075564, -7.290189, -6.193619, -4.3335857, -6.4396133, -3.8819344, -5.2908645, -1.1216576]"
the cop showed you the coffee .,a reader found us a key .,DO,DO,SHOW,FIND,THE,A,to,for,-38.657413482666016,"[-3.5075564, -7.290189, -6.193619, -8.090057, -3.9590662, -7.2478895, -2.3690388]"
the cop showed you the coffee .,a singer found a pie for me .,DO,PD,SHOW,FIND,THE,A,to,for,-42.78009796142578,"[-3.5075564, -10.509634, -7.1757684, -2.337737, -9.548174, -3.0588603, -5.6524973, -0.9898713]"
the cop showed you the coffee .,a singer found me a pie .,DO,DO,SHOW,FIND,THE,A,to,for,-41.147186279296875,"[-3.5075564, -10.509634, -7.1757684, -8.356891, -2.4550552, -8.424253, -0.71802574]"
the cop showed you the plate .,an attorney saved an anchor for me .,DO,PD,SHOW,SAVE,THE,A,to,for,-44.93517303466797,"[-5.7025533, -5.611044, -13.461391, -3.7086368, -8.944495, -3.043537, -3.681333, -0.7821823]"
the cop showed you the plate .,an attorney saved me an anchor .,DO,DO,SHOW,SAVE,THE,A,to,for,-46.31641387939453,"[-5.7025533, -5.611044, -13.461391, -3.5612416, -4.419327, -11.910229, -1.6506313]"
the cop showed you the plate .,a captain sold a beer to it .,DO,PD,SHOW,SELL,THE,A,to,to,-41.59257888793945,"[-3.538196, -10.249933, -10.556738, -1.6680948, -5.797147, -1.1459615, -7.8355517, -0.80095756]"
the cop showed you the plate .,a captain sold it a beer .,DO,DO,SHOW,SELL,THE,A,to,to,-44.32661056518555,"[-3.538196, -10.249933, -10.556738, -5.2723827, -6.4726725, -6.9411983, -1.2954901]"
the cop sold him the tea .,a minister bought a machine for you .,DO,PD,SELL,BUY,THE,A,to,for,-39.97766876220703,"[-3.5873456, -8.935591, -8.688838, -1.2991854, -7.9163404, -2.0284948, -6.4222856, -1.0995865]"
the cop sold him the tea .,a minister bought you a machine .,DO,DO,SELL,BUY,THE,A,to,for,-39.19951629638672,"[-3.5873456, -8.935591, -8.688838, -6.3452687, -0.7494587, -9.252004, -1.6410081]"
the cop sold me the tea .,an uncle brought an anchor to you .,DO,PD,SELL,BRING,THE,A,to,to,-43.99882507324219,"[-5.633118, -8.503352, -7.1109915, -5.07425, -8.546977, -0.82365257, -7.415921, -0.8905629]"
the cop sold me the tea .,an uncle brought you an anchor .,DO,DO,SELL,BRING,THE,A,to,to,-42.98018264770508,"[-5.633118, -8.503352, -7.1109915, -5.5177736, -4.541585, -10.069811, -1.6035525]"
the cop sold me the tea .,an actress purchased an instrument for you .,DO,PD,SELL,PURCHASE,THE,A,to,for,-42.19222640991211,"[-5.633118, -7.3350954, -8.662925, -3.041515, -7.2252054, -1.8665109, -7.2789903, -1.1488655]"
the cop sold me the tea .,an actress purchased you an instrument .,DO,DO,SELL,PURCHASE,THE,A,to,for,-43.14497375488281,"[-5.633118, -7.3350954, -8.662925, -8.347204, -3.1615162, -8.443066, -1.5620487]"
the cop sold me the tea .,a boy purchased a beer for it .,DO,PD,SELL,PURCHASE,THE,A,to,for,-36.201988220214844,"[-3.5854402, -6.948786, -9.55373, -0.9686574, -3.8735182, -2.509177, -7.821915, -0.940763]"
the cop sold me the tea .,a boy purchased it a beer .,DO,DO,SELL,PURCHASE,THE,A,to,for,-38.81709289550781,"[-3.5854402, -6.948786, -9.55373, -5.587779, -5.6456056, -5.901804, -1.5939497]"
the cop sold me the tea .,a manager threw an anchor to him .,DO,PD,SELL,THROW,THE,A,to,to,-39.16326141357422,"[-3.5854402, -8.594783, -8.743473, -3.639182, -7.456807, -2.0974138, -3.8672438, -1.1789163]"
the cop sold me the tea .,a manager threw him an anchor .,DO,DO,SELL,THROW,THE,A,to,to,-39.49492263793945,"[-3.5854402, -8.594783, -8.743473, -3.1752796, -4.0894423, -9.93459, -1.3719136]"
the cop sold the chocolate to us .,an employee brought a camera to you .,PD,PD,SELL,BRING,THE,A,to,to,-35.43168640136719,"[-5.6758137, -4.595495, -8.200272, -1.6337677, -6.264285, -0.4137198, -7.5683656, -1.0799649]"
the cop sold the chocolate to us .,an employee brought you a camera .,PD,DO,SELL,BRING,THE,A,to,to,-35.456382751464844,"[-5.6758137, -4.595495, -8.200272, -5.5329776, -1.7123662, -8.051018, -1.6884418]"
the cop sold the chocolate to us .,an aunt caught a computer for you .,PD,PD,SELL,CATCH,THE,A,to,for,-46.32600021362305,"[-5.6758137, -8.531943, -8.239245, -2.291123, -10.2002735, -5.271634, -5.0604978, -1.05547]"
the cop sold the chocolate to us .,an aunt caught you a computer .,PD,DO,SELL,CATCH,THE,A,to,for,-48.02130126953125,"[-5.6758137, -8.531943, -8.239245, -6.393624, -5.900245, -10.749822, -2.5306094]"
the cop sold the coffee to you .,a minister sent a beer to it .,PD,PD,SELL,SEND,THE,A,to,to,-38.08784484863281,"[-3.5536594, -9.468085, -6.585391, -1.139564, -8.910473, -0.21483496, -7.365157, -0.85067844]"
the cop sold the coffee to you .,a minister sent it a beer .,PD,DO,SELL,SEND,THE,A,to,to,-40.51055145263672,"[-3.5536594, -9.468085, -6.585391, -4.686147, -5.3086815, -9.751212, -1.1573743]"
the cop sold the tea to him .,a minister bought a machine for you .,PD,PD,SELL,BUY,THE,A,to,for,-39.189571380615234,"[-3.5777602, -9.0414915, -8.901323, -0.85203314, -8.074279, -1.8284482, -5.668589, -1.2456467]"
the cop sold the tea to him .,a minister bought you a machine .,PD,DO,SELL,BUY,THE,A,to,for,-40.054656982421875,"[-3.5777602, -9.0414915, -8.901323, -6.9404225, -0.5237423, -8.787964, -2.2819557]"
the cop sold the tea to me .,an uncle brought an anchor to you .,PD,PD,SELL,BRING,THE,A,to,to,-42.664268493652344,"[-5.6469398, -8.603491, -7.039182, -4.7661943, -8.594863, -0.39095098, -6.8629627, -0.75968635]"
the cop sold the tea to me .,an uncle brought you an anchor .,PD,DO,SELL,BRING,THE,A,to,to,-42.208587646484375,"[-5.6469398, -8.603491, -7.039182, -5.424288, -4.3236094, -9.601442, -1.5696372]"
the cop sold the tea to me .,an actress purchased an instrument for you .,PD,PD,SELL,PURCHASE,THE,A,to,for,-41.14350509643555,"[-5.6469398, -7.4565673, -8.787077, -2.9691277, -7.099943, -1.6649057, -6.3359323, -1.1830133]"
the cop sold the tea to me .,an actress purchased you an instrument .,PD,DO,SELL,PURCHASE,THE,A,to,for,-43.27756118774414,"[-5.6469398, -7.4565673, -8.787077, -8.939615, -2.8967986, -7.608384, -1.9421802]"
the cop sold the tea to me .,a boy purchased a beer for it .,PD,PD,SELL,PURCHASE,THE,A,to,for,-36.18148422241211,"[-3.5626998, -6.929219, -9.856781, -0.69022924, -3.672126, -2.5196981, -7.821288, -1.1294441]"
the cop sold the tea to me .,a boy purchased it a beer .,PD,DO,SELL,PURCHASE,THE,A,to,for,-39.292015075683594,"[-3.5626998, -6.929219, -9.856781, -6.056755, -5.674843, -5.411483, -1.8002357]"
the cop sold the tea to me .,a manager threw an anchor to him .,PD,PD,SELL,THROW,THE,A,to,to,-38.011512756347656,"[-3.5626998, -8.621866, -8.877934, -3.5930696, -7.8950434, -1.5331476, -3.1489127, -0.77883625]"
the cop sold the tea to me .,a manager threw him an anchor .,PD,DO,SELL,THROW,THE,A,to,to,-40.248714447021484,"[-3.5626998, -8.621866, -8.877934, -3.7933078, -4.248111, -9.564249, -1.5805475]"
the cop sold the tea to them .,a writer found an engine for us .,PD,PD,SELL,FIND,THE,A,to,for,-41.42191696166992,"[-3.5692952, -7.784179, -6.1969175, -3.148287, -8.632096, -2.5601568, -8.013973, -1.5170118]"
the cop sold the tea to them .,a writer found us an engine .,PD,DO,SELL,FIND,THE,A,to,for,-42.62593078613281,"[-3.5692952, -7.784179, -6.1969175, -9.327629, -4.1869535, -9.527917, -2.0330417]"
the cop sold the tea to you .,a child fed a meal to us .,PD,PD,SELL,FEED,THE,A,to,to,-36.069271087646484,"[-3.5561228, -6.4411526, -9.122292, -1.8009988, -5.6090536, -0.9870422, -6.318469, -2.2341402]"
the cop sold the tea to you .,a child fed us a meal .,PD,DO,SELL,FEED,THE,A,to,to,-35.61252975463867,"[-3.5561228, -6.4411526, -9.122292, -8.886205, -1.7967803, -4.442409, -1.3675692]"
the cop sold them the tea .,a writer found an engine for us .,DO,PD,SELL,FIND,THE,A,to,for,-41.48415756225586,"[-3.5842204, -7.7387376, -6.3514867, -3.3284829, -8.600367, -2.1950188, -8.179005, -1.5068398]"
the cop sold them the tea .,a writer found us an engine .,DO,DO,SELL,FIND,THE,A,to,for,-41.409629821777344,"[-3.5842204, -7.7387376, -6.3514867, -8.810966, -3.4492683, -9.634037, -1.8409114]"
the cop sold us the chocolate .,an employee brought a camera to you .,DO,PD,SELL,BRING,THE,A,to,to,-35.720741271972656,"[-5.6791773, -4.695368, -7.8465195, -1.7053515, -5.8114557, -0.7492825, -8.047469, -1.186119]"
the cop sold us the chocolate .,an employee brought you a camera .,DO,DO,SELL,BRING,THE,A,to,to,-35.118289947509766,"[-5.6791773, -4.695368, -7.8465195, -5.1319127, -1.9582459, -8.446799, -1.3602667]"
the cop sold us the chocolate .,an aunt caught a computer for you .,DO,PD,SELL,CATCH,THE,A,to,for,-46.167144775390625,"[-5.6791773, -8.37861, -7.5744524, -2.3137684, -9.924127, -5.2955546, -6.202573, -0.79888564]"
the cop sold us the chocolate .,an aunt caught you a computer .,DO,DO,SELL,CATCH,THE,A,to,for,-47.12044906616211,"[-5.6791773, -8.37861, -7.5744524, -6.118271, -6.0091505, -11.216018, -2.1447716]"
the cop sold you the coffee .,a minister sent a beer to it .,DO,PD,SELL,SEND,THE,A,to,to,-39.466400146484375,"[-3.5629683, -9.274789, -6.497998, -1.1149483, -9.831284, -0.47925273, -7.9359417, -0.76921767]"
the cop sold you the coffee .,a minister sent it a beer .,DO,DO,SELL,SEND,THE,A,to,to,-40.094635009765625,"[-3.5629683, -9.274789, -6.497998, -4.8244457, -4.9887953, -10.297104, -0.6485349]"
the cop sold you the tea .,a child fed a meal to us .,DO,PD,SELL,FEED,THE,A,to,to,-41.56572723388672,"[-3.5599403, -6.5725346, -9.080413, -1.7997469, -5.686901, -3.4610865, -8.401254, -3.0038495]"
the cop sold you the tea .,a child fed us a meal .,DO,DO,SELL,FEED,THE,A,to,to,-35.02424621582031,"[-3.5599403, -6.5725346, -9.080413, -8.478964, -2.271357, -4.244461, -0.8165786]"
the cop supplied her the key .,a reader sold a cheese to them .,DO,PD,SUPPLY,SELL,THE,A,to,to,-47.78499221801758,"[-3.5663905, -7.2235584, -11.384919, -3.0358305, -11.399923, -3.7431357, -6.558735, -0.87249964]"
the cop supplied her the key .,a reader sold them a cheese .,DO,DO,SUPPLY,SELL,THE,A,to,to,-43.98456573486328,"[-3.5663905, -7.2235584, -11.384919, -6.662097, -2.0637267, -10.657759, -2.4261153]"
the cop supplied her the tea .,a nurse drew a knife for you .,DO,PD,SUPPLY,DRAW,THE,A,to,for,-37.88189697265625,"[-3.5912027, -7.3056, -7.8341637, -1.2170265, -3.7762828, -6.1097546, -7.2546706, -0.7931946]"
the cop supplied her the tea .,a nurse drew you a knife .,DO,DO,SUPPLY,DRAW,THE,A,to,for,-36.016151428222656,"[-3.5912027, -7.3056, -7.8341637, -8.808168, -1.6943935, -6.030474, -0.7521506]"
the cop supplied him the juice .,a mayor sent a chocolate to us .,DO,PD,SUPPLY,SEND,THE,A,to,to,-46.76751708984375,"[-3.6093616, -10.040186, -7.730052, -1.5027224, -9.602261, -5.3925724, -7.325388, -1.5649753]"
the cop supplied him the juice .,a mayor sent us a chocolate .,DO,DO,SUPPLY,SEND,THE,A,to,to,-41.54484176635742,"[-3.6093616, -10.040186, -7.730052, -6.134644, -1.1301641, -7.7673373, -5.133095]"
the cop supplied it the bottle .,a son showed a cheese to them .,DO,PD,SUPPLY,SHOW,THE,A,to,to,-46.35505676269531,"[-3.6080947, -8.722326, -6.847273, -3.2260404, -11.292488, -4.0619516, -7.608777, -0.98810506]"
the cop supplied it the bottle .,a son showed them a cheese .,DO,DO,SUPPLY,SHOW,THE,A,to,to,-39.012718200683594,"[-3.6080947, -8.722326, -6.847273, -4.8816876, -1.295382, -10.046171, -3.6117845]"
the cop supplied it the pie .,an attorney saved an anchor for me .,DO,PD,SUPPLY,SAVE,THE,A,to,for,-43.75669479370117,"[-5.6712537, -5.816794, -12.156258, -3.8954997, -8.725025, -3.265273, -3.3403716, -0.8862184]"
the cop supplied it the pie .,an attorney saved me an anchor .,DO,DO,SUPPLY,SAVE,THE,A,to,for,-44.33648681640625,"[-5.6712537, -5.816794, -12.156258, -3.5053592, -3.997888, -11.477402, -1.7115312]"
the cop supplied me the beer .,a girl fed a chicken to us .,DO,PD,SUPPLY,FEED,THE,A,to,to,-38.432350158691406,"[-3.6043315, -6.9071994, -9.968365, -1.8586931, -3.3189147, -4.202879, -6.7385645, -1.8334036]"
the cop supplied me the beer .,a girl fed us a chicken .,DO,DO,SUPPLY,FEED,THE,A,to,to,-35.018959045410156,"[-3.6043315, -6.9071994, -9.968365, -5.833315, -2.3346395, -4.567812, -1.8032954]"
the cop supplied me the candy .,a student sold a chicken to us .,DO,PD,SUPPLY,SELL,THE,A,to,to,-38.44725036621094,"[-3.638616, -6.0093927, -9.469786, -2.1296346, -6.3399377, -1.9132397, -7.337796, -1.6088493]"
the cop supplied me the candy .,a student sold us a chicken .,DO,DO,SUPPLY,SELL,THE,A,to,to,-35.693885803222656,"[-3.638616, -6.0093927, -9.469786, -6.5074415, -1.326854, -7.304701, -1.4370954]"
the cop supplied me the tea .,a husband showed a salad to her .,DO,PD,SUPPLY,SHOW,THE,A,to,to,-44.18468475341797,"[-3.612248, -8.791721, -8.848394, -4.019115, -10.145467, -1.3919145, -2.8536444, -4.5221815]"
the cop supplied me the tea .,a husband showed her a salad .,DO,DO,SUPPLY,SHOW,THE,A,to,to,-35.42100524902344,"[-3.612248, -8.791721, -8.848394, -2.970343, -1.6923618, -7.948184, -1.5577496]"
the cop supplied me the tea .,a princess took a knife to him .,DO,PD,SUPPLY,TAKE,THE,A,to,to,-36.95860290527344,"[-3.612248, -10.579717, -6.040497, -1.4647605, -5.4976444, -1.0729995, -7.938864, -0.75187254]"
the cop supplied me the tea .,a princess took him a knife .,DO,DO,SUPPLY,TAKE,THE,A,to,to,-38.57637405395508,"[-3.612248, -10.579717, -6.040497, -4.1227636, -5.6399927, -7.4272766, -1.1538813]"
the cop supplied me the tea .,a candidate fed a candy to him .,DO,PD,SUPPLY,FEED,THE,A,to,to,-42.68409729003906,"[-3.612248, -8.975677, -10.990079, -1.8449478, -6.3966107, -3.8777332, -5.1566935, -1.8301091]"
the cop supplied me the tea .,a candidate fed him a candy .,DO,DO,SUPPLY,FEED,THE,A,to,to,-39.949302673339844,"[-3.612248, -8.975677, -10.990079, -6.5134907, -1.1423162, -6.241572, -2.4739184]"
the cop supplied the beer to me .,a girl fed a chicken to us .,PD,PD,SUPPLY,FEED,THE,A,to,to,-33.86354064941406,"[-3.566368, -6.9542303, -10.03274, -1.5105375, -3.2173038, -1.8805249, -4.6095853, -2.0922534]"
the cop supplied the beer to me .,a girl fed us a chicken .,PD,DO,SUPPLY,FEED,THE,A,to,to,-36.78150177001953,"[-3.566368, -6.9542303, -10.03274, -7.407598, -1.9072524, -4.6688395, -2.2444756]"
the cop supplied the beer to us .,a prince left a meal for him .,PD,PD,SUPPLY,LEAVE,THE,A,to,for,-37.76765823364258,"[-3.5787377, -10.802424, -6.8401594, -1.4138784, -7.289717, -1.6532552, -3.735645, -2.4538398]"
the cop supplied the beer to us .,a prince left him a meal .,PD,DO,SUPPLY,LEAVE,THE,A,to,for,-35.728614807128906,"[-3.5787377, -10.802424, -6.8401594, -4.726241, -1.3248674, -6.2959833, -2.1602004]"
the cop supplied the bottle to it .,a son showed a cheese to them .,PD,PD,SUPPLY,SHOW,THE,A,to,to,-42.40264129638672,"[-3.5805516, -8.681601, -6.9916883, -3.069172, -10.940771, -2.3938327, -5.912826, -0.8321967]"
the cop supplied the bottle to it .,a son showed them a cheese .,PD,DO,SUPPLY,SHOW,THE,A,to,to,-39.93382263183594,"[-3.5805516, -8.681601, -6.9916883, -4.9794254, -1.4377909, -9.944052, -4.318716]"
the cop supplied the bottle to them .,a candidate delivered a cheese for me .,PD,PD,SUPPLY,DELIVER,THE,A,to,for,-42.82080841064453,"[-3.5940375, -9.045891, -9.112326, -0.66798526, -9.40238, -4.6336093, -4.9175606, -1.447019]"
the cop supplied the bottle to them .,a candidate delivered me a cheese .,PD,DO,SUPPLY,DELIVER,THE,A,to,for,-42.27641677856445,"[-3.5940375, -9.045891, -9.112326, -7.8529096, -0.5638864, -8.241537, -3.8658304]"
the cop supplied the candy to me .,a student sold a chicken to us .,PD,PD,SUPPLY,SELL,THE,A,to,to,-34.28229522705078,"[-3.5969834, -6.001206, -9.500848, -1.8752704, -6.364855, -0.8004656, -4.7193823, -1.4232824]"
the cop supplied the candy to me .,a student sold us a chicken .,PD,DO,SUPPLY,SELL,THE,A,to,to,-38.078102111816406,"[-3.5969834, -6.001206, -9.500848, -7.6821113, -0.95088875, -7.498742, -2.8473198]"
the cop supplied the candy to us .,a brother took a key to you .,PD,PD,SUPPLY,TAKE,THE,A,to,to,-41.68415832519531,"[-3.6046414, -9.236503, -6.6623306, -1.8673055, -8.2643795, -1.461264, -9.04809, -1.5396447]"
the cop supplied the candy to us .,a brother took you a key .,PD,DO,SUPPLY,TAKE,THE,A,to,to,-43.34845733642578,"[-3.6046414, -9.236503, -6.6623306, -7.3330364, -5.464175, -8.426004, -2.6217656]"
the cop supplied the candy to you .,a winner drew a computer for us .,PD,PD,SUPPLY,DRAW,THE,A,to,for,-45.02494812011719,"[-3.6025798, -10.065664, -10.994913, -1.5362093, -8.462056, -4.6325927, -4.527287, -1.2036456]"
the cop supplied the candy to you .,a winner drew us a computer .,PD,DO,SUPPLY,DRAW,THE,A,to,for,-44.69498825073242,"[-3.6025798, -10.065664, -10.994913, -6.825739, -1.9922719, -9.07854, -2.135281]"
the cop supplied the chicken to us .,a priest found a coffee for me .,PD,PD,SUPPLY,FIND,THE,A,to,for,-39.929161071777344,"[-3.5911803, -8.105771, -6.5125914, -1.7078542, -8.493652, -5.417102, -4.336447, -1.7645638]"
the cop supplied the chicken to us .,a priest found me a coffee .,PD,DO,SUPPLY,FIND,THE,A,to,for,-35.35862731933594,"[-3.5911803, -8.105771, -6.5125914, -7.2571497, -2.0372956, -5.39452, -2.4601202]"
the cop supplied the glass to you .,a princess brought a coffee to us .,PD,PD,SUPPLY,BRING,THE,A,to,to,-35.404117584228516,"[-3.5735984, -10.704931, -7.3398967, -1.8050073, -7.27089, -0.4259424, -3.5116704, -0.77217937]"
the cop supplied the glass to you .,a princess brought us a coffee .,PD,DO,SUPPLY,BRING,THE,A,to,to,-35.416839599609375,"[-3.5735984, -10.704931, -7.3398967, -4.755566, -1.8455601, -6.0664873, -1.1307969]"
the cop supplied the juice to him .,a mayor sent a chocolate to us .,PD,PD,SUPPLY,SEND,THE,A,to,to,-43.880577087402344,"[-3.6024675, -10.19106, -7.50566, -1.2968721, -9.364445, -4.0477915, -6.3624225, -1.5098586]"
the cop supplied the juice to him .,a mayor sent us a chocolate .,PD,DO,SUPPLY,SEND,THE,A,to,to,-42.487754821777344,"[-3.6024675, -10.19106, -7.50566, -6.0011225, -0.9110005, -8.229689, -6.046752]"
the cop supplied the key to her .,a reader sold a cheese to them .,PD,PD,SUPPLY,SELL,THE,A,to,to,-45.84978485107422,"[-3.5801725, -7.0442543, -11.495728, -2.6002314, -11.152635, -3.4229496, -5.710248, -0.8435678]"
the cop supplied the key to her .,a reader sold them a cheese .,PD,DO,SUPPLY,SELL,THE,A,to,to,-43.828147888183594,"[-3.5801725, -7.0442543, -11.495728, -6.776251, -2.5955305, -9.778047, -2.5581682]"
the cop supplied the pie to it .,an attorney saved an anchor for me .,PD,PD,SUPPLY,SAVE,THE,A,to,for,-45.38987731933594,"[-5.657503, -5.690911, -12.71432, -3.9669876, -8.620295, -3.398199, -4.320606, -1.0210557]"
the cop supplied the pie to it .,an attorney saved me an anchor .,PD,DO,SUPPLY,SAVE,THE,A,to,for,-47.01586151123047,"[-5.657503, -5.690911, -12.71432, -4.033471, -4.3646097, -12.141618, -2.4134293]"
the cop supplied the tea to her .,a nurse drew a knife for you .,PD,PD,SUPPLY,DRAW,THE,A,to,for,-39.54902648925781,"[-3.5853033, -7.441328, -7.827739, -1.2355636, -3.8156805, -7.0773363, -7.579907, -0.98616874]"
the cop supplied the tea to her .,a nurse drew you a knife .,PD,DO,SUPPLY,DRAW,THE,A,to,for,-38.19275665283203,"[-3.5853033, -7.441328, -7.827739, -8.772711, -3.3558521, -5.941055, -1.2687693]"
the cop supplied the tea to me .,a husband showed a salad to her .,PD,PD,SUPPLY,SHOW,THE,A,to,to,-40.149925231933594,"[-3.5857513, -8.791101, -9.066991, -3.3289766, -9.502235, -0.30462265, -3.2556603, -2.3145857]"
the cop supplied the tea to me .,a husband showed her a salad .,PD,DO,SUPPLY,SHOW,THE,A,to,to,-36.62064743041992,"[-3.5857513, -8.791101, -9.066991, -2.807685, -1.5235935, -8.437707, -2.4078193]"
the cop supplied the tea to me .,a princess took a knife to him .,PD,PD,SUPPLY,TAKE,THE,A,to,to,-36.695457458496094,"[-3.5857513, -10.579968, -6.1664257, -1.2928537, -5.2803946, -0.9138911, -8.113577, -0.7625961]"
the cop supplied the tea to me .,a princess took him a knife .,PD,DO,SUPPLY,TAKE,THE,A,to,to,-39.94548797607422,"[-3.5857513, -10.579968, -6.1664257, -4.4518685, -5.6566424, -7.625206, -1.879628]"
the cop supplied the tea to me .,a candidate fed a candy to him .,PD,PD,SUPPLY,FEED,THE,A,to,to,-37.98244094848633,"[-3.5857513, -8.8793955, -11.457823, -1.6203772, -6.11283, -1.4377334, -3.499661, -1.3888704]"
the cop supplied the tea to me .,a candidate fed him a candy .,PD,DO,SUPPLY,FEED,THE,A,to,to,-41.207908630371094,"[-3.5857513, -8.8793955, -11.457823, -7.1935782, -1.0277126, -6.164771, -2.8988771]"
the cop supplied them the bottle .,a candidate delivered a cheese for me .,DO,PD,SUPPLY,DELIVER,THE,A,to,for,-43.28398132324219,"[-3.6147823, -9.040876, -8.9382515, -0.64515567, -10.814071, -4.4035473, -4.428772, -1.3985265]"
the cop supplied them the bottle .,a candidate delivered me a cheese .,DO,DO,SUPPLY,DELIVER,THE,A,to,for,-41.745323181152344,"[-3.6147823, -9.040876, -8.9382515, -7.0308437, -0.6726957, -8.649336, -3.7985413]"
the cop supplied us the beer .,a prince left a meal for him .,DO,PD,SUPPLY,LEAVE,THE,A,to,for,-37.75365447998047,"[-3.6076846, -10.660629, -7.071655, -1.6413635, -7.3023777, -1.5045496, -4.464634, -1.5007591]"
the cop supplied us the beer .,a prince left him a meal .,DO,DO,SUPPLY,LEAVE,THE,A,to,for,-33.79826736450195,"[-3.6076846, -10.660629, -7.071655, -4.2952523, -1.1979706, -5.6724987, -1.2925771]"
the cop supplied us the candy .,a brother took a key to you .,DO,PD,SUPPLY,TAKE,THE,A,to,to,-42.275482177734375,"[-3.6503563, -9.167477, -6.4242983, -2.1010222, -8.266892, -1.7908711, -9.614277, -1.2602859]"
the cop supplied us the candy .,a brother took you a key .,DO,DO,SUPPLY,TAKE,THE,A,to,to,-41.332733154296875,"[-3.6503563, -9.167477, -6.4242983, -6.868157, -5.235588, -8.303944, -1.6829157]"
the cop supplied us the chicken .,a priest found a coffee for me .,DO,PD,SUPPLY,FIND,THE,A,to,for,-38.62334060668945,"[-3.6088796, -8.107634, -6.5409718, -1.6185157, -8.217017, -4.840101, -4.209084, -1.4811407]"
the cop supplied us the chicken .,a priest found me a coffee .,DO,DO,SUPPLY,FIND,THE,A,to,for,-32.12726974487305,"[-3.6088796, -8.107634, -6.5409718, -6.495001, -0.9637947, -5.061415, -1.3495758]"
the cop supplied you the candy .,a winner drew a computer for us .,DO,PD,SUPPLY,DRAW,THE,A,to,for,-44.8554573059082,"[-3.618758, -10.036382, -10.733491, -1.6360421, -8.86149, -4.303918, -4.6633086, -1.0020664]"
the cop supplied you the candy .,a winner drew us a computer .,DO,DO,SUPPLY,DRAW,THE,A,to,for,-42.92296600341797,"[-3.618758, -10.036382, -10.733491, -5.8319116, -1.9045993, -9.180413, -1.6174122]"
the cop supplied you the glass .,a princess brought a coffee to us .,DO,PD,SUPPLY,BRING,THE,A,to,to,-37.08662414550781,"[-3.6022007, -10.671496, -7.218787, -1.8838351, -7.2833633, -1.3755846, -4.1819506, -0.86940575]"
the cop supplied you the glass .,a princess brought us a coffee .,DO,DO,SUPPLY,BRING,THE,A,to,to,-34.19801330566406,"[-3.6022007, -10.671496, -7.218787, -4.2117996, -1.7193613, -5.948138, -0.82623065]"
the cop threw her the chocolate .,a student left a chicken for you .,DO,PD,THROW,LEAVE,THE,A,to,for,-38.35319519042969,"[-3.6697164, -5.8194675, -6.863867, -1.2582029, -8.267132, -3.9111404, -7.206204, -1.357468]"
the cop threw her the chocolate .,a student left you a chicken .,DO,DO,THROW,LEAVE,THE,A,to,for,-35.862831115722656,"[-3.6697164, -5.8194675, -6.863867, -8.53353, -1.4968071, -8.113125, -1.3663186]"
the cop threw her the coffee .,a soldier promised a pie to me .,DO,PD,THROW,PROMISE,THE,A,to,to,-42.33879470825195,"[-3.6626759, -7.015252, -12.139855, -2.7370245, -8.89273, -1.923419, -4.7165747, -1.2512634]"
the cop threw her the coffee .,a soldier promised me a pie .,DO,DO,THROW,PROMISE,THE,A,to,to,-36.40874481201172,"[-3.6626759, -7.015252, -12.139855, -3.3864405, -1.5250025, -7.620651, -1.0588672]"
the cop threw me the coffee .,a teacher kept a bell for us .,DO,PD,THROW,KEEP,THE,A,to,for,-40.867679595947266,"[-3.6900563, -6.90487, -7.9031377, -3.3758826, -9.513034, -3.7475677, -4.104609, -1.6285218]"
the cop threw me the coffee .,a teacher kept us a bell .,DO,DO,THROW,KEEP,THE,A,to,for,-43.67249298095703,"[-3.6900563, -6.90487, -7.9031377, -5.231501, -6.2609215, -11.847054, -1.8349522]"
the cop threw me the coffee .,a singer saved a chocolate for us .,DO,PD,THROW,SAVE,THE,A,to,for,-49.53486633300781,"[-3.6900563, -9.994848, -9.931811, -2.022788, -10.336857, -6.928858, -5.2946367, -1.3350127]"
the cop threw me the coffee .,a singer saved us a chocolate .,DO,DO,THROW,SAVE,THE,A,to,for,-44.7589225769043,"[-3.6900563, -9.994848, -9.931811, -6.101674, -3.3703341, -8.670744, -2.9994555]"
the cop threw me the gun .,a sheriff took a book to us .,DO,PD,THROW,TAKE,THE,A,to,to,-40.31475830078125,"[-3.6658149, -7.8931236, -5.6238904, -1.7438874, -9.280606, -4.212983, -6.577761, -1.3166913]"
the cop threw me the gun .,a sheriff took us a book .,DO,DO,THROW,TAKE,THE,A,to,to,-35.11968231201172,"[-3.6658149, -7.8931236, -5.6238904, -4.9178424, -1.9445124, -9.207524, -1.8669769]"
the cop threw the beer to them .,a partner kept a meal for him .,PD,PD,THROW,KEEP,THE,A,to,for,-39.48207473754883,"[-3.6047544, -9.827574, -8.309818, -2.2064435, -9.195282, -1.7835944, -2.5279245, -2.0266848]"
the cop threw the beer to them .,a partner kept him a meal .,PD,DO,THROW,KEEP,THE,A,to,for,-40.76130676269531,"[-3.6047544, -9.827574, -8.309818, -3.620239, -5.342104, -7.6051474, -2.451671]"
the cop threw the book to them .,a colonel took a button to us .,PD,PD,THROW,TAKE,THE,A,to,to,-42.74684143066406,"[-3.572064, -11.132619, -5.5447454, -1.7827927, -10.253231, -2.3895106, -7.119264, -0.95261395]"
the cop threw the book to them .,a colonel took us a button .,PD,DO,THROW,TAKE,THE,A,to,to,-43.87626266479492,"[-3.572064, -11.132619, -5.5447454, -5.6648993, -3.8749342, -11.81693, -2.2700698]"
the cop threw the book to them .,a sheriff promised a coffee to us .,PD,PD,THROW,PROMISE,THE,A,to,to,-45.35505676269531,"[-3.572064, -8.443507, -10.686241, -2.4325688, -9.609358, -1.6814435, -7.661973, -1.2679023]"
the cop threw the book to them .,a sheriff promised us a coffee .,PD,DO,THROW,PROMISE,THE,A,to,to,-42.605567932128906,"[-3.572064, -8.443507, -10.686241, -7.415845, -2.0100799, -8.662774, -1.8150599]"
the cop threw the book to you .,a sheriff found a tea for us .,PD,PD,THROW,FIND,THE,A,to,for,-42.73966979980469,"[-3.5754547, -8.634748, -6.1373787, -0.935584, -10.601367, -5.1147547, -6.644745, -1.0956402]"
the cop threw the book to you .,a sheriff found us a tea .,PD,DO,THROW,FIND,THE,A,to,for,-43.073394775390625,"[-3.5754547, -8.634748, -6.1373787, -10.514732, -2.403956, -10.200708, -1.6064172]"
the cop threw the book to you .,a writer kept a juice for us .,PD,PD,THROW,KEEP,THE,A,to,for,-47.33318328857422,"[-3.5754547, -7.7581244, -9.36097, -2.2007275, -13.895816, -5.165201, -4.188539, -1.1883546]"
the cop threw the book to you .,a writer kept us a juice .,PD,DO,THROW,KEEP,THE,A,to,for,-47.24775695800781,"[-3.5754547, -7.7581244, -9.36097, -6.233964, -5.146089, -13.400369, -1.7727845]"
the cop threw the button to us .,a son found a computer for them .,PD,PD,THROW,FIND,THE,A,to,for,-39.173282623291016,"[-3.6044936, -8.621221, -5.5034156, -1.772557, -7.1135035, -4.252136, -6.8299093, -1.4760474]"
the cop threw the button to us .,a son found them a computer .,PD,DO,THROW,FIND,THE,A,to,for,-41.70075988769531,"[-3.6044936, -8.621221, -5.5034156, -7.9230356, -4.392966, -9.186628, -2.469001]"
the cop threw the chicken to us .,a candidate left a log for you .,PD,PD,THROW,LEAVE,THE,A,to,for,-43.593528747558594,"[-3.61193, -9.000447, -7.416072, -2.1641638, -9.985107, -3.851427, -5.804311, -1.7600704]"
the cop threw the chicken to us .,a candidate left you a log .,PD,DO,THROW,LEAVE,THE,A,to,for,-42.33220291137695,"[-3.61193, -9.000447, -7.416072, -7.260191, -3.0962384, -9.38801, -2.5593145]"
the cop threw the chocolate to her .,a student left a chicken for you .,PD,PD,THROW,LEAVE,THE,A,to,for,-38.21390914916992,"[-3.638614, -5.741731, -6.8552074, -0.9205674, -8.172335, -3.9018092, -7.434117, -1.549527]"
the cop threw the chocolate to her .,a student left you a chicken .,PD,DO,THROW,LEAVE,THE,A,to,for,-37.171974182128906,"[-3.638614, -5.741731, -6.8552074, -9.169805, -1.0892667, -8.600031, -2.0773177]"
the cop threw the chocolate to us .,a chief delivered a flower for you .,PD,PD,THROW,DELIVER,THE,A,to,for,-47.103477478027344,"[-3.6325407, -9.217506, -12.480032, -0.81116927, -9.0777645, -3.7904973, -6.5047517, -1.5892155]"
the cop threw the chocolate to us .,a chief delivered you a flower .,PD,DO,THROW,DELIVER,THE,A,to,for,-44.64775848388672,"[-3.6325407, -9.217506, -12.480032, -9.05712, -1.0048156, -7.8070817, -1.4486624]"
the cop threw the coffee to her .,a soldier promised a pie to me .,PD,PD,THROW,PROMISE,THE,A,to,to,-40.6898078918457,"[-3.6104019, -7.0698104, -12.349026, -2.5640817, -8.646873, -0.6804263, -4.5553613, -1.2138269]"
the cop threw the coffee to her .,a soldier promised me a pie .,PD,DO,THROW,PROMISE,THE,A,to,to,-38.107688903808594,"[-3.6104019, -7.0698104, -12.349026, -4.9491286, -1.268375, -7.4843245, -1.3766214]"
the cop threw the coffee to me .,a teacher kept a bell for us .,PD,PD,THROW,KEEP,THE,A,to,for,-39.767662048339844,"[-3.5997834, -7.0219216, -8.120391, -2.7266974, -9.281604, -3.465392, -3.949485, -1.6023904]"
the cop threw the coffee to me .,a teacher kept us a bell .,PD,DO,THROW,KEEP,THE,A,to,for,-44.027015686035156,"[-3.5997834, -7.0219216, -8.120391, -5.843497, -5.890121, -11.255583, -2.2957177]"
the cop threw the coffee to me .,a singer saved a chocolate for us .,PD,PD,THROW,SAVE,THE,A,to,for,-47.78257751464844,"[-3.5997834, -10.124252, -10.401421, -1.5838982, -10.067905, -6.053216, -4.6674953, -1.2846049]"
the cop threw the coffee to me .,a singer saved us a chocolate .,PD,DO,THROW,SAVE,THE,A,to,for,-46.979854583740234,"[-3.5997834, -10.124252, -10.401421, -6.84856, -3.4059231, -8.747096, -3.8528183]"
the cop threw the gun to me .,a sheriff took a book to us .,PD,PD,THROW,TAKE,THE,A,to,to,-36.499534606933594,"[-3.605986, -8.052377, -5.7014613, -1.2804168, -9.472768, -2.6821404, -4.746946, -0.9574378]"
the cop threw the gun to me .,a sheriff took us a book .,PD,DO,THROW,TAKE,THE,A,to,to,-41.420413970947266,"[-3.605986, -8.052377, -5.7014613, -6.4178567, -5.0198374, -10.481445, -2.1414502]"
the cop threw the gun to them .,a teacher caught a glass for it .,PD,PD,THROW,CATCH,THE,A,to,for,-42.49557113647461,"[-3.5980043, -6.8362827, -6.713952, -4.3197784, -8.595458, -6.1090426, -5.4144807, -0.90857154]"
the cop threw the gun to them .,a teacher caught it a glass .,PD,DO,THROW,CATCH,THE,A,to,for,-45.089271545410156,"[-3.5980043, -6.8362827, -6.713952, -6.2848206, -6.8532157, -11.541813, -3.261186]"
the cop threw the gun to you .,a buddy purchased a jacket for him .,PD,PD,THROW,PURCHASE,THE,A,to,for,-40.025638580322266,"[-3.601388, -10.168882, -9.131943, -0.82453936, -8.486754, -2.2647722, -3.9573953, -1.5899627]"
the cop threw the gun to you .,a buddy purchased him a jacket .,PD,DO,THROW,PURCHASE,THE,A,to,for,-38.14794921875,"[-3.601388, -10.168882, -9.131943, -5.287698, -0.6025629, -7.825184, -1.5302938]"
the cop threw the gun to you .,a writer promised a coffee to us .,PD,PD,THROW,PROMISE,THE,A,to,to,-41.59010314941406,"[-3.601388, -8.167197, -10.073165, -2.119985, -8.59306, -2.9660816, -5.0137124, -1.0555129]"
the cop threw the gun to you .,a writer promised us a coffee .,PD,DO,THROW,PROMISE,THE,A,to,to,-37.44148635864258,"[-3.601388, -8.167197, -10.073165, -4.416471, -1.575743, -8.04483, -1.562691]"
the cop threw the pie to them .,a woman took a cup to you .,PD,PD,THROW,TAKE,THE,A,to,to,-35.57877731323242,"[-3.6367037, -4.109273, -6.225175, -1.4502459, -7.8904185, -3.4648776, -7.253557, -1.5485266]"
the cop threw the pie to them .,a woman took you a cup .,PD,DO,THROW,TAKE,THE,A,to,to,-39.60942459106445,"[-3.6367037, -4.109273, -6.225175, -8.9394865, -5.3856316, -6.8051133, -4.50804]"
the cop threw them the beer .,a partner kept a meal for him .,DO,PD,THROW,KEEP,THE,A,to,for,-39.8397102355957,"[-3.639947, -9.6567745, -7.9829316, -2.8329833, -9.494039, -2.3227596, -2.4025283, -1.5077477]"
the cop threw them the beer .,a partner kept him a meal .,DO,DO,THROW,KEEP,THE,A,to,for,-37.78976821899414,"[-3.639947, -9.6567745, -7.9829316, -3.192427, -5.3627863, -6.440258, -1.5146435]"
the cop threw them the book .,a colonel took a button to us .,DO,PD,THROW,TAKE,THE,A,to,to,-46.29106903076172,"[-3.630198, -10.64048, -5.198503, -2.2661276, -9.995824, -3.5094025, -10.000895, -1.0496386]"
the cop threw them the book .,a colonel took us a button .,DO,DO,THROW,TAKE,THE,A,to,to,-41.950706481933594,"[-3.630198, -10.64048, -5.198503, -4.7585726, -3.4217663, -11.976278, -2.3249092]"
the cop threw them the book .,a sheriff promised a coffee to us .,DO,PD,THROW,PROMISE,THE,A,to,to,-44.913818359375,"[-3.630198, -8.106864, -10.370591, -2.800707, -9.373575, -2.6314342, -6.7550416, -1.2454062]"
the cop threw them the book .,a sheriff promised us a coffee .,DO,DO,THROW,PROMISE,THE,A,to,to,-39.985782623291016,"[-3.630198, -8.106864, -10.370591, -5.7295933, -2.3570545, -8.341737, -1.4497474]"
the cop threw them the gun .,a teacher caught a glass for it .,DO,PD,THROW,CATCH,THE,A,to,for,-41.24156188964844,"[-3.6315198, -7.004445, -6.5671453, -3.391087, -8.222328, -6.056742, -5.6177473, -0.75054365]"
the cop threw them the gun .,a teacher caught it a glass .,DO,DO,THROW,CATCH,THE,A,to,for,-42.91107940673828,"[-3.6315198, -7.004445, -6.5671453, -5.4251304, -6.4458985, -11.029209, -2.8077302]"
the cop threw them the pie .,a woman took a cup to you .,DO,PD,THROW,TAKE,THE,A,to,to,-38.94563293457031,"[-3.6720116, -4.172611, -6.1151266, -1.5584862, -7.0742874, -5.491611, -9.57395, -1.2875496]"
the cop threw them the pie .,a woman took you a cup .,DO,DO,THROW,TAKE,THE,A,to,to,-36.753929138183594,"[-3.6720116, -4.172611, -6.1151266, -8.114518, -5.249875, -5.66153, -3.7682557]"
the cop threw us the button .,a son found a computer for them .,DO,PD,THROW,FIND,THE,A,to,for,-39.70487594604492,"[-3.663741, -8.554026, -5.096077, -1.8791422, -7.1216936, -4.4924917, -7.4553623, -1.4423429]"
the cop threw us the button .,a son found them a computer .,DO,DO,THROW,FIND,THE,A,to,for,-40.26170349121094,"[-3.663741, -8.554026, -5.096077, -7.394362, -4.559376, -8.923991, -2.0701325]"
the cop threw us the chicken .,a candidate left a log for you .,DO,PD,THROW,LEAVE,THE,A,to,for,-44.1844482421875,"[-3.6518905, -9.070152, -7.2456512, -2.2981405, -10.071507, -4.15848, -6.0764284, -1.6121987]"
the cop threw us the chicken .,a candidate left you a log .,DO,DO,THROW,LEAVE,THE,A,to,for,-41.51200866699219,"[-3.6518905, -9.070152, -7.2456512, -6.3468447, -3.4705615, -9.729919, -1.996989]"
the cop threw us the chocolate .,a chief delivered a flower for you .,DO,PD,THROW,DELIVER,THE,A,to,for,-45.79975891113281,"[-3.6788976, -9.23745, -12.456712, -0.94425094, -9.015444, -3.4437706, -5.8310547, -1.1921794]"
the cop threw us the chocolate .,a chief delivered you a flower .,DO,DO,THROW,DELIVER,THE,A,to,for,-42.19969940185547,"[-3.6788976, -9.23745, -12.456712, -7.066581, -1.1778653, -7.5674133, -1.0147817]"
the cop threw you the book .,a sheriff found a tea for us .,DO,PD,THROW,FIND,THE,A,to,for,-44.44296646118164,"[-3.6149979, -7.9658184, -5.8162556, -1.1354162, -10.9492445, -6.381467, -7.2464876, -1.3332791]"
the cop threw you the book .,a sheriff found us a tea .,DO,DO,THROW,FIND,THE,A,to,for,-43.62506103515625,"[-3.6149979, -7.9658184, -5.8162556, -9.212364, -2.968049, -11.684696, -2.3628807]"
the cop threw you the book .,a writer kept a juice for us .,DO,PD,THROW,KEEP,THE,A,to,for,-49.115596771240234,"[-3.6149979, -7.7710466, -9.186275, -2.7086596, -14.154827, -5.8521147, -4.482989, -1.3446852]"
the cop threw you the book .,a writer kept us a juice .,DO,DO,THROW,KEEP,THE,A,to,for,-46.722049713134766,"[-3.6149979, -7.7710466, -9.186275, -5.548714, -5.3334246, -13.617234, -1.6503569]"
the cop threw you the gun .,a buddy purchased a jacket for him .,DO,PD,THROW,PURCHASE,THE,A,to,for,-40.1950569152832,"[-3.622239, -9.963623, -9.048618, -1.0461724, -8.363374, -2.3166904, -4.0070233, -1.8273163]"
the cop threw you the gun .,a buddy purchased him a jacket .,DO,DO,THROW,PURCHASE,THE,A,to,for,-37.35257339477539,"[-3.622239, -9.963623, -9.048618, -4.9194155, -0.6451104, -7.6943846, -1.4591812]"
the cop threw you the gun .,a writer promised a coffee to us .,DO,PD,THROW,PROMISE,THE,A,to,to,-42.569969177246094,"[-3.622239, -8.057721, -9.829289, -2.243103, -8.548803, -3.5390096, -5.4943447, -1.2354597]"
the cop threw you the gun .,a writer promised us a coffee .,DO,DO,THROW,PROMISE,THE,A,to,to,-36.52971649169922,"[-3.622239, -8.057721, -9.829289, -3.8722525, -1.6535438, -8.041297, -1.4533707]"
the cop took him the bag .,a singer saved a chocolate for us .,DO,PD,TAKE,SAVE,THE,A,to,for,-51.57083511352539,"[-3.5549114, -10.172917, -10.629527, -2.2337532, -10.504839, -7.0058255, -6.301616, -1.1674445]"
the cop took him the bag .,a singer saved us a chocolate .,DO,DO,TAKE,SAVE,THE,A,to,for,-47.1636962890625,"[-3.5549114, -10.172917, -10.629527, -6.97291, -2.6603537, -9.675969, -3.4971085]"
the cop took it the machine .,a singer left an anchor for him .,DO,PD,TAKE,LEAVE,THE,A,to,for,-46.4997673034668,"[-3.5426269, -10.445601, -8.211685, -3.276978, -8.276228, -2.929696, -7.86613, -1.9508239]"
the cop took it the machine .,a singer left him an anchor .,DO,DO,TAKE,LEAVE,THE,A,to,for,-43.222198486328125,"[-3.5426269, -10.445601, -8.211685, -5.6019654, -4.2716665, -8.775707, -2.3729448]"
the cop took me the cup .,a colonel brought a bottle to you .,DO,PD,TAKE,BRING,THE,A,to,to,-39.36863327026367,"[-3.562875, -11.21001, -7.6592107, -2.525835, -3.5747843, -2.124052, -8.0622835, -0.64958286]"
the cop took me the cup .,a colonel brought you a bottle .,DO,DO,TAKE,BRING,THE,A,to,to,-34.436214447021484,"[-3.562875, -11.21001, -7.6592107, -5.0283194, -2.0031283, -3.383307, -1.5893643]"
the cop took me the machine .,a girl purchased a log for them .,DO,PD,TAKE,PURCHASE,THE,A,to,for,-42.32878112792969,"[-3.542482, -6.7804823, -10.574257, -0.71936655, -9.503686, -2.7147224, -7.243227, -1.2505565]"
the cop took me the machine .,a girl purchased them a log .,DO,DO,TAKE,PURCHASE,THE,A,to,for,-44.27589416503906,"[-3.542482, -6.7804823, -10.574257, -7.385486, -4.422918, -9.780161, -1.790107]"
the cop took the bag to him .,a singer saved a chocolate for us .,PD,PD,TAKE,SAVE,THE,A,to,for,-51.22611999511719,"[-3.535092, -10.458218, -11.01118, -1.8255172, -10.693307, -6.62883, -6.109927, -0.9640522]"
the cop took the bag to him .,a singer saved us a chocolate .,PD,DO,TAKE,SAVE,THE,A,to,for,-49.833099365234375,"[-3.535092, -10.458218, -11.01118, -7.55981, -3.441844, -9.942493, -3.8844628]"
the cop took the bag to us .,a cousin threw a meal to you .,PD,PD,TAKE,THROW,THE,A,to,to,-37.76930236816406,"[-3.5408287, -9.245993, -8.013591, -0.8623857, -7.8758535, -1.4622117, -6.1333513, -0.63508916]"
the cop took the bag to us .,a cousin threw you a meal .,PD,DO,TAKE,THROW,THE,A,to,to,-39.11582946777344,"[-3.5408287, -9.245993, -8.013591, -8.021342, -0.55277944, -8.473023, -1.2682718]"
the cop took the cup to me .,a colonel brought a bottle to you .,PD,PD,TAKE,BRING,THE,A,to,to,-37.58124923706055,"[-3.506503, -11.625372, -8.032783, -1.8203166, -3.4089837, -1.1744103, -7.5047965, -0.5080857]"
the cop took the cup to me .,a colonel brought you a bottle .,PD,DO,TAKE,BRING,THE,A,to,to,-36.505287170410156,"[-3.506503, -11.625372, -8.032783, -5.27763, -1.7983875, -3.7543187, -2.5102932]"
the cop took the cup to them .,a physician kept a card for us .,PD,PD,TAKE,KEEP,THE,A,to,for,-39.031890869140625,"[-3.5153894, -9.410826, -9.196159, -1.3081465, -7.043899, -2.485296, -4.947906, -1.1242701]"
the cop took the cup to them .,a physician kept us a card .,PD,DO,TAKE,KEEP,THE,A,to,for,-45.13529968261719,"[-3.5153894, -9.410826, -9.196159, -6.7341204, -5.3554645, -8.753159, -2.1701825]"
the cop took the cup to them .,a hero bought a chicken for you .,PD,PD,TAKE,BUY,THE,A,to,for,-39.44380187988281,"[-3.5153894, -8.947175, -9.106946, -0.7488705, -6.754229, -2.953211, -6.3977323, -1.0202482]"
the cop took the cup to them .,a hero bought you a chicken .,PD,DO,TAKE,BUY,THE,A,to,for,-39.35222244262695,"[-3.5153894, -8.947175, -9.106946, -7.734054, -0.5347748, -7.346779, -2.167106]"
the cop took the cup to us .,a daughter fed a chicken to them .,PD,PD,TAKE,FEED,THE,A,to,to,-37.698944091796875,"[-3.5097086, -9.163254, -10.000618, -1.7373208, -3.8484354, -1.0845141, -6.449835, -1.9052585]"
the cop took the cup to us .,a daughter fed them a chicken .,PD,DO,TAKE,FEED,THE,A,to,to,-38.66077423095703,"[-3.5097086, -9.163254, -10.000618, -6.6140423, -1.550364, -5.413028, -2.4097588]"
the cop took the machine to it .,a singer left an anchor for him .,PD,PD,TAKE,LEAVE,THE,A,to,for,-46.05890655517578,"[-3.5201073, -10.517929, -8.193595, -3.3678203, -8.646792, -2.9478092, -7.086648, -1.7782056]"
the cop took the machine to it .,a singer left him an anchor .,PD,DO,TAKE,LEAVE,THE,A,to,for,-44.032371520996094,"[-3.5201073, -10.517929, -8.193595, -5.597194, -4.5366883, -9.193382, -2.4734776]"
the cop took the machine to me .,a girl purchased a log for them .,PD,PD,TAKE,PURCHASE,THE,A,to,for,-41.59353256225586,"[-3.5117128, -6.788544, -10.892544, -0.5695368, -9.300753, -2.445431, -7.1045847, -0.98042655]"
the cop took the machine to me .,a girl purchased them a log .,PD,DO,TAKE,PURCHASE,THE,A,to,for,-45.418548583984375,"[-3.5117128, -6.788544, -10.892544, -7.808163, -4.59786, -9.976798, -1.8429276]"
the cop took the machine to us .,a husband found a salad for it .,PD,PD,TAKE,FIND,THE,A,to,for,-45.212181091308594,"[-3.5126731, -8.99418, -7.3576636, -1.1061345, -10.69837, -3.879616, -8.385947, -1.2775943]"
the cop took the machine to us .,a husband found it a salad .,PD,DO,TAKE,FIND,THE,A,to,for,-40.461158752441406,"[-3.5126731, -8.99418, -7.3576636, -4.264984, -3.3632283, -11.697732, -1.2706949]"
the cop took the machine to us .,a son showed a cheese to them .,PD,PD,TAKE,SHOW,THE,A,to,to,-45.837154388427734,"[-3.5126731, -8.656483, -7.1451473, -3.32622, -12.638097, -3.5632272, -6.3496184, -0.6456901]"
the cop took the machine to us .,a son showed them a cheese .,PD,DO,TAKE,SHOW,THE,A,to,to,-40.97875213623047,"[-3.5126731, -8.656483, -7.1451473, -5.1232514, -1.7637901, -11.180489, -3.5969186]"
the cop took the machine to you .,an uncle designed an iron for him .,PD,PD,TAKE,DESIGN,THE,A,to,for,-46.998016357421875,"[-5.6970243, -8.533649, -12.138309, -3.5497792, -6.2844543, -4.7866993, -5.057162, -0.95093894]"
the cop took the machine to you .,an uncle designed him an iron .,PD,DO,TAKE,DESIGN,THE,A,to,for,-46.028953552246094,"[-5.6970243, -8.533649, -12.138309, -7.4548926, -3.7947671, -5.7856154, -2.6246958]"
the cop took them the cup .,a physician kept a card for us .,DO,PD,TAKE,KEEP,THE,A,to,for,-38.43122863769531,"[-3.5643854, -9.162928, -9.05014, -1.5438676, -7.0251155, -2.3391044, -4.7805085, -0.9651815]"
the cop took them the cup .,a physician kept us a card .,DO,DO,TAKE,KEEP,THE,A,to,for,-39.862388610839844,"[-3.5643854, -9.162928, -9.05014, -5.636275, -3.712586, -7.3510513, -1.3850255]"
the cop took them the cup .,a hero bought a chicken for you .,DO,PD,TAKE,BUY,THE,A,to,for,-39.03544998168945,"[-3.5643854, -8.816725, -8.852177, -0.95581496, -6.750634, -3.0123053, -6.2393227, -0.84408677]"
the cop took them the cup .,a hero bought you a chicken .,DO,DO,TAKE,BUY,THE,A,to,for,-37.1446647644043,"[-3.5643854, -8.816725, -8.852177, -6.168514, -0.6660598, -7.5627728, -1.5140302]"
the cop took us the bag .,a cousin threw a meal to you .,DO,PD,TAKE,THROW,THE,A,to,to,-39.95995330810547,"[-3.5435138, -9.118105, -8.020385, -0.9020717, -8.394875, -2.5615335, -6.477779, -0.941693]"
the cop took us the bag .,a cousin threw you a meal .,DO,DO,TAKE,THROW,THE,A,to,to,-38.712188720703125,"[-3.5435138, -9.118105, -8.020385, -7.208866, -0.53566647, -9.06634, -1.2193104]"
the cop took us the cup .,a daughter fed a chicken to them .,DO,PD,TAKE,FEED,THE,A,to,to,-40.2579345703125,"[-3.5601237, -9.0725355, -9.746374, -1.9235076, -3.8965554, -2.4230118, -7.8475447, -1.7882817]"
the cop took us the cup .,a daughter fed them a chicken .,DO,DO,TAKE,FEED,THE,A,to,to,-37.12067794799805,"[-3.5601237, -9.0725355, -9.746374, -6.058078, -1.5507482, -5.410084, -1.7227358]"
the cop took us the machine .,a husband found a salad for it .,DO,PD,TAKE,FIND,THE,A,to,for,-44.49876403808594,"[-3.5294828, -8.911591, -7.031546, -1.2598804, -10.542009, -3.67252, -8.400719, -1.1510189]"
the cop took us the machine .,a husband found it a salad .,DO,DO,TAKE,FIND,THE,A,to,for,-39.367576599121094,"[-3.5294828, -8.911591, -7.031546, -4.2475667, -3.3072033, -11.320322, -1.0198623]"
the cop took us the machine .,a son showed a cheese to them .,DO,PD,TAKE,SHOW,THE,A,to,to,-47.689491271972656,"[-3.5294828, -8.590824, -7.0599446, -3.3726568, -12.583103, -4.059284, -7.534575, -0.9596169]"
the cop took us the machine .,a son showed them a cheese .,DO,DO,TAKE,SHOW,THE,A,to,to,-39.36650848388672,"[-3.5294828, -8.590824, -7.0599446, -5.2136126, -1.7328258, -10.638242, -2.601579]"
the cop took you the machine .,an uncle designed an iron for him .,DO,PD,TAKE,DESIGN,THE,A,to,for,-46.230064392089844,"[-5.681676, -8.572615, -11.99809, -3.6170814, -6.3668613, -4.2216306, -4.8378916, -0.9342188]"
the cop took you the machine .,an uncle designed him an iron .,DO,DO,TAKE,DESIGN,THE,A,to,for,-45.177574157714844,"[-5.681676, -8.572615, -11.99809, -7.158239, -3.9992163, -5.7020245, -2.0657156]"
the corporation designed him the anchor .,a chief drew a telephone for you .,DO,PD,DESIGN,DRAW,THE,A,for,for,-50.87992858886719,"[-3.6793506, -8.791468, -12.047087, -1.6745052, -8.013982, -7.3998446, -7.812435, -1.4612559]"
the corporation designed him the anchor .,a chief drew you a telephone .,DO,DO,DESIGN,DRAW,THE,A,for,for,-46.70872497558594,"[-3.6793506, -8.791468, -12.047087, -9.456595, -1.8921337, -7.4479446, -3.3941429]"
the corporation designed him the computer .,a cop bought a coffee for me .,DO,PD,DESIGN,BUY,THE,A,for,for,-37.728118896484375,"[-3.6317415, -8.500115, -7.3954678, -1.7174622, -7.9935646, -3.4205942, -3.809556, -1.2596142]"
the corporation designed him the computer .,a cop bought me a coffee .,DO,DO,DESIGN,BUY,THE,A,for,for,-31.988710403442383,"[-3.6317415, -8.500115, -7.3954678, -4.152511, -0.6255141, -6.2369294, -1.4464304]"
the corporation designed him the crystal .,a cop kept a coffee for us .,DO,PD,DESIGN,KEEP,THE,A,for,for,-44.90686798095703,"[-3.6781864, -8.543956, -7.7956905, -2.5736294, -9.692013, -5.6276274, -5.6573, -1.3384652]"
the corporation designed him the crystal .,a cop kept us a coffee .,DO,DO,DESIGN,KEEP,THE,A,for,for,-40.35946273803711,"[-3.6781864, -8.543956, -7.7956905, -5.2868595, -5.4307914, -7.5515738, -2.0724049]"
the corporation designed him the glass .,a prince supplied a tea to her .,DO,PD,DESIGN,SUPPLY,THE,A,for,to,-38.65508270263672,"[-3.6702232, -10.24044, -9.421433, -2.5685596, -6.4880395, -1.3358744, -3.0205717, -1.9099402]"
the corporation designed him the glass .,a prince supplied her a tea .,DO,DO,DESIGN,SUPPLY,THE,A,for,to,-36.15595245361328,"[-3.6702232, -10.24044, -9.421433, -3.693121, -2.4080143, -5.3336062, -1.3891141]"
the corporation designed him the plate .,a man gave a card to me .,DO,PD,DESIGN,GIVE,THE,A,for,to,-34.75788879394531,"[-3.6903884, -3.9222555, -7.109182, -2.1847076, -9.719435, -0.32655084, -5.700817, -2.10455]"
the corporation designed him the plate .,a man gave me a card .,DO,DO,DESIGN,GIVE,THE,A,for,to,-28.072681427001953,"[-3.6903884, -3.9222555, -7.109182, -3.4916534, -0.8875983, -6.5200934, -2.4515107]"
the corporation designed him the plate .,an employee sold a salad to me .,DO,PD,DESIGN,SELL,THE,A,for,to,-38.393402099609375,"[-5.701397, -4.4126906, -9.495531, -2.4679184, -8.81736, -2.030839, -4.180615, -1.2870532]"
the corporation designed him the plate .,an employee sold me a salad .,DO,DO,DESIGN,SELL,THE,A,for,to,-35.509464263916016,"[-5.701397, -4.4126906, -9.495531, -4.6210327, -1.1039213, -8.03244, -2.1424506]"
the corporation designed it the box .,a scientist sold a beer to him .,DO,PD,DESIGN,SELL,THE,A,for,to,-38.899200439453125,"[-3.6018362, -7.694683, -10.342882, -1.6107657, -7.6176515, -1.2930386, -4.872477, -1.8658646]"
the corporation designed it the box .,a scientist sold him a beer .,DO,DO,DESIGN,SELL,THE,A,for,to,-34.98980712890625,"[-3.6018362, -7.694683, -10.342882, -5.0011644, -0.7756345, -5.917757, -1.6558522]"
the corporation designed it the computer .,a mother drew a crystal for us .,DO,PD,DESIGN,DRAW,THE,A,for,for,-42.73401641845703,"[-3.5964773, -6.8304596, -8.474614, -1.1831901, -8.732559, -4.7159977, -7.586512, -1.6142054]"
the corporation designed it the computer .,a mother drew us a crystal .,DO,DO,DESIGN,DRAW,THE,A,for,for,-40.628047943115234,"[-3.5964773, -6.8304596, -8.474614, -8.191071, -1.157514, -8.821032, -3.556879]"
the corporation designed it the computer .,an adult sold a salad to you .,DO,PD,DESIGN,SELL,THE,A,for,to,-46.700435638427734,"[-5.6940813, -6.732321, -10.477272, -2.0620048, -9.858106, -2.3662586, -7.623467, -1.8869267]"
the corporation designed it the computer .,an adult sold you a salad .,DO,DO,DESIGN,SELL,THE,A,for,to,-40.895057678222656,"[-5.6940813, -6.732321, -10.477272, -6.2492504, -1.1614311, -9.039932, -1.5407695]"
the corporation designed it the plate .,a buddy left a flower for him .,DO,PD,DESIGN,LEAVE,THE,A,for,for,-39.20151901245117,"[-3.6433334, -10.215551, -7.6134377, -1.7236857, -8.039655, -3.5133753, -2.7410214, -1.7114595]"
the corporation designed it the plate .,a buddy left him a flower .,DO,DO,DESIGN,LEAVE,THE,A,for,for,-35.80583953857422,"[-3.6433334, -10.215551, -7.6134377, -3.4209762, -1.2218605, -7.890444, -1.8002357]"
the corporation designed me the anchor .,a mother found a chocolate for you .,DO,PD,DESIGN,FIND,THE,A,for,for,-41.67182922363281,"[-3.6638956, -6.7685614, -5.177102, -1.5851722, -8.203263, -7.0225763, -7.9326754, -1.3185861]"
the corporation designed me the anchor .,a mother found you a chocolate .,DO,DO,DESIGN,FIND,THE,A,for,for,-40.879791259765625,"[-3.6638956, -6.7685614, -5.177102, -9.775803, -3.11517, -7.8453035, -4.5339546]"
the corporation designed me the camera .,a chief saved a salad for it .,DO,PD,DESIGN,SAVE,THE,A,for,for,-53.19736862182617,"[-3.6538563, -9.115267, -15.437757, -2.194621, -11.93931, -2.352188, -7.4916606, -1.0127103]"
the corporation designed me the camera .,a chief saved it a salad .,DO,DO,DESIGN,SAVE,THE,A,for,for,-52.80219650268555,"[-3.6538563, -9.115267, -15.437757, -4.4221067, -6.8097897, -12.0292635, -1.3341553]"
the corporation designed me the coat .,a cousin brought a bag to you .,DO,PD,DESIGN,BRING,THE,A,for,to,-38.86214065551758,"[-3.688539, -9.34008, -6.8199744, -3.1817484, -4.140763, -2.3804548, -7.6624374, -1.648143]"
the corporation designed me the coat .,a cousin brought you a bag .,DO,DO,DESIGN,BRING,THE,A,for,to,-35.38507843017578,"[-3.688539, -9.34008, -6.8199744, -5.1791697, -1.9955828, -5.0885954, -3.2731369]"
the corporation designed me the coat .,a scientist showed a chicken to you .,DO,PD,DESIGN,SHOW,THE,A,for,to,-39.44208526611328,"[-3.688539, -7.4551067, -7.390701, -2.53322, -5.7304716, -3.9850602, -7.060974, -1.5980105]"
the corporation designed me the coat .,a scientist showed you a chicken .,DO,DO,DESIGN,SHOW,THE,A,for,to,-36.205177307128906,"[-3.688539, -7.4551067, -7.390701, -5.5861616, -2.1306167, -7.357312, -2.5967383]"
the corporation designed me the plate .,a buddy found a jacket for us .,DO,PD,DESIGN,FIND,THE,A,for,for,-40.970272064208984,"[-3.6857789, -10.012694, -7.2579184, -1.7701826, -8.60314, -3.6411612, -4.5267467, -1.4726505]"
the corporation designed me the plate .,a buddy found us a jacket .,DO,DO,DESIGN,FIND,THE,A,for,for,-38.43227005004883,"[-3.6857789, -10.012694, -7.2579184, -5.124895, -2.2484777, -8.527235, -1.5752711]"
the corporation designed me the plate .,a secretary took a coat to her .,DO,PD,DESIGN,TAKE,THE,A,for,to,-43.357643127441406,"[-3.6857789, -9.934482, -7.0477405, -1.9973158, -8.480221, -3.9793446, -1.888266, -6.344495]"
the corporation designed me the plate .,a secretary took her a coat .,DO,DO,DESIGN,TAKE,THE,A,for,to,-39.63273620605469,"[-3.6857789, -9.934482, -7.0477405, -2.3610435, -7.164671, -7.2352314, -2.2037907]"
the corporation designed the anchor for him .,a chief drew a telephone for you .,PD,PD,DESIGN,DRAW,THE,A,for,for,-49.49385070800781,"[-3.6017907, -8.778374, -12.098008, -1.6839885, -8.270892, -6.843774, -6.8955054, -1.3215177]"
the corporation designed the anchor for him .,a chief drew you a telephone .,PD,DO,DESIGN,DRAW,THE,A,for,for,-49.12823486328125,"[-3.6017907, -8.778374, -12.098008, -9.376927, -3.1289213, -8.411092, -3.733121]"
the corporation designed the anchor for me .,a mother found a chocolate for you .,PD,PD,DESIGN,FIND,THE,A,for,for,-39.210323333740234,"[-3.5825737, -6.6658144, -5.1929026, -1.3748475, -8.137588, -6.2228937, -6.9434457, -1.0902561]"
the corporation designed the anchor for me .,a mother found you a chocolate .,PD,DO,DESIGN,FIND,THE,A,for,for,-40.351051330566406,"[-3.5825737, -6.6658144, -5.1929026, -9.929108, -3.2767642, -6.8424892, -4.8613977]"
the corporation designed the bell for you .,a guest supplied a coffee to me .,PD,PD,DESIGN,SUPPLY,THE,A,for,to,-43.502262115478516,"[-3.556831, -8.2700615, -12.84335, -3.0029511, -8.295061, -2.9641252, -3.4157977, -1.154084]"
the corporation designed the bell for you .,a guest supplied me a coffee .,PD,DO,DESIGN,SUPPLY,THE,A,for,to,-43.01321029663086,"[-3.556831, -8.2700615, -12.84335, -4.3275704, -4.782043, -6.170736, -3.0626185]"
the corporation designed the bottle for you .,a king caught a book for him .,PD,PD,DESIGN,CATCH,THE,A,for,for,-40.038230895996094,"[-3.548189, -9.785337, -5.845731, -3.2767782, -8.853498, -3.4574246, -4.3157115, -0.9555599]"
the corporation designed the bottle for you .,a king caught him a book .,PD,DO,DESIGN,CATCH,THE,A,for,for,-40.287628173828125,"[-3.548189, -9.785337, -5.845731, -6.268567, -6.0029144, -7.442722, -1.3941672]"
the corporation designed the box for it .,a scientist sold a beer to him .,PD,PD,DESIGN,SELL,THE,A,for,to,-37.499881744384766,"[-3.5662599, -7.689395, -10.431161, -1.6087464, -7.477797, -1.3909525, -3.9097955, -1.4257733]"
the corporation designed the box for it .,a scientist sold him a beer .,PD,DO,DESIGN,SELL,THE,A,for,to,-35.14582443237305,"[-3.5662599, -7.689395, -10.431161, -4.8385534, -0.9061601, -5.9092174, -1.8050789]"
the corporation designed the box for you .,a girl sold a beer to us .,PD,PD,DESIGN,SELL,THE,A,for,to,-37.407958984375,"[-3.5244527, -7.1682796, -8.8306465, -2.1365871, -6.8790836, -1.6902397, -5.466618, -1.7120532]"
the corporation designed the box for you .,a girl sold us a beer .,PD,DO,DESIGN,SELL,THE,A,for,to,-35.035648345947266,"[-3.5244527, -7.1682796, -8.8306465, -6.6439734, -1.1459045, -5.8853397, -1.8370533]"
the corporation designed the button for us .,a guest saved a camera for me .,PD,PD,DESIGN,SAVE,THE,A,for,for,-42.28959655761719,"[-3.5973, -8.066217, -15.042709, -6.522239, -5.6848316, -1.5024006, -1.1025062, -0.7713913]"
the corporation designed the button for us .,a guest saved me a camera .,PD,DO,DESIGN,SAVE,THE,A,for,for,-43.682586669921875,"[-3.5973, -8.066217, -15.042709, -2.9429994, -1.8728988, -9.964137, -2.1963267]"
the corporation designed the camera for me .,a chief saved a salad for it .,PD,PD,DESIGN,SAVE,THE,A,for,for,-52.762229919433594,"[-3.576548, -9.071352, -15.591023, -1.9551151, -12.336423, -1.5997506, -7.7460365, -0.88598347]"
the corporation designed the camera for me .,a chief saved it a salad .,PD,DO,DESIGN,SAVE,THE,A,for,for,-53.75361633300781,"[-3.576548, -9.071352, -15.591023, -4.333603, -6.806631, -12.812226, -1.5622318]"
the corporation designed the camera for us .,an uncle brought an anchor to you .,PD,PD,DESIGN,BRING,THE,A,for,to,-43.928550720214844,"[-5.709357, -9.030811, -7.3543096, -4.598339, -8.404816, -0.81344897, -6.7700257, -1.2474474]"
the corporation designed the camera for us .,an uncle brought you an anchor .,PD,DO,DESIGN,BRING,THE,A,for,to,-44.157432556152344,"[-5.709357, -9.030811, -7.3543096, -5.1153135, -3.671063, -10.385039, -2.891539]"
the corporation designed the camera for you .,a manager threw an anchor to him .,PD,PD,DESIGN,THROW,THE,A,for,to,-39.40251922607422,"[-3.5577152, -8.403508, -9.211311, -3.507482, -6.3918815, -2.3624127, -4.0881805, -1.8800254]"
the corporation designed the camera for you .,a manager threw him an anchor .,PD,DO,DESIGN,THROW,THE,A,for,to,-40.366050720214844,"[-3.5577152, -8.403508, -9.211311, -3.4804301, -4.62566, -8.569197, -2.5182254]"
the corporation designed the coat for me .,a cousin brought a bag to you .,PD,PD,DESIGN,BRING,THE,A,for,to,-38.06382751464844,"[-3.5866165, -9.362447, -6.990461, -2.8621306, -3.9101288, -2.457399, -7.268788, -1.625859]"
the corporation designed the coat for me .,a cousin brought you a bag .,PD,DO,DESIGN,BRING,THE,A,for,to,-36.80697250366211,"[-3.5866165, -9.362447, -6.990461, -5.1376204, -1.980864, -5.4620166, -4.2869477]"
the corporation designed the coat for me .,a scientist showed a chicken to you .,PD,PD,DESIGN,SHOW,THE,A,for,to,-39.012569427490234,"[-3.5866165, -7.4948626, -7.473728, -2.410908, -5.937651, -3.8301039, -6.8489976, -1.4297024]"
the corporation designed the coat for me .,a scientist showed you a chicken .,PD,DO,DESIGN,SHOW,THE,A,for,to,-38.24799728393555,"[-3.5866165, -7.4948626, -7.473728, -5.7907553, -2.5624976, -7.79941, -3.540128]"
the corporation designed the coat for them .,a mayor kept a wire for us .,PD,PD,DESIGN,KEEP,THE,A,for,for,-49.668983459472656,"[-3.5823288, -9.877963, -11.03622, -2.8234549, -9.221853, -4.584724, -6.78963, -1.7528082]"
the corporation designed the coat for them .,a mayor kept us a wire .,PD,DO,DESIGN,KEEP,THE,A,for,for,-53.052032470703125,"[-3.5823288, -9.877963, -11.03622, -7.0761127, -6.6650887, -12.138895, -2.6754243]"
the corporation designed the coat for you .,a sheriff found a tea for us .,PD,PD,DESIGN,FIND,THE,A,for,for,-45.135345458984375,"[-3.570226, -8.611984, -6.4328737, -1.2469568, -10.954002, -5.9737663, -6.839923, -1.5056111]"
the corporation designed the coat for you .,a sheriff found us a tea .,PD,DO,DESIGN,FIND,THE,A,for,for,-46.76729965209961,"[-3.570226, -8.611984, -6.4328737, -10.821206, -3.2848508, -11.03101, -3.0151496]"
the corporation designed the coat for you .,a brother made a guitar for me .,PD,PD,DESIGN,MAKE,THE,A,for,for,-33.42781066894531,"[-3.570226, -9.228813, -6.462461, -1.1224983, -8.982764, -1.2512865, -1.8376259, -0.97213566]"
the corporation designed the coat for you .,a brother made me a guitar .,PD,DO,DESIGN,MAKE,THE,A,for,for,-35.41889953613281,"[-3.570226, -9.228813, -6.462461, -5.0264664, -1.9128051, -7.9600186, -1.2581066]"
the corporation designed the computer for him .,a cop bought a coffee for me .,PD,PD,DESIGN,BUY,THE,A,for,for,-35.470149993896484,"[-3.5679574, -8.615908, -7.6036158, -1.2527118, -7.8130226, -2.1179867, -3.429185, -1.0697634]"
the corporation designed the computer for him .,a cop bought me a coffee .,PD,DO,DESIGN,BUY,THE,A,for,for,-31.54572296142578,"[-3.5679574, -8.615908, -7.6036158, -4.3493886, -0.5302527, -5.2119064, -1.6666942]"
the corporation designed the computer for it .,a mother drew a crystal for us .,PD,PD,DESIGN,DRAW,THE,A,for,for,-41.10408020019531,"[-3.5688531, -6.78914, -8.701593, -1.1385747, -8.84285, -3.7638083, -7.0719233, -1.2273357]"
the corporation designed the computer for it .,a mother drew us a crystal .,PD,DO,DESIGN,DRAW,THE,A,for,for,-41.765045166015625,"[-3.5688531, -6.78914, -8.701593, -8.026925, -1.4187143, -9.401912, -3.8579085]"
the corporation designed the computer for it .,an adult sold a salad to you .,PD,PD,DESIGN,SELL,THE,A,for,to,-45.73496627807617,"[-5.7103643, -6.7080016, -10.555314, -1.9694349, -9.996396, -2.152765, -7.051814, -1.5908742]"
the corporation designed the computer for it .,an adult sold you a salad .,PD,DO,DESIGN,SELL,THE,A,for,to,-40.38285446166992,"[-5.7103643, -6.7080016, -10.555314, -5.7110806, -1.1535463, -8.931967, -1.6125803]"
the corporation designed the computer for us .,a scientist gave a pie to me .,PD,PD,DESIGN,GIVE,THE,A,for,to,-33.69062042236328,"[-3.5528183, -7.4904428, -7.0883017, -1.6951076, -9.339993, -0.41804874, -2.892129, -1.2137829]"
the corporation designed the computer for us .,a scientist gave me a pie .,PD,DO,DESIGN,GIVE,THE,A,for,to,-30.815902709960938,"[-3.5528183, -7.4904428, -7.0883017, -1.9447871, -0.77471346, -8.234459, -1.7303808]"
the corporation designed the computer for you .,a champion drew a bottle for him .,PD,PD,DESIGN,DRAW,THE,A,for,for,-44.281211853027344,"[-3.5299137, -9.080247, -11.670912, -1.47981, -9.36367, -5.385852, -2.9370503, -0.83375525]"
the corporation designed the computer for you .,a champion drew him a bottle .,PD,DO,DESIGN,DRAW,THE,A,for,for,-41.798431396484375,"[-3.5299137, -9.080247, -11.670912, -4.902684, -2.3436038, -7.2360244, -3.0350454]"
the corporation designed the crystal for him .,a cop kept a coffee for us .,PD,PD,DESIGN,KEEP,THE,A,for,for,-44.39684295654297,"[-3.6166525, -8.649838, -7.9361153, -2.3575158, -9.891463, -5.1431417, -5.5534725, -1.2486452]"
the corporation designed the crystal for him .,a cop kept us a coffee .,PD,DO,DESIGN,KEEP,THE,A,for,for,-43.53357696533203,"[-3.6166525, -8.649838, -7.9361153, -5.135879, -6.0145693, -9.429325, -2.751199]"
the corporation designed the crystal for you .,a father sold a chicken to us .,PD,PD,DESIGN,SELL,THE,A,for,to,-38.110694885253906,"[-3.5671968, -7.477186, -9.043302, -2.1122177, -5.850226, -1.6969823, -6.296402, -2.067183]"
the corporation designed the crystal for you .,a father sold us a chicken .,PD,DO,DESIGN,SELL,THE,A,for,to,-38.71487808227539,"[-3.5671968, -7.477186, -9.043302, -7.919736, -1.1617519, -6.988331, -2.5573735]"
the corporation designed the flower for them .,a kid threw a candy to us .,PD,PD,DESIGN,THROW,THE,A,for,to,-37.04497528076172,"[-3.577205, -8.875372, -6.163425, -0.67423165, -5.3941383, -4.8291373, -6.575276, -0.95619154]"
the corporation designed the flower for them .,a kid threw us a candy .,PD,DO,DESIGN,THROW,THE,A,for,to,-35.204959869384766,"[-3.577205, -8.875372, -6.163425, -8.966476, -0.63032174, -4.5333786, -2.4587803]"
the corporation designed the flower for you .,an opponent got an engine for her .,PD,PD,DESIGN,GET,THE,A,for,for,-44.01335144042969,"[-5.652356, -8.100671, -9.470421, -4.1988826, -8.43199, -3.0234594, -2.0711343, -3.0644355]"
the corporation designed the flower for you .,an opponent got her an engine .,PD,DO,DESIGN,GET,THE,A,for,for,-45.49214553833008,"[-5.652356, -8.100671, -9.470421, -3.585567, -6.74524, -9.682937, -2.2549536]"
the corporation designed the flower for you .,a father bought a chicken for us .,PD,PD,DESIGN,BUY,THE,A,for,for,-34.35960006713867,"[-3.5516052, -7.192504, -7.7713995, -1.0298202, -5.400704, -1.4312954, -6.2745214, -1.7077484]"
the corporation designed the flower for you .,a father bought us a chicken .,PD,DO,DESIGN,BUY,THE,A,for,for,-36.42571258544922,"[-3.5516052, -7.192504, -7.7713995, -8.129226, -0.93349767, -5.8112183, -3.0362616]"
the corporation designed the glass for him .,a prince supplied a tea to her .,PD,PD,DESIGN,SUPPLY,THE,A,for,to,-39.45334243774414,"[-3.6138496, -10.382372, -9.278017, -2.4523225, -6.979654, -1.6193811, -3.0268612, -2.1008856]"
the corporation designed the glass for him .,a prince supplied her a tea .,PD,DO,DESIGN,SUPPLY,THE,A,for,to,-38.6212272644043,"[-3.6138496, -10.382372, -9.278017, -4.294686, -3.2948346, -5.6927366, -2.0647335]"
the corporation designed the guitar for them .,a sheriff sold a meal to you .,PD,PD,DESIGN,SELL,THE,A,for,to,-47.109317779541016,"[-3.5633335, -8.734242, -11.109588, -2.144054, -10.240116, -1.7259024, -7.561659, -2.0304248]"
the corporation designed the guitar for them .,a sheriff sold you a meal .,PD,DO,DESIGN,SELL,THE,A,for,to,-41.64313888549805,"[-3.5633335, -8.734242, -11.109588, -6.394488, -1.013455, -8.537488, -2.2905445]"
the corporation designed the guitar for us .,a winner got a pie for you .,PD,PD,DESIGN,GET,THE,A,for,for,-40.671382904052734,"[-3.586635, -9.871813, -9.544488, -1.7911451, -8.88982, -2.0252266, -4.022144, -0.9401107]"
the corporation designed the guitar for us .,a winner got you a pie .,PD,DO,DESIGN,GET,THE,A,for,for,-40.05103302001953,"[-3.586635, -9.871813, -9.544488, -4.254817, -1.8947989, -9.013655, -1.8848289]"
the corporation designed the guitar for us .,a cop fed a pie to you .,PD,PD,DESIGN,FEED,THE,A,for,to,-43.35958480834961,"[-3.586635, -8.623582, -10.15062, -1.8203152, -9.63903, -0.46128404, -7.594355, -1.4837623]"
the corporation designed the guitar for us .,a cop fed you a pie .,PD,DO,DESIGN,FEED,THE,A,for,to,-38.71492004394531,"[-3.586635, -8.623582, -10.15062, -5.864602, -1.7089157, -6.8130193, -1.9675465]"
the corporation designed the guitar for you .,a woman drew a bag for them .,PD,PD,DESIGN,DRAW,THE,A,for,for,-38.653297424316406,"[-3.565443, -4.509739, -9.106173, -1.0320615, -8.467192, -3.7259798, -6.2071934, -2.039517]"
the corporation designed the guitar for you .,a woman drew them a bag .,PD,DO,DESIGN,DRAW,THE,A,for,for,-39.03754425048828,"[-3.565443, -4.509739, -9.106173, -7.8925896, -2.2187104, -8.199178, -3.5457137]"
the corporation designed the instrument for you .,a mayor bought a jacket for her .,PD,PD,DESIGN,BUY,THE,A,for,for,-40.454429626464844,"[-3.5549815, -10.17711, -10.088701, -0.89650077, -8.057894, -1.3409431, -1.8121134, -4.526185]"
the corporation designed the instrument for you .,a mayor bought her a jacket .,PD,DO,DESIGN,BUY,THE,A,for,for,-38.919647216796875,"[-3.5549815, -10.17711, -10.088701, -3.1395419, -2.422599, -7.0672836, -2.4694328]"
the corporation designed the plate for him .,a man gave a card to me .,PD,PD,DESIGN,GIVE,THE,A,for,to,-33.912635803222656,"[-3.6105509, -3.8517954, -7.114116, -1.993277, -9.472006, -0.18583508, -5.543217, -2.1418395]"
the corporation designed the plate for him .,a man gave me a card .,PD,DO,DESIGN,GIVE,THE,A,for,to,-28.652360916137695,"[-3.6105509, -3.8517954, -7.114116, -3.8193316, -0.7930483, -6.4011564, -3.0623612]"
the corporation designed the plate for him .,an employee sold a salad to me .,PD,PD,DESIGN,SELL,THE,A,for,to,-38.62021255493164,"[-5.677804, -4.21274, -9.699985, -2.2776718, -8.851207, -1.96036, -4.6075406, -1.3329037]"
the corporation designed the plate for him .,an employee sold me a salad .,PD,DO,DESIGN,SELL,THE,A,for,to,-36.555442810058594,"[-5.677804, -4.21274, -9.699985, -5.3947067, -1.0796993, -8.054653, -2.4358559]"
the corporation designed the plate for it .,a buddy left a flower for him .,PD,PD,DESIGN,LEAVE,THE,A,for,for,-37.29677963256836,"[-3.6174448, -10.206286, -7.6128297, -1.6083707, -8.045237, -2.7575727, -2.0725527, -1.376488]"
the corporation designed the plate for it .,a buddy left him a flower .,PD,DO,DESIGN,LEAVE,THE,A,for,for,-36.347808837890625,"[-3.6174448, -10.206286, -7.6128297, -3.3818197, -1.2854522, -8.157653, -2.0863254]"
the corporation designed the plate for me .,a buddy found a jacket for us .,PD,PD,DESIGN,FIND,THE,A,for,for,-39.463809967041016,"[-3.5875826, -10.231784, -7.0366645, -1.4601538, -8.510624, -2.4063087, -5.0509634, -1.1797287]"
the corporation designed the plate for me .,a buddy found us a jacket .,PD,DO,DESIGN,FIND,THE,A,for,for,-40.925636291503906,"[-3.5875826, -10.231784, -7.0366645, -6.203964, -2.8772507, -8.789185, -2.1992066]"
the corporation designed the plate for me .,a secretary took a coat to her .,PD,PD,DESIGN,TAKE,THE,A,for,to,-43.217750549316406,"[-3.5875826, -10.005144, -7.056739, -1.853049, -8.662171, -3.739717, -1.9392457, -6.3741055]"
the corporation designed the plate for me .,a secretary took her a coat .,PD,DO,DESIGN,TAKE,THE,A,for,to,-41.87692642211914,"[-3.5875826, -10.005144, -7.056739, -2.3652236, -6.9645233, -8.734733, -3.162982]"
the corporation designed the wire for us .,an actor delivered a pie for you .,PD,PD,DESIGN,DELIVER,THE,A,for,for,-41.65052032470703,"[-5.6744213, -6.7511306, -9.617138, -0.885023, -10.07667, -2.0274565, -5.578653, -1.0400251]"
the corporation designed the wire for us .,an actor delivered you a pie .,PD,DO,DESIGN,DELIVER,THE,A,for,for,-42.057098388671875,"[-5.6744213, -6.7511306, -9.617138, -7.896578, -1.2219837, -9.311675, -1.5841708]"
the corporation designed them the coat .,a mayor kept a wire for us .,DO,PD,DESIGN,KEEP,THE,A,for,for,-50.43070983886719,"[-3.6941853, -9.743494, -10.922939, -2.8910747, -9.134619, -4.969186, -6.8108444, -2.2643683]"
the corporation designed them the coat .,a mayor kept us a wire .,DO,DO,DESIGN,KEEP,THE,A,for,for,-51.67741394042969,"[-3.6941853, -9.743494, -10.922939, -7.0636764, -6.3115683, -11.505334, -2.4362164]"
the corporation designed them the flower .,a kid threw a candy to us .,DO,PD,DESIGN,THROW,THE,A,for,to,-37.72724914550781,"[-3.6594565, -8.9389, -6.039413, -0.852128, -5.704891, -4.6828938, -6.7461786, -1.1033891]"
the corporation designed them the flower .,a kid threw us a candy .,DO,DO,DESIGN,THROW,THE,A,for,to,-33.89293670654297,"[-3.6594565, -8.9389, -6.039413, -8.559344, -0.7162177, -4.2276416, -1.7519625]"
the corporation designed them the guitar .,a sheriff sold a meal to you .,DO,PD,DESIGN,SELL,THE,A,for,to,-46.81394577026367,"[-3.6771336, -8.498954, -10.648227, -2.2863817, -10.2295685, -1.6060262, -7.9429607, -1.9246951]"
the corporation designed them the guitar .,a sheriff sold you a meal .,DO,DO,DESIGN,SELL,THE,A,for,to,-40.83628845214844,"[-3.6771336, -8.498954, -10.648227, -6.642847, -1.107233, -8.648563, -1.6133307]"
the corporation designed us the button .,a guest saved a camera for me .,DO,PD,DESIGN,SAVE,THE,A,for,for,-42.295257568359375,"[-3.643303, -8.009384, -14.344491, -6.100735, -5.586504, -2.8068118, -0.8880607, -0.9159625]"
the corporation designed us the button .,a guest saved me a camera .,DO,DO,DESIGN,SAVE,THE,A,for,for,-41.420326232910156,"[-3.643303, -8.009384, -14.344491, -1.9965967, -1.8808907, -9.79635, -1.74931]"
the corporation designed us the camera .,an uncle brought an anchor to you .,DO,PD,DESIGN,BRING,THE,A,for,to,-43.64850997924805,"[-5.72776, -8.914827, -6.9836645, -4.756117, -8.131421, -0.99800956, -6.920593, -1.216116]"
the corporation designed us the camera .,an uncle brought you an anchor .,DO,DO,DESIGN,BRING,THE,A,for,to,-41.752864837646484,"[-5.72776, -8.914827, -6.9836645, -5.0402937, -3.7045922, -9.494032, -1.8876953]"
the corporation designed us the computer .,a scientist gave a pie to me .,DO,PD,DESIGN,GIVE,THE,A,for,to,-33.96404266357422,"[-3.5965893, -7.4712367, -6.787985, -1.8529195, -8.985061, -0.5951193, -3.4314804, -1.2436491]"
the corporation designed us the computer .,a scientist gave me a pie .,DO,DO,DESIGN,GIVE,THE,A,for,to,-29.4774169921875,"[-3.5965893, -7.4712367, -6.787985, -1.7060975, -0.75825727, -7.8589907, -1.2982599]"
the corporation designed us the guitar .,a winner got a pie for you .,DO,PD,DESIGN,GET,THE,A,for,for,-41.50182342529297,"[-3.6381185, -9.952175, -8.638669, -1.8308126, -8.650342, -3.0192163, -4.76161, -1.0108789]"
the corporation designed us the guitar .,a winner got you a pie .,DO,DO,DESIGN,GET,THE,A,for,for,-37.767154693603516,"[-3.6381185, -9.952175, -8.638669, -4.0785427, -1.7768292, -8.617336, -1.0654827]"
the corporation designed us the guitar .,a cop fed a pie to you .,DO,PD,DESIGN,FEED,THE,A,for,to,-43.33576202392578,"[-3.6381185, -8.558502, -9.813517, -2.0016854, -9.774403, -0.6327092, -7.439331, -1.4774963]"
the corporation designed us the guitar .,a cop fed you a pie .,DO,DO,DESIGN,FEED,THE,A,for,to,-36.73247528076172,"[-3.6381185, -8.558502, -9.813517, -5.3614483, -1.4817291, -6.525336, -1.353827]"
the corporation designed us the wire .,an actor delivered a pie for you .,DO,PD,DESIGN,DELIVER,THE,A,for,for,-42.714324951171875,"[-5.71793, -6.595816, -9.438158, -0.87178636, -10.605887, -2.9613008, -5.356835, -1.1666104]"
the corporation designed us the wire .,an actor delivered you a pie .,DO,DO,DESIGN,DELIVER,THE,A,for,for,-39.77897644042969,"[-5.71793, -6.595816, -9.438158, -6.9772263, -1.0046829, -9.202203, -0.8429631]"
the corporation designed you the bell .,a guest supplied a coffee to me .,DO,PD,DESIGN,SUPPLY,THE,A,for,to,-42.520599365234375,"[-3.575176, -7.9830217, -12.681798, -2.9432826, -8.3297, -3.2113, -2.4862683, -1.310055]"
the corporation designed you the bell .,a guest supplied me a coffee .,DO,DO,DESIGN,SUPPLY,THE,A,for,to,-39.639503479003906,"[-3.575176, -7.9830217, -12.681798, -3.3781743, -3.4754825, -5.996784, -2.54907]"
the corporation designed you the bottle .,a king caught a book for him .,DO,PD,DESIGN,CATCH,THE,A,for,for,-42.06101989746094,"[-3.583824, -9.634024, -5.7861114, -3.081309, -8.910971, -4.292441, -5.7843375, -0.9880011]"
the corporation designed you the bottle .,a king caught him a book .,DO,DO,DESIGN,CATCH,THE,A,for,for,-38.75571823120117,"[-3.583824, -9.634024, -5.7861114, -6.3860044, -5.493929, -6.9300003, -0.9418266]"
the corporation designed you the box .,a girl sold a beer to us .,DO,PD,DESIGN,SELL,THE,A,for,to,-37.2889518737793,"[-3.5691872, -7.093187, -8.854997, -2.2108028, -6.7152333, -1.5719137, -5.5482454, -1.7253858]"
the corporation designed you the box .,a girl sold us a beer .,DO,DO,DESIGN,SELL,THE,A,for,to,-33.752235412597656,"[-3.5691872, -7.093187, -8.854997, -5.9675083, -1.0936233, -5.7334194, -1.4403131]"
the corporation designed you the camera .,a manager threw an anchor to him .,DO,PD,DESIGN,THROW,THE,A,for,to,-38.495426177978516,"[-3.5759747, -8.436936, -8.4385195, -3.4853282, -6.4690876, -2.173993, -4.0876536, -1.8279338]"
the corporation designed you the camera .,a manager threw him an anchor .,DO,DO,DESIGN,THROW,THE,A,for,to,-38.560630798339844,"[-3.5759747, -8.436936, -8.4385195, -3.2417521, -4.174284, -8.572947, -2.1202142]"
the corporation designed you the coat .,a sheriff found a tea for us .,DO,PD,DESIGN,FIND,THE,A,for,for,-46.58181381225586,"[-3.6043942, -8.5131645, -6.327125, -1.2911747, -10.812263, -6.2400417, -7.9589853, -1.8346652]"
the corporation designed you the coat .,a sheriff found us a tea .,DO,DO,DESIGN,FIND,THE,A,for,for,-42.955970764160156,"[-3.6043942, -8.5131645, -6.327125, -10.254633, -2.1445043, -9.933548, -2.1786041]"
the corporation designed you the coat .,a brother made a guitar for me .,DO,PD,DESIGN,MAKE,THE,A,for,for,-35.138038635253906,"[-3.6043942, -9.170049, -6.411721, -1.1687576, -9.030813, -2.3658872, -2.3756635, -1.0107551]"
the corporation designed you the coat .,a brother made me a guitar .,DO,DO,DESIGN,MAKE,THE,A,for,for,-33.61334228515625,"[-3.6043942, -9.170049, -6.411721, -3.9505568, -1.6896605, -7.9316583, -0.8553032]"
the corporation designed you the computer .,a champion drew a bottle for him .,DO,PD,DESIGN,DRAW,THE,A,for,for,-45.63483810424805,"[-3.5610752, -9.00217, -11.6085615, -1.6027393, -9.245382, -6.2722673, -3.483955, -0.85868794]"
the corporation designed you the computer .,a champion drew him a bottle .,DO,DO,DESIGN,DRAW,THE,A,for,for,-40.916873931884766,"[-3.5610752, -9.00217, -11.6085615, -4.75607, -1.914837, -7.4212627, -2.6528986]"
the corporation designed you the crystal .,a father sold a chicken to us .,DO,PD,DESIGN,SELL,THE,A,for,to,-38.80525207519531,"[-3.5852065, -7.3708305, -8.943157, -2.2385378, -5.7297764, -1.3369129, -7.797737, -1.80309]"
the corporation designed you the crystal .,a father sold us a chicken .,DO,DO,DESIGN,SELL,THE,A,for,to,-37.06866455078125,"[-3.5852065, -7.3708305, -8.943157, -7.743264, -1.189369, -6.696277, -1.5405613]"
the corporation designed you the flower .,an opponent got an engine for her .,DO,PD,DESIGN,GET,THE,A,for,for,-44.60868835449219,"[-5.666075, -8.090184, -8.829329, -4.2709637, -7.9687405, -4.121719, -2.2629657, -3.3987124]"
the corporation designed you the flower .,an opponent got her an engine .,DO,DO,DESIGN,GET,THE,A,for,for,-43.81540298461914,"[-5.666075, -8.090184, -8.829329, -3.8289716, -6.315851, -9.609296, -1.4756955]"
the corporation designed you the flower .,a father bought a chicken for us .,DO,PD,DESIGN,BUY,THE,A,for,for,-36.76963806152344,"[-3.5740266, -7.154809, -7.6313205, -1.0840843, -5.3138347, -2.6519997, -7.719134, -1.640429]"
the corporation designed you the flower .,a father bought us a chicken .,DO,DO,DESIGN,BUY,THE,A,for,for,-34.571746826171875,"[-3.5740266, -7.154809, -7.6313205, -7.63927, -1.0039244, -5.5400667, -2.0283298]"
the corporation designed you the guitar .,a woman drew a bag for them .,DO,PD,DESIGN,DRAW,THE,A,for,for,-39.52276611328125,"[-3.5796447, -4.5045214, -9.011891, -1.0018096, -8.141267, -4.50417, -6.738819, -2.0406423]"
the corporation designed you the guitar .,a woman drew them a bag .,DO,DO,DESIGN,DRAW,THE,A,for,for,-37.546775817871094,"[-3.5796447, -4.5045214, -9.011891, -7.8815484, -1.6163232, -7.8444753, -3.1083698]"
the corporation designed you the instrument .,a mayor bought a jacket for her .,DO,PD,DESIGN,BUY,THE,A,for,for,-42.24900817871094,"[-3.5927076, -10.153593, -9.925211, -1.0161232, -7.8383865, -2.4166803, -2.1582775, -5.1480293]"
the corporation designed you the instrument .,a mayor bought her a jacket .,DO,DO,DESIGN,BUY,THE,A,for,for,-38.894500732421875,"[-3.5927076, -10.153593, -9.925211, -3.0520682, -3.232163, -6.9340544, -2.0047064]"
the cousin bought him the cheese .,a boy kept a book for me .,DO,PD,BUY,KEEP,THE,A,for,for,-37.430992126464844,"[-3.6694708, -6.446355, -8.358845, -4.4137387, -4.9082513, -4.016325, -4.6800766, -0.93793243]"
the cousin bought him the cheese .,a boy kept me a book .,DO,DO,BUY,KEEP,THE,A,for,for,-39.45128631591797,"[-3.6694708, -6.446355, -8.358845, -6.45556, -7.1538496, -6.142147, -1.2250559]"
the cousin bought him the cheese .,a chief left a coffee for us .,DO,PD,BUY,LEAVE,THE,A,for,for,-45.14598846435547,"[-3.6694708, -9.121105, -9.63395, -3.124047, -6.8271837, -5.4147415, -5.6085815, -1.7469074]"
the cousin bought him the cheese .,a chief left us a coffee .,DO,DO,BUY,LEAVE,THE,A,for,for,-40.4793701171875,"[-3.6694708, -9.121105, -9.63395, -6.333723, -2.4926257, -7.8175116, -1.4109858]"
the cousin bought the cheese for him .,a boy kept a book for me .,PD,PD,BUY,KEEP,THE,A,for,for,-37.34237289428711,"[-3.6457753, -6.4570312, -8.3954, -3.7576075, -5.04158, -3.1814878, -5.8633723, -1.0001185]"
the cousin bought the cheese for him .,a boy kept me a book .,PD,DO,BUY,KEEP,THE,A,for,for,-39.072509765625,"[-3.6457753, -6.4570312, -8.3954, -6.8689327, -6.321704, -5.4870596, -1.8966068]"
the cousin bought the cheese for him .,a chief left a coffee for us .,PD,PD,BUY,LEAVE,THE,A,for,for,-42.93317413330078,"[-3.6457753, -9.134591, -9.7464285, -2.896773, -6.143359, -4.4298267, -5.389374, -1.5470438]"
the cousin bought the cheese for him .,a chief left us a coffee .,PD,DO,BUY,LEAVE,THE,A,for,for,-41.925575256347656,"[-3.6457753, -9.134591, -9.7464285, -6.578782, -2.5469828, -7.677312, -2.5957017]"
the cousin bought the cheese for them .,a colonel found a meal for me .,PD,PD,BUY,FIND,THE,A,for,for,-38.85498809814453,"[-3.6290758, -10.757556, -6.2983027, -2.031423, -7.313135, -1.7714424, -5.324709, -1.7293427]"
the cousin bought the cheese for them .,a colonel found me a meal .,PD,DO,BUY,FIND,THE,A,for,for,-38.715843200683594,"[-3.6290758, -10.757556, -6.2983027, -7.3998017, -3.0292315, -5.149028, -2.4528463]"
the cousin bought the cheese for them .,a friend promised a pot to you .,PD,PD,BUY,PROMISE,THE,A,for,to,-39.426239013671875,"[-3.6290758, -5.6816006, -8.033312, -4.026708, -5.667729, -4.861972, -6.2335052, -1.2923349]"
the cousin bought the cheese for them .,a friend promised you a pot .,PD,DO,BUY,PROMISE,THE,A,for,to,-35.278076171875,"[-3.6290758, -5.6816006, -8.033312, -6.0420775, -1.9154663, -6.1805954, -3.7959502]"
the cousin bought the cheese for you .,a reader made a television for us .,PD,PD,BUY,MAKE,THE,A,for,for,-38.77594757080078,"[-3.616153, -7.261497, -6.5706997, -1.4238527, -12.89459, -3.905682, -1.8639746, -1.2394962]"
the cousin bought the cheese for you .,a reader made us a television .,PD,DO,BUY,MAKE,THE,A,for,for,-42.30828857421875,"[-3.616153, -7.261497, -6.5706997, -6.1938686, -1.7115928, -11.554268, -5.4002094]"
the cousin bought the cheese for you .,a bishop caught a log for him .,PD,PD,BUY,CATCH,THE,A,for,for,-44.33299255371094,"[-3.616153, -9.291396, -7.4888086, -4.0347323, -10.525458, -3.613354, -4.4995546, -1.2635388]"
the cousin bought the cheese for you .,a bishop caught him a log .,PD,DO,BUY,CATCH,THE,A,for,for,-46.07624435424805,"[-3.616153, -9.291396, -7.4888086, -7.409407, -6.34091, -9.700193, -2.2293782]"
the cousin bought the cheese for you .,a husband caught a flower for it .,PD,PD,BUY,CATCH,THE,A,for,for,-43.06925964355469,"[-3.616153, -8.294605, -7.1686473, -3.178946, -10.630201, -2.619916, -6.5179453, -1.0428469]"
the cousin bought the cheese for you .,a husband caught it a flower .,PD,DO,BUY,CATCH,THE,A,for,for,-42.621253967285156,"[-3.616153, -8.294605, -7.1686473, -5.1451535, -6.7863917, -10.122558, -1.4877421]"
the cousin bought them the cheese .,a colonel found a meal for me .,DO,PD,BUY,FIND,THE,A,for,for,-40.27611541748047,"[-3.6887934, -10.59087, -6.3009195, -2.4074988, -7.815564, -2.654231, -5.093835, -1.7244016]"
the cousin bought them the cheese .,a colonel found me a meal .,DO,DO,BUY,FIND,THE,A,for,for,-36.35166931152344,"[-3.6887934, -10.59087, -6.3009195, -6.5622888, -2.137939, -5.406193, -1.6646659]"
the cousin bought them the cheese .,a friend promised a pot to you .,DO,PD,BUY,PROMISE,THE,A,for,to,-40.64883041381836,"[-3.6887934, -5.6756577, -7.996667, -4.5267797, -5.8101196, -5.1325746, -6.587053, -1.2311859]"
the cousin bought them the cheese .,a friend promised you a pot .,DO,DO,BUY,PROMISE,THE,A,for,to,-34.88983154296875,"[-3.6887934, -5.6756577, -7.996667, -6.273708, -2.3810422, -6.1816387, -2.6923225]"
the cousin bought you the cheese .,a reader made a television for us .,DO,PD,BUY,MAKE,THE,A,for,for,-38.337127685546875,"[-3.6402292, -7.038354, -6.405027, -1.4235014, -13.001051, -3.661172, -1.9617707, -1.206025]"
the cousin bought you the cheese .,a reader made us a television .,DO,DO,BUY,MAKE,THE,A,for,for,-39.69926834106445,"[-3.6402292, -7.038354, -6.405027, -5.1624093, -1.8027525, -11.668788, -3.9817092]"
the cousin bought you the cheese .,a bishop caught a log for him .,DO,PD,BUY,CATCH,THE,A,for,for,-45.19409942626953,"[-3.6402292, -9.364433, -7.1588335, -3.8994877, -10.349015, -4.499789, -5.309534, -0.97277814]"
the cousin bought you the cheese .,a bishop caught him a log .,DO,DO,BUY,CATCH,THE,A,for,for,-44.257568359375,"[-3.6402292, -9.364433, -7.1588335, -7.166007, -6.041367, -9.910503, -0.97619253]"
the cousin bought you the cheese .,a husband caught a flower for it .,DO,PD,BUY,CATCH,THE,A,for,for,-45.076210021972656,"[-3.6402292, -8.303497, -7.254321, -2.8545165, -10.93141, -4.117632, -7.131671, -0.8429321]"
the cousin bought you the cheese .,a husband caught it a flower .,DO,DO,BUY,CATCH,THE,A,for,for,-42.91349792480469,"[-3.6402292, -8.303497, -7.254321, -5.5198417, -7.322126, -9.864705, -1.0087812]"
the cousin brought her the box .,a son showed a glass to us .,DO,PD,BRING,SHOW,THE,A,to,to,-41.6651611328125,"[-3.592404, -7.992565, -5.983779, -3.684824, -9.129851, -2.4814553, -7.8251896, -0.97509277]"
the cousin brought her the box .,a son showed us a glass .,DO,DO,BRING,SHOW,THE,A,to,to,-35.516136169433594,"[-3.592404, -7.992565, -5.983779, -5.1954956, -1.5707623, -8.078491, -3.1026394]"
the cousin brought me the beer .,a secretary sent a salad to us .,DO,PD,BRING,SEND,THE,A,to,to,-40.228302001953125,"[-3.6058774, -10.699315, -5.60965, -1.7336379, -12.261062, -0.7817322, -4.564817, -0.97220945]"
the cousin brought me the beer .,a secretary sent us a salad .,DO,DO,BRING,SEND,THE,A,to,to,-36.34517288208008,"[-3.6058774, -10.699315, -5.60965, -4.1075315, -1.168111, -10.219855, -0.9348332]"
the cousin brought me the box .,a teacher got a salad for you .,DO,PD,BRING,GET,THE,A,to,for,-43.43079376220703,"[-3.59639, -6.9763803, -6.9890866, -1.3870454, -13.243203, -2.8191888, -7.2522535, -1.1672456]"
the cousin brought me the box .,a teacher got you a salad .,DO,DO,BRING,GET,THE,A,to,for,-39.74165344238281,"[-3.59639, -6.9763803, -6.9890866, -9.287769, -1.3532416, -10.173561, -1.3652267]"
the cousin brought me the coat .,a nurse supplied a coffee to us .,DO,PD,BRING,SUPPLY,THE,A,to,to,-40.017982482910156,"[-3.6416354, -7.214986, -10.73341, -3.170248, -7.4416814, -0.9932132, -6.03833, -0.7844809]"
the cousin brought me the coat .,a nurse supplied us a coffee .,DO,DO,BRING,SUPPLY,THE,A,to,to,-38.014892578125,"[-3.6416354, -7.214986, -10.73341, -4.1630907, -5.2374125, -5.768196, -1.2561635]"
the cousin brought me the coat .,a soldier took a bowl to you .,DO,PD,BRING,TAKE,THE,A,to,to,-43.512855529785156,"[-3.6416354, -7.217642, -5.545418, -1.7621846, -10.200185, -4.3486476, -9.57144, -1.2257034]"
the cousin brought me the coat .,a soldier took you a bowl .,DO,DO,BRING,TAKE,THE,A,to,to,-43.75481414794922,"[-3.6416354, -7.217642, -5.545418, -7.641295, -6.450484, -10.322881, -2.9354584]"
the cousin brought me the coat .,a champion fed a chicken to you .,DO,PD,BRING,FEED,THE,A,to,to,-44.80595397949219,"[-3.6416354, -9.481501, -11.163364, -3.3523803, -3.9572299, -3.9174576, -8.111712, -1.1806746]"
the cousin brought me the coat .,a champion fed you a chicken .,DO,DO,BRING,FEED,THE,A,to,to,-40.988975524902344,"[-3.6416354, -9.481501, -11.163364, -7.2592063, -2.062527, -5.431631, -1.9491098]"
the cousin brought the beer to me .,a secretary sent a salad to us .,PD,PD,BRING,SEND,THE,A,to,to,-38.22605895996094,"[-3.5371888, -10.67952, -5.9118514, -1.2933692, -11.819081, -0.37270826, -3.9711342, -0.64120847]"
the cousin brought the beer to me .,a secretary sent us a salad .,PD,DO,BRING,SEND,THE,A,to,to,-38.35894012451172,"[-3.5371888, -10.67952, -5.9118514, -5.8538437, -0.7867291, -10.070141, -1.5196693]"
the cousin brought the beer to them .,a hero designed a bottle for us .,PD,PD,BRING,DESIGN,THE,A,to,for,-43.840187072753906,"[-3.5336654, -9.011756, -10.416829, -3.7251134, -7.1383133, -3.1157718, -5.768373, -1.1303608]"
the cousin brought the beer to them .,a hero designed us a bottle .,PD,DO,BRING,DESIGN,THE,A,to,for,-47.04011535644531,"[-3.5336654, -9.011756, -10.416829, -10.669115, -4.3569083, -6.6291885, -2.422656]"
the cousin brought the beer to you .,a boy gave a meal to us .,PD,PD,BRING,GIVE,THE,A,to,to,-37.660552978515625,"[-3.5331507, -6.7062593, -7.855814, -1.3520924, -8.908273, -0.060178988, -8.068795, -1.1759921]"
the cousin brought the beer to you .,a boy gave us a meal .,PD,DO,BRING,GIVE,THE,A,to,to,-34.37553787231445,"[-3.5331507, -6.7062593, -7.855814, -6.693352, -0.77744675, -7.4189796, -1.3905357]"
the cousin brought the box to her .,a son showed a glass to us .,PD,PD,BRING,SHOW,THE,A,to,to,-40.1851806640625,"[-3.5453806, -8.028099, -6.1601114, -3.117256, -8.868079, -1.4773599, -8.199113, -0.78977895]"
the cousin brought the box to her .,a son showed us a glass .,PD,DO,BRING,SHOW,THE,A,to,to,-36.56899642944336,"[-3.5453806, -8.028099, -6.1601114, -5.357559, -1.2794157, -8.118416, -4.0800138]"
the cousin brought the box to me .,a teacher got a salad for you .,PD,PD,BRING,GET,THE,A,to,for,-42.191505432128906,"[-3.5364578, -6.9944715, -7.310687, -1.2290285, -12.676414, -2.7792897, -6.61584, -1.049316]"
the cousin brought the box to me .,a teacher got you a salad .,PD,DO,BRING,GET,THE,A,to,for,-39.526798248291016,"[-3.5364578, -6.9944715, -7.310687, -9.379702, -1.0381457, -9.7665615, -1.5007725]"
the cousin brought the coat to me .,a nurse supplied a coffee to us .,PD,PD,BRING,SUPPLY,THE,A,to,to,-38.02855682373047,"[-3.550576, -7.213747, -10.751247, -2.5730844, -7.4645185, -0.31389397, -5.766977, -0.39451408]"
the cousin brought the coat to me .,a nurse supplied us a coffee .,PD,DO,BRING,SUPPLY,THE,A,to,to,-37.79976272583008,"[-3.550576, -7.213747, -10.751247, -4.9750457, -4.7520676, -5.358603, -1.1984768]"
the cousin brought the coat to me .,a soldier took a bowl to you .,PD,PD,BRING,TAKE,THE,A,to,to,-39.60166931152344,"[-3.550576, -7.2332964, -5.594353, -1.6710157, -10.066389, -3.2622206, -7.4818745, -0.7419414]"
the cousin brought the coat to me .,a soldier took you a bowl .,PD,DO,BRING,TAKE,THE,A,to,to,-44.57637405395508,"[-3.550576, -7.2332964, -5.594353, -7.9123354, -6.4113455, -10.485439, -3.3890295]"
the cousin brought the coat to me .,a champion fed a chicken to you .,PD,PD,BRING,FEED,THE,A,to,to,-42.362030029296875,"[-3.550576, -9.505285, -11.136685, -2.416543, -3.9524956, -3.0589957, -7.9769344, -0.7645131]"
the cousin brought the coat to me .,a champion fed you a chicken .,PD,DO,BRING,FEED,THE,A,to,to,-41.27264404296875,"[-3.550576, -9.505285, -11.136685, -7.685234, -1.4044523, -5.9270782, -2.063335]"
the cousin brought the coffee to us .,a winner got a bag for it .,PD,PD,BRING,GET,THE,A,to,for,-41.012939453125,"[-3.5449808, -10.377435, -8.3992605, -1.2302892, -6.4600496, -4.519539, -5.704982, -0.7764015]"
the cousin brought the coffee to us .,a winner got it a bag .,PD,DO,BRING,GET,THE,A,to,for,-43.58375549316406,"[-3.5449808, -10.377435, -8.3992605, -4.460408, -5.807116, -8.153804, -2.8407526]"
the cousin brought the coffee to us .,a physician sold a crystal to you .,PD,PD,BRING,SELL,THE,A,to,to,-43.101097106933594,"[-3.5449808, -8.795906, -10.645195, -1.6993213, -9.073139, -1.1642153, -7.252497, -0.9258438]"
the cousin brought the coffee to us .,a physician sold you a crystal .,PD,DO,BRING,SELL,THE,A,to,to,-40.77259063720703,"[-3.5449808, -8.795906, -10.645195, -6.823151, -0.9018624, -7.3712997, -2.690198]"
the cousin brought the coffee to us .,an uncle promised a cigarette to him .,PD,PD,BRING,PROMISE,THE,A,to,to,-39.14445114135742,"[-5.6503696, -7.7263947, -9.290977, -3.1125197, -7.4782248, -0.58543, -4.26753, -1.0330063]"
the cousin brought the coffee to us .,an uncle promised him a cigarette .,PD,DO,BRING,PROMISE,THE,A,to,to,-35.20574951171875,"[-5.6503696, -7.7263947, -9.290977, -3.4463286, -1.3800412, -6.2938595, -1.4177817]"
the cousin brought the coffee to you .,a reader sold a cheese to them .,PD,PD,BRING,SELL,THE,A,to,to,-45.061546325683594,"[-3.5423062, -7.2815113, -12.035977, -2.4567878, -10.0766735, -1.941596, -6.8755426, -0.8511538]"
the cousin brought the coffee to you .,a reader sold them a cheese .,PD,DO,BRING,SELL,THE,A,to,to,-43.439674377441406,"[-3.5423062, -7.2815113, -12.035977, -7.492009, -2.2141175, -8.630001, -2.2437515]"
the cousin brought them the beer .,a hero designed a bottle for us .,DO,PD,BRING,DESIGN,THE,A,to,for,-43.230194091796875,"[-3.594521, -9.0095625, -10.517731, -3.1334572, -7.124531, -3.5074053, -5.2778454, -1.0651423]"
the cousin brought them the beer .,a hero designed us a bottle .,DO,DO,BRING,DESIGN,THE,A,to,for,-45.3614616394043,"[-3.594521, -9.0095625, -10.517731, -9.344131, -4.240486, -6.5049677, -2.150063]"
the cousin brought us the coffee .,a winner got a bag for it .,DO,PD,BRING,GET,THE,A,to,for,-41.136688232421875,"[-3.581709, -10.415344, -8.245462, -1.2833772, -6.6334066, -4.8608704, -5.4264174, -0.690102]"
the cousin brought us the coffee .,a winner got it a bag .,DO,DO,BRING,GET,THE,A,to,for,-43.70599365234375,"[-3.581709, -10.415344, -8.245462, -4.3131833, -6.1273355, -8.621023, -2.4019392]"
the cousin brought us the coffee .,a physician sold a crystal to you .,DO,PD,BRING,SELL,THE,A,to,to,-44.667640686035156,"[-3.581709, -8.711165, -10.682091, -1.6934955, -9.210956, -1.9202338, -7.7031083, -1.1648805]"
the cousin brought us the coffee .,a physician sold you a crystal .,DO,DO,BRING,SELL,THE,A,to,to,-39.53050994873047,"[-3.581709, -8.711165, -10.682091, -6.0281267, -0.9247778, -7.42163, -2.1810112]"
the cousin brought us the coffee .,an uncle promised a cigarette to him .,DO,PD,BRING,PROMISE,THE,A,to,to,-40.486610412597656,"[-5.639372, -7.5046835, -9.135481, -3.2670846, -7.4915066, -1.8609066, -4.330841, -1.2567378]"
the cousin brought us the coffee .,an uncle promised him a cigarette .,DO,DO,BRING,PROMISE,THE,A,to,to,-34.25406265258789,"[-5.639372, -7.5046835, -9.135481, -3.6366258, -1.3238032, -6.003788, -1.0103104]"
the cousin brought you the beer .,a boy gave a meal to us .,DO,PD,BRING,GIVE,THE,A,to,to,-38.037681579589844,"[-3.5539188, -6.6733313, -7.629505, -1.5372955, -8.915289, -0.1429379, -8.314729, -1.2706751]"
the cousin brought you the beer .,a boy gave us a meal .,DO,DO,BRING,GIVE,THE,A,to,to,-32.94676971435547,"[-3.5539188, -6.6733313, -7.629505, -5.7028093, -0.8985358, -7.557774, -0.9308959]"
the cousin brought you the coffee .,a reader sold a cheese to them .,DO,PD,BRING,SELL,THE,A,to,to,-46.89368438720703,"[-3.56651, -7.2486596, -11.962678, -2.6630585, -9.98237, -3.4509947, -7.138422, -0.8809923]"
the cousin brought you the coffee .,a reader sold them a cheese .,DO,DO,BRING,SELL,THE,A,to,to,-43.4122314453125,"[-3.56651, -7.2486596, -11.962678, -7.476367, -2.4087586, -9.105208, -1.64405]"
the cousin caught me the computer .,a sheriff sent a television to her .,DO,PD,CATCH,SEND,THE,A,for,to,-43.94270324707031,"[-3.5665874, -8.18274, -8.533237, -1.2120471, -8.197714, -5.3995423, -4.457528, -4.3933043]"
the cousin caught me the computer .,a sheriff sent her a television .,DO,DO,CATCH,SEND,THE,A,for,to,-39.683433532714844,"[-3.5665874, -8.18274, -8.533237, -4.448302, -1.8624384, -9.529907, -3.5602214]"
the cousin caught me the log .,a parent gave a tea to them .,DO,PD,CATCH,GIVE,THE,A,for,to,-42.39871597290039,"[-3.5743642, -7.7888975, -6.321277, -2.09861, -11.264832, -1.558398, -8.426982, -1.3653556]"
the cousin caught me the log .,a parent gave them a tea .,DO,DO,CATCH,GIVE,THE,A,for,to,-35.475791931152344,"[-3.5743642, -7.7888975, -6.321277, -5.3879814, -0.8765254, -9.871703, -1.6550422]"
the cousin caught the bottle for us .,an employer got a beer for you .,PD,PD,CATCH,GET,THE,A,for,for,-35.82756805419922,"[-5.661135, -7.569824, -7.069318, -1.5936576, -7.7489185, -1.3406947, -3.9812548, -0.86276466]"
the cousin caught the bottle for us .,an employer got you a beer .,PD,DO,CATCH,GET,THE,A,for,for,-38.41011047363281,"[-5.661135, -7.569824, -7.069318, -7.719204, -1.3561593, -6.4775324, -2.5569372]"
the cousin caught the computer for me .,a sheriff sent a television to her .,PD,PD,CATCH,SEND,THE,A,for,to,-44.878028869628906,"[-3.5356927, -8.17281, -8.575027, -1.1886461, -8.0683975, -6.0568123, -4.720828, -4.559816]"
the cousin caught the computer for me .,a sheriff sent her a television .,PD,DO,CATCH,SEND,THE,A,for,to,-44.275211334228516,"[-3.5356927, -8.17281, -8.575027, -4.8548307, -2.6260576, -10.128309, -6.3824835]"
the cousin caught the log for me .,a parent gave a tea to them .,PD,PD,CATCH,GIVE,THE,A,for,to,-42.80084228515625,"[-3.556407, -7.831737, -6.341035, -2.0094447, -11.456384, -1.5071608, -8.686224, -1.4124539]"
the cousin caught the log for me .,a parent gave them a tea .,PD,DO,CATCH,GIVE,THE,A,for,to,-36.218223571777344,"[-3.556407, -7.831737, -6.341035, -5.646421, -0.88078964, -9.848492, -2.1133418]"
the cousin caught us the bottle .,an employer got a beer for you .,DO,PD,CATCH,GET,THE,A,for,for,-38.50988006591797,"[-5.6583757, -7.589807, -7.1595373, -1.6377727, -7.7921023, -2.1294138, -5.645282, -0.89758897]"
the cousin caught us the bottle .,an employer got you a beer .,DO,DO,CATCH,GET,THE,A,for,for,-35.76918029785156,"[-5.6583757, -7.589807, -7.1595373, -6.4887724, -0.80288124, -6.8426995, -1.2271059]"
the cousin delivered the chicken for them .,a sheriff sold a beer to him .,PD,PD,DELIVER,SELL,THE,A,for,to,-40.01403045654297,"[-3.606339, -7.908003, -10.987126, -1.9224652, -7.2294083, -2.4707253, -4.2903814, -1.5995843]"
the cousin delivered the chicken for them .,a sheriff sold him a beer .,PD,DO,DELIVER,SELL,THE,A,for,to,-34.385292053222656,"[-3.606339, -7.908003, -10.987126, -3.7946796, -1.2080004, -4.625129, -2.256013]"
the cousin delivered the chicken for you .,an employer got a book for us .,PD,PD,DELIVER,GET,THE,A,for,for,-42.85028839111328,"[-5.6449285, -7.3891478, -7.2505846, -1.7957151, -9.459475, -3.18823, -6.858482, -1.2637246]"
the cousin delivered the chicken for you .,an employer got us a book .,PD,DO,DELIVER,GET,THE,A,for,for,-40.538673400878906,"[-5.6449285, -7.3891478, -7.2505846, -8.611436, -1.9932758, -7.8858356, -1.7634646]"
the cousin delivered them the chicken .,a sheriff sold a beer to him .,DO,PD,DELIVER,SELL,THE,A,for,to,-40.043243408203125,"[-3.6566646, -7.9762225, -11.086755, -2.3760927, -7.655957, -1.1911794, -4.701994, -1.3983779]"
the cousin delivered them the chicken .,a sheriff sold him a beer .,DO,DO,DELIVER,SELL,THE,A,for,to,-33.176082611083984,"[-3.6566646, -7.9762225, -11.086755, -3.164459, -1.2010233, -4.753953, -1.3370049]"
the cousin delivered you the chicken .,an employer got a book for us .,DO,PD,DELIVER,GET,THE,A,for,for,-43.28916931152344,"[-5.6709056, -7.256708, -7.2491007, -1.9074762, -9.610207, -3.8729515, -6.7099905, -1.0118291]"
the cousin delivered you the chicken .,an employer got us a book .,DO,DO,DELIVER,GET,THE,A,for,for,-40.09297180175781,"[-5.6709056, -7.256708, -7.2491007, -7.934655, -2.5103216, -8.526499, -0.94478166]"
the cousin designed the engine for us .,an uncle made a cigarette for me .,PD,PD,DESIGN,MAKE,THE,A,for,for,-33.61923599243164,"[-5.6674232, -8.36926, -5.8425455, -1.3411677, -7.9149923, -2.7330093, -0.96249264, -0.7883462]"
the cousin designed the engine for us .,an uncle made me a cigarette .,PD,DO,DESIGN,MAKE,THE,A,for,for,-32.89988708496094,"[-5.6674232, -8.36926, -5.8425455, -3.3557684, -2.0128121, -6.709802, -0.9422747]"
the cousin designed us the engine .,an uncle made a cigarette for me .,DO,PD,DESIGN,MAKE,THE,A,for,for,-35.63348388671875,"[-5.6742926, -8.282181, -5.7939367, -1.5544846, -8.025704, -4.314403, -1.0690259, -0.91945875]"
the cousin designed us the engine .,an uncle made me a cigarette .,DO,DO,DESIGN,MAKE,THE,A,for,for,-30.77076530456543,"[-5.6742926, -8.282181, -5.7939367, -1.7396214, -1.867163, -6.6745677, -0.73900396]"
the cousin drew him the glass .,a guy purchased a newspaper for you .,DO,PD,DRAW,PURCHASE,THE,A,for,for,-41.27244567871094,"[-3.6808052, -7.303404, -9.184307, -0.97621995, -9.088893, -2.7397122, -7.285148, -1.0139523]"
the cousin drew him the glass .,a guy purchased you a newspaper .,DO,DO,DRAW,PURCHASE,THE,A,for,for,-39.554161071777344,"[-3.6808052, -7.303404, -9.184307, -7.438569, -0.8003725, -9.811794, -1.3349063]"
the cousin drew him the key .,a lady bought a meal for me .,DO,PD,DRAW,BUY,THE,A,for,for,-35.37757110595703,"[-3.6413803, -8.221126, -7.7864313, -1.3464891, -7.7581987, -1.3827223, -3.7880833, -1.4531415]"
the cousin drew him the key .,a lady bought me a meal .,DO,DO,DRAW,BUY,THE,A,for,for,-31.84396743774414,"[-3.6413803, -8.221126, -7.7864313, -2.1760044, -1.0068827, -7.569154, -1.4429909]"
the cousin drew him the log .,an aunt showed a tea to me .,DO,PD,DRAW,SHOW,THE,A,for,to,-42.67083740234375,"[-5.6216784, -7.6468015, -7.0464473, -4.469962, -10.8365, -3.6569324, -2.5742767, -0.8182411]"
the cousin drew him the log .,an aunt showed me a tea .,DO,DO,DRAW,SHOW,THE,A,for,to,-36.07182693481445,"[-5.6216784, -7.6468015, -7.0464473, -0.85439503, -1.919896, -9.486681, -3.495929]"
the cousin drew him the television .,a lawyer kept a juice for it .,DO,PD,DRAW,KEEP,THE,A,for,for,-53.452125549316406,"[-3.6560285, -6.722387, -10.246508, -2.8311057, -14.25391, -6.7497406, -7.354072, -1.6383756]"
the cousin drew him the television .,a lawyer kept it a juice .,DO,DO,DRAW,KEEP,THE,A,for,for,-46.664215087890625,"[-3.6560285, -6.722387, -10.246508, -5.478806, -2.771469, -15.162147, -2.6268725]"
the cousin drew me the glass .,a partner promised a chocolate to her .,DO,PD,DRAW,PROMISE,THE,A,for,to,-44.5562858581543,"[-3.696837, -9.197493, -9.367996, -4.246408, -7.26855, -5.6224136, -2.9915352, -2.1650536]"
the cousin drew me the glass .,a partner promised her a chocolate .,DO,DO,DRAW,PROMISE,THE,A,for,to,-37.513343811035156,"[-3.696837, -9.197493, -9.367996, -3.0797966, -2.0288532, -5.5388837, -4.603483]"
the cousin drew me the television .,an employer kept a coffee for it .,DO,PD,DRAW,KEEP,THE,A,for,for,-48.974815368652344,"[-5.6211004, -7.5863857, -9.47149, -2.1700675, -9.586554, -6.061227, -7.338131, -1.1398606]"
the cousin drew me the television .,an employer kept it a coffee .,DO,DO,DRAW,KEEP,THE,A,for,for,-47.83439636230469,"[-5.6211004, -7.5863857, -9.47149, -5.21589, -2.6782856, -13.599607, -3.6616402]"
the cousin drew the crystal for us .,a princess took an iron to me .,PD,PD,DRAW,TAKE,THE,A,for,to,-40.62119674682617,"[-3.62273, -10.016044, -6.075905, -4.1163235, -4.7499075, -4.986156, -6.1308, -0.92333174]"
the cousin drew the crystal for us .,a princess took me an iron .,PD,DO,DRAW,TAKE,THE,A,for,to,-42.73516082763672,"[-3.62273, -10.016044, -6.075905, -3.9051974, -8.807854, -6.9513507, -3.3560832]"
the cousin drew the glass for him .,a guy purchased a newspaper for you .,PD,PD,DRAW,PURCHASE,THE,A,for,for,-39.32049560546875,"[-3.6259859, -7.3973274, -9.026187, -0.8209344, -8.928437, -1.5588944, -6.799443, -1.1632885]"
the cousin drew the glass for him .,a guy purchased you a newspaper .,PD,DO,DRAW,PURCHASE,THE,A,for,for,-40.52865982055664,"[-3.6259859, -7.3973274, -9.026187, -8.080447, -0.6586222, -9.661546, -2.0785477]"
the cousin drew the glass for me .,a partner promised a chocolate to her .,PD,PD,DRAW,PROMISE,THE,A,for,to,-45.165191650390625,"[-3.6274085, -9.140795, -9.770392, -3.6107552, -7.278024, -5.659217, -3.2259674, -2.8526294]"
the cousin drew the glass for me .,a partner promised her a chocolate .,PD,DO,DRAW,PROMISE,THE,A,for,to,-39.29289245605469,"[-3.6274085, -9.140795, -9.770392, -3.1729367, -1.9558808, -5.7054577, -5.920021]"
the cousin drew the glass for them .,a sheriff sold a beer to him .,PD,PD,DRAW,SELL,THE,A,for,to,-38.723655700683594,"[-3.6259065, -8.463197, -10.8883295, -1.9030533, -6.6009765, -1.5880107, -4.036259, -1.6179242]"
the cousin drew the glass for them .,a sheriff sold him a beer .,PD,DO,DRAW,SELL,THE,A,for,to,-34.423091888427734,"[-3.6259065, -8.463197, -10.8883295, -3.5977364, -1.1096874, -4.515786, -2.2224483]"
the cousin drew the glass for you .,an attorney promised a beer to me .,PD,PD,DRAW,PROMISE,THE,A,for,to,-40.242149353027344,"[-5.635272, -5.6879106, -10.360315, -2.5430036, -8.702997, -1.8295631, -4.004468, -1.4786172]"
the cousin drew the glass for you .,an attorney promised me a beer .,PD,DO,DRAW,PROMISE,THE,A,for,to,-36.714874267578125,"[-5.635272, -5.6879106, -10.360315, -4.3395247, -1.8112614, -6.6350718, -2.2455173]"
the cousin drew the key for him .,a lady bought a meal for me .,PD,PD,DRAW,BUY,THE,A,for,for,-33.49761962890625,"[-3.588919, -8.2771435, -7.7981806, -0.9421692, -7.493191, -0.7903972, -3.1521487, -1.4554703]"
the cousin drew the key for him .,a lady bought me a meal .,PD,DO,DRAW,BUY,THE,A,for,for,-31.557106018066406,"[-3.588919, -8.2771435, -7.7981806, -2.6041641, -0.63437754, -6.738126, -1.9161946]"
the cousin drew the log for him .,an aunt showed a tea to me .,PD,PD,DRAW,SHOW,THE,A,for,to,-41.43996810913086,"[-5.630146, -7.7846355, -7.185705, -3.528922, -10.65811, -3.293872, -2.66785, -0.69072604]"
the cousin drew the log for him .,an aunt showed me a tea .,PD,DO,DRAW,SHOW,THE,A,for,to,-36.02207946777344,"[-5.630146, -7.7846355, -7.185705, -0.98476803, -1.5092766, -8.976842, -3.9507024]"
the cousin drew the log for you .,a brother kept a chicken for me .,PD,PD,DRAW,KEEP,THE,A,for,for,-34.94054412841797,"[-3.5993543, -8.400841, -7.7829533, -2.1738195, -7.3910103, -2.8627508, -1.7378398, -0.991978]"
the cousin drew the log for you .,a brother kept me a chicken .,PD,DO,DRAW,KEEP,THE,A,for,for,-38.54030990600586,"[-3.5993543, -8.400841, -7.7829533, -4.300397, -4.6890144, -7.587839, -2.1799104]"
the cousin drew the television for him .,a lawyer kept a juice for it .,PD,PD,DRAW,KEEP,THE,A,for,for,-51.63015365600586,"[-3.6125543, -6.76661, -10.40138, -2.1472652, -13.962964, -5.739991, -7.6926928, -1.3066946]"
the cousin drew the television for him .,a lawyer kept it a juice .,PD,DO,DRAW,KEEP,THE,A,for,for,-47.12120056152344,"[-3.6125543, -6.76661, -10.40138, -5.442316, -2.7127934, -15.166524, -3.019021]"
the cousin drew the television for me .,an employer kept a coffee for it .,PD,PD,DRAW,KEEP,THE,A,for,for,-47.73808670043945,"[-5.647952, -7.5386734, -9.299019, -1.7043631, -9.404316, -5.487501, -7.6913056, -0.96495795]"
the cousin drew the television for me .,an employer kept it a coffee .,PD,DO,DRAW,KEEP,THE,A,for,for,-47.74470138549805,"[-5.647952, -7.5386734, -9.299019, -5.144308, -2.610565, -13.248664, -4.255517]"
the cousin drew them the glass .,a sheriff sold a beer to him .,DO,PD,DRAW,SELL,THE,A,for,to,-39.80821990966797,"[-3.65978, -8.533375, -11.114419, -2.1809692, -7.0407147, -1.3374808, -4.637171, -1.304311]"
the cousin drew them the glass .,a sheriff sold him a beer .,DO,DO,DRAW,SELL,THE,A,for,to,-33.87715148925781,"[-3.65978, -8.533375, -11.114419, -3.7528534, -1.1123077, -4.4682693, -1.2361461]"
the cousin drew us the crystal .,a princess took an iron to me .,DO,PD,DRAW,TAKE,THE,A,for,to,-40.14862060546875,"[-3.6723578, -10.00236, -6.024884, -4.2243066, -4.958786, -4.4679937, -5.9478655, -0.85006595]"
the cousin drew us the crystal .,a princess took me an iron .,DO,DO,DRAW,TAKE,THE,A,for,to,-35.9293212890625,"[-3.6723578, -10.00236, -6.024884, -2.9006085, -6.0863667, -5.177994, -2.0647504]"
the cousin drew you the glass .,an attorney promised a beer to me .,DO,PD,DRAW,PROMISE,THE,A,for,to,-38.61288833618164,"[-5.663021, -5.8511343, -10.03813, -2.559872, -8.373819, -2.1086092, -2.9733868, -1.0449159]"
the cousin drew you the glass .,an attorney promised me a beer .,DO,DO,DRAW,PROMISE,THE,A,for,to,-33.128849029541016,"[-5.663021, -5.8511343, -10.03813, -2.4968874, -1.4726598, -6.363287, -1.2437319]"
the cousin drew you the log .,a brother kept a chicken for me .,DO,PD,DRAW,KEEP,THE,A,for,for,-37.23797607421875,"[-3.6310253, -8.497027, -7.742304, -2.7389128, -7.722994, -3.6542943, -2.1654315, -1.0859872]"
the cousin drew you the log .,a brother kept me a chicken .,DO,DO,DRAW,KEEP,THE,A,for,for,-37.69829177856445,"[-3.6310253, -8.497027, -7.742304, -3.4124796, -4.5195208, -8.044498, -1.8514354]"
the cousin fed it the pie .,a priest supplied a beer to you .,DO,PD,FEED,SUPPLY,THE,A,to,to,-41.92597961425781,"[-3.6878345, -8.096602, -11.196406, -2.449298, -6.7059655, -0.72299606, -7.968153, -1.0987256]"
the cousin fed it the pie .,a priest supplied you a beer .,DO,DO,FEED,SUPPLY,THE,A,to,to,-40.578575134277344,"[-3.6878345, -8.096602, -11.196406, -6.9205427, -4.597023, -4.914157, -1.1660085]"
the cousin fed me the candy .,an uncle designed an iron for him .,DO,PD,FEED,DESIGN,THE,A,to,for,-43.32448196411133,"[-5.6683846, -7.793436, -9.975712, -3.3775625, -6.6530743, -4.750909, -4.317611, -0.78779304]"
the cousin fed me the candy .,an uncle designed him an iron .,DO,DO,FEED,DESIGN,THE,A,to,for,-43.71944046020508,"[-5.6683846, -7.793436, -9.975712, -5.927064, -5.439079, -6.3138223, -2.601944]"
the cousin fed the candy to me .,an uncle designed an iron for him .,PD,PD,FEED,DESIGN,THE,A,to,for,-43.57170867919922,"[-5.667813, -7.733606, -10.2802105, -3.4387536, -6.212556, -5.1374626, -4.2216716, -0.87963885]"
the cousin fed the candy to me .,an uncle designed him an iron .,PD,DO,FEED,DESIGN,THE,A,to,for,-43.8884162902832,"[-5.667813, -7.733606, -10.2802105, -6.8629947, -3.9826975, -5.928899, -3.4321961]"
the cousin fed the cheese to you .,an actress sent a coat to him .,PD,PD,FEED,SEND,THE,A,to,to,-44.29948043823242,"[-5.665225, -7.421522, -7.771594, -1.3503103, -11.055227, -3.8811831, -5.4853554, -1.6690624]"
the cousin fed the cheese to you .,an actress sent him a coat .,PD,DO,FEED,SEND,THE,A,to,to,-38.28388595581055,"[-5.665225, -7.421522, -7.771594, -5.4906826, -0.56486565, -9.295645, -2.074352]"
the cousin fed the pie to it .,a priest supplied a beer to you .,PD,PD,FEED,SUPPLY,THE,A,to,to,-40.78055191040039,"[-3.670535, -8.171119, -11.363608, -2.2702014, -6.7063437, -0.20590201, -7.3934417, -0.9994013]"
the cousin fed the pie to it .,a priest supplied you a beer .,PD,DO,FEED,SUPPLY,THE,A,to,to,-42.01848602294922,"[-3.670535, -8.171119, -11.363608, -7.12389, -4.937793, -5.296449, -1.4550908]"
the cousin fed the salad to them .,a boy purchased a beer for it .,PD,PD,FEED,PURCHASE,THE,A,to,for,-37.29498291015625,"[-3.6820114, -6.6645236, -10.380383, -0.9816438, -4.556959, -2.4397912, -6.8219147, -1.7677546]"
the cousin fed the salad to them .,a boy purchased it a beer .,PD,DO,FEED,PURCHASE,THE,A,to,for,-43.26653289794922,"[-3.6820114, -6.6645236, -10.380383, -6.1846523, -6.131323, -7.2807918, -2.9428475]"
the cousin fed them the salad .,a boy purchased a beer for it .,DO,PD,FEED,PURCHASE,THE,A,to,for,-38.026214599609375,"[-3.7033684, -6.625169, -10.162234, -1.0011744, -4.80917, -2.4607687, -7.7537966, -1.5105312]"
the cousin fed them the salad .,a boy purchased it a beer .,DO,DO,FEED,PURCHASE,THE,A,to,for,-41.704444885253906,"[-3.7033684, -6.625169, -10.162234, -5.496019, -5.984106, -7.379406, -2.3541412]"
the cousin fed you the cheese .,an actress sent a coat to him .,DO,PD,FEED,SEND,THE,A,to,to,-45.47020721435547,"[-5.6717477, -7.36652, -7.7284784, -1.5775883, -10.882569, -4.6488147, -6.0801435, -1.5143483]"
the cousin fed you the cheese .,an actress sent him a coat .,DO,DO,FEED,SEND,THE,A,to,to,-37.09229278564453,"[-5.6717477, -7.36652, -7.7284784, -5.511649, -0.58521897, -8.659109, -1.5695672]"
the cousin found it the bottle .,a lawyer supplied a hat to me .,DO,PD,FIND,SUPPLY,THE,A,for,to,-45.45624542236328,"[-3.5911171, -7.159278, -11.86764, -2.2179375, -10.480096, -1.5418622, -6.817894, -1.7804192]"
the cousin found it the bottle .,a lawyer supplied me a hat .,DO,DO,FIND,SUPPLY,THE,A,for,to,-42.777976989746094,"[-3.5911171, -7.159278, -11.86764, -3.455717, -4.026849, -10.769677, -1.9076978]"
the cousin found the beer for you .,a lawyer sent a coffee to us .,PD,PD,FIND,SEND,THE,A,for,to,-39.029388427734375,"[-3.517188, -7.186791, -7.6446276, -0.92550546, -9.977189, -2.1392996, -6.0863276, -1.5524582]"
the cousin found the beer for you .,a lawyer sent us a coffee .,PD,DO,FIND,SEND,THE,A,for,to,-36.218170166015625,"[-3.517188, -7.186791, -7.6446276, -5.570898, -1.1129807, -7.795588, -3.390098]"
the cousin found the bottle for it .,a lawyer supplied a hat to me .,PD,PD,FIND,SUPPLY,THE,A,for,to,-46.05439376831055,"[-3.554334, -7.031454, -11.948428, -2.4440837, -10.995369, -1.5090947, -6.588356, -1.9832771]"
the cousin found the bottle for it .,a lawyer supplied me a hat .,PD,DO,FIND,SUPPLY,THE,A,for,to,-43.72815704345703,"[-3.554334, -7.031454, -11.948428, -3.5886111, -4.128597, -11.244088, -2.2326455]"
the cousin found you the beer .,a lawyer sent a coffee to us .,DO,PD,FIND,SEND,THE,A,for,to,-38.89704895019531,"[-3.5578294, -7.2711296, -7.3150616, -1.0076058, -9.828292, -2.0523405, -6.3214283, -1.5433621]"
the cousin found you the beer .,a lawyer sent us a coffee .,DO,DO,FIND,SEND,THE,A,for,to,-33.29069900512695,"[-3.5578294, -7.2711296, -7.3150616, -4.3042154, -1.1237777, -7.64126, -2.0774255]"
the cousin gave her the coffee .,a daughter showed a flower to you .,DO,PD,GIVE,SHOW,THE,A,to,to,-41.406883239746094,"[-3.619437, -8.288042, -6.385968, -4.0882044, -8.453945, -0.7818768, -9.076822, -0.7125879]"
the cousin gave her the coffee .,a daughter showed you a flower .,DO,DO,GIVE,SHOW,THE,A,to,to,-35.34416198730469,"[-3.619437, -8.288042, -6.385968, -8.016493, -1.9019783, -6.320468, -0.811778]"
the cousin gave him the glass .,a chief saved a pot for you .,DO,PD,GIVE,SAVE,THE,A,to,for,-50.300811767578125,"[-3.6412537, -9.020735, -14.7559395, -2.2554698, -8.515728, -3.6772718, -7.4293995, -1.0050172]"
the cousin gave him the glass .,a chief saved you a pot .,DO,DO,GIVE,SAVE,THE,A,to,for,-49.00798797607422,"[-3.6412537, -9.020735, -14.7559395, -7.809138, -4.4093, -7.2329655, -2.138658]"
the cousin gave it the glass .,a princess designed a jacket for me .,DO,PD,GIVE,DESIGN,THE,A,to,for,-39.32134246826172,"[-3.6278932, -10.342441, -9.109065, -1.8408644, -7.710303, -2.0177884, -3.8517306, -0.82125705]"
the cousin gave it the glass .,a princess designed me a jacket .,DO,DO,GIVE,DESIGN,THE,A,to,for,-39.67266845703125,"[-3.6278932, -10.342441, -9.109065, -6.801301, -1.643613, -7.1271806, -1.0211774]"
the cousin gave the coffee to her .,a daughter showed a flower to you .,PD,PD,GIVE,SHOW,THE,A,to,to,-37.88744354248047,"[-3.5720036, -8.585554, -6.6246624, -2.883926, -6.270318, -0.26026735, -9.2409725, -0.44974238]"
the cousin gave the coffee to her .,a daughter showed you a flower .,PD,DO,GIVE,SHOW,THE,A,to,to,-34.267311096191406,"[-3.5720036, -8.585554, -6.6246624, -7.466369, -1.1198406, -5.790413, -1.1084716]"
the cousin gave the coffee to them .,a manager threw an anchor to him .,PD,PD,GIVE,THROW,THE,A,to,to,-36.951316833496094,"[-3.5682173, -8.594119, -8.330334, -3.5550108, -8.03264, -1.5668194, -2.6868825, -0.6172958]"
the cousin gave the coffee to them .,a manager threw him an anchor .,PD,DO,GIVE,THROW,THE,A,to,to,-39.999107360839844,"[-3.5682173, -8.594119, -8.330334, -3.5566492, -4.832971, -9.644331, -1.4724852]"
the cousin gave the glass to him .,a chief saved a pot for you .,PD,PD,GIVE,SAVE,THE,A,to,for,-48.212371826171875,"[-3.5826478, -9.134544, -14.736091, -1.906757, -7.8671355, -3.5492115, -6.617975, -0.8180089]"
the cousin gave the glass to him .,a chief saved you a pot .,PD,DO,GIVE,SAVE,THE,A,to,for,-48.57089614868164,"[-3.5826478, -9.134544, -14.736091, -7.2706513, -4.2589016, -7.380747, -2.2073135]"
the cousin gave the glass to it .,a princess designed a jacket for me .,PD,PD,GIVE,DESIGN,THE,A,to,for,-40.18072509765625,"[-3.5682492, -10.503936, -9.25267, -1.9031634, -7.9926624, -2.1358979, -4.1402435, -0.683901]"
the cousin gave the glass to it .,a princess designed me a jacket .,PD,DO,GIVE,DESIGN,THE,A,to,for,-40.97122573852539,"[-3.5682492, -10.503936, -9.25267, -7.043117, -1.7492858, -7.6935806, -1.1603864]"
the cousin gave the pie to us .,a scientist made a plate for you .,PD,PD,GIVE,MAKE,THE,A,to,for,-33.38150405883789,"[-3.5968783, -7.8574686, -5.645421, -0.8804774, -7.570622, -3.8719306, -3.2852452, -0.67346096]"
the cousin gave the pie to us .,a scientist made you a plate .,PD,DO,GIVE,MAKE,THE,A,to,for,-33.29826354980469,"[-3.5968783, -7.8574686, -5.645421, -7.1563106, -1.29336, -6.0738754, -1.6749485]"
the cousin gave the pie to us .,an opponent supplied a juice to you .,PD,PD,GIVE,SUPPLY,THE,A,to,to,-43.04298782348633,"[-5.6510468, -8.349318, -12.079349, -1.761253, -8.146178, -1.9399494, -4.598827, -0.5170672]"
the cousin gave the pie to us .,an opponent supplied you a juice .,PD,DO,GIVE,SUPPLY,THE,A,to,to,-45.86437225341797,"[-5.6510468, -8.349318, -12.079349, -5.3172383, -4.3966317, -8.366005, -1.704784]"
the cousin gave the pie to you .,an uncle designed an iron for him .,PD,PD,GIVE,DESIGN,THE,A,to,for,-43.1500129699707,"[-5.6532063, -8.107937, -10.006179, -3.409107, -6.0235224, -4.0821095, -5.1482716, -0.71967924]"
the cousin gave the pie to you .,an uncle designed him an iron .,PD,DO,GIVE,DESIGN,THE,A,to,for,-43.85131072998047,"[-5.6532063, -8.107937, -10.006179, -7.2918596, -4.847034, -5.6156907, -2.3294053]"
the cousin gave them the coffee .,a manager threw an anchor to him .,DO,PD,GIVE,THROW,THE,A,to,to,-37.96647262573242,"[-3.603348, -8.490311, -8.241359, -3.6053224, -7.4220557, -1.9594421, -3.6897662, -0.9548689]"
the cousin gave them the coffee .,a manager threw him an anchor .,DO,DO,GIVE,THROW,THE,A,to,to,-40.019989013671875,"[-3.603348, -8.490311, -8.241359, -2.4994206, -5.7064595, -10.118267, -1.3608273]"
the cousin gave us the pie .,a scientist made a plate for you .,DO,PD,GIVE,MAKE,THE,A,to,for,-36.47547149658203,"[-3.6333697, -7.7301016, -5.764376, -1.0796063, -8.963966, -4.4135695, -4.1371174, -0.75336367]"
the cousin gave us the pie .,a scientist made you a plate .,DO,DO,GIVE,MAKE,THE,A,to,for,-34.170902252197266,"[-3.6333697, -7.7301016, -5.764376, -7.163417, -1.7162633, -6.8917828, -1.2715923]"
the cousin gave us the pie .,an opponent supplied a juice to you .,DO,PD,GIVE,SUPPLY,THE,A,to,to,-45.94074630737305,"[-5.641161, -8.288271, -11.6168995, -2.078883, -9.076283, -2.2973638, -6.249109, -0.69277513]"
the cousin gave us the pie .,an opponent supplied you a juice .,DO,DO,GIVE,SUPPLY,THE,A,to,to,-45.18338394165039,"[-5.641161, -8.288271, -11.6168995, -4.812497, -4.780861, -8.733696, -1.3099985]"
the cousin gave you the pie .,an uncle designed an iron for him .,DO,PD,GIVE,DESIGN,THE,A,to,for,-43.46395492553711,"[-5.6566515, -7.9018126, -9.994477, -3.431563, -6.366536, -4.3815193, -5.0735025, -0.65789145]"
the cousin gave you the pie .,an uncle designed him an iron .,DO,DO,GIVE,DESIGN,THE,A,to,for,-44.091243743896484,"[-5.6566515, -7.9018126, -9.994477, -7.011884, -5.011502, -6.395397, -2.1195197]"
the cousin got her the juice .,a chief saved a salad for it .,DO,PD,GET,SAVE,THE,A,for,for,-50.968055725097656,"[-3.5744843, -9.108931, -14.887071, -1.3953747, -12.08082, -2.1215415, -7.027263, -0.77257013]"
the cousin got her the juice .,a chief saved it a salad .,DO,DO,GET,SAVE,THE,A,for,for,-52.64744567871094,"[-3.5744843, -9.108931, -14.887071, -4.619656, -6.9555993, -12.421544, -1.0801617]"
the cousin got the juice for her .,a chief saved a salad for it .,PD,PD,GET,SAVE,THE,A,for,for,-50.59345245361328,"[-3.551694, -9.113126, -14.807898, -1.369268, -11.956703, -1.4407389, -7.6915007, -0.662527]"
the cousin got the juice for her .,a chief saved it a salad .,PD,DO,GET,SAVE,THE,A,for,for,-53.00894546508789,"[-3.551694, -9.113126, -14.807898, -4.701531, -7.1625977, -12.446016, -1.2260833]"
the cousin got the juice for them .,a secretary sent a crystal to you .,PD,PD,GET,SEND,THE,A,for,to,-42.74620056152344,"[-3.554452, -10.52465, -6.272258, -1.3748709, -9.8751135, -3.9346538, -6.091599, -1.118606]"
the cousin got the juice for them .,a secretary sent you a crystal .,PD,DO,GET,SEND,THE,A,for,to,-41.30628967285156,"[-3.554452, -10.52465, -6.272258, -6.6696935, -0.9831681, -8.911997, -4.390072]"
the cousin got the juice for us .,an uncle brought an anchor to you .,PD,PD,GET,BRING,THE,A,for,to,-40.725433349609375,"[-5.68769, -7.842867, -5.600129, -4.859211, -8.192207, -0.9597293, -6.6405063, -0.94309676]"
the cousin got the juice for us .,an uncle brought you an anchor .,PD,DO,GET,BRING,THE,A,for,to,-40.176849365234375,"[-5.68769, -7.842867, -5.600129, -4.745078, -3.9266145, -9.938412, -2.4360597]"
the cousin got them the juice .,a secretary sent a crystal to you .,DO,PD,GET,SEND,THE,A,for,to,-43.11228942871094,"[-3.5768113, -10.579758, -5.9502664, -1.5797894, -10.546239, -3.3695545, -6.4167914, -1.0930828]"
the cousin got them the juice .,a secretary sent you a crystal .,DO,DO,GET,SEND,THE,A,for,to,-40.43173599243164,"[-3.5768113, -10.579758, -5.9502664, -6.471883, -1.0586557, -9.358771, -3.4355903]"
the cousin got us the juice .,an uncle brought an anchor to you .,DO,PD,GET,BRING,THE,A,for,to,-40.981258392333984,"[-5.683135, -7.6769257, -5.3365927, -5.3882174, -8.214658, -0.9089326, -6.8714695, -0.90132874]"
the cousin got us the juice .,an uncle brought you an anchor .,DO,DO,GET,BRING,THE,A,for,to,-38.759559631347656,"[-5.683135, -7.6769257, -5.3365927, -4.7640815, -4.355962, -9.368905, -1.5739578]"
the cousin kept him the juice .,an adult sold a salad to you .,DO,PD,KEEP,SELL,THE,A,for,to,-44.65235137939453,"[-5.642693, -6.017149, -10.403802, -2.0305479, -9.017362, -1.8084435, -8.217871, -1.5144819]"
the cousin kept him the juice .,an adult sold you a salad .,DO,DO,KEEP,SELL,THE,A,for,to,-37.74818801879883,"[-5.642693, -6.017149, -10.403802, -5.8106728, -1.1417068, -7.4507604, -1.2814058]"
the cousin kept him the pot .,a prince caught a log for them .,DO,PD,KEEP,CATCH,THE,A,for,for,-43.795997619628906,"[-3.5932388, -10.558764, -5.5252733, -2.5948656, -10.5175295, -3.6029916, -6.5496473, -0.85368335]"
the cousin kept him the pot .,a prince caught them a log .,DO,DO,KEEP,CATCH,THE,A,for,for,-40.678184509277344,"[-3.5932388, -10.558764, -5.5252733, -5.350644, -4.7786646, -9.800243, -1.0713567]"
the cousin kept me the knife .,a buddy threw a box to you .,DO,PD,KEEP,THROW,THE,A,for,to,-40.669830322265625,"[-3.620054, -9.925327, -6.621336, -1.1613193, -5.8115935, -5.723693, -6.848984, -0.9575245]"
the cousin kept me the knife .,a buddy threw you a box .,DO,DO,KEEP,THROW,THE,A,for,to,-34.09529113769531,"[-3.620054, -9.925327, -6.621336, -6.075092, -0.4426058, -5.215719, -2.1951587]"
the cousin kept me the pot .,a husband found a card for it .,DO,PD,KEEP,FIND,THE,A,for,for,-41.725242614746094,"[-3.587648, -8.115378, -5.895761, -1.4795005, -10.489569, -3.2447639, -7.1823535, -1.7302668]"
the cousin kept me the pot .,a husband found it a card .,DO,DO,KEEP,FIND,THE,A,for,for,-40.08612823486328,"[-3.587648, -8.115378, -5.895761, -4.7674704, -3.7782543, -12.039084, -1.9025334]"
the cousin kept the juice for him .,an adult sold a salad to you .,PD,PD,KEEP,SELL,THE,A,for,to,-43.68293762207031,"[-5.6569386, -6.0280356, -10.326481, -2.0979156, -8.093932, -2.0049894, -7.9765596, -1.4980868]"
the cousin kept the juice for him .,an adult sold you a salad .,PD,DO,KEEP,SELL,THE,A,for,to,-38.566436767578125,"[-5.6569386, -6.0280356, -10.326481, -6.1665096, -1.1609097, -7.528309, -1.6992527]"
the cousin kept the juice for us .,a guy got a flower for you .,PD,PD,KEEP,GET,THE,A,for,for,-34.48699188232422,"[-3.5421193, -7.241321, -4.610236, -1.9805577, -9.848572, -2.309303, -4.173436, -0.78144896]"
the cousin kept the juice for us .,a guy got you a flower .,PD,DO,KEEP,GET,THE,A,for,for,-34.986289978027344,"[-3.5421193, -7.241321, -4.610236, -7.7053146, -1.7470436, -8.725866, -1.4143867]"
the cousin kept the juice for us .,a winner delivered a beer for me .,PD,PD,KEEP,DELIVER,THE,A,for,for,-37.65192413330078,"[-3.5421193, -10.225415, -9.777535, -2.231141, -6.6433682, -1.5286355, -2.9130468, -0.79066336]"
the cousin kept the juice for us .,a winner delivered me a beer .,PD,DO,KEEP,DELIVER,THE,A,for,for,-38.953556060791016,"[-3.5421193, -10.225415, -9.777535, -7.464258, -1.1530138, -5.200263, -1.5909508]"
the cousin kept the knife for me .,a buddy threw a box to you .,PD,PD,KEEP,THROW,THE,A,for,to,-41.436004638671875,"[-3.5605865, -9.93908, -6.933896, -0.6873369, -6.0030556, -5.9423075, -7.4983172, -0.8714235]"
the cousin kept the knife for me .,a buddy threw you a box .,PD,DO,KEEP,THROW,THE,A,for,to,-35.773807525634766,"[-3.5605865, -9.93908, -6.933896, -6.8955383, -0.41851705, -5.3496733, -2.6765158]"
the cousin kept the knife for us .,an adult left a beer for you .,PD,PD,KEEP,LEAVE,THE,A,for,for,-39.21588897705078,"[-5.633866, -5.951454, -8.791627, -1.8088965, -7.1073675, -3.3302855, -5.389518, -1.202875]"
the cousin kept the knife for us .,an adult left you a beer .,PD,DO,KEEP,LEAVE,THE,A,for,for,-39.50260925292969,"[-5.633866, -5.951454, -8.791627, -7.772779, -2.5392427, -7.0150447, -1.7985941]"
the cousin kept the pot for him .,a prince caught a log for them .,PD,PD,KEEP,CATCH,THE,A,for,for,-42.234989166259766,"[-3.5743537, -10.607635, -5.684253, -3.3159778, -10.66858, -2.8146691, -4.9008355, -0.6686849]"
the cousin kept the pot for him .,a prince caught them a log .,PD,DO,KEEP,CATCH,THE,A,for,for,-43.51333236694336,"[-3.5743537, -10.607635, -5.684253, -6.3427334, -5.9163265, -9.743816, -1.6442127]"
the cousin kept the pot for me .,a husband found a card for it .,PD,PD,KEEP,FIND,THE,A,for,for,-41.447547912597656,"[-3.553813, -8.186573, -6.103624, -1.3146893, -10.1412325, -2.6493301, -7.6385117, -1.8597765]"
the cousin kept the pot for me .,a husband found it a card .,PD,DO,KEEP,FIND,THE,A,for,for,-40.891136169433594,"[-3.553813, -8.186573, -6.103624, -4.728414, -3.6085563, -12.41825, -2.2919028]"
the cousin kept us the juice .,a guy got a flower for you .,DO,PD,KEEP,GET,THE,A,for,for,-37.03056716918945,"[-3.5780597, -7.2420745, -4.4041023, -2.1640668, -10.117182, -3.2937102, -5.4376135, -0.7937568]"
the cousin kept us the juice .,a guy got you a flower .,DO,DO,KEEP,GET,THE,A,for,for,-33.465145111083984,"[-3.5780597, -7.2420745, -4.4041023, -6.996611, -1.2429816, -9.055441, -0.9458753]"
the cousin kept us the juice .,a winner delivered a beer for me .,DO,PD,KEEP,DELIVER,THE,A,for,for,-38.75318908691406,"[-3.5780597, -10.290371, -9.906063, -2.1021605, -6.8644013, -2.6155796, -2.5583885, -0.8381641]"
the cousin kept us the juice .,a winner delivered me a beer .,DO,DO,KEEP,DELIVER,THE,A,for,for,-36.356781005859375,"[-3.5780597, -10.290371, -9.906063, -5.808669, -1.0963922, -4.8012276, -0.8759967]"
the cousin kept us the knife .,an adult left a beer for you .,DO,PD,KEEP,LEAVE,THE,A,for,for,-42.23253631591797,"[-5.6413903, -6.045189, -8.740899, -1.9241714, -7.2289343, -4.951004, -6.4451504, -1.2557971]"
the cousin kept us the knife .,an adult left you a beer .,DO,DO,KEEP,LEAVE,THE,A,for,for,-36.224998474121094,"[-5.6413903, -6.045189, -8.740899, -6.304058, -1.3769072, -6.8266563, -1.2898967]"
the cousin left her the bowl .,a bishop caught a log for him .,DO,PD,LEAVE,CATCH,THE,A,for,for,-44.83802032470703,"[-3.580603, -9.267099, -7.8469467, -2.9027126, -10.055918, -4.249279, -5.729994, -1.2054687]"
the cousin left her the bowl .,a bishop caught him a log .,DO,DO,LEAVE,CATCH,THE,A,for,for,-43.794158935546875,"[-3.580603, -9.267099, -7.8469467, -6.0537443, -6.1374636, -9.453578, -1.4547255]"
the cousin left her the chicken .,a singer caught a book for us .,DO,PD,LEAVE,CATCH,THE,A,for,for,-50.69490432739258,"[-3.55167, -10.511055, -6.6290073, -4.378481, -9.94585, -4.434178, -9.75226, -1.4924039]"
the cousin left her the chicken .,a singer caught us a book .,DO,DO,LEAVE,CATCH,THE,A,for,for,-44.993324279785156,"[-3.55167, -10.511055, -6.6290073, -9.133479, -4.7058306, -9.147948, -1.3143355]"
the cousin left him the juice .,a manager saved a candy for me .,DO,PD,LEAVE,SAVE,THE,A,for,for,-46.4437255859375,"[-3.5828385, -8.637867, -10.7344265, -2.0292392, -10.920885, -5.500239, -4.131956, -0.9062735]"
the cousin left him the juice .,a manager saved me a candy .,DO,DO,LEAVE,SAVE,THE,A,for,for,-41.94335174560547,"[-3.5828385, -8.637867, -10.7344265, -5.2269044, -1.8845024, -9.623535, -2.2532806]"
the cousin left it the bottle .,a bishop showed a coffee to you .,DO,PD,LEAVE,SHOW,THE,A,for,to,-47.357460021972656,"[-3.5760858, -9.442032, -8.190418, -2.218023, -10.152214, -3.9261832, -8.472455, -1.3800498]"
the cousin left it the bottle .,a bishop showed you a coffee .,DO,DO,LEAVE,SHOW,THE,A,for,to,-40.542240142822266,"[-3.5760858, -9.442032, -8.190418, -6.541704, -1.5590062, -8.323889, -2.9091043]"
the cousin left me the bell .,a professor made a television for him .,DO,PD,LEAVE,MAKE,THE,A,for,for,-37.96610641479492,"[-3.5715563, -7.3678923, -7.1106644, -1.1443913, -8.195996, -5.0745344, -4.315591, -1.1854805]"
the cousin left me the bell .,a professor made him a television .,DO,DO,LEAVE,MAKE,THE,A,for,for,-36.43218994140625,"[-3.5715563, -7.3678923, -7.1106644, -5.115679, -1.4673665, -9.934998, -1.8640325]"
the cousin left me the chicken .,a parent promised a jacket to you .,DO,PD,LEAVE,PROMISE,THE,A,for,to,-47.81925964355469,"[-3.5623918, -7.7448006, -10.215625, -2.0723543, -12.074445, -2.2608976, -8.080131, -1.8086165]"
the cousin left me the chicken .,a parent promised you a jacket .,DO,DO,LEAVE,PROMISE,THE,A,for,to,-40.071632385253906,"[-3.5623918, -7.7448006, -10.215625, -5.564908, -1.7996205, -9.763502, -1.4207817]"
the cousin left me the juice .,a brother gave a crystal to it .,DO,PD,LEAVE,GIVE,THE,A,for,to,-43.29681396484375,"[-3.5549765, -8.246951, -6.0772934, -3.67355, -11.703584, -1.9545425, -7.4405737, -0.645347]"
the cousin left me the juice .,a brother gave it a crystal .,DO,DO,LEAVE,GIVE,THE,A,for,to,-40.49384307861328,"[-3.5549765, -8.246951, -6.0772934, -5.17224, -1.5500638, -12.30235, -3.58997]"
the cousin left the bell for me .,a professor made a television for him .,PD,PD,LEAVE,MAKE,THE,A,for,for,-35.62328338623047,"[-3.5340848, -7.4800673, -7.0409627, -0.93215704, -8.454494, -3.5371637, -3.8199458, -0.8244059]"
the cousin left the bell for me .,a professor made him a television .,PD,DO,LEAVE,MAKE,THE,A,for,for,-36.75127410888672,"[-3.5340848, -7.4800673, -7.0409627, -5.360087, -1.6132951, -9.771591, -1.9511858]"
the cousin left the bell for you .,a doctor sent a tea to us .,PD,PD,LEAVE,SEND,THE,A,for,to,-35.53855514526367,"[-3.5291471, -7.410407, -6.3660793, -1.2278783, -9.882125, -1.2169195, -4.898306, -1.0076928]"
the cousin left the bell for you .,a doctor sent us a tea .,PD,DO,LEAVE,SEND,THE,A,for,to,-33.8336067199707,"[-3.5291471, -7.410407, -6.3660793, -4.1818438, -0.9026248, -9.175077, -2.268427]"
the cousin left the bottle for it .,a bishop showed a coffee to you .,PD,PD,LEAVE,SHOW,THE,A,for,to,-46.093326568603516,"[-3.5608082, -9.627018, -8.261505, -2.226232, -9.8532295, -3.3671012, -8.010429, -1.1870025]"
the cousin left the bottle for it .,a bishop showed you a coffee .,PD,DO,LEAVE,SHOW,THE,A,for,to,-41.01498794555664,"[-3.5608082, -9.627018, -8.261505, -6.541986, -1.5481181, -8.250092, -3.2254603]"
the cousin left the bottle for them .,a guy designed a computer for you .,PD,PD,LEAVE,DESIGN,THE,A,for,for,-34.94757080078125,"[-3.559451, -7.355179, -10.330174, -0.7915424, -6.191119, -2.2222264, -3.8163822, -0.6814948]"
the cousin left the bottle for them .,a guy designed you a computer .,PD,DO,LEAVE,DESIGN,THE,A,for,for,-38.6458740234375,"[-3.559451, -7.355179, -10.330174, -7.6735578, -1.5695806, -6.691329, -1.466605]"
the cousin left the bowl for her .,a bishop caught a log for him .,PD,PD,LEAVE,CATCH,THE,A,for,for,-41.698062896728516,"[-3.5694785, -9.584185, -7.5971656, -2.6869276, -9.488655, -3.4113953, -4.3709726, -0.9892833]"
the cousin left the bowl for her .,a bishop caught him a log .,PD,DO,LEAVE,CATCH,THE,A,for,for,-43.83274841308594,"[-3.5694785, -9.584185, -7.5971656, -5.978691, -6.163697, -9.176347, -1.7631822]"
the cousin left the chicken for her .,a singer caught a book for us .,PD,PD,LEAVE,CATCH,THE,A,for,for,-48.513427734375,"[-3.5409198, -10.432171, -6.651142, -4.4031587, -9.731615, -3.636883, -8.93077, -1.1867718]"
the cousin left the chicken for her .,a singer caught us a book .,PD,DO,LEAVE,CATCH,THE,A,for,for,-45.88605499267578,"[-3.5409198, -10.432171, -6.651142, -9.093018, -5.111295, -9.409798, -1.6477139]"
the cousin left the chicken for me .,a parent promised a jacket to you .,PD,PD,LEAVE,PROMISE,THE,A,for,to,-47.312477111816406,"[-3.536664, -7.7806854, -10.22688, -1.9341058, -11.404772, -2.5037756, -8.268764, -1.6568303]"
the cousin left the chicken for me .,a parent promised you a jacket .,PD,DO,LEAVE,PROMISE,THE,A,for,to,-40.70937728881836,"[-3.536664, -7.7806854, -10.22688, -5.7649126, -1.6772842, -9.72474, -1.9982136]"
the cousin left the chicken for us .,a champion found a beer for her .,PD,PD,LEAVE,FIND,THE,A,for,for,-39.377593994140625,"[-3.5380814, -9.497467, -9.04234, -1.7591918, -8.368855, -2.4237652, -2.4326015, -2.3152914]"
the cousin left the chicken for us .,a champion found her a beer .,PD,DO,LEAVE,FIND,THE,A,for,for,-41.665130615234375,"[-3.5380814, -9.497467, -9.04234, -3.8659956, -6.9735546, -7.165181, -1.582513]"
the cousin left the juice for him .,a manager saved a candy for me .,PD,PD,LEAVE,SAVE,THE,A,for,for,-42.068946838378906,"[-3.5462537, -8.656038, -11.034762, -1.8195068, -9.988835, -1.9702308, -4.3777556, -0.67556196]"
the cousin left the juice for him .,a manager saved me a candy .,PD,DO,LEAVE,SAVE,THE,A,for,for,-43.394859313964844,"[-3.5462537, -8.656038, -11.034762, -5.528619, -1.9248554, -10.207067, -2.4972632]"
the cousin left the juice for me .,a brother gave a crystal to it .,PD,PD,LEAVE,GIVE,THE,A,for,to,-41.258453369140625,"[-3.5398402, -8.421324, -6.2403045, -3.0298266, -10.899769, -1.0550474, -7.386022, -0.6863209]"
the cousin left the juice for me .,a brother gave it a crystal .,PD,DO,LEAVE,GIVE,THE,A,for,to,-38.797271728515625,"[-3.5398402, -8.421324, -6.2403045, -3.9971824, -2.0597239, -11.786308, -2.7525895]"
the cousin left the juice for them .,a sheriff got a chicken for him .,PD,PD,LEAVE,GET,THE,A,for,for,-39.12834548950195,"[-3.5297709, -8.451223, -7.859869, -1.1905737, -9.566076, -2.5947814, -5.0940247, -0.8420251]"
the cousin left the juice for them .,a sheriff got him a chicken .,PD,DO,LEAVE,GET,THE,A,for,for,-35.824554443359375,"[-3.5297709, -8.451223, -7.859869, -4.9268837, -1.6900635, -7.9480867, -1.4186566]"
the cousin left the juice for us .,a chief drew a telephone for you .,PD,PD,LEAVE,DRAW,THE,A,for,for,-47.66990280151367,"[-3.534585, -9.20825, -12.217743, -1.4072669, -8.462088, -6.1252513, -5.8505626, -0.86415756]"
the cousin left the juice for us .,a chief drew you a telephone .,PD,DO,LEAVE,DRAW,THE,A,for,for,-49.388675689697266,"[-3.534585, -9.20825, -12.217743, -8.924258, -2.5510855, -9.247575, -3.7051773]"
the cousin left the juice for us .,a buddy got a cup for me .,PD,PD,LEAVE,GET,THE,A,for,for,-34.122066497802734,"[-3.534585, -9.960744, -4.9668145, -1.6458094, -6.5744786, -5.263087, -1.3156667, -0.8608826]"
the cousin left the juice for us .,a buddy got me a cup .,PD,DO,LEAVE,GET,THE,A,for,for,-31.808456420898438,"[-3.534585, -9.960744, -4.9668145, -2.6403458, -0.9215411, -5.502323, -4.282103]"
the cousin left the tea for you .,a girl fed a chicken to us .,PD,PD,LEAVE,FEED,THE,A,for,to,-36.260498046875,"[-3.5390606, -6.719059, -10.278608, -1.547416, -3.0146298, -2.6174486, -7.0944166, -1.4498603]"
the cousin left the tea for you .,a girl fed us a chicken .,PD,DO,LEAVE,FEED,THE,A,for,to,-35.87907409667969,"[-3.5390606, -6.719059, -10.278608, -6.404868, -1.6890028, -5.178769, -2.0697055]"
the cousin left them the bottle .,a guy designed a computer for you .,DO,PD,LEAVE,DESIGN,THE,A,for,for,-35.891265869140625,"[-3.6109428, -7.304794, -10.440376, -0.8819094, -5.904864, -2.8985841, -4.0699215, -0.7798738]"
the cousin left them the bottle .,a guy designed you a computer .,DO,DO,LEAVE,DESIGN,THE,A,for,for,-37.18392562866211,"[-3.6109428, -7.304794, -10.440376, -6.8746233, -1.3061134, -6.4469223, -1.200151]"
the cousin left them the juice .,a sheriff got a chicken for him .,DO,PD,LEAVE,GET,THE,A,for,for,-42.13212203979492,"[-3.5767255, -8.268302, -7.9670777, -1.3306713, -10.007029, -4.1619616, -5.786212, -1.0341437]"
the cousin left them the juice .,a sheriff got him a chicken .,DO,DO,LEAVE,GET,THE,A,for,for,-35.19032287597656,"[-3.5767255, -8.268302, -7.9670777, -4.4894495, -1.4316199, -8.393423, -1.0637257]"
the cousin left us the chicken .,a champion found a beer for her .,DO,PD,LEAVE,FIND,THE,A,for,for,-41.0966911315918,"[-3.5743623, -9.491335, -9.227667, -1.9687842, -8.908057, -3.5045016, -2.314584, -2.1074002]"
the cousin left us the chicken .,a champion found her a beer .,DO,DO,LEAVE,FIND,THE,A,for,for,-40.90892791748047,"[-3.5743623, -9.491335, -9.227667, -3.483283, -6.796752, -7.3087864, -1.0267429]"
the cousin left us the juice .,a chief drew a telephone for you .,DO,PD,LEAVE,DRAW,THE,A,for,for,-50.50181579589844,"[-3.5790837, -9.155925, -12.756627, -1.4729966, -8.538475, -7.299094, -6.5855045, -1.1141098]"
the cousin left us the juice .,a chief drew you a telephone .,DO,DO,LEAVE,DRAW,THE,A,for,for,-48.64229202270508,"[-3.5790837, -9.155925, -12.756627, -9.063976, -1.9077064, -8.7408695, -3.4381063]"
the cousin left us the juice .,a buddy got a cup for me .,DO,PD,LEAVE,GET,THE,A,for,for,-36.796531677246094,"[-3.5790837, -10.024738, -4.936988, -2.011115, -6.6861963, -6.5353127, -2.094938, -0.9281574]"
the cousin left us the juice .,a buddy got me a cup .,DO,DO,LEAVE,GET,THE,A,for,for,-30.247188568115234,"[-3.5790837, -10.024738, -4.936988, -2.7389498, -1.1841792, -4.0510154, -3.7322347]"
the cousin left you the bell .,a doctor sent a tea to us .,DO,PD,LEAVE,SEND,THE,A,for,to,-37.33085632324219,"[-3.5427341, -7.376591, -6.3336415, -1.3552232, -10.123375, -1.4473473, -5.825983, -1.3259599]"
the cousin left you the bell .,a doctor sent us a tea .,DO,DO,LEAVE,SEND,THE,A,for,to,-33.0712776184082,"[-3.5427341, -7.376591, -6.3336415, -3.8550858, -1.0459232, -8.936985, -1.9803181]"
the cousin left you the tea .,a girl fed a chicken to us .,DO,PD,LEAVE,FEED,THE,A,for,to,-38.32149124145508,"[-3.550655, -6.7446165, -10.220933, -1.5575755, -2.9889452, -3.390163, -7.912781, -1.955823]"
the cousin left you the tea .,a girl fed us a chicken .,DO,DO,LEAVE,FEED,THE,A,for,to,-35.564388275146484,"[-3.550655, -6.7446165, -10.220933, -6.6036863, -2.0069103, -4.961821, -1.4757664]"
the cousin made her the engine .,a daughter fed a chicken to them .,DO,PD,MAKE,FEED,THE,A,for,to,-40.67428970336914,"[-3.536981, -8.424103, -9.337411, -1.949256, -3.9106646, -2.437165, -8.573116, -2.5055928]"
the cousin made her the engine .,a daughter fed them a chicken .,DO,DO,MAKE,FEED,THE,A,for,to,-36.327423095703125,"[-3.536981, -8.424103, -9.337411, -6.083455, -1.7370131, -4.789877, -2.4185812]"
the cousin made me the ball .,a cop delivered a salad for her .,DO,PD,MAKE,DELIVER,THE,A,for,for,-41.69923400878906,"[-3.5260587, -8.428731, -9.679227, -0.90929383, -11.414729, -3.1178923, -3.0886066, -1.5346943]"
the cousin made me the ball .,a cop delivered her a salad .,DO,DO,MAKE,DELIVER,THE,A,for,for,-38.81237030029297,"[-3.5260587, -8.428731, -9.679227, -4.238321, -1.7964071, -10.318537, -0.8250885]"
the cousin made me the engine .,a king showed a tea to it .,DO,PD,MAKE,SHOW,THE,A,for,to,-48.304141998291016,"[-3.5623999, -9.728636, -9.144148, -3.098054, -11.046632, -3.0307026, -7.526591, -1.1669804]"
the cousin made me the engine .,a king showed it a tea .,DO,DO,MAKE,SHOW,THE,A,for,to,-45.39568328857422,"[-3.5623999, -9.728636, -9.144148, -4.9327307, -4.906628, -11.711365, -1.4097776]"
the cousin made the ball for me .,a cop delivered a salad for her .,PD,PD,MAKE,DELIVER,THE,A,for,for,-40.536659240722656,"[-3.512167, -8.478621, -9.832083, -0.7369524, -10.615042, -2.051498, -3.4522355, -1.8580631]"
the cousin made the ball for me .,a cop delivered her a salad .,PD,DO,MAKE,DELIVER,THE,A,for,for,-42.10686492919922,"[-3.512167, -8.478621, -9.832083, -4.8732104, -4.745788, -9.178358, -1.486636]"
the cousin made the ball for you .,a captain sold a beer to it .,PD,PD,MAKE,SELL,THE,A,for,to,-42.117942810058594,"[-3.498476, -10.119443, -10.204227, -1.8104573, -6.4048214, -0.99123573, -7.7977257, -1.2915574]"
the cousin made the ball for you .,a captain sold it a beer .,PD,DO,MAKE,SELL,THE,A,for,to,-44.73688888549805,"[-3.498476, -10.119443, -10.204227, -5.3852615, -6.623047, -7.060787, -1.8456482]"
the cousin made the engine for her .,a daughter fed a chicken to them .,PD,PD,MAKE,FEED,THE,A,for,to,-38.60340881347656,"[-3.5365887, -8.543613, -9.307115, -1.7943709, -3.83327, -2.1837373, -7.8551874, -1.5495296]"
the cousin made the engine for her .,a daughter fed them a chicken .,PD,DO,MAKE,FEED,THE,A,for,to,-35.992088317871094,"[-3.5365887, -8.543613, -9.307115, -6.1275625, -1.8727212, -4.3988495, -2.2056384]"
the cousin made the engine for me .,a king showed a tea to it .,PD,PD,MAKE,SHOW,THE,A,for,to,-47.43156433105469,"[-3.5311122, -9.694972, -9.288767, -2.866953, -10.504421, -2.9450178, -7.571695, -1.0286303]"
the cousin made the engine for me .,a king showed it a tea .,PD,DO,MAKE,SHOW,THE,A,for,to,-45.642208099365234,"[-3.5311122, -9.694972, -9.288767, -4.2761946, -5.2752132, -11.697792, -1.8781543]"
the cousin made you the ball .,a captain sold a beer to it .,DO,PD,MAKE,SELL,THE,A,for,to,-42.320823669433594,"[-3.4934764, -10.132211, -10.248367, -1.6434091, -6.9008646, -0.8048386, -8.170875, -0.9267832]"
the cousin made you the ball .,a captain sold it a beer .,DO,DO,MAKE,SELL,THE,A,for,to,-43.791526794433594,"[-3.4934764, -10.132211, -10.248367, -5.542666, -6.2217503, -6.961888, -1.1911651]"
the cousin promised him the flower .,a soldier took a bowl to you .,DO,PD,PROMISE,TAKE,THE,A,to,to,-43.55263137817383,"[-3.6571283, -7.357609, -5.6319065, -1.9662954, -9.292847, -4.880851, -9.607868, -1.1581275]"
the cousin promised him the flower .,a soldier took you a bowl .,DO,DO,PROMISE,TAKE,THE,A,to,to,-43.94538879394531,"[-3.6571283, -7.357609, -5.6319065, -8.082019, -6.4908094, -9.351981, -3.3739328]"
the cousin promised me the flower .,an opponent supplied a juice to you .,DO,PD,PROMISE,SUPPLY,THE,A,to,to,-46.32322692871094,"[-5.66034, -8.086655, -11.297157, -2.5182319, -9.3204155, -2.5987124, -6.181449, -0.6602644]"
the cousin promised me the flower .,an opponent supplied you a juice .,DO,DO,PROMISE,SUPPLY,THE,A,to,to,-44.494102478027344,"[-5.66034, -8.086655, -11.297157, -4.2863965, -4.3047495, -9.582895, -1.2759101]"
the cousin promised me the key .,a bishop fed a chocolate to you .,DO,PD,PROMISE,FEED,THE,A,to,to,-52.17761993408203,"[-3.6289225, -9.248798, -11.809322, -1.9185593, -9.242471, -6.277334, -9.126768, -0.92544246]"
the cousin promised me the key .,a bishop fed you a chocolate .,DO,DO,PROMISE,FEED,THE,A,to,to,-41.93683624267578,"[-3.6289225, -9.248798, -11.809322, -6.6472244, -1.6658487, -5.4780283, -3.4586883]"
the cousin promised the bag to you .,an opponent designed an anchor for him .,PD,PD,PROMISE,DESIGN,THE,A,to,for,-45.09123229980469,"[-5.70244, -8.114462, -10.276647, -3.023583, -9.009224, -2.4526274, -5.0709996, -1.44125]"
the cousin promised the bag to you .,an opponent designed him an anchor .,PD,DO,PROMISE,DESIGN,THE,A,to,for,-47.00637435913086,"[-5.70244, -8.114462, -10.276647, -6.3163867, -6.1331124, -9.020685, -1.4426416]"
the cousin promised the bowl to you .,a princess sent a salad to me .,PD,PD,PROMISE,SEND,THE,A,to,to,-37.65190124511719,"[-3.614285, -10.211105, -6.439982, -1.9264481, -10.528199, -0.64621687, -3.1503315, -1.1353326]"
the cousin promised the bowl to you .,a princess sent me a salad .,PD,DO,PROMISE,SEND,THE,A,to,to,-36.87195587158203,"[-3.614285, -10.211105, -6.439982, -4.2962303, -0.9875051, -9.494815, -1.8280337]"
the cousin promised the flower to him .,a soldier took a bowl to you .,PD,PD,PROMISE,TAKE,THE,A,to,to,-42.365169525146484,"[-3.6161897, -7.5136795, -5.9600487, -1.805726, -8.784714, -4.205296, -9.336136, -1.1433785]"
the cousin promised the flower to him .,a soldier took you a bowl .,PD,DO,PROMISE,TAKE,THE,A,to,to,-44.87177276611328,"[-3.6161897, -7.5136795, -5.9600487, -8.362508, -6.4828525, -8.947696, -3.9887998]"
the cousin promised the flower to me .,an opponent supplied a juice to you .,PD,PD,PROMISE,SUPPLY,THE,A,to,to,-43.20967102050781,"[-5.675069, -8.171854, -11.75796, -2.122875, -8.747328, -1.6279457, -4.4480104, -0.65862674]"
the cousin promised the flower to me .,an opponent supplied you a juice .,PD,DO,PROMISE,SUPPLY,THE,A,to,to,-46.13508605957031,"[-5.675069, -8.171854, -11.75796, -4.9213095, -4.4450245, -9.3689575, -1.7949107]"
the cousin promised the gun to us .,a nurse gave a juice to you .,PD,PD,PROMISE,GIVE,THE,A,to,to,-37.149715423583984,"[-3.595249, -7.668173, -5.0510335, -1.8317086, -11.358931, -0.48076326, -6.4226913, -0.74116546]"
the cousin promised the gun to us .,a nurse gave you a juice .,PD,DO,PROMISE,GIVE,THE,A,to,to,-32.900489807128906,"[-3.595249, -7.668173, -5.0510335, -5.597921, -0.8526701, -8.398188, -1.7372553]"
the cousin promised the key to me .,a bishop fed a chocolate to you .,PD,PD,PROMISE,FEED,THE,A,to,to,-48.416419982910156,"[-3.5937169, -9.4868, -11.736146, -1.7394886, -7.6308756, -4.8959465, -8.396797, -0.93664956]"
the cousin promised the key to me .,a bishop fed you a chocolate .,PD,DO,PROMISE,FEED,THE,A,to,to,-42.4780158996582,"[-3.5937169, -9.4868, -11.736146, -7.0082226, -1.6012175, -5.1566334, -3.895281]"
the cousin promised us the gun .,a nurse gave a juice to you .,DO,PD,PROMISE,GIVE,THE,A,to,to,-39.28574752807617,"[-3.6320047, -7.534565, -5.057918, -2.309594, -11.805428, -0.903986, -7.1695356, -0.8727192]"
the cousin promised us the gun .,a nurse gave you a juice .,DO,DO,PROMISE,GIVE,THE,A,to,to,-32.649169921875,"[-3.6320047, -7.534565, -5.057918, -5.362076, -1.1242115, -8.736247, -1.2021465]"
the cousin promised you the bag .,an opponent designed an anchor for him .,DO,PD,PROMISE,DESIGN,THE,A,to,for,-44.01124572753906,"[-5.7174535, -8.020628, -9.927006, -3.0910606, -9.334038, -2.612879, -4.137235, -1.1709453]"
the cousin promised you the bag .,an opponent designed him an anchor .,DO,DO,PROMISE,DESIGN,THE,A,to,for,-45.48648452758789,"[-5.7174535, -8.020628, -9.927006, -5.212776, -6.3404512, -9.119322, -1.1488473]"
the cousin promised you the bowl .,a princess sent a salad to me .,DO,PD,PROMISE,SEND,THE,A,to,to,-39.64089584350586,"[-3.6531549, -10.2163515, -6.3511124, -2.104167, -11.060584, -1.2541392, -4.0386944, -0.96269023]"
the cousin promised you the bowl .,a princess sent me a salad .,DO,DO,PROMISE,SEND,THE,A,to,to,-35.89372634887695,"[-3.6531549, -10.2163515, -6.3511124, -4.3691883, -1.1125731, -9.145676, -1.0456707]"
the cousin purchased him the juice .,a soldier brought a cup to us .,DO,PD,PURCHASE,BRING,THE,A,for,to,-37.35873794555664,"[-3.6875358, -7.353728, -7.30897, -2.0500076, -7.28316, -2.8812983, -5.5583186, -1.2357204]"
the cousin purchased him the juice .,a soldier brought us a cup .,DO,DO,PURCHASE,BRING,THE,A,for,to,-34.65619659423828,"[-3.6875358, -7.353728, -7.30897, -5.2047634, -2.2900927, -4.8545885, -3.9565167]"
the cousin purchased him the juice .,a winner fed a meal to you .,DO,PD,PURCHASE,FEED,THE,A,for,to,-44.52967071533203,"[-3.6875358, -10.020208, -11.113484, -2.6890047, -6.143397, -1.5523046, -8.038269, -1.2854656]"
the cousin purchased him the juice .,a winner fed you a meal .,DO,DO,PURCHASE,FEED,THE,A,for,to,-40.1169548034668,"[-3.6875358, -10.020208, -11.113484, -7.027582, -2.4391332, -4.431651, -1.3973581]"
the cousin purchased me the bowl .,an attorney made a plate for you .,DO,PD,PURCHASE,MAKE,THE,A,for,for,-39.607879638671875,"[-5.6603713, -5.7374244, -7.830455, -1.7270492, -10.394156, -2.8691072, -4.4692583, -0.920059]"
the cousin purchased me the bowl .,an attorney made you a plate .,DO,DO,PURCHASE,MAKE,THE,A,for,for,-37.2380485534668,"[-5.6603713, -5.7374244, -7.830455, -6.7071767, -2.923296, -6.92944, -1.4498854]"
the cousin purchased me the salad .,a chief delivered a cigarette for you .,DO,PD,PURCHASE,DELIVER,THE,A,for,for,-48.201847076416016,"[-3.7135096, -9.344599, -12.321192, -1.2436242, -8.494245, -5.4836655, -6.4079638, -1.1930473]"
the cousin purchased me the salad .,a chief delivered you a cigarette .,DO,DO,PURCHASE,DELIVER,THE,A,for,for,-41.92127227783203,"[-3.7135096, -9.344599, -12.321192, -7.1287904, -1.3009143, -7.3138933, -0.79837364]"
the cousin purchased the bowl for me .,an attorney made a plate for you .,PD,PD,PURCHASE,MAKE,THE,A,for,for,-39.55854034423828,"[-5.6548624, -5.7438784, -8.267723, -1.5596797, -10.857777, -1.8349426, -4.7829266, -0.856754]"
the cousin purchased the bowl for me .,an attorney made you a plate .,PD,DO,PURCHASE,MAKE,THE,A,for,for,-39.8848991394043,"[-5.6548624, -5.7438784, -8.267723, -8.0745, -2.5063097, -7.494486, -2.1431386]"
the cousin purchased the bowl for them .,a girl sold a beer to us .,PD,PD,PURCHASE,SELL,THE,A,for,to,-36.71925354003906,"[-3.6411755, -6.586484, -8.093175, -2.799108, -5.594396, -1.4900687, -6.898118, -1.6167303]"
the cousin purchased the bowl for them .,a girl sold us a beer .,PD,DO,PURCHASE,SELL,THE,A,for,to,-34.184059143066406,"[-3.6411755, -6.586484, -8.093175, -7.9286866, -1.5282421, -4.465955, -1.9403449]"
the cousin purchased the chocolate for you .,a colonel took a knife to me .,PD,PD,PURCHASE,TAKE,THE,A,for,to,-38.01400375366211,"[-3.6252544, -10.941822, -6.1750603, -1.795808, -5.7155113, -1.3613313, -6.631624, -1.7675924]"
the cousin purchased the chocolate for you .,a colonel took me a knife .,PD,DO,PURCHASE,TAKE,THE,A,for,to,-40.603878021240234,"[-3.6252544, -10.941822, -6.1750603, -4.6433554, -5.3609276, -7.499403, -2.3580558]"
the cousin purchased the juice for him .,a soldier brought a cup to us .,PD,PD,PURCHASE,BRING,THE,A,for,to,-36.11867904663086,"[-3.6428053, -7.3358364, -7.423339, -1.847192, -6.796223, -2.870689, -5.2334166, -0.9691784]"
the cousin purchased the juice for him .,a soldier brought us a cup .,PD,DO,PURCHASE,BRING,THE,A,for,to,-34.96726989746094,"[-3.6428053, -7.3358364, -7.423339, -5.4045496, -2.2317579, -4.564455, -4.3645253]"
the cousin purchased the juice for him .,a winner fed a meal to you .,PD,PD,PURCHASE,FEED,THE,A,for,to,-43.434932708740234,"[-3.6428053, -10.005764, -11.27978, -2.5589044, -6.519262, -0.93770814, -7.5270076, -0.9637001]"
the cousin purchased the juice for him .,a winner fed you a meal .,PD,DO,PURCHASE,FEED,THE,A,for,to,-40.25620651245117,"[-3.6428053, -10.005764, -11.27978, -7.1967793, -2.3437366, -4.2123976, -1.5749419]"
the cousin purchased the juice for us .,a doctor gave a meal to you .,PD,PD,PURCHASE,GIVE,THE,A,for,to,-34.72972106933594,"[-3.6209137, -7.2355695, -5.0730844, -2.4110901, -7.997449, -0.36348507, -6.9584002, -1.0697304]"
the cousin purchased the juice for us .,a doctor gave you a meal .,PD,DO,PURCHASE,GIVE,THE,A,for,to,-30.812772750854492,"[-3.6209137, -7.2355695, -5.0730844, -5.2734413, -1.203402, -6.3049154, -2.1014452]"
the cousin purchased the salad for me .,a chief delivered a cigarette for you .,PD,PD,PURCHASE,DELIVER,THE,A,for,for,-46.60137939453125,"[-3.6672783, -9.254927, -12.415035, -1.142338, -8.990209, -3.8882945, -6.243287, -1.0000117]"
the cousin purchased the salad for me .,a chief delivered you a cigarette .,PD,DO,PURCHASE,DELIVER,THE,A,for,for,-44.26177215576172,"[-3.6672783, -9.254927, -12.415035, -8.853235, -1.1139255, -7.818126, -1.1392435]"
the cousin purchased the salad for them .,a son sent a camera to us .,PD,PD,PURCHASE,SEND,THE,A,for,to,-41.873619079589844,"[-3.6728795, -8.1359215, -8.053299, -2.030646, -8.636494, -1.0328315, -8.283543, -2.0280077]"
the cousin purchased the salad for them .,a son sent us a camera .,PD,DO,PURCHASE,SEND,THE,A,for,to,-39.139854431152344,"[-3.6728795, -8.1359215, -8.053299, -5.6551313, -1.3716264, -9.16964, -3.0813587]"
the cousin purchased the salad for you .,an attorney promised a beer to me .,PD,PD,PURCHASE,PROMISE,THE,A,for,to,-41.66215515136719,"[-5.6635027, -5.479291, -10.439594, -2.6135025, -8.988681, -1.7513337, -5.117019, -1.6092315]"
the cousin purchased the salad for you .,an attorney promised me a beer .,PD,DO,PURCHASE,PROMISE,THE,A,for,to,-38.19301223754883,"[-5.6635027, -5.479291, -10.439594, -5.4143953, -1.8354851, -7.0216227, -2.339123]"
the cousin purchased them the bowl .,a girl sold a beer to us .,DO,PD,PURCHASE,SELL,THE,A,for,to,-35.96128845214844,"[-3.6993778, -6.6882606, -8.153765, -3.2437165, -5.567422, -1.0075655, -6.064575, -1.5366071]"
the cousin purchased them the bowl .,a girl sold us a beer .,DO,DO,PURCHASE,SELL,THE,A,for,to,-32.272884368896484,"[-3.6993778, -6.6882606, -8.153765, -6.5274935, -1.6209439, -4.2113695, -1.3716757]"
the cousin purchased them the salad .,a son sent a camera to us .,DO,PD,PURCHASE,SEND,THE,A,for,to,-40.529273986816406,"[-3.7209055, -8.184485, -8.029894, -2.522894, -8.269395, -0.9883579, -6.8732347, -1.9401073]"
the cousin purchased them the salad .,a son sent us a camera .,DO,DO,PURCHASE,SEND,THE,A,for,to,-37.64152908325195,"[-3.7209055, -8.184485, -8.029894, -4.8017435, -1.6532254, -9.071442, -2.1798346]"
the cousin purchased us the juice .,a doctor gave a meal to you .,DO,PD,PURCHASE,GIVE,THE,A,for,to,-36.10548782348633,"[-3.6697385, -7.21772, -4.9304514, -2.8566635, -8.823402, -0.23475109, -7.275855, -1.0969056]"
the cousin purchased us the juice .,a doctor gave you a meal .,DO,DO,PURCHASE,GIVE,THE,A,for,to,-30.66135025024414,"[-3.6697385, -7.21772, -4.9304514, -5.278573, -1.417664, -6.8397365, -1.3074667]"
the cousin purchased you the chocolate .,a colonel took a knife to me .,DO,PD,PURCHASE,TAKE,THE,A,for,to,-35.54298782348633,"[-3.6634312, -10.91053, -5.830445, -1.836144, -5.4137588, -1.1660473, -5.337735, -1.3848964]"
the cousin purchased you the chocolate .,a colonel took me a knife .,DO,DO,PURCHASE,TAKE,THE,A,for,to,-37.57163619995117,"[-3.6634312, -10.91053, -5.830445, -2.9087749, -5.367483, -7.3473186, -1.5436527]"
the cousin purchased you the salad .,an attorney promised a beer to me .,DO,PD,PURCHASE,PROMISE,THE,A,for,to,-38.93535232543945,"[-5.6858654, -5.553104, -10.009661, -2.719856, -8.633581, -1.6700753, -3.3350601, -1.3281494]"
the cousin purchased you the salad .,an attorney promised me a beer .,DO,DO,PURCHASE,PROMISE,THE,A,for,to,-33.185585021972656,"[-5.6858654, -5.553104, -10.009661, -2.6263263, -1.7907205, -6.0947804, -1.4251297]"
the cousin saved him the juice .,a professor promised a salad to you .,DO,PD,SAVE,PROMISE,THE,A,for,to,-43.55406951904297,"[-3.6693158, -7.1633415, -9.50567, -2.740254, -8.877634, -2.9849055, -6.8684726, -1.7444742]"
the cousin saved him the juice .,a professor promised you a salad .,DO,DO,SAVE,PROMISE,THE,A,for,to,-38.03417205810547,"[-3.6693158, -7.1633415, -9.50567, -6.3980536, -2.1273215, -7.6523247, -1.5181458]"
the cousin saved the juice for him .,a professor promised a salad to you .,PD,PD,SAVE,PROMISE,THE,A,for,to,-42.37493896484375,"[-3.623713, -7.2406387, -9.329207, -2.497841, -8.408112, -2.7477098, -6.9014554, -1.6262665]"
the cousin saved the juice for him .,a professor promised you a salad .,PD,DO,SAVE,PROMISE,THE,A,for,to,-37.78487014770508,"[-3.623713, -7.2406387, -9.329207, -6.089059, -1.9229431, -7.6297255, -1.9495834]"
the cousin saved the juice for you .,a winner gave a candy to me .,PD,PD,SAVE,GIVE,THE,A,for,to,-41.039466857910156,"[-3.5962377, -9.987165, -8.191626, -2.82428, -9.186906, -1.3895677, -4.5952883, -1.2683988]"
the cousin saved the juice for you .,a winner gave me a candy .,PD,DO,SAVE,GIVE,THE,A,for,to,-37.189720153808594,"[-3.5962377, -9.987165, -8.191626, -3.2153618, -1.1807102, -8.025562, -2.9930577]"
the cousin saved the juice for you .,a guest supplied a plate to us .,PD,PD,SAVE,SUPPLY,THE,A,for,to,-49.443206787109375,"[-3.5962377, -7.928315, -13.58928, -2.7023923, -9.639595, -3.1050813, -7.2829924, -1.5993104]"
the cousin saved the juice for you .,a guest supplied us a plate .,PD,DO,SAVE,SUPPLY,THE,A,for,to,-48.94281005859375,"[-3.5962377, -7.928315, -13.58928, -5.1190357, -6.0093145, -8.67503, -4.025595]"
the cousin saved you the juice .,a winner gave a candy to me .,DO,PD,SAVE,GIVE,THE,A,for,to,-41.25909423828125,"[-3.6485386, -9.957514, -8.171173, -3.3243866, -9.091744, -1.6027212, -4.422068, -1.0409497]"
the cousin saved you the juice .,a winner gave me a candy .,DO,DO,SAVE,GIVE,THE,A,for,to,-36.216209411621094,"[-3.6485386, -9.957514, -8.171173, -2.9912167, -1.3536159, -8.0749655, -2.019187]"
the cousin saved you the juice .,a guest supplied a plate to us .,DO,PD,SAVE,SUPPLY,THE,A,for,to,-51.21311950683594,"[-3.6485386, -7.8735027, -13.442098, -3.4150138, -10.709625, -3.1766262, -7.5159, -1.4318175]"
the cousin saved you the juice .,a guest supplied us a plate .,DO,DO,SAVE,SUPPLY,THE,A,for,to,-50.02296447753906,"[-3.6485386, -7.8735027, -13.442098, -5.159661, -6.7963934, -9.619478, -3.483295]"
the cousin sent him the juice .,a nurse drew a bell for them .,DO,PD,SEND,DRAW,THE,A,to,for,-38.261962890625,"[-3.5889776, -7.085754, -7.5948486, -1.6041198, -8.8401985, -3.593941, -4.8771906, -1.0769353]"
the cousin sent him the juice .,a nurse drew them a bell .,DO,DO,SEND,DRAW,THE,A,to,for,-37.950843811035156,"[-3.5889776, -7.085754, -7.5948486, -6.93848, -1.8631153, -9.942732, -0.9369342]"
the cousin sent me the beer .,an adult supplied a coffee to you .,DO,PD,SEND,SUPPLY,THE,A,to,to,-44.387855529785156,"[-5.63128, -5.9824924, -13.453276, -2.6600022, -5.4168215, -2.9535284, -7.6395855, -0.6508714]"
the cousin sent me the beer .,an adult supplied you a coffee .,DO,DO,SEND,SUPPLY,THE,A,to,to,-40.95211410522461,"[-5.63128, -5.9824924, -13.453276, -5.9225984, -4.3465815, -4.8312783, -0.7846091]"
the cousin sent me the pot .,a king kept a salad for you .,DO,PD,SEND,KEEP,THE,A,to,for,-43.62190246582031,"[-3.581213, -9.661054, -7.2196894, -1.6916488, -10.585929, -2.7162209, -7.229502, -0.936648]"
the cousin sent me the pot .,a king kept you a salad .,DO,DO,SEND,KEEP,THE,A,to,for,-43.140380859375,"[-3.581213, -9.661054, -7.2196894, -6.6290402, -4.7401047, -10.140412, -1.1688671]"
the cousin sent the beer to me .,an adult supplied a coffee to you .,PD,PD,SEND,SUPPLY,THE,A,to,to,-41.19822311401367,"[-5.605624, -5.932885, -13.340743, -2.0898101, -5.763652, -0.9610164, -6.984483, -0.52000976]"
the cousin sent the beer to me .,an adult supplied you a coffee .,PD,DO,SEND,SUPPLY,THE,A,to,to,-41.39848709106445,"[-5.605624, -5.932885, -13.340743, -6.3976307, -3.8418539, -5.122592, -1.1571568]"
the cousin sent the box to us .,a son gave a button to him .,PD,PD,SEND,GIVE,THE,A,to,to,-37.903175354003906,"[-3.534986, -8.269524, -6.153328, -2.3330784, -11.468489, -0.2604254, -4.6715875, -1.2117549]"
the cousin sent the box to us .,a son gave him a button .,PD,DO,SEND,GIVE,THE,A,to,to,-33.03166198730469,"[-3.534986, -8.269524, -6.153328, -3.4153624, -0.5406506, -9.302586, -1.8152244]"
the cousin sent the box to you .,a husband found a card for it .,PD,PD,SEND,FIND,THE,A,to,for,-39.784122467041016,"[-3.5221682, -8.366244, -6.2659163, -0.9344308, -8.639925, -3.3598433, -6.8114476, -1.8841449]"
the cousin sent the box to you .,a husband found it a card .,PD,DO,SEND,FIND,THE,A,to,for,-39.681434631347656,"[-3.5221682, -8.366244, -6.2659163, -4.7233853, -3.4908812, -11.352103, -1.9607381]"
the cousin sent the juice to him .,a nurse drew a bell for them .,PD,PD,SEND,DRAW,THE,A,to,for,-38.22879409790039,"[-3.5290146, -7.339525, -7.7399206, -1.2058582, -8.837889, -3.5871992, -4.817764, -1.1716217]"
the cousin sent the juice to him .,a nurse drew them a bell .,PD,DO,SEND,DRAW,THE,A,to,for,-39.51694869995117,"[-3.5290146, -7.339525, -7.7399206, -7.5795345, -2.5194016, -9.390959, -1.4185944]"
the cousin sent the pot to me .,a king kept a salad for you .,PD,PD,SEND,KEEP,THE,A,to,for,-42.833335876464844,"[-3.514231, -9.715773, -7.3859773, -1.3554091, -10.087444, -2.877739, -7.0390053, -0.8577596]"
the cousin sent the pot to me .,a king kept you a salad .,PD,DO,SEND,KEEP,THE,A,to,for,-44.17863464355469,"[-3.514231, -9.715773, -7.3859773, -7.399464, -4.752922, -10.087437, -1.3228313]"
the cousin sent us the box .,a son gave a button to him .,DO,PD,SEND,GIVE,THE,A,to,to,-40.21297073364258,"[-3.580789, -8.274076, -5.960472, -3.499983, -11.873703, -0.86180806, -4.8017664, -1.3603725]"
the cousin sent us the box .,a son gave him a button .,DO,DO,SEND,GIVE,THE,A,to,to,-32.850528717041016,"[-3.580789, -8.274076, -5.960472, -3.6333258, -0.8874852, -9.118507, -1.3958721]"
the cousin sent you the box .,a husband found a card for it .,DO,PD,SEND,FIND,THE,A,to,for,-39.296451568603516,"[-3.560048, -8.371869, -5.8228545, -1.1262404, -8.4393635, -3.4428725, -6.947628, -1.5855738]"
the cousin sent you the box .,a husband found it a card .,DO,DO,SEND,FIND,THE,A,to,for,-39.0206298828125,"[-3.560048, -8.371869, -5.8228545, -4.013161, -3.7492526, -11.784805, -1.7186408]"
the cousin showed her the cheese .,a buddy delivered a beer for us .,DO,PD,SHOW,DELIVER,THE,A,to,for,-36.51685333251953,"[-3.6046195, -9.961164, -8.865503, -1.4491687, -5.574946, -3.4031508, -2.9426541, -0.7156445]"
the cousin showed her the cheese .,a buddy delivered us a beer .,DO,DO,SHOW,DELIVER,THE,A,to,for,-33.0415153503418,"[-3.6046195, -9.961164, -8.865503, -3.9660907, -1.20855, -4.5347843, -0.90080285]"
the cousin showed her the coffee .,a child caught a telephone for us .,DO,PD,SHOW,CATCH,THE,A,to,for,-49.093997955322266,"[-3.6042109, -6.1242366, -6.5078034, -5.0962768, -9.7286415, -6.6891217, -10.238436, -1.1052728]"
the cousin showed her the coffee .,a child caught us a telephone .,DO,DO,SHOW,CATCH,THE,A,to,for,-46.07413864135742,"[-3.6042109, -6.1242366, -6.5078034, -11.682581, -5.233616, -10.31642, -2.6052706]"
the cousin showed him the cheese .,a pilot fed a meal to it .,DO,PD,SHOW,FEED,THE,A,to,to,-39.08638381958008,"[-3.6159859, -7.7286124, -9.901525, -1.5903579, -5.547321, -1.3120131, -7.951363, -1.4392055]"
the cousin showed him the cheese .,a pilot fed it a meal .,DO,DO,SHOW,FEED,THE,A,to,to,-33.947635650634766,"[-3.6159859, -7.7286124, -9.901525, -4.9424105, -1.8747661, -4.517001, -1.3673338]"
the cousin showed him the chocolate .,a father sent a cup to you .,DO,PD,SHOW,SEND,THE,A,to,to,-42.64588165283203,"[-3.6330333, -6.424192, -7.0526276, -1.8557, -8.382988, -3.198129, -10.750815, -1.3483948]"
the cousin showed him the chocolate .,a father sent you a cup .,DO,DO,SHOW,SEND,THE,A,to,to,-36.3834228515625,"[-3.6330333, -6.424192, -7.0526276, -9.268705, -1.1777574, -5.1491423, -3.6779659]"
the cousin showed him the coffee .,an uncle made a flower for it .,DO,PD,SHOW,MAKE,THE,A,to,for,-39.445350646972656,"[-5.64128, -7.659274, -6.1136255, -1.4757558, -9.133012, -2.6362934, -6.1420283, -0.64408225]"
the cousin showed him the coffee .,an uncle made it a flower .,DO,DO,SHOW,MAKE,THE,A,to,for,-39.035701751708984,"[-5.64128, -7.659274, -6.1136255, -3.631607, -4.1689806, -10.705501, -1.1154325]"
the cousin showed him the knife .,an opponent supplied a juice to you .,DO,PD,SHOW,SUPPLY,THE,A,to,to,-49.33734130859375,"[-5.593746, -8.004829, -12.899973, -2.056428, -9.967459, -2.4088187, -7.803995, -0.60209084]"
the cousin showed him the knife .,an opponent supplied you a juice .,DO,DO,SHOW,SUPPLY,THE,A,to,to,-48.134117126464844,"[-5.593746, -8.004829, -12.899973, -6.820262, -4.179606, -8.895481, -1.7402204]"
the cousin showed it the coffee .,a lady purchased a cheese for them .,DO,PD,SHOW,PURCHASE,THE,A,to,for,-44.02827835083008,"[-3.6042538, -8.190727, -10.517357, -0.82986903, -8.171427, -3.1977124, -8.328137, -1.1887939]"
the cousin showed it the coffee .,a lady purchased them a cheese .,DO,DO,SHOW,PURCHASE,THE,A,to,for,-44.549041748046875,"[-3.6042538, -8.190727, -10.517357, -6.8044415, -4.7142134, -8.848014, -1.8700356]"
the cousin showed me the knife .,an aunt fed a meal to us .,DO,PD,SHOW,FEED,THE,A,to,to,-41.254886627197266,"[-5.6096673, -7.081641, -9.694373, -1.8030353, -8.561752, -0.26112744, -7.2223444, -1.0209465]"
the cousin showed me the knife .,an aunt fed us a meal .,DO,DO,SHOW,FEED,THE,A,to,to,-34.869606018066406,"[-5.6096673, -7.081641, -9.694373, -5.121858, -1.3230407, -4.920097, -1.118928]"
the cousin showed the cheese to her .,a buddy delivered a beer for us .,PD,PD,SHOW,DELIVER,THE,A,to,for,-37.040008544921875,"[-3.5934677, -9.965754, -8.774233, -1.1765833, -5.9999223, -4.126456, -2.51165, -0.8919438]"
the cousin showed the cheese to her .,a buddy delivered us a beer .,PD,DO,SHOW,DELIVER,THE,A,to,for,-34.377647399902344,"[-3.5934677, -9.965754, -8.774233, -4.14017, -1.0818472, -5.4117928, -1.4103856]"
the cousin showed the cheese to him .,a pilot fed a meal to it .,PD,PD,SHOW,FEED,THE,A,to,to,-35.4964714050293,"[-3.5847738, -7.682704, -9.6092, -1.4119399, -4.8141823, -1.0819073, -5.8728113, -1.438955]"
the cousin showed the cheese to him .,a pilot fed it a meal .,PD,DO,SHOW,FEED,THE,A,to,to,-34.56807327270508,"[-3.5847738, -7.682704, -9.6092, -5.3036547, -1.6610386, -4.489769, -2.2369332]"
the cousin showed the cheese to us .,a lawyer kept a juice for it .,PD,PD,SHOW,KEEP,THE,A,to,for,-51.24375915527344,"[-3.5657287, -7.0569153, -11.504516, -1.5104907, -13.624901, -5.021469, -6.902625, -2.057115]"
the cousin showed the cheese to us .,a lawyer kept it a juice .,PD,DO,SHOW,KEEP,THE,A,to,for,-47.511634826660156,"[-3.5657287, -7.0569153, -11.504516, -4.8409233, -2.8332834, -15.683099, -2.027172]"
the cousin showed the chocolate to him .,a father sent a cup to you .,PD,PD,SHOW,SEND,THE,A,to,to,-40.32185745239258,"[-3.5820363, -6.6922407, -7.0597076, -1.4522607, -7.9310336, -2.5907137, -9.59356, -1.4203048]"
the cousin showed the chocolate to him .,a father sent you a cup .,PD,DO,SHOW,SEND,THE,A,to,to,-38.14692687988281,"[-3.5820363, -6.6922407, -7.0597076, -8.920755, -0.97931135, -6.342448, -4.5704265]"
the cousin showed the chocolate to them .,a chief bought a candy for us .,PD,PD,SHOW,BUY,THE,A,to,for,-44.507572174072266,"[-3.5837712, -9.115892, -14.292463, -1.0164602, -7.0262017, -2.2993262, -5.5484, -1.625056]"
the cousin showed the chocolate to them .,a chief bought us a candy .,PD,DO,SHOW,BUY,THE,A,to,for,-44.875431060791016,"[-3.5837712, -9.115892, -14.292463, -7.9232883, -0.81858397, -6.365061, -2.7763715]"
the cousin showed the coffee to her .,a child caught a telephone for us .,PD,PD,SHOW,CATCH,THE,A,to,for,-48.418785095214844,"[-3.5717757, -6.1437216, -6.795556, -4.6230216, -9.2199, -6.9193163, -10.009571, -1.1359221]"
the cousin showed the coffee to her .,a child caught us a telephone .,PD,DO,SHOW,CATCH,THE,A,to,for,-47.11936569213867,"[-3.5717757, -6.1437216, -6.795556, -11.420016, -5.241994, -10.424486, -3.521815]"
the cousin showed the coffee to him .,an uncle made a flower for it .,PD,PD,SHOW,MAKE,THE,A,to,for,-38.151878356933594,"[-5.630932, -7.955367, -6.3529043, -1.0331463, -8.787784, -2.683236, -4.987879, -0.72062886]"
the cousin showed the coffee to him .,an uncle made it a flower .,PD,DO,SHOW,MAKE,THE,A,to,for,-39.09082794189453,"[-5.630932, -7.955367, -6.3529043, -3.7533545, -3.6825519, -10.189776, -1.5259391]"
the cousin showed the coffee to it .,a lady purchased a cheese for them .,PD,PD,SHOW,PURCHASE,THE,A,to,for,-42.97669982910156,"[-3.5654469, -8.259411, -10.415091, -0.7746053, -7.560575, -3.3475726, -8.16768, -0.88631815]"
the cousin showed the coffee to it .,a lady purchased them a cheese .,PD,DO,SHOW,PURCHASE,THE,A,to,for,-47.23505401611328,"[-3.5654469, -8.259411, -10.415091, -7.436005, -4.599112, -9.656647, -3.3033423]"
the cousin showed the coffee to us .,a lady promised a tea to you .,PD,PD,SHOW,PROMISE,THE,A,to,to,-38.93727493286133,"[-3.5573053, -8.139526, -11.756973, -2.5069265, -5.7923193, -1.0310967, -5.2096763, -0.94345057]"
the cousin showed the coffee to us .,a lady promised you a tea .,PD,DO,SHOW,PROMISE,THE,A,to,to,-37.48429870605469,"[-3.5573053, -8.139526, -11.756973, -4.961137, -1.4734421, -5.8825817, -1.7133332]"
the cousin showed the knife to him .,an opponent supplied a juice to you .,PD,PD,SHOW,SUPPLY,THE,A,to,to,-48.22911834716797,"[-5.604362, -8.115963, -12.851898, -1.7072502, -10.224086, -1.6749587, -7.4447165, -0.60588473]"
the cousin showed the knife to him .,an opponent supplied you a juice .,PD,DO,SHOW,SUPPLY,THE,A,to,to,-49.006385803222656,"[-5.604362, -8.115963, -12.851898, -6.698561, -4.1842113, -9.327847, -2.2235441]"
the cousin showed the knife to me .,an aunt fed a meal to us .,PD,PD,SHOW,FEED,THE,A,to,to,-39.85833740234375,"[-5.6132483, -7.674944, -9.960845, -1.2706327, -8.38895, -0.15614687, -5.8976784, -0.89589226]"
the cousin showed the knife to me .,an aunt fed us a meal .,PD,DO,SHOW,FEED,THE,A,to,to,-37.58236312866211,"[-5.6132483, -7.674944, -9.960845, -6.469329, -1.0342124, -5.192636, -1.6371491]"
the cousin showed the knife to you .,a mayor saved a pie for him .,PD,PD,SHOW,SAVE,THE,A,to,for,-46.60327911376953,"[-3.549991, -10.507715, -11.218037, -1.2652171, -10.580603, -2.8041487, -5.435655, -1.2419119]"
the cousin showed the knife to you .,a mayor saved him a pie .,PD,DO,SHOW,SAVE,THE,A,to,for,-44.72876739501953,"[-3.549991, -10.507715, -11.218037, -5.334792, -3.009157, -9.712158, -1.3969156]"
the cousin showed the salad to them .,a parent kept a juice for him .,PD,PD,SHOW,KEEP,THE,A,to,for,-46.116512298583984,"[-3.6192522, -7.949113, -8.684996, -2.1180763, -11.583236, -5.7387915, -4.998745, -1.4243028]"
the cousin showed the salad to them .,a parent kept him a juice .,PD,DO,SHOW,KEEP,THE,A,to,for,-44.27915954589844,"[-3.6192522, -7.949113, -8.684996, -5.598877, -5.4219112, -9.305308, -3.6997032]"
the cousin showed the salad to us .,a colonel took a knife to me .,PD,PD,SHOW,TAKE,THE,A,to,to,-35.46611785888672,"[-3.6117659, -10.849325, -5.788533, -1.4903009, -5.7012053, -1.2353559, -5.706763, -1.0828712]"
the cousin showed the salad to us .,a colonel took me a knife .,PD,DO,SHOW,TAKE,THE,A,to,to,-39.634765625,"[-3.6117659, -10.849325, -5.788533, -3.8923175, -5.165891, -7.687413, -2.6395197]"
the cousin showed the salad to you .,a princess took an iron to me .,PD,PD,SHOW,TAKE,THE,A,to,to,-42.05268859863281,"[-3.5995317, -10.207796, -6.3189554, -4.0268364, -5.362361, -4.4684343, -6.969104, -1.0996709]"
the cousin showed the salad to you .,a princess took me an iron .,PD,DO,SHOW,TAKE,THE,A,to,to,-44.154335021972656,"[-3.5995317, -10.207796, -6.3189554, -4.714986, -7.984432, -7.524318, -3.8043134]"
the cousin showed them the chocolate .,a chief bought a candy for us .,DO,PD,SHOW,BUY,THE,A,to,for,-45.4174919128418,"[-3.6042483, -9.074023, -14.299203, -1.0772988, -7.0771165, -2.2901073, -6.6062474, -1.3892477]"
the cousin showed them the chocolate .,a chief bought us a candy .,DO,DO,SHOW,BUY,THE,A,to,for,-42.95026397705078,"[-3.6042483, -9.074023, -14.299203, -7.7942424, -0.96463597, -5.762719, -1.4511931]"
the cousin showed them the salad .,a parent kept a juice for him .,DO,PD,SHOW,KEEP,THE,A,to,for,-48.38751220703125,"[-3.628886, -7.893805, -8.638997, -2.403492, -12.291298, -5.6556716, -6.287886, -1.5874794]"
the cousin showed them the salad .,a parent kept him a juice .,DO,DO,SHOW,KEEP,THE,A,to,for,-42.331443786621094,"[-3.628886, -7.893805, -8.638997, -5.213629, -5.399139, -9.201703, -2.3552852]"
the cousin showed us the cheese .,a lawyer kept a juice for it .,DO,PD,SHOW,KEEP,THE,A,to,for,-51.179161071777344,"[-3.6153736, -6.993075, -11.012638, -2.1982963, -14.218054, -5.041247, -6.922068, -1.1784089]"
the cousin showed us the cheese .,a lawyer kept it a juice .,DO,DO,SHOW,KEEP,THE,A,to,for,-45.60191345214844,"[-3.6153736, -6.993075, -11.012638, -4.8137197, -2.5884078, -15.399858, -1.1788436]"
the cousin showed us the coffee .,a lady promised a tea to you .,DO,PD,SHOW,PROMISE,THE,A,to,to,-41.884071350097656,"[-3.607211, -7.962674, -11.213118, -3.120883, -5.7415533, -3.3282003, -5.9612107, -0.94922066]"
the cousin showed us the coffee .,a lady promised you a tea .,DO,DO,SHOW,PROMISE,THE,A,to,to,-35.36143493652344,"[-3.607211, -7.962674, -11.213118, -4.752516, -1.5189155, -5.426565, -0.8804372]"
the cousin showed us the salad .,a colonel took a knife to me .,DO,PD,SHOW,TAKE,THE,A,to,to,-35.88884353637695,"[-3.6537476, -10.727293, -5.550528, -1.7228036, -5.829113, -1.6949565, -5.515716, -1.1946838]"
the cousin showed us the salad .,a colonel took me a knife .,DO,DO,SHOW,TAKE,THE,A,to,to,-38.11235809326172,"[-3.6537476, -10.727293, -5.550528, -2.656283, -5.9225254, -7.8541284, -1.7478535]"
the cousin showed you the knife .,a mayor saved a pie for him .,DO,PD,SHOW,SAVE,THE,A,to,for,-46.46635055541992,"[-3.5834615, -10.461701, -10.912306, -1.3260412, -10.826407, -2.5003567, -5.6105604, -1.245516]"
the cousin showed you the knife .,a mayor saved him a pie .,DO,DO,SHOW,SAVE,THE,A,to,for,-44.141265869140625,"[-3.5834615, -10.461701, -10.912306, -5.0178785, -3.472736, -9.522295, -1.1708853]"
the cousin showed you the salad .,a princess took an iron to me .,DO,PD,SHOW,TAKE,THE,A,to,to,-42.23760986328125,"[-3.5934973, -10.284928, -6.232935, -4.032079, -5.7855473, -4.816449, -6.502727, -0.9894468]"
the cousin showed you the salad .,a princess took me an iron .,DO,DO,SHOW,TAKE,THE,A,to,to,-44.067073822021484,"[-3.5934973, -10.284928, -6.232935, -4.34197, -8.638856, -8.018417, -2.9564707]"
the cousin sold me the tea .,a reader gave a beer to you .,DO,PD,SELL,GIVE,THE,A,to,to,-40.37391662597656,"[-3.5964437, -6.937974, -6.129765, -4.152699, -10.272617, -1.113921, -7.38852, -0.7819734]"
the cousin sold me the tea .,a reader gave you a beer .,DO,DO,SELL,GIVE,THE,A,to,to,-35.58683776855469,"[-3.5964437, -6.937974, -6.129765, -7.62518, -1.5198052, -8.604832, -1.1728374]"
the cousin sold the salad to us .,an opponent fed a chicken to you .,PD,PD,SELL,FEED,THE,A,to,to,-37.23568344116211,"[-5.682605, -8.198946, -11.378519, -1.8975818, -2.2696111, -1.0037131, -6.0371566, -0.76754963]"
the cousin sold the salad to us .,an opponent fed you a chicken .,PD,DO,SELL,FEED,THE,A,to,to,-38.774169921875,"[-5.682605, -8.198946, -11.378519, -5.0198593, -1.4685043, -4.037899, -2.987837]"
the cousin sold the salad to you .,a father bought a chicken for us .,PD,PD,SELL,BUY,THE,A,to,for,-32.2142219543457,"[-3.60359, -6.733519, -6.5734844, -1.02799, -3.9745018, -3.1668253, -5.6068583, -1.5274533]"
the cousin sold the salad to you .,a father bought us a chicken .,PD,DO,SELL,BUY,THE,A,to,for,-33.96217346191406,"[-3.60359, -6.733519, -6.5734844, -7.5615897, -1.0812413, -4.9289503, -3.479795]"
the cousin sold the tea to me .,a reader gave a beer to you .,PD,PD,SELL,GIVE,THE,A,to,to,-38.21973419189453,"[-3.567212, -6.9239607, -6.2823887, -3.2203305, -9.975979, -0.34065646, -7.203958, -0.70524734]"
the cousin sold the tea to me .,a reader gave you a beer .,PD,DO,SELL,GIVE,THE,A,to,to,-35.49073791503906,"[-3.567212, -6.9239607, -6.2823887, -6.703501, -1.2113742, -8.721951, -2.0803504]"
the cousin sold the telephone to you .,a woman bought a salad for me .,PD,PD,SELL,BUY,THE,A,to,for,-34.0407600402832,"[-3.5667856, -4.4591713, -7.431121, -0.59236985, -9.650131, -2.1318274, -4.7781773, -1.4311756]"
the cousin sold the telephone to you .,a woman bought me a salad .,PD,DO,SELL,BUY,THE,A,to,for,-32.105281829833984,"[-3.5667856, -4.4591713, -7.431121, -6.507968, -0.5352819, -8.075125, -1.5298281]"
the cousin sold us the salad .,an opponent fed a chicken to you .,DO,PD,SELL,FEED,THE,A,to,to,-40.32893371582031,"[-5.7067213, -8.200188, -11.090113, -2.4844906, -2.8216896, -2.4193206, -6.5313845, -1.0750272]"
the cousin sold us the salad .,an opponent fed you a chicken .,DO,DO,SELL,FEED,THE,A,to,to,-36.21672821044922,"[-5.7067213, -8.200188, -11.090113, -3.7093194, -1.7768118, -3.8452199, -1.8883538]"
the cousin sold you the salad .,a father bought a chicken for us .,DO,PD,SELL,BUY,THE,A,to,for,-34.4500732421875,"[-3.6296074, -6.7072964, -6.608199, -1.202827, -4.3009, -3.5617857, -6.8337536, -1.6057049]"
the cousin sold you the salad .,a father bought us a chicken .,DO,DO,SELL,BUY,THE,A,to,for,-32.1188850402832,"[-3.6296074, -6.7072964, -6.608199, -6.3020873, -1.3604974, -4.739384, -2.7718139]"
the cousin sold you the telephone .,a woman bought a salad for me .,DO,PD,SELL,BUY,THE,A,to,for,-35.404693603515625,"[-3.594557, -4.4557495, -7.2893376, -0.6620818, -10.309495, -2.6785305, -5.030939, -1.3840016]"
the cousin sold you the telephone .,a woman bought me a salad .,DO,DO,SELL,BUY,THE,A,to,for,-31.049213409423828,"[-3.594557, -4.4557495, -7.2893376, -4.6887236, -0.45846432, -9.2697935, -1.2925882]"
the cousin supplied him the beer .,a brother made a guitar for me .,DO,PD,SUPPLY,MAKE,THE,A,to,for,-36.106468200683594,"[-3.6471012, -8.209373, -5.8221855, -1.520617, -9.631365, -2.9904668, -3.532361, -0.752998]"
the cousin supplied him the beer .,a brother made me a guitar .,DO,DO,SUPPLY,MAKE,THE,A,to,for,-34.772056579589844,"[-3.6471012, -8.209373, -5.8221855, -4.5212216, -1.9198692, -9.86208, -0.7902277]"
the cousin supplied him the coat .,a hero got a tea for it .,DO,PD,SUPPLY,GET,THE,A,to,for,-44.33303451538086,"[-3.6743855, -8.711111, -7.1266093, -2.6748059, -10.733666, -3.8769424, -6.8313437, -0.70416874]"
the cousin supplied him the coat .,a hero got it a tea .,DO,DO,SUPPLY,GET,THE,A,to,for,-45.46523666381836,"[-3.6743855, -8.711111, -7.1266093, -4.99026, -6.532232, -12.892784, -1.5378544]"
the cousin supplied him the motor .,a lawyer sent a coffee to us .,DO,PD,SUPPLY,SEND,THE,A,to,to,-40.61485290527344,"[-3.6468992, -6.755341, -7.1972437, -1.8014958, -11.15557, -2.1424084, -6.310051, -1.6058433]"
the cousin supplied him the motor .,a lawyer sent us a coffee .,DO,DO,SUPPLY,SEND,THE,A,to,to,-36.902462005615234,"[-3.6468992, -6.755341, -7.1972437, -4.7751236, -1.5906997, -9.759739, -3.1774166]"
the cousin supplied me the beer .,a king caught a book for him .,DO,PD,SUPPLY,CATCH,THE,A,to,for,-41.9406623840332,"[-3.650332, -9.636871, -5.545673, -2.4425688, -9.167549, -4.690819, -5.8764515, -0.9303981]"
the cousin supplied me the beer .,a king caught him a book .,DO,DO,SUPPLY,CATCH,THE,A,to,for,-39.14421463012695,"[-3.650332, -9.636871, -5.545673, -5.487261, -6.0004687, -7.752466, -1.0711434]"
the cousin supplied me the computer .,a lady brought a pie to him .,DO,PD,SUPPLY,BRING,THE,A,to,to,-36.45389938354492,"[-3.622122, -8.323931, -6.538304, -2.3267977, -7.924053, -1.1112236, -5.787841, -0.8196275]"
the cousin supplied me the computer .,a lady brought him a pie .,DO,DO,SUPPLY,BRING,THE,A,to,to,-32.62804412841797,"[-3.622122, -8.323931, -6.538304, -5.0425267, -1.3417294, -7.0485325, -0.7108987]"
the cousin supplied me the motor .,an actor bought a coffee for you .,DO,PD,SUPPLY,BUY,THE,A,to,for,-43.0747184753418,"[-5.6244607, -6.755868, -7.5951667, -1.1348311, -8.523918, -4.538084, -7.926471, -0.97591877]"
the cousin supplied me the motor .,an actor bought you a coffee .,DO,DO,SUPPLY,BUY,THE,A,to,for,-39.26322555541992,"[-5.6244607, -6.755868, -7.5951667, -8.216625, -0.8751421, -8.239705, -1.956257]"
the cousin supplied me the salad .,a champion bought a beer for us .,DO,PD,SUPPLY,BUY,THE,A,to,for,-38.95282745361328,"[-3.6961384, -9.33779, -9.822569, -1.477728, -5.1483474, -2.2577262, -5.6380415, -1.5744884]"
the cousin supplied me the salad .,a champion bought us a beer .,DO,DO,SUPPLY,BUY,THE,A,to,for,-34.225608825683594,"[-3.6961384, -9.33779, -9.822569, -5.5188026, -1.2762486, -3.3420172, -1.2320453]"
the cousin supplied the beer to him .,a brother made a guitar for me .,PD,PD,SUPPLY,MAKE,THE,A,to,for,-36.024784088134766,"[-3.619947, -8.33485, -5.900268, -1.1493406, -8.673487, -2.5442383, -5.02379, -0.77886426]"
the cousin supplied the beer to him .,a brother made me a guitar .,PD,DO,SUPPLY,MAKE,THE,A,to,for,-34.810462951660156,"[-3.619947, -8.33485, -5.900268, -4.8850727, -2.1147795, -8.933505, -1.0220388]"
the cousin supplied the beer to me .,a king caught a book for him .,PD,PD,SUPPLY,CATCH,THE,A,to,for,-41.46354675292969,"[-3.6061642, -9.6215725, -5.413717, -2.3954968, -8.903512, -4.8378873, -5.559845, -1.1253506]"
the cousin supplied the beer to me .,a king caught him a book .,PD,DO,SUPPLY,CATCH,THE,A,to,for,-39.857093811035156,"[-3.6061642, -9.6215725, -5.413717, -5.8816094, -6.049966, -7.717258, -1.5668049]"
the cousin supplied the beer to them .,a sheriff sold a meal to you .,PD,PD,SUPPLY,SELL,THE,A,to,to,-43.684486389160156,"[-3.6048107, -8.313712, -11.064507, -2.1388803, -8.567238, -0.61278075, -7.6481895, -1.7343664]"
the cousin supplied the beer to them .,a sheriff sold you a meal .,PD,DO,SUPPLY,SELL,THE,A,to,to,-39.60451126098633,"[-3.6048107, -8.313712, -11.064507, -6.1635575, -1.0535662, -7.139293, -2.265066]"
the cousin supplied the beer to us .,a leader purchased a cheese for you .,PD,PD,SUPPLY,PURCHASE,THE,A,to,for,-43.59154510498047,"[-3.6151803, -8.423509, -9.912628, -1.364722, -8.804195, -3.7513123, -6.3850718, -1.334926]"
the cousin supplied the beer to us .,a leader purchased you a cheese .,PD,DO,SUPPLY,PURCHASE,THE,A,to,for,-43.40837097167969,"[-3.6151803, -8.423509, -9.912628, -9.442203, -0.80966365, -7.5470695, -3.658121]"
the cousin supplied the coat to him .,a hero got a tea for it .,PD,PD,SUPPLY,GET,THE,A,to,for,-44.14849090576172,"[-3.6459143, -8.749531, -7.3244433, -2.5971115, -10.541814, -3.9282954, -6.5298305, -0.83155024]"
the cousin supplied the coat to him .,a hero got it a tea .,PD,DO,SUPPLY,GET,THE,A,to,for,-46.71364212036133,"[-3.6459143, -8.749531, -7.3244433, -5.3441668, -6.6060047, -12.948032, -2.0955486]"
the cousin supplied the coat to us .,a scientist designed a box for her .,PD,PD,SUPPLY,DESIGN,THE,A,to,for,-37.67313003540039,"[-3.6334603, -7.6686177, -6.783285, -0.85959125, -7.402713, -2.895388, -4.1749206, -4.2551556]"
the cousin supplied the coat to us .,a scientist designed her a box .,PD,DO,SUPPLY,DESIGN,THE,A,to,for,-42.608238220214844,"[-3.6334603, -7.6686177, -6.783285, -6.1123495, -7.820142, -6.7598743, -3.83051]"
the cousin supplied the coat to us .,a pilot took a bag to him .,PD,PD,SUPPLY,TAKE,THE,A,to,to,-38.928367614746094,"[-3.6334603, -7.813167, -5.5899563, -2.2174392, -8.107682, -3.2572057, -5.920126, -2.3893309]"
the cousin supplied the coat to us .,a pilot took him a bag .,PD,DO,SUPPLY,TAKE,THE,A,to,to,-41.285213470458984,"[-3.6334603, -7.813167, -5.5899563, -4.6674933, -5.784373, -8.386355, -5.4104075]"
the cousin supplied the coffee to them .,a physician caught a bag for you .,PD,PD,SUPPLY,CATCH,THE,A,to,for,-46.25080871582031,"[-3.6206007, -8.743019, -8.155224, -4.2243724, -6.8879013, -5.2633133, -7.910631, -1.4457446]"
the cousin supplied the coffee to them .,a physician caught you a bag .,PD,DO,SUPPLY,CATCH,THE,A,to,for,-43.97897720336914,"[-3.6206007, -8.743019, -8.155224, -7.8328786, -6.747693, -5.3874865, -3.4920764]"
the cousin supplied the computer to me .,a lady brought a pie to him .,PD,PD,SUPPLY,BRING,THE,A,to,to,-34.117431640625,"[-3.577056, -8.459499, -6.5312257, -1.6250699, -7.1148777, -0.5454849, -5.6323824, -0.6318352]"
the cousin supplied the computer to me .,a lady brought him a pie .,PD,DO,SUPPLY,BRING,THE,A,to,to,-31.976045608520508,"[-3.577056, -8.459499, -6.5312257, -5.060892, -0.9607471, -6.437995, -0.9486307]"
the cousin supplied the instrument to you .,a father left a juice for them .,PD,PD,SUPPLY,LEAVE,THE,A,to,for,-48.91101837158203,"[-3.6145275, -6.8155575, -6.4165606, -2.175024, -12.32002, -5.8478184, -9.582777, -2.138731]"
the cousin supplied the instrument to you .,a father left them a juice .,PD,DO,SUPPLY,LEAVE,THE,A,to,for,-44.495365142822266,"[-3.6145275, -6.8155575, -6.4165606, -8.334569, -3.5089495, -11.466381, -4.33882]"
the cousin supplied the motor to him .,a lawyer sent a coffee to us .,PD,PD,SUPPLY,SEND,THE,A,to,to,-38.54689407348633,"[-3.6076636, -6.8225527, -7.141072, -1.3541782, -10.519452, -1.6565853, -6.1173573, -1.328034]"
the cousin supplied the motor to him .,a lawyer sent us a coffee .,PD,DO,SUPPLY,SEND,THE,A,to,to,-36.1303596496582,"[-3.6076636, -6.8225527, -7.141072, -5.0047846, -1.0061893, -9.056533, -3.4915652]"
the cousin supplied the motor to me .,an actor bought a coffee for you .,PD,PD,SUPPLY,BUY,THE,A,to,for,-41.76881790161133,"[-5.6442585, -6.73811, -7.873583, -0.8981266, -8.157595, -4.177948, -7.2637334, -1.0154648]"
the cousin supplied the motor to me .,an actor bought you a coffee .,PD,DO,SUPPLY,BUY,THE,A,to,for,-38.68483352661133,"[-5.6442585, -6.73811, -7.873583, -8.914709, -0.6052818, -6.9220552, -1.9868354]"
the cousin supplied the salad to me .,a champion bought a beer for us .,PD,PD,SUPPLY,BUY,THE,A,to,for,-37.228515625,"[-3.6727314, -9.364077, -9.694319, -1.1634912, -4.870448, -2.1502287, -4.8153257, -1.4978962]"
the cousin supplied the salad to me .,a champion bought us a beer .,PD,DO,SUPPLY,BUY,THE,A,to,for,-35.66205978393555,"[-3.6727314, -9.364077, -9.694319, -6.761895, -1.031127, -3.460325, -1.6775855]"
the cousin supplied them the beer .,a sheriff sold a meal to you .,DO,PD,SUPPLY,SELL,THE,A,to,to,-45.29853820800781,"[-3.6426966, -8.243779, -10.912289, -2.3553712, -9.049421, -1.0601592, -8.236969, -1.7978523]"
the cousin supplied them the beer .,a sheriff sold you a meal .,DO,DO,SUPPLY,SELL,THE,A,to,to,-38.43190002441406,"[-3.6426966, -8.243779, -10.912289, -5.961488, -1.1308099, -7.0122356, -1.5286016]"
the cousin supplied them the coffee .,a physician caught a bag for you .,DO,PD,SUPPLY,CATCH,THE,A,to,for,-45.89262390136719,"[-3.6503208, -8.790596, -8.163425, -4.4602532, -6.83469, -5.027088, -7.7246447, -1.2416074]"
the cousin supplied them the coffee .,a physician caught you a bag .,DO,DO,SUPPLY,CATCH,THE,A,to,for,-43.319374084472656,"[-3.6503208, -8.790596, -8.163425, -7.891989, -6.7249937, -5.288743, -2.8093038]"
the cousin supplied us the beer .,a leader purchased a cheese for you .,DO,PD,SUPPLY,PURCHASE,THE,A,to,for,-45.02839660644531,"[-3.654423, -8.340911, -10.092169, -1.336598, -9.301397, -4.0704765, -7.2015815, -1.0308414]"
the cousin supplied us the beer .,a leader purchased you a cheese .,DO,DO,SUPPLY,PURCHASE,THE,A,to,for,-42.078330993652344,"[-3.654423, -8.340911, -10.092169, -8.51618, -0.9690536, -8.369431, -2.1361613]"
the cousin supplied us the coat .,a scientist designed a box for her .,DO,PD,SUPPLY,DESIGN,THE,A,to,for,-37.58254623413086,"[-3.6800842, -7.5819654, -6.986786, -0.89719975, -7.3000174, -2.7996387, -3.9904768, -4.3463783]"
the cousin supplied us the coat .,a scientist designed her a box .,DO,DO,SUPPLY,DESIGN,THE,A,to,for,-41.71011734008789,"[-3.6800842, -7.5819654, -6.986786, -6.168619, -8.257967, -6.7013583, -2.3333378]"
the cousin supplied us the coat .,a pilot took a bag to him .,DO,PD,SUPPLY,TAKE,THE,A,to,to,-38.53407287597656,"[-3.6800842, -7.860235, -5.5778456, -2.4019294, -7.8957224, -3.831337, -5.5387464, -1.7481749]"
the cousin supplied us the coat .,a pilot took him a bag .,DO,DO,SUPPLY,TAKE,THE,A,to,to,-37.419578552246094,"[-3.6800842, -7.860235, -5.5778456, -4.1513953, -5.056297, -7.3444567, -3.749264]"
the cousin supplied you the instrument .,a father left a juice for them .,DO,PD,SUPPLY,LEAVE,THE,A,to,for,-48.698768615722656,"[-3.6304007, -6.872409, -6.4301095, -2.3103218, -12.39667, -5.603773, -9.576829, -1.8782566]"
the cousin supplied you the instrument .,a father left them a juice .,DO,DO,SUPPLY,LEAVE,THE,A,to,for,-43.46146774291992,"[-3.6304007, -6.872409, -6.4301095, -8.068361, -3.3875668, -11.299828, -3.7727919]"
the cousin threw her the coffee .,a band designed a key for us .,DO,PD,THROW,DESIGN,THE,A,to,for,-47.19957733154297,"[-3.6954393, -7.919919, -9.482083, -5.807614, -8.3546715, -2.3549628, -7.8759193, -1.7089676]"
the cousin threw her the coffee .,a band designed us a key .,DO,DO,THROW,DESIGN,THE,A,to,for,-47.123329162597656,"[-3.6954393, -7.919919, -9.482083, -11.534268, -4.6434946, -7.9359064, -1.9122204]"
the cousin threw her the juice .,an opponent drew a card for them .,DO,PD,THROW,DRAW,THE,A,to,for,-37.355560302734375,"[-5.6385694, -7.9662657, -7.286267, -1.3628274, -2.875551, -4.6760306, -6.838185, -0.7118653]"
the cousin threw her the juice .,an opponent drew them a card .,DO,DO,THROW,DRAW,THE,A,to,for,-32.395809173583984,"[-5.6385694, -7.9662657, -7.286267, -6.7020597, -1.8729548, -2.0189347, -0.9107572]"
the cousin threw her the salad .,a mother caught an engine for us .,DO,PD,THROW,CATCH,THE,A,to,for,-48.92462921142578,"[-3.7106965, -5.661788, -6.0446267, -5.19069, -8.933418, -6.971522, -10.834318, -1.5775692]"
the cousin threw her the salad .,a mother caught us an engine .,DO,DO,THROW,CATCH,THE,A,to,for,-45.47340393066406,"[-3.7106965, -5.661788, -6.0446267, -9.260866, -7.770997, -10.033543, -2.9908867]"
the cousin threw him the juice .,a guy designed a computer for you .,DO,PD,THROW,DESIGN,THE,A,to,for,-36.5897216796875,"[-3.7082534, -7.0984793, -10.485113, -0.9818479, -5.968367, -2.9624982, -4.5991917, -0.78597075]"
the cousin threw him the juice .,a guy designed you a computer .,DO,DO,THROW,DESIGN,THE,A,to,for,-37.26765441894531,"[-3.7082534, -7.0984793, -10.485113, -6.20648, -1.7040111, -6.6908665, -1.3744494]"
the cousin threw it the chocolate .,a nurse drew a bell for them .,DO,PD,THROW,DRAW,THE,A,to,for,-37.64932632446289,"[-3.6845455, -7.3334236, -7.2026863, -1.3636982, -8.142286, -3.9933167, -4.904864, -1.0245041]"
the cousin threw it the chocolate .,a nurse drew them a bell .,DO,DO,THROW,DRAW,THE,A,to,for,-36.062625885009766,"[-3.6845455, -7.3334236, -7.2026863, -6.5702343, -1.341471, -8.88256, -1.0477053]"
the cousin threw it the chocolate .,a partner gave a cigarette to you .,DO,PD,THROW,GIVE,THE,A,to,to,-36.1068229675293,"[-3.6845455, -9.217814, -5.2851677, -3.2436845, -7.0677166, -0.41604096, -6.523615, -0.66823816]"
the cousin threw it the chocolate .,a partner gave you a cigarette .,DO,DO,THROW,GIVE,THE,A,to,to,-30.875171661376953,"[-3.6845455, -9.217814, -5.2851677, -5.2604218, -0.92826855, -5.747051, -0.75190437]"
the cousin threw it the key .,a priest supplied a beer to you .,DO,PD,THROW,SUPPLY,THE,A,to,to,-43.355960845947266,"[-3.6178493, -8.119758, -11.892847, -2.3482938, -7.2021484, -0.8427675, -8.095542, -1.236754]"
the cousin threw it the key .,a priest supplied you a beer .,DO,DO,THROW,SUPPLY,THE,A,to,to,-41.785972595214844,"[-3.6178493, -8.119758, -11.892847, -6.8340335, -4.2881856, -5.5275106, -1.5057907]"
the cousin threw it the machine .,a guy showed a beer to you .,DO,PD,THROW,SHOW,THE,A,to,to,-40.43490982055664,"[-3.6476676, -7.244942, -6.610299, -4.863735, -7.6609383, -2.628357, -6.5704193, -1.208551]"
the cousin threw it the machine .,a guy showed you a beer .,DO,DO,THROW,SHOW,THE,A,to,to,-34.0380859375,"[-3.6476676, -7.244942, -6.610299, -5.983041, -1.6864594, -7.1895037, -1.6761708]"
the cousin threw me the box .,a colonel got a meal for you .,DO,PD,THROW,GET,THE,A,to,for,-44.23764419555664,"[-3.7035236, -10.606378, -6.829695, -2.3178225, -10.145835, -2.5939136, -6.872757, -1.167718]"
the cousin threw me the box .,a colonel got you a meal .,DO,DO,THROW,GET,THE,A,to,for,-38.977352142333984,"[-3.7035236, -10.606378, -6.829695, -7.0734577, -1.5333179, -8.048996, -1.1819842]"
the cousin threw the box to me .,a colonel got a meal for you .,PD,PD,THROW,GET,THE,A,to,for,-44.049957275390625,"[-3.5987444, -10.895201, -7.4121437, -2.0024412, -10.084, -2.5104136, -6.545003, -1.0020119]"
the cousin threw the box to me .,a colonel got you a meal .,PD,DO,THROW,GET,THE,A,to,for,-39.434913635253906,"[-3.5987444, -10.895201, -7.4121437, -7.7770977, -1.2820191, -7.2435856, -1.2261211]"
the cousin threw the chocolate to it .,a nurse drew a bell for them .,PD,PD,THROW,DRAW,THE,A,to,for,-37.67376708984375,"[-3.6483998, -7.269535, -7.278798, -1.1080816, -8.219894, -3.946312, -5.0888987, -1.1138501]"
the cousin threw the chocolate to it .,a nurse drew them a bell .,PD,DO,THROW,DRAW,THE,A,to,for,-37.988494873046875,"[-3.6483998, -7.269535, -7.278798, -7.3614388, -2.0486531, -9.0039215, -1.3777488]"
the cousin threw the chocolate to it .,a partner gave a cigarette to you .,PD,PD,THROW,GIVE,THE,A,to,to,-34.50861358642578,"[-3.6483998, -9.2963085, -5.2690763, -2.8445234, -6.103391, -0.1128117, -6.6350956, -0.59901017]"
the cousin threw the chocolate to it .,a partner gave you a cigarette .,PD,DO,THROW,GIVE,THE,A,to,to,-30.897563934326172,"[-3.6483998, -9.2963085, -5.2690763, -5.515958, -0.8527218, -5.380397, -0.9347031]"
the cousin threw the chocolate to us .,a woman kept a juice for you .,PD,PD,THROW,KEEP,THE,A,to,for,-43.8961067199707,"[-3.6566598, -4.070818, -8.56944, -2.3431356, -10.799536, -5.1102953, -7.5727105, -1.7735121]"
the cousin threw the chocolate to us .,a woman kept you a juice .,PD,DO,THROW,KEEP,THE,A,to,for,-42.23891830444336,"[-3.6566598, -4.070818, -8.56944, -7.327771, -5.473268, -9.810478, -3.3304849]"
the cousin threw the chocolate to you .,an uncle saved an anchor for us .,PD,PD,THROW,SAVE,THE,A,to,for,-42.32433319091797,"[-5.6382437, -7.7122707, -8.288148, -4.1741743, -9.022284, -2.8791876, -3.6815238, -0.9285042]"
the cousin threw the chocolate to you .,an uncle saved us an anchor .,PD,DO,THROW,SAVE,THE,A,to,for,-44.74808120727539,"[-5.6382437, -7.7122707, -8.288148, -5.7692947, -4.782963, -10.602662, -1.9544976]"
the cousin threw the coffee to her .,a band designed a key for us .,PD,PD,THROW,DESIGN,THE,A,to,for,-46.168182373046875,"[-3.6231108, -7.7709255, -9.39905, -5.598765, -8.207409, -2.1344264, -7.748999, -1.6854994]"
the cousin threw the coffee to her .,a band designed us a key .,PD,DO,THROW,DESIGN,THE,A,to,for,-47.6497688293457,"[-3.6231108, -7.7709255, -9.39905, -12.013782, -4.2957945, -7.996747, -2.5503592]"
the cousin threw the coffee to us .,a sheriff got a chicken for him .,PD,PD,THROW,GET,THE,A,to,for,-42.14503479003906,"[-3.638216, -8.269556, -7.3435297, -1.2600051, -10.8678255, -3.8499153, -5.5525484, -1.3634375]"
the cousin threw the coffee to us .,a sheriff got him a chicken .,PD,DO,THROW,GET,THE,A,to,for,-36.5993537902832,"[-3.638216, -8.269556, -7.3435297, -5.1706553, -1.7598684, -8.465263, -1.9522642]"
the cousin threw the coffee to us .,a secretary got a pie for him .,PD,PD,THROW,GET,THE,A,to,for,-41.87358856201172,"[-3.638216, -10.376944, -7.819483, -1.862315, -9.489351, -2.617105, -5.1305323, -0.9396448]"
the cousin threw the coffee to us .,a secretary got him a pie .,PD,DO,THROW,GET,THE,A,to,for,-36.99433135986328,"[-3.638216, -10.376944, -7.819483, -5.468316, -1.182534, -7.3813763, -1.1274625]"
the cousin threw the juice to her .,an opponent drew a card for them .,PD,PD,THROW,DRAW,THE,A,to,for,-36.45891189575195,"[-5.6555843, -7.9860215, -7.252865, -0.9305419, -2.8387377, -4.2199554, -6.7899027, -0.7853039]"
the cousin threw the juice to her .,an opponent drew them a card .,PD,DO,THROW,DRAW,THE,A,to,for,-32.76816940307617,"[-5.6555843, -7.9860215, -7.252865, -6.6894484, -2.2455378, -1.8076456, -1.1310674]"
the cousin threw the juice to him .,a guy designed a computer for you .,PD,PD,THROW,DESIGN,THE,A,to,for,-36.685726165771484,"[-3.6447215, -7.1471243, -10.608085, -0.85200995, -6.334712, -2.7400823, -4.548498, -0.81049395]"
the cousin threw the juice to him .,a guy designed you a computer .,PD,DO,THROW,DESIGN,THE,A,to,for,-38.69642639160156,"[-3.6447215, -7.1471243, -10.608085, -7.33716, -1.5854298, -6.8417473, -1.5321608]"
the cousin threw the key to it .,a priest supplied a beer to you .,PD,PD,THROW,SUPPLY,THE,A,to,to,-43.73933410644531,"[-3.6087055, -7.9991655, -12.06117, -2.3762093, -8.01171, -0.29857385, -8.203286, -1.180512]"
the cousin threw the key to it .,a priest supplied you a beer .,PD,DO,THROW,SUPPLY,THE,A,to,to,-42.926109313964844,"[-3.6087055, -7.9991655, -12.06117, -7.2706585, -4.4499545, -5.915615, -1.6208376]"
the cousin threw the key to them .,a colonel brought a tea to you .,PD,PD,THROW,BRING,THE,A,to,to,-41.505592346191406,"[-3.5975142, -10.792402, -7.768923, -1.8319016, -8.506051, -1.6069845, -6.424225, -0.97759116]"
the cousin threw the key to them .,a colonel brought you a tea .,PD,DO,THROW,BRING,THE,A,to,to,-38.92882537841797,"[-3.5975142, -10.792402, -7.768923, -5.4408712, -1.9062284, -7.835415, -1.58747]"
the cousin threw the key to you .,an author showed a cigarette to me .,PD,PD,THROW,SHOW,THE,A,to,to,-39.429866790771484,"[-5.6313357, -7.4571533, -8.970083, -1.9824055, -10.665497, -1.2851195, -2.289164, -1.1491096]"
the cousin threw the key to you .,an author showed me a cigarette .,PD,DO,THROW,SHOW,THE,A,to,to,-38.42363739013672,"[-5.6313357, -7.4571533, -8.970083, -2.1227217, -0.99055386, -11.330365, -1.9214247]"
the cousin threw the machine to it .,a guy showed a beer to you .,PD,PD,THROW,SHOW,THE,A,to,to,-37.28497314453125,"[-3.6187022, -7.182269, -6.8438187, -3.8606722, -7.362559, -1.2552211, -6.2042546, -0.957477]"
the cousin threw the machine to it .,a guy showed you a beer .,PD,DO,THROW,SHOW,THE,A,to,to,-33.6171875,"[-3.6187022, -7.182269, -6.8438187, -5.8756857, -1.2030697, -7.1327515, -1.7608899]"
the cousin threw the machine to us .,an actor promised a coffee to you .,PD,PD,THROW,PROMISE,THE,A,to,to,-44.91810607910156,"[-5.664383, -6.6902623, -10.760686, -2.3558145, -9.075216, -2.9164865, -5.9319468, -1.5233114]"
the cousin threw the machine to us .,an actor promised you a coffee .,PD,DO,THROW,PROMISE,THE,A,to,to,-39.9539909362793,"[-5.664383, -6.6902623, -10.760686, -5.546019, -1.5746269, -7.714608, -2.0034049]"
the cousin threw the salad to her .,a mother caught an engine for us .,PD,PD,THROW,CATCH,THE,A,to,for,-50.043704986572266,"[-3.6728506, -5.76697, -6.151533, -5.1577673, -9.194339, -6.9310436, -11.17113, -1.998071]"
the cousin threw the salad to her .,a mother caught us an engine .,PD,DO,THROW,CATCH,THE,A,to,for,-46.85650634765625,"[-3.6728506, -5.76697, -6.151533, -9.847057, -7.715418, -10.155492, -3.5471869]"
the cousin threw the salad to you .,a friend found a tea for him .,PD,PD,THROW,FIND,THE,A,to,for,-35.965980529785156,"[-3.6656878, -5.8175397, -5.898035, -1.2892903, -8.281279, -5.285629, -4.3270087, -1.4015094]"
the cousin threw the salad to you .,a friend found him a tea .,PD,DO,THROW,FIND,THE,A,to,for,-34.72418212890625,"[-3.6656878, -5.8175397, -5.898035, -3.7928896, -4.4972706, -8.651438, -2.4013221]"
the cousin threw them the key .,a colonel brought a tea to you .,DO,PD,THROW,BRING,THE,A,to,to,-41.09304428100586,"[-3.653335, -10.622474, -7.296758, -2.3406336, -7.554327, -1.7769028, -7.0497174, -0.7988961]"
the cousin threw them the key .,a colonel brought you a tea .,DO,DO,THROW,BRING,THE,A,to,to,-36.59103775024414,"[-3.653335, -10.622474, -7.296758, -5.087867, -2.0679836, -6.785489, -1.0771301]"
the cousin threw us the chocolate .,a woman kept a juice for you .,DO,PD,THROW,KEEP,THE,A,to,for,-45.662681579589844,"[-3.7176101, -4.0960217, -8.364319, -3.2145498, -11.463982, -5.7770596, -7.5090876, -1.5200502]"
the cousin threw us the chocolate .,a woman kept you a juice .,DO,DO,THROW,KEEP,THE,A,to,for,-41.19392395019531,"[-3.7176101, -4.0960217, -8.364319, -6.654787, -5.9698052, -10.213299, -2.1780834]"
the cousin threw us the coffee .,a sheriff got a chicken for him .,DO,PD,THROW,GET,THE,A,to,for,-40.868194580078125,"[-3.7188966, -8.176539, -6.815157, -1.6536539, -9.794266, -3.7633376, -5.887273, -1.0590701]"
the cousin threw us the coffee .,a sheriff got him a chicken .,DO,DO,THROW,GET,THE,A,to,for,-34.75658416748047,"[-3.7188966, -8.176539, -6.815157, -4.87381, -1.982238, -8.135723, -1.0542209]"
the cousin threw us the coffee .,a secretary got a pie for him .,DO,PD,THROW,GET,THE,A,to,for,-42.00489044189453,"[-3.7188966, -10.478583, -7.254722, -2.1352744, -9.12978, -2.5956068, -5.783147, -0.9088801]"
the cousin threw us the coffee .,a secretary got him a pie .,DO,DO,THROW,GET,THE,A,to,for,-37.0645866394043,"[-3.7188966, -10.478583, -7.254722, -5.646135, -1.4746734, -7.6898804, -0.8016952]"
the cousin threw us the machine .,an actor promised a coffee to you .,DO,PD,THROW,PROMISE,THE,A,to,to,-45.97773742675781,"[-5.687261, -6.604014, -10.483548, -2.3758798, -9.438369, -3.8719823, -5.842764, -1.6739186]"
the cousin threw us the machine .,an actor promised you a coffee .,DO,DO,THROW,PROMISE,THE,A,to,to,-39.205657958984375,"[-5.687261, -6.604014, -10.483548, -4.747562, -1.7240247, -8.223455, -1.735795]"
the cousin threw you the chocolate .,an uncle saved an anchor for us .,DO,PD,THROW,SAVE,THE,A,to,for,-42.715431213378906,"[-5.6567736, -7.655328, -7.9590373, -4.417619, -8.758813, -3.5260837, -3.7717626, -0.9700149]"
the cousin threw you the chocolate .,an uncle saved us an anchor .,DO,DO,THROW,SAVE,THE,A,to,for,-43.67596435546875,"[-5.6567736, -7.655328, -7.9590373, -5.1717086, -5.171299, -10.324934, -1.7368858]"
the cousin threw you the key .,an author showed a cigarette to me .,DO,PD,THROW,SHOW,THE,A,to,to,-40.35649871826172,"[-5.6309757, -7.4239836, -8.818531, -2.8096676, -10.747804, -1.8329831, -1.7957624, -1.2967919]"
the cousin threw you the key .,an author showed me a cigarette .,DO,DO,THROW,SHOW,THE,A,to,to,-37.40681076049805,"[-5.6309757, -7.4239836, -8.818531, -1.1814337, -1.1909882, -11.438636, -1.7222619]"
the cousin threw you the salad .,a friend found a tea for him .,DO,PD,THROW,FIND,THE,A,to,for,-37.092979431152344,"[-3.7098868, -5.6970973, -5.9188395, -1.6706598, -8.508373, -5.3725114, -4.872174, -1.3434385]"
the cousin threw you the salad .,a friend found him a tea .,DO,DO,THROW,FIND,THE,A,to,for,-34.651737213134766,"[-3.7098868, -5.6970973, -5.9188395, -3.86563, -4.525365, -9.502588, -1.4323301]"
the cousin took him the bowl .,a bishop bought a beer for you .,DO,PD,TAKE,BUY,THE,A,to,for,-40.59244155883789,"[-3.6430044, -9.072544, -9.624226, -1.547927, -5.934927, -2.3726957, -7.3351707, -1.0619466]"
the cousin took him the bowl .,a bishop bought you a beer .,DO,DO,TAKE,BUY,THE,A,to,for,-35.842201232910156,"[-3.6430044, -9.072544, -9.624226, -6.902364, -1.0770695, -4.3471093, -1.1758827]"
the cousin took it the ball .,a scientist kept a flower for us .,DO,PD,TAKE,KEEP,THE,A,to,for,-43.56121063232422,"[-3.5758615, -7.92257, -9.663017, -2.069308, -9.631384, -3.7403162, -5.7029686, -1.2557812]"
the cousin took it the ball .,a scientist kept us a flower .,DO,DO,TAKE,KEEP,THE,A,to,for,-46.19355392456055,"[-3.5758615, -7.92257, -9.663017, -6.6795435, -5.4883337, -11.479573, -1.3846539]"
the cousin took me the card .,a lady promised a tea to you .,DO,PD,TAKE,PROMISE,THE,A,to,to,-42.81980895996094,"[-3.6038747, -7.900063, -10.3263, -3.284881, -7.540513, -2.6396222, -6.318125, -1.2064288]"
the cousin took me the card .,a lady promised you a tea .,DO,DO,TAKE,PROMISE,THE,A,to,to,-37.971405029296875,"[-3.6038747, -7.900063, -10.3263, -5.630178, -1.9936959, -7.008465, -1.5088272]"
the cousin took me the television .,a woman sold a newspaper to you .,DO,PD,TAKE,SELL,THE,A,to,to,-37.836387634277344,"[-3.612317, -3.9918823, -9.325014, -1.7303383, -7.874201, -1.9057469, -7.832514, -1.5643737]"
the cousin took me the television .,a woman sold you a newspaper .,DO,DO,TAKE,SELL,THE,A,to,to,-34.59150695800781,"[-3.612317, -3.9918823, -9.325014, -7.8219757, -0.9586891, -7.6865354, -1.1950936]"
the cousin took the ball to it .,a scientist kept a flower for us .,PD,PD,TAKE,KEEP,THE,A,to,for,-42.988182067871094,"[-3.542708, -8.03508, -9.801114, -1.6861064, -9.372833, -3.881927, -5.575185, -1.0932298]"
the cousin took the ball to it .,a scientist kept us a flower .,PD,DO,TAKE,KEEP,THE,A,to,for,-47.63133239746094,"[-3.542708, -8.03508, -9.801114, -6.7944565, -5.6668153, -12.266893, -1.524265]"
the cousin took the ball to you .,a kid purchased a flower for it .,PD,PD,TAKE,PURCHASE,THE,A,to,for,-41.99135208129883,"[-3.5255723, -8.499411, -10.232325, -0.60240805, -8.429525, -2.7890518, -7.025423, -0.8876375]"
the cousin took the ball to you .,a kid purchased it a flower .,PD,DO,TAKE,PURCHASE,THE,A,to,for,-45.88921356201172,"[-3.5255723, -8.499411, -10.232325, -4.9760756, -5.2041717, -11.73168, -1.7199789]"
the cousin took the bowl to him .,a bishop bought a beer for you .,PD,PD,TAKE,BUY,THE,A,to,for,-39.286537170410156,"[-3.5863268, -9.202455, -9.826677, -1.1473767, -5.6745377, -2.2149577, -6.7416573, -0.89255]"
the cousin took the bowl to him .,a bishop bought you a beer .,PD,DO,TAKE,BUY,THE,A,to,for,-35.772281646728516,"[-3.5863268, -9.202455, -9.826677, -6.8086667, -0.8003913, -4.29107, -1.2566953]"
the cousin took the bowl to them .,a candidate threw a cigarette to you .,PD,PD,TAKE,THROW,THE,A,to,to,-37.92421340942383,"[-3.573309, -8.692038, -7.227133, -0.7029981, -6.3112698, -3.2053697, -7.126318, -1.0857781]"
the cousin took the bowl to them .,a candidate threw you a cigarette .,PD,DO,TAKE,THROW,THE,A,to,to,-40.55147171020508,"[-3.573309, -8.692038, -7.227133, -10.015627, -0.8402772, -8.617746, -1.5853436]"
the cousin took the card to me .,a lady promised a tea to you .,PD,PD,TAKE,PROMISE,THE,A,to,to,-40.903663635253906,"[-3.5454216, -8.087177, -10.380902, -2.9960904, -7.028136, -1.9285216, -5.9774127, -0.96000284]"
the cousin took the card to me .,a lady promised you a tea .,PD,DO,TAKE,PROMISE,THE,A,to,to,-37.88591003417969,"[-3.5454216, -8.087177, -10.380902, -5.6392407, -1.6508548, -6.829439, -1.7528772]"
the cousin took the card to them .,a woman made a key for me .,PD,PD,TAKE,MAKE,THE,A,to,for,-35.493186950683594,"[-3.5587816, -4.0380516, -7.358631, -0.8559624, -8.866453, -4.418268, -4.786149, -1.610889]"
the cousin took the card to them .,a woman made me a key .,PD,DO,TAKE,MAKE,THE,A,to,for,-33.664772033691406,"[-3.5587816, -4.0380516, -7.358631, -6.970609, -1.6287013, -8.284035, -1.8259605]"
the cousin took the card to you .,a candidate supplied a tea to them .,PD,PD,TAKE,SUPPLY,THE,A,to,to,-44.297821044921875,"[-3.5361984, -8.624516, -12.156134, -1.7371795, -8.672703, -2.049715, -6.614602, -0.9067746]"
the cousin took the card to you .,a candidate supplied them a tea .,PD,DO,TAKE,SUPPLY,THE,A,to,to,-43.264129638671875,"[-3.5361984, -8.624516, -12.156134, -6.7809944, -2.810564, -7.293599, -2.0621257]"
the cousin took the knife to you .,a winner got a bag for it .,PD,PD,TAKE,GET,THE,A,to,for,-40.2191162109375,"[-3.5600019, -10.55828, -7.4935226, -1.1061828, -6.8658075, -4.6922364, -5.255272, -0.68781275]"
the cousin took the knife to you .,a winner got it a bag .,PD,DO,TAKE,GET,THE,A,to,for,-43.612937927246094,"[-3.5600019, -10.55828, -7.4935226, -4.530286, -5.840542, -8.768748, -2.861559]"
the cousin took the knife to you .,a colonel made a computer for it .,PD,PD,TAKE,MAKE,THE,A,to,for,-40.391666412353516,"[-3.5600019, -11.18296, -6.323921, -0.9779462, -8.712187, -4.0993695, -4.967334, -0.5679476]"
the cousin took the knife to you .,a colonel made it a computer .,PD,DO,TAKE,MAKE,THE,A,to,for,-41.61449432373047,"[-3.5600019, -11.18296, -6.323921, -3.2197237, -3.0439556, -11.340276, -2.943657]"
the cousin took the television to me .,a woman sold a newspaper to you .,PD,PD,TAKE,SELL,THE,A,to,to,-35.18595886230469,"[-3.552047, -4.02069, -9.410874, -1.4572312, -7.529009, -0.85972977, -7.0923166, -1.2640637]"
the cousin took the television to me .,a woman sold you a newspaper .,PD,DO,TAKE,SELL,THE,A,to,to,-34.96672821044922,"[-3.552047, -4.02069, -9.410874, -8.190996, -0.7216361, -7.5773053, -1.4931751]"
the cousin took the television to us .,a prince supplied a tea to her .,PD,PD,TAKE,SUPPLY,THE,A,to,to,-39.18682098388672,"[-3.55309, -10.807882, -10.315494, -1.8184422, -6.6330953, -0.6459614, -4.36853, -1.0443283]"
the cousin took the television to us .,a prince supplied her a tea .,PD,DO,TAKE,SUPPLY,THE,A,to,to,-38.98651123046875,"[-3.55309, -10.807882, -10.315494, -5.10701, -2.6616342, -5.211393, -1.3300048]"
the cousin took them the bowl .,a candidate threw a cigarette to you .,DO,PD,TAKE,THROW,THE,A,to,to,-39.53197479248047,"[-3.6407511, -8.603134, -6.7877545, -0.8714508, -6.251546, -4.163936, -7.70018, -1.5132213]"
the cousin took them the bowl .,a candidate threw you a cigarette .,DO,DO,TAKE,THROW,THE,A,to,to,-38.20976257324219,"[-3.6407511, -8.603134, -6.7877545, -9.775597, -0.5218553, -7.6129456, -1.2677251]"
the cousin took them the card .,a woman made a key for me .,DO,PD,TAKE,MAKE,THE,A,to,for,-37.18109130859375,"[-3.6169004, -4.041746, -7.347287, -1.0972962, -8.495826, -6.2140274, -4.9431, -1.4249088]"
the cousin took them the card .,a woman made me a key .,DO,DO,TAKE,MAKE,THE,A,to,for,-32.47567367553711,"[-3.6169004, -4.041746, -7.347287, -6.219959, -1.5723, -8.272796, -1.4046845]"
the cousin took us the television .,a prince supplied a tea to her .,DO,PD,TAKE,SUPPLY,THE,A,to,to,-39.92643737792969,"[-3.6025043, -10.645523, -10.179646, -2.3181167, -6.4968085, -1.3455769, -3.7550557, -1.5832051]"
the cousin took us the television .,a prince supplied her a tea .,DO,DO,TAKE,SUPPLY,THE,A,to,to,-38.110740661621094,"[-3.6025043, -10.645523, -10.179646, -4.8215585, -2.2940192, -5.3473444, -1.2201468]"
the cousin took you the ball .,a kid purchased a flower for it .,DO,PD,TAKE,PURCHASE,THE,A,to,for,-41.679420471191406,"[-3.5618339, -8.299438, -10.013143, -0.741961, -8.150402, -2.9252279, -7.117951, -0.8694609]"
the cousin took you the ball .,a kid purchased it a flower .,DO,DO,TAKE,PURCHASE,THE,A,to,for,-44.352333068847656,"[-3.5618339, -8.299438, -10.013143, -4.8820004, -5.106349, -10.845912, -1.643654]"
the cousin took you the card .,a candidate supplied a tea to them .,DO,PD,TAKE,SUPPLY,THE,A,to,to,-45.55979919433594,"[-3.5750318, -8.625956, -11.886645, -1.8349699, -8.648352, -2.8079925, -7.2021074, -0.97874653]"
the cousin took you the card .,a candidate supplied them a tea .,DO,DO,TAKE,SUPPLY,THE,A,to,to,-42.175880432128906,"[-3.5750318, -8.625956, -11.886645, -6.5715156, -2.3653946, -7.4855366, -1.6658018]"
the cousin took you the knife .,a winner got a bag for it .,DO,PD,TAKE,GET,THE,A,to,for,-40.34669494628906,"[-3.603469, -10.324383, -7.5583506, -1.4356431, -7.026957, -4.743511, -4.8643765, -0.7900054]"
the cousin took you the knife .,a winner got it a bag .,DO,DO,TAKE,GET,THE,A,to,for,-42.45829391479492,"[-3.603469, -10.324383, -7.5583506, -4.192218, -5.9042244, -8.479045, -2.396602]"
the cousin took you the knife .,a colonel made a computer for it .,DO,PD,TAKE,MAKE,THE,A,to,for,-40.09078598022461,"[-3.603469, -10.909655, -6.222103, -1.1462309, -9.040707, -3.7938375, -4.6837244, -0.6910599]"
the cousin took you the knife .,a colonel made it a computer .,DO,DO,TAKE,MAKE,THE,A,to,for,-40.32221984863281,"[-3.603469, -10.909655, -6.222103, -2.961015, -3.3426938, -11.335077, -1.9482055]"
the daughter bought him the beer .,an employer got a meal for you .,DO,PD,BUY,GET,THE,A,for,for,-41.479888916015625,"[-5.637023, -7.5319376, -7.167246, -2.0070722, -9.276548, -2.814269, -5.987921, -1.0578706]"
the daughter bought him the beer .,an employer got you a meal .,DO,DO,BUY,GET,THE,A,for,for,-36.59527587890625,"[-5.637023, -7.5319376, -7.167246, -6.960121, -1.6057267, -6.3830776, -1.310143]"
the daughter bought the beer for him .,an employer got a meal for you .,PD,PD,BUY,GET,THE,A,for,for,-39.13048553466797,"[-5.6368513, -7.579464, -7.0409236, -1.755629, -8.906109, -1.7949687, -5.2412105, -1.1753283]"
the daughter bought the beer for him .,an employer got you a meal .,PD,DO,BUY,GET,THE,A,for,for,-37.53431701660156,"[-5.6368513, -7.579464, -7.0409236, -7.525521, -1.45506, -6.020252, -2.276248]"
the daughter bought the salad for us .,a student left a gun for me .,PD,PD,BUY,LEAVE,THE,A,for,for,-33.93565368652344,"[-3.6665711, -5.7338576, -6.875475, -1.3510523, -6.800066, -3.609375, -4.478481, -1.4207765]"
the daughter bought the salad for us .,a student left me a gun .,PD,DO,BUY,LEAVE,THE,A,for,for,-36.114166259765625,"[-3.6665711, -5.7338576, -6.875475, -6.13605, -1.4060634, -9.867364, -2.4287868]"
the daughter bought the salad for you .,an uncle saved an anchor for us .,PD,PD,BUY,SAVE,THE,A,for,for,-41.854862213134766,"[-5.680588, -7.973798, -8.539518, -4.587511, -8.171965, -2.0908005, -3.9723613, -0.8383223]"
the daughter bought the salad for you .,an uncle saved us an anchor .,PD,DO,BUY,SAVE,THE,A,for,for,-46.30293273925781,"[-5.680588, -7.973798, -8.539518, -5.6427116, -5.074294, -11.046766, -2.3452559]"
the daughter bought the tea for us .,a son showed a cheese to them .,PD,PD,BUY,SHOW,THE,A,for,to,-44.92550277709961,"[-3.6062548, -7.986918, -6.407612, -4.215866, -11.487551, -3.6939125, -6.6449404, -0.8824465]"
the daughter bought the tea for us .,a son showed them a cheese .,PD,DO,BUY,SHOW,THE,A,for,to,-39.326927185058594,"[-3.6062548, -7.986918, -6.407612, -4.9783792, -1.9361402, -9.613512, -4.798111]"
the daughter bought us the salad .,a student left a gun for me .,DO,PD,BUY,LEAVE,THE,A,for,for,-35.803733825683594,"[-3.6948326, -5.8098936, -6.81409, -1.6407839, -6.8293495, -4.8005204, -4.5302773, -1.6839883]"
the daughter bought us the salad .,a student left me a gun .,DO,DO,BUY,LEAVE,THE,A,for,for,-32.870018005371094,"[-3.6948326, -5.8098936, -6.81409, -3.8549314, -1.4997367, -9.864438, -1.3320949]"
the daughter bought us the tea .,a son showed a cheese to them .,DO,PD,BUY,SHOW,THE,A,for,to,-47.71617889404297,"[-3.6540947, -7.9606457, -6.2447586, -5.474759, -12.196747, -4.0869327, -7.2360563, -0.86218536]"
the daughter bought us the tea .,a son showed them a cheese .,DO,DO,BUY,SHOW,THE,A,for,to,-38.90461730957031,"[-3.6540947, -7.9606457, -6.2447586, -5.714349, -2.5287266, -9.978625, -2.8234198]"
the daughter bought you the salad .,an uncle saved an anchor for us .,DO,PD,BUY,SAVE,THE,A,for,for,-42.82731628417969,"[-5.703595, -8.065817, -8.318389, -5.409584, -8.313422, -3.0855205, -3.0435996, -0.8873896]"
the daughter bought you the salad .,an uncle saved us an anchor .,DO,DO,BUY,SAVE,THE,A,for,for,-45.42207336425781,"[-5.703595, -8.065817, -8.318389, -4.5424137, -5.768489, -11.300109, -1.7232635]"
the daughter brought her the chicken .,a parent kept a juice for him .,DO,PD,BRING,KEEP,THE,A,to,for,-47.43326950073242,"[-3.6003325, -7.7300334, -8.10791, -2.1646981, -12.877598, -5.238034, -6.4174514, -1.2972143]"
the daughter brought her the chicken .,a parent kept him a juice .,DO,DO,BRING,KEEP,THE,A,to,for,-41.27579116821289,"[-3.6003325, -7.7300334, -8.10791, -4.9055886, -4.675736, -9.717751, -2.5384388]"
the daughter brought him the salad .,a prince left a chicken for you .,DO,PD,BRING,LEAVE,THE,A,to,for,-40.83115005493164,"[-3.6685724, -10.48552, -5.9811563, -1.7308418, -7.4540815, -3.828271, -6.546593, -1.1361139]"
the daughter brought him the salad .,a prince left you a chicken .,DO,DO,BRING,LEAVE,THE,A,to,for,-37.08849334716797,"[-3.6685724, -10.48552, -5.9811563, -7.0782156, -1.642488, -6.739392, -1.49315]"
the daughter brought it the coffee .,a prince caught a log for them .,DO,PD,BRING,CATCH,THE,A,to,for,-45.773887634277344,"[-3.602199, -10.72473, -5.520371, -3.1469052, -10.63716, -4.017063, -7.230606, -0.8948513]"
the daughter brought it the coffee .,a prince caught them a log .,DO,DO,BRING,CATCH,THE,A,to,for,-43.239078521728516,"[-3.602199, -10.72473, -5.520371, -6.2324266, -5.9378695, -9.958847, -1.2626358]"
the daughter brought me the coffee .,a candidate supplied a tea to them .,DO,PD,BRING,SUPPLY,THE,A,to,to,-43.67481994628906,"[-3.6118054, -8.711414, -12.036355, -2.081995, -6.63704, -1.8781389, -7.6930933, -1.024976]"
the daughter brought me the coffee .,a candidate supplied them a tea .,DO,DO,BRING,SUPPLY,THE,A,to,to,-40.35655212402344,"[-3.6118054, -8.711414, -12.036355, -6.5796194, -3.3607388, -5.329729, -0.7268913]"
the daughter brought me the salad .,a chief delivered a meal for you .,DO,PD,BRING,DELIVER,THE,A,to,for,-44.5561637878418,"[-3.6641746, -9.11359, -11.976913, -1.007871, -7.1224847, -2.3043067, -7.6886125, -1.6782098]"
the daughter brought me the salad .,a chief delivered you a meal .,DO,DO,BRING,DELIVER,THE,A,to,for,-39.76958465576172,"[-3.6641746, -9.11359, -11.976913, -7.636602, -1.2506763, -4.9786673, -1.1489582]"
the daughter brought the chicken to her .,a parent kept a juice for him .,PD,PD,BRING,KEEP,THE,A,to,for,-45.47840118408203,"[-3.5659573, -7.9153166, -8.24543, -1.6723031, -12.364625, -4.7354164, -5.7574024, -1.2219533]"
the daughter brought the chicken to her .,a parent kept him a juice .,PD,DO,BRING,KEEP,THE,A,to,for,-42.133934020996094,"[-3.5659573, -7.9153166, -8.24543, -5.1185465, -4.7885447, -9.544373, -2.9557655]"
the daughter brought the chicken to you .,an adult found a salad for him .,PD,PD,BRING,FIND,THE,A,to,for,-42.006507873535156,"[-5.6747637, -5.812329, -6.8559995, -1.7380234, -10.497368, -3.9556017, -5.729073, -1.7433517]"
the daughter brought the chicken to you .,an adult found him a salad .,PD,DO,BRING,FIND,THE,A,to,for,-39.795509338378906,"[-5.6747637, -5.812329, -6.8559995, -6.6605678, -4.925078, -8.331387, -1.5353837]"
the daughter brought the chicken to you .,a minister purchased an anchor for us .,PD,PD,BRING,PURCHASE,THE,A,to,for,-48.66205978393555,"[-3.5432742, -9.363008, -12.039476, -3.1846676, -8.7261, -2.0227573, -7.928812, -1.8539646]"
the daughter brought the chicken to you .,a minister purchased us an anchor .,PD,DO,BRING,PURCHASE,THE,A,to,for,-49.590084075927734,"[-3.5432742, -9.363008, -12.039476, -9.5816345, -3.5138397, -9.154047, -2.3948035]"
the daughter brought the chicken to you .,a lawyer fed a meal to him .,PD,PD,BRING,FEED,THE,A,to,to,-39.907745361328125,"[-3.5432742, -7.036433, -12.170429, -1.5719221, -8.467491, -0.20787707, -5.6051707, -1.3051444]"
the daughter brought the chicken to you .,a lawyer fed him a meal .,PD,DO,BRING,FEED,THE,A,to,to,-35.75520324707031,"[-3.5432742, -7.036433, -12.170429, -5.372161, -0.935922, -5.2894545, -1.4075307]"
the daughter brought the coffee to it .,a prince caught a log for them .,PD,PD,BRING,CATCH,THE,A,to,for,-45.171485900878906,"[-3.5654078, -10.79217, -5.833902, -2.7236946, -10.370377, -4.111879, -6.8889804, -0.88507754]"
the daughter brought the coffee to it .,a prince caught them a log .,PD,DO,BRING,CATCH,THE,A,to,for,-44.009239196777344,"[-3.5654078, -10.79217, -5.833902, -5.8149586, -5.9756517, -10.359924, -1.6672236]"
the daughter brought the coffee to me .,a candidate supplied a tea to them .,PD,PD,BRING,SUPPLY,THE,A,to,to,-39.939083099365234,"[-3.5490086, -8.63765, -12.3274355, -1.6881253, -5.8158703, -0.65762895, -6.7362266, -0.5271391]"
the daughter brought the coffee to me .,a candidate supplied them a tea .,PD,DO,BRING,SUPPLY,THE,A,to,to,-40.95427703857422,"[-3.5490086, -8.63765, -12.3274355, -6.9397388, -3.1337404, -5.323676, -1.0430309]"
the daughter brought the cup to us .,a nurse fed a candy to her .,PD,PD,BRING,FEED,THE,A,to,to,-41.830718994140625,"[-3.5572696, -7.29183, -9.857166, -1.2541826, -8.725976, -0.9458589, -2.3205175, -7.8779173]"
the daughter brought the cup to us .,a nurse fed her a candy .,PD,DO,BRING,FEED,THE,A,to,to,-35.642250061035156,"[-3.5572696, -7.29183, -9.857166, -3.162525, -2.1578233, -6.2549543, -3.3606844]"
the daughter brought the salad to him .,a prince left a chicken for you .,PD,PD,BRING,LEAVE,THE,A,to,for,-40.8180046081543,"[-3.618195, -10.516573, -6.0709248, -1.4245816, -7.2944684, -3.9114428, -6.810329, -1.1714906]"
the daughter brought the salad to him .,a prince left you a chicken .,PD,DO,BRING,LEAVE,THE,A,to,for,-38.56739044189453,"[-3.618195, -10.516573, -6.0709248, -7.679469, -1.5679518, -7.3383856, -1.7758907]"
the daughter brought the salad to me .,a chief delivered a meal for you .,PD,PD,BRING,DELIVER,THE,A,to,for,-44.78607940673828,"[-3.6003056, -9.090861, -11.997616, -0.9688258, -6.8377905, -3.0767624, -7.6485753, -1.5653418]"
the daughter brought the salad to me .,a chief delivered you a meal .,PD,DO,BRING,DELIVER,THE,A,to,for,-41.71275329589844,"[-3.6003056, -9.090861, -11.997616, -9.108875, -1.0463678, -5.250545, -1.6181827]"
the daughter brought the salad to us .,a woman made a key for me .,PD,PD,BRING,MAKE,THE,A,to,for,-35.26638412475586,"[-3.5941362, -3.6881924, -7.0323796, -0.9290252, -8.938726, -3.9706602, -5.598817, -1.5144469]"
the daughter brought the salad to us .,a woman made me a key .,PD,DO,BRING,MAKE,THE,A,to,for,-34.687461853027344,"[-3.5941362, -3.6881924, -7.0323796, -6.879684, -2.0305526, -9.507881, -1.9546365]"
the daughter brought us the cup .,a nurse fed a candy to her .,DO,PD,BRING,FEED,THE,A,to,to,-42.22899627685547,"[-3.611037, -7.282481, -9.618517, -1.7400866, -8.616251, -2.2945013, -1.9124395, -7.1536846]"
the daughter brought us the cup .,a nurse fed her a candy .,DO,DO,BRING,FEED,THE,A,to,to,-35.580440521240234,"[-3.611037, -7.282481, -9.618517, -2.9859047, -2.7546744, -6.628196, -2.6996295]"
the daughter brought us the salad .,a woman made a key for me .,DO,PD,BRING,MAKE,THE,A,to,for,-34.215457916259766,"[-3.6443064, -3.6619384, -7.024472, -1.0188223, -8.901867, -4.2608085, -4.0991755, -1.6040651]"
the daughter brought us the salad .,a woman made me a key .,DO,DO,BRING,MAKE,THE,A,to,for,-32.8544921875,"[-3.6443064, -3.6619384, -7.024472, -5.4414907, -1.8182881, -9.628979, -1.63502]"
the daughter brought you the chicken .,an adult found a salad for him .,DO,PD,BRING,FIND,THE,A,to,for,-42.5184326171875,"[-5.6869497, -5.857425, -6.7772818, -2.1181188, -10.906748, -3.7160833, -5.671292, -1.7845329]"
the daughter brought you the chicken .,an adult found him a salad .,DO,DO,BRING,FIND,THE,A,to,for,-39.49258804321289,"[-5.6869497, -5.857425, -6.7772818, -6.58633, -4.7970505, -8.699175, -1.0883768]"
the daughter brought you the chicken .,a minister purchased an anchor for us .,DO,PD,BRING,PURCHASE,THE,A,to,for,-48.08903503417969,"[-3.5469751, -9.3482685, -11.967897, -2.9927473, -8.604746, -2.0790484, -7.6210494, -1.9283047]"
the daughter brought you the chicken .,a minister purchased us an anchor .,DO,DO,BRING,PURCHASE,THE,A,to,for,-47.95365524291992,"[-3.5469751, -9.3482685, -11.967897, -8.875176, -3.6115315, -8.867796, -1.7360106]"
the daughter brought you the chicken .,a lawyer fed a meal to him .,DO,PD,BRING,FEED,THE,A,to,to,-42.17251968383789,"[-3.5469751, -7.0062437, -11.892169, -1.9545981, -8.888396, -0.4497177, -6.63717, -1.7972488]"
the daughter brought you the chicken .,a lawyer fed him a meal .,DO,DO,BRING,FEED,THE,A,to,to,-35.92565155029297,"[-3.5469751, -7.0062437, -11.892169, -5.3704286, -1.1797936, -5.7631445, -1.1668972]"
the daughter caught her the pot .,a candidate designed a coat for them .,DO,PD,CATCH,DESIGN,THE,A,for,for,-43.52472686767578,"[-3.5669339, -8.617719, -10.484956, -1.5858146, -8.759176, -1.8678722, -7.383922, -1.2583339]"
the daughter caught her the pot .,a candidate designed them a coat .,DO,DO,CATCH,DESIGN,THE,A,for,for,-45.33821105957031,"[-3.5669339, -8.617719, -10.484956, -7.524417, -5.0109673, -7.9804287, -2.1527905]"
the daughter caught him the key .,a reader gave a beer to you .,DO,PD,CATCH,GIVE,THE,A,for,to,-40.461891174316406,"[-3.6019747, -7.5964537, -6.0856576, -3.6951227, -10.238934, -1.5006156, -6.5872183, -1.1559119]"
the daughter caught him the key .,a reader gave you a beer .,DO,DO,CATCH,GIVE,THE,A,for,to,-36.97916793823242,"[-3.6019747, -7.5964537, -6.0856576, -6.806924, -1.1573104, -9.406432, -2.3244169]"
the daughter caught him the machine .,an adult supplied a coffee to you .,DO,PD,CATCH,SUPPLY,THE,A,for,to,-46.05205535888672,"[-5.672434, -6.1892834, -13.362796, -2.3892365, -7.3184905, -2.5261073, -7.572921, -1.0207863]"
the daughter caught him the machine .,an adult supplied you a coffee .,DO,DO,CATCH,SUPPLY,THE,A,for,to,-42.42491149902344,"[-5.672434, -6.1892834, -13.362796, -5.873411, -4.0976925, -5.4977083, -1.731584]"
the daughter caught him the pot .,a mayor bought a jacket for her .,DO,PD,CATCH,BUY,THE,A,for,for,-42.69140625,"[-3.606678, -10.119541, -10.128743, -0.91811144, -9.00728, -2.5207043, -1.9865785, -4.403766]"
the daughter caught him the pot .,a mayor bought her a jacket .,DO,DO,CATCH,BUY,THE,A,for,for,-38.31324768066406,"[-3.606678, -10.119541, -10.128743, -2.7420897, -1.9482821, -7.903064, -1.8648474]"
the daughter caught the key for him .,a reader gave a beer to you .,PD,PD,CATCH,GIVE,THE,A,for,to,-39.971534729003906,"[-3.6079247, -7.543483, -6.0943446, -3.4844713, -10.276594, -1.4392835, -6.2959957, -1.2294412]"
the daughter caught the key for him .,a reader gave you a beer .,PD,DO,CATCH,GIVE,THE,A,for,to,-37.1930046081543,"[-3.6079247, -7.543483, -6.0943446, -6.6920786, -1.1824559, -9.281132, -2.7915864]"
the daughter caught the key for us .,a friend sent a coffee to me .,PD,PD,CATCH,SEND,THE,A,for,to,-33.224700927734375,"[-3.583859, -6.0950336, -4.242721, -3.491958, -10.563878, -2.7655334, -1.1761677, -1.305552]"
the daughter caught the key for us .,a friend sent me a coffee .,PD,DO,CATCH,SEND,THE,A,for,to,-28.62960433959961,"[-3.583859, -6.0950336, -4.242721, -0.4567024, -1.2205096, -8.854659, -4.1761203]"
the daughter caught the machine for him .,an adult supplied a coffee to you .,PD,PD,CATCH,SUPPLY,THE,A,for,to,-46.725135803222656,"[-5.6961675, -6.1895976, -13.433861, -2.5122657, -7.3163824, -2.6613834, -7.797413, -1.1180654]"
the daughter caught the machine for him .,an adult supplied you a coffee .,PD,DO,CATCH,SUPPLY,THE,A,for,to,-44.11051559448242,"[-5.6961675, -6.1895976, -13.433861, -6.3035445, -4.6180916, -5.589565, -2.2796881]"
the daughter caught the machine for them .,a soldier left a bell for it .,PD,PD,CATCH,LEAVE,THE,A,for,for,-42.45732879638672,"[-3.5810106, -7.127284, -7.1899953, -1.9008249, -11.850622, -1.9971457, -7.567256, -1.2431887]"
the daughter caught the machine for them .,a soldier left it a bell .,PD,DO,CATCH,LEAVE,THE,A,for,for,-43.97187042236328,"[-3.5810106, -7.127284, -7.1899953, -5.4485545, -5.7419896, -12.2872925, -2.5957456]"
the daughter caught the machine for them .,an actor supplied a chocolate to it .,PD,PD,CATCH,SUPPLY,THE,A,for,to,-49.18742370605469,"[-5.708622, -6.657179, -10.823551, -2.7036386, -10.003934, -4.9628468, -7.4405346, -0.8871203]"
the daughter caught the machine for them .,an actor supplied it a chocolate .,PD,DO,CATCH,SUPPLY,THE,A,for,to,-50.49603271484375,"[-5.708622, -6.657179, -10.823551, -6.0565915, -7.2687607, -8.984193, -4.9971333]"
the daughter caught the machine for us .,a priest supplied a beer to you .,PD,PD,CATCH,SUPPLY,THE,A,for,to,-44.40507507324219,"[-3.584917, -8.213816, -11.7518215, -2.31839, -8.468679, -0.8422538, -7.9365687, -1.2886286]"
the daughter caught the machine for us .,a priest supplied you a beer .,PD,DO,CATCH,SUPPLY,THE,A,for,to,-44.30332565307617,"[-3.584917, -8.213816, -11.7518215, -6.8545017, -5.1309705, -6.533969, -2.2333293]"
the daughter caught the machine for you .,a teacher kept a tea for it .,PD,PD,CATCH,KEEP,THE,A,for,for,-44.841552734375,"[-3.5783648, -7.2124805, -8.439872, -2.1436477, -9.956454, -4.6573024, -7.971677, -0.8817564]"
the daughter caught the machine for you .,a teacher kept it a tea .,PD,DO,CATCH,KEEP,THE,A,for,for,-44.88856506347656,"[-3.5783648, -7.2124805, -8.439872, -5.1329284, -2.6057384, -13.786604, -4.1325765]"
the daughter caught the pot for her .,a candidate designed a coat for them .,PD,PD,CATCH,DESIGN,THE,A,for,for,-42.97747039794922,"[-3.562386, -8.6310425, -10.537055, -2.0797405, -8.981016, -1.388265, -6.63807, -1.1598966]"
the daughter caught the pot for her .,a candidate designed them a coat .,PD,DO,CATCH,DESIGN,THE,A,for,for,-47.380226135253906,"[-3.562386, -8.6310425, -10.537055, -7.582735, -5.8841224, -8.659414, -2.5234716]"
the daughter caught the pot for him .,a mayor bought a jacket for her .,PD,PD,CATCH,BUY,THE,A,for,for,-40.568817138671875,"[-3.5816324, -10.084, -10.277422, -0.81046355, -8.985572, -1.6258514, -1.8279637, -3.3759146]"
the daughter caught the pot for him .,a mayor bought her a jacket .,PD,DO,CATCH,BUY,THE,A,for,for,-39.61684799194336,"[-3.5816324, -10.084, -10.277422, -3.1677823, -2.4755864, -7.775161, -2.2552645]"
the daughter caught them the machine .,a soldier left a bell for it .,DO,PD,CATCH,LEAVE,THE,A,for,for,-43.28347396850586,"[-3.6229393, -7.0831003, -7.3260617, -1.8494422, -11.870554, -2.7365904, -7.280511, -1.5142765]"
the daughter caught them the machine .,a soldier left it a bell .,DO,DO,CATCH,LEAVE,THE,A,for,for,-41.85898208618164,"[-3.6229393, -7.0831003, -7.3260617, -5.0323753, -4.958235, -11.722509, -2.1137614]"
the daughter caught them the machine .,an actor supplied a chocolate to it .,DO,PD,CATCH,SUPPLY,THE,A,for,to,-49.010520935058594,"[-5.6782227, -6.6977367, -10.732874, -2.7107449, -10.252947, -4.7612257, -7.437559, -0.7392137]"
the daughter caught them the machine .,an actor supplied it a chocolate .,DO,DO,CATCH,SUPPLY,THE,A,for,to,-48.05104064941406,"[-5.6782227, -6.6977367, -10.732874, -5.7668724, -6.5112453, -8.657165, -4.0069265]"
the daughter caught us the key .,a friend sent a coffee to me .,DO,PD,CATCH,SEND,THE,A,for,to,-33.056640625,"[-3.5982049, -5.975385, -4.299918, -3.892806, -10.500132, -2.4470038, -1.0007398, -1.3424519]"
the daughter caught us the key .,a friend sent me a coffee .,DO,DO,CATCH,SEND,THE,A,for,to,-27.222686767578125,"[-3.5982049, -5.975385, -4.299918, -0.32514775, -1.2511111, -8.914478, -2.8584425]"
the daughter caught us the machine .,a priest supplied a beer to you .,DO,PD,CATCH,SUPPLY,THE,A,for,to,-43.91166687011719,"[-3.5935907, -8.166533, -11.777094, -2.2981985, -8.298997, -0.6321427, -7.8643847, -1.2807235]"
the daughter caught us the machine .,a priest supplied you a beer .,DO,DO,CATCH,SUPPLY,THE,A,for,to,-41.42620086669922,"[-3.5935907, -8.166533, -11.777094, -6.5021925, -3.9765973, -5.8897038, -1.5204911]"
the daughter caught you the machine .,a teacher kept a tea for it .,DO,PD,CATCH,KEEP,THE,A,for,for,-45.86963653564453,"[-3.5724864, -7.2639847, -8.371469, -2.3307505, -9.744287, -5.356243, -8.100409, -1.1300062]"
the daughter caught you the machine .,a teacher kept it a tea .,DO,DO,CATCH,KEEP,THE,A,for,for,-44.145599365234375,"[-3.5724864, -7.2639847, -8.371469, -5.444373, -1.798468, -14.551622, -3.1431959]"
the daughter delivered me the knife .,an aunt brought a jacket to him .,DO,PD,DELIVER,BRING,THE,A,for,to,-38.50141906738281,"[-5.671546, -7.347582, -5.4430075, -3.6665053, -9.038847, -1.1360469, -5.223016, -0.97486967]"
the daughter delivered me the knife .,an aunt brought him a jacket .,DO,DO,DELIVER,BRING,THE,A,for,to,-34.24057388305664,"[-5.671546, -7.347582, -5.4430075, -4.4170833, -1.8079333, -8.57181, -0.98161364]"
the daughter delivered the bottle for you .,a cop kept a coffee for us .,PD,PD,DELIVER,KEEP,THE,A,for,for,-41.17669677734375,"[-3.5827363, -8.2735615, -7.875957, -2.0206223, -9.646757, -4.8628197, -3.6850944, -1.2291487]"
the daughter delivered the bottle for you .,a cop kept us a coffee .,PD,DO,DELIVER,KEEP,THE,A,for,for,-42.745140075683594,"[-3.5827363, -8.2735615, -7.875957, -5.0854673, -6.072425, -8.750253, -3.10474]"
the daughter delivered the bottle for you .,a minister purchased an anchor for us .,PD,PD,DELIVER,PURCHASE,THE,A,for,for,-46.145896911621094,"[-3.5827363, -9.230684, -11.731062, -3.148086, -8.697709, -1.599007, -6.3309603, -1.8256495]"
the daughter delivered the bottle for you .,a minister purchased us an anchor .,PD,DO,DELIVER,PURCHASE,THE,A,for,for,-49.791419982910156,"[-3.5827363, -9.230684, -11.731062, -9.389675, -3.5450797, -8.9737, -3.3384824]"
the daughter delivered the knife for me .,an aunt brought a jacket to him .,PD,PD,DELIVER,BRING,THE,A,for,to,-38.58765411376953,"[-5.648106, -7.582299, -5.6092024, -2.1893926, -8.75298, -1.7142792, -5.9236755, -1.167718]"
the daughter delivered the knife for me .,an aunt brought him a jacket .,PD,DO,DELIVER,BRING,THE,A,for,to,-34.012847900390625,"[-5.648106, -7.582299, -5.6092024, -4.0351844, -1.3135804, -8.208898, -1.6155782]"
the daughter delivered the knife for you .,a mother saved a candy for me .,PD,PD,DELIVER,SAVE,THE,A,for,for,-38.876060485839844,"[-3.6200774, -5.8181233, -7.9980392, -1.5406927, -11.02239, -3.8783097, -4.064465, -0.93396235]"
the daughter delivered the knife for you .,a mother saved me a candy .,PD,DO,DELIVER,SAVE,THE,A,for,for,-39.65224075317383,"[-3.6200774, -5.8181233, -7.9980392, -6.774488, -2.744959, -9.2700815, -3.4264727]"
the daughter delivered the tea for us .,a chief sold a cheese to you .,PD,PD,DELIVER,SELL,THE,A,for,to,-49.72640609741211,"[-3.6011987, -9.033493, -13.06129, -3.0791912, -8.545811, -4.0825663, -6.8319135, -1.4909446]"
the daughter delivered the tea for us .,a chief sold you a cheese .,PD,DO,DELIVER,SELL,THE,A,for,to,-44.60174560546875,"[-3.6011987, -9.033493, -13.06129, -6.429161, -1.1712768, -7.657894, -3.6474297]"
the daughter delivered us the tea .,a chief sold a cheese to you .,DO,PD,DELIVER,SELL,THE,A,for,to,-48.65272521972656,"[-3.6435223, -8.99379, -13.264637, -3.1861286, -8.96036, -2.1054168, -7.215122, -1.2837481]"
the daughter delivered us the tea .,a chief sold you a cheese .,DO,DO,DELIVER,SELL,THE,A,for,to,-41.8642578125,"[-3.6435223, -8.99379, -13.264637, -5.3270273, -1.2408966, -7.6544857, -1.7398967]"
the daughter delivered you the bottle .,a cop kept a coffee for us .,DO,PD,DELIVER,KEEP,THE,A,for,for,-42.94276809692383,"[-3.6147604, -8.14008, -7.8681717, -2.482734, -9.725426, -5.661676, -4.2776556, -1.1722625]"
the daughter delivered you the bottle .,a cop kept us a coffee .,DO,DO,DELIVER,KEEP,THE,A,for,for,-40.65932846069336,"[-3.6147604, -8.14008, -7.8681717, -4.3134775, -6.2245426, -8.276312, -2.2219837]"
the daughter delivered you the bottle .,a minister purchased an anchor for us .,DO,PD,DELIVER,PURCHASE,THE,A,for,for,-46.73270797729492,"[-3.6147604, -9.211025, -11.772821, -3.0946908, -8.43152, -2.2502105, -6.4582396, -1.89944]"
the daughter delivered you the bottle .,a minister purchased us an anchor .,DO,DO,DELIVER,PURCHASE,THE,A,for,for,-46.54533767700195,"[-3.6147604, -9.211025, -11.772821, -7.5566335, -3.550085, -8.608487, -2.2315278]"
the daughter delivered you the knife .,a mother saved a candy for me .,DO,PD,DELIVER,SAVE,THE,A,for,for,-42.36634063720703,"[-3.6253977, -5.7674356, -7.894702, -1.7733016, -11.8977785, -5.6395965, -4.863815, -0.90431577]"
the daughter delivered you the knife .,a mother saved me a candy .,DO,DO,DELIVER,SAVE,THE,A,for,for,-38.025634765625,"[-3.6253977, -5.7674356, -7.894702, -5.704848, -2.7131624, -9.536674, -2.7834127]"
the daughter drew her the machine .,a guest saved a camera for me .,DO,PD,DRAW,SAVE,THE,A,for,for,-42.740787506103516,"[-3.6288664, -7.8488684, -14.044996, -6.878109, -5.249802, -2.7352984, -1.4993682, -0.85547656]"
the daughter drew her the machine .,a guest saved me a camera .,DO,DO,DRAW,SAVE,THE,A,for,for,-41.24838638305664,"[-3.6288664, -7.8488684, -14.044996, -3.338728, -2.078694, -8.899757, -1.4084737]"
the daughter drew the crystal for us .,a minister bought a machine for you .,PD,PD,DRAW,BUY,THE,A,for,for,-37.349159240722656,"[-3.63807, -9.1942005, -9.217349, -1.1945535, -7.3206835, -1.4607459, -4.332189, -0.9913674]"
the daughter drew the crystal for us .,a minister bought you a machine .,PD,DO,DRAW,BUY,THE,A,for,for,-40.79035186767578,"[-3.63807, -9.1942005, -9.217349, -6.8008842, -0.8284562, -8.059797, -3.0515938]"
the daughter drew the iron for you .,a singer made a motor for him .,PD,PD,DRAW,MAKE,THE,A,for,for,-42.145572662353516,"[-3.5865777, -9.95167, -5.90264, -1.4797106, -11.128542, -4.4993725, -4.2337847, -1.3632776]"
the daughter drew the iron for you .,a singer made him a motor .,PD,DO,DRAW,MAKE,THE,A,for,for,-42.032020568847656,"[-3.5865777, -9.95167, -5.90264, -5.533596, -2.0313308, -10.953794, -4.0724115]"
the daughter drew the iron for you .,a friend sent a coffee to me .,PD,PD,DRAW,SEND,THE,A,for,to,-31.53073501586914,"[-3.5865777, -5.9143343, -4.2789135, -3.658599, -9.755106, -2.0425994, -0.8691529, -1.4254522]"
the daughter drew the iron for you .,a friend sent me a coffee .,PD,DO,DRAW,SEND,THE,A,for,to,-27.273326873779297,"[-3.5865777, -5.9143343, -4.2789135, -0.27961546, -1.2461035, -8.430906, -3.536877]"
the daughter drew the machine for her .,a guest saved a camera for me .,PD,PD,DRAW,SAVE,THE,A,for,for,-40.861236572265625,"[-3.6003234, -7.753645, -14.46285, -6.238882, -5.324128, -1.5068831, -1.171617, -0.8029046]"
the daughter drew the machine for her .,a guest saved me a camera .,PD,DO,DRAW,SAVE,THE,A,for,for,-41.18879699707031,"[-3.6003234, -7.753645, -14.46285, -2.876469, -2.1883216, -8.664358, -1.6428294]"
the daughter drew the machine for us .,a parent kept a juice for him .,PD,PD,DRAW,KEEP,THE,A,for,for,-46.046295166015625,"[-3.6028368, -8.155821, -8.210098, -1.798611, -12.598951, -5.5109396, -4.663078, -1.5059608]"
the daughter drew the machine for us .,a parent kept him a juice .,PD,DO,DRAW,KEEP,THE,A,for,for,-44.64991760253906,"[-3.6028368, -8.155821, -8.210098, -5.0481668, -4.839837, -10.548153, -4.2450066]"
the daughter drew us the crystal .,a minister bought a machine for you .,DO,PD,DRAW,BUY,THE,A,for,for,-40.30736541748047,"[-3.6719427, -9.151536, -9.049803, -1.2562857, -7.1547756, -2.4253197, -6.2962813, -1.3014201]"
the daughter drew us the crystal .,a minister bought you a machine .,DO,DO,DRAW,BUY,THE,A,for,for,-38.300453186035156,"[-3.6719427, -9.151536, -9.049803, -6.045182, -0.9068084, -7.478189, -1.9969914]"
the daughter drew us the machine .,a parent kept a juice for him .,DO,PD,DRAW,KEEP,THE,A,for,for,-48.79940414428711,"[-3.625107, -8.152758, -8.070537, -2.3063853, -12.77606, -6.857014, -5.3130565, -1.6984894]"
the daughter drew us the machine .,a parent kept him a juice .,DO,DO,DRAW,KEEP,THE,A,for,for,-44.51042938232422,"[-3.625107, -8.152758, -8.070537, -4.7317896, -4.9530287, -11.214237, -3.7629757]"
the daughter drew you the iron .,a singer made a motor for him .,DO,PD,DRAW,MAKE,THE,A,for,for,-42.68423080444336,"[-3.6046748, -9.790569, -5.966963, -1.6262476, -11.126963, -4.9507494, -4.448683, -1.1693805]"
the daughter drew you the iron .,a singer made him a motor .,DO,DO,DRAW,MAKE,THE,A,for,for,-40.014739990234375,"[-3.6046748, -9.790569, -5.966963, -5.1513023, -1.8966821, -10.860808, -2.7437406]"
the daughter drew you the iron .,a friend sent a coffee to me .,DO,PD,DRAW,SEND,THE,A,for,to,-30.96139907836914,"[-3.6046748, -5.8210044, -4.5002565, -3.9921613, -9.264494, -1.8327304, -0.73213536, -1.213942]"
the daughter drew you the iron .,a friend sent me a coffee .,DO,DO,DRAW,SEND,THE,A,for,to,-25.597187042236328,"[-3.6046748, -5.8210044, -4.5002565, -0.1895136, -1.2479212, -7.8729715, -2.3608456]"
the daughter fed him the candy .,a father brought a beer to me .,DO,PD,FEED,BRING,THE,A,to,to,-32.31633758544922,"[-3.6704526, -6.2440734, -6.917297, -2.133804, -7.303624, -0.44967848, -4.497571, -1.0998404]"
the daughter fed him the candy .,a father brought me a beer .,DO,DO,FEED,BRING,THE,A,to,to,-29.808422088623047,"[-3.6704526, -6.2440734, -6.917297, -5.0210047, -1.5878438, -5.3866553, -0.9810965]"
the daughter fed him the salad .,a sheriff sold a meal to you .,DO,PD,FEED,SELL,THE,A,to,to,-45.408355712890625,"[-3.702523, -8.078891, -11.183647, -2.323382, -9.039827, -1.4120501, -8.187474, -1.4805641]"
the daughter fed him the salad .,a sheriff sold you a meal .,DO,DO,FEED,SELL,THE,A,to,to,-38.286865234375,"[-3.702523, -8.078891, -11.183647, -5.9489675, -1.0959647, -6.95142, -1.3254508]"
the daughter fed me the candy .,a singer saved a chocolate for us .,DO,PD,FEED,SAVE,THE,A,to,for,-49.22105026245117,"[-3.665048, -9.767462, -9.96944, -2.040556, -10.366467, -7.0611496, -5.3600836, -0.9908453]"
the daughter fed me the candy .,a singer saved us a chocolate .,DO,DO,FEED,SAVE,THE,A,to,for,-45.17945098876953,"[-3.665048, -9.767462, -9.96944, -5.4848547, -3.856825, -9.117373, -3.31845]"
the daughter fed me the chicken .,a prince left a meal for him .,DO,PD,FEED,LEAVE,THE,A,to,for,-36.7197265625,"[-3.651185, -10.441702, -6.631333, -1.8073168, -7.6432896, -1.3194361, -3.982109, -1.2433572]"
the daughter fed me the chicken .,a prince left him a meal .,DO,DO,FEED,LEAVE,THE,A,to,for,-34.2838020324707,"[-3.651185, -10.441702, -6.631333, -3.772254, -2.1041129, -6.3392797, -1.3439363]"
the daughter fed me the chicken .,a sheriff promised an engine to him .,DO,PD,FEED,PROMISE,THE,A,to,to,-44.750728607177734,"[-3.651185, -8.425508, -10.326839, -4.190271, -9.045992, -2.8465621, -4.6527996, -1.6115701]"
the daughter fed me the chicken .,a sheriff promised him an engine .,DO,DO,FEED,PROMISE,THE,A,to,to,-39.829315185546875,"[-3.651185, -8.425508, -10.326839, -3.4820132, -4.1442184, -8.191135, -1.6084168]"
the daughter fed me the salad .,an uncle brought an anchor to you .,DO,PD,FEED,BRING,THE,A,to,to,-43.1590461730957,"[-5.659951, -8.025455, -5.7589183, -5.3716273, -8.408233, -1.066822, -7.902046, -0.9659921]"
the daughter fed me the salad .,an uncle brought you an anchor .,DO,DO,FEED,BRING,THE,A,to,to,-41.09370422363281,"[-5.659951, -8.025455, -5.7589183, -6.038278, -4.19511, -9.641422, -1.774567]"
the daughter fed the candy to him .,a father brought a beer to me .,PD,PD,FEED,BRING,THE,A,to,to,-29.88852882385254,"[-3.6625593, -6.3855066, -6.9907737, -1.7403091, -6.4738483, -0.2106678, -3.2878687, -1.136996]"
the daughter fed the candy to him .,a father brought me a beer .,PD,DO,FEED,BRING,THE,A,to,to,-30.142160415649414,"[-3.6625593, -6.3855066, -6.9907737, -5.2096953, -1.3243175, -5.063819, -1.5054874]"
the daughter fed the candy to me .,a singer saved a chocolate for us .,PD,PD,FEED,SAVE,THE,A,to,for,-46.38486862182617,"[-3.6348672, -9.839825, -10.0658045, -1.7758343, -9.267237, -6.389567, -4.401972, -1.0097634]"
the daughter fed the candy to me .,a singer saved us a chocolate .,PD,DO,FEED,SAVE,THE,A,to,for,-46.163917541503906,"[-3.6348672, -9.839825, -10.0658045, -6.722475, -3.180599, -8.370251, -4.350098]"
the daughter fed the chicken to me .,a prince left a meal for him .,PD,PD,FEED,LEAVE,THE,A,to,for,-35.322364807128906,"[-3.637249, -10.507236, -6.542452, -1.5800098, -6.974554, -1.5092865, -3.2675538, -1.3040258]"
the daughter fed the chicken to me .,a prince left him a meal .,PD,DO,FEED,LEAVE,THE,A,to,for,-34.605979919433594,"[-3.637249, -10.507236, -6.542452, -4.2052636, -1.8326749, -6.0994596, -1.7816485]"
the daughter fed the chicken to me .,a sheriff promised an engine to him .,PD,PD,FEED,PROMISE,THE,A,to,to,-44.799217224121094,"[-3.637249, -8.306852, -10.911714, -4.160294, -9.362183, -2.7984211, -4.2279005, -1.3946047]"
the daughter fed the chicken to me .,a sheriff promised him an engine .,PD,DO,FEED,PROMISE,THE,A,to,to,-41.60162353515625,"[-3.637249, -8.306852, -10.911714, -4.2457194, -4.119376, -8.377314, -2.0033987]"
the daughter fed the salad to him .,a sheriff sold a meal to you .,PD,PD,FEED,SELL,THE,A,to,to,-42.643898010253906,"[-3.6927319, -8.181833, -10.920585, -2.0467412, -8.162851, -0.6432407, -7.5316525, -1.4642625]"
the daughter fed the salad to him .,a sheriff sold you a meal .,PD,DO,FEED,SELL,THE,A,to,to,-39.183807373046875,"[-3.6927319, -8.181833, -10.920585, -6.8347645, -1.0656053, -6.727916, -1.7603719]"
the daughter fed the salad to me .,an uncle brought an anchor to you .,PD,PD,FEED,BRING,THE,A,to,to,-41.8139762878418,"[-5.6459866, -7.9977694, -6.100792, -4.837694, -8.413113, -0.61010253, -7.311949, -0.89657235]"
the daughter fed the salad to me .,an uncle brought you an anchor .,PD,DO,FEED,BRING,THE,A,to,to,-41.54484176635742,"[-5.6459866, -7.9977694, -6.100792, -5.858492, -4.0967264, -9.584596, -2.260481]"
the daughter fed the salad to us .,an actor delivered a pie for you .,PD,PD,FEED,DELIVER,THE,A,to,for,-43.013099670410156,"[-5.660078, -6.6496625, -9.482528, -0.87821984, -10.0975275, -3.3722944, -5.650122, -1.22267]"
the daughter fed the salad to us .,an actor delivered you a pie .,PD,DO,FEED,DELIVER,THE,A,to,for,-41.917076110839844,"[-5.660078, -6.6496625, -9.482528, -8.615288, -1.1390121, -8.738037, -1.6324704]"
the daughter fed us the salad .,an actor delivered a pie for you .,DO,PD,FEED,DELIVER,THE,A,to,for,-42.500946044921875,"[-5.662554, -6.6888943, -9.496023, -0.9241749, -10.097971, -2.5597405, -5.947385, -1.1242057]"
the daughter fed us the salad .,an actor delivered you a pie .,DO,DO,FEED,DELIVER,THE,A,to,for,-39.596282958984375,"[-5.662554, -6.6888943, -9.496023, -6.9958835, -1.2937093, -8.489401, -0.96981823]"
the daughter found her the jacket .,a manager got a beer for us .,DO,PD,FIND,GET,THE,A,for,for,-39.73748779296875,"[-3.573256, -8.625761, -7.7710695, -1.6177415, -7.2285757, -2.3870378, -7.266892, -1.2671572]"
the daughter found her the jacket .,a manager got us a beer .,DO,DO,FIND,GET,THE,A,for,for,-35.652076721191406,"[-3.573256, -8.625761, -7.7710695, -7.7842627, -1.1132315, -5.238531, -1.5459645]"
the daughter found him the coffee .,a singer caught a book for us .,DO,PD,FIND,CATCH,THE,A,for,for,-45.54591369628906,"[-3.6032925, -10.040138, -6.105083, -3.5527015, -8.820734, -4.0690994, -7.9677954, -1.387068]"
the daughter found him the coffee .,a singer caught us a book .,DO,DO,FIND,CATCH,THE,A,for,for,-39.73588562011719,"[-3.6032925, -10.040138, -6.105083, -7.1075015, -3.770423, -7.6443043, -1.465144]"
the daughter found him the meal .,a colonel took a telephone to us .,DO,PD,FIND,TAKE,THE,A,for,to,-46.0053596496582,"[-3.6217272, -10.7011175, -5.8915653, -2.1685746, -7.441145, -7.1002274, -7.6734996, -1.4075041]"
the daughter found him the meal .,a colonel took us a telephone .,DO,DO,FIND,TAKE,THE,A,for,to,-43.895652770996094,"[-3.6217272, -10.7011175, -5.8915653, -5.5727186, -3.611566, -8.09597, -6.400987]"
the daughter found it the jacket .,a professor promised a salad to you .,DO,PD,FIND,PROMISE,THE,A,for,to,-44.782447814941406,"[-3.5653348, -7.4821005, -10.259708, -2.1527958, -9.683575, -2.8085108, -6.979181, -1.8512439]"
the daughter found it the jacket .,a professor promised you a salad .,DO,DO,FIND,PROMISE,THE,A,for,to,-39.494808197021484,"[-3.5653348, -7.4821005, -10.259708, -6.098854, -1.6284983, -8.717064, -1.7432489]"
the daughter found the coffee for him .,a singer caught a book for us .,PD,PD,FIND,CATCH,THE,A,for,for,-44.76342010498047,"[-3.5493946, -10.054968, -6.2726994, -5.3684773, -8.774026, -3.188402, -6.513173, -1.0422819]"
the daughter found the coffee for him .,a singer caught us a book .,PD,DO,FIND,CATCH,THE,A,for,for,-41.92022705078125,"[-3.5493946, -10.054968, -6.2726994, -9.353771, -4.1135793, -6.993387, -1.5824298]"
the daughter found the coffee for you .,a boy supplied a pie to us .,PD,PD,FIND,SUPPLY,THE,A,for,to,-43.357513427734375,"[-3.5123627, -6.791094, -12.619436, -2.1036265, -8.081628, -1.3827323, -7.4619727, -1.4046618]"
the daughter found the coffee for you .,a boy supplied us a pie .,PD,DO,FIND,SUPPLY,THE,A,for,to,-44.742008209228516,"[-3.5123627, -6.791094, -12.619436, -5.9986677, -4.667747, -8.794004, -2.3586936]"
the daughter found the cup for us .,an uncle made a cigarette for me .,PD,PD,FIND,MAKE,THE,A,for,for,-34.27693557739258,"[-5.593863, -8.05002, -6.5353694, -1.1892008, -8.277023, -2.6020246, -1.2720238, -0.7574098]"
the daughter found the cup for us .,an uncle made me a cigarette .,PD,DO,FIND,MAKE,THE,A,for,for,-33.60163116455078,"[-5.593863, -8.05002, -6.5353694, -4.1747203, -1.477444, -6.7541857, -1.0160269]"
the daughter found the jacket for her .,a manager got a beer for us .,PD,PD,FIND,GET,THE,A,for,for,-37.00532150268555,"[-3.563436, -8.5799265, -7.9588537, -1.7039161, -7.24726, -1.1452398, -5.767498, -1.0391934]"
the daughter found the jacket for her .,a manager got us a beer .,PD,DO,FIND,GET,THE,A,for,for,-36.17389678955078,"[-3.563436, -8.5799265, -7.9588537, -7.447184, -1.5234531, -5.0784883, -2.022554]"
the daughter found the jacket for it .,a professor promised a salad to you .,PD,PD,FIND,PROMISE,THE,A,for,to,-44.68153381347656,"[-3.5625904, -7.37096, -10.030166, -2.236199, -10.032801, -2.6514215, -6.971244, -1.8261493]"
the daughter found the jacket for it .,a professor promised you a salad .,PD,DO,FIND,PROMISE,THE,A,for,to,-40.29969787597656,"[-3.5625904, -7.37096, -10.030166, -6.3881564, -1.8774282, -9.035, -2.0353951]"
the daughter found the jacket for them .,a princess took a knife to him .,PD,PD,FIND,TAKE,THE,A,for,to,-34.989768981933594,"[-3.5492668, -10.685814, -5.8800488, -1.5763043, -5.595045, -0.66279304, -6.1766467, -0.8638508]"
the daughter found the jacket for them .,a princess took him a knife .,PD,DO,FIND,TAKE,THE,A,for,to,-39.889835357666016,"[-3.5492668, -10.685814, -5.8800488, -4.510209, -6.028305, -7.59627, -1.6399221]"
the daughter found the jacket for us .,a leader fed a chicken to them .,PD,PD,FIND,FEED,THE,A,for,to,-41.600120544433594,"[-3.5621004, -8.594161, -12.134122, -1.9563804, -4.0987506, -2.3989592, -7.5843024, -1.2713455]"
the daughter found the jacket for us .,a leader fed them a chicken .,PD,DO,FIND,FEED,THE,A,for,to,-41.10346221923828,"[-3.5621004, -8.594161, -12.134122, -6.6630177, -2.005745, -5.41129, -2.7330263]"
the daughter found the key for them .,a nurse sent a juice to you .,PD,PD,FIND,SEND,THE,A,for,to,-43.44950866699219,"[-3.5318718, -7.4380198, -7.3754168, -1.4839313, -12.514696, -2.5056314, -7.3907285, -1.2092142]"
the daughter found the key for them .,a nurse sent you a juice .,PD,DO,FIND,SEND,THE,A,for,to,-39.986602783203125,"[-3.5318718, -7.4380198, -7.3754168, -8.112124, -1.1353083, -9.759367, -2.6344926]"
the daughter found the meal for him .,a colonel took a telephone to us .,PD,PD,FIND,TAKE,THE,A,for,to,-45.64024353027344,"[-3.563867, -10.783333, -6.095866, -1.900415, -7.574645, -7.0383244, -7.321468, -1.3623219]"
the daughter found the meal for him .,a colonel took us a telephone .,PD,DO,FIND,TAKE,THE,A,for,to,-46.78129577636719,"[-3.563867, -10.783333, -6.095866, -6.1286407, -4.194118, -8.932502, -7.0829697]"
the daughter found the meal for you .,a hero brought a chocolate to it .,PD,PD,FIND,BRING,THE,A,for,to,-43.35285568237305,"[-3.5261664, -9.003878, -7.518816, -2.3656814, -8.16549, -4.534796, -7.3354177, -0.9026078]"
the daughter found the meal for you .,a hero brought it a chocolate .,PD,DO,FIND,BRING,THE,A,for,to,-47.2648811340332,"[-3.5261664, -9.003878, -7.518816, -4.788926, -7.0423694, -11.514335, -3.870392]"
the daughter found them the jacket .,a princess took a knife to him .,DO,PD,FIND,TAKE,THE,A,for,to,-35.580501556396484,"[-3.6188958, -10.544343, -5.8196354, -1.7621821, -5.135298, -0.9623915, -6.946314, -0.7914432]"
the daughter found them the jacket .,a princess took him a knife .,DO,DO,FIND,TAKE,THE,A,for,to,-36.24567794799805,"[-3.6188958, -10.544343, -5.8196354, -3.9526758, -5.5722494, -5.6228085, -1.1150694]"
the daughter found them the key .,a nurse sent a juice to you .,DO,PD,FIND,SEND,THE,A,for,to,-44.04444885253906,"[-3.5812006, -7.354542, -7.370562, -1.4236875, -12.338843, -2.787375, -7.8144403, -1.3737972]"
the daughter found them the key .,a nurse sent you a juice .,DO,DO,FIND,SEND,THE,A,for,to,-39.509803771972656,"[-3.5812006, -7.354542, -7.370562, -7.4484925, -1.150936, -10.066755, -2.5373168]"
the daughter found us the cup .,an uncle made a cigarette for me .,DO,PD,FIND,MAKE,THE,A,for,for,-34.19636154174805,"[-5.6547117, -8.147095, -6.202156, -1.3723778, -7.3787413, -3.8848279, -0.78361154, -0.77284074]"
the daughter found us the cup .,an uncle made me a cigarette .,DO,DO,FIND,MAKE,THE,A,for,for,-29.64568328857422,"[-5.6547117, -8.147095, -6.202156, -1.746754, -1.2415135, -6.097324, -0.5561298]"
the daughter found us the jacket .,a leader fed a chicken to them .,DO,PD,FIND,FEED,THE,A,for,to,-41.705352783203125,"[-3.6257486, -8.638084, -11.631194, -2.0198648, -4.2107115, -2.5487363, -7.79204, -1.2389741]"
the daughter found us the jacket .,a leader fed them a chicken .,DO,DO,FIND,FEED,THE,A,for,to,-38.2010612487793,"[-3.6257486, -8.638084, -11.631194, -5.531313, -1.6885152, -5.178011, -1.9081956]"
the daughter found you the coffee .,a boy supplied a pie to us .,DO,PD,FIND,SUPPLY,THE,A,for,to,-42.5438117980957,"[-3.557868, -6.6239433, -12.806194, -1.907835, -7.932315, -1.2391284, -7.3578553, -1.1186737]"
the daughter found you the coffee .,a boy supplied us a pie .,DO,DO,FIND,SUPPLY,THE,A,for,to,-39.78942108154297,"[-3.557868, -6.6239433, -12.806194, -4.6683855, -3.5642831, -7.689435, -0.87931085]"
the daughter found you the meal .,a hero brought a chocolate to it .,DO,PD,FIND,BRING,THE,A,for,to,-43.82960510253906,"[-3.575642, -8.798248, -7.6572285, -2.4579933, -9.259326, -3.4891508, -7.8286114, -0.76340485]"
the daughter found you the meal .,a hero brought it a chocolate .,DO,DO,FIND,BRING,THE,A,for,to,-44.043941497802734,"[-3.575642, -8.798248, -7.6572285, -4.356683, -6.686904, -10.150987, -2.8182487]"
the daughter gave me the salad .,a husband caught a flower for it .,DO,PD,GIVE,CATCH,THE,A,to,for,-43.810298919677734,"[-3.6684813, -8.082136, -7.647175, -2.1487381, -9.6164875, -4.210563, -7.4024467, -1.0342691]"
the daughter gave me the salad .,a husband caught it a flower .,DO,DO,GIVE,CATCH,THE,A,to,for,-42.07765579223633,"[-3.6684813, -8.082136, -7.647175, -5.2210817, -5.719853, -10.347354, -1.3915756]"
the daughter gave me the tea .,a guy purchased a newspaper for you .,DO,PD,GIVE,PURCHASE,THE,A,to,for,-39.913272857666016,"[-3.6275978, -7.161957, -8.81102, -1.0047709, -9.156, -2.2288768, -7.0419817, -0.88106626]"
the daughter gave me the tea .,a guy purchased you a newspaper .,DO,DO,GIVE,PURCHASE,THE,A,to,for,-39.23521423339844,"[-3.6275978, -7.161957, -8.81102, -7.6463666, -0.89066535, -10.003265, -1.0943401]"
the daughter gave the beer to you .,a mother drew an iron for us .,PD,PD,GIVE,DRAW,THE,A,to,for,-40.20741653442383,"[-3.5344346, -5.9966326, -8.308356, -3.5047522, -5.2610607, -6.767276, -5.8132505, -1.0216546]"
the daughter gave the beer to you .,a mother drew us an iron .,PD,DO,GIVE,DRAW,THE,A,to,for,-39.24342346191406,"[-3.5344346, -5.9966326, -8.308356, -7.709385, -4.2109723, -6.17935, -3.304293]"
the daughter gave the pie to us .,a soldier showed a tea to them .,PD,PD,GIVE,SHOW,THE,A,to,to,-38.413169860839844,"[-3.5857108, -7.3479795, -7.593766, -2.3324041, -9.7633705, -2.1647644, -5.14872, -0.47645724]"
the daughter gave the pie to us .,a soldier showed them a tea .,PD,DO,GIVE,SHOW,THE,A,to,to,-36.14356231689453,"[-3.5857108, -7.3479795, -7.593766, -4.6261644, -1.4418808, -8.612612, -2.93545]"
the daughter gave the pie to you .,a scientist found a cheese for me .,PD,PD,GIVE,FIND,THE,A,to,for,-36.56233215332031,"[-3.57477, -7.9526443, -5.4000463, -0.88627404, -9.789298, -5.1043034, -3.0422359, -0.81275994]"
the daughter gave the pie to you .,a scientist found me a cheese .,PD,DO,GIVE,FIND,THE,A,to,for,-35.829795837402344,"[-3.57477, -7.9526443, -5.4000463, -7.630285, -1.1661006, -8.147829, -1.9581238]"
the daughter gave the salad to me .,a husband caught a flower for it .,PD,PD,GIVE,CATCH,THE,A,to,for,-43.243324279785156,"[-3.5922222, -8.2110195, -8.267617, -1.7731376, -9.357254, -3.9301744, -7.016133, -1.0957649]"
the daughter gave the salad to me .,a husband caught it a flower .,PD,DO,GIVE,CATCH,THE,A,to,for,-42.56795120239258,"[-3.5922222, -8.2110195, -8.267617, -4.9920373, -5.7760715, -10.246499, -1.4824843]"
the daughter gave the salad to us .,a guest got a juice for you .,PD,PD,GIVE,GET,THE,A,to,for,-42.095489501953125,"[-3.6061466, -7.5038323, -10.78052, -1.8342345, -9.189152, -3.4037924, -4.7954607, -0.9823493]"
the daughter gave the salad to us .,a guest got you a juice .,PD,DO,GIVE,GET,THE,A,to,for,-40.07793426513672,"[-3.6061466, -7.5038323, -10.78052, -5.8511314, -1.6864641, -8.251949, -2.397894]"
the daughter gave the salad to you .,a soldier brought a telephone to me .,PD,PD,GIVE,BRING,THE,A,to,to,-34.285911560058594,"[-3.5804667, -7.358589, -7.8093586, -1.2857394, -9.326271, -0.9065056, -3.1759367, -0.8430429]"
the daughter gave the salad to you .,a soldier brought me a telephone .,PD,DO,GIVE,BRING,THE,A,to,to,-35.164398193359375,"[-3.5804667, -7.358589, -7.8093586, -3.9898152, -1.3038751, -9.575347, -1.5469438]"
the daughter gave the tea to me .,a guy purchased a newspaper for you .,PD,PD,GIVE,PURCHASE,THE,A,to,for,-39.07804870605469,"[-3.5556722, -7.241316, -9.222128, -0.7638483, -8.939228, -2.1141942, -6.41469, -0.8269751]"
the daughter gave the tea to me .,a guy purchased you a newspaper .,PD,DO,GIVE,PURCHASE,THE,A,to,for,-39.533203125,"[-3.5556722, -7.241316, -9.222128, -7.975518, -0.51663315, -9.627329, -1.3946073]"
the daughter gave us the pie .,a soldier showed a tea to them .,DO,PD,GIVE,SHOW,THE,A,to,to,-42.761940002441406,"[-3.624619, -7.2217245, -7.2436056, -3.5712852, -10.419572, -2.8666744, -6.9911995, -0.82325613]"
the daughter gave us the pie .,a soldier showed them a tea .,DO,DO,GIVE,SHOW,THE,A,to,to,-35.12602996826172,"[-3.624619, -7.2217245, -7.2436056, -4.714201, -1.9315033, -8.5453205, -1.8450537]"
the daughter gave us the salad .,a guest got a juice for you .,DO,PD,GIVE,GET,THE,A,to,for,-43.49464416503906,"[-3.6445374, -7.6368475, -10.921943, -1.999228, -9.647966, -3.3574626, -5.2305923, -1.0560685]"
the daughter gave us the salad .,a guest got you a juice .,DO,DO,GIVE,GET,THE,A,to,for,-39.56548309326172,"[-3.6445374, -7.6368475, -10.921943, -5.7124496, -2.1529925, -7.9199886, -1.5767236]"
the daughter gave you the beer .,a mother drew an iron for us .,DO,PD,GIVE,DRAW,THE,A,to,for,-41.38347625732422,"[-3.5451646, -5.7798786, -8.207031, -3.621521, -5.5584908, -6.997321, -6.6374817, -1.0365896]"
the daughter gave you the beer .,a mother drew us an iron .,DO,DO,GIVE,DRAW,THE,A,to,for,-38.665061950683594,"[-3.5451646, -5.7798786, -8.207031, -7.201088, -4.5789194, -6.7405086, -2.6124718]"
the daughter gave you the pie .,a scientist found a cheese for me .,DO,PD,GIVE,FIND,THE,A,to,for,-36.82139587402344,"[-3.5786176, -7.904921, -5.236084, -1.0052605, -9.602003, -5.354961, -3.3653884, -0.7741593]"
the daughter gave you the pie .,a scientist found me a cheese .,DO,DO,GIVE,FIND,THE,A,to,for,-34.08251190185547,"[-3.5786176, -7.904921, -5.236084, -7.189913, -1.2272152, -7.6146426, -1.3311158]"
the daughter gave you the salad .,a soldier brought a telephone to me .,DO,PD,GIVE,BRING,THE,A,to,to,-35.5301399230957,"[-3.5841713, -7.212296, -7.4924345, -1.3677024, -9.319654, -1.4432462, -3.8293319, -1.2813027]"
the daughter gave you the salad .,a soldier brought me a telephone .,DO,DO,GIVE,BRING,THE,A,to,to,-34.63042449951172,"[-3.5841713, -7.212296, -7.4924345, -3.3827324, -1.0539976, -10.236664, -1.66813]"
the daughter got him the tea .,a doctor gave a meal to you .,DO,PD,GET,GIVE,THE,A,for,to,-34.748023986816406,"[-3.6384785, -6.9934072, -4.3563457, -3.424982, -8.491501, -0.32724625, -6.7700377, -0.7460256]"
the daughter got him the tea .,a doctor gave you a meal .,DO,DO,GET,GIVE,THE,A,for,to,-29.518617630004883,"[-3.6384785, -6.9934072, -4.3563457, -5.9197083, -0.8895652, -6.757047, -0.9640666]"
the daughter got me the hat .,a doctor found a candy for you .,DO,PD,GET,FIND,THE,A,for,for,-36.452980041503906,"[-3.6194956, -7.363064, -5.2588058, -1.0107543, -8.729236, -4.390464, -5.2517033, -0.8294559]"
the daughter got me the hat .,a doctor found you a candy .,DO,DO,GET,FIND,THE,A,for,for,-36.628753662109375,"[-3.6194956, -7.363064, -5.2588058, -8.01694, -3.2025957, -7.6268816, -1.540972]"
the daughter got me the tea .,a priest drew a key for us .,DO,PD,GET,DRAW,THE,A,for,for,-39.61488342285156,"[-3.6245317, -7.996186, -7.879797, -1.5221174, -7.527869, -4.890852, -5.247721, -0.9258069]"
the daughter got me the tea .,a priest drew us a key .,DO,DO,GET,DRAW,THE,A,for,for,-36.06208038330078,"[-3.6245317, -7.996186, -7.879797, -5.2731533, -1.9434795, -7.8843503, -1.4605846]"
the daughter got the hat for me .,a doctor found a candy for you .,PD,PD,GET,FIND,THE,A,for,for,-34.69204330444336,"[-3.5752015, -7.5596313, -5.2909646, -0.89666796, -8.681707, -3.243395, -4.7296724, -0.7148045]"
the daughter got the hat for me .,a doctor found you a candy .,PD,DO,GET,FIND,THE,A,for,for,-37.399227142333984,"[-3.5752015, -7.5596313, -5.2909646, -8.595648, -2.992336, -7.629013, -1.7564335]"
the daughter got the hat for them .,a champion sold a meal to her .,PD,PD,GET,SELL,THE,A,for,to,-41.239166259765625,"[-3.5621052, -9.540296, -9.469634, -1.776036, -8.895885, -1.8210618, -3.0476549, -3.126493]"
the daughter got the hat for them .,a champion sold her a meal .,PD,DO,GET,SELL,THE,A,for,to,-42.71116638183594,"[-3.5621052, -9.540296, -9.469634, -3.0689008, -6.066719, -8.253872, -2.749639]"
the daughter got the hat for you .,a cousin showed a tea to me .,PD,PD,GET,SHOW,THE,A,for,to,-39.54296875,"[-3.554631, -9.196095, -6.7173495, -3.636828, -11.176071, -2.8247776, -1.135359, -1.3018568]"
the daughter got the hat for you .,a cousin showed me a tea .,PD,DO,GET,SHOW,THE,A,for,to,-35.31391143798828,"[-3.554631, -9.196095, -6.7173495, -0.630652, -1.3620585, -10.017555, -3.8355725]"
the daughter got the tea for him .,a doctor gave a meal to you .,PD,PD,GET,GIVE,THE,A,for,to,-33.72513198852539,"[-3.563934, -7.121702, -4.6963577, -2.099288, -8.094946, -0.39455998, -6.9001184, -0.85422695]"
the daughter got the tea for him .,a doctor gave you a meal .,PD,DO,GET,GIVE,THE,A,for,to,-29.499343872070312,"[-3.563934, -7.121702, -4.6963577, -5.154727, -0.762762, -6.6338644, -1.5659971]"
the daughter got the tea for me .,a priest drew a key for us .,PD,PD,GET,DRAW,THE,A,for,for,-38.426902770996094,"[-3.557836, -8.207166, -8.169203, -1.1089218, -7.5542088, -3.7591176, -5.0530734, -1.0173773]"
the daughter got the tea for me .,a priest drew us a key .,PD,DO,GET,DRAW,THE,A,for,for,-38.48452377319336,"[-3.557836, -8.207166, -8.169203, -6.757369, -1.6788929, -7.8183517, -2.2957082]"
the daughter got the tea for us .,a parent delivered a flower for me .,PD,PD,GET,DELIVER,THE,A,for,for,-34.04276657104492,"[-3.5587726, -8.0621195, -8.643232, -0.9259849, -8.109618, -1.6599039, -2.1983085, -0.88482827]"
the daughter got the tea for us .,a parent delivered me a flower .,PD,DO,GET,DELIVER,THE,A,for,for,-36.14942169189453,"[-3.5587726, -8.0621195, -8.643232, -4.7317176, -0.8412484, -7.5817103, -2.7306192]"
the daughter got them the hat .,a champion sold a meal to her .,DO,PD,GET,SELL,THE,A,for,to,-41.14936828613281,"[-3.6113963, -9.467381, -9.315856, -2.1408916, -9.172783, -1.7225668, -2.6368718, -3.081622]"
the daughter got them the hat .,a champion sold her a meal .,DO,DO,GET,SELL,THE,A,for,to,-41.40810775756836,"[-3.6113963, -9.467381, -9.315856, -2.8021731, -5.7419186, -8.781246, -1.6881362]"
the daughter got us the tea .,a parent delivered a flower for me .,DO,PD,GET,DELIVER,THE,A,for,for,-35.40758514404297,"[-3.6206675, -8.000168, -8.414969, -1.2380885, -8.040592, -2.87287, -2.1942968, -1.0259315]"
the daughter got us the tea .,a parent delivered me a flower .,DO,DO,GET,DELIVER,THE,A,for,for,-32.40033721923828,"[-3.6206675, -8.000168, -8.414969, -2.7486143, -1.1097717, -7.098382, -1.4077631]"
the daughter got you the hat .,a cousin showed a tea to me .,DO,PD,GET,SHOW,THE,A,for,to,-39.60768127441406,"[-3.5769506, -8.852196, -6.5629115, -4.5513754, -10.890103, -3.1107473, -0.97399884, -1.089397]"
the daughter got you the hat .,a cousin showed me a tea .,DO,DO,GET,SHOW,THE,A,for,to,-33.36350631713867,"[-3.5769506, -8.852196, -6.5629115, -0.41349483, -1.4457978, -9.63884, -2.8733149]"
the daughter kept her the juice .,a guy purchased a newspaper for you .,DO,PD,KEEP,PURCHASE,THE,A,for,for,-40.676002502441406,"[-3.549282, -7.3097477, -8.883228, -0.63636327, -9.759752, -2.0980697, -7.4568577, -0.9826999]"
the daughter kept her the juice .,a guy purchased you a newspaper .,DO,DO,KEEP,PURCHASE,THE,A,for,for,-40.251426696777344,"[-3.549282, -7.3097477, -8.883228, -8.424503, -0.49684, -10.3138485, -1.273979]"
the daughter kept it the ball .,a minister bought a tea for me .,DO,PD,KEEP,BUY,THE,A,for,for,-40.811622619628906,"[-3.5404508, -9.373954, -10.116169, -0.8135274, -8.045638, -2.7137146, -4.7917857, -1.416384]"
the daughter kept it the ball .,a minister bought me a tea .,DO,DO,KEEP,BUY,THE,A,for,for,-37.846107482910156,"[-3.5404508, -9.373954, -10.116169, -6.14323, -0.4178927, -6.570983, -1.6834265]"
the daughter kept me the beer .,an administration designed a cup for it .,DO,PD,KEEP,DESIGN,THE,A,for,for,-50.041709899902344,"[-5.6605973, -8.72421, -9.714305, -5.3526225, -10.671793, -2.9053783, -6.2852163, -0.72758925]"
the daughter kept me the beer .,an administration designed it a cup .,DO,DO,KEEP,DESIGN,THE,A,for,for,-51.759117126464844,"[-5.6605973, -8.72421, -9.714305, -7.1053386, -6.4224167, -10.816494, -3.3157554]"
the daughter kept the ball for it .,a minister bought a tea for me .,PD,PD,KEEP,BUY,THE,A,for,for,-39.770294189453125,"[-3.545649, -9.431275, -10.01499, -0.78427124, -8.08287, -1.9453423, -4.819849, -1.1460476]"
the daughter kept the ball for it .,a minister bought me a tea .,PD,DO,KEEP,BUY,THE,A,for,for,-38.02647018432617,"[-3.545649, -9.431275, -10.01499, -6.363126, -0.43575814, -6.6076145, -1.6280576]"
the daughter kept the beer for me .,an administration designed a cup for it .,PD,PD,KEEP,DESIGN,THE,A,for,for,-48.084800720214844,"[-5.623678, -8.719635, -10.610464, -4.2394, -9.594973, -2.0996568, -6.413682, -0.78331023]"
the daughter kept the beer for me .,an administration designed it a cup .,PD,DO,KEEP,DESIGN,THE,A,for,for,-51.954124450683594,"[-5.623678, -8.719635, -10.610464, -6.029174, -6.247529, -11.571613, -3.152032]"
the daughter kept the beer for you .,a nurse purchased a pie for us .,PD,PD,KEEP,PURCHASE,THE,A,for,for,-37.388633728027344,"[-3.5380948, -7.531144, -10.3209, -0.91497314, -8.595085, -1.1472518, -4.210785, -1.1304023]"
the daughter kept the beer for you .,a nurse purchased us a pie .,PD,DO,KEEP,PURCHASE,THE,A,for,for,-40.518157958984375,"[-3.5380948, -7.531144, -10.3209, -8.510583, -0.78866273, -7.9028864, -1.9258851]"
the daughter kept the juice for her .,a guy purchased a newspaper for you .,PD,PD,KEEP,PURCHASE,THE,A,for,for,-38.284912109375,"[-3.5624115, -7.202075, -8.943241, -0.8736945, -9.658359, -1.3975204, -5.774151, -0.8734605]"
the daughter kept the juice for her .,a guy purchased you a newspaper .,PD,DO,KEEP,PURCHASE,THE,A,for,for,-39.82896423339844,"[-3.5624115, -7.202075, -8.943241, -7.6964254, -0.7056615, -10.0467205, -1.6724272]"
the daughter kept the juice for us .,a parent delivered a flower for me .,PD,PD,KEEP,DELIVER,THE,A,for,for,-34.897621154785156,"[-3.5494504, -7.978412, -8.495149, -0.92756885, -8.558708, -2.0718198, -2.3165624, -0.99994856]"
the daughter kept the juice for us .,a parent delivered me a flower .,PD,DO,KEEP,DELIVER,THE,A,for,for,-35.941192626953125,"[-3.5494504, -7.978412, -8.495149, -5.2428613, -0.8337301, -7.745248, -2.0963426]"
the daughter kept us the juice .,a parent delivered a flower for me .,DO,PD,KEEP,DELIVER,THE,A,for,for,-36.914649963378906,"[-3.5771828, -7.913068, -8.382025, -1.0529228, -8.997545, -2.957723, -2.7938113, -1.2403709]"
the daughter kept us the juice .,a parent delivered me a flower .,DO,DO,KEEP,DELIVER,THE,A,for,for,-33.77619171142578,"[-3.5771828, -7.913068, -8.382025, -3.5786052, -0.7816084, -7.970408, -1.5732942]"
the daughter kept you the beer .,a nurse purchased a pie for us .,DO,PD,KEEP,PURCHASE,THE,A,for,for,-40.005943298339844,"[-3.5461624, -7.558999, -10.355694, -0.80259085, -9.213594, -1.8410448, -5.452559, -1.2353011]"
the daughter kept you the beer .,a nurse purchased us a pie .,DO,DO,KEEP,PURCHASE,THE,A,for,for,-39.119384765625,"[-3.5461624, -7.558999, -10.355694, -7.591658, -0.68384427, -8.157003, -1.2260267]"
the daughter left him the beer .,a candidate designed a coat for them .,DO,PD,LEAVE,DESIGN,THE,A,for,for,-43.97783660888672,"[-3.5645952, -8.558692, -11.309719, -1.9395425, -8.359135, -2.0420241, -7.0390134, -1.1651119]"
the daughter left him the beer .,a candidate designed them a coat .,DO,DO,LEAVE,DESIGN,THE,A,for,for,-45.285255432128906,"[-3.5645952, -8.558692, -11.309719, -7.5603924, -5.4769354, -6.8649044, -1.950019]"
the daughter left it the chocolate .,a child caught a telephone for us .,DO,PD,LEAVE,CATCH,THE,A,for,for,-49.060813903808594,"[-3.560349, -5.710738, -6.9026594, -4.186541, -9.774363, -7.2543306, -10.221912, -1.449917]"
the daughter left it the chocolate .,a child caught us a telephone .,DO,DO,LEAVE,CATCH,THE,A,for,for,-45.86790084838867,"[-3.560349, -5.710738, -6.9026594, -11.228464, -4.050316, -10.927594, -3.4877794]"
the daughter left the beer for him .,a candidate designed a coat for them .,PD,PD,LEAVE,DESIGN,THE,A,for,for,-41.58053207397461,"[-3.5378907, -8.621484, -10.892473, -1.7482827, -8.416546, -1.5197501, -5.9057264, -0.9383806]"
the daughter left the beer for him .,a candidate designed them a coat .,PD,DO,LEAVE,DESIGN,THE,A,for,for,-46.53352355957031,"[-3.5378907, -8.621484, -10.892473, -7.5067253, -5.9180336, -7.708989, -2.3479304]"
the daughter left the chocolate for it .,a child caught a telephone for us .,PD,PD,LEAVE,CATCH,THE,A,for,for,-47.44770812988281,"[-3.5618253, -5.828856, -6.777787, -3.8643627, -9.969377, -6.4480157, -9.977273, -1.0202141]"
the daughter left the chocolate for it .,a child caught us a telephone .,PD,DO,LEAVE,CATCH,THE,A,for,for,-46.5038948059082,"[-3.5618253, -5.828856, -6.777787, -11.176997, -4.700999, -10.905955, -3.5514743]"
the daughter made it the card .,a guest threw a pie to me .,DO,PD,MAKE,THROW,THE,A,for,to,-40.909637451171875,"[-3.5083828, -7.6642313, -13.803765, -1.0426592, -7.3729515, -3.5827868, -2.9862447, -0.9486174]"
the daughter made it the card .,a guest threw me a pie .,DO,DO,MAKE,THROW,THE,A,for,to,-38.28974914550781,"[-3.5083828, -7.6642313, -13.803765, -4.5039325, -0.34583718, -7.383085, -1.0805181]"
the daughter made me the bottle .,a champion left a cheese for it .,DO,PD,MAKE,LEAVE,THE,A,for,for,-47.752540588378906,"[-3.5836337, -9.515916, -7.003812, -2.969303, -12.543858, -4.150858, -7.282199, -0.7029615]"
the daughter made me the bottle .,a champion left it a cheese .,DO,DO,MAKE,LEAVE,THE,A,for,for,-43.97845458984375,"[-3.5836337, -9.515916, -7.003812, -4.8246994, -5.079094, -12.1521635, -1.819135]"
the daughter made me the card .,an actor delivered a cheese for you .,DO,PD,MAKE,DELIVER,THE,A,for,for,-46.430015563964844,"[-5.682644, -6.625567, -10.045483, -0.76878405, -12.285541, -4.1673865, -5.9690895, -0.88552195]"
the daughter made me the card .,an actor delivered you a cheese .,DO,DO,MAKE,DELIVER,THE,A,for,for,-44.145713806152344,"[-5.682644, -6.625567, -10.045483, -7.0480924, -1.0812609, -11.540794, -2.1218715]"
the daughter made me the engine .,a pilot supplied a bottle to it .,DO,PD,MAKE,SUPPLY,THE,A,for,to,-43.69477844238281,"[-3.5611591, -7.790097, -10.368019, -2.6163092, -7.9243355, -2.7606125, -7.436433, -1.2378141]"
the daughter made me the engine .,a pilot supplied it a bottle .,DO,DO,MAKE,SUPPLY,THE,A,for,to,-44.82282257080078,"[-3.5611591, -7.790097, -10.368019, -5.805463, -6.5721645, -7.3373413, -3.3885787]"
the daughter made me the engine .,an uncle designed an iron for him .,DO,PD,MAKE,DESIGN,THE,A,for,for,-44.03569793701172,"[-5.6578207, -8.371008, -9.848843, -3.9028454, -5.753914, -3.9349158, -5.384248, -1.1821039]"
the daughter made me the engine .,an uncle designed him an iron .,DO,DO,MAKE,DESIGN,THE,A,for,for,-42.15806198120117,"[-5.6578207, -8.371008, -9.848843, -6.1952305, -5.020423, -5.0990114, -1.9657278]"
the daughter made the bottle for me .,a champion left a cheese for it .,PD,PD,MAKE,LEAVE,THE,A,for,for,-47.80266571044922,"[-3.524985, -9.686555, -7.0124054, -3.141683, -11.856615, -3.658031, -8.10225, -0.82013774]"
the daughter made the bottle for me .,a champion left it a cheese .,PD,DO,MAKE,LEAVE,THE,A,for,for,-44.295677185058594,"[-3.524985, -9.686555, -7.0124054, -4.940926, -5.0419607, -11.342455, -2.746391]"
the daughter made the bottle for them .,a winner got a bag for it .,PD,PD,MAKE,GET,THE,A,for,for,-37.76482391357422,"[-3.5280132, -10.300862, -7.972048, -1.1828103, -5.918416, -2.8392959, -5.307129, -0.71625155]"
the daughter made the bottle for them .,a winner got it a bag .,PD,DO,MAKE,GET,THE,A,for,for,-41.618919372558594,"[-3.5280132, -10.300862, -7.972048, -4.3267922, -5.308447, -7.6359115, -2.5468473]"
the daughter made the card for it .,a guest threw a pie to me .,PD,PD,MAKE,THROW,THE,A,for,to,-40.80335235595703,"[-3.5280387, -7.793667, -13.704468, -0.76768696, -6.821486, -3.9968467, -3.409282, -0.78187764]"
the daughter made the card for it .,a guest threw me a pie .,PD,DO,MAKE,THROW,THE,A,for,to,-38.36436080932617,"[-3.5280387, -7.793667, -13.704468, -4.7616997, -0.3102329, -7.149911, -1.1163446]"
the daughter made the card for me .,an actor delivered a cheese for you .,PD,PD,MAKE,DELIVER,THE,A,for,for,-44.41733932495117,"[-5.6654415, -6.6067214, -9.839296, -0.7536606, -11.445106, -3.2451494, -6.1677895, -0.69417423]"
the daughter made the card for me .,an actor delivered you a cheese .,PD,DO,MAKE,DELIVER,THE,A,for,for,-45.06145477294922,"[-5.6654415, -6.6067214, -9.839296, -8.144453, -0.8687196, -10.76891, -3.1679118]"
the daughter made the card for us .,an employer got a beer for you .,PD,PD,MAKE,GET,THE,A,for,for,-37.09653854370117,"[-5.675638, -7.8618975, -7.7029543, -1.0668259, -8.6185875, -1.3161472, -4.0647874, -0.78969985]"
the daughter made the card for us .,an employer got you a beer .,PD,DO,MAKE,GET,THE,A,for,for,-38.214996337890625,"[-5.675638, -7.8618975, -7.7029543, -6.8786564, -0.66692084, -7.705002, -1.7239279]"
the daughter made the card for us .,a father left a juice for them .,PD,PD,MAKE,LEAVE,THE,A,for,for,-42.77485275268555,"[-3.526947, -6.630274, -6.398368, -1.6657422, -12.03506, -3.8030086, -7.4943457, -1.2211088]"
the daughter made the card for us .,a father left them a juice .,PD,DO,MAKE,LEAVE,THE,A,for,for,-41.2635498046875,"[-3.526947, -6.630274, -6.398368, -7.512966, -2.6110313, -10.763992, -3.8199708]"
the daughter made the engine for me .,a pilot supplied a bottle to it .,PD,PD,MAKE,SUPPLY,THE,A,for,to,-43.22687530517578,"[-3.5372066, -7.740691, -10.440979, -2.569602, -7.550785, -2.70812, -7.667802, -1.0116906]"
the daughter made the engine for me .,a pilot supplied it a bottle .,PD,DO,MAKE,SUPPLY,THE,A,for,to,-44.14491271972656,"[-3.5372066, -7.740691, -10.440979, -5.6246386, -6.8707232, -6.6673427, -3.2633333]"
the daughter made the engine for me .,an uncle designed an iron for him .,PD,PD,MAKE,DESIGN,THE,A,for,for,-42.70037078857422,"[-5.6707125, -8.367322, -9.723158, -4.1544123, -5.8754716, -2.6576836, -5.5371275, -0.7144841]"
the daughter made the engine for me .,an uncle designed him an iron .,PD,DO,MAKE,DESIGN,THE,A,for,for,-44.74504089355469,"[-5.6707125, -8.367322, -9.723158, -6.991769, -6.6036434, -5.1442246, -2.2442093]"
the daughter made the engine for you .,an actress sent a coat to him .,PD,PD,MAKE,SEND,THE,A,for,to,-43.04254150390625,"[-5.681609, -7.0763083, -7.837813, -1.561596, -10.636644, -2.9495835, -5.546042, -1.7529453]"
the daughter made the engine for you .,an actress sent him a coat .,PD,DO,MAKE,SEND,THE,A,for,to,-37.29047775268555,"[-5.681609, -7.0763083, -7.837813, -5.2788124, -0.57186615, -8.906424, -1.9376463]"
the daughter made them the bottle .,a winner got a bag for it .,DO,PD,MAKE,GET,THE,A,for,for,-38.59127426147461,"[-3.5784454, -10.109562, -7.676357, -1.4378555, -6.0133004, -3.9768026, -5.1013093, -0.69764304]"
the daughter made them the bottle .,a winner got it a bag .,DO,DO,MAKE,GET,THE,A,for,for,-39.4326286315918,"[-3.5784454, -10.109562, -7.676357, -3.9068344, -5.4255457, -7.073664, -1.6622185]"
the daughter made us the card .,an employer got a beer for you .,DO,PD,MAKE,GET,THE,A,for,for,-38.23802185058594,"[-5.695705, -7.7707767, -7.5259895, -1.1967859, -8.706051, -2.1097453, -4.3815246, -0.8514447]"
the daughter made us the card .,an employer got you a beer .,DO,DO,MAKE,GET,THE,A,for,for,-36.238975524902344,"[-5.695705, -7.7707767, -7.5259895, -5.3816786, -0.7910295, -8.033887, -1.0399106]"
the daughter made us the card .,a father left a juice for them .,DO,PD,MAKE,LEAVE,THE,A,for,for,-45.64301300048828,"[-3.5666022, -6.653142, -6.2201066, -2.1464424, -12.776356, -4.396648, -8.610338, -1.2733806]"
the daughter made us the card .,a father left them a juice .,DO,DO,MAKE,LEAVE,THE,A,for,for,-39.93035125732422,"[-3.5666022, -6.653142, -6.2201066, -7.187414, -2.5354824, -11.338508, -2.4290938]"
the daughter made you the engine .,an actress sent a coat to him .,DO,PD,MAKE,SEND,THE,A,for,to,-44.85417556762695,"[-5.6724434, -7.035693, -7.8417387, -1.3962064, -11.324521, -3.7493393, -5.972097, -1.862136]"
the daughter made you the engine .,an actress sent him a coat .,DO,DO,MAKE,SEND,THE,A,for,to,-38.61662292480469,"[-5.6724434, -7.035693, -7.8417387, -5.875466, -0.46401364, -9.667908, -2.059357]"
the daughter promised me the beer .,a girl showed a ball to us .,DO,PD,PROMISE,SHOW,THE,A,to,to,-38.63918685913086,"[-3.6584766, -6.399326, -6.8864417, -5.024385, -7.6113205, -3.104981, -5.182358, -0.7719009]"
the daughter promised me the beer .,a girl showed us a ball .,DO,DO,PROMISE,SHOW,THE,A,to,to,-33.45707321166992,"[-3.6584766, -6.399326, -6.8864417, -4.6691775, -1.7916517, -8.200838, -1.8511609]"
the daughter promised me the bottle .,a chief saved a pot for you .,DO,PD,PROMISE,SAVE,THE,A,to,for,-50.25568389892578,"[-3.6837602, -9.099396, -14.494052, -2.699791, -8.3922, -4.1233, -6.774164, -0.9890182]"
the daughter promised me the bottle .,a chief saved you a pot .,DO,DO,PROMISE,SAVE,THE,A,to,for,-46.68620681762695,"[-3.6837602, -9.099396, -14.494052, -6.7377768, -3.7411199, -6.994584, -1.9355173]"
the daughter promised me the coffee .,a father saved a pot for you .,DO,PD,PROMISE,SAVE,THE,A,to,for,-42.60009002685547,"[-3.6626596, -6.4470644, -8.175356, -2.6157627, -8.934389, -4.527969, -7.3103647, -0.9265232]"
the daughter promised me the coffee .,a father saved you a pot .,DO,DO,PROMISE,SAVE,THE,A,to,for,-39.28343963623047,"[-3.6626596, -6.4470644, -8.175356, -8.136512, -3.8085427, -6.7540064, -2.2993007]"
the daughter promised the beer to me .,a girl showed a ball to us .,PD,PD,PROMISE,SHOW,THE,A,to,to,-35.071502685546875,"[-3.6051145, -6.4072413, -7.169932, -3.4089875, -7.0351696, -1.6509049, -5.022942, -0.77121454]"
the daughter promised the beer to me .,a girl showed us a ball .,PD,DO,PROMISE,SHOW,THE,A,to,to,-34.01566696166992,"[-3.6051145, -6.4072413, -7.169932, -4.4798846, -1.3086174, -7.938041, -3.106836]"
the daughter promised the beer to us .,a guy got a flower for you .,PD,PD,PROMISE,GET,THE,A,to,for,-36.76387023925781,"[-3.6137774, -7.2309365, -5.038437, -2.1999052, -9.2684555, -3.199204, -5.184196, -1.0289584]"
the daughter promised the beer to us .,a guy got you a flower .,PD,DO,PROMISE,GET,THE,A,to,for,-35.100868225097656,"[-3.6137774, -7.2309365, -5.038437, -7.673396, -1.5083517, -8.442236, -1.593732]"
the daughter promised the beer to you .,a brother kept a chicken for me .,PD,PD,PROMISE,KEEP,THE,A,to,for,-35.66724395751953,"[-3.5974007, -8.717132, -7.7707405, -2.1072087, -6.180129, -3.5197167, -2.7290905, -1.0458251]"
the daughter promised the beer to you .,a brother kept me a chicken .,PD,DO,PROMISE,KEEP,THE,A,to,for,-37.00578308105469,"[-3.5974007, -8.717132, -7.7707405, -4.263305, -4.521108, -6.1996713, -1.9364253]"
the daughter promised the beer to you .,a guest sent a camera to me .,PD,PD,PROMISE,SEND,THE,A,to,to,-37.794891357421875,"[-3.5974007, -7.79982, -10.347795, -2.764698, -8.546685, -0.8944144, -2.3106127, -1.5334668]"
the daughter promised the beer to you .,a guest sent me a camera .,PD,DO,PROMISE,SEND,THE,A,to,to,-35.46662521362305,"[-3.5974007, -7.79982, -10.347795, -1.3603333, -1.1860961, -8.672167, -2.5030148]"
the daughter promised the bottle to me .,a chief saved a pot for you .,PD,PD,PROMISE,SAVE,THE,A,to,for,-48.54425048828125,"[-3.621254, -9.205655, -14.29039, -2.2508245, -7.9624987, -3.9153185, -6.270052, -1.0282581]"
the daughter promised the bottle to me .,a chief saved you a pot .,PD,DO,PROMISE,SAVE,THE,A,to,for,-47.3476448059082,"[-3.621254, -9.205655, -14.29039, -7.1105695, -3.452734, -7.1944394, -2.4726024]"
the daughter promised the coffee to me .,a father saved a pot for you .,PD,PD,PROMISE,SAVE,THE,A,to,for,-40.730979919433594,"[-3.595089, -6.693734, -8.536989, -1.9997427, -8.298475, -3.8676286, -6.716394, -1.022928]"
the daughter promised the coffee to me .,a father saved you a pot .,PD,DO,PROMISE,SAVE,THE,A,to,for,-40.28257751464844,"[-3.595089, -6.693734, -8.536989, -8.605013, -3.4250658, -6.574264, -2.8524241]"
the daughter promised the coffee to us .,an aunt showed a tea to me .,PD,PD,PROMISE,SHOW,THE,A,to,to,-34.71134948730469,"[-5.688712, -7.927909, -7.160164, -3.660086, -8.239473, -0.5560994, -0.85044837, -0.62845796]"
the daughter promised the coffee to us .,an aunt showed me a tea .,PD,DO,PROMISE,SHOW,THE,A,to,to,-33.67704772949219,"[-5.688712, -7.927909, -7.160164, -0.6994879, -1.328496, -7.6454735, -3.2268047]"
the daughter promised the juice to them .,a kid threw a candy to us .,PD,PD,PROMISE,THROW,THE,A,to,to,-32.663795471191406,"[-3.6210625, -8.308143, -5.621512, -0.7537865, -5.1031113, -3.623563, -4.988084, -0.6445331]"
the daughter promised the juice to them .,a kid threw us a candy .,PD,DO,PROMISE,THROW,THE,A,to,to,-33.30915832519531,"[-3.6210625, -8.308143, -5.621512, -8.488873, -0.6584313, -4.0689983, -2.5421388]"
the daughter promised the juice to you .,a soldier brought a cup to us .,PD,PD,PROMISE,BRING,THE,A,to,to,-33.050453186035156,"[-3.6092756, -7.3828115, -7.538308, -1.4642076, -6.290559, -2.2450895, -3.5223684, -0.99783164]"
the daughter promised the juice to you .,a soldier brought us a cup .,PD,DO,PROMISE,BRING,THE,A,to,to,-34.54785919189453,"[-3.6092756, -7.3828115, -7.538308, -5.030175, -1.6413441, -5.009312, -4.3366313]"
the daughter promised them the juice .,a kid threw a candy to us .,DO,PD,PROMISE,THROW,THE,A,to,to,-36.067710876464844,"[-3.648383, -8.408085, -5.308526, -0.87180245, -5.4548845, -4.927725, -6.6466713, -0.801633]"
the daughter promised them the juice .,a kid threw us a candy .,DO,DO,PROMISE,THROW,THE,A,to,to,-32.359649658203125,"[-3.648383, -8.408085, -5.308526, -8.154035, -0.7478532, -4.478562, -1.6142066]"
the daughter promised us the beer .,a guy got a flower for you .,DO,PD,PROMISE,GET,THE,A,to,for,-37.34178924560547,"[-3.6698527, -7.3000865, -4.779371, -2.3999743, -9.68581, -3.091437, -5.4686556, -0.94660324]"
the daughter promised us the beer .,a guy got you a flower .,DO,DO,PROMISE,GET,THE,A,to,for,-34.92985534667969,"[-3.6698527, -7.3000865, -4.779371, -7.3037887, -1.8386632, -8.856869, -1.1812214]"
the daughter promised us the coffee .,an aunt showed a tea to me .,DO,PD,PROMISE,SHOW,THE,A,to,to,-40.1719856262207,"[-5.7054563, -7.6547885, -7.3429403, -4.567709, -9.976061, -2.5569534, -1.5329053, -0.83517325]"
the daughter promised us the coffee .,an aunt showed me a tea .,DO,DO,PROMISE,SHOW,THE,A,to,to,-32.15549850463867,"[-5.7054563, -7.6547885, -7.3429403, -0.7884265, -1.8791751, -7.2547646, -1.5299473]"
the daughter promised you the beer .,a brother kept a chicken for me .,DO,PD,PROMISE,KEEP,THE,A,to,for,-35.83113479614258,"[-3.629016, -8.467321, -7.732745, -2.5534003, -6.3568153, -3.2367735, -2.9594054, -0.89565736]"
the daughter promised you the beer .,a brother kept me a chicken .,DO,DO,PROMISE,KEEP,THE,A,to,for,-35.3095703125,"[-3.629016, -8.467321, -7.732745, -4.084306, -4.513338, -5.7995796, -1.0832648]"
the daughter promised you the beer .,a guest sent a camera to me .,DO,PD,PROMISE,SEND,THE,A,to,to,-39.81865692138672,"[-3.629016, -7.9560204, -10.832953, -2.9702625, -8.795471, -1.274801, -3.0388665, -1.3212674]"
the daughter promised you the beer .,a guest sent me a camera .,DO,DO,PROMISE,SEND,THE,A,to,to,-35.59751892089844,"[-3.629016, -7.9560204, -10.832953, -1.1014651, -1.3414767, -9.075342, -1.6612449]"
the daughter promised you the juice .,a soldier brought a cup to us .,DO,PD,PROMISE,BRING,THE,A,to,to,-35.07989501953125,"[-3.6353915, -7.389444, -7.174034, -1.6059443, -6.764097, -3.4358718, -4.0624676, -1.0126456]"
the daughter promised you the juice .,a soldier brought us a cup .,DO,DO,PROMISE,BRING,THE,A,to,to,-34.17774963378906,"[-3.6353915, -7.389444, -7.174034, -4.391624, -2.1474776, -5.510064, -3.9297132]"
the daughter purchased it the juice .,a colonel got a meal for you .,DO,PD,PURCHASE,GET,THE,A,for,for,-45.172149658203125,"[-3.6789782, -10.644508, -7.387356, -2.3316512, -9.26012, -2.92663, -7.944348, -0.9985559]"
the daughter purchased it the juice .,a colonel got you a meal .,DO,DO,PURCHASE,GET,THE,A,for,for,-38.61334991455078,"[-3.6789782, -10.644508, -7.387356, -7.5417266, -1.8190277, -6.4141173, -1.1276363]"
the daughter purchased the candy for them .,a woman saved a plate for you .,PD,PD,PURCHASE,SAVE,THE,A,for,for,-39.8591194152832,"[-3.6530294, -3.703313, -8.2480345, -1.7085944, -11.558118, -3.841941, -6.327188, -0.818902]"
the daughter purchased the candy for them .,a woman saved you a plate .,PD,DO,PURCHASE,SAVE,THE,A,for,for,-42.00161361694336,"[-3.6530294, -3.703313, -8.2480345, -9.457366, -4.136154, -9.198509, -3.605207]"
the daughter purchased the candy for us .,a bishop showed a coffee to you .,PD,PD,PURCHASE,SHOW,THE,A,for,to,-46.203712463378906,"[-3.6534774, -9.435911, -7.9627304, -2.8649788, -10.251209, -3.4687798, -7.611368, -0.9552575]"
the daughter purchased the candy for us .,a bishop showed you a coffee .,PD,DO,PURCHASE,SHOW,THE,A,for,to,-42.0154914855957,"[-3.6534774, -9.435911, -7.9627304, -6.8386793, -1.991795, -8.428167, -3.7047315]"
the daughter purchased the juice for it .,a colonel got a meal for you .,PD,PD,PURCHASE,GET,THE,A,for,for,-42.776649475097656,"[-3.6523807, -10.728706, -7.6949196, -2.2941394, -8.931233, -1.544109, -7.0240955, -0.9070632]"
the daughter purchased the juice for it .,a colonel got you a meal .,PD,DO,PURCHASE,GET,THE,A,for,for,-39.21916580200195,"[-3.6523807, -10.728706, -7.6949196, -7.812508, -2.054774, -5.9011664, -1.3747088]"
the daughter purchased the juice for them .,an adult took a book to him .,PD,PD,PURCHASE,TAKE,THE,A,for,to,-36.83952331542969,"[-5.683431, -5.9433727, -7.0625443, -2.0127249, -8.128887, -2.461918, -4.2262397, -1.3204076]"
the daughter purchased the juice for them .,an adult took him a book .,PD,DO,PURCHASE,TAKE,THE,A,for,to,-40.979339599609375,"[-5.683431, -5.9433727, -7.0625443, -3.6628218, -6.898582, -9.02215, -2.7064383]"
the daughter purchased the juice for you .,a friend sent a coffee to me .,PD,PD,PURCHASE,SEND,THE,A,for,to,-30.770584106445312,"[-3.604091, -5.7654967, -4.0046854, -3.5379477, -9.693497, -1.738568, -1.1271926, -1.2991076]"
the daughter purchased the juice for you .,a friend sent me a coffee .,PD,DO,PURCHASE,SEND,THE,A,for,to,-25.812856674194336,"[-3.604091, -5.7654967, -4.0046854, -0.3514756, -1.3052585, -7.808091, -2.9737582]"
the daughter purchased them the candy .,a woman saved a plate for you .,DO,PD,PURCHASE,SAVE,THE,A,for,for,-43.10845947265625,"[-3.7344353, -3.8649423, -8.1801405, -2.37562, -11.875477, -5.0805583, -6.933914, -1.0633696]"
the daughter purchased them the candy .,a woman saved you a plate .,DO,DO,PURCHASE,SAVE,THE,A,for,for,-40.24333190917969,"[-3.7344353, -3.8649423, -8.1801405, -8.949765, -3.6774597, -8.813955, -3.0226336]"
the daughter purchased them the juice .,an adult took a book to him .,DO,PD,PURCHASE,TAKE,THE,A,for,to,-37.52339172363281,"[-5.6996374, -6.1198783, -7.1440177, -2.390531, -8.169806, -2.5562348, -4.08504, -1.3582474]"
the daughter purchased them the juice .,an adult took him a book .,DO,DO,PURCHASE,TAKE,THE,A,for,to,-37.49064636230469,"[-5.6996374, -6.1198783, -7.1440177, -3.1710916, -5.3886423, -8.183568, -1.783809]"
the daughter purchased us the candy .,a bishop showed a coffee to you .,DO,PD,PURCHASE,SHOW,THE,A,for,to,-48.34882354736328,"[-3.7086594, -9.491068, -7.7954235, -3.692253, -10.623577, -4.194559, -7.70109, -1.1421945]"
the daughter purchased us the candy .,a bishop showed you a coffee .,DO,DO,PURCHASE,SHOW,THE,A,for,to,-40.798309326171875,"[-3.7086594, -9.491068, -7.7954235, -6.491356, -2.0916386, -8.452565, -2.767601]"
the daughter purchased you the juice .,a friend sent a coffee to me .,DO,PD,PURCHASE,SEND,THE,A,for,to,-31.571033477783203,"[-3.6519077, -5.588869, -3.7268698, -4.800294, -9.837512, -2.0506, -0.7574896, -1.1574911]"
the daughter purchased you the juice .,a friend sent me a coffee .,DO,DO,PURCHASE,SEND,THE,A,for,to,-23.877248764038086,"[-3.6519077, -5.588869, -3.7268698, -0.17078097, -1.4736166, -7.221401, -2.0438025]"
the daughter saved him the crystal .,a physician showed a cigarette to it .,DO,PD,SAVE,SHOW,THE,A,for,to,-42.30792236328125,"[-3.6988504, -8.746759, -7.2797084, -3.1886234, -9.377903, -0.62560916, -8.049738, -1.3407283]"
the daughter saved him the crystal .,a physician showed it a cigarette .,DO,DO,SAVE,SHOW,THE,A,for,to,-38.35574722290039,"[-3.6988504, -8.746759, -7.2797084, -5.713068, -5.0643263, -6.718135, -1.1349001]"
the daughter saved it the crystal .,an employee fed a salad to him .,DO,PD,SAVE,FEED,THE,A,for,to,-39.398292541503906,"[-5.661516, -4.735404, -10.82635, -2.0317748, -7.365135, -1.5189159, -5.191001, -2.0681956]"
the daughter saved it the crystal .,an employee fed him a salad .,DO,DO,SAVE,FEED,THE,A,for,to,-34.49525833129883,"[-5.661516, -4.735404, -10.82635, -4.956848, -1.3755033, -5.6301594, -1.3094752]"
the daughter saved the coffee for them .,an actor showed a chicken to you .,PD,PD,SAVE,SHOW,THE,A,for,to,-43.6456413269043,"[-5.6767936, -6.690138, -7.420333, -3.0992439, -8.153486, -3.860498, -7.438725, -1.3064218]"
the daughter saved the coffee for them .,an actor showed you a chicken .,PD,DO,SAVE,SHOW,THE,A,for,to,-40.27970886230469,"[-5.6767936, -6.690138, -7.420333, -7.01793, -2.1229105, -8.55733, -2.794273]"
the daughter saved the coffee for us .,a secretary promised a meal to me .,PD,PD,SAVE,PROMISE,THE,A,for,to,-39.135257720947266,"[-3.6392667, -10.152642, -8.077179, -2.5710442, -6.4553833, -2.981487, -3.8283877, -1.4298682]"
the daughter saved the coffee for us .,a secretary promised me a meal .,PD,DO,SAVE,PROMISE,THE,A,for,to,-35.066307067871094,"[-3.6392667, -10.152642, -8.077179, -4.2716103, -1.7418513, -5.1742887, -2.009468]"
the daughter saved the crystal for him .,a physician showed a cigarette to it .,PD,PD,SAVE,SHOW,THE,A,for,to,-41.513023376464844,"[-3.6547923, -8.837742, -7.1962233, -3.0870185, -9.002616, -0.65708673, -7.9553046, -1.122241]"
the daughter saved the crystal for him .,a physician showed it a cigarette .,PD,DO,SAVE,SHOW,THE,A,for,to,-40.34956359863281,"[-3.6547923, -8.837742, -7.1962233, -5.640548, -6.065522, -7.7290344, -1.225701]"
the daughter saved the crystal for it .,an employee fed a salad to him .,PD,PD,SAVE,FEED,THE,A,for,to,-37.87788009643555,"[-5.664069, -4.6218176, -10.998337, -1.535235, -8.176933, -0.662061, -5.0793896, -1.1400379]"
the daughter saved the crystal for it .,an employee fed him a salad .,PD,DO,SAVE,FEED,THE,A,for,to,-33.88530731201172,"[-5.664069, -4.6218176, -10.998337, -4.2933354, -1.1248232, -5.6606646, -1.5222583]"
the daughter saved the crystal for you .,a princess bought a bag for them .,PD,PD,SAVE,BUY,THE,A,for,for,-37.308326721191406,"[-3.6298435, -9.895788, -7.3681526, -0.9130802, -4.9433913, -3.4092731, -6.146719, -1.0020796]"
the daughter saved the crystal for you .,a princess bought them a bag .,PD,DO,SAVE,BUY,THE,A,for,for,-38.62541198730469,"[-3.6298435, -9.895788, -7.3681526, -5.907402, -3.1844034, -5.436806, -3.2030165]"
the daughter saved the hat for us .,an aunt caught a computer for you .,PD,PD,SAVE,CATCH,THE,A,for,for,-42.14788818359375,"[-5.6927977, -7.7000217, -6.353842, -2.1662562, -11.076532, -4.584773, -3.7362466, -0.8374195]"
the daughter saved the hat for us .,an aunt caught you a computer .,PD,DO,SAVE,CATCH,THE,A,for,for,-45.62799072265625,"[-5.6927977, -7.7000217, -6.353842, -6.1073065, -5.700876, -11.5291, -2.5440483]"
the daughter saved the juice for us .,an administration designed a pot for it .,PD,PD,SAVE,DESIGN,THE,A,for,for,-46.09351348876953,"[-5.666676, -8.700399, -9.38869, -3.4756918, -9.11748, -2.205575, -6.5034304, -1.0355731]"
the daughter saved the juice for us .,an administration designed it a pot .,PD,DO,SAVE,DESIGN,THE,A,for,for,-49.364437103271484,"[-5.666676, -8.700399, -9.38869, -5.14915, -6.418398, -10.055737, -3.9853866]"
the daughter saved the juice for us .,a chief delivered a cigarette for you .,PD,PD,SAVE,DELIVER,THE,A,for,for,-43.623138427734375,"[-3.6455722, -9.173838, -12.025657, -1.0220693, -8.349499, -3.3739312, -5.1260505, -0.9065238]"
the daughter saved the juice for us .,a chief delivered you a cigarette .,PD,DO,SAVE,DELIVER,THE,A,for,for,-42.06401062011719,"[-3.6455722, -9.173838, -12.025657, -7.51386, -1.2114276, -7.378726, -1.1149294]"
the daughter saved them the coffee .,an actor showed a chicken to you .,DO,PD,SAVE,SHOW,THE,A,for,to,-44.37752914428711,"[-5.71506, -6.6418247, -7.248907, -3.258598, -8.511248, -4.2554646, -7.2848234, -1.4616027]"
the daughter saved them the coffee .,an actor showed you a chicken .,DO,DO,SAVE,SHOW,THE,A,for,to,-39.52541732788086,"[-5.71506, -6.6418247, -7.248907, -6.7534876, -2.0967975, -8.824478, -2.2448637]"
the daughter saved us the coffee .,a secretary promised a meal to me .,DO,PD,SAVE,PROMISE,THE,A,for,to,-38.847511291503906,"[-3.7070749, -10.141895, -7.923675, -2.7361531, -6.715061, -2.8387818, -3.2216907, -1.5631802]"
the daughter saved us the coffee .,a secretary promised me a meal .,DO,DO,SAVE,PROMISE,THE,A,for,to,-33.431480407714844,"[-3.7070749, -10.141895, -7.923675, -2.903606, -1.7654616, -5.384674, -1.6050966]"
the daughter saved us the hat .,an aunt caught a computer for you .,DO,PD,SAVE,CATCH,THE,A,for,for,-43.26783752441406,"[-5.705854, -7.710575, -6.078582, -2.6019545, -10.548655, -5.349066, -4.282813, -0.99033874]"
the daughter saved us the hat .,an aunt caught you a computer .,DO,DO,SAVE,CATCH,THE,A,for,for,-43.98637008666992,"[-5.705854, -7.710575, -6.078582, -5.065303, -5.744621, -11.4662485, -2.2151878]"
the daughter saved us the juice .,an administration designed a pot for it .,DO,PD,SAVE,DESIGN,THE,A,for,for,-47.499107360839844,"[-5.6900997, -8.711126, -8.727584, -4.8083086, -9.25041, -3.2869256, -6.0441628, -0.9804915]"
the daughter saved us the juice .,an administration designed it a pot .,DO,DO,SAVE,DESIGN,THE,A,for,for,-48.046878814697266,"[-5.6900997, -8.711126, -8.727584, -6.2202826, -6.3416314, -9.400019, -2.956137]"
the daughter saved us the juice .,a chief delivered a cigarette for you .,DO,PD,SAVE,DELIVER,THE,A,for,for,-45.57313537597656,"[-3.6979692, -9.159252, -11.970372, -1.2368126, -8.659069, -4.577824, -5.2043386, -1.0674975]"
the daughter saved us the juice .,a chief delivered you a cigarette .,DO,DO,SAVE,DELIVER,THE,A,for,for,-41.32704162597656,"[-3.6979692, -9.159252, -11.970372, -6.3319254, -1.5098714, -7.768465, -0.8891878]"
the daughter saved you the crystal .,a princess bought a bag for them .,DO,PD,SAVE,BUY,THE,A,for,for,-39.36520767211914,"[-3.6718833, -9.720771, -7.855725, -1.2867095, -5.4846864, -4.2479267, -6.0648527, -1.0326549]"
the daughter saved you the crystal .,a princess bought them a bag .,DO,DO,SAVE,BUY,THE,A,for,for,-37.80784606933594,"[-3.6718833, -9.720771, -7.855725, -5.867112, -2.1163046, -5.8854017, -2.6906486]"
the daughter sent me the beer .,an attorney designed a flower for you .,DO,PD,SEND,DESIGN,THE,A,to,for,-40.9542236328125,"[-5.660695, -5.3108153, -11.272438, -1.4849269, -9.057179, -2.1582718, -5.421929, -0.5879718]"
the daughter sent me the beer .,an attorney designed you a flower .,DO,DO,SEND,DESIGN,THE,A,to,for,-43.119911193847656,"[-5.660695, -5.3108153, -11.272438, -8.207918, -3.4016383, -8.441414, -0.82499087]"
the daughter sent me the hat .,a boy made a machine for us .,DO,PD,SEND,MAKE,THE,A,to,for,-34.61293411254883,"[-3.5990458, -6.528965, -6.724044, -1.2504816, -8.648041, -2.145258, -4.740208, -0.97689265]"
the daughter sent me the hat .,a boy made us a machine .,DO,DO,SEND,MAKE,THE,A,to,for,-35.9219856262207,"[-3.5990458, -6.528965, -6.724044, -5.9884396, -3.0892043, -8.928859, -1.0634291]"
the daughter sent the beer to me .,an attorney designed a flower for you .,PD,PD,SEND,DESIGN,THE,A,to,for,-39.43250274658203,"[-5.608459, -5.3752813, -11.106429, -1.1900226, -8.682881, -2.024111, -4.8238916, -0.6214287]"
the daughter sent the beer to me .,an attorney designed you a flower .,PD,DO,SEND,DESIGN,THE,A,to,for,-42.63259506225586,"[-5.608459, -5.3752813, -11.106429, -8.77219, -2.4044714, -8.250891, -1.1148717]"
the daughter sent the beer to them .,an actor showed a chicken to you .,PD,PD,SEND,SHOW,THE,A,to,to,-41.334449768066406,"[-5.6348867, -6.712675, -7.61158, -2.5391335, -7.6830263, -2.7309449, -7.3794737, -1.0427274]"
the daughter sent the beer to them .,an actor showed you a chicken .,PD,DO,SEND,SHOW,THE,A,to,to,-39.30820083618164,"[-5.6348867, -6.712675, -7.61158, -7.215389, -1.6205611, -7.970353, -2.5427556]"
the daughter sent the beer to you .,a girl brought a coffee to her .,PD,PD,SEND,BRING,THE,A,to,to,-29.80162811279297,"[-3.4895544, -6.5233784, -7.0924006, -1.0065837, -6.0489182, -0.24077691, -3.459794, -1.9402239]"
the daughter sent the beer to you .,a girl brought her a coffee .,PD,DO,SEND,BRING,THE,A,to,to,-32.128936767578125,"[-3.4895544, -6.5233784, -7.0924006, -3.021648, -6.039074, -4.7040243, -1.2588574]"
the daughter sent the beer to you .,a scientist gave a pie to me .,PD,PD,SEND,GIVE,THE,A,to,to,-32.5532112121582,"[-3.4895544, -8.115113, -6.8023043, -1.1841326, -8.053352, -0.116500475, -4.0623913, -0.7298626]"
the daughter sent the beer to you .,a scientist gave me a pie .,PD,DO,SEND,GIVE,THE,A,to,to,-30.82644271850586,"[-3.4895544, -8.115113, -6.8023043, -3.1341867, -0.58195585, -7.498314, -1.205014]"
the daughter sent the beer to you .,a bishop bought a chocolate for us .,PD,PD,SEND,BUY,THE,A,to,for,-42.77921676635742,"[-3.4895544, -9.776395, -10.169201, -0.7501728, -6.5341454, -5.4964046, -5.5631557, -1.0001891]"
the daughter sent the beer to you .,a bishop bought us a chocolate .,PD,DO,SEND,BUY,THE,A,to,for,-41.13778305053711,"[-3.4895544, -9.776395, -10.169201, -8.07386, -0.70807266, -5.336, -3.5847003]"
the daughter sent the hat to me .,a boy made a machine for us .,PD,PD,SEND,MAKE,THE,A,to,for,-34.933372497558594,"[-3.5251002, -6.6321893, -6.704611, -0.76016283, -8.981094, -1.9061619, -5.545365, -0.87868583]"
the daughter sent the hat to me .,a boy made us a machine .,PD,DO,SEND,MAKE,THE,A,to,for,-38.45556640625,"[-3.5251002, -6.6321893, -6.704611, -8.137602, -3.1785321, -9.33154, -0.9459933]"
the daughter sent the pie to us .,an actor sold a meal to me .,PD,PD,SEND,SELL,THE,A,to,to,-39.30298614501953,"[-5.65087, -6.8567142, -10.061323, -1.536264, -8.624914, -0.6991956, -4.782385, -1.0913179]"
the daughter sent the pie to us .,an actor sold me a meal .,PD,DO,SEND,SELL,THE,A,to,to,-39.3952522277832,"[-5.65087, -6.8567142, -10.061323, -6.126884, -0.9806105, -8.117413, -1.6014389]"
the daughter sent them the beer .,an actor showed a chicken to you .,DO,PD,SEND,SHOW,THE,A,to,to,-43.844444274902344,"[-5.6608133, -6.7023726, -7.513971, -3.030941, -8.097937, -3.5611825, -7.9466615, -1.3305644]"
the daughter sent them the beer .,an actor showed you a chicken .,DO,DO,SEND,SHOW,THE,A,to,to,-38.65116882324219,"[-5.6608133, -6.7023726, -7.513971, -6.945799, -1.8342346, -8.080027, -1.9139543]"
the daughter sent us the pie .,an actor sold a meal to me .,DO,PD,SEND,SELL,THE,A,to,to,-40.246246337890625,"[-5.6795473, -6.8048, -9.848957, -1.9108558, -8.587755, -1.2774019, -4.884036, -1.2528918]"
the daughter sent us the pie .,an actor sold me a meal .,DO,DO,SEND,SELL,THE,A,to,to,-35.492225646972656,"[-5.6795473, -6.8048, -9.848957, -4.327966, -1.1241736, -6.5881915, -1.1185876]"
the daughter sent you the beer .,a girl brought a coffee to her .,DO,PD,SEND,BRING,THE,A,to,to,-33.34233856201172,"[-3.536356, -6.3923416, -6.802949, -1.9973193, -6.138733, -1.3210722, -3.0467334, -4.1068354]"
the daughter sent you the beer .,a girl brought her a coffee .,DO,DO,SEND,BRING,THE,A,to,to,-31.571449279785156,"[-3.536356, -6.3923416, -6.802949, -3.1692305, -6.419711, -4.444989, -0.8058718]"
the daughter sent you the beer .,a scientist gave a pie to me .,DO,PD,SEND,GIVE,THE,A,to,to,-33.6102409362793,"[-3.536356, -7.98671, -6.5227156, -1.5658857, -8.477627, -0.28318968, -4.4523716, -0.7853852]"
the daughter sent you the beer .,a scientist gave me a pie .,DO,DO,SEND,GIVE,THE,A,to,to,-28.697080612182617,"[-3.536356, -7.98671, -6.5227156, -2.000803, -0.67216194, -7.3031816, -0.6751529]"
the daughter sent you the beer .,a bishop bought a chocolate for us .,DO,PD,SEND,BUY,THE,A,to,for,-43.26873016357422,"[-3.536356, -9.613543, -9.725578, -0.8322536, -6.9516134, -5.805252, -5.8678007, -0.9363349]"
the daughter sent you the beer .,a bishop bought us a chocolate .,DO,DO,SEND,BUY,THE,A,to,for,-38.982784271240234,"[-3.536356, -9.613543, -9.725578, -6.8377714, -0.87610984, -5.640187, -2.7532382]"
the daughter showed her the chicken .,a priest purchased a tea for them .,DO,PD,SHOW,PURCHASE,THE,A,to,for,-40.61787414550781,"[-3.5779905, -7.743133, -10.631706, -0.91059196, -7.2812457, -2.3989964, -6.803845, -1.2703652]"
the daughter showed her the chicken .,a priest purchased them a tea .,DO,DO,SHOW,PURCHASE,THE,A,to,for,-43.201629638671875,"[-3.5779905, -7.743133, -10.631706, -7.1258097, -4.5992994, -7.9114466, -1.6122413]"
the daughter showed it the chicken .,a colonel took a button to us .,DO,PD,SHOW,TAKE,THE,A,to,to,-47.10174560546875,"[-3.5736318, -11.011586, -5.6543946, -1.5871186, -10.095522, -3.461463, -10.615586, -1.1024413]"
the daughter showed it the chicken .,a colonel took us a button .,DO,DO,SHOW,TAKE,THE,A,to,to,-44.355281829833984,"[-3.5736318, -11.011586, -5.6543946, -6.2749734, -4.1337833, -11.529742, -2.1771708]"
the daughter showed me the cheese .,a teacher got a salad for you .,DO,PD,SHOW,GET,THE,A,to,for,-40.16578674316406,"[-3.6025486, -6.87728, -7.5981274, -1.6102785, -10.448303, -2.6736722, -6.4088407, -0.9467346]"
the daughter showed me the cheese .,a teacher got you a salad .,DO,DO,SHOW,GET,THE,A,to,for,-35.49645233154297,"[-3.6025486, -6.87728, -7.5981274, -8.783685, -1.2598372, -6.391636, -0.9833365]"
the daughter showed the cheese to me .,a teacher got a salad for you .,PD,PD,SHOW,GET,THE,A,to,for,-40.199798583984375,"[-3.5524197, -7.071149, -7.7988386, -1.3434635, -10.509567, -2.901322, -5.8577447, -1.1652938]"
the daughter showed the cheese to me .,a teacher got you a salad .,PD,DO,SHOW,GET,THE,A,to,for,-38.42882537841797,"[-3.5524197, -7.071149, -7.7988386, -9.148588, -1.2715385, -7.772211, -1.814083]"
the daughter showed the cheese to us .,a buddy took an anchor to him .,PD,PD,SHOW,TAKE,THE,A,to,to,-41.181861877441406,"[-3.5612283, -10.404992, -4.779144, -4.383873, -9.096163, -2.2274928, -5.585252, -1.143717]"
the daughter showed the cheese to us .,a buddy took him an anchor .,PD,DO,SHOW,TAKE,THE,A,to,to,-43.25879669189453,"[-3.5612283, -10.404992, -4.779144, -4.5117607, -7.525242, -10.065635, -2.4107964]"
the daughter showed the chicken to her .,a priest purchased a tea for them .,PD,PD,SHOW,PURCHASE,THE,A,to,for,-40.441280364990234,"[-3.5546234, -7.9220243, -10.630597, -0.8654785, -7.182265, -2.534979, -6.4820137, -1.2693001]"
the daughter showed the chicken to her .,a priest purchased them a tea .,PD,DO,SHOW,PURCHASE,THE,A,to,for,-45.49542999267578,"[-3.5546234, -7.9220243, -10.630597, -7.31378, -5.047988, -8.808008, -2.218407]"
the daughter showed the chicken to it .,a colonel took a button to us .,PD,PD,SHOW,TAKE,THE,A,to,to,-46.84718322753906,"[-3.5416443, -11.12964, -5.574689, -1.3079022, -9.534327, -3.0814223, -11.699062, -0.97849804]"
the daughter showed the chicken to it .,a colonel took us a button .,PD,DO,SHOW,TAKE,THE,A,to,to,-46.53947448730469,"[-3.5416443, -11.12964, -5.574689, -6.410248, -4.630546, -12.318643, -2.934067]"
the daughter showed the chocolate to us .,a mayor brought a coffee to me .,PD,PD,SHOW,BRING,THE,A,to,to,-35.535552978515625,"[-3.564306, -10.175347, -8.9689245, -1.5678642, -6.218086, -0.5669738, -3.5394244, -0.9346251]"
the daughter showed the chocolate to us .,a mayor brought me a coffee .,PD,DO,SHOW,BRING,THE,A,to,to,-36.17160415649414,"[-3.564306, -10.175347, -8.9689245, -6.649126, -1.3404243, -3.7930346, -1.680441]"
the daughter showed the juice to you .,a prince sent a pie to me .,PD,PD,SHOW,SEND,THE,A,to,to,-35.798118591308594,"[-3.5284848, -10.636767, -6.905303, -1.603661, -9.190214, -0.38675484, -2.8485448, -0.6983865]"
the daughter showed the juice to you .,a prince sent me a pie .,PD,DO,SHOW,SEND,THE,A,to,to,-35.348365783691406,"[-3.5284848, -10.636767, -6.905303, -3.9741893, -0.90877867, -8.093591, -1.3012544]"
the daughter showed us the cheese .,a buddy took an anchor to him .,DO,PD,SHOW,TAKE,THE,A,to,to,-41.35798645019531,"[-3.6056173, -10.0902195, -4.748744, -4.709318, -8.8796835, -2.8735924, -5.2806816, -1.1701307]"
the daughter showed us the cheese .,a buddy took him an anchor .,DO,DO,SHOW,TAKE,THE,A,to,to,-41.9176025390625,"[-3.6056173, -10.0902195, -4.748744, -4.0211964, -8.144976, -9.695412, -1.6114373]"
the daughter showed us the chocolate .,a mayor brought a coffee to me .,DO,PD,SHOW,BRING,THE,A,to,to,-36.52869415283203,"[-3.6136649, -10.152388, -8.579176, -1.6791382, -6.636485, -0.9414002, -3.8760848, -1.0503565]"
the daughter showed us the chocolate .,a mayor brought me a coffee .,DO,DO,SHOW,BRING,THE,A,to,to,-33.21329116821289,"[-3.6136649, -10.152388, -8.579176, -5.3835335, -1.2233232, -3.402917, -0.85829073]"
the daughter showed you the juice .,a prince sent a pie to me .,DO,PD,SHOW,SEND,THE,A,to,to,-37.65599822998047,"[-3.534696, -10.622421, -6.6378436, -1.5041248, -9.435121, -0.77184004, -4.335012, -0.8149402]"
the daughter showed you the juice .,a prince sent me a pie .,DO,DO,SHOW,SEND,THE,A,to,to,-33.435157775878906,"[-3.534696, -10.622421, -6.6378436, -4.0266905, -0.9928484, -6.8712053, -0.7494545]"
the daughter sold her the pie .,a guy supplied a salad to him .,DO,PD,SELL,SUPPLY,THE,A,to,to,-39.66431427001953,"[-3.617529, -7.3335266, -10.970351, -2.1276474, -7.3337784, -2.1903574, -5.2904882, -0.8006373]"
the daughter sold her the pie .,a guy supplied him a salad .,DO,DO,SELL,SUPPLY,THE,A,to,to,-36.49187469482422,"[-3.617529, -7.3335266, -10.970351, -4.9931297, -2.2240944, -6.4497714, -0.90346897]"
the daughter sold her the pot .,a soldier showed a tea to them .,DO,PD,SELL,SHOW,THE,A,to,to,-44.38178253173828,"[-3.593687, -7.255851, -7.2975645, -3.585828, -11.014999, -3.6648521, -7.095077, -0.8739264]"
the daughter sold her the pot .,a soldier showed them a tea .,DO,DO,SELL,SHOW,THE,A,to,to,-38.05701446533203,"[-3.593687, -7.255851, -7.2975645, -5.5004897, -1.5170794, -9.923541, -2.9688]"
the daughter sold him the anchor .,a colonel found a meal for me .,DO,PD,SELL,FIND,THE,A,to,for,-41.25410079956055,"[-3.6221786, -10.398057, -6.376783, -1.9950769, -8.640563, -2.739255, -5.412965, -2.0692234]"
the daughter sold him the anchor .,a colonel found me a meal .,DO,DO,SELL,FIND,THE,A,to,for,-38.1524658203125,"[-3.6221786, -10.398057, -6.376783, -5.853016, -2.8656962, -6.6170287, -2.4197044]"
the daughter sold him the beer .,a pilot found a wire for them .,DO,PD,SELL,FIND,THE,A,to,for,-42.62902069091797,"[-3.59338, -7.762493, -5.7479143, -1.6680897, -8.719723, -5.301529, -7.978529, -1.8573616]"
the daughter sold him the beer .,a pilot found them a wire .,DO,DO,SELL,FIND,THE,A,to,for,-40.11760711669922,"[-3.59338, -7.762493, -5.7479143, -5.993284, -4.932393, -10.393053, -1.6950862]"
the daughter sold it the pot .,a boy made a machine for us .,DO,PD,SELL,MAKE,THE,A,to,for,-38.39111328125,"[-3.6221228, -6.530392, -6.809347, -1.2098283, -9.535468, -3.375403, -6.126962, -1.181589]"
the daughter sold it the pot .,a boy made us a machine .,DO,DO,SELL,MAKE,THE,A,to,for,-38.222572326660156,"[-3.6221228, -6.530392, -6.809347, -7.498845, -3.234024, -9.4470215, -1.0808207]"
the daughter sold me the anchor .,a guy designed a computer for you .,DO,PD,SELL,DESIGN,THE,A,to,for,-35.182891845703125,"[-3.6036615, -7.2209005, -9.370304, -1.2235582, -6.0621395, -2.6345758, -4.3073444, -0.7604094]"
the daughter sold me the anchor .,a guy designed you a computer .,DO,DO,SELL,DESIGN,THE,A,to,for,-36.750492095947266,"[-3.6036615, -7.2209005, -9.370304, -6.154524, -2.5534525, -6.6276846, -1.219965]"
the daughter sold the anchor to him .,a colonel found a meal for me .,PD,PD,SELL,FIND,THE,A,to,for,-41.02562713623047,"[-3.589429, -10.548042, -6.5867386, -1.7967936, -8.608191, -2.7789726, -5.1627235, -1.9547368]"
the daughter sold the anchor to him .,a colonel found me a meal .,PD,DO,SELL,FIND,THE,A,to,for,-38.95940399169922,"[-3.589429, -10.548042, -6.5867386, -6.354337, -2.903168, -6.457611, -2.5200808]"
the daughter sold the anchor to me .,a guy designed a computer for you .,PD,PD,SELL,DESIGN,THE,A,to,for,-34.785400390625,"[-3.5571365, -7.3337507, -9.442669, -1.0594448, -6.2407455, -2.4866023, -3.9049363, -0.7601166]"
the daughter sold the anchor to me .,a guy designed you a computer .,PD,DO,SELL,DESIGN,THE,A,to,for,-37.16441345214844,"[-3.5571365, -7.3337507, -9.442669, -6.902242, -1.6373614, -6.7490215, -1.5422332]"
the daughter sold the beer to him .,a pilot found a wire for them .,PD,PD,SELL,FIND,THE,A,to,for,-42.241703033447266,"[-3.5838306, -7.7829394, -5.8158417, -1.5219401, -8.478376, -5.459917, -7.612739, -1.9861193]"
the daughter sold the beer to him .,a pilot found them a wire .,PD,DO,SELL,FIND,THE,A,to,for,-41.28407287597656,"[-3.5838306, -7.7829394, -5.8158417, -6.3231688, -5.021624, -10.590221, -2.16645]"
the daughter sold the beer to them .,a writer kept a juice for us .,PD,PD,SELL,KEEP,THE,A,to,for,-47.830684661865234,"[-3.5741029, -7.9644833, -9.170906, -2.4757984, -13.0432625, -5.4956813, -4.8432937, -1.2631562]"
the daughter sold the beer to them .,a writer kept us a juice .,PD,DO,SELL,KEEP,THE,A,to,for,-47.72148132324219,"[-3.5741029, -7.9644833, -9.170906, -5.889407, -5.6555433, -12.812807, -2.6542313]"
the daughter sold the beer to you .,a minister fed a candy to me .,PD,PD,SELL,FEED,THE,A,to,to,-39.957611083984375,"[-3.5520587, -9.224663, -10.544526, -1.7599021, -8.375568, -0.911393, -4.686593, -0.9029085]"
the daughter sold the beer to you .,a minister fed me a candy .,PD,DO,SELL,FEED,THE,A,to,to,-37.894081115722656,"[-3.5520587, -9.224663, -10.544526, -4.053652, -1.0627633, -6.9881177, -2.4683022]"
the daughter sold the pie to her .,a guy supplied a salad to him .,PD,PD,SELL,SUPPLY,THE,A,to,to,-36.621612548828125,"[-3.598735, -7.3187246, -10.963872, -2.176694, -7.5712576, -0.9810991, -3.3508706, -0.6603585]"
the daughter sold the pie to her .,a guy supplied him a salad .,PD,DO,SELL,SUPPLY,THE,A,to,to,-37.95985794067383,"[-3.598735, -7.3187246, -10.963872, -5.338602, -2.3463964, -7.1555004, -1.2380261]"
the daughter sold the pot to her .,a soldier showed a tea to them .,PD,PD,SELL,SHOW,THE,A,to,to,-41.449867248535156,"[-3.575507, -7.3483663, -7.3662806, -3.3228078, -10.711372, -2.240805, -6.209771, -0.67495733]"
the daughter sold the pot to her .,a soldier showed them a tea .,PD,DO,SELL,SHOW,THE,A,to,to,-38.047271728515625,"[-3.575507, -7.3483663, -7.3662806, -5.183583, -1.550008, -9.627695, -3.395835]"
the daughter sold the pot to it .,a boy made a machine for us .,PD,PD,SELL,MAKE,THE,A,to,for,-39.4978141784668,"[-3.5889442, -6.440945, -6.860202, -0.9113536, -9.828995, -2.7449203, -7.8144083, -1.3080447]"
the daughter sold the pot to it .,a boy made us a machine .,PD,DO,SELL,MAKE,THE,A,to,for,-40.38922119140625,"[-3.5889442, -6.440945, -6.860202, -8.464281, -3.971152, -9.691503, -1.3721923]"
the daughter sold them the beer .,a writer kept a juice for us .,DO,PD,SELL,KEEP,THE,A,to,for,-48.71648406982422,"[-3.6207037, -7.9330716, -9.06224, -2.9094117, -13.336932, -5.935627, -4.67138, -1.2471172]"
the daughter sold them the beer .,a writer kept us a juice .,DO,DO,SELL,KEEP,THE,A,to,for,-45.99241256713867,"[-3.6207037, -7.9330716, -9.06224, -5.6378603, -5.646617, -12.329686, -1.7622344]"
the daughter sold you the beer .,a minister fed a candy to me .,DO,PD,SELL,FEED,THE,A,to,to,-43.32910919189453,"[-3.5705707, -9.182905, -10.370302, -1.9395788, -8.734493, -2.9469888, -5.7266626, -0.8576034]"
the daughter sold you the beer .,a minister fed me a candy .,DO,DO,SELL,FEED,THE,A,to,to,-36.70317840576172,"[-3.5705707, -9.182905, -10.370302, -3.3204591, -1.1165563, -7.639246, -1.5031406]"
the daughter supplied him the chicken .,a woman sold a newspaper to you .,DO,PD,SUPPLY,SELL,THE,A,to,to,-39.129798889160156,"[-3.648602, -3.7105057, -8.237663, -2.2123432, -9.585852, -1.4145161, -8.384453, -1.9358654]"
the daughter supplied him the chicken .,a woman sold you a newspaper .,DO,DO,SUPPLY,SELL,THE,A,to,to,-36.36979293823242,"[-3.648602, -3.7105057, -8.237663, -8.347018, -1.1761099, -9.607764, -1.6421286]"
the daughter supplied it the wire .,an uncle saved an anchor for us .,DO,PD,SUPPLY,SAVE,THE,A,to,for,-43.900638580322266,"[-5.6776514, -8.4505005, -9.143024, -4.763225, -8.037592, -3.2664351, -3.5051274, -1.057082]"
the daughter supplied it the wire .,an uncle saved us an anchor .,DO,DO,SUPPLY,SAVE,THE,A,to,for,-44.99162673950195,"[-5.6776514, -8.4505005, -9.143024, -4.92028, -4.4915514, -10.337782, -1.9708377]"
the daughter supplied me the meal .,a singer showed a pie to you .,DO,PD,SUPPLY,SHOW,THE,A,to,to,-47.90958786010742,"[-3.6680198, -9.845842, -8.546259, -3.5298371, -10.01768, -2.4887753, -7.9744434, -1.8387299]"
the daughter supplied me the meal .,a singer showed you a pie .,DO,DO,SUPPLY,SHOW,THE,A,to,to,-42.19976806640625,"[-3.6680198, -9.845842, -8.546259, -6.225722, -2.4634562, -9.458851, -1.9916202]"
the daughter supplied the chicken to him .,a woman sold a newspaper to you .,PD,PD,SUPPLY,SELL,THE,A,to,to,-37.7776985168457,"[-3.6374555, -3.7508702, -8.240751, -2.2335339, -9.420847, -0.71956515, -8.104397, -1.6702797]"
the daughter supplied the chicken to him .,a woman sold you a newspaper .,PD,DO,SUPPLY,SELL,THE,A,to,to,-36.5440559387207,"[-3.6374555, -3.7508702, -8.240751, -8.65655, -1.1474674, -9.0631695, -2.047793]"
the daughter supplied the chocolate to them .,a winner delivered a beer for me .,PD,PD,SUPPLY,DELIVER,THE,A,to,for,-40.86918640136719,"[-3.6277647, -10.199143, -9.31578, -1.5337667, -6.2643223, -3.9289408, -4.650616, -1.3488531]"
the daughter supplied the chocolate to them .,a winner delivered me a beer .,PD,DO,SUPPLY,DELIVER,THE,A,to,for,-38.50093460083008,"[-3.6277647, -10.199143, -9.31578, -7.49183, -1.0589707, -5.216706, -1.5907389]"
the daughter supplied the meal to me .,a singer showed a pie to you .,PD,PD,SUPPLY,SHOW,THE,A,to,to,-44.651737213134766,"[-3.6363683, -9.832165, -8.416117, -3.409092, -9.531774, -1.2991414, -7.336752, -1.1903287]"
the daughter supplied the meal to me .,a singer showed you a pie .,PD,DO,SUPPLY,SHOW,THE,A,to,to,-42.67460632324219,"[-3.6363683, -9.832165, -8.416117, -6.5029793, -2.313352, -9.297343, -2.6762786]"
