prime_sentence,target_sentence,prime_structure,target_structure,prime_verb,target_verb,prime_det,target_det,prime_prep,target_prep,log_prob,probs
the nurse gave them the juice .,a winner delivered a beer for me .,DO,PD,GIVE,DELIVER,THE,A,to,for,-39.368141174316406,"[-3.5683365, -10.4237385, -10.003097, -1.868284, -6.6041675, -2.9273434, -3.0951557, -0.878016]"
the nurse gave them the juice .,a winner delivered me a beer .,DO,DO,GIVE,DELIVER,THE,A,to,for,-37.204490661621094,"[-3.5683365, -10.4237385, -10.003097, -6.367872, -1.1660706, -4.6663003, -1.0090777]"
the nurse gave us the coffee .,a cousin showed a tea to me .,DO,PD,GIVE,SHOW,THE,A,to,to,-38.45228958129883,"[-3.5919278, -8.94091, -6.8683753, -5.4778566, -10.000878, -1.7084992, -1.191011, -0.6728315]"
the nurse gave us the coffee .,a cousin showed me a tea .,DO,DO,GIVE,SHOW,THE,A,to,to,-30.553104400634766,"[-3.5919278, -8.94091, -6.8683753, -0.41028488, -2.0426102, -7.4572577, -1.2417368]"
the nurse gave you the beer .,an actress saved a tea for us .,DO,PD,GIVE,SAVE,THE,A,to,for,-46.091224670410156,"[-5.632704, -6.9600105, -10.311481, -1.4439797, -11.579546, -4.068366, -5.2211494, -0.87398887]"
the nurse gave you the beer .,an actress saved us a tea .,DO,DO,GIVE,SAVE,THE,A,to,for,-42.50981521606445,"[-5.632704, -6.9600105, -10.311481, -5.8540263, -3.1754415, -9.657241, -0.9189097]"
the nurse gave you the iron .,a sheriff saved a computer for us .,DO,PD,GIVE,SAVE,THE,A,to,for,-43.56250762939453,"[-3.523, -8.288303, -10.30722, -0.9490466, -9.6500225, -3.8389292, -6.261346, -0.74463904]"
the nurse gave you the iron .,a sheriff saved us a computer .,DO,DO,GIVE,SAVE,THE,A,to,for,-45.52520751953125,"[-3.523, -8.288303, -10.30722, -6.4963975, -4.0983696, -11.085732, -1.7261875]"
the nurse got the beer for us .,a son showed a cheese to them .,PD,PD,GET,SHOW,THE,A,for,to,-46.629215240478516,"[-3.510837, -8.552397, -6.6729183, -3.092628, -11.939238, -4.3855314, -7.36782, -1.1078459]"
the nurse got the beer for us .,a son showed them a cheese .,PD,DO,GET,SHOW,THE,A,for,to,-40.18011474609375,"[-3.510837, -8.552397, -6.6729183, -4.988683, -1.7121425, -9.984556, -4.758577]"
the nurse got the beer for you .,a lawyer kept a juice for it .,PD,PD,GET,KEEP,THE,A,for,for,-48.41033172607422,"[-3.4990144, -6.724984, -11.481957, -1.5658932, -13.982321, -3.1698766, -7.019556, -0.9667289]"
the nurse got the beer for you .,a lawyer kept it a juice .,PD,DO,GET,KEEP,THE,A,for,for,-45.25104522705078,"[-3.4990144, -6.724984, -11.481957, -4.4603977, -1.8458543, -15.463434, -1.7754023]"
the nurse got us the beer .,a son showed a cheese to them .,DO,PD,GET,SHOW,THE,A,for,to,-46.865882873535156,"[-3.5721958, -8.514961, -6.571787, -3.9566584, -12.118699, -4.038947, -7.2451982, -0.84743834]"
the nurse got us the beer .,a son showed them a cheese .,DO,DO,GET,SHOW,THE,A,for,to,-37.80908203125,"[-3.5721958, -8.514961, -6.571787, -5.128764, -1.8132949, -9.657196, -2.5508819]"
the nurse got you the beer .,a lawyer kept a juice for it .,DO,PD,GET,KEEP,THE,A,for,for,-49.350257873535156,"[-3.524269, -6.6601624, -10.685287, -1.7646234, -14.009721, -4.754243, -7.190777, -0.76117736]"
the nurse got you the beer .,a lawyer kept it a juice .,DO,DO,GET,KEEP,THE,A,for,for,-43.65156936645508,"[-3.524269, -6.6601624, -10.685287, -4.566168, -1.9549506, -15.455779, -0.8049519]"
the nurse kept her the pie .,a chief delivered a flower for you .,DO,PD,KEEP,DELIVER,THE,A,for,for,-46.1979866027832,"[-3.5598817, -9.050707, -12.760116, -0.6736279, -9.013489, -3.4364262, -6.616109, -1.0876327]"
the nurse kept her the pie .,a chief delivered you a flower .,DO,DO,KEEP,DELIVER,THE,A,for,for,-43.93653869628906,"[-3.5598817, -9.050707, -12.760116, -9.074345, -0.77643096, -7.8082666, -0.90679276]"
the nurse kept her the tea .,an opponent took a glass to it .,DO,PD,KEEP,TAKE,THE,A,for,to,-40.77296447753906,"[-5.6507654, -8.333606, -5.7522225, -1.2850149, -8.181812, -4.451956, -6.395562, -0.7220228]"
the nurse kept her the tea .,an opponent took it a glass .,DO,DO,KEEP,TAKE,THE,A,for,to,-42.051063537597656,"[-5.6507654, -8.333606, -5.7522225, -3.9218261, -4.9314547, -11.419661, -2.0415313]"
the nurse kept him the chicken .,an employee left a coffee for them .,DO,PD,KEEP,LEAVE,THE,A,for,for,-35.894287109375,"[-5.6438932, -4.1463985, -7.445274, -1.3858491, -6.1046486, -4.1822224, -5.60025, -1.3857504]"
the nurse kept him the chicken .,an employee left them a coffee .,DO,DO,KEEP,LEAVE,THE,A,for,for,-31.884328842163086,"[-5.6438932, -4.1463985, -7.445274, -5.532961, -1.5112952, -5.940569, -1.6639371]"
the nurse kept it the chicken .,a sheriff purchased a bottle for you .,DO,PD,KEEP,PURCHASE,THE,A,for,for,-44.138729095458984,"[-3.5403666, -7.9728365, -11.972601, -0.8258337, -6.3411274, -5.143641, -7.3347893, -1.0075337]"
the nurse kept it the chicken .,a sheriff purchased you a bottle .,DO,DO,KEEP,PURCHASE,THE,A,for,for,-41.55496597290039,"[-3.5403666, -7.9728365, -11.972601, -8.83535, -0.6353976, -4.9363327, -3.6620805]"
the nurse kept me the chicken .,a father sent a cup to you .,DO,PD,KEEP,SEND,THE,A,for,to,-41.937278747558594,"[-3.538295, -6.442644, -6.715764, -1.5408137, -9.040008, -4.0221725, -9.055839, -1.5817419]"
the nurse kept me the chicken .,a father sent you a cup .,DO,DO,KEEP,SEND,THE,A,for,to,-36.52878189086914,"[-3.538295, -6.442644, -6.715764, -8.072033, -0.832233, -6.4861813, -4.4416304]"
the nurse kept the chicken for him .,an employee left a coffee for them .,PD,PD,KEEP,LEAVE,THE,A,for,for,-34.31377029418945,"[-5.655908, -4.0132933, -7.8240237, -1.2309988, -6.0186157, -3.249596, -5.056754, -1.2645819]"
the nurse kept the chicken for him .,an employee left them a coffee .,PD,DO,KEEP,LEAVE,THE,A,for,for,-36.888832092285156,"[-5.655908, -4.0132933, -7.8240237, -6.571166, -4.1018248, -6.1508274, -2.571791]"
the nurse kept the chicken for it .,a sheriff purchased a bottle for you .,PD,PD,KEEP,PURCHASE,THE,A,for,for,-42.77684020996094,"[-3.5537567, -8.049822, -11.624914, -0.91059655, -5.7526574, -4.548829, -7.374065, -0.96219635]"
the nurse kept the chicken for it .,a sheriff purchased you a bottle .,PD,DO,KEEP,PURCHASE,THE,A,for,for,-41.9706916809082,"[-3.5537567, -8.049822, -11.624914, -8.944527, -0.8218397, -4.6983566, -4.277476]"
the nurse kept the chicken for me .,a father sent a cup to you .,PD,PD,KEEP,SEND,THE,A,for,to,-41.9685173034668,"[-3.5310383, -6.545332, -6.7909427, -1.4286265, -8.517316, -4.0109997, -9.761037, -1.3832246]"
the nurse kept the chicken for me .,a father sent you a cup .,PD,DO,KEEP,SEND,THE,A,for,to,-37.145591735839844,"[-3.5310383, -6.545332, -6.7909427, -8.444209, -1.0445168, -6.0574126, -4.732142]"
the nurse kept the chicken for them .,a cop left a candy for you .,PD,PD,KEEP,LEAVE,THE,A,for,for,-37.47997283935547,"[-3.5547314, -7.9343805, -6.929901, -1.2967628, -8.049919, -3.1960373, -5.4333034, -1.0849382]"
the nurse kept the chicken for them .,a cop left you a candy .,PD,DO,KEEP,LEAVE,THE,A,for,for,-35.91459655761719,"[-3.5547314, -7.9343805, -6.929901, -6.661262, -1.7893955, -6.645847, -2.399081]"
the nurse kept the chicken for them .,a chief left a coffee for us .,PD,PD,KEEP,LEAVE,THE,A,for,for,-41.596763610839844,"[-3.5547314, -9.07695, -9.155648, -2.3803372, -6.8761263, -4.078334, -4.99555, -1.4790835]"
the nurse kept the chicken for them .,a chief left us a coffee .,PD,DO,KEEP,LEAVE,THE,A,for,for,-40.76040267944336,"[-3.5547314, -9.07695, -9.155648, -6.349522, -2.022121, -8.09116, -2.5102694]"
the nurse kept the chicken for you .,a scientist found a coffee for them .,PD,PD,KEEP,FIND,THE,A,for,for,-38.195289611816406,"[-3.5308752, -7.6459384, -4.768981, -0.89953554, -8.926226, -5.1138954, -6.5272584, -0.78258157]"
the nurse kept the chicken for you .,a scientist found them a coffee .,PD,DO,KEEP,FIND,THE,A,for,for,-39.50445556640625,"[-3.5308752, -7.6459384, -4.768981, -7.080506, -4.5555325, -9.677519, -2.2451043]"
the nurse kept the chicken for you .,an employee delivered a beer for us .,PD,PD,KEEP,DELIVER,THE,A,for,for,-33.114532470703125,"[-5.662449, -4.180961, -9.263456, -0.880358, -6.016279, -2.5719612, -3.7051213, -0.8339453]"
the nurse kept the chicken for you .,an employee delivered us a beer .,PD,DO,KEEP,DELIVER,THE,A,for,for,-34.096946716308594,"[-5.662449, -4.180961, -9.263456, -7.321102, -0.9154593, -5.0997353, -1.653786]"
the nurse kept the juice for us .,a brother drew a jacket for me .,PD,PD,KEEP,DRAW,THE,A,for,for,-37.80036163330078,"[-3.5438013, -9.078867, -8.735374, -1.0435854, -9.8739, -2.9326286, -1.6016188, -0.9905828]"
the nurse kept the juice for us .,a brother drew me a jacket .,PD,DO,KEEP,DRAW,THE,A,for,for,-37.888832092285156,"[-3.5438013, -9.078867, -8.735374, -4.71197, -1.2624255, -8.942387, -1.6140063]"
the nurse kept the juice for us .,an aunt caught a computer for you .,PD,PD,KEEP,CATCH,THE,A,for,for,-43.142398834228516,"[-5.6955404, -7.9352307, -7.921706, -1.9861995, -10.668328, -4.2859955, -3.8079233, -0.8414735]"
the nurse kept the juice for us .,an aunt caught you a computer .,PD,DO,KEEP,CATCH,THE,A,for,for,-46.101627349853516,"[-5.6955404, -7.9352307, -7.921706, -6.4024305, -5.3671036, -10.5900345, -2.18958]"
the nurse kept the pie for her .,a chief delivered a flower for you .,PD,PD,KEEP,DELIVER,THE,A,for,for,-44.91021728515625,"[-3.5597887, -9.109013, -12.657717, -0.8399579, -8.814796, -2.3954983, -6.3213563, -1.2120882]"
the nurse kept the pie for her .,a chief delivered you a flower .,PD,DO,KEEP,DELIVER,THE,A,for,for,-44.49062728881836,"[-3.5597887, -9.109013, -12.657717, -9.062592, -0.9221588, -7.840953, -1.3384061]"
the nurse kept the tea for her .,an opponent took a glass to it .,PD,PD,KEEP,TAKE,THE,A,for,to,-40.333526611328125,"[-5.6632147, -8.328301, -5.738063, -1.4224452, -7.8292303, -4.6955633, -5.695845, -0.9608629]"
the nurse kept the tea for her .,an opponent took it a glass .,PD,DO,KEEP,TAKE,THE,A,for,to,-43.47997283935547,"[-5.6632147, -8.328301, -5.738063, -3.8839912, -5.367197, -11.449247, -3.0499566]"
the nurse kept them the chicken .,a cop left a candy for you .,DO,PD,KEEP,LEAVE,THE,A,for,for,-39.248878479003906,"[-3.561393, -7.7983437, -6.843128, -1.3495929, -8.468307, -4.474431, -5.711827, -1.0418562]"
the nurse kept them the chicken .,a cop left you a candy .,DO,DO,KEEP,LEAVE,THE,A,for,for,-33.85536575317383,"[-3.561393, -7.7983437, -6.843128, -6.0239925, -1.4234458, -6.708343, -1.4967196]"
the nurse kept them the chicken .,a chief left a coffee for us .,DO,PD,KEEP,LEAVE,THE,A,for,for,-43.92523956298828,"[-3.561393, -9.074655, -9.097133, -2.6087704, -7.347423, -5.0723577, -5.6969385, -1.4665687]"
the nurse kept them the chicken .,a chief left us a coffee .,DO,DO,KEEP,LEAVE,THE,A,for,for,-38.55181884765625,"[-3.561393, -9.074655, -9.097133, -5.727831, -1.5542859, -8.046249, -1.4902755]"
the nurse kept us the juice .,a brother drew a jacket for me .,DO,PD,KEEP,DRAW,THE,A,for,for,-40.264888763427734,"[-3.5458179, -8.95331, -8.745858, -1.0727053, -9.927158, -4.2617817, -2.4006414, -1.3576158]"
the nurse kept us the juice .,a brother drew me a jacket .,DO,DO,KEEP,DRAW,THE,A,for,for,-35.76769256591797,"[-3.5458179, -8.95331, -8.745858, -3.9813652, -0.8355188, -8.490216, -1.2156049]"
the nurse kept us the juice .,an aunt caught a computer for you .,DO,PD,KEEP,CATCH,THE,A,for,for,-45.436256408691406,"[-5.679933, -7.905113, -7.915942, -2.1514983, -10.617761, -4.8637614, -5.423193, -0.8790573]"
the nurse kept us the juice .,an aunt caught you a computer .,DO,DO,KEEP,CATCH,THE,A,for,for,-41.19843292236328,"[-5.679933, -7.905113, -7.915942, -5.333326, -2.9135735, -9.889806, -1.5607414]"
the nurse kept you the chicken .,a scientist found a coffee for them .,DO,PD,KEEP,FIND,THE,A,for,for,-40.10442352294922,"[-3.5130548, -7.7919483, -4.8023796, -0.80452543, -9.13738, -6.243332, -6.792535, -1.0192721]"
the nurse kept you the chicken .,a scientist found them a coffee .,DO,DO,KEEP,FIND,THE,A,for,for,-37.52849578857422,"[-3.5130548, -7.7919483, -4.8023796, -6.947399, -4.25445, -8.194874, -2.0243897]"
the nurse kept you the chicken .,an employee delivered a beer for us .,DO,PD,KEEP,DELIVER,THE,A,for,for,-36.05149459838867,"[-5.649576, -4.2318172, -9.183951, -0.7789384, -6.295739, -3.686515, -5.203519, -1.0214368]"
the nurse kept you the chicken .,an employee delivered us a beer .,DO,DO,KEEP,DELIVER,THE,A,for,for,-33.0188102722168,"[-5.649576, -4.2318172, -9.183951, -6.4387474, -0.7005137, -5.427991, -1.3862112]"
the nurse left her the engine .,a singer showed a cheese to us .,DO,PD,LEAVE,SHOW,THE,A,for,to,-52.64424133300781,"[-3.5172353, -10.065268, -8.873845, -3.1679115, -12.16239, -5.3313875, -7.5549297, -1.9712715]"
the nurse left her the engine .,a singer showed us a cheese .,DO,DO,LEAVE,SHOW,THE,A,for,to,-46.109840393066406,"[-3.5172353, -10.065268, -8.873845, -5.3691397, -1.7656189, -12.181499, -4.337237]"
the nurse left her the salad .,a colonel made a computer for it .,DO,PD,LEAVE,MAKE,THE,A,for,for,-39.977149963378906,"[-3.584575, -10.979323, -6.408358, -1.201714, -8.981442, -3.6236122, -4.507889, -0.69023645]"
the nurse left her the salad .,a colonel made it a computer .,DO,DO,LEAVE,MAKE,THE,A,for,for,-42.027923583984375,"[-3.584575, -10.979323, -6.408358, -3.4776597, -3.2712755, -11.739503, -2.5672278]"
the nurse left him the salad .,a candidate threw a cigarette to you .,DO,PD,LEAVE,THROW,THE,A,for,to,-40.64411926269531,"[-3.6178718, -8.62459, -7.2045074, -0.7840072, -6.352544, -4.449082, -8.033422, -1.5780967]"
the nurse left him the salad .,a candidate threw you a cigarette .,DO,DO,LEAVE,THROW,THE,A,for,to,-39.794700622558594,"[-3.6178718, -8.62459, -7.2045074, -9.944038, -0.5462341, -8.504757, -1.3527002]"
the nurse left it the chicken .,a minister showed a tea to him .,DO,PD,LEAVE,SHOW,THE,A,for,to,-44.7236328125,"[-3.5098538, -9.413066, -9.112708, -1.7915273, -9.725514, -3.208533, -6.331962, -1.6304649]"
the nurse left it the chicken .,a minister showed him a tea .,DO,DO,LEAVE,SHOW,THE,A,for,to,-38.08344268798828,"[-3.5098538, -9.413066, -9.112708, -4.6676145, -0.8294288, -7.89271, -2.6580627]"
the nurse left it the tea .,a boy fed a cheese to us .,DO,PD,LEAVE,FEED,THE,A,for,to,-43.20487976074219,"[-3.5363483, -6.4613404, -10.161978, -1.3222139, -6.1622753, -4.043367, -9.100121, -2.4172382]"
the nurse left it the tea .,a boy fed us a cheese .,DO,DO,LEAVE,FEED,THE,A,for,to,-39.53972244262695,"[-3.5363483, -6.4613404, -10.161978, -8.755837, -2.0060596, -6.1585655, -2.4595938]"
the nurse left me the box .,a bishop bought a chocolate for us .,DO,PD,LEAVE,BUY,THE,A,for,for,-43.32182312011719,"[-3.571446, -9.565941, -9.596436, -1.1321867, -7.5687985, -6.1563716, -4.521253, -1.2093887]"
the nurse left me the box .,a bishop bought us a chocolate .,DO,DO,LEAVE,BUY,THE,A,for,for,-39.718482971191406,"[-3.571446, -9.565941, -9.596436, -5.2999163, -0.66944766, -6.122782, -4.892514]"
the nurse left the beer for you .,a sheriff took a book to us .,PD,PD,LEAVE,TAKE,THE,A,for,to,-42.766441345214844,"[-3.5214348, -8.268064, -6.7524295, -1.1735401, -9.878917, -3.210421, -8.299494, -1.6621447]"
the nurse left the beer for you .,a sheriff took us a book .,PD,DO,LEAVE,TAKE,THE,A,for,to,-43.65732955932617,"[-3.5214348, -8.268064, -6.7524295, -7.333641, -4.2051487, -10.9353075, -2.641305]"
the nurse left the bowl for us .,a soldier bought a meal for him .,PD,PD,LEAVE,BUY,THE,A,for,for,-33.06528091430664,"[-3.5823526, -7.0522537, -9.392817, -0.8458016, -5.6352816, -0.6971281, -4.2795463, -1.5801008]"
the nurse left the bowl for us .,a soldier bought him a meal .,PD,DO,LEAVE,BUY,THE,A,for,for,-31.259605407714844,"[-3.5823526, -7.0522537, -9.392817, -4.238757, -0.48693395, -4.9462013, -1.5602897]"
the nurse left the box for me .,a bishop bought a chocolate for us .,PD,PD,LEAVE,BUY,THE,A,for,for,-41.748313903808594,"[-3.5230572, -9.795062, -9.664093, -0.78061855, -6.952816, -5.7773137, -4.3566904, -0.8986643]"
the nurse left the box for me .,a bishop bought us a chocolate .,PD,DO,LEAVE,BUY,THE,A,for,for,-41.211578369140625,"[-3.5230572, -9.795062, -9.664093, -6.7966824, -0.55654675, -5.4956846, -5.380454]"
the nurse left the box for you .,an aunt showed a tea to me .,PD,PD,LEAVE,SHOW,THE,A,for,to,-42.61925506591797,"[-5.7195406, -8.155832, -7.9723144, -2.709548, -11.342773, -3.3148599, -2.5099692, -0.89441633]"
the nurse left the box for you .,an aunt showed me a tea .,PD,DO,LEAVE,SHOW,THE,A,for,to,-38.18337631225586,"[-5.7195406, -8.155832, -7.9723144, -1.1857997, -1.1938424, -9.648168, -4.3078785]"
the nurse left the box for you .,a cop bought a coffee for me .,PD,PD,LEAVE,BUY,THE,A,for,for,-33.50651550292969,"[-3.5091279, -8.33988, -8.275692, -0.8204906, -7.1637535, -2.1849165, -2.3016734, -0.91098046]"
the nurse left the box for you .,a cop bought me a coffee .,PD,DO,LEAVE,BUY,THE,A,for,for,-31.017234802246094,"[-3.5091279, -8.33988, -8.275692, -4.0163946, -0.3765565, -4.9730153, -1.5265698]"
the nurse left the camera for them .,a cop delivered a salad for her .,PD,PD,LEAVE,DELIVER,THE,A,for,for,-40.181758880615234,"[-3.5144486, -7.984253, -9.898136, -0.6091138, -11.737211, -2.3255525, -2.7188597, -1.3941839]"
the nurse left the camera for them .,a cop delivered her a salad .,PD,DO,LEAVE,DELIVER,THE,A,for,for,-42.051307678222656,"[-3.5144486, -7.984253, -9.898136, -4.7212315, -3.6341686, -10.66028, -1.6387898]"
the nurse left the camera for us .,a boy purchased a candy for it .,PD,PD,LEAVE,PURCHASE,THE,A,for,for,-40.73470687866211,"[-3.5218246, -6.547536, -10.713179, -0.6620325, -6.9026566, -2.75454, -7.974247, -1.6586907]"
the nurse left the camera for us .,a boy purchased it a candy .,PD,DO,LEAVE,PURCHASE,THE,A,for,for,-48.649871826171875,"[-3.5218246, -6.547536, -10.713179, -6.4367642, -5.9985614, -10.63173, -4.8002753]"
the nurse left the camera for us .,a cousin showed a tea to me .,PD,PD,LEAVE,SHOW,THE,A,for,to,-42.41770935058594,"[-3.5218246, -9.17496, -7.8755136, -3.1943545, -12.663906, -3.416463, -1.6909268, -0.87976134]"
the nurse left the camera for us .,a cousin showed me a tea .,PD,DO,LEAVE,SHOW,THE,A,for,to,-37.70105743408203,"[-3.5218246, -9.17496, -7.8755136, -0.989961, -1.4877579, -10.833214, -3.817824]"
the nurse left the chicken for it .,a minister showed a tea to him .,PD,PD,LEAVE,SHOW,THE,A,for,to,-41.87230682373047,"[-3.534407, -9.368845, -8.857618, -1.365832, -9.112053, -2.4896824, -5.6949344, -1.4489342]"
the nurse left the chicken for it .,a minister showed him a tea .,PD,DO,LEAVE,SHOW,THE,A,for,to,-37.689002990722656,"[-3.534407, -9.368845, -8.857618, -4.1847568, -0.780543, -7.690651, -3.27218]"
the nurse left the chicken for us .,a priest found a coffee for me .,PD,PD,LEAVE,FIND,THE,A,for,for,-36.27817153930664,"[-3.5475652, -7.7805543, -6.0127687, -1.037744, -8.547949, -4.2444305, -3.9861798, -1.1209807]"
the nurse left the chicken for us .,a priest found me a coffee .,PD,DO,LEAVE,FIND,THE,A,for,for,-35.02259063720703,"[-3.5475652, -7.7805543, -6.0127687, -7.537477, -2.1156876, -5.8796253, -2.1489124]"
the nurse left the engine for her .,a singer showed a cheese to us .,PD,PD,LEAVE,SHOW,THE,A,for,to,-51.79075622558594,"[-3.5306582, -10.052906, -8.796978, -3.2233114, -12.006918, -4.9972405, -7.343404, -1.8393385]"
the nurse left the engine for her .,a singer showed us a cheese .,PD,DO,LEAVE,SHOW,THE,A,for,to,-46.15350341796875,"[-3.5306582, -10.052906, -8.796978, -5.4445515, -1.8254083, -11.914196, -4.588805]"
the nurse left the knife for you .,a guy purchased a juice for us .,PD,PD,LEAVE,PURCHASE,THE,A,for,for,-39.718994140625,"[-3.5414333, -7.5159464, -8.812547, -0.5792293, -10.489048, -3.1464703, -4.4644966, -1.1698264]"
the nurse left the knife for you .,a guy purchased us a juice .,PD,DO,LEAVE,PURCHASE,THE,A,for,for,-39.899757385253906,"[-3.5414333, -7.5159464, -8.812547, -7.553219, -0.6486155, -8.782425, -3.0455751]"
the nurse left the knife for you .,a champion bought a beer for us .,PD,PD,LEAVE,BUY,THE,A,for,for,-39.42101287841797,"[-3.5414333, -9.890651, -11.652404, -0.87680143, -6.2194767, -1.1496319, -5.0431027, -1.0475118]"
the nurse left the knife for you .,a champion bought us a beer .,PD,DO,LEAVE,BUY,THE,A,for,for,-38.508277893066406,"[-3.5414333, -9.890651, -11.652404, -7.1688538, -0.7619887, -4.1543818, -1.3385645]"
the nurse left the salad for her .,a colonel made a computer for it .,PD,PD,LEAVE,MAKE,THE,A,for,for,-39.33491897583008,"[-3.5653372, -11.062672, -6.3350472, -1.1200435, -9.024148, -3.1197708, -4.3374357, -0.77046496]"
the nurse left the salad for her .,a colonel made it a computer .,PD,DO,LEAVE,MAKE,THE,A,for,for,-42.620174407958984,"[-3.5653372, -11.062672, -6.3350472, -3.550265, -3.2233043, -11.826761, -3.0567894]"
the nurse left the salad for him .,a candidate threw a cigarette to you .,PD,PD,LEAVE,THROW,THE,A,for,to,-40.919921875,"[-3.5774357, -8.632459, -7.3746448, -0.6748549, -6.3074083, -4.5452757, -8.155721, -1.6521244]"
the nurse left the salad for him .,a candidate threw you a cigarette .,PD,DO,LEAVE,THROW,THE,A,for,to,-41.16638946533203,"[-3.5774357, -8.632459, -7.3746448, -10.324035, -0.79757667, -8.604417, -1.8558216]"
the nurse left the salad for you .,an opponent saved a key for me .,PD,PD,LEAVE,SAVE,THE,A,for,for,-37.35301208496094,"[-5.6875563, -8.080983, -10.175074, -2.3811226, -5.3265014, -1.5218369, -3.3921685, -0.78776836]"
the nurse left the salad for you .,an opponent saved me a key .,PD,DO,LEAVE,SAVE,THE,A,for,for,-40.78498840332031,"[-5.6875563, -8.080983, -10.175074, -4.58469, -2.1874816, -8.574495, -1.4947047]"
the nurse left the tea for it .,a boy fed a cheese to us .,PD,PD,LEAVE,FEED,THE,A,for,to,-41.493125915527344,"[-3.5488617, -6.525461, -10.245449, -1.3429127, -6.065622, -3.1226373, -8.812716, -1.8294656]"
the nurse left the tea for it .,a boy fed us a cheese .,PD,DO,LEAVE,FEED,THE,A,for,to,-39.74623107910156,"[-3.5488617, -6.525461, -10.245449, -8.469823, -1.7787834, -6.3134, -2.8644512]"
the nurse left the tea for you .,a soldier gave a pie to him .,PD,PD,LEAVE,GIVE,THE,A,for,to,-36.245201110839844,"[-3.5399833, -7.200817, -7.473013, -1.5131276, -10.117577, -0.24169785, -5.433095, -0.7258908]"
the nurse left the tea for you .,a soldier gave him a pie .,PD,DO,LEAVE,GIVE,THE,A,for,to,-30.929302215576172,"[-3.5399833, -7.200817, -7.473013, -2.49706, -0.46480387, -8.61754, -1.1360853]"
the nurse left them the camera .,a cop delivered a salad for her .,DO,PD,LEAVE,DELIVER,THE,A,for,for,-40.81687927246094,"[-3.5548596, -7.9026103, -9.474548, -0.87686425, -12.023716, -3.0800304, -2.5340562, -1.3701941]"
the nurse left them the camera .,a cop delivered her a salad .,DO,DO,LEAVE,DELIVER,THE,A,for,for,-38.17119598388672,"[-3.5548596, -7.9026103, -9.474548, -3.7118251, -1.2686095, -11.264926, -0.9938153]"
the nurse left us the bowl .,a soldier bought a meal for him .,DO,PD,LEAVE,BUY,THE,A,for,for,-34.220909118652344,"[-3.615795, -6.926881, -9.576467, -1.207328, -5.725979, -1.3785623, -4.417633, -1.3722632]"
the nurse left us the bowl .,a soldier bought him a meal .,DO,DO,LEAVE,BUY,THE,A,for,for,-29.574199676513672,"[-3.615795, -6.926881, -9.576467, -2.9623804, -0.5419543, -4.841656, -1.1090662]"
the nurse left us the camera .,a boy purchased a candy for it .,DO,PD,LEAVE,PURCHASE,THE,A,for,for,-41.22977066040039,"[-3.5755181, -6.5106378, -10.625629, -0.6737883, -6.924513, -3.5830822, -7.9846706, -1.3519301]"
the nurse left us the camera .,a boy purchased it a candy .,DO,DO,LEAVE,PURCHASE,THE,A,for,for,-47.88138961791992,"[-3.5755181, -6.5106378, -10.625629, -5.9966908, -5.696539, -10.965551, -4.5108247]"
the nurse left us the camera .,a cousin showed a tea to me .,DO,PD,LEAVE,SHOW,THE,A,for,to,-43.164588928222656,"[-3.5755181, -9.059843, -7.513239, -4.2746687, -13.124693, -3.3938766, -1.3843822, -0.83836985]"
the nurse left us the camera .,a cousin showed me a tea .,DO,DO,LEAVE,SHOW,THE,A,for,to,-37.01344299316406,"[-3.5755181, -9.059843, -7.513239, -0.5276947, -1.673939, -11.344681, -3.31853]"
the nurse left us the chicken .,a priest found a coffee for me .,DO,PD,LEAVE,FIND,THE,A,for,for,-37.71849060058594,"[-3.5718575, -7.7319546, -6.115344, -1.2269526, -9.053549, -5.0276365, -3.7223659, -1.2688286]"
the nurse left us the chicken .,a priest found me a coffee .,DO,DO,LEAVE,FIND,THE,A,for,for,-30.985912322998047,"[-3.5718575, -7.7319546, -6.115344, -6.0376444, -0.7369614, -5.706955, -1.0851967]"
the nurse left you the beer .,a sheriff took a book to us .,DO,PD,LEAVE,TAKE,THE,A,for,to,-43.363189697265625,"[-3.5202968, -8.04509, -6.772252, -1.108732, -9.931103, -3.4446485, -9.171941, -1.3691264]"
the nurse left you the beer .,a sheriff took us a book .,DO,DO,LEAVE,TAKE,THE,A,for,to,-40.99482727050781,"[-3.5202968, -8.04509, -6.772252, -6.7771072, -3.5787065, -10.803559, -1.4978148]"
the nurse left you the box .,an aunt showed a tea to me .,DO,PD,LEAVE,SHOW,THE,A,for,to,-42.7861328125,"[-5.6942754, -8.084706, -7.845134, -3.4149895, -11.434897, -3.1761155, -2.2403646, -0.89565134]"
the nurse left you the box .,an aunt showed me a tea .,DO,DO,LEAVE,SHOW,THE,A,for,to,-36.76646423339844,"[-5.6942754, -8.084706, -7.845134, -0.7872868, -1.4434165, -9.335483, -3.5761652]"
the nurse left you the box .,a cop bought a coffee for me .,DO,PD,LEAVE,BUY,THE,A,for,for,-34.34440612792969,"[-3.5287347, -8.154316, -8.176073, -1.1801231, -7.3620605, -2.7284107, -2.2244098, -0.9902795]"
the nurse left you the box .,a cop bought me a coffee .,DO,DO,LEAVE,BUY,THE,A,for,for,-29.964195251464844,"[-3.5287347, -8.154316, -8.176073, -2.893339, -0.4434904, -5.4291534, -1.3390892]"
the nurse left you the knife .,a guy purchased a juice for us .,DO,PD,LEAVE,PURCHASE,THE,A,for,for,-41.38068389892578,"[-3.537579, -7.295292, -9.09496, -0.567752, -10.586971, -4.376811, -4.789072, -1.1322459]"
the nurse left you the knife .,a guy purchased us a juice .,DO,DO,LEAVE,PURCHASE,THE,A,for,for,-38.35749053955078,"[-3.537579, -7.295292, -9.09496, -6.4970913, -0.5469302, -8.836997, -2.548642]"
the nurse left you the knife .,a champion bought a beer for us .,DO,PD,LEAVE,BUY,THE,A,for,for,-40.73445129394531,"[-3.537579, -9.824646, -11.412737, -0.986146, -6.2311893, -2.2409344, -5.556757, -0.94445944]"
the nurse left you the knife .,a champion bought us a beer .,DO,DO,LEAVE,BUY,THE,A,for,for,-37.08492660522461,"[-3.537579, -9.824646, -11.412737, -6.22046, -0.78916633, -4.3757586, -0.9245787]"
the nurse left you the salad .,an opponent saved a key for me .,DO,PD,LEAVE,SAVE,THE,A,for,for,-38.475929260253906,"[-5.674329, -8.047802, -10.302997, -2.5433052, -5.893287, -1.8260765, -3.4067314, -0.78140277]"
the nurse left you the salad .,an opponent saved me a key .,DO,DO,LEAVE,SAVE,THE,A,for,for,-40.06199264526367,"[-5.674329, -8.047802, -10.302997, -4.4428587, -1.8711089, -8.434818, -1.2880816]"
the nurse left you the tea .,a soldier gave a pie to him .,DO,PD,LEAVE,GIVE,THE,A,for,to,-37.726993560791016,"[-3.5347161, -7.014996, -7.200186, -1.7367665, -10.477848, -0.17034231, -6.8503194, -0.74182045]"
the nurse left you the tea .,a soldier gave him a pie .,DO,DO,LEAVE,GIVE,THE,A,for,to,-30.094757080078125,"[-3.5347161, -7.014996, -7.200186, -2.2519603, -0.67491215, -8.698586, -0.71940094]"
the nurse made me the television .,an author supplied a button to you .,DO,PD,MAKE,SUPPLY,THE,A,for,to,-44.626338958740234,"[-5.6908827, -7.5056086, -9.952669, -3.1428976, -9.759088, -0.99516, -6.4703913, -1.1096418]"
the nurse made me the television .,an author supplied you a button .,DO,DO,MAKE,SUPPLY,THE,A,for,to,-47.3989143371582,"[-5.6908827, -7.5056086, -9.952669, -7.1918573, -7.20761, -8.224404, -1.6258835]"
the nurse made the bell for us .,an author showed a cigarette to me .,PD,PD,MAKE,SHOW,THE,A,for,to,-38.60984802246094,"[-5.7130184, -7.5284443, -9.161728, -1.9207063, -10.427849, -1.5799408, -1.5081459, -0.7700161]"
the nurse made the bell for us .,an author showed me a cigarette .,PD,DO,MAKE,SHOW,THE,A,for,to,-37.40227127075195,"[-5.7130184, -7.5284443, -9.161728, -1.0917687, -1.0012897, -11.192399, -1.7136222]"
the nurse made the camera for them .,a winner delivered a beer for me .,PD,PD,MAKE,DELIVER,THE,A,for,for,-41.108924865722656,"[-3.4933484, -10.644091, -11.110174, -1.1430513, -7.3719754, -2.0280545, -4.4381504, -0.88008356]"
the nurse made the camera for them .,a winner delivered me a beer .,PD,DO,MAKE,DELIVER,THE,A,for,for,-40.18473815917969,"[-3.4933484, -10.644091, -11.110174, -7.414551, -0.88045406, -5.417798, -1.22432]"
the nurse made the hat for you .,a minister purchased an anchor for us .,PD,PD,MAKE,PURCHASE,THE,A,for,for,-46.336181640625,"[-3.5238304, -9.414188, -12.547349, -3.1300118, -8.73763, -1.2523773, -6.0731483, -1.6576474]"
the nurse made the hat for you .,a minister purchased us an anchor .,PD,DO,MAKE,PURCHASE,THE,A,for,for,-50.305179595947266,"[-3.5238304, -9.414188, -12.547349, -9.722696, -3.404064, -9.205205, -2.4878485]"
the nurse made the television for me .,an author supplied a button to you .,PD,PD,MAKE,SUPPLY,THE,A,for,to,-43.84352111816406,"[-5.7217607, -7.463726, -9.837424, -2.7313874, -9.602556, -1.0416839, -6.3146024, -1.1303793]"
the nurse made the television for me .,an author supplied you a button .,PD,DO,MAKE,SUPPLY,THE,A,for,to,-47.10165786743164,"[-5.7217607, -7.463726, -9.837424, -6.973181, -6.7251744, -8.142679, -2.2377124]"
the nurse made them the camera .,a winner delivered a beer for me .,DO,PD,MAKE,DELIVER,THE,A,for,for,-42.11599349975586,"[-3.5063477, -10.686764, -11.055471, -1.3386236, -8.155604, -2.5287437, -4.0293493, -0.81508756]"
the nurse made them the camera .,a winner delivered me a beer .,DO,DO,MAKE,DELIVER,THE,A,for,for,-39.76567840576172,"[-3.5063477, -10.686764, -11.055471, -6.4540334, -1.0291328, -6.158934, -0.8749942]"
the nurse made us the bell .,an author showed a cigarette to me .,DO,PD,MAKE,SHOW,THE,A,for,to,-39.20615005493164,"[-5.729842, -7.323063, -9.202301, -2.532901, -10.635559, -1.5439394, -1.3036215, -0.934922]"
the nurse made us the bell .,an author showed me a cigarette .,DO,DO,MAKE,SHOW,THE,A,for,to,-36.512874603271484,"[-5.729842, -7.323063, -9.202301, -0.80495, -1.1429585, -11.171932, -1.1378267]"
the nurse made you the hat .,a minister purchased an anchor for us .,DO,PD,MAKE,PURCHASE,THE,A,for,for,-47.62770462036133,"[-3.532674, -9.323612, -12.671584, -3.0805707, -8.471113, -1.8206744, -6.9807234, -1.7467518]"
the nurse made you the hat .,a minister purchased us an anchor .,DO,DO,MAKE,PURCHASE,THE,A,for,for,-47.84557342529297,"[-3.532674, -9.323612, -12.671584, -8.249953, -3.4223108, -8.741646, -1.9037944]"
the nurse promised me the salad .,an opponent took a glass to it .,DO,PD,PROMISE,TAKE,THE,A,to,to,-40.92627716064453,"[-5.726545, -7.952306, -5.3664103, -1.6481974, -8.443596, -4.81814, -6.0493693, -0.9217117]"
the nurse promised me the salad .,an opponent took it a glass .,DO,DO,PROMISE,TAKE,THE,A,to,to,-42.40924835205078,"[-5.726545, -7.952306, -5.3664103, -3.7568886, -4.8286533, -11.457717, -3.3207283]"
the nurse promised the meal to us .,an actor sold a beer to him .,PD,PD,PROMISE,SELL,THE,A,to,to,-37.04905700683594,"[-5.6880074, -6.776182, -10.010931, -1.741193, -6.5588093, -0.54577184, -4.4377656, -1.290399]"
the nurse promised the meal to us .,an actor sold him a beer .,PD,DO,PROMISE,SELL,THE,A,to,to,-36.08599090576172,"[-5.6880074, -6.776182, -10.010931, -5.2513857, -0.95990586, -5.5666695, -1.8329077]"
the nurse promised the salad to me .,an opponent took a glass to it .,PD,PD,PROMISE,TAKE,THE,A,to,to,-39.23310089111328,"[-5.6975784, -8.014759, -5.543352, -1.467466, -8.053126, -3.945243, -5.56188, -0.94969404]"
the nurse promised the salad to me .,an opponent took it a glass .,PD,DO,PROMISE,TAKE,THE,A,to,to,-43.367340087890625,"[-5.6975784, -8.014759, -5.543352, -3.9506536, -5.088069, -11.700856, -3.3720696]"
the nurse promised the salad to you .,a reader found a cheese for him .,PD,PD,PROMISE,FIND,THE,A,to,for,-46.54838943481445,"[-3.6075487, -7.0625334, -6.1048737, -4.3838677, -12.206331, -4.930385, -7.1698284, -1.0830216]"
the nurse promised the salad to you .,a reader found him a cheese .,PD,DO,PROMISE,FIND,THE,A,to,for,-45.91819381713867,"[-3.6075487, -7.0625334, -6.1048737, -11.342884, -3.8382132, -10.679254, -3.2828865]"
the nurse promised us the meal .,an actor sold a beer to him .,DO,PD,PROMISE,SELL,THE,A,to,to,-38.76197814941406,"[-5.7072067, -6.6667805, -9.919735, -1.8785665, -7.397696, -1.1345533, -4.791398, -1.2660396]"
the nurse promised us the meal .,an actor sold him a beer .,DO,DO,PROMISE,SELL,THE,A,to,to,-35.32741165161133,"[-5.7072067, -6.6667805, -9.919735, -4.8660307, -1.0182388, -5.7363605, -1.4130596]"
the nurse promised you the salad .,a reader found a cheese for him .,DO,PD,PROMISE,FIND,THE,A,to,for,-46.90824890136719,"[-3.6176844, -7.12517, -6.2262115, -4.566819, -12.578514, -4.8911695, -7.0928526, -0.8098243]"
the nurse promised you the salad .,a reader found him a cheese .,DO,DO,PROMISE,FIND,THE,A,to,for,-46.60951232910156,"[-3.6176844, -7.12517, -6.2262115, -12.482085, -3.9552686, -10.896245, -2.3068473]"
the nurse purchased him the bag .,a parent found a candy for it .,DO,PD,PURCHASE,FIND,THE,A,for,for,-41.035804748535156,"[-3.6811023, -7.667485, -4.96389, -1.8659247, -7.6946583, -4.9950614, -8.601776, -1.5659055]"
the nurse purchased him the bag .,a parent found it a candy .,DO,DO,PURCHASE,FIND,THE,A,for,for,-38.80977249145508,"[-3.6811023, -7.667485, -4.96389, -4.447011, -4.7912645, -10.327777, -2.931242]"
the nurse purchased him the beer .,a student fed a cheese to you .,DO,PD,PURCHASE,FEED,THE,A,for,to,-41.23941421508789,"[-3.66902, -5.5498285, -10.509942, -2.0869787, -7.3181143, -2.0559933, -8.639213, -1.4103256]"
the nurse purchased him the beer .,a student fed you a cheese .,DO,DO,PURCHASE,FEED,THE,A,for,to,-38.09304428100586,"[-3.66902, -5.5498285, -10.509942, -7.39421, -1.71347, -6.8849387, -2.371636]"
the nurse purchased him the candy .,an employee sold a salad to me .,DO,PD,PURCHASE,SELL,THE,A,for,to,-36.949501037597656,"[-5.6558065, -3.7871652, -8.326979, -2.6355278, -8.66158, -1.5878565, -5.3657265, -0.92885876]"
the nurse purchased him the candy .,an employee sold me a salad .,DO,DO,PURCHASE,SELL,THE,A,for,to,-33.098350524902344,"[-5.6558065, -3.7871652, -8.326979, -4.698103, -1.3328164, -8.027904, -1.2695746]"
the nurse purchased me the candy .,a leader got a salad for us .,DO,PD,PURCHASE,GET,THE,A,for,for,-43.734683990478516,"[-3.6692185, -8.707237, -9.582712, -2.3163486, -11.287142, -3.0573997, -4.154733, -0.95989203]"
the nurse purchased me the candy .,a leader got us a salad .,DO,DO,PURCHASE,GET,THE,A,for,for,-41.37751770019531,"[-3.6692185, -8.707237, -9.582712, -5.9212384, -2.8200855, -9.589077, -1.0879513]"
the nurse purchased the bag for him .,a parent found a candy for it .,PD,PD,PURCHASE,FIND,THE,A,for,for,-40.222164154052734,"[-3.62975, -7.5871477, -5.1325846, -1.873332, -7.738942, -3.5938368, -8.993843, -1.6727271]"
the nurse purchased the bag for him .,a parent found it a candy .,PD,DO,PURCHASE,FIND,THE,A,for,for,-39.35148620605469,"[-3.62975, -7.5871477, -5.1325846, -5.1401014, -4.774379, -10.277168, -2.8103538]"
the nurse purchased the beer for him .,a student fed a cheese to you .,PD,PD,PURCHASE,FEED,THE,A,for,to,-39.91853332519531,"[-3.6174932, -5.4722843, -10.747544, -1.8142138, -5.9784136, -1.9782137, -8.932903, -1.3774674]"
the nurse purchased the beer for him .,a student fed you a cheese .,PD,DO,PURCHASE,FEED,THE,A,for,to,-39.99205017089844,"[-3.6174932, -5.4722843, -10.747544, -8.528249, -1.865098, -6.3633223, -3.398058]"
the nurse purchased the beer for us .,a mayor made a pot for you .,PD,PD,PURCHASE,MAKE,THE,A,for,for,-39.98039245605469,"[-3.603087, -10.107593, -7.145629, -1.414533, -7.7096124, -4.861022, -3.6320002, -1.5069166]"
the nurse purchased the beer for us .,a mayor made you a pot .,PD,DO,PURCHASE,MAKE,THE,A,for,for,-38.96009063720703,"[-3.603087, -10.107593, -7.145629, -7.9204297, -2.0629842, -5.2384324, -2.8819373]"
the nurse purchased the beer for you .,a brother made a guitar for me .,PD,PD,PURCHASE,MAKE,THE,A,for,for,-34.56743621826172,"[-3.576548, -8.817184, -6.70257, -1.0695455, -9.657081, -1.5621495, -2.2275205, -0.95483935]"
the nurse purchased the beer for you .,a brother made me a guitar .,PD,DO,PURCHASE,MAKE,THE,A,for,for,-36.42940139770508,"[-3.576548, -8.817184, -6.70257, -5.251297, -2.0836453, -8.665138, -1.3330187]"
the nurse purchased the candy for him .,an employee sold a salad to me .,PD,PD,PURCHASE,SELL,THE,A,for,to,-35.64425277709961,"[-5.67241, -3.7227333, -8.204463, -2.1224756, -7.659286, -1.6465647, -5.642952, -0.9733676]"
the nurse purchased the candy for him .,an employee sold me a salad .,PD,DO,PURCHASE,SELL,THE,A,for,to,-34.347572326660156,"[-5.67241, -3.7227333, -8.204463, -6.4788837, -1.089583, -7.337102, -1.8423976]"
the nurse purchased the candy for me .,a leader got a salad for us .,PD,PD,PURCHASE,GET,THE,A,for,for,-41.56129455566406,"[-3.6290953, -8.611731, -10.272914, -2.0440326, -11.167126, -1.7294725, -3.2361073, -0.87081796]"
the nurse purchased the candy for me .,a leader got us a salad .,PD,DO,PURCHASE,GET,THE,A,for,for,-43.128753662109375,"[-3.6290953, -8.611731, -10.272914, -7.135284, -2.420153, -9.069077, -1.9905033]"
the nurse purchased the candy for them .,a husband took a bottle to us .,PD,PD,PURCHASE,TAKE,THE,A,for,to,-40.985313415527344,"[-3.627476, -8.292177, -7.3449564, -2.2686732, -6.2542353, -3.1940644, -8.784213, -1.2195176]"
the nurse purchased the candy for them .,a husband took us a bottle .,PD,DO,PURCHASE,TAKE,THE,A,for,to,-42.203330993652344,"[-3.627476, -8.292177, -7.3449564, -8.009808, -3.9365325, -6.3639803, -4.6283994]"
the nurse purchased the candy for you .,a mother caught an engine for us .,PD,PD,PURCHASE,CATCH,THE,A,for,for,-45.790435791015625,"[-3.612041, -5.7208443, -6.6041594, -4.8369465, -9.141599, -6.6454954, -8.180948, -1.0484017]"
the nurse purchased the candy for you .,a mother caught us an engine .,PD,DO,PURCHASE,CATCH,THE,A,for,for,-45.09109115600586,"[-3.612041, -5.7208443, -6.6041594, -8.813608, -7.229908, -10.017058, -3.0934713]"
the nurse purchased the machine for you .,a president bought an anchor for them .,PD,PD,PURCHASE,BUY,THE,A,for,for,-42.189430236816406,"[-3.5678747, -9.511703, -8.582794, -3.816426, -7.5947547, -1.4255905, -6.686819, -1.0034698]"
the nurse purchased the machine for you .,a president bought them an anchor .,PD,DO,PURCHASE,BUY,THE,A,for,for,-42.99144744873047,"[-3.5678747, -9.511703, -8.582794, -6.285553, -4.582135, -8.161018, -2.300368]"
the nurse purchased the wire for us .,an employee brought a camera to you .,PD,PD,PURCHASE,BRING,THE,A,for,to,-34.90990447998047,"[-5.6448593, -4.084968, -7.830639, -2.0175014, -5.2305784, -0.713503, -8.304364, -1.0834908]"
the nurse purchased the wire for us .,an employee brought you a camera .,PD,DO,PURCHASE,BRING,THE,A,for,to,-34.71595764160156,"[-5.6448593, -4.084968, -7.830639, -5.650435, -2.0177217, -7.4519777, -2.0353606]"
the nurse purchased them the candy .,a husband took a bottle to us .,DO,PD,PURCHASE,TAKE,THE,A,for,to,-40.434791564941406,"[-3.688929, -8.316411, -6.9235287, -2.4182405, -6.045424, -3.290522, -8.439296, -1.3124412]"
the nurse purchased them the candy .,a husband took us a bottle .,DO,DO,PURCHASE,TAKE,THE,A,for,to,-38.250030517578125,"[-3.688929, -8.316411, -6.9235287, -6.9895144, -2.838619, -6.1671233, -3.3259041]"
the nurse purchased us the beer .,a mayor made a pot for you .,DO,PD,PURCHASE,MAKE,THE,A,for,for,-40.17369079589844,"[-3.6480017, -10.176873, -6.90406, -1.4672405, -7.560853, -5.1018934, -3.98946, -1.3253087]"
the nurse purchased us the beer .,a mayor made you a pot .,DO,DO,PURCHASE,MAKE,THE,A,for,for,-37.012168884277344,"[-3.6480017, -10.176873, -6.90406, -6.4969473, -2.2772322, -5.3890247, -2.1200325]"
the nurse purchased us the wire .,an employee brought a camera to you .,DO,PD,PURCHASE,BRING,THE,A,for,to,-34.69892883300781,"[-5.6362467, -4.4007583, -7.334597, -2.5642862, -4.9643188, -0.86349887, -7.7677684, -1.1674529]"
the nurse purchased us the wire .,an employee brought you a camera .,DO,DO,PURCHASE,BRING,THE,A,for,to,-32.437774658203125,"[-5.6362467, -4.4007583, -7.334597, -4.6990013, -2.410056, -6.637112, -1.3200034]"
the nurse purchased you the beer .,a brother made a guitar for me .,DO,PD,PURCHASE,MAKE,THE,A,for,for,-34.25259017944336,"[-3.6083298, -8.791786, -6.3380537, -1.1425109, -9.228757, -2.347787, -1.9805129, -0.8148522]"
the nurse purchased you the beer .,a brother made me a guitar .,DO,DO,PURCHASE,MAKE,THE,A,for,for,-33.94563293457031,"[-3.6083298, -8.791786, -6.3380537, -3.6271672, -2.161241, -8.6364765, -0.7825797]"
the nurse purchased you the candy .,a mother caught an engine for us .,DO,PD,PURCHASE,CATCH,THE,A,for,for,-45.84473419189453,"[-3.633162, -5.7504764, -6.558797, -4.425098, -8.900202, -6.6905756, -8.878256, -1.0081693]"
the nurse purchased you the candy .,a mother caught us an engine .,DO,DO,PURCHASE,CATCH,THE,A,for,for,-42.46946716308594,"[-3.633162, -5.7504764, -6.558797, -7.6624656, -6.9069967, -9.814535, -2.1430354]"
the nurse purchased you the machine .,a president bought an anchor for them .,DO,PD,PURCHASE,BUY,THE,A,for,for,-44.39523696899414,"[-3.614154, -9.624391, -8.61353, -4.3056965, -7.615656, -2.449372, -7.121248, -1.051188]"
the nurse purchased you the machine .,a president bought them an anchor .,DO,DO,PURCHASE,BUY,THE,A,for,for,-42.46988296508789,"[-3.614154, -9.624391, -8.61353, -5.8347454, -5.4409237, -8.131086, -1.2110522]"
the nurse saved him the machine .,a father brought a beer to me .,DO,PD,SAVE,BRING,THE,A,for,to,-33.46795654296875,"[-3.6319637, -6.767947, -7.3151107, -1.8677647, -7.6569076, -0.52602124, -4.306061, -1.39618]"
the nurse saved him the machine .,a father brought me a beer .,DO,DO,SAVE,BRING,THE,A,for,to,-31.002891540527344,"[-3.6319637, -6.767947, -7.3151107, -4.7658134, -1.4440355, -5.5593843, -1.5186365]"
the nurse saved me the chicken .,a secretary gave a tea to you .,DO,PD,SAVE,GIVE,THE,A,for,to,-40.93016815185547,"[-3.620285, -10.24885, -6.721309, -1.7965194, -8.773583, -0.36220807, -7.8665886, -1.5408244]"
the nurse saved me the chicken .,a secretary gave you a tea .,DO,DO,SAVE,GIVE,THE,A,for,to,-35.58063507080078,"[-3.620285, -10.24885, -6.721309, -5.384425, -1.1536874, -7.3196707, -1.1324087]"
the nurse saved me the machine .,a parent brought a meal to us .,DO,PD,SAVE,BRING,THE,A,for,to,-35.90959930419922,"[-3.6270387, -7.7960987, -6.215334, -2.0324578, -9.781096, -0.8578022, -3.9716158, -1.6281532]"
the nurse saved me the machine .,a parent brought us a meal .,DO,DO,SAVE,BRING,THE,A,for,to,-33.45233154296875,"[-3.6270387, -7.7960987, -6.215334, -4.425347, -1.7604363, -7.714404, -1.9136713]"
the nurse saved me the machine .,a champion sold a meal to her .,DO,PD,SAVE,SELL,THE,A,for,to,-42.2622184753418,"[-3.6270387, -9.637495, -9.98153, -2.2411587, -9.02877, -1.2118547, -3.02567, -3.5087008]"
the nurse saved me the machine .,a champion sold her a meal .,DO,DO,SAVE,SELL,THE,A,for,to,-43.487525939941406,"[-3.6270387, -9.637495, -9.98153, -3.1618302, -6.0068636, -8.654711, -2.4180555]"
the nurse saved the beer for us .,an employee left a coffee for them .,PD,PD,SAVE,LEAVE,THE,A,for,for,-33.09298324584961,"[-5.629163, -4.1270957, -7.569775, -1.2653694, -5.784095, -2.8623002, -4.316554, -1.538633]"
the nurse saved the beer for us .,an employee left them a coffee .,PD,DO,SAVE,LEAVE,THE,A,for,for,-37.53704833984375,"[-5.629163, -4.1270957, -7.569775, -7.202567, -3.9046507, -5.9020076, -3.2017925]"
the nurse saved the chicken for me .,a secretary gave a tea to you .,PD,PD,SAVE,GIVE,THE,A,for,to,-40.31486892700195,"[-3.5651073, -10.280758, -6.813732, -1.4550562, -8.165924, -0.5205214, -8.042531, -1.4712391]"
the nurse saved the chicken for me .,a secretary gave you a tea .,PD,DO,SAVE,GIVE,THE,A,for,to,-36.3942985534668,"[-3.5651073, -10.280758, -6.813732, -6.043955, -1.0584903, -6.883727, -1.7485278]"
the nurse saved the machine for him .,a father brought a beer to me .,PD,PD,SAVE,BRING,THE,A,for,to,-32.757015228271484,"[-3.5856419, -6.842046, -7.3629103, -1.8094184, -7.1262493, -0.5661231, -4.1904345, -1.2741903]"
the nurse saved the machine for him .,a father brought me a beer .,PD,DO,SAVE,BRING,THE,A,for,to,-31.283058166503906,"[-3.5856419, -6.842046, -7.3629103, -4.9138002, -1.6964989, -5.1562366, -1.7259254]"
the nurse saved the machine for me .,a parent brought a meal to us .,PD,PD,SAVE,BRING,THE,A,for,to,-34.56158447265625,"[-3.596516, -7.8709517, -6.3492165, -1.977147, -8.442983, -0.9819753, -3.9259217, -1.4168752]"
the nurse saved the machine for me .,a parent brought us a meal .,PD,DO,SAVE,BRING,THE,A,for,to,-33.288414001464844,"[-3.596516, -7.8709517, -6.3492165, -4.592333, -1.6923207, -7.0203104, -2.166764]"
the nurse saved the machine for me .,a champion sold a meal to her .,PD,PD,SAVE,SELL,THE,A,for,to,-41.55306625366211,"[-3.596516, -9.548895, -9.918201, -2.3766656, -8.554981, -1.4626987, -2.9252295, -3.169879]"
the nurse saved the machine for me .,a champion sold her a meal .,PD,DO,SAVE,SELL,THE,A,for,to,-43.16374206542969,"[-3.596516, -9.548895, -9.918201, -3.6058984, -5.91064, -7.9190254, -2.6645684]"
the nurse saved the machine for you .,a friend showed a tea to me .,PD,PD,SAVE,SHOW,THE,A,for,to,-38.012351989746094,"[-3.5800116, -5.8817935, -6.166258, -4.8192334, -11.667339, -3.744635, -0.75548226, -1.3976018]"
the nurse saved the machine for you .,a friend showed me a tea .,PD,DO,SAVE,SHOW,THE,A,for,to,-32.23707580566406,"[-3.5800116, -5.8817935, -6.166258, -0.26534516, -1.434411, -10.321374, -4.58788]"
the nurse saved us the beer .,an employee left a coffee for them .,DO,PD,SAVE,LEAVE,THE,A,for,for,-37.53568649291992,"[-5.662039, -4.264531, -7.616744, -1.5707157, -6.0353694, -4.8516016, -5.840908, -1.693778]"
the nurse saved us the beer .,an employee left them a coffee .,DO,DO,SAVE,LEAVE,THE,A,for,for,-34.35207748413086,"[-5.662039, -4.264531, -7.616744, -6.71074, -2.7339392, -5.391429, -1.9726565]"
the nurse saved you the machine .,a friend showed a tea to me .,DO,PD,SAVE,SHOW,THE,A,for,to,-38.952293395996094,"[-3.5997205, -5.897541, -6.396163, -5.1669073, -11.725886, -3.7841249, -0.8538602, -1.5280904]"
the nurse saved you the machine .,a friend showed me a tea .,DO,DO,SAVE,SHOW,THE,A,for,to,-31.695789337158203,"[-3.5997205, -5.897541, -6.396163, -0.23035814, -1.3520055, -10.338354, -3.8816457]"
the nurse sent him the juice .,a guy showed a beer to you .,DO,PD,SEND,SHOW,THE,A,to,to,-38.42183303833008,"[-3.5759363, -7.3726883, -6.3410015, -4.952304, -6.8083324, -1.7032533, -6.69649, -0.97182816]"
the nurse sent him the juice .,a guy showed you a beer .,DO,DO,SEND,SHOW,THE,A,to,to,-31.778419494628906,"[-3.5759363, -7.3726883, -6.3410015, -6.553521, -1.4398605, -5.4445944, -1.0508169]"
the nurse sent him the salad .,a lady fed a meal to it .,DO,PD,SEND,FEED,THE,A,to,to,-37.79447937011719,"[-3.6162148, -7.8092318, -8.291115, -2.1862721, -6.8663797, -0.6166137, -7.650802, -0.7578524]"
the nurse sent him the salad .,a lady fed it a meal .,DO,DO,SEND,FEED,THE,A,to,to,-34.50971221923828,"[-3.6162148, -7.8092318, -8.291115, -4.8069577, -4.014967, -5.156457, -0.8147718]"
the nurse sent it the log .,a father bought a chicken for us .,DO,PD,SEND,BUY,THE,A,to,for,-37.265167236328125,"[-3.5760765, -7.0187154, -7.9804564, -0.965846, -6.36824, -2.5666652, -7.496234, -1.2929361]"
the nurse sent it the log .,a father bought us a chicken .,DO,DO,SEND,BUY,THE,A,to,for,-35.972381591796875,"[-3.5760765, -7.0187154, -7.9804564, -8.012986, -0.73226506, -6.5636415, -2.0882428]"
the nurse sent the beer to them .,a bishop threw a chocolate to me .,PD,PD,SEND,THROW,THE,A,to,to,-41.632965087890625,"[-3.503778, -9.531568, -9.186054, -0.8855676, -8.081408, -5.1006083, -4.7254415, -0.6185417]"
the nurse sent the beer to them .,a bishop threw me a chocolate .,PD,DO,SEND,THROW,THE,A,to,to,-41.64564514160156,"[-3.503778, -9.531568, -9.186054, -7.208911, -1.1557542, -6.588084, -4.4714975]"
the nurse sent the coffee to you .,a brother kept a chicken for me .,PD,PD,SEND,KEEP,THE,A,to,for,-37.20429611206055,"[-3.5116284, -9.068583, -8.65157, -1.8101947, -6.595799, -3.38735, -3.2105682, -0.9686022]"
the nurse sent the coffee to you .,a brother kept me a chicken .,PD,DO,SEND,KEEP,THE,A,to,for,-39.74917984008789,"[-3.5116284, -9.068583, -8.65157, -4.928629, -4.8836565, -6.7862635, -1.918851]"
the nurse sent the juice to him .,a guy showed a beer to you .,PD,PD,SEND,SHOW,THE,A,to,to,-35.820926666259766,"[-3.5219045, -7.443738, -6.5166845, -3.7914417, -6.817748, -0.54035527, -6.304926, -0.884129]"
the nurse sent the juice to him .,a guy showed you a beer .,PD,DO,SEND,SHOW,THE,A,to,to,-32.66228103637695,"[-3.5219045, -7.443738, -6.5166845, -6.220324, -1.1418898, -6.357931, -1.459808]"
the nurse sent the juice to them .,a chief delivered a cigarette for you .,PD,PD,SEND,DELIVER,THE,A,to,for,-46.651527404785156,"[-3.5124798, -8.914721, -12.548315, -0.94175345, -7.968047, -5.5856867, -6.264634, -0.91588795]"
the nurse sent the juice to them .,a chief delivered you a cigarette .,PD,DO,SEND,DELIVER,THE,A,to,for,-43.13117218017578,"[-3.5124798, -8.914721, -12.548315, -9.057275, -0.99729705, -7.2085238, -0.8925586]"
the nurse sent the juice to them .,a husband delivered a candy for us .,PD,PD,SEND,DELIVER,THE,A,to,for,-39.504615783691406,"[-3.5124798, -8.475672, -9.950688, -0.89476633, -7.495874, -3.280492, -4.91891, -0.9757341]"
the nurse sent the juice to them .,a husband delivered us a candy .,PD,DO,SEND,DELIVER,THE,A,to,for,-39.179542541503906,"[-3.5124798, -8.475672, -9.950688, -7.413015, -1.1009816, -6.453606, -2.273098]"
the nurse sent the log to it .,a father bought a chicken for us .,PD,PD,SEND,BUY,THE,A,to,for,-37.55259704589844,"[-3.5155957, -6.9689064, -8.126349, -0.78725034, -6.4770575, -2.5710607, -7.8910832, -1.215294]"
the nurse sent the log to it .,a father bought us a chicken .,PD,DO,SEND,BUY,THE,A,to,for,-36.44740295410156,"[-3.5155957, -6.9689064, -8.126349, -8.614523, -0.578572, -6.2978153, -2.345642]"
the nurse sent the log to them .,a guest sold a bag to it .,PD,PD,SEND,SELL,THE,A,to,to,-42.948890686035156,"[-3.5162654, -8.068141, -14.02215, -1.8362089, -4.505321, -3.6862795, -6.7671866, -0.54733723]"
the nurse sent the log to them .,a guest sold it a bag .,PD,DO,SEND,SELL,THE,A,to,to,-45.90464782714844,"[-3.5162654, -8.068141, -14.02215, -5.2503533, -7.2656693, -4.82975, -2.9523177]"
the nurse sent the log to you .,an employer got a book for us .,PD,PD,SEND,GET,THE,A,to,for,-42.06637191772461,"[-5.624011, -7.5285726, -8.312427, -1.0960433, -8.758976, -3.6405838, -5.9452596, -1.1604987]"
the nurse sent the log to you .,an employer got us a book .,PD,DO,SEND,GET,THE,A,to,for,-38.50109100341797,"[-5.624011, -7.5285726, -8.312427, -7.4894533, -1.169961, -6.9382677, -1.4383979]"
the nurse sent the motor to you .,a lawyer supplied a hat to me .,PD,PD,SEND,SUPPLY,THE,A,to,to,-39.37953186035156,"[-3.5435472, -6.892411, -11.103635, -2.4652746, -9.906997, -0.81388307, -3.6097972, -1.0439895]"
the nurse sent the motor to you .,a lawyer supplied me a hat .,PD,DO,SEND,SUPPLY,THE,A,to,to,-40.95964050292969,"[-3.5435472, -6.892411, -11.103635, -3.110809, -4.3300896, -10.266844, -1.7123061]"
the nurse sent the motor to you .,a minister bought a tea for me .,PD,PD,SEND,BUY,THE,A,to,for,-38.81514358520508,"[-3.5435472, -9.235986, -9.941423, -0.81680304, -8.219637, -2.276823, -3.579773, -1.2011501]"
the nurse sent the motor to you .,a minister bought me a tea .,PD,DO,SEND,BUY,THE,A,to,for,-37.02230453491211,"[-3.5435472, -9.235986, -9.941423, -5.5251865, -0.40619346, -6.684231, -1.685737]"
the nurse sent the pie to us .,a sheriff found a glass for you .,PD,PD,SEND,FIND,THE,A,to,for,-43.64954376220703,"[-3.5499887, -8.019574, -6.407727, -0.9448515, -7.4201355, -7.6523814, -8.273984, -1.3808985]"
the nurse sent the pie to us .,a sheriff found you a glass .,PD,DO,SEND,FIND,THE,A,to,for,-41.81837463378906,"[-3.5499887, -8.019574, -6.407727, -9.398844, -3.253823, -7.274743, -3.9136763]"
the nurse sent the pie to you .,a son found a computer for them .,PD,PD,SEND,FIND,THE,A,to,for,-38.06504440307617,"[-3.5259614, -8.475459, -5.156104, -1.4653964, -7.4130344, -3.9769073, -7.068709, -0.9834722]"
the nurse sent the pie to you .,a son found them a computer .,PD,DO,SEND,FIND,THE,A,to,for,-40.4876708984375,"[-3.5259614, -8.475459, -5.156104, -7.7580028, -4.518132, -9.415212, -1.6388]"
the nurse sent the salad to him .,a lady fed a meal to it .,PD,PD,SEND,FEED,THE,A,to,to,-35.25887680053711,"[-3.5594993, -7.936302, -8.720012, -1.4857324, -5.55604, -0.23133118, -7.135479, -0.63448125]"
the nurse sent the salad to him .,a lady fed it a meal .,PD,DO,SEND,FEED,THE,A,to,to,-34.34210968017578,"[-3.5594993, -7.936302, -8.720012, -4.557819, -3.4855103, -5.190509, -0.8924574]"
the nurse sent them the beer .,a bishop threw a chocolate to me .,DO,PD,SEND,THROW,THE,A,to,to,-43.85624694824219,"[-3.546815, -9.223154, -9.017426, -1.0191113, -8.275524, -6.451847, -5.5334506, -0.78891623]"
the nurse sent them the beer .,a bishop threw me a chocolate .,DO,DO,SEND,THROW,THE,A,to,to,-38.73383712768555,"[-3.546815, -9.223154, -9.017426, -6.570295, -0.66992843, -5.8209248, -3.8852947]"
the nurse sent them the juice .,a chief delivered a cigarette for you .,DO,PD,SEND,DELIVER,THE,A,to,for,-47.444732666015625,"[-3.5418239, -8.886883, -12.643712, -1.0512509, -8.742493, -5.1271353, -6.4963055, -0.9551282]"
the nurse sent them the juice .,a chief delivered you a cigarette .,DO,DO,SEND,DELIVER,THE,A,to,for,-43.395626068115234,"[-3.5418239, -8.886883, -12.643712, -8.758398, -1.4627694, -7.396893, -0.7051489]"
the nurse sent them the juice .,a husband delivered a candy for us .,DO,PD,SEND,DELIVER,THE,A,to,for,-40.82577896118164,"[-3.5418239, -8.380875, -9.815182, -1.1797316, -8.177206, -3.1878364, -5.502329, -1.0407952]"
the nurse sent them the juice .,a husband delivered us a candy .,DO,DO,SEND,DELIVER,THE,A,to,for,-38.289466857910156,"[-3.5418239, -8.380875, -9.815182, -6.0814886, -1.4926107, -6.684739, -2.292749]"
the nurse sent them the log .,a guest sold a bag to it .,DO,PD,SEND,SELL,THE,A,to,to,-44.11595153808594,"[-3.5680227, -7.956517, -13.952004, -2.5140796, -4.316247, -4.199969, -6.9956794, -0.6134335]"
the nurse sent them the log .,a guest sold it a bag .,DO,DO,SEND,SELL,THE,A,to,to,-44.265403747558594,"[-3.5680227, -7.956517, -13.952004, -5.007259, -6.7674856, -4.6380224, -2.3760898]"
the nurse sent us the pie .,a sheriff found a glass for you .,DO,PD,SEND,FIND,THE,A,to,for,-43.81578826904297,"[-3.5804753, -7.998322, -6.3380566, -1.0712868, -7.4126043, -7.562621, -8.593979, -1.2584416]"
the nurse sent us the pie .,a sheriff found you a glass .,DO,DO,SEND,FIND,THE,A,to,for,-40.59774398803711,"[-3.5804753, -7.998322, -6.3380566, -9.059108, -2.9983466, -7.0844193, -3.539017]"
the nurse sent you the coffee .,a brother kept a chicken for me .,DO,PD,SEND,KEEP,THE,A,to,for,-37.210208892822266,"[-3.5368214, -8.864864, -8.490564, -2.0906744, -6.3908935, -3.1137156, -3.5658267, -1.1568471]"
the nurse sent you the coffee .,a brother kept me a chicken .,DO,DO,SEND,KEEP,THE,A,to,for,-37.80043411254883,"[-3.5368214, -8.864864, -8.490564, -4.161314, -5.1162276, -6.3062687, -1.324374]"
the nurse sent you the log .,an employer got a book for us .,DO,PD,SEND,GET,THE,A,to,for,-41.46783447265625,"[-5.624619, -7.4514904, -7.800105, -1.4546843, -9.121435, -3.6441147, -5.045178, -1.3262069]"
the nurse sent you the log .,an employer got us a book .,DO,DO,SEND,GET,THE,A,to,for,-37.086551666259766,"[-5.624619, -7.4514904, -7.800105, -6.7605324, -1.3064526, -6.7312136, -1.4121399]"
the nurse sent you the motor .,a lawyer supplied a hat to me .,DO,PD,SEND,SUPPLY,THE,A,to,to,-41.655792236328125,"[-3.5330198, -6.683958, -11.150713, -2.829135, -9.876511, -1.5250013, -4.497975, -1.5594782]"
the nurse sent you the motor .,a lawyer supplied me a hat .,DO,DO,SEND,SUPPLY,THE,A,to,to,-38.84770965576172,"[-3.5330198, -6.683958, -11.150713, -2.4455242, -3.971465, -9.43815, -1.6248758]"
the nurse sent you the motor .,a minister bought a tea for me .,DO,PD,SEND,BUY,THE,A,to,for,-39.10930633544922,"[-3.5330198, -9.078246, -9.69772, -0.8643184, -8.408672, -2.4104908, -3.6662183, -1.4506181]"
the nurse sent you the motor .,a minister bought me a tea .,DO,DO,SEND,BUY,THE,A,to,for,-36.36964797973633,"[-3.5330198, -9.078246, -9.69772, -4.8555274, -0.48530883, -7.0862474, -1.6335777]"
the nurse sent you the pie .,a son found a computer for them .,DO,PD,SEND,FIND,THE,A,to,for,-39.08641052246094,"[-3.5458117, -8.447138, -5.1171107, -1.6778511, -7.6566525, -4.1018276, -7.4852066, -1.0548135]"
the nurse sent you the pie .,a son found them a computer .,DO,DO,SEND,FIND,THE,A,to,for,-40.754859924316406,"[-3.5458117, -8.447138, -5.1171107, -7.6028676, -4.5916796, -10.042955, -1.4072963]"
the nurse showed him the juice .,a winner made a motor for you .,DO,PD,SHOW,MAKE,THE,A,to,for,-46.20209503173828,"[-3.581282, -10.453537, -7.2703714, -2.7440348, -9.950954, -6.402651, -4.8081827, -0.9910798]"
the nurse showed him the juice .,a winner made you a motor .,DO,DO,SHOW,MAKE,THE,A,to,for,-45.508087158203125,"[-3.581282, -10.453537, -7.2703714, -6.6497927, -2.7023172, -10.467458, -4.3833303]"
the nurse showed me the cheese .,a teacher brought an engine to him .,DO,PD,SHOW,BRING,THE,A,to,to,-38.937408447265625,"[-3.5993924, -6.716552, -7.232234, -4.577092, -8.655785, -1.0279663, -6.422845, -0.70554006]"
the nurse showed me the cheese .,a teacher brought him an engine .,DO,DO,SHOW,BRING,THE,A,to,to,-37.71089553833008,"[-3.5993924, -6.716552, -7.232234, -4.4989386, -4.5822315, -10.320033, -0.76151586]"
the nurse showed me the cheese .,a winner sent a meal to you .,DO,PD,SHOW,SEND,THE,A,to,to,-43.013465881347656,"[-3.5993924, -10.433067, -8.4750805, -3.6341932, -9.645224, -0.75727403, -5.502642, -0.9665931]"
the nurse showed me the cheese .,a winner sent you a meal .,DO,DO,SHOW,SEND,THE,A,to,to,-37.86377716064453,"[-3.5993924, -10.433067, -8.4750805, -5.0147123, -1.374547, -7.5940485, -1.3729296]"
the nurse showed me the pie .,a minister purchased an anchor for us .,DO,PD,SHOW,PURCHASE,THE,A,to,for,-47.48551940917969,"[-3.608291, -9.1603155, -12.233621, -3.1267948, -8.453586, -2.1801548, -6.781333, -1.9414254]"
the nurse showed me the pie .,a minister purchased us an anchor .,DO,DO,SHOW,PURCHASE,THE,A,to,for,-47.90474319458008,"[-3.608291, -9.1603155, -12.233621, -8.351122, -3.6630754, -8.650896, -2.237424]"
the nurse showed the cheese to me .,a teacher brought an engine to him .,PD,PD,SHOW,BRING,THE,A,to,to,-38.52666473388672,"[-3.5512886, -6.9045205, -7.493684, -4.1036777, -8.985635, -0.5064324, -6.3964496, -0.5849777]"
the nurse showed the cheese to me .,a teacher brought him an engine .,PD,DO,SHOW,BRING,THE,A,to,to,-39.14305877685547,"[-3.5512886, -6.9045205, -7.493684, -5.17558, -4.1010237, -10.679989, -1.2369738]"
the nurse showed the cheese to me .,a winner sent a meal to you .,PD,PD,SHOW,SEND,THE,A,to,to,-41.93082046508789,"[-3.5512886, -10.347483, -8.369992, -3.5382774, -9.523367, -0.42521092, -5.307358, -0.8678433]"
the nurse showed the cheese to me .,a winner sent you a meal .,PD,DO,SHOW,SEND,THE,A,to,to,-39.80121994018555,"[-3.5512886, -10.347483, -8.369992, -5.46797, -1.1701331, -8.965027, -1.9293264]"
the nurse showed the crystal to you .,a doctor threw a wire to me .,PD,PD,SHOW,THROW,THE,A,to,to,-36.50192642211914,"[-3.5568814, -6.6137943, -7.766184, -0.86916333, -8.417187, -3.5361698, -4.989946, -0.75260043]"
the nurse showed the crystal to you .,a doctor threw me a wire .,PD,DO,SHOW,THROW,THE,A,to,to,-36.061527252197266,"[-3.5568814, -6.6137943, -7.766184, -5.200573, -0.69259953, -10.894655, -1.3368393]"
the nurse showed the juice to him .,a winner made a motor for you .,PD,PD,SHOW,MAKE,THE,A,to,for,-45.376651763916016,"[-3.5435896, -10.416239, -7.2792015, -2.7894917, -9.914698, -5.8912873, -4.56592, -0.9762254]"
the nurse showed the juice to him .,a winner made you a motor .,PD,DO,SHOW,MAKE,THE,A,to,for,-44.998779296875,"[-3.5435896, -10.416239, -7.2792015, -6.953374, -2.45729, -10.488849, -3.8602414]"
the nurse showed the juice to you .,a champion left a cheese for it .,PD,PD,SHOW,LEAVE,THE,A,to,for,-48.36650085449219,"[-3.5378594, -9.790577, -7.4159546, -3.8072143, -11.373123, -4.6840277, -6.8012514, -0.9564915]"
the nurse showed the juice to you .,a champion left it a cheese .,PD,DO,SHOW,LEAVE,THE,A,to,for,-45.00471496582031,"[-3.5378594, -9.790577, -7.4159546, -4.770057, -5.189398, -11.359933, -2.9409347]"
the nurse showed the juice to you .,a minister sent a beer to it .,PD,PD,SHOW,SEND,THE,A,to,to,-39.07719039916992,"[-3.5378594, -9.401378, -6.612396, -1.1120546, -10.905243, -0.34415022, -6.344122, -0.8199866]"
the nurse showed the juice to you .,a minister sent it a beer .,PD,DO,SHOW,SEND,THE,A,to,to,-42.60216522216797,"[-3.5378594, -9.401378, -6.612396, -4.6192207, -6.194328, -10.633299, -1.6036854]"
the nurse showed the meal to them .,a winner fed a cheese to it .,PD,PD,SHOW,FEED,THE,A,to,to,-40.920562744140625,"[-3.574093, -10.415594, -11.958408, -1.7683644, -6.298522, -1.7249014, -4.7441573, -0.43652517]"
the nurse showed the meal to them .,a winner fed it a cheese .,PD,DO,SHOW,FEED,THE,A,to,to,-41.766845703125,"[-3.574093, -10.415594, -11.958408, -5.114842, -1.5275943, -5.919281, -3.2570367]"
the nurse showed the meal to us .,a corporation designed a box for me .,PD,PD,SHOW,DESIGN,THE,A,to,for,-45.589847564697266,"[-3.5805392, -11.320812, -8.351817, -6.0021524, -7.0342474, -2.4320226, -5.223035, -1.64522]"
the nurse showed the meal to us .,a corporation designed me a box .,PD,DO,SHOW,DESIGN,THE,A,to,for,-45.08352279663086,"[-3.5805392, -11.320812, -8.351817, -11.594345, -2.5984116, -5.8304377, -1.8071609]"
the nurse showed the pie to me .,a minister purchased an anchor for us .,PD,PD,SHOW,PURCHASE,THE,A,to,for,-48.339996337890625,"[-3.5678382, -9.324914, -12.529177, -3.079439, -8.753787, -2.1210341, -7.0796556, -1.8841531]"
the nurse showed the pie to me .,a minister purchased us an anchor .,PD,DO,SHOW,PURCHASE,THE,A,to,for,-50.23171615600586,"[-3.5678382, -9.324914, -12.529177, -9.3479595, -3.3807728, -9.095925, -2.98513]"
the nurse showed them the meal .,a winner fed a cheese to it .,DO,PD,SHOW,FEED,THE,A,to,to,-46.187767028808594,"[-3.5813844, -10.492458, -11.842495, -2.118557, -7.7232656, -3.2164946, -6.649298, -0.5638135]"
the nurse showed them the meal .,a winner fed it a cheese .,DO,DO,SHOW,FEED,THE,A,to,to,-41.862754821777344,"[-3.5813844, -10.492458, -11.842495, -5.4224453, -1.6227736, -6.1174054, -2.78379]"
the nurse showed us the meal .,a corporation designed a box for me .,DO,PD,SHOW,DESIGN,THE,A,to,for,-45.54208755493164,"[-3.6144671, -11.364468, -8.203745, -6.398524, -7.10921, -2.554239, -4.9493237, -1.3481121]"
the nurse showed us the meal .,a corporation designed me a box .,DO,DO,SHOW,DESIGN,THE,A,to,for,-44.62509536743164,"[-3.6144671, -11.364468, -8.203745, -11.512174, -2.5401292, -5.815222, -1.5748899]"
the nurse showed you the crystal .,a doctor threw a wire to me .,DO,PD,SHOW,THROW,THE,A,to,to,-37.77348709106445,"[-3.5543756, -6.4752865, -7.8508406, -0.8280399, -8.621998, -3.8003101, -5.7913637, -0.8512747]"
the nurse showed you the crystal .,a doctor threw me a wire .,DO,DO,SHOW,THROW,THE,A,to,to,-35.205814361572266,"[-3.5543756, -6.4752865, -7.8508406, -4.316001, -1.2982354, -10.74263, -0.9684447]"
the nurse showed you the juice .,a champion left a cheese for it .,DO,PD,SHOW,LEAVE,THE,A,to,for,-48.585575103759766,"[-3.5263276, -9.912071, -7.2858243, -3.6782246, -11.636421, -4.8444633, -6.951426, -0.7508179]"
the nurse showed you the juice .,a champion left it a cheese .,DO,DO,SHOW,LEAVE,THE,A,to,for,-44.56404113769531,"[-3.5263276, -9.912071, -7.2858243, -4.8504953, -5.227843, -11.808217, -1.9532667]"
the nurse showed you the juice .,a minister sent a beer to it .,DO,PD,SHOW,SEND,THE,A,to,to,-40.419273376464844,"[-3.5263276, -9.34159, -6.6824512, -1.0796909, -10.566554, -0.5891439, -7.6472254, -0.9862895]"
the nurse showed you the juice .,a minister sent it a beer .,DO,DO,SHOW,SEND,THE,A,to,to,-41.47137451171875,"[-3.5263276, -9.34159, -6.6824512, -4.777957, -5.536949, -10.509266, -1.0968331]"
the nurse sold him the chocolate .,a princess took a plate to us .,DO,PD,SELL,TAKE,THE,A,to,to,-43.82769012451172,"[-3.603922, -10.538692, -5.551162, -1.6305465, -8.2328415, -5.0609136, -8.367848, -0.84176743]"
the nurse sold him the chocolate .,a princess took us a plate .,DO,DO,SELL,TAKE,THE,A,to,to,-42.458885192871094,"[-3.603922, -10.538692, -5.551162, -6.1525135, -4.7111673, -8.162653, -3.7387767]"
the nurse sold the chicken to you .,a sheriff gave a juice to me .,PD,PD,SELL,GIVE,THE,A,to,to,-38.471778869628906,"[-3.5569348, -8.124922, -8.101095, -1.4852031, -11.960331, -0.30217132, -4.1105127, -0.8306076]"
the nurse sold the chicken to you .,a sheriff gave me a juice .,PD,DO,SELL,GIVE,THE,A,to,to,-35.199928283691406,"[-3.5569348, -8.124922, -8.101095, -3.848312, -0.6855271, -9.190241, -1.6928976]"
the nurse sold the chocolate to him .,a princess took a plate to us .,PD,PD,SELL,TAKE,THE,A,to,to,-41.33211135864258,"[-3.6013746, -10.406277, -5.769784, -1.4732863, -7.804103, -3.8120608, -7.619852, -0.8453743]"
the nurse sold the chocolate to him .,a princess took us a plate .,PD,DO,SELL,TAKE,THE,A,to,to,-43.278724670410156,"[-3.6013746, -10.406277, -5.769784, -6.431743, -4.634702, -8.606531, -3.8283124]"
the nurse sold the coffee to you .,a worker showed a salad to them .,PD,PD,SELL,SHOW,THE,A,to,to,-37.60395050048828,"[-3.5509171, -6.460564, -8.273107, -1.9027524, -9.93026, -0.49986598, -6.334447, -0.65203875]"
the nurse sold the coffee to you .,a worker showed them a salad .,PD,DO,SELL,SHOW,THE,A,to,to,-35.64244079589844,"[-3.5509171, -6.460564, -8.273107, -5.1161876, -1.2274041, -8.980879, -2.0333843]"
the nurse sold the guitar to them .,a candidate drew a flower for you .,PD,PD,SELL,DRAW,THE,A,to,for,-42.76221466064453,"[-3.5688522, -8.853868, -8.951216, -1.0913155, -8.297406, -3.6598525, -6.9519043, -1.3878]"
the nurse sold the guitar to them .,a candidate drew you a flower .,PD,DO,SELL,DRAW,THE,A,to,for,-43.63087844848633,"[-3.5688522, -8.853868, -8.951216, -10.139697, -2.9301229, -7.545843, -1.6412787]"
the nurse sold the juice to them .,a bishop bought a beer for you .,PD,PD,SELL,BUY,THE,A,to,for,-35.68925094604492,"[-3.5673332, -9.433666, -8.133304, -1.4232572, -4.1069613, -2.3800762, -5.7553325, -0.88932097]"
the nurse sold the juice to them .,a bishop bought you a beer .,PD,DO,SELL,BUY,THE,A,to,for,-33.96303939819336,"[-3.5673332, -9.433666, -8.133304, -7.2579417, -0.95248276, -3.156784, -1.4615284]"
the nurse sold the juice to us .,a reader caught a box for it .,PD,PD,SELL,CATCH,THE,A,to,for,-43.26923370361328,"[-3.5569198, -6.957925, -7.6098285, -3.376225, -9.234065, -4.7907367, -6.505346, -1.2381855]"
the nurse sold the juice to us .,a reader caught it a box .,PD,DO,SELL,CATCH,THE,A,to,for,-40.33537292480469,"[-3.5569198, -6.957925, -7.6098285, -5.0021567, -5.238464, -9.588633, -2.3814485]"
the nurse sold them the guitar .,a candidate drew a flower for you .,DO,PD,SELL,DRAW,THE,A,to,for,-43.485198974609375,"[-3.6070511, -8.813815, -8.505187, -1.3194181, -9.1017, -3.367969, -7.374084, -1.395973]"
the nurse sold them the guitar .,a candidate drew you a flower .,DO,DO,SELL,DRAW,THE,A,to,for,-42.478336334228516,"[-3.6070511, -8.813815, -8.505187, -9.987118, -2.220368, -7.9652023, -1.379595]"
the nurse sold them the juice .,a bishop bought a beer for you .,DO,PD,SELL,BUY,THE,A,to,for,-38.014381408691406,"[-3.5749497, -9.32328, -8.244108, -1.590157, -5.188114, -2.4299374, -6.776862, -0.8869716]"
the nurse sold them the juice .,a bishop bought you a beer .,DO,DO,SELL,BUY,THE,A,to,for,-33.604042053222656,"[-3.5749497, -9.32328, -8.244108, -7.393204, -0.9279533, -3.0132253, -1.127321]"
the nurse sold us the juice .,a reader caught a box for it .,DO,PD,SELL,CATCH,THE,A,to,for,-44.330291748046875,"[-3.563846, -6.988082, -7.4880385, -3.7575393, -9.766868, -4.7829275, -6.9321365, -1.050854]"
the nurse sold us the juice .,a reader caught it a box .,DO,DO,SELL,CATCH,THE,A,to,for,-40.43983459472656,"[-3.563846, -6.988082, -7.4880385, -5.4490447, -5.574216, -9.516365, -1.8602403]"
the nurse sold you the chicken .,a sheriff gave a juice to me .,DO,PD,SELL,GIVE,THE,A,to,to,-40.930606842041016,"[-3.5505128, -7.9739428, -8.347296, -1.5779788, -12.391285, -0.62622374, -5.5051756, -0.95819396]"
the nurse sold you the chicken .,a sheriff gave me a juice .,DO,DO,SELL,GIVE,THE,A,to,to,-35.043601989746094,"[-3.5505128, -7.9739428, -8.347296, -3.5343435, -0.7658903, -9.717184, -1.154432]"
the nurse sold you the coffee .,a worker showed a salad to them .,DO,PD,SELL,SHOW,THE,A,to,to,-42.395484924316406,"[-3.5587082, -6.6107635, -8.191732, -2.5220551, -10.775624, -2.2734962, -7.69127, -0.77183443]"
the nurse sold you the coffee .,a worker showed them a salad .,DO,DO,SELL,SHOW,THE,A,to,to,-35.77820587158203,"[-3.5587082, -6.6107635, -8.191732, -5.0956035, -1.3236098, -9.551779, -1.4460088]"
the nurse supplied him the coffee .,a teacher got a salad for you .,DO,PD,SUPPLY,GET,THE,A,to,for,-41.9903678894043,"[-3.6356337, -6.908519, -7.2372675, -2.0219448, -10.978906, -2.9196928, -7.247532, -1.0408723]"
the nurse supplied him the coffee .,a teacher got you a salad .,DO,DO,SUPPLY,GET,THE,A,to,for,-37.481754302978516,"[-3.6356337, -6.908519, -7.2372675, -8.821073, -1.3261126, -8.350315, -1.202832]"
the nurse supplied me the box .,a princess bought a bag for them .,DO,PD,SUPPLY,BUY,THE,A,to,for,-37.99601745605469,"[-3.6054087, -10.337028, -7.1013937, -1.2407572, -4.421634, -3.5063975, -6.788556, -0.9948427]"
the nurse supplied me the box .,a princess bought them a bag .,DO,DO,SUPPLY,BUY,THE,A,to,for,-38.81333923339844,"[-3.6054087, -10.337028, -7.1013937, -5.53924, -4.556505, -5.720377, -1.9533852]"
the nurse supplied me the coffee .,a sheriff sent a cheese to us .,DO,PD,SUPPLY,SEND,THE,A,to,to,-44.67307662963867,"[-3.627102, -8.409787, -8.077839, -1.7056624, -11.866828, -4.480034, -5.1619954, -1.3438277]"
the nurse supplied me the coffee .,a sheriff sent us a cheese .,DO,DO,SUPPLY,SEND,THE,A,to,to,-40.33440399169922,"[-3.627102, -8.409787, -8.077839, -3.6434636, -1.1717377, -11.812212, -3.5922623]"
the nurse supplied me the coffee .,a guy fed a chocolate to us .,DO,PD,SUPPLY,FEED,THE,A,to,to,-40.97877502441406,"[-3.627102, -7.637854, -9.766549, -2.7387524, -4.6296086, -5.910445, -5.183744, -1.4847214]"
the nurse supplied me the coffee .,a guy fed us a chocolate .,DO,DO,SUPPLY,FEED,THE,A,to,to,-35.76347351074219,"[-3.627102, -7.637854, -9.766549, -4.8048162, -2.1426086, -4.348168, -3.436373]"
the nurse supplied the box to me .,a princess bought a bag for them .,PD,PD,SUPPLY,BUY,THE,A,to,for,-38.15704345703125,"[-3.5851696, -10.262202, -7.1831, -1.0298209, -4.586589, -3.3149364, -7.0617375, -1.1334848]"
the nurse supplied the box to me .,a princess bought them a bag .,PD,DO,SUPPLY,BUY,THE,A,to,for,-42.170326232910156,"[-3.5851696, -10.262202, -7.1831, -5.916798, -4.7623234, -7.7540154, -2.7067175]"
the nurse supplied the box to us .,a worker drew a log for you .,PD,PD,SUPPLY,DRAW,THE,A,to,for,-40.17644500732422,"[-3.5939343, -6.5475445, -9.4455595, -0.99275696, -7.9212236, -3.9811287, -6.2414646, -1.4528313]"
the nurse supplied the box to us .,a worker drew you a log .,PD,DO,SUPPLY,DRAW,THE,A,to,for,-41.298221588134766,"[-3.5939343, -6.5475445, -9.4455595, -9.662849, -1.450413, -8.501958, -2.095963]"
the nurse supplied the box to you .,a guest gave a chocolate to it .,PD,PD,SUPPLY,GIVE,THE,A,to,to,-47.121177673339844,"[-3.587523, -7.513175, -10.427866, -1.8927029, -11.215346, -4.789029, -6.712199, -0.9833347]"
the nurse supplied the box to you .,a guest gave it a chocolate .,PD,DO,SUPPLY,GIVE,THE,A,to,to,-43.716705322265625,"[-3.587523, -7.513175, -10.427866, -4.6801405, -1.2473414, -10.996501, -5.264161]"
the nurse supplied the chicken to you .,a corporation designed a box for me .,PD,PD,SUPPLY,DESIGN,THE,A,to,for,-45.12810516357422,"[-3.6018262, -10.59009, -7.9354067, -6.721755, -6.757048, -2.464733, -5.4607806, -1.5964694]"
the nurse supplied the chicken to you .,a corporation designed me a box .,PD,DO,SUPPLY,DESIGN,THE,A,to,for,-44.57258987426758,"[-3.6018262, -10.59009, -7.9354067, -12.027858, -3.2675114, -5.3454585, -1.8044407]"
the nurse supplied the coffee to him .,a teacher got a salad for you .,PD,PD,SUPPLY,GET,THE,A,to,for,-42.092681884765625,"[-3.6238616, -6.9217854, -7.3080864, -1.9595886, -10.688889, -3.0647187, -7.308491, -1.2172607]"
the nurse supplied the coffee to him .,a teacher got you a salad .,PD,DO,SUPPLY,GET,THE,A,to,for,-38.42069625854492,"[-3.6238616, -6.9217854, -7.3080864, -9.088122, -1.5198921, -8.20809, -1.7508595]"
the nurse supplied the coffee to me .,a sheriff sent a cheese to us .,PD,PD,SUPPLY,SEND,THE,A,to,to,-39.94307327270508,"[-3.6002443, -8.569778, -8.027756, -1.3672667, -11.4071665, -2.2991967, -3.357273, -1.314391]"
the nurse supplied the coffee to me .,a sheriff sent us a cheese .,PD,DO,SUPPLY,SEND,THE,A,to,to,-42.53942108154297,"[-3.6002443, -8.569778, -8.027756, -4.1333523, -0.9541484, -11.897387, -5.356756]"
the nurse supplied the coffee to me .,a guy fed a chocolate to us .,PD,PD,SUPPLY,FEED,THE,A,to,to,-36.349937438964844,"[-3.6002443, -7.634968, -9.83149, -1.8767366, -4.5449257, -3.1490638, -4.3998117, -1.3126961]"
the nurse supplied the coffee to me .,a guy fed us a chocolate .,PD,DO,SUPPLY,FEED,THE,A,to,to,-37.02128601074219,"[-3.6002443, -7.634968, -9.83149, -5.334998, -1.7043052, -4.2041683, -4.7111144]"
the nurse supplied the tea to you .,an opponent promised a coffee to me .,PD,PD,SUPPLY,PROMISE,THE,A,to,to,-44.59062194824219,"[-5.6492896, -8.405456, -11.764626, -2.6456094, -8.131744, -2.1875913, -4.7580004, -1.0483049]"
the nurse supplied the tea to you .,an opponent promised me a coffee .,PD,DO,SUPPLY,PROMISE,THE,A,to,to,-40.615013122558594,"[-5.6492896, -8.405456, -11.764626, -5.01166, -1.3519781, -6.622346, -1.8096616]"
the nurse supplied us the box .,a worker drew a log for you .,DO,PD,SUPPLY,DRAW,THE,A,to,for,-39.938072204589844,"[-3.6100335, -6.490487, -9.351053, -1.2127553, -7.8930016, -3.8218527, -6.573262, -0.9856255]"
the nurse supplied us the box .,a worker drew you a log .,DO,DO,SUPPLY,DRAW,THE,A,to,for,-38.987579345703125,"[-3.6100335, -6.490487, -9.351053, -9.309748, -0.9539529, -8.145533, -1.1267694]"
the nurse supplied you the box .,a guest gave a chocolate to it .,DO,PD,SUPPLY,GIVE,THE,A,to,to,-48.378597259521484,"[-3.5933342, -7.6729302, -10.171945, -2.457114, -10.87432, -5.838381, -6.9480906, -0.82248354]"
the nurse supplied you the box .,a guest gave it a chocolate .,DO,DO,SUPPLY,GIVE,THE,A,to,to,-42.44520568847656,"[-3.5933342, -7.6729302, -10.171945, -4.8524513, -1.286802, -10.378698, -4.489046]"
the nurse supplied you the chicken .,a corporation designed a box for me .,DO,PD,SUPPLY,DESIGN,THE,A,to,for,-43.22930908203125,"[-3.60305, -10.650108, -7.8438163, -5.830155, -6.3227468, -2.67443, -5.2015615, -1.1034392]"
the nurse supplied you the chicken .,a corporation designed me a box .,DO,DO,SUPPLY,DESIGN,THE,A,to,for,-41.6665153503418,"[-3.60305, -10.650108, -7.8438163, -10.840121, -2.3222656, -5.0978317, -1.3093233]"
the nurse supplied you the tea .,an opponent promised a coffee to me .,DO,PD,SUPPLY,PROMISE,THE,A,to,to,-43.85858154296875,"[-5.659586, -8.282961, -10.240573, -3.0625513, -8.09463, -3.8268032, -3.7664537, -0.9250243]"
the nurse supplied you the tea .,an opponent promised me a coffee .,DO,DO,SUPPLY,PROMISE,THE,A,to,to,-37.20890808105469,"[-5.659586, -8.282961, -10.240573, -4.3574305, -1.4254067, -6.3054943, -0.9374603]"
the nurse threw him the chicken .,a minister sent a beer to it .,DO,PD,THROW,SEND,THE,A,to,to,-39.26313781738281,"[-3.668165, -9.051102, -6.0856757, -1.6084505, -9.468268, -0.6242116, -7.8422327, -0.91503084]"
the nurse threw him the chicken .,a minister sent it a beer .,DO,DO,THROW,SEND,THE,A,to,to,-40.237396240234375,"[-3.668165, -9.051102, -6.0856757, -4.8103824, -5.5986714, -10.18546, -0.8379433]"
the nurse threw him the chicken .,a princess took a plate to us .,DO,PD,THROW,TAKE,THE,A,to,to,-43.68933868408203,"[-3.668165, -10.487783, -5.509577, -2.0502398, -8.174797, -5.3189225, -7.6036177, -0.8762355]"
the nurse threw him the chicken .,a princess took us a plate .,DO,DO,THROW,TAKE,THE,A,to,to,-43.25415802001953,"[-3.668165, -10.487783, -5.509577, -5.875139, -4.4470286, -9.66972, -3.5967433]"
the nurse threw him the motor .,an actress bought a coffee for you .,DO,PD,THROW,BUY,THE,A,to,for,-40.763092041015625,"[-5.6608634, -6.7968974, -7.49148, -0.9145389, -7.1012244, -3.5810118, -7.9736276, -1.2434496]"
the nurse threw him the motor .,an actress bought you a coffee .,DO,DO,THROW,BUY,THE,A,to,for,-35.506385803222656,"[-5.6608634, -6.7968974, -7.49148, -7.7663236, -0.7223133, -5.6026545, -1.4658568]"
the nurse threw it the chicken .,a buddy kept a cheese for you .,DO,PD,THROW,KEEP,THE,A,to,for,-46.52125549316406,"[-3.5999942, -10.344357, -8.092279, -2.8968127, -10.076472, -4.8336067, -5.7555737, -0.92215925]"
the nurse threw it the chicken .,a buddy kept you a cheese .,DO,DO,THROW,KEEP,THE,A,to,for,-45.284671783447266,"[-3.5999942, -10.344357, -8.092279, -5.924041, -5.2884936, -9.817154, -2.2183537]"
the nurse threw the beer to you .,a bishop delivered a juice for me .,PD,PD,THROW,DELIVER,THE,A,to,for,-44.0882682800293,"[-3.5915751, -9.350356, -7.7128534, -0.70380825, -13.019489, -3.6738977, -4.9341726, -1.1021166]"
the nurse threw the beer to you .,a bishop delivered me a juice .,PD,DO,THROW,DELIVER,THE,A,to,for,-40.31678009033203,"[-3.5915751, -9.350356, -7.7128534, -7.302872, -0.81070006, -9.381242, -2.1671805]"
the nurse threw the box to them .,an employer got a book for us .,PD,PD,THROW,GET,THE,A,to,for,-41.40181350708008,"[-5.6979866, -7.7178774, -7.077393, -1.2054112, -8.723154, -3.5585685, -6.0238495, -1.3975722]"
the nurse threw the box to them .,an employer got us a book .,PD,DO,THROW,GET,THE,A,to,for,-37.697933197021484,"[-5.6979866, -7.7178774, -7.077393, -8.094432, -0.9272261, -6.2481003, -1.9349169]"
the nurse threw the chicken to him .,a minister sent a beer to it .,PD,PD,THROW,SEND,THE,A,to,to,-38.97154998779297,"[-3.6144779, -9.135047, -6.2254343, -1.3895085, -9.701589, -0.30788836, -7.643467, -0.95413995]"
the nurse threw the chicken to him .,a minister sent it a beer .,PD,DO,THROW,SEND,THE,A,to,to,-42.16498565673828,"[-3.6144779, -9.135047, -6.2254343, -4.965081, -6.926675, -9.833163, -1.4651053]"
the nurse threw the chicken to him .,a princess took a plate to us .,PD,PD,THROW,TAKE,THE,A,to,to,-40.240211486816406,"[-3.6144779, -10.497379, -5.6587577, -1.4144495, -7.3189216, -3.4871502, -7.582018, -0.66705734]"
the nurse threw the chicken to him .,a princess took us a plate .,PD,DO,THROW,TAKE,THE,A,to,to,-43.45372772216797,"[-3.6144779, -10.497379, -5.6587577, -6.782484, -4.914242, -8.039678, -3.94671]"
the nurse threw the chicken to it .,a buddy kept a cheese for you .,PD,PD,THROW,KEEP,THE,A,to,for,-45.89264678955078,"[-3.5989113, -10.361636, -8.102808, -2.2545352, -9.161816, -4.942112, -6.429102, -1.0417258]"
the nurse threw the chicken to it .,a buddy kept you a cheese .,PD,DO,THROW,KEEP,THE,A,to,for,-46.39508056640625,"[-3.5989113, -10.361636, -8.102808, -6.3065143, -5.1878242, -9.125974, -3.7114115]"
the nurse threw the meal to them .,a hero brought a chocolate to it .,PD,PD,THROW,BRING,THE,A,to,to,-42.84626007080078,"[-3.630635, -8.95992, -7.7323923, -2.6366115, -8.418528, -4.143097, -6.719363, -0.60571665]"
the nurse threw the meal to them .,a hero brought it a chocolate .,PD,DO,THROW,BRING,THE,A,to,to,-48.07301330566406,"[-3.630635, -8.95992, -7.7323923, -4.5876956, -7.5941963, -10.695962, -4.87221]"
the nurse threw the meal to them .,a scientist found a cheese for me .,PD,PD,THROW,FIND,THE,A,to,for,-39.591487884521484,"[-3.630635, -7.6374454, -4.9502325, -1.4396812, -9.9335985, -5.7994137, -4.672724, -1.5277584]"
the nurse threw the meal to them .,a scientist found me a cheese .,PD,DO,THROW,FIND,THE,A,to,for,-37.54702377319336,"[-3.630635, -7.6374454, -4.9502325, -8.709066, -1.3237408, -7.6715574, -3.6243474]"
the nurse threw the motor to him .,an actress bought a coffee for you .,PD,PD,THROW,BUY,THE,A,to,for,-40.27557373046875,"[-5.658509, -6.8642616, -7.857359, -0.6668384, -7.111667, -3.1849856, -7.680518, -1.251436]"
the nurse threw the motor to him .,an actress bought you a coffee .,PD,DO,THROW,BUY,THE,A,to,for,-36.32857131958008,"[-5.658509, -6.8642616, -7.857359, -8.262265, -0.5951296, -5.469181, -1.621865]"
the nurse threw them the box .,an employer got a book for us .,DO,PD,THROW,GET,THE,A,to,for,-41.560546875,"[-5.7012296, -7.63387, -7.043028, -1.6180909, -8.825816, -3.7123733, -5.700121, -1.326017]"
the nurse threw them the box .,an employer got us a book .,DO,DO,THROW,GET,THE,A,to,for,-36.55428695678711,"[-5.7012296, -7.63387, -7.043028, -7.2795095, -0.99528575, -6.481411, -1.4199524]"
the nurse threw them the meal .,a hero brought a chocolate to it .,DO,PD,THROW,BRING,THE,A,to,to,-43.979942321777344,"[-3.678118, -8.838429, -7.6888547, -2.8578987, -8.864191, -4.7346253, -6.620902, -0.6969223]"
the nurse threw them the meal .,a hero brought it a chocolate .,DO,DO,THROW,BRING,THE,A,to,to,-44.823387145996094,"[-3.678118, -8.838429, -7.6888547, -3.994875, -6.7774115, -9.617094, -4.2286043]"
the nurse threw them the meal .,a scientist found a cheese for me .,DO,PD,THROW,FIND,THE,A,to,for,-38.90930938720703,"[-3.678118, -7.4749546, -5.0072236, -1.7025101, -10.29448, -5.9678345, -3.5802767, -1.2039123]"
the nurse threw them the meal .,a scientist found me a cheese .,DO,DO,THROW,FIND,THE,A,to,for,-36.324825286865234,"[-3.678118, -7.4749546, -5.0072236, -7.889168, -1.3150328, -7.990204, -2.9701247]"
the nurse threw you the beer .,a bishop delivered a juice for me .,DO,PD,THROW,DELIVER,THE,A,to,for,-42.946876525878906,"[-3.6288126, -9.311436, -7.7577677, -0.7348132, -13.093342, -3.1222212, -4.2470784, -1.0514047]"
the nurse threw you the beer .,a bishop delivered me a juice .,DO,DO,THROW,DELIVER,THE,A,to,for,-37.442081451416016,"[-3.6288126, -9.311436, -7.7577677, -5.32513, -0.8947861, -9.106648, -1.4175028]"
the nurse took him the box .,a mother saved a candy for me .,DO,PD,TAKE,SAVE,THE,A,to,for,-40.55674743652344,"[-3.612247, -5.795066, -8.954744, -1.8429809, -10.590269, -4.060424, -4.7494593, -0.95155513]"
the nurse took him the box .,a mother saved me a candy .,DO,DO,TAKE,SAVE,THE,A,to,for,-34.21379089355469,"[-3.612247, -5.795066, -8.954744, -5.400026, -1.4954547, -6.6093025, -2.346953]"
the nurse took me the hat .,a brother gave a candy to you .,DO,PD,TAKE,GIVE,THE,A,to,to,-40.82106399536133,"[-3.6042466, -8.908727, -6.6336412, -3.3243792, -9.723864, -1.1691579, -6.501343, -0.9557066]"
the nurse took me the hat .,a brother gave you a candy .,DO,DO,TAKE,GIVE,THE,A,to,to,-34.36972427368164,"[-3.6042466, -8.908727, -6.6336412, -5.5540214, -1.1142538, -7.0793858, -1.4754494]"
the nurse took the box to him .,a mother saved a candy for me .,PD,PD,TAKE,SAVE,THE,A,to,for,-40.102909088134766,"[-3.5566647, -5.821639, -9.331378, -1.5218617, -10.422463, -3.8054435, -4.778508, -0.86494964]"
the nurse took the box to him .,a mother saved me a candy .,PD,DO,TAKE,SAVE,THE,A,to,for,-36.944786071777344,"[-3.5566647, -5.821639, -9.331378, -6.0735774, -1.8802038, -7.6675687, -2.6137547]"
the nurse took the box to you .,a parent delivered a flower for me .,PD,PD,TAKE,DELIVER,THE,A,to,for,-37.5683708190918,"[-3.5355825, -7.7629004, -8.919207, -0.75800097, -8.563594, -3.5335462, -3.3621426, -1.1333966]"
the nurse took the box to you .,a parent delivered me a flower .,PD,DO,TAKE,DELIVER,THE,A,to,for,-36.36381530761719,"[-3.5355825, -7.7629004, -8.919207, -5.2924724, -0.73522437, -8.08043, -2.0379958]"
the nurse took the hat to me .,a brother gave a candy to you .,PD,PD,TAKE,GIVE,THE,A,to,to,-38.67020797729492,"[-3.5425434, -8.941858, -6.961534, -2.0303378, -9.683718, -0.45698243, -6.211602, -0.8416332]"
the nurse took the hat to me .,a brother gave you a candy .,PD,DO,TAKE,GIVE,THE,A,to,to,-34.73012161254883,"[-3.5425434, -8.941858, -6.961534, -5.265884, -0.9554653, -7.222745, -1.84009]"
the nurse took you the box .,a parent delivered a flower for me .,DO,PD,TAKE,DELIVER,THE,A,to,for,-37.50120162963867,"[-3.5478153, -7.8012486, -8.616396, -0.81458753, -9.025694, -3.053062, -3.419917, -1.2224792]"
the nurse took you the box .,a parent delivered me a flower .,DO,DO,TAKE,DELIVER,THE,A,to,for,-35.50815963745117,"[-3.5478153, -7.8012486, -8.616396, -4.4375315, -0.741403, -8.51496, -1.8488044]"
the opponent bought him the wire .,a guy showed a beer to you .,DO,PD,BUY,SHOW,THE,A,for,to,-39.64671325683594,"[-3.7035463, -7.0057373, -6.3634896, -4.853773, -7.9017763, -1.7537863, -6.7514057, -1.313202]"
the opponent bought him the wire .,a guy showed you a beer .,DO,DO,BUY,SHOW,THE,A,for,to,-33.83552551269531,"[-3.7035463, -7.0057373, -6.3634896, -6.39291, -1.4363204, -7.483684, -1.4498396]"
the opponent bought it the juice .,a prince took a box to me .,DO,PD,BUY,TAKE,THE,A,for,to,-39.574378967285156,"[-3.65097, -10.505393, -5.312646, -1.8125353, -7.243222, -4.346276, -5.55823, -1.1451092]"
the opponent bought it the juice .,a prince took me a box .,DO,DO,BUY,TAKE,THE,A,for,to,-37.50334548950195,"[-3.65097, -10.505393, -5.312646, -3.830881, -4.1528187, -7.2658777, -2.7847579]"
the opponent bought the cheese for us .,a prince supplied a salad to you .,PD,PD,BUY,SUPPLY,THE,A,for,to,-42.84527587890625,"[-3.6370597, -10.595802, -9.346794, -2.6442003, -7.2898636, -1.3902158, -6.6181316, -1.3232077]"
the opponent bought the cheese for us .,a prince supplied you a salad .,PD,DO,BUY,SUPPLY,THE,A,for,to,-42.15618896484375,"[-3.6370597, -10.595802, -9.346794, -5.750057, -4.301378, -6.670059, -1.855036]"
the opponent bought the cigarette for you .,a buddy got a beer for us .,PD,PD,BUY,GET,THE,A,for,for,-32.93437957763672,"[-3.6517744, -9.745, -5.7843966, -2.0094166, -5.7393503, -1.105897, -3.8921235, -1.0064199]"
the opponent bought the cigarette for you .,a buddy got us a beer .,PD,DO,BUY,GET,THE,A,for,for,-31.0186710357666,"[-3.6517744, -9.745, -5.7843966, -5.103629, -1.770323, -3.4013197, -1.5622283]"
the opponent bought the juice for it .,a prince took a box to me .,PD,PD,BUY,TAKE,THE,A,for,to,-40.12774658203125,"[-3.6374767, -10.560297, -5.2798853, -1.6637756, -7.296858, -4.551915, -6.034346, -1.1031945]"
the opponent bought the juice for it .,a prince took me a box .,PD,DO,BUY,TAKE,THE,A,for,to,-39.80973815917969,"[-3.6374767, -10.560297, -5.2798853, -4.508542, -5.595426, -7.455598, -2.7725139]"
the opponent bought the juice for you .,a friend found a tea for him .,PD,PD,BUY,FIND,THE,A,for,for,-34.038185119628906,"[-3.6310802, -5.6719613, -6.2612824, -1.4489919, -8.428297, -3.4218757, -4.0539246, -1.1207701]"
the opponent bought the juice for you .,a friend found him a tea .,PD,DO,BUY,FIND,THE,A,for,for,-33.818607330322266,"[-3.6310802, -5.6719613, -6.2612824, -4.1207333, -3.9493182, -8.302313, -1.8819205]"
the opponent bought the wire for him .,a guy showed a beer to you .,PD,PD,BUY,SHOW,THE,A,for,to,-39.48423767089844,"[-3.6554873, -7.1862016, -6.694662, -4.0641565, -7.9195294, -1.7507861, -6.832821, -1.3805927]"
the opponent bought the wire for him .,a guy showed you a beer .,PD,DO,BUY,SHOW,THE,A,for,to,-34.563194274902344,"[-3.6554873, -7.1862016, -6.694662, -6.0600424, -1.3431752, -7.515609, -2.1080182]"
the opponent bought the wire for us .,a buddy delivered a chicken for me .,PD,PD,BUY,DELIVER,THE,A,for,for,-37.545265197753906,"[-3.6398308, -9.771811, -9.129515, -1.5919131, -8.254291, -3.4685216, -0.90044296, -0.78894246]"
the opponent bought the wire for us .,a buddy delivered me a chicken .,PD,DO,BUY,DELIVER,THE,A,for,for,-36.289306640625,"[-3.6398308, -9.771811, -9.129515, -1.6592597, -1.0716878, -8.217743, -2.7994592]"
the opponent bought us the cheese .,a prince supplied a salad to you .,DO,PD,BUY,SUPPLY,THE,A,for,to,-44.33702087402344,"[-3.6807146, -10.466323, -9.589408, -3.061316, -8.184153, -1.9739542, -6.3005414, -1.080608]"
the opponent bought us the cheese .,a prince supplied you a salad .,DO,DO,BUY,SUPPLY,THE,A,for,to,-40.97819900512695,"[-3.6807146, -10.466323, -9.589408, -4.7207723, -4.7575502, -6.742796, -1.0206368]"
the opponent bought us the wire .,a buddy delivered a chicken for me .,DO,PD,BUY,DELIVER,THE,A,for,for,-39.27738571166992,"[-3.6808016, -9.470594, -9.272115, -2.1074715, -8.239452, -4.1898427, -1.2944268, -1.0226821]"
the opponent bought us the wire .,a buddy delivered me a chicken .,DO,DO,BUY,DELIVER,THE,A,for,for,-34.962215423583984,"[-3.6808016, -9.470594, -9.272115, -0.9858837, -1.1790771, -8.224161, -2.1495824]"
the opponent bought you the cigarette .,a buddy got a beer for us .,DO,PD,BUY,GET,THE,A,for,for,-34.48923110961914,"[-3.6732543, -9.535646, -5.9385147, -2.324186, -5.446124, -3.2841086, -3.3343887, -0.953009]"
the opponent bought you the cigarette .,a buddy got us a beer .,DO,DO,BUY,GET,THE,A,for,for,-29.47530174255371,"[-3.6732543, -9.535646, -5.9385147, -4.662116, -2.1247256, -2.5849402, -0.9561055]"
the opponent bought you the juice .,a friend found a tea for him .,DO,PD,BUY,FIND,THE,A,for,for,-36.24622344970703,"[-3.651972, -5.5836544, -6.413206, -1.8382835, -8.509086, -4.889395, -4.2672677, -1.09336]"
the opponent bought you the juice .,a friend found him a tea .,DO,DO,BUY,FIND,THE,A,for,for,-32.10641860961914,"[-3.651972, -5.5836544, -6.413206, -3.6482353, -3.6808715, -7.899542, -1.2289371]"
the opponent brought the ball to us .,a friend took an engine to her .,PD,PD,BRING,TAKE,THE,A,to,to,-37.43787384033203,"[-3.5672455, -5.800647, -5.293946, -4.4392996, -8.473411, -1.7145622, -5.3089857, -2.8397775]"
the opponent brought the ball to us .,a friend took her an engine .,PD,DO,BRING,TAKE,THE,A,to,to,-38.786643981933594,"[-3.5672455, -5.800647, -5.293946, -4.334133, -6.902007, -10.76629, -2.122375]"
the opponent brought the coffee to them .,a candidate gave a juice to you .,PD,PD,BRING,GIVE,THE,A,to,to,-44.854576110839844,"[-3.5864158, -8.0586815, -8.115244, -1.0501046, -14.112252, -0.117147155, -8.320852, -1.4938774]"
the opponent brought the coffee to them .,a candidate gave you a juice .,PD,DO,BRING,GIVE,THE,A,to,to,-39.31352996826172,"[-3.5864158, -8.0586815, -8.115244, -7.804232, -0.872931, -8.928858, -1.9471701]"
the opponent brought the coffee to them .,an actor delivered a beer for her .,PD,PD,BRING,DELIVER,THE,A,to,for,-41.884376525878906,"[-5.7052693, -6.569891, -9.533902, -0.7357375, -7.867336, -4.878922, -3.6837945, -2.9095232]"
the opponent brought the coffee to them .,an actor delivered her a beer .,PD,DO,BRING,DELIVER,THE,A,to,for,-42.51042556762695,"[-5.7052693, -6.569891, -9.533902, -5.9657617, -7.097456, -5.734604, -1.9035422]"
the opponent brought the coffee to you .,a professor sent a machine to them .,PD,PD,BRING,SEND,THE,A,to,to,-43.23584747314453,"[-3.5627422, -7.37141, -7.543609, -1.339003, -11.6037655, -1.3148127, -9.1205635, -1.3799433]"
the opponent brought the coffee to you .,a professor sent them a machine .,PD,DO,BRING,SEND,THE,A,to,to,-41.08135986328125,"[-3.5627422, -7.37141, -7.543609, -7.3586345, -1.1724652, -11.179103, -2.8933945]"
the opponent brought the meal to us .,a winner made an anchor for you .,PD,PD,BRING,MAKE,THE,A,to,for,-45.41741180419922,"[-3.5954146, -9.872784, -6.359603, -5.4877853, -10.383229, -1.8001157, -6.644458, -1.2740208]"
the opponent brought the meal to us .,a winner made you an anchor .,PD,DO,BRING,MAKE,THE,A,to,for,-41.975494384765625,"[-3.5954146, -9.872784, -6.359603, -6.9779015, -5.0665493, -8.176708, -1.9265319]"
the opponent brought the salad to you .,a scientist designed a box for her .,PD,PD,BRING,DESIGN,THE,A,to,for,-39.59078598022461,"[-3.6109035, -7.8948517, -7.544203, -0.81094545, -7.463338, -2.896597, -4.924544, -4.4454036]"
the opponent brought the salad to you .,a scientist designed her a box .,PD,DO,BRING,DESIGN,THE,A,to,for,-42.75326156616211,"[-3.6109035, -7.8948517, -7.544203, -6.315506, -7.8512545, -6.4586935, -3.0778475]"
the opponent brought them the coffee .,a candidate gave a juice to you .,DO,PD,BRING,GIVE,THE,A,to,to,-43.804264068603516,"[-3.646918, -8.067402, -7.3612247, -1.226411, -13.0217705, -0.58366966, -8.210473, -1.686395]"
the opponent brought them the coffee .,a candidate gave you a juice .,DO,DO,BRING,GIVE,THE,A,to,to,-37.21529006958008,"[-3.646918, -8.067402, -7.3612247, -6.6877766, -1.0018152, -9.149965, -1.3001876]"
the opponent brought them the coffee .,an actor delivered a beer for her .,DO,PD,BRING,DELIVER,THE,A,to,for,-41.2335205078125,"[-5.7018833, -6.5170045, -9.330795, -0.92005664, -8.741791, -3.785592, -3.4454536, -2.7909453]"
the opponent brought them the coffee .,an actor delivered her a beer .,DO,DO,BRING,DELIVER,THE,A,to,for,-41.44297409057617,"[-5.7018833, -6.5170045, -9.330795, -5.3390546, -7.0736914, -6.0673585, -1.413186]"
the opponent brought us the ball .,a friend took an engine to her .,DO,PD,BRING,TAKE,THE,A,to,to,-38.271026611328125,"[-3.62147, -5.72787, -5.1372848, -4.7803164, -8.3164215, -2.8178709, -4.5408206, -3.328973]"
the opponent brought us the ball .,a friend took her an engine .,DO,DO,BRING,TAKE,THE,A,to,to,-38.293975830078125,"[-3.62147, -5.72787, -5.1372848, -4.8698397, -6.8015213, -10.466612, -1.6693817]"
the opponent brought us the meal .,a winner made an anchor for you .,DO,PD,BRING,MAKE,THE,A,to,for,-45.02516555786133,"[-3.6494784, -9.856675, -6.617424, -5.120434, -10.162142, -1.9659728, -6.441296, -1.2117449]"
the opponent brought us the meal .,a winner made you an anchor .,DO,DO,BRING,MAKE,THE,A,to,for,-41.18399429321289,"[-3.6494784, -9.856675, -6.617424, -6.2172155, -5.042363, -8.225898, -1.5749407]"
the opponent brought you the coffee .,a professor sent a machine to them .,DO,PD,BRING,SEND,THE,A,to,to,-43.08320236206055,"[-3.5992892, -7.308724, -7.0295, -1.5211074, -10.938693, -1.982836, -9.656629, -1.0464231]"
the opponent brought you the coffee .,a professor sent them a machine .,DO,DO,BRING,SEND,THE,A,to,to,-39.433197021484375,"[-3.5992892, -7.308724, -7.0295, -6.963979, -1.3582627, -10.993842, -2.1796002]"
the opponent brought you the salad .,a scientist designed a box for her .,DO,PD,BRING,DESIGN,THE,A,to,for,-38.45460510253906,"[-3.6361198, -8.044293, -7.4492207, -0.8190241, -7.318845, -3.03475, -4.495562, -3.656788]"
the opponent brought you the salad .,a scientist designed her a box .,DO,DO,BRING,DESIGN,THE,A,to,for,-41.23001480102539,"[-3.6361198, -8.044293, -7.4492207, -6.041893, -7.6621046, -6.398861, -1.9975232]"
the opponent caught it the hat .,a reader found a cheese for him .,DO,PD,CATCH,FIND,THE,A,for,for,-46.57879638671875,"[-3.6219645, -7.0192556, -5.7206736, -5.215688, -12.711159, -5.125372, -6.111985, -1.0526962]"
the opponent caught it the hat .,a reader found him a cheese .,DO,DO,CATCH,FIND,THE,A,for,for,-43.90257263183594,"[-3.6219645, -7.0192556, -5.7206736, -11.509744, -3.0885186, -10.937426, -2.0049918]"
the opponent caught me the cigarette .,a chief designed a pot for him .,DO,PD,CATCH,DESIGN,THE,A,for,for,-43.91371536254883,"[-3.6383371, -9.141157, -11.798418, -2.1419652, -8.663653, -2.652331, -4.45393, -1.4239235]"
the opponent caught me the cigarette .,a chief designed him a pot .,DO,DO,CATCH,DESIGN,THE,A,for,for,-40.66238784790039,"[-3.6383371, -9.141157, -11.798418, -5.431266, -1.6543003, -7.3252735, -1.6736357]"
the opponent caught me the hat .,an adult purchased a beer for you .,DO,PD,CATCH,PURCHASE,THE,A,for,for,-39.327030181884766,"[-5.7205515, -6.435254, -10.041109, -1.2913718, -5.791028, -2.5945864, -6.393792, -1.0593367]"
the opponent caught me the hat .,an adult purchased you a beer .,DO,DO,CATCH,PURCHASE,THE,A,for,for,-36.52180099487305,"[-5.7205515, -6.435254, -10.041109, -7.822372, -1.1470898, -4.0183506, -1.3370719]"
the opponent caught me the hat .,an attorney showed a tea to you .,DO,PD,CATCH,SHOW,THE,A,for,to,-45.871673583984375,"[-5.7205515, -5.6650352, -7.967963, -2.2096455, -11.335945, -3.9958496, -7.528178, -1.448507]"
the opponent caught me the hat .,an attorney showed you a tea .,DO,DO,CATCH,SHOW,THE,A,for,to,-39.849937438964844,"[-5.7205515, -5.6650352, -7.967963, -5.855756, -1.8411746, -10.363206, -2.4362526]"
the opponent caught the card for us .,a professor saved a bell for you .,PD,PD,CATCH,SAVE,THE,A,for,for,-43.89826965332031,"[-3.5868552, -7.481525, -11.376163, -1.6178695, -10.987869, -2.6246898, -5.517128, -0.7061685]"
the opponent caught the card for us .,a professor saved you a bell .,PD,DO,CATCH,SAVE,THE,A,for,for,-45.51287841796875,"[-3.5868552, -7.481525, -11.376163, -7.757742, -2.4491458, -11.362415, -1.4990351]"
the opponent caught the cigarette for me .,a chief designed a pot for him .,PD,PD,CATCH,DESIGN,THE,A,for,for,-42.14522171020508,"[-3.6126776, -9.083053, -11.624221, -2.1190975, -8.364825, -1.7022007, -4.272765, -1.3663813]"
the opponent caught the cigarette for me .,a chief designed him a pot .,PD,DO,CATCH,DESIGN,THE,A,for,for,-42.027931213378906,"[-3.6126776, -9.083053, -11.624221, -5.9126062, -2.3833141, -7.2318816, -2.1801798]"
the opponent caught the cigarette for us .,a man brought a book to her .,PD,PD,CATCH,BRING,THE,A,for,to,-32.042171478271484,"[-3.6199138, -3.4379296, -8.188953, -1.0745413, -6.335628, -0.80543727, -4.7359877, -3.843779]"
the opponent caught the cigarette for us .,a man brought her a book .,PD,DO,CATCH,BRING,THE,A,for,to,-32.25876998901367,"[-3.6199138, -3.4379296, -8.188953, -6.6318197, -2.1142435, -5.9505463, -2.3153641]"
the opponent caught the hat for it .,a reader found a cheese for him .,PD,PD,CATCH,FIND,THE,A,for,for,-43.575843811035156,"[-3.5911481, -6.9863167, -5.57467, -4.311829, -12.670007, -4.227641, -5.360201, -0.8540298]"
the opponent caught the hat for it .,a reader found him a cheese .,PD,DO,CATCH,FIND,THE,A,for,for,-43.28854751586914,"[-3.5911481, -6.9863167, -5.57467, -10.411752, -3.1907241, -11.53527, -1.998667]"
the opponent caught the hat for me .,an adult purchased a beer for you .,PD,PD,CATCH,PURCHASE,THE,A,for,for,-37.54795455932617,"[-5.7226706, -6.336561, -9.910221, -1.129561, -5.895831, -1.799188, -5.721831, -1.0320907]"
the opponent caught the hat for me .,an adult purchased you a beer .,PD,DO,CATCH,PURCHASE,THE,A,for,for,-37.49884033203125,"[-5.7226706, -6.336561, -9.910221, -8.593529, -1.1584221, -4.097173, -1.6802641]"
the opponent caught the hat for me .,an attorney showed a tea to you .,PD,PD,CATCH,SHOW,THE,A,for,to,-45.06317138671875,"[-5.7226706, -5.758504, -8.142259, -1.8840635, -11.442335, -3.4918718, -7.2886424, -1.3328252]"
the opponent caught the hat for me .,an attorney showed you a tea .,PD,DO,CATCH,SHOW,THE,A,for,to,-41.968788146972656,"[-5.7226706, -5.758504, -8.142259, -6.0589504, -2.1467137, -10.813145, -3.3265467]"
the opponent caught the hat for them .,a buddy threw a box to you .,PD,PD,CATCH,THROW,THE,A,for,to,-39.97772979736328,"[-3.5859725, -9.941293, -7.177587, -0.7051068, -6.199321, -5.0797887, -6.2837768, -1.0048848]"
the opponent caught the hat for them .,a buddy threw you a box .,PD,DO,CATCH,THROW,THE,A,for,to,-35.48667526245117,"[-3.5859725, -9.941293, -7.177587, -6.682418, -0.6165751, -5.494978, -1.9878507]"
the opponent caught the machine for them .,a sheriff got a chicken for him .,PD,PD,CATCH,GET,THE,A,for,for,-37.69342803955078,"[-3.569602, -8.689308, -8.056299, -1.257243, -9.3383045, -3.3269892, -2.6793756, -0.7763057]"
the opponent caught the machine for them .,a sheriff got him a chicken .,PD,DO,CATCH,GET,THE,A,for,for,-36.64899444580078,"[-3.569602, -8.689308, -8.056299, -4.50459, -2.1679115, -8.541788, -1.1194954]"
the opponent caught them the hat .,a buddy threw a box to you .,DO,PD,CATCH,THROW,THE,A,for,to,-40.30885314941406,"[-3.633156, -9.869756, -6.9401226, -0.92390424, -6.1854525, -5.198069, -6.5649314, -0.9934598]"
the opponent caught them the hat .,a buddy threw you a box .,DO,DO,CATCH,THROW,THE,A,for,to,-34.45961380004883,"[-3.633156, -9.869756, -6.9401226, -6.4486866, -0.55756336, -5.339409, -1.6709214]"
the opponent caught them the machine .,a sheriff got a chicken for him .,DO,PD,CATCH,GET,THE,A,for,for,-40.27863311767578,"[-3.5998886, -8.561361, -7.891204, -1.3446053, -9.428645, -4.189209, -4.4506345, -0.81308436]"
the opponent caught them the machine .,a sheriff got him a chicken .,DO,DO,CATCH,GET,THE,A,for,for,-34.748477935791016,"[-3.5998886, -8.561361, -7.891204, -4.214857, -1.7125251, -8.042072, -0.7265699]"
the opponent caught us the card .,a professor saved a bell for you .,DO,PD,CATCH,SAVE,THE,A,for,for,-46.090389251708984,"[-3.5997381, -7.4290094, -11.544638, -2.0892177, -10.937471, -3.686667, -5.9903655, -0.81328315]"
the opponent caught us the card .,a professor saved you a bell .,DO,DO,CATCH,SAVE,THE,A,for,for,-44.266868591308594,"[-3.5997381, -7.4290094, -11.544638, -7.2107797, -2.0807018, -11.206185, -1.195817]"
the opponent caught us the cigarette .,a man brought a book to her .,DO,PD,CATCH,BRING,THE,A,for,to,-31.40645408630371,"[-3.6426985, -3.5106158, -8.229217, -1.1664846, -6.61961, -0.71808827, -4.1222816, -3.3974595]"
the opponent caught us the cigarette .,a man brought her a book .,DO,DO,CATCH,BRING,THE,A,for,to,-31.22162628173828,"[-3.6426985, -3.5106158, -8.229217, -6.2164774, -1.6644832, -6.5156517, -1.4424814]"
the opponent delivered her the juice .,a son showed a cheese to them .,DO,PD,DELIVER,SHOW,THE,A,for,to,-48.228248596191406,"[-3.6916094, -8.572952, -6.3710027, -3.8531055, -11.623626, -4.9640718, -7.839822, -1.3120601]"
the opponent delivered her the juice .,a son showed them a cheese .,DO,DO,DELIVER,SHOW,THE,A,for,to,-39.30158996582031,"[-3.6916094, -8.572952, -6.3710027, -5.5435505, -1.9362241, -9.488222, -3.6980314]"
the opponent delivered me the juice .,a child fed a meal to us .,DO,PD,DELIVER,FEED,THE,A,for,to,-42.53001403808594,"[-3.708089, -6.720873, -8.628149, -2.331736, -5.5334616, -3.5108972, -8.549702, -3.5471036]"
the opponent delivered me the juice .,a child fed us a meal .,DO,DO,DELIVER,FEED,THE,A,for,to,-35.98503875732422,"[-3.708089, -6.720873, -8.628149, -8.2543, -3.5286932, -3.8744128, -1.2705252]"
the opponent delivered the candy for them .,a winner made an anchor for you .,PD,PD,DELIVER,MAKE,THE,A,for,for,-43.364959716796875,"[-3.6815696, -9.689526, -6.4731283, -4.712638, -9.68509, -1.5220046, -6.431515, -1.1694882]"
the opponent delivered the candy for them .,a winner made you an anchor .,PD,DO,DELIVER,MAKE,THE,A,for,for,-42.328094482421875,"[-3.6815696, -9.689526, -6.4731283, -6.727068, -5.148047, -8.255516, -2.3532422]"
the opponent delivered the candy for them .,a princess purchased a chicken for you .,PD,PD,DELIVER,PURCHASE,THE,A,for,for,-42.78173828125,"[-3.6815696, -10.451714, -8.849525, -0.9620334, -6.7049484, -3.1542916, -7.753308, -1.2243472]"
the opponent delivered the candy for them .,a princess purchased you a chicken .,PD,DO,DELIVER,PURCHASE,THE,A,for,for,-43.222225189208984,"[-3.6815696, -10.451714, -8.849525, -8.717802, -1.1113411, -7.1577134, -3.2525613]"
the opponent delivered the candy for us .,a winner got a pie for you .,PD,PD,DELIVER,GET,THE,A,for,for,-38.811790466308594,"[-3.6823735, -9.71974, -8.757208, -1.5638623, -7.9833, -1.1941005, -5.0501595, -0.8610499]"
the opponent delivered the candy for us .,a winner got you a pie .,PD,DO,DELIVER,GET,THE,A,for,for,-38.62664794921875,"[-3.6823735, -9.71974, -8.757208, -4.6354413, -1.9543011, -7.962728, -1.9148557]"
the opponent delivered the juice for her .,a son showed a cheese to them .,PD,PD,DELIVER,SHOW,THE,A,for,to,-48.98802947998047,"[-3.658478, -8.539468, -6.298293, -3.7675672, -11.799761, -5.471755, -7.943348, -1.5093594]"
the opponent delivered the juice for her .,a son showed them a cheese .,PD,DO,DELIVER,SHOW,THE,A,for,to,-40.760284423828125,"[-3.658478, -8.539468, -6.298293, -5.6664987, -1.9753587, -9.902976, -4.719211]"
the opponent delivered the juice for me .,a child fed a meal to us .,PD,PD,DELIVER,FEED,THE,A,for,to,-41.618858337402344,"[-3.6598186, -6.6723833, -8.697271, -2.1510282, -5.4179273, -3.8705823, -7.261974, -3.8878756]"
the opponent delivered the juice for me .,a child fed us a meal .,PD,DO,DELIVER,FEED,THE,A,for,to,-37.42791748046875,"[-3.6598186, -6.6723833, -8.697271, -9.159006, -2.9261885, -4.398224, -1.9150283]"
the opponent delivered the juice for you .,a soldier gave a pie to him .,PD,PD,DELIVER,GIVE,THE,A,for,to,-37.698768615722656,"[-3.6543171, -7.4135633, -7.224701, -2.01359, -9.396306, -0.33663416, -5.9871774, -1.6724807]"
the opponent delivered the juice for you .,a soldier gave him a pie .,PD,DO,DELIVER,GIVE,THE,A,for,to,-31.440956115722656,"[-3.6543171, -7.4135633, -7.224701, -2.9787104, -0.7301944, -7.809389, -1.6300799]"
the opponent delivered them the candy .,a winner made an anchor for you .,DO,PD,DELIVER,MAKE,THE,A,for,for,-44.53118133544922,"[-3.732233, -9.6689625, -6.4077864, -5.200964, -9.807037, -2.279641, -6.1795874, -1.2549689]"
the opponent delivered them the candy .,a winner made you an anchor .,DO,DO,DELIVER,MAKE,THE,A,for,for,-41.764251708984375,"[-3.732233, -9.6689625, -6.4077864, -6.7995605, -5.460172, -8.192186, -1.5033523]"
the opponent delivered them the candy .,a princess purchased a chicken for you .,DO,PD,DELIVER,PURCHASE,THE,A,for,for,-44.1793327331543,"[-3.732233, -10.612429, -8.664156, -1.109854, -6.5257006, -3.894896, -8.488969, -1.1510965]"
the opponent delivered them the candy .,a princess purchased you a chicken .,DO,DO,DELIVER,PURCHASE,THE,A,for,for,-42.14881896972656,"[-3.732233, -10.612429, -8.664156, -8.5451355, -1.0616252, -7.166142, -2.3670983]"
the opponent delivered us the candy .,a winner got a pie for you .,DO,PD,DELIVER,GET,THE,A,for,for,-40.742916107177734,"[-3.7214391, -9.760828, -8.486355, -1.675681, -8.304503, -3.3383636, -4.624544, -0.8312037]"
the opponent delivered us the candy .,a winner got you a pie .,DO,DO,DELIVER,GET,THE,A,for,for,-35.79906463623047,"[-3.7214391, -9.760828, -8.486355, -3.7005043, -2.0539427, -7.267944, -0.80805296]"
the opponent delivered you the juice .,a soldier gave a pie to him .,DO,PD,DELIVER,GIVE,THE,A,for,to,-38.72696304321289,"[-3.678187, -7.330462, -6.9698586, -2.0379374, -9.816137, -0.24654634, -6.926432, -1.7214026]"
the opponent delivered you the juice .,a soldier gave him a pie .,DO,DO,DELIVER,GIVE,THE,A,for,to,-30.906272888183594,"[-3.678187, -7.330462, -6.9698586, -2.9260333, -0.82603204, -8.195835, -0.97986573]"
the opponent designed it the ball .,a king kept a salad for you .,DO,PD,DESIGN,KEEP,THE,A,for,for,-45.382667541503906,"[-3.6524892, -9.739343, -7.735778, -2.359726, -10.714267, -3.0509024, -6.963258, -1.1669035]"
the opponent designed it the ball .,a king kept you a salad .,DO,DO,DESIGN,KEEP,THE,A,for,for,-45.802398681640625,"[-3.6524892, -9.739343, -7.735778, -7.0171947, -5.529706, -10.724981, -1.4029049]"
the opponent designed the ball for it .,a king kept a salad for you .,PD,PD,DESIGN,KEEP,THE,A,for,for,-44.393211364746094,"[-3.5945942, -9.825157, -7.672713, -2.0556254, -11.051765, -2.4989023, -6.7782526, -0.9161997]"
the opponent designed the ball for it .,a king kept you a salad .,PD,DO,DESIGN,KEEP,THE,A,for,for,-47.511260986328125,"[-3.5945942, -9.825157, -7.672713, -7.1667676, -5.9741707, -11.727587, -1.5502715]"
the opponent drew her the computer .,a teacher purchased a key for it .,DO,PD,DRAW,PURCHASE,THE,A,for,for,-40.59626007080078,"[-3.6369007, -7.15125, -10.657657, -0.8566774, -7.2472315, -2.2403016, -6.901476, -1.904767]"
the opponent drew her the computer .,a teacher purchased it a key .,DO,DO,DRAW,PURCHASE,THE,A,for,for,-45.207611083984375,"[-3.6369007, -7.15125, -10.657657, -5.8034253, -5.416115, -10.05757, -2.4846907]"
the opponent drew him the computer .,a brother gave a candy to you .,DO,PD,DRAW,GIVE,THE,A,for,to,-43.077903747558594,"[-3.6469126, -8.996453, -6.419882, -2.9329238, -10.6382675, -1.4568269, -7.926552, -1.0600863]"
the opponent drew him the computer .,a brother gave you a candy .,DO,DO,DRAW,GIVE,THE,A,for,to,-35.426239013671875,"[-3.6469126, -8.996453, -6.419882, -5.7984242, -1.2328141, -7.4624496, -1.8693063]"
the opponent drew him the motor .,a parent delivered a flower for me .,DO,PD,DRAW,DELIVER,THE,A,for,for,-40.75907897949219,"[-3.6765423, -8.036542, -8.609869, -1.0992293, -9.259754, -3.4961047, -4.839527, -1.7415068]"
the opponent drew him the motor .,a parent delivered me a flower .,DO,DO,DRAW,DELIVER,THE,A,for,for,-36.610923767089844,"[-3.6765423, -8.036542, -8.609869, -4.749291, -0.99630606, -8.219765, -2.3226078]"
the opponent drew it the flower .,a winner made a motor for you .,DO,PD,DRAW,MAKE,THE,A,for,for,-43.530216217041016,"[-3.6480658, -9.739622, -6.5127954, -2.920174, -10.089314, -5.329926, -4.272564, -1.0177563]"
the opponent drew it the flower .,a winner made you a motor .,DO,DO,DRAW,MAKE,THE,A,for,for,-42.84886169433594,"[-3.6480658, -9.739622, -6.5127954, -6.605958, -2.3373177, -10.524745, -3.480359]"
the opponent drew me the crystal .,a reader took a flower to it .,DO,PD,DRAW,TAKE,THE,A,for,to,-39.54179382324219,"[-3.7003853, -6.8600082, -6.872272, -2.2206862, -10.827328, -3.255325, -4.5678787, -1.2379087]"
the opponent drew me the crystal .,a reader took it a flower .,DO,DO,DRAW,TAKE,THE,A,for,to,-40.72327423095703,"[-3.7003853, -6.8600082, -6.872272, -3.3976738, -4.416337, -13.291752, -2.1848443]"
the opponent drew the computer for her .,a teacher purchased a key for it .,PD,PD,DRAW,PURCHASE,THE,A,for,for,-40.764549255371094,"[-3.5660725, -7.122772, -10.951758, -0.74367523, -7.112399, -1.6297027, -7.6216106, -2.0165594]"
the opponent drew the computer for her .,a teacher purchased it a key .,PD,DO,DRAW,PURCHASE,THE,A,for,for,-46.535614013671875,"[-3.5660725, -7.122772, -10.951758, -6.0395317, -5.8307357, -9.929017, -3.0957294]"
the opponent drew the computer for him .,a brother gave a candy to you .,PD,PD,DRAW,GIVE,THE,A,for,to,-43.75881576538086,"[-3.5742412, -8.986411, -6.6129575, -2.2364607, -10.945589, -1.8157762, -8.362088, -1.225292]"
the opponent drew the computer for him .,a brother gave you a candy .,PD,DO,DRAW,GIVE,THE,A,for,to,-35.99119567871094,"[-3.5742412, -8.986411, -6.6129575, -5.897743, -1.045914, -7.3178005, -2.5561302]"
the opponent drew the computer for us .,an adult purchased a beer for you .,PD,PD,DRAW,PURCHASE,THE,A,for,for,-38.20759201049805,"[-5.6570244, -6.627719, -10.105023, -1.241181, -5.9632883, -1.9694579, -5.69617, -0.9477283]"
the opponent drew the computer for us .,an adult purchased you a beer .,PD,DO,DRAW,PURCHASE,THE,A,for,for,-37.84013748168945,"[-5.6570244, -6.627719, -10.105023, -8.399638, -1.231926, -4.1006737, -1.7181306]"
the opponent drew the crystal for me .,a reader took a flower to it .,PD,PD,DRAW,TAKE,THE,A,for,to,-40.131568908691406,"[-3.6371703, -6.7810774, -7.0364246, -2.2064114, -11.584336, -2.8798757, -4.6585035, -1.3477708]"
the opponent drew the crystal for me .,a reader took it a flower .,PD,DO,DRAW,TAKE,THE,A,for,to,-42.53425216674805,"[-3.6371703, -6.7810774, -7.0364246, -3.2088108, -4.6998405, -13.997482, -3.1734443]"
the opponent drew the crystal for them .,an administration designed a cup for it .,PD,PD,DRAW,DESIGN,THE,A,for,for,-49.91986846923828,"[-5.692216, -8.571259, -9.793271, -5.0354, -10.691628, -2.1983576, -6.950605, -0.9871359]"
the opponent drew the crystal for them .,an administration designed it a cup .,PD,DO,DRAW,DESIGN,THE,A,for,for,-53.09224319458008,"[-5.692216, -8.571259, -9.793271, -6.6198516, -6.8359027, -11.999148, -3.580595]"
the opponent drew the crystal for you .,a father brought a beer to me .,PD,PD,DRAW,BRING,THE,A,for,to,-31.393508911132812,"[-3.6467533, -7.0968513, -7.399831, -1.8105118, -7.3938103, -0.5418287, -2.0470934, -1.4568291]"
the opponent drew the crystal for you .,a father brought me a beer .,PD,DO,DRAW,BRING,THE,A,for,to,-30.956005096435547,"[-3.6467533, -7.0968513, -7.399831, -3.855613, -1.559383, -5.476815, -1.9207582]"
the opponent drew the flower for it .,a winner made a motor for you .,PD,PD,DRAW,MAKE,THE,A,for,for,-42.9654655456543,"[-3.622891, -9.807585, -6.4007554, -3.0794687, -9.681105, -5.1962547, -4.1491623, -1.0282439]"
the opponent drew the flower for it .,a winner made you a motor .,PD,DO,DRAW,MAKE,THE,A,for,for,-43.97903823852539,"[-3.622891, -9.807585, -6.4007554, -6.580262, -2.7489576, -10.487013, -4.331575]"
the opponent drew the flower for you .,a nurse purchased a pie for us .,PD,PD,DRAW,PURCHASE,THE,A,for,for,-38.706146240234375,"[-3.6394737, -7.6049395, -10.45997, -1.0616267, -8.855459, -1.2233713, -4.126584, -1.7347229]"
the opponent drew the flower for you .,a nurse purchased us a pie .,PD,DO,DRAW,PURCHASE,THE,A,for,for,-41.778045654296875,"[-3.6394737, -7.6049395, -10.45997, -8.6957245, -1.1893463, -7.817398, -2.371193]"
the opponent drew the flower for you .,a business designed a motor for them .,PD,PD,DRAW,DESIGN,THE,A,for,for,-47.06885528564453,"[-3.6394737, -8.25278, -8.251881, -7.560641, -7.322419, -4.5580673, -6.562188, -0.92140526]"
the opponent drew the flower for you .,a business designed them a motor .,PD,DO,DRAW,DESIGN,THE,A,for,for,-51.2371826171875,"[-3.6394737, -8.25278, -8.251881, -11.574233, -6.312873, -9.215705, -3.9902349]"
the opponent drew the motor for him .,a parent delivered a flower for me .,PD,PD,DRAW,DELIVER,THE,A,for,for,-39.18370819091797,"[-3.6179316, -8.001862, -8.737573, -0.94145113, -9.189019, -2.6333146, -4.50566, -1.556895]"
the opponent drew the motor for him .,a parent delivered me a flower .,PD,DO,DRAW,DELIVER,THE,A,for,for,-37.25438690185547,"[-3.6179316, -8.001862, -8.737573, -5.4418097, -0.8703512, -8.018879, -2.5659795]"
the opponent drew them the crystal .,an administration designed a cup for it .,DO,PD,DRAW,DESIGN,THE,A,for,for,-51.71204376220703,"[-5.6960163, -8.436601, -9.897878, -5.645319, -11.065817, -3.0708814, -6.7793713, -1.1201589]"
the opponent drew them the crystal .,an administration designed it a cup .,DO,DO,DRAW,DESIGN,THE,A,for,for,-52.217262268066406,"[-5.6960163, -8.436601, -9.897878, -6.987462, -7.126727, -10.787779, -3.2848015]"
the opponent drew us the computer .,an adult purchased a beer for you .,DO,PD,DRAW,PURCHASE,THE,A,for,for,-40.752342224121094,"[-5.6840124, -6.6259236, -9.960719, -1.2263458, -6.253843, -2.8118758, -7.0471096, -1.1425112]"
the opponent drew us the computer .,an adult purchased you a beer .,DO,DO,DRAW,PURCHASE,THE,A,for,for,-37.24333953857422,"[-5.6840124, -6.6259236, -9.960719, -7.9847374, -1.0983359, -4.539571, -1.3500365]"
the opponent drew you the crystal .,a father brought a beer to me .,DO,PD,DRAW,BRING,THE,A,for,to,-31.846853256225586,"[-3.663446, -7.027336, -7.3265076, -1.8505548, -7.357694, -0.49780166, -2.972805, -1.1507084]"
the opponent drew you the crystal .,a father brought me a beer .,DO,DO,DRAW,BRING,THE,A,for,to,-29.408628463745117,"[-3.663446, -7.027336, -7.3265076, -3.577373, -1.4839482, -5.1617928, -1.1682248]"
the opponent drew you the flower .,a nurse purchased a pie for us .,DO,PD,DRAW,PURCHASE,THE,A,for,for,-41.707515716552734,"[-3.6466837, -7.5468616, -10.55377, -1.091091, -8.667917, -2.0048144, -6.4534054, -1.7429743]"
the opponent drew you the flower .,a nurse purchased us a pie .,DO,DO,DRAW,PURCHASE,THE,A,for,for,-39.655517578125,"[-3.6466837, -7.5468616, -10.55377, -8.013409, -1.3672843, -7.1433573, -1.3841547]"
the opponent drew you the flower .,a business designed a motor for them .,DO,PD,DRAW,DESIGN,THE,A,for,for,-49.15226364135742,"[-3.6466837, -8.235645, -8.619219, -7.8601604, -8.067383, -4.939352, -6.956225, -0.82759434]"
the opponent drew you the flower .,a business designed them a motor .,DO,DO,DRAW,DESIGN,THE,A,for,for,-51.102760314941406,"[-3.6466837, -8.235645, -8.619219, -11.608429, -6.6608233, -9.319754, -3.0122042]"
the opponent fed her the chicken .,a buddy delivered a beer for us .,DO,PD,FEED,DELIVER,THE,A,to,for,-37.06488037109375,"[-3.6358538, -9.896141, -9.013903, -1.5756487, -5.4586315, -3.710386, -2.9173825, -0.85693187]"
the opponent fed her the chicken .,a buddy delivered us a beer .,DO,DO,FEED,DELIVER,THE,A,to,for,-32.790496826171875,"[-3.6358538, -9.896141, -9.013903, -3.5817895, -1.0689098, -4.571738, -1.0221611]"
the opponent fed her the meal .,a doctor got a key for him .,DO,PD,FEED,GET,THE,A,to,for,-36.151973724365234,"[-3.6577659, -7.040476, -7.7175827, -1.7653769, -8.617844, -2.9290395, -3.1007962, -1.323092]"
the opponent fed her the meal .,a doctor got him a key .,DO,DO,FEED,GET,THE,A,to,for,-34.38789367675781,"[-3.6577659, -7.040476, -7.7175827, -4.0983753, -1.5371516, -8.302165, -2.0343754]"
the opponent fed it the salad .,an uncle saved an anchor for us .,DO,PD,FEED,SAVE,THE,A,to,for,-46.893394470214844,"[-5.7374954, -8.191738, -9.497618, -4.3982997, -8.672702, -3.5975766, -5.652446, -1.1455207]"
the opponent fed it the salad .,an uncle saved us an anchor .,DO,DO,FEED,SAVE,THE,A,to,for,-49.44639205932617,"[-5.7374954, -8.191738, -9.497618, -7.299994, -5.4078236, -11.199934, -2.111789]"
the opponent fed me the meal .,an employer kept a coffee for it .,DO,PD,FEED,KEEP,THE,A,to,for,-48.00056457519531,"[-5.7050743, -7.1713686, -8.93136, -2.2475371, -9.725658, -5.771419, -7.5036407, -0.9445073]"
the opponent fed me the meal .,an employer kept it a coffee .,DO,DO,FEED,KEEP,THE,A,to,for,-46.9168701171875,"[-5.7050743, -7.1713686, -8.93136, -5.055719, -2.3123488, -14.791378, -2.9496207]"
the opponent fed me the meal .,a sheriff sold a beer to him .,DO,PD,FEED,SELL,THE,A,to,to,-40.1414909362793,"[-3.6917207, -8.728913, -10.945051, -2.1169937, -7.653845, -0.96120995, -4.763542, -1.2802155]"
the opponent fed me the meal .,a sheriff sold him a beer .,DO,DO,FEED,SELL,THE,A,to,to,-34.930973052978516,"[-3.6917207, -8.728913, -10.945051, -3.5490396, -1.168163, -5.507268, -1.3408167]"
the opponent fed me the meal .,a buddy threw a box to you .,DO,PD,FEED,THROW,THE,A,to,to,-42.720829010009766,"[-3.6917207, -9.618296, -7.090093, -1.2975714, -6.6253605, -5.9372296, -7.4629993, -0.9975577]"
the opponent fed me the meal .,a buddy threw you a box .,DO,DO,FEED,THROW,THE,A,to,to,-35.88417434692383,"[-3.6917207, -9.618296, -7.090093, -6.588128, -0.7542528, -6.1094117, -2.0322745]"
the opponent fed the chicken to her .,a buddy delivered a beer for us .,PD,PD,FEED,DELIVER,THE,A,to,for,-37.17228317260742,"[-3.6302536, -9.962029, -8.82735, -1.2015254, -5.6027126, -4.424887, -2.653039, -0.87048596]"
the opponent fed the chicken to her .,a buddy delivered us a beer .,PD,DO,FEED,DELIVER,THE,A,to,for,-33.72947692871094,"[-3.6302536, -9.962029, -8.82735, -4.0713005, -1.0453364, -4.842712, -1.3504965]"
the opponent fed the meal to her .,a doctor got a key for him .,PD,PD,FEED,GET,THE,A,to,for,-35.967506408691406,"[-3.6489272, -7.058221, -7.835815, -1.6156346, -8.328743, -2.9174051, -3.1795025, -1.38326]"
the opponent fed the meal to her .,a doctor got him a key .,PD,DO,FEED,GET,THE,A,to,for,-35.57221984863281,"[-3.6489272, -7.058221, -7.835815, -4.7369695, -1.5221623, -8.0752945, -2.6948328]"
the opponent fed the meal to me .,an employer kept a coffee for it .,PD,PD,FEED,KEEP,THE,A,to,for,-48.35700225830078,"[-5.6775713, -7.2890806, -9.388624, -1.822164, -9.828936, -5.7664294, -7.53299, -1.0512059]"
the opponent fed the meal to me .,an employer kept it a coffee .,PD,DO,FEED,KEEP,THE,A,to,for,-47.31614685058594,"[-5.6775713, -7.2890806, -9.388624, -4.9640117, -2.645195, -13.472327, -3.8793368]"
the opponent fed the meal to me .,a sheriff sold a beer to him .,PD,PD,FEED,SELL,THE,A,to,to,-38.95142364501953,"[-3.6538916, -8.792519, -11.252273, -1.9707023, -7.040493, -0.609213, -4.631252, -1.0010829]"
the opponent fed the meal to me .,a sheriff sold him a beer .,PD,DO,FEED,SELL,THE,A,to,to,-35.637943267822266,"[-3.6538916, -8.792519, -11.252273, -3.7812014, -1.1259844, -5.1767693, -1.8553033]"
the opponent fed the meal to me .,a buddy threw a box to you .,PD,PD,FEED,THROW,THE,A,to,to,-41.536094665527344,"[-3.6538916, -9.739174, -6.985999, -1.0741962, -6.255342, -5.791759, -7.292197, -0.7435362]"
the opponent fed the meal to me .,a buddy threw you a box .,PD,DO,FEED,THROW,THE,A,to,to,-36.25592041015625,"[-3.6538916, -9.739174, -6.985999, -6.9857993, -0.6982124, -5.68006, -2.5127847]"
the opponent fed the pie to us .,a guest showed a ball to you .,PD,PD,FEED,SHOW,THE,A,to,to,-42.873435974121094,"[-3.650467, -7.6304607, -9.962425, -3.014018, -8.723772, -3.503148, -5.3642526, -1.0248921]"
the opponent fed the pie to us .,a guest showed you a ball .,PD,DO,FEED,SHOW,THE,A,to,to,-42.14506912231445,"[-3.650467, -7.6304607, -9.962425, -5.5281563, -2.2063355, -9.563711, -3.6035132]"
the opponent fed the pie to us .,a chief delivered a flower for you .,PD,PD,FEED,DELIVER,THE,A,to,for,-46.95703887939453,"[-3.650467, -9.168695, -12.621267, -0.80701756, -9.72781, -4.510467, -5.242235, -1.2290787]"
the opponent fed the pie to us .,a chief delivered you a flower .,PD,DO,FEED,DELIVER,THE,A,to,for,-45.86383819580078,"[-3.650467, -9.168695, -12.621267, -9.012912, -1.229954, -8.407009, -1.7735322]"
the opponent fed the salad to it .,an uncle saved an anchor for us .,PD,PD,FEED,SAVE,THE,A,to,for,-46.473793029785156,"[-5.728164, -8.207449, -9.435341, -4.0780153, -8.499866, -3.370215, -6.021011, -1.1337299]"
the opponent fed the salad to it .,an uncle saved us an anchor .,PD,DO,FEED,SAVE,THE,A,to,for,-49.15916061401367,"[-5.728164, -8.207449, -9.435341, -7.677253, -4.8811064, -10.75082, -2.4790268]"
the opponent fed the salad to them .,an employee brought a camera to you .,PD,PD,FEED,BRING,THE,A,to,to,-36.349456787109375,"[-5.726672, -4.2976, -7.8292017, -1.5971096, -6.091074, -0.55009234, -9.024852, -1.2328529]"
the opponent fed the salad to them .,an employee brought you a camera .,PD,DO,FEED,BRING,THE,A,to,to,-35.6858024597168,"[-5.726672, -4.2976, -7.8292017, -6.688944, -1.5951502, -7.641464, -1.9067698]"
the opponent fed the salad to them .,a singer showed a pie to you .,PD,PD,FEED,SHOW,THE,A,to,to,-44.97099685668945,"[-3.6786773, -9.833684, -7.968686, -2.9122467, -9.459135, -1.1311197, -8.233899, -1.7535484]"
the opponent fed the salad to them .,a singer showed you a pie .,PD,DO,FEED,SHOW,THE,A,to,to,-42.23805236816406,"[-3.6786773, -9.833684, -7.968686, -7.1760893, -2.0192537, -8.983367, -2.5782936]"
the opponent fed the salad to them .,a candidate caught a newspaper for him .,PD,PD,FEED,CATCH,THE,A,to,for,-50.39159393310547,"[-3.6786773, -7.9778566, -8.152098, -5.4157887, -8.798805, -6.6335793, -7.9709144, -1.7638724]"
the opponent fed the salad to them .,a candidate caught him a newspaper .,PD,DO,FEED,CATCH,THE,A,to,for,-50.58361053466797,"[-3.6786773, -7.9778566, -8.152098, -8.64414, -6.8266354, -9.49268, -5.811521]"
the opponent fed them the salad .,an employee brought a camera to you .,DO,PD,FEED,BRING,THE,A,to,to,-36.78044891357422,"[-5.744137, -4.517071, -7.3198886, -1.9759927, -5.9496174, -0.86439705, -9.287847, -1.1214964]"
the opponent fed them the salad .,an employee brought you a camera .,DO,DO,FEED,BRING,THE,A,to,to,-34.834800720214844,"[-5.744137, -4.517071, -7.3198886, -6.180963, -1.8527725, -7.6717424, -1.548226]"
the opponent fed them the salad .,a singer showed a pie to you .,DO,PD,FEED,SHOW,THE,A,to,to,-46.87565994262695,"[-3.692561, -9.852249, -8.164324, -3.2716908, -10.029543, -2.2771707, -7.9073205, -1.680804]"
the opponent fed them the salad .,a singer showed you a pie .,DO,DO,FEED,SHOW,THE,A,to,to,-41.49653625488281,"[-3.692561, -9.852249, -8.164324, -6.406263, -2.338834, -9.386416, -1.6558888]"
the opponent fed them the salad .,a candidate caught a newspaper for him .,DO,PD,FEED,CATCH,THE,A,to,for,-49.01542663574219,"[-3.692561, -8.009216, -7.6387243, -4.518556, -8.69561, -6.7965894, -8.179289, -1.4848794]"
the opponent fed them the salad .,a candidate caught him a newspaper .,DO,DO,FEED,CATCH,THE,A,to,for,-48.05462646484375,"[-3.692561, -8.009216, -7.6387243, -7.3373113, -6.450364, -9.752454, -5.173996]"
the opponent fed us the pie .,a guest showed a ball to you .,DO,PD,FEED,SHOW,THE,A,to,to,-44.491546630859375,"[-3.69349, -7.594426, -9.412094, -3.5771632, -8.630327, -4.2647104, -6.0347977, -1.284536]"
the opponent fed us the pie .,a guest showed you a ball .,DO,DO,FEED,SHOW,THE,A,to,to,-41.29767990112305,"[-3.69349, -7.594426, -9.412094, -5.7631574, -2.3225589, -9.462301, -3.0496511]"
the opponent fed us the pie .,a chief delivered a flower for you .,DO,PD,FEED,DELIVER,THE,A,to,for,-46.843353271484375,"[-3.69349, -9.127486, -12.543333, -0.7955272, -9.850011, -4.4152584, -5.18923, -1.229019]"
the opponent fed us the pie .,a chief delivered you a flower .,DO,DO,FEED,DELIVER,THE,A,to,for,-44.047950744628906,"[-3.69349, -9.127486, -12.543333, -8.030665, -1.3077813, -8.154744, -1.1904521]"
the opponent found him the coffee .,a nurse made a newspaper for us .,DO,PD,FIND,MAKE,THE,A,for,for,-41.095115661621094,"[-3.6205988, -7.6205053, -6.9943943, -1.3479689, -9.255491, -4.935381, -6.098116, -1.2226619]"
the opponent found him the coffee .,a nurse made us a newspaper .,DO,DO,FIND,MAKE,THE,A,for,for,-38.8131103515625,"[-3.6205988, -7.6205053, -6.9943943, -7.517664, -2.2240133, -9.5152645, -1.3206692]"
the opponent found it the coffee .,a buddy delivered a beer for us .,DO,PD,FIND,DELIVER,THE,A,for,for,-38.063995361328125,"[-3.5703273, -10.21837, -9.625598, -1.285368, -6.248692, -3.0572572, -3.0489297, -1.009449]"
the opponent found it the coffee .,a buddy delivered us a beer .,DO,DO,FIND,DELIVER,THE,A,for,for,-34.416351318359375,"[-3.5703273, -10.21837, -9.625598, -3.7485676, -1.0318145, -5.1342125, -1.0874622]"
the opponent found me the juice .,a candidate drew a flower for you .,DO,PD,FIND,DRAW,THE,A,for,for,-40.45104217529297,"[-3.6313496, -8.215419, -8.826534, -1.0891826, -8.61545, -3.0894186, -5.9077916, -1.0758984]"
the opponent found me the juice .,a candidate drew you a flower .,DO,DO,FIND,DRAW,THE,A,for,for,-39.99854278564453,"[-3.6313496, -8.215419, -8.826534, -8.812753, -1.6645373, -7.7762156, -1.0717357]"
the opponent found me the juice .,a lady fed a meal to it .,DO,PD,FIND,FEED,THE,A,for,to,-39.58480453491211,"[-3.6313496, -8.218046, -8.847847, -1.9013244, -6.2224064, -1.7760649, -7.766573, -1.2211919]"
the opponent found me the juice .,a lady fed it a meal .,DO,DO,FIND,FEED,THE,A,for,to,-35.258487701416016,"[-3.6313496, -8.218046, -8.847847, -4.8158636, -3.3031516, -5.3116603, -1.130568]"
the opponent found me the wire .,a winner made an anchor for you .,DO,PD,FIND,MAKE,THE,A,for,for,-44.768211364746094,"[-3.6146386, -10.000708, -7.042572, -5.068739, -9.567959, -2.016313, -6.330043, -1.1272379]"
the opponent found me the wire .,a winner made you an anchor .,DO,DO,FIND,MAKE,THE,A,for,for,-39.69267272949219,"[-3.6146386, -10.000708, -7.042572, -5.412533, -4.2444515, -7.943362, -1.4344094]"
the opponent found the bag for us .,a parent supplied a cheese to him .,PD,PD,FIND,SUPPLY,THE,A,for,to,-45.22187042236328,"[-3.5884979, -8.019693, -10.845179, -2.239315, -9.954193, -2.422734, -6.3174453, -1.8348142]"
the opponent found the bag for us .,a parent supplied him a cheese .,PD,DO,FIND,SUPPLY,THE,A,for,to,-44.49860382080078,"[-3.5884979, -8.019693, -10.845179, -5.91368, -3.3314407, -8.93582, -3.8642902]"
the opponent found the bag for us .,a bishop bought a beer for you .,PD,PD,FIND,BUY,THE,A,for,for,-39.82714080810547,"[-3.5884979, -9.542639, -10.0537405, -1.0088738, -7.3855014, -1.2754643, -5.804979, -1.1674434]"
the opponent found the bag for us .,a bishop bought you a beer .,PD,DO,FIND,BUY,THE,A,for,for,-38.559024810791016,"[-3.5884979, -9.542639, -10.0537405, -8.063515, -0.73122156, -4.503186, -2.0762253]"
the opponent found the coffee for him .,a nurse made a newspaper for us .,PD,PD,FIND,MAKE,THE,A,for,for,-40.26374435424805,"[-3.564713, -7.81954, -7.1008554, -1.2292602, -9.326529, -4.2279415, -5.8906984, -1.104209]"
the opponent found the coffee for him .,a nurse made us a newspaper .,PD,DO,FIND,MAKE,THE,A,for,for,-39.919166564941406,"[-3.564713, -7.81954, -7.1008554, -7.86738, -3.297704, -8.978416, -1.2905579]"
the opponent found the coffee for it .,a buddy delivered a beer for us .,PD,PD,FIND,DELIVER,THE,A,for,for,-36.038970947265625,"[-3.562739, -10.036587, -9.59736, -1.2578802, -6.0425205, -1.8567, -2.7833033, -0.9018801]"
the opponent found the coffee for it .,a buddy delivered us a beer .,PD,DO,FIND,DELIVER,THE,A,for,for,-34.797088623046875,"[-3.562739, -10.036587, -9.59736, -3.6733942, -1.1511214, -5.199074, -1.5768131]"
the opponent found the juice for me .,a candidate drew a flower for you .,PD,PD,FIND,DRAW,THE,A,for,for,-39.75539779663086,"[-3.5865126, -8.19082, -8.8713255, -1.2997627, -10.180019, -1.6911334, -4.890694, -1.0451282]"
the opponent found the juice for me .,a candidate drew you a flower .,PD,DO,FIND,DRAW,THE,A,for,for,-44.49205780029297,"[-3.5865126, -8.19082, -8.8713255, -9.9591675, -2.8329399, -8.997055, -2.0542397]"
the opponent found the juice for me .,a lady fed a meal to it .,PD,PD,FIND,FEED,THE,A,for,to,-40.411163330078125,"[-3.5865126, -8.246087, -9.1029005, -1.7007077, -6.1338434, -1.8948587, -8.327707, -1.4185456]"
the opponent found the juice for me .,a lady fed it a meal .,PD,DO,FIND,FEED,THE,A,for,to,-37.818992614746094,"[-3.5865126, -8.246087, -9.1029005, -5.2845316, -4.331049, -5.8651366, -1.4027761]"
the opponent found the juice for them .,a hero threw a newspaper to us .,PD,PD,FIND,THROW,THE,A,for,to,-43.30376434326172,"[-3.5867484, -8.50618, -8.798906, -0.93761206, -8.965317, -3.4876168, -7.8613834, -1.1600019]"
the opponent found the juice for them .,a hero threw us a newspaper .,PD,DO,FIND,THROW,THE,A,for,to,-43.475982666015625,"[-3.5867484, -8.50618, -8.798906, -8.443981, -1.3195792, -10.89816, -1.922425]"
the opponent found the juice for you .,an actor delivered a beer for her .,PD,PD,FIND,DELIVER,THE,A,for,for,-39.64917755126953,"[-5.678129, -6.636942, -9.791193, -0.9940915, -8.749142, -1.8133354, -4.0928283, -1.8935142]"
the opponent found the juice for you .,an actor delivered her a beer .,PD,DO,FIND,DELIVER,THE,A,for,for,-44.69948959350586,"[-5.678129, -6.636942, -9.791193, -5.4074254, -7.840372, -7.4525633, -1.8928654]"
the opponent found the wire for me .,a winner made an anchor for you .,PD,PD,FIND,MAKE,THE,A,for,for,-43.65369415283203,"[-3.5781732, -10.043471, -6.9284797, -4.4256916, -10.225418, -1.9432149, -5.5203032, -0.9889403]"
the opponent found the wire for me .,a winner made you an anchor .,PD,DO,FIND,MAKE,THE,A,for,for,-42.342979431152344,"[-3.5781732, -10.043471, -6.9284797, -6.5849943, -4.817477, -8.559384, -1.8309972]"
the opponent found them the juice .,a hero threw a newspaper to us .,DO,PD,FIND,THROW,THE,A,for,to,-43.71802520751953,"[-3.6076026, -8.532405, -8.4810705, -0.9690349, -8.571976, -3.6148899, -8.556909, -1.3841366]"
the opponent found them the juice .,a hero threw us a newspaper .,DO,DO,FIND,THROW,THE,A,for,to,-41.813819885253906,"[-3.6076026, -8.532405, -8.4810705, -8.251809, -1.212703, -9.907683, -1.8205433]"
the opponent found us the bag .,a parent supplied a cheese to him .,DO,PD,FIND,SUPPLY,THE,A,for,to,-45.74213409423828,"[-3.6285937, -8.121721, -10.842177, -2.6364472, -10.050585, -2.5773132, -6.523436, -1.3618611]"
the opponent found us the bag .,a parent supplied him a cheese .,DO,DO,FIND,SUPPLY,THE,A,for,to,-42.71284866333008,"[-3.6285937, -8.121721, -10.842177, -6.081213, -1.9515092, -9.038035, -3.0495996]"
the opponent found us the bag .,a bishop bought a beer for you .,DO,PD,FIND,BUY,THE,A,for,for,-41.19443893432617,"[-3.6285937, -9.503841, -9.785138, -1.0983453, -7.2022085, -2.2242808, -6.6381035, -1.1139268]"
the opponent found us the bag .,a bishop bought you a beer .,DO,DO,FIND,BUY,THE,A,for,for,-35.877689361572266,"[-3.6285937, -9.503841, -9.785138, -6.3801, -0.72284377, -4.7030067, -1.1541666]"
the opponent found you the juice .,an actor delivered a beer for her .,DO,PD,FIND,DELIVER,THE,A,for,for,-41.19794464111328,"[-5.6771994, -6.521854, -9.696211, -1.009147, -8.903061, -3.0331566, -3.6183128, -2.7390025]"
the opponent found you the juice .,an actor delivered her a beer .,DO,DO,FIND,DELIVER,THE,A,for,for,-43.38849639892578,"[-5.6771994, -6.521854, -9.696211, -5.186829, -7.873033, -7.042185, -1.3911874]"
the opponent gave him the juice .,a lawyer sent a coffee to us .,DO,PD,GIVE,SEND,THE,A,to,to,-39.16896057128906,"[-3.6427565, -6.797389, -7.2406588, -1.5384136, -10.687062, -1.8667185, -6.032752, -1.3632088]"
the opponent gave him the juice .,a lawyer sent us a coffee .,DO,DO,GIVE,SEND,THE,A,to,to,-33.851444244384766,"[-3.6427565, -6.797389, -7.2406588, -4.286775, -1.5132278, -8.361294, -2.0093439]"
the opponent gave the beer to you .,a father bought a chicken for us .,PD,PD,GIVE,BUY,THE,A,to,for,-35.992164611816406,"[-3.562975, -6.9263906, -8.194917, -0.68473816, -5.4480753, -2.4337587, -7.2332964, -1.5080119]"
the opponent gave the beer to you .,a father bought us a chicken .,PD,DO,GIVE,BUY,THE,A,to,for,-36.07679748535156,"[-3.562975, -6.9263906, -8.194917, -8.754063, -0.67382663, -5.55548, -2.4091442]"
the opponent gave the juice to him .,a lawyer sent a coffee to us .,PD,PD,GIVE,SEND,THE,A,to,to,-37.35617446899414,"[-3.5960903, -6.899797, -7.456672, -1.2343684, -10.284023, -1.3939487, -5.1762047, -1.3150696]"
the opponent gave the juice to him .,a lawyer sent us a coffee .,PD,DO,GIVE,SEND,THE,A,to,to,-35.847721099853516,"[-3.5960903, -6.899797, -7.456672, -4.9442396, -1.073192, -9.00215, -2.8755789]"
the opponent gave the juice to them .,a son supplied an iron to you .,PD,PD,GIVE,SUPPLY,THE,A,to,to,-43.6604118347168,"[-3.5773306, -8.661541, -11.256498, -4.4137926, -6.625087, -2.1772773, -5.919277, -1.0296077]"
the opponent gave the juice to them .,a son supplied you an iron .,PD,DO,GIVE,SUPPLY,THE,A,to,to,-45.936614990234375,"[-3.5773306, -8.661541, -11.256498, -6.9323854, -5.565614, -7.1145663, -2.8286774]"
the opponent gave them the juice .,a son supplied an iron to you .,DO,PD,GIVE,SUPPLY,THE,A,to,to,-46.09270095825195,"[-3.6138086, -8.658282, -11.311323, -4.6898413, -7.032821, -2.4721222, -7.2396574, -1.0748466]"
the opponent gave them the juice .,a son supplied you an iron .,DO,DO,GIVE,SUPPLY,THE,A,to,to,-46.21770477294922,"[-3.6138086, -8.658282, -11.311323, -6.6799994, -6.2612243, -7.1925287, -2.5005398]"
the opponent gave you the beer .,a father bought a chicken for us .,DO,PD,GIVE,BUY,THE,A,to,for,-36.54916763305664,"[-3.5800898, -7.0235105, -8.156051, -0.7685393, -5.2353177, -2.6077821, -7.9127426, -1.2651355]"
the opponent gave you the beer .,a father bought us a chicken .,DO,DO,GIVE,BUY,THE,A,to,for,-34.504432678222656,"[-3.5800898, -7.0235105, -8.156051, -8.058849, -0.93043214, -5.42799, -1.3275138]"
the opponent got him the camera .,a singer showed a cheese to us .,DO,PD,GET,SHOW,THE,A,for,to,-51.26488494873047,"[-3.5913231, -9.936012, -8.4396515, -2.810717, -12.111873, -5.3407297, -7.4193673, -1.6152116]"
the opponent got him the camera .,a singer showed us a cheese .,DO,DO,GET,SHOW,THE,A,for,to,-44.69251251220703,"[-3.5913231, -9.936012, -8.4396515, -5.0398326, -1.6860777, -11.919316, -4.0803022]"
the opponent got it the camera .,a kid threw a candy to us .,DO,PD,GET,THROW,THE,A,for,to,-37.24641418457031,"[-3.5578675, -8.292946, -6.2659264, -0.52798367, -6.2804117, -4.9246454, -6.455573, -0.94106185]"
the opponent got it the camera .,a kid threw us a candy .,DO,DO,GET,THROW,THE,A,for,to,-34.932655334472656,"[-3.5578675, -8.292946, -6.2659264, -8.448191, -0.5528562, -5.53428, -2.2805862]"
the opponent got me the beer .,a mother sent a juice to us .,DO,PD,GET,SEND,THE,A,for,to,-41.58546829223633,"[-3.593114, -6.3527546, -6.9432354, -1.2445284, -13.099727, -2.0460618, -6.9279246, -1.378123]"
the opponent got me the beer .,a mother sent us a juice .,DO,DO,GET,SEND,THE,A,for,to,-35.470176696777344,"[-3.593114, -6.3527546, -6.9432354, -4.398478, -1.1170661, -10.708925, -2.3566043]"
the opponent got me the beer .,a nurse supplied a coffee to us .,DO,PD,GET,SUPPLY,THE,A,for,to,-40.158912658691406,"[-3.593114, -7.649081, -11.112755, -2.5944843, -6.545123, -0.6973645, -6.860029, -1.1069593]"
the opponent got me the beer .,a nurse supplied us a coffee .,DO,DO,GET,SUPPLY,THE,A,for,to,-35.9643440246582,"[-3.593114, -7.649081, -11.112755, -4.4722357, -4.3749647, -3.6619875, -1.1002043]"
the opponent got me the juice .,an uncle promised a cigarette to him .,DO,PD,GET,PROMISE,THE,A,for,to,-42.28367614746094,"[-5.721537, -8.16864, -9.434377, -3.0670533, -8.045412, -2.020214, -4.185736, -1.6407074]"
the opponent got me the juice .,an uncle promised him a cigarette .,DO,DO,GET,PROMISE,THE,A,for,to,-35.70296859741211,"[-5.721537, -8.16864, -9.434377, -3.5440097, -1.4406191, -6.102613, -1.2911712]"
the opponent got the beer for me .,a mother sent a juice to us .,PD,PD,GET,SEND,THE,A,for,to,-40.78226852416992,"[-3.5389497, -6.2851896, -7.052707, -0.90853167, -13.309425, -2.2595067, -5.918773, -1.5091869]"
the opponent got the beer for me .,a mother sent us a juice .,PD,DO,GET,SEND,THE,A,for,to,-39.284873962402344,"[-3.5389497, -6.2851896, -7.052707, -4.9629245, -1.0718784, -12.171965, -4.201263]"
the opponent got the beer for me .,a nurse supplied a coffee to us .,PD,PD,GET,SUPPLY,THE,A,for,to,-41.00823974609375,"[-3.5389497, -7.7602386, -11.162687, -2.5336058, -7.2493854, -0.71576107, -6.685724, -1.3618853]"
the opponent got the beer for me .,a nurse supplied us a coffee .,PD,DO,GET,SUPPLY,THE,A,for,to,-40.042327880859375,"[-3.5389497, -7.7602386, -11.162687, -5.301565, -5.2182074, -5.022834, -2.0378432]"
the opponent got the beer for us .,a candidate designed a key for them .,PD,PD,GET,DESIGN,THE,A,for,for,-44.15456771850586,"[-3.5404863, -8.2817, -10.700154, -3.012278, -8.303896, -2.476419, -6.782769, -1.0568643]"
the opponent got the beer for us .,a candidate designed them a key .,PD,DO,GET,DESIGN,THE,A,for,for,-47.41216278076172,"[-3.5404863, -8.2817, -10.700154, -7.9672103, -5.624834, -7.863065, -3.434712]"
the opponent got the camera for him .,a singer showed a cheese to us .,PD,PD,GET,SHOW,THE,A,for,to,-51.98754119873047,"[-3.538804, -10.128046, -8.559957, -2.7456222, -11.976784, -5.191065, -7.756108, -2.0911555]"
the opponent got the camera for him .,a singer showed us a cheese .,PD,DO,GET,SHOW,THE,A,for,to,-45.65538024902344,"[-3.538804, -10.128046, -8.559957, -5.3322034, -1.7255168, -11.713523, -4.6573324]"
the opponent got the camera for it .,a kid threw a candy to us .,PD,PD,GET,THROW,THE,A,for,to,-37.872718811035156,"[-3.5447817, -8.346534, -6.09783, -0.48571604, -6.356097, -4.5920978, -7.4035196, -1.0461434]"
the opponent got the camera for it .,a kid threw us a candy .,PD,DO,GET,THROW,THE,A,for,to,-35.86237716674805,"[-3.5447817, -8.346534, -6.09783, -9.033973, -0.59047776, -5.552871, -2.6959112]"
the opponent got the camera for us .,an adult supplied a coffee to you .,PD,PD,GET,SUPPLY,THE,A,for,to,-44.91865539550781,"[-5.6994677, -6.418826, -13.371572, -2.3275692, -7.112184, -2.1153061, -6.8865895, -0.9871398]"
the opponent got the camera for us .,an adult supplied you a coffee .,PD,DO,GET,SUPPLY,THE,A,for,to,-44.35591506958008,"[-5.6994677, -6.418826, -13.371572, -6.155816, -5.1278934, -5.4688234, -2.1135168]"
the opponent got the camera for us .,an actor delivered a beer for her .,PD,PD,GET,DELIVER,THE,A,for,for,-41.73832702636719,"[-5.6994677, -6.35546, -9.909261, -0.7596226, -9.580321, -2.5072398, -4.3368473, -2.5901082]"
the opponent got the camera for us .,an actor delivered her a beer .,PD,DO,GET,DELIVER,THE,A,for,for,-44.248802185058594,"[-5.6994677, -6.35546, -9.909261, -5.833208, -6.819827, -7.483822, -2.1477554]"
the opponent got the juice for me .,an uncle promised a cigarette to him .,PD,PD,GET,PROMISE,THE,A,for,to,-42.441654205322266,"[-5.7148185, -8.25005, -9.712519, -2.8401215, -8.463284, -1.5957419, -4.2876396, -1.5774796]"
the opponent got the juice for me .,an uncle promised him a cigarette .,PD,DO,GET,PROMISE,THE,A,for,to,-37.29667663574219,"[-5.7148185, -8.25005, -9.712519, -3.7370446, -1.5501704, -6.707513, -1.6245645]"
the opponent got us the beer .,a candidate designed a key for them .,DO,PD,GET,DESIGN,THE,A,for,for,-45.32869338989258,"[-3.573101, -8.089798, -10.593832, -3.0889373, -8.565687, -2.7165875, -7.4970655, -1.203686]"
the opponent got us the beer .,a candidate designed them a key .,DO,DO,GET,DESIGN,THE,A,for,for,-47.27891540527344,"[-3.573101, -8.089798, -10.593832, -7.6553893, -6.2904997, -8.063356, -3.0129406]"
the opponent got us the camera .,an adult supplied a coffee to you .,DO,PD,GET,SUPPLY,THE,A,for,to,-46.06600570678711,"[-5.7509646, -6.68376, -13.668965, -2.5935185, -7.0742188, -2.81652, -6.6314425, -0.84661686]"
the opponent got us the camera .,an adult supplied you a coffee .,DO,DO,GET,SUPPLY,THE,A,for,to,-42.645973205566406,"[-5.7509646, -6.68376, -13.668965, -5.3419895, -4.039668, -5.552059, -1.6085666]"
the opponent got us the camera .,an actor delivered a beer for her .,DO,PD,GET,DELIVER,THE,A,for,for,-41.78072738647461,"[-5.7509646, -6.3135266, -9.947016, -0.82713234, -9.712701, -3.1449473, -3.9839587, -2.1004832]"
the opponent got us the camera .,an actor delivered her a beer .,DO,DO,GET,DELIVER,THE,A,for,for,-42.626914978027344,"[-5.7509646, -6.3135266, -9.947016, -5.5256815, -6.1565933, -7.6176004, -1.3155351]"
the opponent kept her the cigarette .,a father brought a beer to me .,DO,PD,KEEP,BRING,THE,A,for,to,-32.523345947265625,"[-3.5765853, -6.986808, -7.654838, -1.5249536, -7.0223885, -0.4569948, -4.14738, -1.1534011]"
the opponent kept her the cigarette .,a father brought me a beer .,DO,DO,KEEP,BRING,THE,A,for,to,-30.634021759033203,"[-3.5765853, -6.986808, -7.654838, -5.518494, -1.0334212, -4.7450724, -1.1188035]"
the opponent kept her the cigarette .,a brother made a guitar for me .,DO,PD,KEEP,MAKE,THE,A,for,for,-36.592201232910156,"[-3.5765853, -9.064002, -6.4926634, -0.8680158, -9.994673, -2.3844457, -3.2175477, -0.9942717]"
the opponent kept her the cigarette .,a brother made me a guitar .,DO,DO,KEEP,MAKE,THE,A,for,for,-35.24909591674805,"[-3.5765853, -9.064002, -6.4926634, -4.9884467, -1.3834429, -8.916651, -0.82730615]"
the opponent kept him the ball .,a business designed a crystal for me .,DO,PD,KEEP,DESIGN,THE,A,for,for,-48.486663818359375,"[-3.5880706, -8.225708, -8.982882, -7.1351886, -10.800888, -3.751685, -4.8951564, -1.1070848]"
the opponent kept him the ball .,a business designed me a crystal .,DO,DO,KEEP,DESIGN,THE,A,for,for,-47.55889129638672,"[-3.5880706, -8.225708, -8.982882, -11.144644, -2.49788, -9.9374485, -3.1822577]"
the opponent kept him the cigarette .,a chief drew a telephone for you .,DO,PD,KEEP,DRAW,THE,A,for,for,-47.918575286865234,"[-3.5846696, -8.9745655, -11.815894, -1.1302737, -7.791644, -6.1099305, -7.437202, -1.0743959]"
the opponent kept him the cigarette .,a chief drew you a telephone .,DO,DO,KEEP,DRAW,THE,A,for,for,-45.1591911315918,"[-3.5846696, -8.9745655, -11.815894, -8.876646, -1.8821908, -7.8218613, -2.203365]"
the opponent kept me the beer .,a woman took a cup to you .,DO,PD,KEEP,TAKE,THE,A,for,to,-38.34626388549805,"[-3.5646212, -4.2637224, -6.3729157, -1.0870658, -7.4582243, -5.238524, -8.817925, -1.5432656]"
the opponent kept me the beer .,a woman took you a cup .,DO,DO,KEEP,TAKE,THE,A,for,to,-34.77268981933594,"[-3.5646212, -4.2637224, -6.3729157, -8.572696, -2.601702, -5.4636207, -3.933415]"
the opponent kept me the chicken .,a minister got a log for him .,DO,PD,KEEP,GET,THE,A,for,for,-42.53013610839844,"[-3.582383, -9.14951, -8.284433, -1.3448529, -10.9957905, -4.1133013, -3.8855963, -1.1742684]"
the opponent kept me the chicken .,a minister got him a log .,DO,DO,KEEP,GET,THE,A,for,for,-38.77024841308594,"[-3.582383, -9.14951, -8.284433, -5.3073163, -0.8700721, -9.778988, -1.7975442]"
the opponent kept the ball for him .,a business designed a crystal for me .,PD,PD,KEEP,DESIGN,THE,A,for,for,-48.301483154296875,"[-3.557404, -8.207319, -8.923971, -7.773967, -10.959961, -3.4330323, -4.5365534, -0.909275]"
the opponent kept the ball for him .,a business designed me a crystal .,PD,DO,KEEP,DESIGN,THE,A,for,for,-49.18505096435547,"[-3.557404, -8.207319, -8.923971, -12.007309, -2.8587747, -10.579029, -3.0512471]"
the opponent kept the beer for me .,a woman took a cup to you .,PD,PD,KEEP,TAKE,THE,A,for,to,-38.45423889160156,"[-3.5496507, -4.1774683, -6.4459343, -1.1036904, -7.284506, -5.4266014, -8.822716, -1.6436752]"
the opponent kept the beer for me .,a woman took you a cup .,PD,DO,KEEP,TAKE,THE,A,for,to,-38.669517517089844,"[-3.5496507, -4.1774683, -6.4459343, -9.07339, -5.285114, -5.4543996, -4.683562]"
the opponent kept the beer for us .,an actor bought a coffee for you .,PD,PD,KEEP,BUY,THE,A,for,for,-36.513668060302734,"[-5.659868, -6.5454283, -8.644179, -0.75496036, -6.6095204, -1.3638136, -5.6951756, -1.2407243]"
the opponent kept the beer for us .,an actor bought you a coffee .,PD,DO,KEEP,BUY,THE,A,for,for,-37.198028564453125,"[-5.659868, -6.5454283, -8.644179, -8.610192, -0.66885996, -5.301756, -1.7677461]"
the opponent kept the beer for you .,a princess caught a motor for us .,PD,PD,KEEP,CATCH,THE,A,for,for,-49.5617561340332,"[-3.5417404, -10.960362, -5.2493606, -4.110306, -8.932566, -7.2224417, -8.508198, -1.0367818]"
the opponent kept the beer for you .,a princess caught us a motor .,PD,DO,KEEP,CATCH,THE,A,for,for,-47.7592887878418,"[-3.5417404, -10.960362, -5.2493606, -8.291312, -4.275597, -11.414851, -4.026065]"
the opponent kept the chicken for me .,a minister got a log for him .,PD,PD,KEEP,GET,THE,A,for,for,-41.00263214111328,"[-3.5693188, -9.214319, -8.549923, -1.2380799, -11.065627, -3.2059264, -2.7873907, -1.3720503]"
the opponent kept the chicken for me .,a minister got him a log .,PD,DO,KEEP,GET,THE,A,for,for,-40.02701950073242,"[-3.5693188, -9.214319, -8.549923, -5.313593, -1.0340865, -9.932962, -2.4128165]"
the opponent kept the cigarette for her .,a father brought a beer to me .,PD,PD,KEEP,BRING,THE,A,for,to,-31.934917449951172,"[-3.5667193, -7.106585, -7.5642724, -1.4014863, -6.7522388, -0.51420796, -3.7296424, -1.2997646]"
the opponent kept the cigarette for her .,a father brought me a beer .,PD,DO,KEEP,BRING,THE,A,for,to,-30.99544906616211,"[-3.5667193, -7.106585, -7.5642724, -4.851262, -1.2510196, -4.869169, -1.7864223]"
the opponent kept the cigarette for her .,a brother made a guitar for me .,PD,PD,KEEP,MAKE,THE,A,for,for,-35.740455627441406,"[-3.5667193, -9.071926, -6.365027, -0.92504376, -10.082548, -1.3867112, -3.241835, -1.1006472]"
the opponent kept the cigarette for her .,a brother made me a guitar .,PD,DO,KEEP,MAKE,THE,A,for,for,-35.20869445800781,"[-3.5667193, -9.071926, -6.365027, -4.7078385, -1.7319205, -8.52627, -1.2389959]"
the opponent kept the cigarette for him .,a chief drew a telephone for you .,PD,PD,KEEP,DRAW,THE,A,for,for,-48.00444412231445,"[-3.5669458, -8.994498, -11.934188, -1.0405003, -7.7344823, -5.8395963, -7.688903, -1.2053299]"
the opponent kept the cigarette for him .,a chief drew you a telephone .,PD,DO,KEEP,DRAW,THE,A,for,for,-47.34685134887695,"[-3.5669458, -8.994498, -11.934188, -9.553012, -2.421545, -7.514486, -3.3621776]"
the opponent kept the cigarette for us .,an adult promised a chicken to them .,PD,PD,KEEP,PROMISE,THE,A,for,to,-44.12007141113281,"[-5.709786, -6.3599567, -12.409636, -2.1693048, -7.5017767, -2.6930594, -5.5418854, -1.7346702]"
the opponent kept the cigarette for us .,an adult promised them a chicken .,PD,DO,KEEP,PROMISE,THE,A,for,to,-40.70143127441406,"[-5.709786, -6.3599567, -12.409636, -5.7326794, -1.5013412, -6.856025, -2.1320071]"
the opponent kept us the beer .,an actor bought a coffee for you .,DO,PD,KEEP,BUY,THE,A,for,for,-39.686553955078125,"[-5.7026496, -6.637621, -8.569687, -0.6698669, -7.174053, -2.882975, -7.0502777, -0.999423]"
the opponent kept us the beer .,an actor bought you a coffee .,DO,DO,KEEP,BUY,THE,A,for,for,-35.67232131958008,"[-5.7026496, -6.637621, -8.569687, -8.011181, -0.5762749, -5.293618, -0.8812913]"
the opponent kept us the cigarette .,an adult promised a chicken to them .,DO,PD,KEEP,PROMISE,THE,A,for,to,-44.26526641845703,"[-5.705146, -6.4592876, -12.600424, -2.2286, -7.473174, -2.8019426, -5.5353928, -1.4613]"
the opponent kept us the cigarette .,an adult promised them a chicken .,DO,DO,KEEP,PROMISE,THE,A,for,to,-39.67351531982422,"[-5.705146, -6.4592876, -12.600424, -5.3573937, -1.3147602, -6.7801094, -1.4563966]"
the opponent kept you the beer .,a princess caught a motor for us .,DO,PD,KEEP,CATCH,THE,A,for,for,-51.568328857421875,"[-3.5478387, -11.227645, -5.3041077, -3.2962005, -9.030413, -7.6615024, -10.476732, -1.0238876]"
the opponent kept you the beer .,a princess caught us a motor .,DO,DO,KEEP,CATCH,THE,A,for,for,-43.79466247558594,"[-3.5478387, -11.227645, -5.3041077, -7.1300077, -2.9742098, -11.366022, -2.2448313]"
the opponent left him the bag .,a secretary sent a salad to us .,DO,PD,LEAVE,SEND,THE,A,for,to,-43.037567138671875,"[-3.591175, -9.995792, -6.6189365, -1.3386592, -13.053089, -1.1863291, -5.735565, -1.518019]"
the opponent left him the bag .,a secretary sent us a salad .,DO,DO,LEAVE,SEND,THE,A,for,to,-40.84283447265625,"[-3.591175, -9.995792, -6.6189365, -5.6618795, -0.82714, -12.185482, -1.962428]"
the opponent left him the beer .,a brother took a key to you .,DO,PD,LEAVE,TAKE,THE,A,for,to,-42.77378463745117,"[-3.5828006, -8.697703, -7.249371, -2.2068758, -8.067067, -1.0554745, -10.334221, -1.5802705]"
the opponent left him the beer .,a brother took you a key .,DO,DO,LEAVE,TAKE,THE,A,for,to,-43.31070327758789,"[-3.5828006, -8.697703, -7.249371, -8.431506, -4.64687, -8.731556, -1.9708947]"
the opponent left it the bag .,a priest purchased a tea for them .,DO,PD,LEAVE,PURCHASE,THE,A,for,for,-44.37059020996094,"[-3.5420866, -8.096847, -11.348379, -0.7067692, -8.066498, -2.9640677, -7.632072, -2.0138705]"
the opponent left it the bag .,a priest purchased them a tea .,DO,DO,LEAVE,PURCHASE,THE,A,for,for,-45.788631439208984,"[-3.5420866, -8.096847, -11.348379, -7.761512, -4.56811, -8.1213455, -2.3503504]"
the opponent left it the bag .,a friend showed a tea to me .,DO,PD,LEAVE,SHOW,THE,A,for,to,-39.686004638671875,"[-3.5420866, -6.0636363, -6.7408834, -4.531672, -12.111744, -4.216012, -1.0950313, -1.3849429]"
the opponent left it the bag .,a friend showed me a tea .,DO,DO,LEAVE,SHOW,THE,A,for,to,-32.36532211303711,"[-3.5420866, -6.0636363, -6.7408834, -0.27546734, -1.281021, -10.14145, -4.320777]"
the opponent left the bag for him .,a secretary sent a salad to us .,PD,PD,LEAVE,SEND,THE,A,for,to,-43.7143440246582,"[-3.5431175, -10.132392, -6.953693, -1.1732507, -13.248401, -1.1488239, -5.875707, -1.6389592]"
the opponent left the bag for him .,a secretary sent us a salad .,PD,DO,LEAVE,SEND,THE,A,for,to,-42.25501251220703,"[-3.5431175, -10.132392, -6.953693, -6.302896, -0.76238275, -12.468628, -2.091901]"
the opponent left the bag for it .,a priest purchased a tea for them .,PD,PD,LEAVE,PURCHASE,THE,A,for,for,-44.173484802246094,"[-3.5544786, -8.266534, -11.093167, -0.71747184, -8.36031, -2.9022377, -7.358383, -1.9209007]"
the opponent left the bag for it .,a priest purchased them a tea .,PD,DO,LEAVE,PURCHASE,THE,A,for,for,-46.95683288574219,"[-3.5544786, -8.266534, -11.093167, -7.832444, -5.0496984, -8.46382, -2.6966865]"
the opponent left the bag for it .,a friend showed a tea to me .,PD,PD,LEAVE,SHOW,THE,A,for,to,-40.121429443359375,"[-3.5544786, -6.005642, -6.723567, -4.680448, -12.2014065, -4.5788913, -0.9093015, -1.4676946]"
the opponent left the bag for it .,a friend showed me a tea .,PD,DO,LEAVE,SHOW,THE,A,for,to,-33.011619567871094,"[-3.5544786, -6.005642, -6.723567, -0.2678056, -1.2440566, -10.260365, -4.955704]"
the opponent left the bag for you .,a priest drew a key for us .,PD,PD,LEAVE,DRAW,THE,A,for,for,-42.888851165771484,"[-3.5459085, -8.357554, -8.557415, -0.9381801, -8.13171, -4.2918434, -7.2676387, -1.7985994]"
the opponent left the bag for you .,a priest drew us a key .,PD,DO,LEAVE,DRAW,THE,A,for,for,-42.99262237548828,"[-3.5459085, -8.357554, -8.557415, -8.902517, -2.4998455, -7.9748363, -3.1545444]"
the opponent left the beer for him .,a brother took a key to you .,PD,PD,LEAVE,TAKE,THE,A,for,to,-42.57203674316406,"[-3.5605867, -8.760532, -7.426607, -1.9988343, -8.014058, -0.9071287, -10.263019, -1.6412679]"
the opponent left the beer for him .,a brother took you a key .,PD,DO,LEAVE,TAKE,THE,A,for,to,-44.8663330078125,"[-3.5605867, -8.760532, -7.426607, -8.345213, -5.4725924, -8.522869, -2.7779331]"
the opponent left the beer for us .,a husband showed a telephone to you .,PD,PD,LEAVE,SHOW,THE,A,for,to,-47.71356201171875,"[-3.5522118, -8.641287, -9.542821, -2.812623, -9.905922, -1.3495377, -10.120064, -1.7890948]"
the opponent left the beer for us .,a husband showed you a telephone .,PD,DO,LEAVE,SHOW,THE,A,for,to,-45.50693130493164,"[-3.5522118, -8.641287, -9.542821, -7.857395, -1.9645803, -10.374517, -3.5741193]"
the opponent left us the beer .,a husband showed a telephone to you .,DO,PD,LEAVE,SHOW,THE,A,for,to,-47.45650863647461,"[-3.5795794, -8.621723, -9.102193, -3.4253316, -10.339911, -0.84656584, -9.855006, -1.6861976]"
the opponent left us the beer .,a husband showed you a telephone .,DO,DO,LEAVE,SHOW,THE,A,for,to,-42.568565368652344,"[-3.5795794, -8.621723, -9.102193, -7.5242915, -1.8830487, -9.975365, -1.8823674]"
the opponent left you the bag .,a priest drew a key for us .,DO,PD,LEAVE,DRAW,THE,A,for,for,-43.69768524169922,"[-3.563558, -8.399304, -8.4773655, -1.0760813, -7.9116945, -4.9114165, -7.6255646, -1.7327003]"
the opponent left you the bag .,a priest drew us a key .,DO,DO,LEAVE,DRAW,THE,A,for,for,-39.52543640136719,"[-3.563558, -8.399304, -8.4773655, -7.897011, -1.458387, -7.436782, -2.29303]"
the opponent made her the log .,an adult found a salad for him .,DO,PD,MAKE,FIND,THE,A,for,for,-43.1064567565918,"[-5.701775, -6.3388762, -6.811578, -1.8570131, -11.566249, -3.5951045, -5.560706, -1.675155]"
the opponent made her the log .,an adult found him a salad .,DO,DO,MAKE,FIND,THE,A,for,for,-40.16136169433594,"[-5.701775, -6.3388762, -6.811578, -6.6161447, -3.9046183, -9.40621, -1.3821574]"
the opponent made him the cigarette .,a boy purchased a beer for it .,DO,PD,MAKE,PURCHASE,THE,A,for,for,-38.600730895996094,"[-3.5628543, -6.7678347, -10.455471, -0.66650635, -5.2602215, -2.5728555, -7.6058135, -1.7091709]"
the opponent made him the cigarette .,a boy purchased it a beer .,DO,DO,MAKE,PURCHASE,THE,A,for,for,-41.6379508972168,"[-3.5628543, -6.7678347, -10.455471, -6.4545674, -5.902103, -6.1968293, -2.2982898]"
the opponent made him the coat .,a winner fed a meal to you .,DO,PD,MAKE,FEED,THE,A,for,to,-45.608970642089844,"[-3.6079338, -9.908707, -12.15822, -2.3803372, -7.185152, -2.0479522, -7.082274, -1.2383946]"
the opponent made him the coat .,a winner fed you a meal .,DO,DO,MAKE,FEED,THE,A,for,to,-39.66307830810547,"[-3.6079338, -9.908707, -12.15822, -6.160313, -2.2761564, -4.318735, -1.2330148]"
the opponent made the box for you .,a guest sent a camera to me .,PD,PD,MAKE,SEND,THE,A,for,to,-41.23982238769531,"[-3.538807, -7.5407114, -10.957558, -3.308887, -10.314154, -0.78912866, -3.2084136, -1.5821642]"
the opponent made the box for you .,a guest sent me a camera .,PD,DO,MAKE,SEND,THE,A,for,to,-36.918846130371094,"[-3.538807, -7.5407114, -10.957558, -2.0206685, -1.2870026, -9.111689, -2.4624095]"
the opponent made the cigarette for him .,a boy purchased a beer for it .,PD,PD,MAKE,PURCHASE,THE,A,for,for,-37.313201904296875,"[-3.5459433, -6.8611016, -10.394655, -0.66519153, -5.304773, -1.172207, -7.556226, -1.8131018]"
the opponent made the cigarette for him .,a boy purchased it a beer .,PD,DO,MAKE,PURCHASE,THE,A,for,for,-43.739295959472656,"[-3.5459433, -6.8611016, -10.394655, -7.04027, -6.1933165, -6.7991047, -2.9049032]"
the opponent made the coat for him .,a winner fed a meal to you .,PD,PD,MAKE,FEED,THE,A,for,to,-45.53471755981445,"[-3.57527, -9.858639, -11.987853, -1.9089286, -7.83867, -1.4614311, -7.649395, -1.2545307]"
the opponent made the coat for him .,a winner fed you a meal .,PD,DO,MAKE,FEED,THE,A,for,to,-40.368595123291016,"[-3.57527, -9.858639, -11.987853, -6.839034, -2.311227, -4.260727, -1.5358436]"
the opponent made the coat for us .,a parent drew an instrument for you .,PD,PD,MAKE,DRAW,THE,A,for,for,-41.604652404785156,"[-3.5538816, -8.123604, -7.7218437, -3.3188999, -9.749849, -1.8612942, -5.9082255, -1.3670553]"
the opponent made the coat for us .,a parent drew you an instrument .,PD,DO,MAKE,DRAW,THE,A,for,for,-44.99554443359375,"[-3.5538816, -8.123604, -7.7218437, -9.347047, -3.792615, -9.764929, -2.6916213]"
the opponent made the coat for you .,a singer showed a cheese to us .,PD,PD,MAKE,SHOW,THE,A,for,to,-49.814292907714844,"[-3.5634396, -10.107212, -8.866581, -2.7699814, -11.479573, -4.5509214, -6.715089, -1.7614961]"
the opponent made the coat for you .,a singer showed us a cheese .,PD,DO,MAKE,SHOW,THE,A,for,to,-44.83391189575195,"[-3.5634396, -10.107212, -8.866581, -4.752199, -1.7055304, -11.264173, -4.5747776]"
the opponent made the iron for them .,a chief saved a pot for you .,PD,PD,MAKE,SAVE,THE,A,for,for,-48.343406677246094,"[-3.510867, -8.865252, -15.151786, -1.5134606, -8.686878, -3.6191297, -6.028244, -0.9677875]"
the opponent made the iron for them .,a chief saved you a pot .,PD,DO,MAKE,SAVE,THE,A,for,for,-49.82819366455078,"[-3.510867, -8.865252, -15.151786, -7.557554, -4.0067654, -8.142813, -2.5931559]"
the opponent made the jacket for us .,a reader fed a meal to you .,PD,PD,MAKE,FEED,THE,A,for,to,-43.3740119934082,"[-3.5573785, -6.818424, -12.978369, -3.1825843, -7.0358105, -2.232312, -5.9831257, -1.5860065]"
the opponent made the jacket for us .,a reader fed you a meal .,PD,DO,MAKE,FEED,THE,A,for,to,-44.05302429199219,"[-3.5573785, -6.818424, -12.978369, -8.048909, -3.516577, -7.0499115, -2.083453]"
the opponent made the log for her .,an adult found a salad for him .,PD,PD,MAKE,FIND,THE,A,for,for,-41.27153015136719,"[-5.7270374, -6.2655745, -6.9041243, -1.9304657, -11.435102, -2.9627712, -4.198705, -1.8477509]"
the opponent made the log for her .,an adult found him a salad .,PD,DO,MAKE,FIND,THE,A,for,for,-41.81352233886719,"[-5.7270374, -6.2655745, -6.9041243, -6.72867, -4.628068, -9.830667, -1.7293799]"
the opponent made the log for us .,an uncle brought an anchor to you .,PD,PD,MAKE,BRING,THE,A,for,to,-43.95222473144531,"[-5.7160225, -8.556704, -7.9029636, -4.263681, -8.624915, -0.75511974, -7.0159717, -1.1168445]"
the opponent made the log for us .,an uncle brought you an anchor .,PD,DO,MAKE,BRING,THE,A,for,to,-44.15400695800781,"[-5.7160225, -8.556704, -7.9029636, -5.4324355, -3.5160651, -10.486184, -2.543631]"
the opponent made the log for you .,a girl sold a beer to us .,PD,PD,MAKE,SELL,THE,A,for,to,-37.12134552001953,"[-3.5515382, -6.981394, -9.0564575, -1.8716772, -6.3806124, -1.3255333, -6.197472, -1.75666]"
the opponent made the log for you .,a girl sold us a beer .,PD,DO,MAKE,SELL,THE,A,for,to,-34.42833709716797,"[-3.5515382, -6.981394, -9.0564575, -7.436305, -1.1559762, -4.652501, -1.594168]"
the opponent made them the iron .,a chief saved a pot for you .,DO,PD,MAKE,SAVE,THE,A,for,for,-49.7796516418457,"[-3.5334098, -8.887909, -14.994619, -1.6471739, -8.809212, -4.055271, -6.748891, -1.1031681]"
the opponent made them the iron .,a chief saved you a pot .,DO,DO,MAKE,SAVE,THE,A,for,for,-47.194618225097656,"[-3.5334098, -8.887909, -14.994619, -7.4060106, -2.7162151, -7.5347433, -2.1217077]"
the opponent made us the coat .,a parent drew an instrument for you .,DO,PD,MAKE,DRAW,THE,A,for,for,-42.79275131225586,"[-3.5858917, -8.091724, -7.818379, -3.4683194, -8.869988, -2.8428571, -6.616765, -1.4988279]"
the opponent made us the coat .,a parent drew you an instrument .,DO,DO,MAKE,DRAW,THE,A,for,for,-40.824214935302734,"[-3.5858917, -8.091724, -7.818379, -8.145607, -3.2289762, -8.196823, -1.7568121]"
the opponent made us the jacket .,a reader fed a meal to you .,DO,PD,MAKE,FEED,THE,A,for,to,-43.66028594970703,"[-3.5582561, -6.819574, -12.35815, -3.2997913, -7.434013, -2.2525773, -6.0227137, -1.9152113]"
the opponent made us the jacket .,a reader fed you a meal .,DO,DO,MAKE,FEED,THE,A,for,to,-41.408782958984375,"[-3.5582561, -6.819574, -12.35815, -7.1702757, -2.7341895, -7.3678827, -1.4004533]"
the opponent made us the log .,an uncle brought an anchor to you .,DO,PD,MAKE,BRING,THE,A,for,to,-42.968421936035156,"[-5.7045364, -8.643264, -7.160101, -4.392438, -8.393821, -0.9053259, -6.5569987, -1.2119362]"
the opponent made us the log .,an uncle brought you an anchor .,DO,DO,MAKE,BRING,THE,A,for,to,-41.27016830444336,"[-5.7045364, -8.643264, -7.160101, -4.7845297, -3.4689791, -9.769505, -1.739254]"
the opponent made you the box .,a guest sent a camera to me .,DO,PD,MAKE,SEND,THE,A,for,to,-39.431243896484375,"[-3.5548801, -7.639139, -10.943723, -3.26362, -9.374862, -0.8746634, -1.9868658, -1.7934922]"
the opponent made you the box .,a guest sent me a camera .,DO,DO,MAKE,SEND,THE,A,for,to,-35.41297912597656,"[-3.5548801, -7.639139, -10.943723, -0.9237801, -1.2077293, -9.021665, -2.12206]"
the opponent made you the coat .,a singer showed a cheese to us .,DO,PD,MAKE,SHOW,THE,A,for,to,-50.82611846923828,"[-3.573321, -10.171199, -8.980947, -2.8585088, -11.748228, -4.592615, -6.9855375, -1.9157587]"
the opponent made you the coat .,a singer showed us a cheese .,DO,DO,MAKE,SHOW,THE,A,for,to,-43.575252532958984,"[-3.573321, -10.171199, -8.980947, -4.3962936, -1.5521113, -11.42734, -3.4740417]"
the opponent made you the log .,a girl sold a beer to us .,DO,PD,MAKE,SELL,THE,A,for,to,-36.56260299682617,"[-3.5435286, -7.0056853, -9.16808, -1.4872613, -6.5132923, -0.99894273, -6.388709, -1.4571037]"
the opponent made you the log .,a girl sold us a beer .,DO,DO,MAKE,SELL,THE,A,for,to,-33.50642776489258,"[-3.5435286, -7.0056853, -9.16808, -6.514013, -0.9470649, -5.0805216, -1.2475343]"
the opponent promised him the chicken .,a brother took a key to you .,DO,PD,PROMISE,TAKE,THE,A,to,to,-42.32453918457031,"[-3.6826262, -8.788955, -6.588176, -2.281744, -7.9210567, -1.4934785, -10.016508, -1.5519966]"
the opponent promised him the chicken .,a brother took you a key .,DO,DO,PROMISE,TAKE,THE,A,to,to,-42.31938171386719,"[-3.6826262, -8.788955, -6.588176, -7.708991, -5.3783665, -8.31493, -1.8573353]"
the opponent promised him the meal .,a scientist kept a flower for us .,DO,PD,PROMISE,KEEP,THE,A,to,for,-44.78525924682617,"[-3.7049043, -7.9154625, -9.599447, -2.4396324, -9.662659, -3.7169757, -6.3372245, -1.4089528]"
the opponent promised him the meal .,a scientist kept us a flower .,DO,DO,PROMISE,KEEP,THE,A,to,for,-47.51242446899414,"[-3.7049043, -7.9154625, -9.599447, -6.66798, -6.2171836, -11.539904, -1.8675432]"
the opponent promised it the bowl .,a parent brought a meal to us .,DO,PD,PROMISE,BRING,THE,A,to,to,-36.68035888671875,"[-3.6723695, -7.7964263, -6.469737, -1.8046467, -8.328112, -0.7202864, -6.040715, -1.8480678]"
the opponent promised it the bowl .,a parent brought us a meal .,DO,DO,PROMISE,BRING,THE,A,to,to,-34.211082458496094,"[-3.6723695, -7.7964263, -6.469737, -6.471261, -1.4690005, -6.383153, -1.949135]"
the opponent promised it the television .,an aunt threw a key to me .,DO,PD,PROMISE,THROW,THE,A,to,to,-43.494693756103516,"[-5.7626553, -8.3818, -8.449001, -0.81437945, -8.224999, -2.1769178, -7.7996783, -1.8852596]"
the opponent promised it the television .,an aunt threw me a key .,DO,DO,PROMISE,THROW,THE,A,to,to,-38.88982391357422,"[-5.7626553, -8.3818, -8.449001, -6.283354, -0.49471942, -7.729452, -1.7888436]"
the opponent promised me the bowl .,a soldier gave a pie to him .,DO,PD,PROMISE,GIVE,THE,A,to,to,-38.39665985107422,"[-3.6966562, -7.416711, -6.985606, -2.21062, -9.943102, -0.2286544, -6.56819, -1.3471186]"
the opponent promised me the bowl .,a soldier gave him a pie .,DO,DO,PROMISE,GIVE,THE,A,to,to,-30.39835548400879,"[-3.6966562, -7.416711, -6.985606, -2.6121826, -0.7601676, -8.006155, -0.92087585]"
the opponent promised me the coffee .,a winner got a pie for you .,DO,PD,PROMISE,GET,THE,A,to,for,-40.7411994934082,"[-3.6881618, -9.820241, -8.417976, -1.6016903, -8.3795185, -2.6401038, -5.2906427, -0.90286505]"
the opponent promised me the coffee .,a winner got you a pie .,DO,DO,PROMISE,GET,THE,A,to,for,-36.963645935058594,"[-3.6881618, -9.820241, -8.417976, -4.700512, -1.9817927, -7.448896, -0.90606916]"
the opponent promised me the meal .,a corporation designed a gun for you .,DO,PD,PROMISE,DESIGN,THE,A,to,for,-44.313941955566406,"[-3.7102277, -11.023071, -7.5770597, -6.4805655, -7.3855186, -1.3605496, -5.9495425, -0.82740706]"
the opponent promised me the meal .,a corporation designed you a gun .,DO,DO,PROMISE,DESIGN,THE,A,to,for,-45.86101531982422,"[-3.7102277, -11.023071, -7.5770597, -10.093857, -3.964768, -8.656292, -0.83573914]"
the opponent promised the bowl to it .,a parent brought a meal to us .,PD,PD,PROMISE,BRING,THE,A,to,to,-36.872703552246094,"[-3.609073, -7.7493916, -6.457203, -1.6834911, -8.434767, -0.5839913, -6.2395096, -2.1152806]"
the opponent promised the bowl to it .,a parent brought us a meal .,PD,DO,PROMISE,BRING,THE,A,to,to,-35.66521072387695,"[-3.609073, -7.7493916, -6.457203, -7.147694, -1.3803501, -6.632457, -2.6890423]"
the opponent promised the bowl to me .,a soldier gave a pie to him .,PD,PD,PROMISE,GIVE,THE,A,to,to,-37.58449935913086,"[-3.6397276, -7.4932823, -7.2434173, -1.7080402, -9.418161, -0.12044406, -6.7416153, -1.2198095]"
the opponent promised the bowl to me .,a soldier gave him a pie .,PD,DO,PROMISE,GIVE,THE,A,to,to,-31.669538497924805,"[-3.6397276, -7.4932823, -7.2434173, -3.35845, -0.624584, -8.005579, -1.3044995]"
the opponent promised the chicken to him .,a brother took a key to you .,PD,PD,PROMISE,TAKE,THE,A,to,to,-41.74563217163086,"[-3.6258588, -8.770926, -6.835705, -2.131089, -7.986349, -1.0058851, -9.87313, -1.516689]"
the opponent promised the chicken to him .,a brother took you a key .,PD,DO,PROMISE,TAKE,THE,A,to,to,-43.94535827636719,"[-3.6258588, -8.770926, -6.835705, -8.106744, -5.845848, -8.365827, -2.3944495]"
the opponent promised the chocolate to them .,a kid purchased a flower for it .,PD,PD,PROMISE,PURCHASE,THE,A,to,for,-41.45884704589844,"[-3.6313095, -8.653643, -9.646713, -0.7564795, -7.4920063, -2.6209779, -7.2532034, -1.4045147]"
the opponent promised the chocolate to them .,a kid purchased it a flower .,PD,DO,PROMISE,PURCHASE,THE,A,to,for,-47.01763153076172,"[-3.6313095, -8.653643, -9.646713, -5.870577, -5.8002586, -11.231648, -2.1834788]"
the opponent promised the coffee to me .,a winner got a pie for you .,PD,PD,PROMISE,GET,THE,A,to,for,-40.24617004394531,"[-3.6261177, -9.798033, -8.941658, -1.3902317, -8.227989, -2.6938367, -4.6664953, -0.9018117]"
the opponent promised the coffee to me .,a winner got you a pie .,PD,DO,PROMISE,GET,THE,A,to,for,-38.16998291015625,"[-3.6261177, -9.798033, -8.941658, -5.127503, -1.5786185, -7.8387027, -1.2593484]"
the opponent promised the meal to him .,a scientist kept a flower for us .,PD,PD,PROMISE,KEEP,THE,A,to,for,-44.56836700439453,"[-3.6681252, -7.834853, -9.809651, -1.9264312, -8.933501, -3.805893, -7.003027, -1.5868872]"
the opponent promised the meal to him .,a scientist kept us a flower .,PD,DO,PROMISE,KEEP,THE,A,to,for,-47.11466979980469,"[-3.6681252, -7.834853, -9.809651, -7.0400567, -6.140175, -10.659663, -1.9621456]"
the opponent promised the meal to me .,a corporation designed a gun for you .,PD,PD,PROMISE,DESIGN,THE,A,to,for,-44.209381103515625,"[-3.6627207, -10.921764, -7.5759983, -6.7839384, -7.178276, -1.3416477, -5.730315, -1.014721]"
the opponent promised the meal to me .,a corporation designed you a gun .,PD,DO,PROMISE,DESIGN,THE,A,to,for,-46.04705047607422,"[-3.6627207, -10.921764, -7.5759983, -10.726186, -4.3802204, -7.7238054, -1.056357]"
the opponent promised the television to it .,an aunt threw a key to me .,PD,PD,PROMISE,THROW,THE,A,to,to,-44.275535583496094,"[-5.755523, -8.765688, -8.573356, -0.6926836, -8.293525, -2.153393, -8.37891, -1.6624575]"
the opponent promised the television to it .,an aunt threw me a key .,PD,DO,PROMISE,THROW,THE,A,to,to,-39.69038391113281,"[-5.755523, -8.765688, -8.573356, -6.4231267, -0.52429724, -7.8738074, -1.7745862]"
the opponent promised the television to you .,an uncle designed an iron for him .,PD,PD,PROMISE,DESIGN,THE,A,to,for,-46.16460418701172,"[-5.745186, -8.520514, -11.44852, -3.0824037, -6.8031664, -4.0448318, -5.1445384, -1.3754463]"
the opponent promised the television to you .,an uncle designed him an iron .,PD,DO,PROMISE,DESIGN,THE,A,to,for,-45.72969055175781,"[-5.745186, -8.520514, -11.44852, -6.9981503, -4.162485, -6.188268, -2.6665668]"
the opponent promised them the chocolate .,a kid purchased a flower for it .,DO,PD,PROMISE,PURCHASE,THE,A,to,for,-41.632965087890625,"[-3.6632109, -8.718527, -9.761154, -0.8403969, -7.5247774, -2.8245265, -7.2348585, -1.0655127]"
the opponent promised them the chocolate .,a kid purchased it a flower .,DO,DO,PROMISE,PURCHASE,THE,A,to,for,-46.39276885986328,"[-3.6632109, -8.718527, -9.761154, -5.2402363, -5.597328, -11.835493, -1.5768173]"
the opponent promised you the television .,an uncle designed an iron for him .,DO,PD,PROMISE,DESIGN,THE,A,to,for,-45.88089370727539,"[-5.741494, -8.390404, -11.151947, -3.161788, -6.5339985, -4.7455854, -4.8652616, -1.2904148]"
the opponent promised you the television .,an uncle designed him an iron .,DO,DO,PROMISE,DESIGN,THE,A,to,for,-43.69028091430664,"[-5.741494, -8.390404, -11.151947, -6.276347, -3.5319507, -6.09153, -2.506608]"
the opponent purchased it the tea .,a priest supplied a beer to you .,DO,PD,PURCHASE,SUPPLY,THE,A,for,to,-42.892578125,"[-3.7048318, -8.152548, -11.34852, -2.5792751, -6.576062, -0.508211, -8.381643, -1.6414862]"
the opponent purchased it the tea .,a priest supplied you a beer .,DO,DO,PURCHASE,SUPPLY,THE,A,for,to,-41.62540054321289,"[-3.7048318, -8.152548, -11.34852, -7.3786, -5.05091, -4.4958797, -1.4941095]"
the opponent purchased me the beer .,a mother sent a juice to us .,DO,PD,PURCHASE,SEND,THE,A,for,to,-42.372310638427734,"[-3.7192752, -6.4800177, -6.5971575, -1.7214363, -13.161018, -2.7671127, -6.281471, -1.6448209]"
the opponent purchased me the beer .,a mother sent us a juice .,DO,DO,PURCHASE,SEND,THE,A,for,to,-37.26906204223633,"[-3.7192752, -6.4800177, -6.5971575, -3.756889, -1.5909371, -11.827469, -3.2973175]"
the opponent purchased me the cheese .,a professor sent a machine to them .,DO,PD,PURCHASE,SEND,THE,A,for,to,-43.1046142578125,"[-3.7316663, -7.146058, -7.115318, -2.5693116, -10.825767, -1.8292785, -8.860984, -1.0262293]"
the opponent purchased me the cheese .,a professor sent them a machine .,DO,DO,PURCHASE,SEND,THE,A,for,to,-40.34679412841797,"[-3.7316663, -7.146058, -7.115318, -7.241649, -1.3788754, -11.039874, -2.6933517]"
the opponent purchased the beer for me .,a mother sent a juice to us .,PD,PD,PURCHASE,SEND,THE,A,for,to,-41.99299621582031,"[-3.6539335, -6.356509, -6.5741425, -1.3141836, -13.225237, -2.5554833, -6.381377, -1.932132]"
the opponent purchased the beer for me .,a mother sent us a juice .,PD,DO,PURCHASE,SEND,THE,A,for,to,-39.54985809326172,"[-3.6539335, -6.356509, -6.5741425, -4.6520343, -1.3090117, -11.897748, -5.1064806]"
the opponent purchased the beer for us .,an attorney took a book to you .,PD,PD,PURCHASE,TAKE,THE,A,for,to,-41.20684051513672,"[-5.674391, -5.223365, -7.425271, -1.9694631, -8.872704, -2.554017, -7.879741, -1.6078885]"
the opponent purchased the beer for us .,an attorney took you a book .,PD,DO,PURCHASE,TAKE,THE,A,for,to,-44.6302375793457,"[-5.674391, -5.223365, -7.425271, -7.0980616, -5.8868704, -10.421603, -2.9006734]"
the opponent purchased the beer for us .,an actor bought a coffee for you .,PD,PD,PURCHASE,BUY,THE,A,for,for,-32.92266845703125,"[-5.674391, -6.6104393, -7.1007395, -1.2654262, -5.138981, -0.6792628, -5.4458528, -1.0075758]"
the opponent purchased the beer for us .,an actor bought you a coffee .,PD,DO,PURCHASE,BUY,THE,A,for,for,-35.09321212768555,"[-5.674391, -6.6104393, -7.1007395, -8.1797905, -0.83556044, -4.775968, -1.916323]"
the opponent purchased the beer for you .,an uncle threw a candy to us .,PD,PD,PURCHASE,THROW,THE,A,for,to,-44.36851501464844,"[-5.6761665, -8.403582, -9.079245, -0.85381794, -7.4202724, -4.323123, -7.059819, -1.5524926]"
the opponent purchased the beer for you .,an uncle threw us a candy .,PD,DO,PURCHASE,THROW,THE,A,for,to,-42.919944763183594,"[-5.6761665, -8.403582, -9.079245, -8.882414, -0.7638905, -6.632852, -3.4817986]"
the opponent purchased the cheese for me .,a professor sent a machine to them .,PD,PD,PURCHASE,SEND,THE,A,for,to,-43.02635955810547,"[-3.6738195, -7.25512, -7.169441, -1.7607181, -11.051799, -1.6489496, -9.076624, -1.3898892]"
the opponent purchased the cheese for me .,a professor sent them a machine .,PD,DO,PURCHASE,SEND,THE,A,for,to,-41.41405487060547,"[-3.6738195, -7.25512, -7.169441, -7.067932, -1.2965313, -11.11901, -3.832203]"
the opponent purchased the knife for us .,a guy threw a bag to you .,PD,PD,PURCHASE,THROW,THE,A,for,to,-35.737648010253906,"[-3.6853495, -7.3878565, -5.7101045, -0.70034236, -4.5768123, -5.7956514, -6.5847, -1.2968328]"
the opponent purchased the knife for us .,a guy threw you a bag .,PD,DO,PURCHASE,THROW,THE,A,for,to,-32.39537811279297,"[-3.6853495, -7.3878565, -5.7101045, -7.387995, -0.59978485, -4.8447466, -2.7795405]"
the opponent purchased the tea for it .,a priest supplied a beer to you .,PD,PD,PURCHASE,SUPPLY,THE,A,for,to,-42.33333969116211,"[-3.6657343, -8.087402, -11.187971, -2.2807653, -6.714348, -0.67162454, -8.032139, -1.6933548]"
the opponent purchased the tea for it .,a priest supplied you a beer .,PD,DO,PURCHASE,SUPPLY,THE,A,for,to,-42.52031707763672,"[-3.6657343, -8.087402, -11.187971, -7.316345, -5.1313353, -4.7867217, -2.3448076]"
the opponent purchased the tea for us .,an actress sent a coat to him .,PD,PD,PURCHASE,SEND,THE,A,for,to,-45.94355773925781,"[-5.6760273, -7.2765827, -7.868679, -1.5204482, -11.533228, -3.8476129, -6.055599, -2.1653824]"
the opponent purchased the tea for us .,an actress sent him a coat .,PD,DO,PURCHASE,SEND,THE,A,for,to,-39.454166412353516,"[-5.6760273, -7.2765827, -7.868679, -5.349378, -0.62183386, -9.764571, -2.8970945]"
the opponent purchased us the beer .,an attorney took a book to you .,DO,PD,PURCHASE,TAKE,THE,A,for,to,-41.203392028808594,"[-5.700556, -5.2525244, -7.205812, -2.285106, -8.671557, -2.9375243, -7.8973002, -1.2530152]"
the opponent purchased us the beer .,an attorney took you a book .,DO,DO,PURCHASE,TAKE,THE,A,for,to,-42.99570846557617,"[-5.700556, -5.2525244, -7.205812, -6.748643, -5.682924, -10.459294, -1.9459537]"
the opponent purchased us the beer .,an actor bought a coffee for you .,DO,PD,PURCHASE,BUY,THE,A,for,for,-37.504364013671875,"[-5.700556, -6.514242, -6.895275, -2.0844362, -6.5773344, -2.7639437, -5.983516, -0.98506165]"
the opponent purchased us the beer .,an actor bought you a coffee .,DO,DO,PURCHASE,BUY,THE,A,for,for,-31.86654281616211,"[-5.700556, -6.514242, -6.895275, -5.70819, -1.1025053, -5.080019, -0.86575496]"
the opponent purchased us the knife .,a guy threw a bag to you .,DO,PD,PURCHASE,THROW,THE,A,for,to,-35.66656494140625,"[-3.7248118, -7.150734, -5.5779877, -0.90014344, -4.581823, -5.94693, -6.521484, -1.2626513]"
the opponent purchased us the knife .,a guy threw you a bag .,DO,DO,PURCHASE,THROW,THE,A,for,to,-30.433063507080078,"[-3.7248118, -7.150734, -5.5779877, -6.3838224, -0.48359048, -4.639703, -2.472416]"
the opponent purchased us the tea .,an actress sent a coat to him .,DO,PD,PURCHASE,SEND,THE,A,for,to,-45.68953323364258,"[-5.6987057, -7.2764277, -7.549858, -2.2032146, -11.292647, -4.248857, -5.7887955, -1.6310277]"
the opponent purchased us the tea .,an actress sent him a coat .,DO,DO,PURCHASE,SEND,THE,A,for,to,-38.636112213134766,"[-5.6987057, -7.2764277, -7.549858, -5.5668993, -0.70381933, -9.717044, -2.1233582]"
the opponent purchased you the beer .,an uncle threw a candy to us .,DO,PD,PURCHASE,THROW,THE,A,for,to,-44.51061248779297,"[-5.6920366, -8.405272, -8.674527, -0.937397, -7.658866, -4.509368, -7.197915, -1.4352331]"
the opponent purchased you the beer .,an uncle threw us a candy .,DO,DO,PURCHASE,THROW,THE,A,for,to,-40.49583435058594,"[-5.6920366, -8.405272, -8.674527, -7.9728413, -0.742695, -6.55062, -2.4578447]"
the opponent saved it the machine .,an aunt gave a tea to me .,DO,PD,SAVE,GIVE,THE,A,for,to,-38.54521560668945,"[-5.71148, -8.896316, -5.422578, -2.5482187, -9.994129, -0.6582459, -3.4765396, -1.8377081]"
the opponent saved it the machine .,an aunt gave me a tea .,DO,DO,SAVE,GIVE,THE,A,for,to,-33.857147216796875,"[-5.71148, -8.896316, -5.422578, -2.2426758, -0.9830078, -8.180307, -2.420783]"
the opponent saved the cup for you .,an author showed a cigarette to me .,PD,PD,SAVE,SHOW,THE,A,for,to,-39.82283020019531,"[-5.6819725, -7.26, -9.592089, -2.0500016, -9.886279, -1.6663244, -2.278312, -1.4078496]"
the opponent saved the cup for you .,an author showed me a cigarette .,PD,DO,SAVE,SHOW,THE,A,for,to,-38.115848541259766,"[-5.6819725, -7.26, -9.592089, -1.5620055, -1.0461065, -10.560643, -2.4130301]"
the opponent saved the machine for it .,an aunt gave a tea to me .,PD,PD,SAVE,GIVE,THE,A,for,to,-37.45545959472656,"[-5.7262597, -8.9851465, -5.559007, -2.098685, -9.43764, -0.4364755, -3.7191782, -1.4930683]"
the opponent saved the machine for it .,an aunt gave me a tea .,PD,DO,SAVE,GIVE,THE,A,for,to,-33.56911849975586,"[-5.7262597, -8.9851465, -5.559007, -2.1707752, -0.7808117, -8.052343, -2.2947726]"
the opponent saved the machine for you .,a friend promised a beer to her .,PD,PD,SAVE,PROMISE,THE,A,for,to,-35.61865997314453,"[-3.6403732, -5.647275, -8.248931, -3.7324133, -6.3977647, -2.2863941, -3.4868622, -2.1786473]"
the opponent saved the machine for you .,a friend promised her a beer .,PD,DO,SAVE,PROMISE,THE,A,for,to,-31.031524658203125,"[-3.6403732, -5.647275, -8.248931, -3.9006815, -1.863324, -5.5704947, -2.1604466]"
the opponent saved the meal for you .,a bishop threw a chocolate to me .,PD,PD,SAVE,THROW,THE,A,for,to,-44.52086639404297,"[-3.671334, -9.40788, -9.053709, -1.1347792, -8.109627, -6.851495, -4.9070573, -1.3849864]"
the opponent saved the meal for you .,a bishop threw me a chocolate .,PD,DO,SAVE,THROW,THE,A,for,to,-42.38317108154297,"[-3.671334, -9.40788, -9.053709, -6.15256, -1.3892144, -6.856475, -5.852001]"
the opponent saved you the cup .,an author showed a cigarette to me .,DO,PD,SAVE,SHOW,THE,A,for,to,-40.526283264160156,"[-5.711229, -6.995845, -9.776064, -2.5965724, -9.964362, -2.1708047, -1.8689649, -1.4424435]"
the opponent saved you the cup .,an author showed me a cigarette .,DO,DO,SAVE,SHOW,THE,A,for,to,-36.815616607666016,"[-5.711229, -6.995845, -9.776064, -1.3061625, -1.1462862, -10.010421, -1.86961]"
the opponent saved you the machine .,a friend promised a beer to her .,DO,PD,SAVE,PROMISE,THE,A,for,to,-35.967613220214844,"[-3.674943, -5.628767, -8.035019, -3.91684, -6.1627584, -2.6402366, -3.949159, -1.9598898]"
the opponent saved you the machine .,a friend promised her a beer .,DO,DO,SAVE,PROMISE,THE,A,for,to,-30.455127716064453,"[-3.674943, -5.628767, -8.035019, -4.0628953, -1.8018233, -5.5178523, -1.7338266]"
the opponent saved you the meal .,a bishop threw a chocolate to me .,DO,PD,SAVE,THROW,THE,A,for,to,-44.73725128173828,"[-3.7045069, -9.501069, -8.99145, -1.2231158, -8.470571, -6.6634827, -4.7688036, -1.4142534]"
the opponent saved you the meal .,a bishop threw me a chocolate .,DO,DO,SAVE,THROW,THE,A,for,to,-40.192222595214844,"[-3.7045069, -9.501069, -8.99145, -5.6606903, -1.0177419, -6.364729, -4.952033]"
the opponent sent me the coffee .,an actress saved a tea for us .,DO,PD,SEND,SAVE,THE,A,to,for,-47.06803894042969,"[-5.6861267, -7.233305, -10.083235, -1.8913049, -11.255041, -4.0880256, -5.7166104, -1.1143913]"
the opponent sent me the coffee .,an actress saved us a tea .,DO,DO,SEND,SAVE,THE,A,to,for,-41.02288055419922,"[-5.6861267, -7.233305, -10.083235, -6.0474596, -2.8447144, -8.218279, -0.9097621]"
the opponent sent me the iron .,a sheriff saved a computer for us .,DO,PD,SEND,SAVE,THE,A,to,for,-44.342960357666016,"[-3.5830235, -8.729112, -10.196869, -1.1761749, -9.2567, -3.9736483, -6.544673, -0.88275814]"
the opponent sent me the iron .,a sheriff saved us a computer .,DO,DO,SEND,SAVE,THE,A,to,for,-43.74583053588867,"[-3.5830235, -8.729112, -10.196869, -6.4838285, -3.247725, -10.389434, -1.1158383]"
the opponent sent the chocolate to us .,a cop sold a coat to you .,PD,PD,SEND,SELL,THE,A,to,to,-45.893272399902344,"[-3.55215, -8.664858, -11.003183, -1.5185417, -8.9114, -2.749246, -7.7601743, -1.7337233]"
the opponent sent the chocolate to us .,a cop sold you a coat .,PD,DO,SEND,SELL,THE,A,to,to,-40.9906005859375,"[-3.55215, -8.664858, -11.003183, -6.6099668, -0.89617854, -7.5858965, -2.678369]"
the opponent sent the chocolate to you .,a doctor threw a wire to me .,PD,PD,SEND,THROW,THE,A,to,to,-38.45611572265625,"[-3.5584676, -7.1490593, -7.661939, -0.6630159, -9.843966, -3.066555, -5.1082115, -1.4049]"
the opponent sent the chocolate to you .,a doctor threw me a wire .,PD,DO,SEND,THROW,THE,A,to,to,-38.43164825439453,"[-3.5584676, -7.1490593, -7.661939, -6.349233, -0.5540825, -11.657306, -1.5015572]"
the opponent sent the coffee to me .,an actress saved a tea for us .,PD,PD,SEND,SAVE,THE,A,to,for,-44.2410888671875,"[-5.6653457, -7.364789, -10.504253, -1.5370944, -10.895941, -2.7033284, -4.553335, -1.0170025]"
the opponent sent the coffee to me .,an actress saved us a tea .,PD,DO,SEND,SAVE,THE,A,to,for,-43.66239929199219,"[-5.6653457, -7.364789, -10.504253, -6.912838, -2.5619357, -9.10811, -1.545125]"
the opponent sent the coffee to us .,a bishop sold a juice to them .,PD,PD,SEND,SELL,THE,A,to,to,-47.2242431640625,"[-3.5341763, -9.484907, -11.42527, -1.6921427, -11.392487, -1.7806234, -6.871719, -1.042917]"
the opponent sent the coffee to us .,a bishop sold them a juice .,PD,DO,SEND,SELL,THE,A,to,to,-45.36276626586914,"[-3.5341763, -9.484907, -11.42527, -6.6831264, -2.4136913, -9.176844, -2.6447504]"
the opponent sent the crystal to you .,a writer purchased an iron for it .,PD,PD,SEND,PURCHASE,THE,A,to,for,-44.23081970214844,"[-3.55655, -7.8566275, -9.966108, -2.8272803, -8.693514, -3.962434, -6.5286903, -0.83961475]"
the opponent sent the crystal to you .,a writer purchased it an iron .,PD,DO,SEND,PURCHASE,THE,A,to,for,-49.23904037475586,"[-3.55655, -7.8566275, -9.966108, -6.200122, -9.384886, -9.976937, -2.2978091]"
the opponent sent the iron to me .,a sheriff saved a computer for us .,PD,PD,SEND,SAVE,THE,A,to,for,-43.77570343017578,"[-3.537948, -8.837179, -10.879103, -0.92489517, -9.220372, -3.842543, -5.8042808, -0.7293848]"
the opponent sent the iron to me .,a sheriff saved us a computer .,PD,DO,SEND,SAVE,THE,A,to,for,-45.95655059814453,"[-3.537948, -8.837179, -10.879103, -7.144597, -3.1466184, -10.835968, -1.57514]"
the opponent sent the meal to you .,a sheriff drew a knife for him .,PD,PD,SEND,DRAW,THE,A,to,for,-39.337303161621094,"[-3.5663457, -8.511748, -9.433916, -1.1025848, -4.114785, -5.1612496, -4.500395, -2.9462757]"
the opponent sent the meal to you .,a sheriff drew him a knife .,PD,DO,SEND,DRAW,THE,A,to,for,-36.28380584716797,"[-3.5663457, -8.511748, -9.433916, -6.7607727, -2.0994272, -4.08802, -1.8235759]"
the opponent sent the pie to them .,an employer got a meal for you .,PD,PD,SEND,GET,THE,A,to,for,-41.377559661865234,"[-5.6890817, -7.1328516, -6.936016, -1.4347314, -8.998368, -2.6957774, -6.997406, -1.4933277]"
the opponent sent the pie to them .,an employer got you a meal .,PD,DO,SEND,GET,THE,A,to,for,-38.01750946044922,"[-5.6890817, -7.1328516, -6.936016, -7.944373, -1.379183, -6.720726, -2.2152789]"
the opponent sent the pie to you .,a prince left a meal for him .,PD,PD,SEND,LEAVE,THE,A,to,for,-38.56163024902344,"[-3.5684166, -10.79847, -6.3006516, -1.5125449, -8.065464, -1.4742842, -4.693412, -2.1483905]"
the opponent sent the pie to you .,a prince left him a meal .,PD,DO,SEND,LEAVE,THE,A,to,for,-35.72291946411133,"[-3.5684166, -10.79847, -6.3006516, -5.1967735, -1.371348, -6.657872, -1.8293886]"
the opponent sent them the pie .,an employer got a meal for you .,DO,PD,SEND,GET,THE,A,to,for,-40.64535903930664,"[-5.7148843, -7.1066318, -6.942398, -1.6536465, -8.999274, -2.648126, -6.367694, -1.2127054]"
the opponent sent them the pie .,an employer got you a meal .,DO,DO,SEND,GET,THE,A,to,for,-35.246883392333984,"[-5.7148843, -7.1066318, -6.942398, -6.6221037, -0.95421475, -6.4526815, -1.4539678]"
the opponent sent us the chocolate .,a cop sold a coat to you .,DO,PD,SEND,SELL,THE,A,to,to,-46.793025970458984,"[-3.6148548, -8.608646, -10.971438, -1.867991, -8.779659, -3.460062, -7.6370273, -1.8533468]"
the opponent sent us the chocolate .,a cop sold you a coat .,DO,DO,SEND,SELL,THE,A,to,to,-39.2374267578125,"[-3.6148548, -8.608646, -10.971438, -5.703466, -1.0598925, -7.222848, -2.0562792]"
the opponent sent us the coffee .,a bishop sold a juice to them .,DO,PD,SEND,SELL,THE,A,to,to,-51.02765655517578,"[-3.5843296, -9.332279, -11.180592, -1.9679159, -11.972771, -3.4401731, -8.261533, -1.2880645]"
the opponent sent us the coffee .,a bishop sold them a juice .,DO,DO,SEND,SELL,THE,A,to,to,-42.93312072753906,"[-3.5843296, -9.332279, -11.180592, -6.095061, -2.2455218, -8.968297, -1.5270408]"
the opponent sent you the chocolate .,a doctor threw a wire to me .,DO,PD,SEND,THROW,THE,A,to,to,-40.0232048034668,"[-3.583715, -7.122586, -7.6063223, -0.7513913, -10.4431715, -3.3569064, -5.7155895, -1.4435246]"
the opponent sent you the chocolate .,a doctor threw me a wire .,DO,DO,SEND,THROW,THE,A,to,to,-37.04609298706055,"[-3.583715, -7.122586, -7.6063223, -5.309366, -0.3741475, -12.121138, -0.92881864]"
the opponent sent you the crystal .,a writer purchased an iron for it .,DO,PD,SEND,PURCHASE,THE,A,to,for,-44.112876892089844,"[-3.5742521, -7.76877, -9.895392, -2.7737143, -8.037505, -4.394961, -6.7449455, -0.9233357]"
the opponent sent you the crystal .,a writer purchased it an iron .,DO,DO,SEND,PURCHASE,THE,A,to,for,-47.85982894897461,"[-3.5742521, -7.76877, -9.895392, -6.082039, -9.088273, -9.261442, -2.1896598]"
the opponent sent you the meal .,a sheriff drew a knife for him .,DO,PD,SEND,DRAW,THE,A,to,for,-39.8959846496582,"[-3.5962033, -8.406571, -9.332906, -1.188443, -4.561938, -4.6513367, -5.0888333, -3.069753]"
the opponent sent you the meal .,a sheriff drew him a knife .,DO,DO,SEND,DRAW,THE,A,to,for,-35.40394592285156,"[-3.5962033, -8.406571, -9.332906, -6.6459217, -1.5418447, -4.512966, -1.3675294]"
the opponent sent you the pie .,a prince left a meal for him .,DO,PD,SEND,LEAVE,THE,A,to,for,-38.34011459350586,"[-3.591537, -10.627621, -6.3506327, -1.6255994, -8.021749, -1.4311547, -4.9531064, -1.7387135]"
the opponent sent you the pie .,a prince left him a meal .,DO,DO,SEND,LEAVE,THE,A,to,for,-33.49224853515625,"[-3.591537, -10.627621, -6.3506327, -4.488068, -1.2445157, -5.9556904, -1.2341846]"
the opponent showed her the bottle .,a cousin threw a meal to you .,DO,PD,SHOW,THROW,THE,A,to,to,-41.13218688964844,"[-3.6443443, -9.167051, -7.6785836, -1.1422454, -8.177926, -3.0757315, -7.4215984, -0.8247066]"
the opponent showed her the bottle .,a cousin threw you a meal .,DO,DO,SHOW,THROW,THE,A,to,to,-39.77949905395508,"[-3.6443443, -9.167051, -7.6785836, -8.549617, -0.7858807, -8.832115, -1.1219065]"
the opponent showed her the coffee .,a writer drew a motor for it .,DO,PD,SHOW,DRAW,THE,A,to,for,-42.15288162231445,"[-3.6419666, -7.7491684, -8.716891, -1.3742791, -9.631923, -5.260148, -4.88685, -0.8916561]"
the opponent showed her the coffee .,a writer drew it a motor .,DO,DO,SHOW,DRAW,THE,A,to,for,-45.34114456176758,"[-3.6419666, -7.7491684, -8.716891, -5.4730606, -5.188858, -11.457514, -3.1136868]"
the opponent showed her the salad .,a teacher kept a bell for us .,DO,PD,SHOW,KEEP,THE,A,to,for,-42.17185974121094,"[-3.6780667, -7.016941, -8.422629, -2.9826481, -9.083739, -3.5027401, -5.7152543, -1.7698437]"
the opponent showed her the salad .,a teacher kept us a bell .,DO,DO,SHOW,KEEP,THE,A,to,for,-45.30351257324219,"[-3.6780667, -7.016941, -8.422629, -6.9043407, -6.1029634, -10.952047, -2.226522]"
the opponent showed me the bottle .,a teacher kept a tea for it .,DO,PD,SHOW,KEEP,THE,A,to,for,-46.2710075378418,"[-3.6493058, -7.1644993, -8.228874, -2.909743, -8.890621, -5.86431, -8.524706, -1.0389469]"
the opponent showed me the bottle .,a teacher kept it a tea .,DO,DO,SHOW,KEEP,THE,A,to,for,-43.200050354003906,"[-3.6493058, -7.1644993, -8.228874, -5.878112, -3.017438, -12.458811, -2.8030095]"
the opponent showed the bottle to her .,a cousin threw a meal to you .,PD,PD,SHOW,THROW,THE,A,to,to,-41.36239242553711,"[-3.5870657, -9.313696, -7.893158, -0.80960053, -8.335231, -2.775588, -7.812506, -0.8355484]"
the opponent showed the bottle to her .,a cousin threw you a meal .,PD,DO,SHOW,THROW,THE,A,to,to,-40.73341751098633,"[-3.5870657, -9.313696, -7.893158, -9.05933, -0.591847, -8.8300705, -1.4582499]"
the opponent showed the bottle to me .,a teacher kept a tea for it .,PD,PD,SHOW,KEEP,THE,A,to,for,-45.729007720947266,"[-3.5976295, -7.133461, -8.457203, -2.0953746, -8.60427, -5.9808893, -8.441399, -1.4187807]"
the opponent showed the bottle to me .,a teacher kept it a tea .,PD,DO,SHOW,KEEP,THE,A,to,for,-44.202850341796875,"[-3.5976295, -7.133461, -8.457203, -5.9024615, -3.3641229, -12.19141, -3.5565648]"
the opponent showed the cheese to them .,a soldier promised a flower to us .,PD,PD,SHOW,PROMISE,THE,A,to,to,-44.36895751953125,"[-3.6001177, -7.2703643, -11.957502, -2.3718727, -10.443924, -0.9051539, -6.613303, -1.2067229]"
the opponent showed the cheese to them .,a soldier promised us a flower .,PD,DO,SHOW,PROMISE,THE,A,to,to,-42.99833679199219,"[-3.6001177, -7.2703643, -11.957502, -6.336849, -2.0037374, -10.049347, -1.7804178]"
the opponent showed the cheese to you .,a lady bought a meal for me .,PD,PD,SHOW,BUY,THE,A,to,for,-32.93457794189453,"[-3.5971467, -8.195119, -7.4212236, -0.67983603, -6.595096, -1.3665519, -3.4371438, -1.642459]"
the opponent showed the cheese to you .,a lady bought me a meal .,PD,DO,SHOW,BUY,THE,A,to,for,-32.473915100097656,"[-3.5971467, -8.195119, -7.4212236, -4.1441784, -0.6095798, -6.4933767, -2.01329]"
the opponent showed the coffee to her .,a writer drew a motor for it .,PD,PD,SHOW,DRAW,THE,A,to,for,-41.337982177734375,"[-3.5818067, -7.7613134, -8.940256, -1.0620515, -9.635242, -4.873366, -4.3524, -1.1315448]"
the opponent showed the coffee to her .,a writer drew it a motor .,PD,DO,SHOW,DRAW,THE,A,to,for,-45.309043884277344,"[-3.5818067, -7.7613134, -8.940256, -5.4638567, -5.482253, -11.242293, -2.8372633]"
the opponent showed the key to you .,a minister bought a tea for me .,PD,PD,SHOW,BUY,THE,A,to,for,-39.99955749511719,"[-3.5385404, -9.387578, -10.553774, -0.6460324, -7.7345767, -2.435224, -4.553277, -1.1505554]"
the opponent showed the key to you .,a minister bought me a tea .,PD,DO,SHOW,BUY,THE,A,to,for,-38.04975509643555,"[-3.5385404, -9.387578, -10.553774, -6.3314486, -0.3767461, -6.418539, -1.4431298]"
the opponent showed the salad to her .,a teacher kept a bell for us .,PD,PD,SHOW,KEEP,THE,A,to,for,-42.2720832824707,"[-3.6476529, -7.139249, -8.574063, -2.3037808, -9.08507, -3.5020099, -6.0079675, -2.0122914]"
the opponent showed the salad to her .,a teacher kept us a bell .,PD,DO,SHOW,KEEP,THE,A,to,for,-46.64051055908203,"[-3.6476529, -7.139249, -8.574063, -7.202466, -6.01317, -11.223254, -2.8406541]"
the opponent showed them the cheese .,a soldier promised a flower to us .,DO,PD,SHOW,PROMISE,THE,A,to,to,-45.99818420410156,"[-3.6211786, -7.143338, -11.731856, -2.5012212, -10.5863085, -2.289931, -6.8806715, -1.2436789]"
the opponent showed them the cheese .,a soldier promised us a flower .,DO,DO,SHOW,PROMISE,THE,A,to,to,-41.62626647949219,"[-3.6211786, -7.143338, -11.731856, -5.840235, -2.2837625, -9.864917, -1.1409805]"
the opponent showed you the cheese .,a lady bought a meal for me .,DO,PD,SHOW,BUY,THE,A,to,for,-32.79085922241211,"[-3.6026397, -8.150843, -7.338071, -0.8140938, -6.7704678, -1.429641, -3.1929317, -1.492172]"
the opponent showed you the cheese .,a lady bought me a meal .,DO,DO,SHOW,BUY,THE,A,to,for,-30.21316909790039,"[-3.6026397, -8.150843, -7.338071, -2.4068215, -0.62374324, -6.602166, -1.4888852]"
the opponent showed you the key .,a minister bought a tea for me .,DO,PD,SHOW,BUY,THE,A,to,for,-39.90959548950195,"[-3.5672646, -9.304238, -10.237464, -0.7185859, -7.7062063, -2.571864, -4.556093, -1.2478802]"
the opponent showed you the key .,a minister bought me a tea .,DO,DO,SHOW,BUY,THE,A,to,for,-36.413963317871094,"[-3.5672646, -9.304238, -10.237464, -5.33381, -0.37912396, -6.3140225, -1.2780406]"
the opponent sold her the candy .,a king kept a salad for you .,DO,PD,SELL,KEEP,THE,A,to,for,-45.4072265625,"[-3.6411514, -9.87958, -7.729802, -2.2548983, -10.113708, -3.0715168, -7.671809, -1.0447589]"
the opponent sold her the candy .,a king kept you a salad .,DO,DO,SELL,KEEP,THE,A,to,for,-45.009033203125,"[-3.6411514, -9.87958, -7.729802, -7.09449, -5.2745485, -10.04205, -1.3474102]"
the opponent sold her the iron .,a sheriff saved a computer for us .,DO,PD,SELL,SAVE,THE,A,to,for,-45.667022705078125,"[-3.6075768, -8.422885, -10.469143, -1.5384647, -9.344867, -3.9844518, -7.378676, -0.92095625]"
the opponent sold her the iron .,a sheriff saved us a computer .,DO,DO,SELL,SAVE,THE,A,to,for,-45.45185470581055,"[-3.6075768, -8.422885, -10.469143, -7.2092695, -3.2479334, -10.540944, -1.9541032]"
the opponent sold him the computer .,a father sent a cup to you .,DO,PD,SELL,SEND,THE,A,to,to,-43.1845703125,"[-3.6060772, -6.9692535, -6.550432, -1.7728968, -9.878743, -3.107645, -9.614786, -1.6847357]"
the opponent sold him the computer .,a father sent you a cup .,DO,DO,SELL,SEND,THE,A,to,to,-38.70332336425781,"[-3.6060772, -6.9692535, -6.550432, -8.398762, -1.064244, -8.068358, -4.0461974]"
the opponent sold it the anchor .,a hero bought a chicken for you .,DO,PD,SELL,BUY,THE,A,to,for,-38.84534454345703,"[-3.6062868, -8.370102, -7.794792, -1.1355319, -6.773016, -2.9830656, -7.199527, -0.98302436]"
the opponent sold it the anchor .,a hero bought you a chicken .,DO,DO,SELL,BUY,THE,A,to,for,-36.82096481323242,"[-3.6062868, -8.370102, -7.794792, -7.207887, -0.7368206, -7.481639, -1.6234392]"
the opponent sold me the chocolate .,a bishop showed a coffee to you .,DO,PD,SELL,SHOW,THE,A,to,to,-46.51664352416992,"[-3.6362977, -9.407936, -7.932846, -2.4928656, -10.035159, -3.5119696, -8.219486, -1.2800846]"
the opponent sold me the chocolate .,a bishop showed you a coffee .,DO,DO,SELL,SHOW,THE,A,to,to,-37.58762741088867,"[-3.6362977, -9.407936, -7.932846, -6.2635612, -1.8736784, -6.917282, -1.5560256]"
the opponent sold me the iron .,a friend found a tea for him .,DO,PD,SELL,FIND,THE,A,to,for,-37.712257385253906,"[-3.6140876, -5.7107415, -6.776918, -1.510125, -8.799196, -5.4534235, -4.5050244, -1.3427405]"
the opponent sold me the iron .,a friend found him a tea .,DO,DO,SELL,FIND,THE,A,to,for,-35.64775085449219,"[-3.6140876, -5.7107415, -6.776918, -4.057845, -4.0173283, -9.263125, -2.2077055]"
the opponent sold the anchor to it .,a hero bought a chicken for you .,PD,PD,SELL,BUY,THE,A,to,for,-38.371803283691406,"[-3.5905025, -8.331044, -8.181846, -0.9364097, -6.538307, -2.7254848, -7.0511994, -1.0170116]"
the opponent sold the anchor to it .,a hero bought you a chicken .,PD,DO,SELL,BUY,THE,A,to,for,-37.1026725769043,"[-3.5905025, -8.331044, -8.181846, -7.165697, -0.80184835, -7.245183, -1.7865516]"
the opponent sold the candy to her .,a king kept a salad for you .,PD,PD,SELL,KEEP,THE,A,to,for,-44.5185546875,"[-3.6227694, -9.773559, -7.5678267, -1.7260214, -10.005342, -2.9600997, -7.8139944, -1.0489408]"
the opponent sold the candy to her .,a king kept you a salad .,PD,DO,SELL,KEEP,THE,A,to,for,-45.67743682861328,"[-3.6227694, -9.773559, -7.5678267, -7.309605, -5.3014154, -10.387615, -1.714644]"
the opponent sold the chocolate to me .,a bishop showed a coffee to you .,PD,PD,SELL,SHOW,THE,A,to,to,-43.42219543457031,"[-3.614273, -9.385478, -8.0448, -2.0690327, -9.41815, -1.6802964, -8.025916, -1.1842518]"
the opponent sold the chocolate to me .,a bishop showed you a coffee .,PD,DO,SELL,SHOW,THE,A,to,to,-40.16429901123047,"[-3.614273, -9.385478, -8.0448, -6.584217, -1.6821833, -7.447424, -3.4059258]"
the opponent sold the computer to him .,a father sent a cup to you .,PD,PD,SELL,SEND,THE,A,to,to,-43.53852844238281,"[-3.600971, -6.9524927, -6.505012, -1.6202892, -9.578512, -2.7614233, -10.75573, -1.7641011]"
the opponent sold the computer to him .,a father sent you a cup .,PD,DO,SELL,SEND,THE,A,to,to,-39.82125473022461,"[-3.600971, -6.9524927, -6.505012, -9.195219, -1.0519829, -7.4668865, -5.0486884]"
the opponent sold the iron to her .,a sheriff saved a computer for us .,PD,PD,SELL,SAVE,THE,A,to,for,-45.934852600097656,"[-3.5748258, -8.691679, -10.335141, -1.1524959, -9.467004, -4.158745, -7.6371403, -0.91782415]"
the opponent sold the iron to her .,a sheriff saved us a computer .,PD,DO,SELL,SAVE,THE,A,to,for,-47.06720733642578,"[-3.5748258, -8.691679, -10.335141, -7.942615, -3.5524337, -10.7851715, -2.1853406]"
the opponent sold the iron to me .,a friend found a tea for him .,PD,PD,SELL,FIND,THE,A,to,for,-37.41825866699219,"[-3.5817091, -5.7732687, -6.5206985, -1.3834372, -8.741387, -5.453147, -4.6335597, -1.3310509]"
the opponent sold the iron to me .,a friend found him a tea .,PD,DO,SELL,FIND,THE,A,to,for,-36.30206298828125,"[-3.5817091, -5.7732687, -6.5206985, -4.251894, -3.998341, -9.777115, -2.3990378]"
the opponent sold the iron to you .,a mother drew a crystal for us .,PD,PD,SELL,DRAW,THE,A,to,for,-40.8085823059082,"[-3.5794573, -6.573143, -8.5532, -1.0429583, -8.588547, -4.575022, -6.384519, -1.5117358]"
the opponent sold the iron to you .,a mother drew us a crystal .,PD,DO,SELL,DRAW,THE,A,to,for,-40.57197570800781,"[-3.5794573, -6.573143, -8.5532, -8.032355, -1.702792, -8.93732, -3.1937053]"
the opponent sold the iron to you .,a parent supplied a cheese to him .,PD,PD,SELL,SUPPLY,THE,A,to,to,-42.10602569580078,"[-3.5794573, -7.9813156, -10.459216, -1.9667567, -9.513083, -0.9067716, -6.524066, -1.1753597]"
the opponent sold the iron to you .,a parent supplied him a cheese .,PD,DO,SELL,SUPPLY,THE,A,to,to,-42.75897979736328,"[-3.5794573, -7.9813156, -10.459216, -5.5955944, -3.5022812, -8.653593, -2.9875212]"
the opponent sold the salad to them .,a lady promised a tea to you .,PD,PD,SELL,PROMISE,THE,A,to,to,-43.95942687988281,"[-3.6621406, -7.9832897, -11.233043, -2.351933, -8.461214, -2.06979, -6.537195, -1.6608188]"
the opponent sold the salad to them .,a lady promised you a tea .,PD,DO,SELL,PROMISE,THE,A,to,to,-39.96226119995117,"[-3.6621406, -7.9832897, -11.233043, -5.392615, -1.9486314, -7.3825555, -2.3599885]"
the opponent sold them the salad .,a lady promised a tea to you .,DO,PD,SELL,PROMISE,THE,A,to,to,-45.669986724853516,"[-3.6709416, -7.9911776, -10.845034, -2.6866674, -8.507132, -3.202878, -6.9882, -1.7779553]"
the opponent sold them the salad .,a lady promised you a tea .,DO,DO,SELL,PROMISE,THE,A,to,to,-39.20532989501953,"[-3.6709416, -7.9911776, -10.845034, -5.541151, -2.128912, -7.268461, -1.7596554]"
the opponent sold you the iron .,a mother drew a crystal for us .,DO,PD,SELL,DRAW,THE,A,to,for,-40.84882354736328,"[-3.5951774, -6.6008635, -8.515731, -1.1296941, -8.782071, -4.5820036, -6.1883497, -1.454936]"
the opponent sold you the iron .,a mother drew us a crystal .,DO,DO,SELL,DRAW,THE,A,to,for,-39.301185607910156,"[-3.5951774, -6.6008635, -8.515731, -7.3617697, -1.5835186, -8.975689, -2.668434]"
the opponent sold you the iron .,a parent supplied a cheese to him .,DO,PD,SELL,SUPPLY,THE,A,to,to,-43.688804626464844,"[-3.5951774, -8.06038, -10.215617, -2.1392508, -10.067748, -1.8901901, -6.4349813, -1.2854608]"
the opponent sold you the iron .,a parent supplied him a cheese .,DO,DO,SELL,SUPPLY,THE,A,to,to,-41.40459060668945,"[-3.5951774, -8.06038, -10.215617, -5.3360596, -2.8769848, -8.8634205, -2.4569497]"
the opponent supplied him the bell .,a nurse saved a salad for you .,DO,PD,SUPPLY,SAVE,THE,A,to,for,-45.117332458496094,"[-3.6723177, -7.9172487, -8.500024, -1.7941015, -12.225854, -2.5174918, -7.3435535, -1.1467422]"
the opponent supplied him the bell .,a nurse saved you a salad .,DO,DO,SUPPLY,SAVE,THE,A,to,for,-43.01963806152344,"[-3.6723177, -7.9172487, -8.500024, -8.203832, -3.143121, -9.9777565, -1.6053417]"
the opponent supplied the bell to him .,a nurse saved a salad for you .,PD,PD,SUPPLY,SAVE,THE,A,to,for,-44.76229476928711,"[-3.646696, -7.78322, -8.65135, -1.465102, -12.218798, -2.3997219, -7.3836966, -1.2137122]"
the opponent supplied the bell to him .,a nurse saved you a salad .,PD,DO,SUPPLY,SAVE,THE,A,to,for,-43.95866394042969,"[-3.646696, -7.78322, -8.65135, -8.564422, -3.2250037, -10.194764, -1.8932054]"
the opponent supplied the bell to us .,a president promised a tea to it .,PD,PD,SUPPLY,PROMISE,THE,A,to,to,-48.08080291748047,"[-3.646224, -9.314019, -7.1337442, -2.787374, -10.203976, -4.3844233, -8.6994915, -1.9115486]"
the opponent supplied the bell to us .,a president promised it a tea .,PD,DO,SUPPLY,PROMISE,THE,A,to,to,-44.640167236328125,"[-3.646224, -9.314019, -7.1337442, -5.5351186, -6.0395555, -9.559033, -3.4124742]"
the opponent supplied the bell to you .,a son sent a camera to us .,PD,PD,SUPPLY,SEND,THE,A,to,to,-38.179786682128906,"[-3.6322248, -8.69092, -7.57922, -1.8454653, -8.005466, -0.6515293, -4.8617563, -2.9132075]"
the opponent supplied the bell to you .,a son sent us a camera .,PD,DO,SUPPLY,SEND,THE,A,to,to,-37.66347885131836,"[-3.6322248, -8.69092, -7.57922, -4.6457953, -1.186238, -8.523768, -3.4053142]"
the opponent supplied the cheese to you .,a father made a bell for me .,PD,PD,SUPPLY,MAKE,THE,A,to,for,-37.347808837890625,"[-3.6617024, -7.0873246, -6.2726917, -1.1932124, -11.09915, -1.9158084, -4.5089946, -1.608923]"
the opponent supplied the cheese to you .,a father made me a bell .,PD,DO,SUPPLY,MAKE,THE,A,to,for,-37.65618133544922,"[-3.6617024, -7.0873246, -6.2726917, -5.995611, -2.1265132, -11.08036, -1.431978]"
the opponent supplied us the bell .,a president promised a tea to it .,DO,PD,SUPPLY,PROMISE,THE,A,to,to,-46.94463348388672,"[-3.6852756, -9.231888, -7.175491, -2.8711734, -9.959621, -4.4102426, -8.35939, -1.2515486]"
the opponent supplied us the bell .,a president promised it a tea .,DO,DO,SUPPLY,PROMISE,THE,A,to,to,-42.33877182006836,"[-3.6852756, -9.231888, -7.175491, -5.243671, -5.8371854, -9.177146, -1.9881134]"
the opponent supplied you the bell .,a son sent a camera to us .,DO,PD,SUPPLY,SEND,THE,A,to,to,-39.11174392700195,"[-3.6627913, -8.779442, -7.763073, -1.9623346, -8.352634, -0.8376709, -5.8450317, -1.9087651]"
the opponent supplied you the bell .,a son sent us a camera .,DO,DO,SUPPLY,SEND,THE,A,to,to,-36.247657775878906,"[-3.6627913, -8.779442, -7.763073, -4.2860737, -1.2402029, -8.5070095, -2.009064]"
the opponent supplied you the cheese .,a father made a bell for me .,DO,PD,SUPPLY,MAKE,THE,A,to,for,-37.90144348144531,"[-3.6815689, -7.157823, -6.137633, -1.2086724, -11.192039, -2.193567, -5.030155, -1.2999833]"
the opponent supplied you the cheese .,a father made me a bell .,DO,DO,SUPPLY,MAKE,THE,A,to,for,-35.88618469238281,"[-3.6815689, -7.157823, -6.137633, -5.106264, -1.8681722, -10.83701, -1.0977142]"
the opponent threw her the meal .,a kid sent a box to us .,DO,PD,THROW,SEND,THE,A,to,to,-41.467864990234375,"[-3.6944144, -8.4723015, -9.60771, -2.3824162, -7.1005883, -2.888331, -5.719131, -1.6029738]"
the opponent threw her the meal .,a kid sent us a box .,DO,DO,THROW,SEND,THE,A,to,to,-37.09770202636719,"[-3.6944144, -8.4723015, -9.60771, -4.500405, -1.3105912, -5.983702, -3.5285773]"
the opponent threw him the machine .,an aunt showed a tea to me .,DO,PD,THROW,SHOW,THE,A,to,to,-45.127410888671875,"[-5.729948, -8.467785, -7.5988607, -3.3005433, -11.210063, -4.1348433, -3.4446433, -1.2407256]"
the opponent threw him the machine .,an aunt showed me a tea .,DO,DO,THROW,SHOW,THE,A,to,to,-37.817291259765625,"[-5.729948, -8.467785, -7.5988607, -1.0015779, -1.5707194, -9.200375, -4.2480288]"
the opponent threw it the camera .,a buddy found a jacket for us .,DO,PD,THROW,FIND,THE,A,to,for,-41.45222091674805,"[-3.650292, -9.812607, -6.7359753, -1.5746313, -8.584128, -4.3258753, -5.278473, -1.4902385]"
the opponent threw it the camera .,a buddy found us a jacket .,DO,DO,THROW,FIND,THE,A,to,for,-39.9596061706543,"[-3.650292, -9.812607, -6.7359753, -6.134402, -2.9552507, -9.093264, -1.5778164]"
the opponent threw it the camera .,a priest found a coffee for me .,DO,PD,THROW,FIND,THE,A,to,for,-42.271732330322266,"[-3.650292, -8.099271, -6.4367676, -1.6591729, -8.869985, -6.592016, -5.2480845, -1.7161412]"
the opponent threw it the camera .,a priest found me a coffee .,DO,DO,THROW,FIND,THE,A,to,for,-36.752410888671875,"[-3.650292, -8.099271, -6.4367676, -7.504595, -2.3652549, -5.8285794, -2.8676498]"
the opponent threw it the meal .,an employee delivered a beer for us .,DO,PD,THROW,DELIVER,THE,A,to,for,-37.293601989746094,"[-5.7047596, -4.437341, -8.8098135, -1.1937501, -6.5993304, -3.9155958, -5.2877812, -1.3452312]"
the opponent threw it the meal .,an employee delivered us a beer .,DO,DO,THROW,DELIVER,THE,A,to,for,-33.714019775390625,"[-5.7047596, -4.437341, -8.8098135, -6.6763544, -1.1773074, -5.505126, -1.4033161]"
the opponent threw it the pie .,a president sent an instrument to me .,DO,PD,THROW,SEND,THE,A,to,to,-42.86323165893555,"[-3.6866071, -9.051431, -7.6623034, -3.2000532, -10.883504, -1.2503129, -5.256447, -1.8725736]"
the opponent threw it the pie .,a president sent me an instrument .,DO,DO,THROW,SEND,THE,A,to,to,-40.87838363647461,"[-3.6866071, -9.051431, -7.6623034, -4.4434834, -2.459009, -10.903324, -2.672226]"
the opponent threw me the candy .,a worker supplied a salad to you .,DO,PD,THROW,SUPPLY,THE,A,to,to,-43.215003967285156,"[-3.7560794, -6.5821295, -11.510974, -3.0305645, -7.885995, -1.1229832, -8.108253, -1.218024]"
the opponent threw me the candy .,a worker supplied you a salad .,DO,DO,THROW,SUPPLY,THE,A,to,to,-41.80271911621094,"[-3.7560794, -6.5821295, -11.510974, -6.849062, -5.028455, -6.5962462, -1.4797744]"
the opponent threw me the candy .,a bishop delivered a salad for her .,DO,PD,THROW,DELIVER,THE,A,to,for,-44.9921875,"[-3.7560794, -9.260682, -7.5128164, -0.9122669, -13.802602, -2.5235963, -3.6323967, -3.5917473]"
the opponent threw me the candy .,a bishop delivered her a salad .,DO,DO,THROW,DELIVER,THE,A,to,for,-38.129783630371094,"[-3.7560794, -9.260682, -7.5128164, -4.93645, -2.1411827, -9.369036, -1.1535372]"
the opponent threw the camera to it .,a buddy found a jacket for us .,PD,PD,THROW,FIND,THE,A,to,for,-41.7999382019043,"[-3.6279976, -9.932871, -6.475516, -1.3731434, -8.566624, -4.514088, -5.905141, -1.4045589]"
the opponent threw the camera to it .,a buddy found us a jacket .,PD,DO,THROW,FIND,THE,A,to,for,-42.19085693359375,"[-3.6279976, -9.932871, -6.475516, -6.863845, -3.5261426, -9.95861, -1.805876]"
the opponent threw the camera to it .,a priest found a coffee for me .,PD,PD,THROW,FIND,THE,A,to,for,-44.12248229980469,"[-3.6279976, -8.031619, -6.5473537, -1.7038271, -9.201553, -6.6580544, -6.371297, -1.9807816]"
the opponent threw the camera to it .,a priest found me a coffee .,PD,DO,THROW,FIND,THE,A,to,for,-38.523380279541016,"[-3.6279976, -8.031619, -6.5473537, -7.9883137, -3.2079782, -6.033092, -3.0870261]"
the opponent threw the candy to me .,a worker supplied a salad to you .,PD,PD,THROW,SUPPLY,THE,A,to,to,-41.892860412597656,"[-3.6871464, -6.655261, -11.452669, -2.7525291, -7.8522377, -0.4934898, -7.754679, -1.2448483]"
the opponent threw the candy to me .,a worker supplied you a salad .,PD,DO,THROW,SUPPLY,THE,A,to,to,-44.01085662841797,"[-3.6871464, -6.655261, -11.452669, -7.3094635, -5.676786, -7.068937, -2.1605926]"
the opponent threw the candy to me .,a bishop delivered a salad for her .,PD,PD,THROW,DELIVER,THE,A,to,for,-45.228973388671875,"[-3.6871464, -9.312363, -7.738212, -0.77210367, -13.21766, -2.8125, -3.7021205, -3.98687]"
the opponent threw the candy to me .,a bishop delivered her a salad .,PD,DO,THROW,DELIVER,THE,A,to,for,-40.35454559326172,"[-3.6871464, -9.312363, -7.738212, -5.4152646, -2.652042, -9.890217, -1.6593008]"
the opponent threw the candy to you .,an attorney promised a beer to me .,PD,PD,THROW,PROMISE,THE,A,to,to,-38.682281494140625,"[-5.725492, -5.3117127, -10.400066, -2.3106718, -8.882794, -0.7408586, -3.9120574, -1.3986293]"
the opponent threw the candy to you .,an attorney promised me a beer .,PD,DO,THROW,PROMISE,THE,A,to,to,-37.4366455078125,"[-5.725492, -5.3117127, -10.400066, -4.9494295, -1.6925842, -7.26624, -2.09112]"
the opponent threw the machine to him .,an aunt showed a tea to me .,PD,PD,THROW,SHOW,THE,A,to,to,-44.02743148803711,"[-5.7332354, -8.591557, -7.8510456, -2.7731814, -11.2876835, -3.1988382, -3.599328, -0.9925623]"
the opponent threw the machine to him .,an aunt showed me a tea .,PD,DO,THROW,SHOW,THE,A,to,to,-38.34056091308594,"[-5.7332354, -8.591557, -7.8510456, -1.2332121, -1.3339963, -9.349706, -4.24781]"
the opponent threw the machine to us .,a buddy purchased a coat for him .,PD,PD,THROW,PURCHASE,THE,A,to,for,-40.83652114868164,"[-3.6320121, -9.893402, -8.80483, -1.020694, -9.361961, -2.227665, -4.117892, -1.7780658]"
the opponent threw the machine to us .,a buddy purchased him a coat .,PD,DO,THROW,PURCHASE,THE,A,to,for,-38.31950378417969,"[-3.6320121, -9.893402, -8.80483, -5.16162, -0.77727264, -8.208554, -1.8418156]"
the opponent threw the machine to us .,a singer took a hat to me .,PD,PD,THROW,TAKE,THE,A,to,to,-36.40925979614258,"[-3.6320121, -9.970201, -6.101172, -1.7778966, -7.261865, -3.298366, -2.748751, -1.6189969]"
the opponent threw the machine to us .,a singer took me a hat .,PD,DO,THROW,TAKE,THE,A,to,to,-41.9127082824707,"[-3.6320121, -9.970201, -6.101172, -5.5234566, -5.3826776, -8.66965, -2.6335397]"
the opponent threw the meal to her .,a kid sent a box to us .,PD,PD,THROW,SEND,THE,A,to,to,-41.02630615234375,"[-3.6608872, -8.55357, -9.455563, -2.1209548, -7.5962796, -2.1929636, -5.7728105, -1.6732763]"
the opponent threw the meal to her .,a kid sent us a box .,PD,DO,THROW,SEND,THE,A,to,to,-37.72551727294922,"[-3.6608872, -8.55357, -9.455563, -4.8656826, -1.1075482, -6.220161, -3.862102]"
the opponent threw the meal to it .,an employee delivered a beer for us .,PD,PD,THROW,DELIVER,THE,A,to,for,-39.3702507019043,"[-5.69732, -4.284769, -9.196645, -1.1882198, -6.6934814, -4.171969, -6.5413876, -1.5964576]"
the opponent threw the meal to it .,an employee delivered us a beer .,PD,DO,THROW,DELIVER,THE,A,to,for,-35.70320129394531,"[-5.69732, -4.284769, -9.196645, -7.616275, -1.2736623, -5.5377235, -2.0968041]"
the opponent threw the meal to them .,a prince brought a motor to us .,PD,PD,THROW,BRING,THE,A,to,to,-45.47694396972656,"[-3.6703, -10.650508, -6.8792105, -2.0222566, -10.032137, -4.55935, -6.6029906, -1.0601892]"
the opponent threw the meal to them .,a prince brought us a motor .,PD,DO,THROW,BRING,THE,A,to,to,-45.17348098754883,"[-3.6703, -10.650508, -6.8792105, -5.441079, -2.0504067, -10.990099, -5.491877]"
the opponent threw the pie to it .,a president sent an instrument to me .,PD,PD,THROW,SEND,THE,A,to,to,-44.480255126953125,"[-3.6836407, -9.068521, -7.606722, -3.092033, -11.584938, -0.7675508, -6.4657373, -2.211115]"
the opponent threw the pie to it .,a president sent me an instrument .,PD,DO,THROW,SEND,THE,A,to,to,-42.1929931640625,"[-3.6836407, -9.068521, -7.606722, -5.2272096, -2.440759, -10.995705, -3.1704383]"
the opponent threw them the meal .,a prince brought a motor to us .,DO,PD,THROW,BRING,THE,A,to,to,-45.70009994506836,"[-3.693735, -10.463983, -6.7644153, -2.0996149, -10.157021, -5.152952, -6.3174906, -1.0508895]"
the opponent threw them the meal .,a prince brought us a motor .,DO,DO,THROW,BRING,THE,A,to,to,-43.786460876464844,"[-3.693735, -10.463983, -6.7644153, -5.035117, -2.1031585, -11.002094, -4.723958]"
the opponent threw us the machine .,a buddy purchased a coat for him .,DO,PD,THROW,PURCHASE,THE,A,to,for,-41.28913116455078,"[-3.6840546, -9.662579, -8.870026, -1.3173519, -9.257016, -2.3607793, -4.163602, -1.9737203]"
the opponent threw us the machine .,a buddy purchased him a coat .,DO,DO,THROW,PURCHASE,THE,A,to,for,-37.96260070800781,"[-3.6840546, -9.662579, -8.870026, -4.860934, -0.83647054, -8.32652, -1.7220162]"
the opponent threw us the machine .,a singer took a hat to me .,DO,PD,THROW,TAKE,THE,A,to,to,-38.386024475097656,"[-3.6840546, -9.790417, -6.0792894, -1.9608874, -7.327651, -4.2250376, -3.6298828, -1.688805]"
the opponent threw us the machine .,a singer took me a hat .,DO,DO,THROW,TAKE,THE,A,to,to,-39.965057373046875,"[-3.6840546, -9.790417, -6.0792894, -4.27381, -5.536884, -8.487849, -2.1127534]"
the opponent threw you the candy .,an attorney promised a beer to me .,DO,PD,THROW,PROMISE,THE,A,to,to,-39.76305389404297,"[-5.7330017, -5.29233, -10.195481, -2.3770368, -8.976121, -1.8895719, -3.9206586, -1.3788521]"
the opponent threw you the candy .,an attorney promised me a beer .,DO,DO,THROW,PROMISE,THE,A,to,to,-34.553497314453125,"[-5.7330017, -5.29233, -10.195481, -3.2774837, -1.7390239, -6.7506733, -1.5655009]"
the opponent took her the log .,a corporation designed a gun for you .,DO,PD,TAKE,DESIGN,THE,A,to,for,-44.781455993652344,"[-3.5988598, -10.922956, -8.77121, -5.890245, -7.777442, -1.5011554, -5.500207, -0.81938106]"
the opponent took her the log .,a corporation designed you a gun .,DO,DO,TAKE,DESIGN,THE,A,to,for,-44.35930633544922,"[-3.5988598, -10.922956, -8.77121, -9.551842, -3.1251228, -7.61973, -0.7695845]"
the opponent took him the box .,a winner made an anchor for you .,DO,PD,TAKE,MAKE,THE,A,to,for,-46.2247200012207,"[-3.6091766, -9.786423, -7.107001, -4.930054, -10.481493, -2.073798, -7.009843, -1.226931]"
the opponent took him the box .,a winner made you an anchor .,DO,DO,TAKE,MAKE,THE,A,to,for,-41.3985481262207,"[-3.6091766, -9.786423, -7.107001, -6.4810233, -4.007565, -8.901159, -1.5061998]"
the opponent took him the computer .,an aunt fed a meal to us .,DO,PD,TAKE,FEED,THE,A,to,to,-43.97499084472656,"[-5.6444345, -8.5580845, -10.576355, -1.7817525, -8.052991, -0.301945, -7.4147577, -1.644672]"
the opponent took him the computer .,an aunt fed us a meal .,DO,DO,TAKE,FEED,THE,A,to,to,-38.3974609375,"[-5.6444345, -8.5580845, -10.576355, -5.548938, -1.3396112, -5.2425613, -1.487479]"
the opponent took him the computer .,an employee caught an iron for us .,DO,PD,TAKE,CATCH,THE,A,to,for,-47.64826583862305,"[-5.6444345, -4.255549, -8.762354, -5.6121526, -7.387343, -7.401682, -7.4623637, -1.1223862]"
the opponent took him the computer .,an employee caught us an iron .,DO,DO,TAKE,CATCH,THE,A,to,for,-43.56948471069336,"[-5.6444345, -4.255549, -8.762354, -7.9330325, -4.1551714, -8.951584, -3.86736]"
the opponent took it the box .,a champion found a beer for her .,DO,PD,TAKE,FIND,THE,A,to,for,-41.8307991027832,"[-3.5841408, -9.096775, -9.160328, -2.0051146, -9.240633, -3.8142247, -2.5886536, -2.3409293]"
the opponent took it the box .,a champion found her a beer .,DO,DO,TAKE,FIND,THE,A,to,for,-41.496273040771484,"[-3.5841408, -9.096775, -9.160328, -3.8368807, -6.0080376, -8.116356, -1.6937563]"
the opponent took me the box .,a physician got a meal for them .,DO,PD,TAKE,GET,THE,A,to,for,-44.31779479980469,"[-3.609152, -8.870344, -8.656551, -1.4413412, -10.641113, -2.2934344, -7.6822076, -1.1236515]"
the opponent took me the box .,a physician got them a meal .,DO,DO,TAKE,GET,THE,A,to,for,-39.50353240966797,"[-3.609152, -8.870344, -8.656551, -7.5511646, -1.6631908, -7.9621806, -1.1909463]"
the opponent took me the box .,a nurse saved a salad for you .,DO,PD,TAKE,SAVE,THE,A,to,for,-44.05598449707031,"[-3.609152, -7.6615906, -8.8678875, -1.5840735, -12.459568, -2.2036343, -6.569455, -1.1006207]"
the opponent took me the box .,a nurse saved you a salad .,DO,DO,TAKE,SAVE,THE,A,to,for,-40.52396774291992,"[-3.609152, -7.6615906, -8.8678875, -7.4980206, -2.2497487, -9.288341, -1.349225]"
the opponent took me the motor .,a president kept a chocolate for you .,DO,PD,TAKE,KEEP,THE,A,to,for,-51.013275146484375,"[-3.607408, -8.936138, -9.566413, -3.2230415, -10.898009, -6.965775, -6.5524874, -1.2640036]"
the opponent took me the motor .,a president kept you a chocolate .,DO,DO,TAKE,KEEP,THE,A,to,for,-47.871917724609375,"[-3.607408, -8.936138, -9.566413, -6.465249, -5.347196, -10.093332, -3.8561823]"
the opponent took the box to him .,a winner made an anchor for you .,PD,PD,TAKE,MAKE,THE,A,to,for,-46.7148551940918,"[-3.5482354, -9.940856, -6.9745245, -4.572657, -10.782965, -1.7783116, -7.99603, -1.1212759]"
the opponent took the box to him .,a winner made you an anchor .,PD,DO,TAKE,MAKE,THE,A,to,for,-42.423377990722656,"[-3.5482354, -9.940856, -6.9745245, -7.4617057, -4.0617933, -8.643929, -1.7923309]"
the opponent took the box to it .,a champion found a beer for her .,PD,PD,TAKE,FIND,THE,A,to,for,-41.16770935058594,"[-3.5475261, -9.355818, -9.385268, -2.1095927, -8.578747, -3.9757376, -2.33474, -1.8802778]"
the opponent took the box to it .,a champion found her a beer .,PD,DO,TAKE,FIND,THE,A,to,for,-42.960975646972656,"[-3.5475261, -9.355818, -9.385268, -4.6839676, -5.799673, -7.8532934, -2.3354301]"
the opponent took the box to me .,a physician got a meal for them .,PD,PD,TAKE,GET,THE,A,to,for,-44.098785400390625,"[-3.5422492, -9.108838, -8.874739, -1.0388763, -10.926431, -2.0554924, -7.5647426, -0.9874196]"
the opponent took the box to me .,a physician got them a meal .,PD,DO,TAKE,GET,THE,A,to,for,-41.337440490722656,"[-3.5422492, -9.108838, -8.874739, -8.034737, -2.2797322, -8.053959, -1.4431877]"
the opponent took the box to me .,a nurse saved a salad for you .,PD,PD,TAKE,SAVE,THE,A,to,for,-44.43753433227539,"[-3.5422492, -7.806506, -9.001717, -0.9375776, -12.941529, -2.5027044, -6.8402505, -0.86500216]"
the opponent took the box to me .,a nurse saved you a salad .,PD,DO,TAKE,SAVE,THE,A,to,for,-44.28234100341797,"[-3.5422492, -7.806506, -9.001717, -8.113689, -3.5337489, -10.898479, -1.3859513]"
the opponent took the box to you .,a guy found a beer for me .,PD,PD,TAKE,FIND,THE,A,to,for,-32.85947799682617,"[-3.5397198, -7.2652006, -6.4038105, -0.5686523, -6.463216, -4.602268, -2.7221255, -1.2944874]"
the opponent took the box to you .,a guy found me a beer .,PD,DO,TAKE,FIND,THE,A,to,for,-31.87220001220703,"[-3.5397198, -7.2652006, -6.4038105, -6.57236, -1.6588478, -4.810555, -1.6217055]"
the opponent took the computer to him .,an aunt fed a meal to us .,PD,PD,TAKE,FEED,THE,A,to,to,-45.12848663330078,"[-5.6737027, -8.919945, -10.587252, -1.4134873, -8.973708, -0.2510518, -7.795329, -1.51401]"
the opponent took the computer to him .,an aunt fed us a meal .,PD,DO,TAKE,FEED,THE,A,to,to,-39.21294403076172,"[-5.6737027, -8.919945, -10.587252, -5.9792824, -1.192098, -5.1378894, -1.7227734]"
the opponent took the computer to him .,an employee caught an iron for us .,PD,PD,TAKE,CATCH,THE,A,to,for,-49.416378021240234,"[-5.6737027, -4.281727, -8.785875, -5.778517, -7.782517, -7.5234785, -8.482239, -1.1083214]"
the opponent took the computer to him .,an employee caught us an iron .,PD,DO,TAKE,CATCH,THE,A,to,for,-48.585540771484375,"[-5.6737027, -4.281727, -8.785875, -8.814455, -7.1018057, -9.2081585, -4.719818]"
the opponent took the computer to us .,a lady brought a pie to him .,PD,PD,TAKE,BRING,THE,A,to,to,-35.71254348754883,"[-3.536105, -8.313168, -7.070054, -1.5157666, -7.838679, -0.7604203, -5.9361725, -0.74218]"
the opponent took the computer to us .,a lady brought him a pie .,PD,DO,TAKE,BRING,THE,A,to,to,-33.30914306640625,"[-3.536105, -8.313168, -7.070054, -5.6426854, -0.98370385, -6.8374977, -0.925927]"
the opponent took the engine to us .,a guy caught a jacket for her .,PD,PD,TAKE,CATCH,THE,A,to,for,-43.24760055541992,"[-3.5391839, -7.257935, -6.7286224, -3.8808007, -10.758277, -4.2012353, -5.623819, -1.2577275]"
the opponent took the engine to us .,a guy caught her a jacket .,PD,DO,TAKE,CATCH,THE,A,to,for,-42.01677322387695,"[-3.5391839, -7.257935, -6.7286224, -7.4680047, -5.5702467, -9.830394, -1.6223867]"
the opponent took the log to her .,a corporation designed a gun for you .,PD,PD,TAKE,DESIGN,THE,A,to,for,-44.8218994140625,"[-3.5662243, -11.19359, -8.440273, -5.757732, -7.533923, -1.4506848, -5.9668655, -0.9126077]"
the opponent took the log to her .,a corporation designed you a gun .,PD,DO,TAKE,DESIGN,THE,A,to,for,-45.69388961791992,"[-3.5662243, -11.19359, -8.440273, -10.172984, -3.7550716, -7.5996265, -0.9661184]"
the opponent took the motor to me .,a president kept a chocolate for you .,PD,PD,TAKE,KEEP,THE,A,to,for,-51.15529251098633,"[-3.5623355, -8.872853, -9.878371, -2.8931408, -11.546318, -6.7805643, -6.4914174, -1.1302948]"
the opponent took the motor to me .,a president kept you a chocolate .,PD,DO,TAKE,KEEP,THE,A,to,for,-49.536582946777344,"[-3.5623355, -8.872853, -9.878371, -6.6435833, -5.6173434, -11.001016, -3.961082]"
the opponent took us the computer .,a lady brought a pie to him .,DO,PD,TAKE,BRING,THE,A,to,to,-36.546142578125,"[-3.562946, -8.176575, -7.0054846, -2.0953102, -7.9174433, -0.979423, -5.949594, -0.85936356]"
the opponent took us the computer .,a lady brought him a pie .,DO,DO,TAKE,BRING,THE,A,to,to,-32.86186981201172,"[-3.562946, -8.176575, -7.0054846, -5.6890526, -0.7548717, -6.972, -0.70094067]"
the opponent took us the engine .,a guy caught a jacket for her .,DO,PD,TAKE,CATCH,THE,A,to,for,-42.81912612915039,"[-3.5646694, -7.1604357, -6.5858665, -3.921123, -10.634959, -4.16018, -5.444953, -1.3469399]"
the opponent took us the engine .,a guy caught her a jacket .,DO,DO,TAKE,CATCH,THE,A,to,for,-39.96628952026367,"[-3.5646694, -7.1604357, -6.5858665, -7.352634, -5.617035, -8.361765, -1.323883]"
the opponent took you the box .,a guy found a beer for me .,DO,PD,TAKE,FIND,THE,A,to,for,-32.26457214355469,"[-3.5656614, -7.126623, -6.115012, -0.6513692, -6.593605, -4.548977, -2.3926356, -1.2706895]"
the opponent took you the box .,a guy found me a beer .,DO,DO,TAKE,FIND,THE,A,to,for,-29.226898193359375,"[-3.5656614, -7.126623, -6.115012, -4.8985033, -1.2624681, -4.904209, -1.3544204]"
the parent bought him the flower .,a bishop caught a wire for them .,DO,PD,BUY,CATCH,THE,A,for,for,-48.01581954956055,"[-3.629056, -9.413677, -7.1114902, -4.1292706, -10.243219, -3.8536801, -8.74782, -0.8876063]"
the parent bought him the flower .,a bishop caught them a wire .,DO,DO,BUY,CATCH,THE,A,for,for,-44.70271682739258,"[-3.629056, -9.413677, -7.1114902, -7.1543474, -6.2029705, -10.259312, -0.9318633]"
the parent bought him the salad .,a guest gave a candy to it .,DO,PD,BUY,GIVE,THE,A,for,to,-46.134910583496094,"[-3.6474829, -7.7320504, -10.71717, -2.894869, -11.473401, -1.7372975, -7.334676, -0.5979632]"
the parent bought him the salad .,a guest gave it a candy .,DO,DO,BUY,GIVE,THE,A,for,to,-43.29792404174805,"[-3.6474829, -7.7320504, -10.71717, -4.8418465, -1.841177, -11.647653, -2.8705451]"
the parent bought it the engine .,a father sold a chicken to us .,DO,PD,BUY,SELL,THE,A,for,to,-34.054786682128906,"[-3.5819747, -6.5429306, -7.3887835, -2.1058943, -6.01935, -1.1179476, -5.7209425, -1.5769638]"
the parent bought it the engine .,a father sold us a chicken .,DO,DO,BUY,SELL,THE,A,for,to,-33.60901641845703,"[-3.5819747, -6.5429306, -7.3887835, -6.475919, -1.2686292, -6.791524, -1.5592544]"
the parent bought it the flower .,a husband delivered a juice for us .,DO,PD,BUY,DELIVER,THE,A,for,for,-46.24789810180664,"[-3.592047, -8.213107, -10.327129, -1.0601702, -12.5414095, -3.375796, -5.8767347, -1.2615043]"
the parent bought it the flower .,a husband delivered us a juice .,DO,DO,BUY,DELIVER,THE,A,for,for,-41.33460998535156,"[-3.592047, -8.213107, -10.327129, -6.4779987, -1.1577169, -9.704456, -1.8621526]"
the parent bought the engine for it .,a father sold a chicken to us .,PD,PD,BUY,SELL,THE,A,for,to,-34.594356536865234,"[-3.5614576, -6.6662474, -7.170269, -2.0695992, -6.2029734, -1.4100536, -5.8232837, -1.6904719]"
the parent bought the engine for it .,a father sold us a chicken .,PD,DO,BUY,SELL,THE,A,for,to,-35.12995147705078,"[-3.5614576, -6.6662474, -7.170269, -7.368149, -1.3341545, -6.7550063, -2.2746692]"
the parent bought the engine for them .,a prince brought a motor to us .,PD,PD,BUY,BRING,THE,A,for,to,-41.92010498046875,"[-3.5503304, -10.745409, -6.802863, -1.9627801, -8.471894, -4.188641, -4.984648, -1.2135367]"
the parent bought the engine for them .,a prince brought us a motor .,PD,DO,BUY,BRING,THE,A,for,to,-41.62065505981445,"[-3.5503304, -10.745409, -6.802863, -4.421981, -2.1733222, -9.309809, -4.6169424]"
the parent bought the engine for us .,a business designed a crystal for me .,PD,PD,BUY,DESIGN,THE,A,for,for,-43.70887756347656,"[-3.5530777, -7.9310927, -7.8938713, -7.343134, -10.560479, -2.8277228, -2.8506863, -0.7488155]"
the parent bought the engine for us .,a business designed me a crystal .,PD,DO,BUY,DESIGN,THE,A,for,for,-46.751686096191406,"[-3.5530777, -7.9310927, -7.8938713, -11.232838, -2.7960563, -10.595031, -2.749722]"
the parent bought the flower for him .,a bishop caught a wire for them .,PD,PD,BUY,CATCH,THE,A,for,for,-45.816558837890625,"[-3.5759776, -9.52149, -7.2002215, -3.8627825, -10.046191, -3.2694657, -7.431643, -0.90879005]"
the parent bought the flower for him .,a bishop caught them a wire .,PD,DO,BUY,CATCH,THE,A,for,for,-46.41407012939453,"[-3.5759776, -9.52149, -7.2002215, -7.3308907, -6.459197, -10.706672, -1.6196195]"
the parent bought the flower for it .,a husband delivered a juice for us .,PD,PD,BUY,DELIVER,THE,A,for,for,-44.150474548339844,"[-3.5700576, -8.314436, -10.349001, -0.92892456, -11.797573, -2.2769718, -5.83958, -1.0739307]"
the parent bought the flower for it .,a husband delivered us a juice .,PD,DO,BUY,DELIVER,THE,A,for,for,-42.969329833984375,"[-3.5700576, -8.314436, -10.349001, -7.427006, -1.0745969, -9.452896, -2.781338]"
the parent bought the flower for them .,a bishop fed a chocolate to you .,PD,PD,BUY,FEED,THE,A,for,to,-48.08197021484375,"[-3.5684752, -9.576464, -11.058896, -1.6258919, -7.613697, -5.5109873, -8.332399, -0.7951589]"
the parent bought the flower for them .,a bishop fed you a chocolate .,PD,DO,BUY,FEED,THE,A,for,to,-42.08321762084961,"[-3.5684752, -9.576464, -11.058896, -6.9693966, -1.6534125, -4.493675, -4.7628984]"
the parent bought the meal for them .,a winner gave a candy to me .,PD,PD,BUY,GIVE,THE,A,for,to,-39.79643249511719,"[-3.57815, -10.069561, -8.124189, -2.7654805, -8.766487, -0.97827697, -4.6574664, -0.8568196]"
the parent bought the meal for them .,a winner gave me a candy .,PD,DO,BUY,GIVE,THE,A,for,to,-36.853797912597656,"[-3.57815, -10.069561, -8.124189, -3.6241117, -1.1306801, -7.9116244, -2.4154801]"
the parent bought the meal for them .,a boy made a machine for us .,PD,PD,BUY,MAKE,THE,A,for,for,-38.57117462158203,"[-3.57815, -6.8137016, -7.2396936, -1.4030231, -10.077687, -1.9815085, -6.39627, -1.0811398]"
the parent bought the meal for them .,a boy made us a machine .,PD,DO,BUY,MAKE,THE,A,for,for,-41.19824981689453,"[-3.57815, -6.8137016, -7.2396936, -7.5327363, -4.8990345, -10.0114, -1.1235344]"
the parent bought the meal for you .,a daughter saved a coffee for me .,PD,PD,BUY,SAVE,THE,A,for,for,-39.12220001220703,"[-3.5583851, -8.737972, -9.05772, -2.101427, -10.182754, -1.9636924, -2.800129, -0.720118]"
the parent bought the meal for you .,a daughter saved me a coffee .,PD,DO,BUY,SAVE,THE,A,for,for,-37.174781799316406,"[-3.5583851, -8.737972, -9.05772, -4.8658304, -2.7151108, -7.0462527, -1.1935114]"
the parent bought the salad for him .,a guest gave a candy to it .,PD,PD,BUY,GIVE,THE,A,for,to,-44.25361633300781,"[-3.6223583, -7.698001, -10.086634, -2.1130311, -11.268391, -1.4414564, -7.405648, -0.6180985]"
the parent bought the salad for him .,a guest gave it a candy .,PD,DO,BUY,GIVE,THE,A,for,to,-42.47806167602539,"[-3.6223583, -7.698001, -10.086634, -4.8243876, -1.6099935, -11.12533, -3.5113592]"
the parent bought the salad for you .,an opponent drew a card for them .,PD,PD,BUY,DRAW,THE,A,for,for,-38.05202102661133,"[-5.699032, -8.18127, -8.1965685, -0.8298344, -2.1717627, -2.448388, -9.880259, -0.6449079]"
the parent bought the salad for you .,an opponent drew them a card .,PD,DO,BUY,DRAW,THE,A,for,for,-33.6021842956543,"[-5.699032, -8.18127, -8.1965685, -6.7843347, -2.2578883, -1.4194926, -1.0635983]"
the parent bought them the engine .,a prince brought a motor to us .,DO,PD,BUY,BRING,THE,A,for,to,-43.338218688964844,"[-3.6137059, -10.619228, -6.7486916, -2.346101, -8.437104, -4.734097, -5.6341834, -1.2051095]"
the parent bought them the engine .,a prince brought us a motor .,DO,DO,BUY,BRING,THE,A,for,to,-40.123390197753906,"[-3.6137059, -10.619228, -6.7486916, -4.0984297, -2.6301956, -8.532314, -3.8808258]"
the parent bought them the flower .,a bishop fed a chocolate to you .,DO,PD,BUY,FEED,THE,A,for,to,-49.57093811035156,"[-3.6302676, -9.392028, -10.837223, -2.0040987, -8.204222, -5.7240124, -8.772638, -1.0064511]"
the parent bought them the flower .,a bishop fed you a chocolate .,DO,DO,BUY,FEED,THE,A,for,to,-40.527008056640625,"[-3.6302676, -9.392028, -10.837223, -6.8331738, -1.7920338, -4.532831, -3.509449]"
the parent bought them the meal .,a winner gave a candy to me .,DO,PD,BUY,GIVE,THE,A,for,to,-41.608333587646484,"[-3.6206527, -10.06642, -7.9330397, -3.0721676, -9.633478, -1.3232068, -5.092972, -0.8663958]"
the parent bought them the meal .,a winner gave me a candy .,DO,DO,BUY,GIVE,THE,A,for,to,-36.60966491699219,"[-3.6206527, -10.06642, -7.9330397, -3.3615048, -1.3693616, -8.566258, -1.6924309]"
the parent bought them the meal .,a boy made a machine for us .,DO,PD,BUY,MAKE,THE,A,for,for,-40.93359375,"[-3.6206527, -6.865426, -7.0837917, -1.5622741, -10.66928, -2.9390254, -6.901536, -1.2916056]"
the parent bought them the meal .,a boy made us a machine .,DO,DO,BUY,MAKE,THE,A,for,for,-40.251609802246094,"[-3.6206527, -6.865426, -7.0837917, -7.311558, -4.5539083, -9.972312, -0.84396327]"
the parent bought us the engine .,a business designed a crystal for me .,DO,PD,BUY,DESIGN,THE,A,for,for,-47.36116409301758,"[-3.579827, -7.859547, -8.0866785, -7.8311872, -11.214793, -3.5032785, -4.2579803, -1.0278723]"
the parent bought us the engine .,a business designed me a crystal .,DO,DO,BUY,DESIGN,THE,A,for,for,-48.09327697753906,"[-3.579827, -7.859547, -8.0866785, -10.973533, -3.782306, -10.721661, -3.089727]"
the parent bought you the meal .,a daughter saved a coffee for me .,DO,PD,BUY,SAVE,THE,A,for,for,-43.09236145019531,"[-3.5931962, -8.66725, -8.7418995, -2.401184, -10.736416, -4.3304133, -3.8089895, -0.81301165]"
the parent bought you the meal .,a daughter saved me a coffee .,DO,DO,BUY,SAVE,THE,A,for,for,-35.66436004638672,"[-3.5931962, -8.66725, -8.7418995, -3.5730848, -2.5517921, -7.670518, -0.8666165]"
the parent bought you the salad .,an opponent drew a card for them .,DO,PD,BUY,DRAW,THE,A,for,for,-40.05408477783203,"[-5.708276, -8.163081, -7.8918734, -0.9280953, -2.4713907, -4.101608, -10.229347, -0.56041074]"
the parent bought you the salad .,an opponent drew them a card .,DO,DO,BUY,DRAW,THE,A,for,for,-33.27055358886719,"[-5.708276, -8.163081, -7.8918734, -6.5703816, -2.4566374, -1.7169225, -0.76338315]"
the parent brought me the tea .,a guy caught a jacket for her .,DO,PD,BRING,CATCH,THE,A,to,for,-44.703895568847656,"[-3.5415711, -7.6679754, -6.558492, -4.06109, -11.38152, -4.449166, -5.2238874, -1.8201917]"
the parent brought me the tea .,a guy caught her a jacket .,DO,DO,BRING,CATCH,THE,A,to,for,-42.37445831298828,"[-3.5415711, -7.6679754, -6.558492, -7.4470973, -5.6075573, -10.037857, -1.5139074]"
the parent brought the beer to you .,a sheriff gave a juice to me .,PD,PD,BRING,GIVE,THE,A,to,to,-42.253143310546875,"[-3.483219, -8.497534, -9.097618, -0.972198, -11.798659, -0.23604415, -7.151959, -1.0159097]"
the parent brought the beer to you .,a sheriff gave me a juice .,PD,DO,BRING,GIVE,THE,A,to,to,-36.963600158691406,"[-3.483219, -8.497534, -9.097618, -4.822635, -0.56992996, -8.983185, -1.5094784]"
the parent brought the chocolate to us .,a partner kept a meal for him .,PD,PD,BRING,KEEP,THE,A,to,for,-39.062530517578125,"[-3.508905, -9.29259, -8.435259, -1.3216462, -8.655914, -1.8559098, -3.7797604, -2.2125452]"
the parent brought the chocolate to us .,a partner kept him a meal .,PD,DO,BRING,KEEP,THE,A,to,for,-40.49098205566406,"[-3.508905, -9.29259, -8.435259, -4.841497, -4.97268, -6.7345734, -2.7054753]"
the parent brought the knife to us .,a winner kept a coat for him .,PD,PD,BRING,KEEP,THE,A,to,for,-44.50798416137695,"[-3.540821, -10.746627, -8.482971, -2.7988796, -9.118295, -3.3028142, -5.2091436, -1.3084346]"
the parent brought the knife to us .,a winner kept him a coat .,PD,DO,BRING,KEEP,THE,A,to,for,-46.27490997314453,"[-3.540821, -10.746627, -8.482971, -5.8789635, -4.707347, -11.238452, -1.6797297]"
the parent brought the tea to me .,a guy caught a jacket for her .,PD,PD,BRING,CATCH,THE,A,to,for,-44.65768814086914,"[-3.5077355, -7.7484727, -6.74719, -4.0575805, -11.167295, -4.4860306, -5.44496, -1.4984239]"
the parent brought the tea to me .,a guy caught her a jacket .,PD,DO,BRING,CATCH,THE,A,to,for,-42.73411560058594,"[-3.5077355, -7.7484727, -6.74719, -7.738046, -5.591109, -9.7659, -1.6356633]"
the parent brought the tea to you .,a pilot fed a meal to it .,PD,PD,BRING,FEED,THE,A,to,to,-40.852684020996094,"[-3.4854147, -8.606348, -10.618617, -1.1434268, -4.900711, -1.5200201, -8.431879, -2.14627]"
the parent brought the tea to you .,a pilot fed it a meal .,PD,DO,BRING,FEED,THE,A,to,to,-37.2972412109375,"[-3.4854147, -8.606348, -10.618617, -6.7305117, -1.4297554, -4.5993814, -1.8272133]"
the parent brought us the chocolate .,a partner kept a meal for him .,DO,PD,BRING,KEEP,THE,A,to,for,-39.53977584838867,"[-3.536179, -9.19555, -8.175014, -2.213457, -9.216333, -2.0629253, -3.2402408, -1.900074]"
the parent brought us the chocolate .,a partner kept him a meal .,DO,DO,BRING,KEEP,THE,A,to,for,-38.96204376220703,"[-3.536179, -9.19555, -8.175014, -4.1738167, -4.962892, -6.94822, -1.9703717]"
the parent brought us the knife .,a winner kept a coat for him .,DO,PD,BRING,KEEP,THE,A,to,for,-44.39354705810547,"[-3.546862, -10.609326, -8.456953, -3.1484652, -8.907156, -3.2644057, -5.1111765, -1.3492011]"
the parent brought us the knife .,a winner kept him a coat .,DO,DO,BRING,KEEP,THE,A,to,for,-43.41180419921875,"[-3.546862, -10.609326, -8.456953, -5.435525, -4.494408, -9.477903, -1.390823]"
the parent brought you the beer .,a sheriff gave a juice to me .,DO,PD,BRING,GIVE,THE,A,to,to,-42.557716369628906,"[-3.4984422, -8.385061, -8.976699, -1.1150997, -12.099068, -0.47855726, -6.9251537, -1.0796373]"
the parent brought you the beer .,a sheriff gave me a juice .,DO,DO,BRING,GIVE,THE,A,to,to,-35.584693908691406,"[-3.4984422, -8.385061, -8.976699, -3.9708517, -0.59343165, -9.21348, -0.9467267]"
the parent brought you the tea .,a pilot fed a meal to it .,DO,PD,BRING,FEED,THE,A,to,to,-42.11521911621094,"[-3.5177083, -8.58018, -10.478871, -1.2727911, -5.081242, -2.2698593, -8.599055, -2.3155088]"
the parent brought you the tea .,a pilot fed it a meal .,DO,DO,BRING,FEED,THE,A,to,to,-36.77407455444336,"[-3.5177083, -8.58018, -10.478871, -6.553421, -1.7316573, -4.500972, -1.4112664]"
the parent caught me the bowl .,a sheriff saved a computer for us .,DO,PD,CATCH,SAVE,THE,A,for,for,-44.53307342529297,"[-3.5484023, -8.388947, -10.401826, -1.0355257, -9.573673, -3.7787075, -6.73711, -1.0688798]"
the parent caught me the bowl .,a sheriff saved us a computer .,DO,DO,CATCH,SAVE,THE,A,for,for,-41.6551399230957,"[-3.5484023, -8.388947, -10.401826, -6.513291, -1.8926648, -9.796818, -1.1131914]"
the parent caught me the bowl .,a secretary took a coat to her .,DO,PD,CATCH,TAKE,THE,A,for,to,-44.45203399658203,"[-3.5484023, -10.839214, -6.764573, -1.5564786, -8.82358, -3.436236, -1.8342274, -7.6493235]"
the parent caught me the bowl .,a secretary took her a coat .,DO,DO,CATCH,TAKE,THE,A,for,to,-39.91706085205078,"[-3.5484023, -10.839214, -6.764573, -2.2871265, -6.663172, -7.5243645, -2.2902057]"
the parent caught me the coat .,a cop delivered a salad for her .,DO,PD,CATCH,DELIVER,THE,A,for,for,-41.11470031738281,"[-3.5720232, -8.176234, -9.903835, -0.76910466, -10.494018, -2.9934242, -2.9048796, -2.301183]"
the parent caught me the coat .,a cop delivered her a salad .,DO,DO,CATCH,DELIVER,THE,A,for,for,-40.57566833496094,"[-3.5720232, -8.176234, -9.903835, -4.2901807, -4.425182, -9.11882, -1.089393]"
the parent caught me the cup .,a sheriff purchased a bottle for you .,DO,PD,CATCH,PURCHASE,THE,A,for,for,-44.00536346435547,"[-3.5559678, -8.441974, -11.68505, -0.74552035, -5.5359893, -5.023139, -7.7286577, -1.2890639]"
the parent caught me the cup .,a sheriff purchased you a bottle .,DO,DO,CATCH,PURCHASE,THE,A,for,for,-40.587825775146484,"[-3.5559678, -8.441974, -11.68505, -8.545862, -0.6741374, -4.4401226, -3.244711]"
the parent caught the bowl for me .,a sheriff saved a computer for us .,PD,PD,CATCH,SAVE,THE,A,for,for,-41.11140060424805,"[-3.5252786, -8.394158, -10.2780695, -0.844563, -9.380015, -2.81292, -5.1447926, -0.731602]"
the parent caught the bowl for me .,a sheriff saved us a computer .,PD,DO,CATCH,SAVE,THE,A,for,for,-46.205223083496094,"[-3.5252786, -8.394158, -10.2780695, -7.994516, -3.1679087, -10.760849, -2.0844429]"
the parent caught the bowl for me .,a secretary took a coat to her .,PD,PD,CATCH,TAKE,THE,A,for,to,-44.94816589355469,"[-3.5252786, -10.932937, -7.1737423, -1.6768947, -8.981144, -3.4491405, -1.9054794, -7.303548]"
the parent caught the bowl for me .,a secretary took her a coat .,PD,DO,CATCH,TAKE,THE,A,for,to,-43.23676300048828,"[-3.5252786, -10.932937, -7.1737423, -2.350575, -7.0656986, -9.149807, -3.0387247]"
the parent caught the bowl for them .,a buddy purchased a coat for him .,PD,PD,CATCH,PURCHASE,THE,A,for,for,-38.660701751708984,"[-3.5139458, -10.613898, -8.666047, -0.7935731, -8.670691, -1.7095824, -2.6899257, -2.0030394]"
the parent caught the bowl for them .,a buddy purchased him a coat .,PD,DO,CATCH,PURCHASE,THE,A,for,for,-38.55302429199219,"[-3.5139458, -10.613898, -8.666047, -5.1134057, -0.7688829, -7.9300785, -1.9467642]"
the parent caught the bowl for you .,a business designed a crystal for me .,PD,PD,CATCH,DESIGN,THE,A,for,for,-45.87672424316406,"[-3.5074854, -8.27126, -8.861989, -7.100864, -10.726416, -3.0518394, -3.548911, -0.8079601]"
the parent caught the bowl for you .,a business designed me a crystal .,PD,DO,CATCH,DESIGN,THE,A,for,for,-49.238006591796875,"[-3.5074854, -8.27126, -8.861989, -11.851864, -2.4381232, -10.920946, -3.3863392]"
the parent caught the bowl for you .,a husband took a bottle to us .,PD,PD,CATCH,TAKE,THE,A,for,to,-41.58699417114258,"[-3.5074854, -8.325533, -6.876552, -1.9990952, -6.5756793, -3.6598496, -8.482425, -2.160375]"
the parent caught the bowl for you .,a husband took us a bottle .,PD,DO,CATCH,TAKE,THE,A,for,to,-43.653865814208984,"[-3.5074854, -8.325533, -6.876552, -8.236049, -3.092795, -8.233675, -5.381775]"
the parent caught the coat for me .,a cop delivered a salad for her .,PD,PD,CATCH,DELIVER,THE,A,for,for,-40.9276123046875,"[-3.5381892, -8.342373, -10.129006, -0.71499354, -10.670113, -1.8191348, -3.367106, -2.3467]"
the parent caught the coat for me .,a cop delivered her a salad .,PD,DO,CATCH,DELIVER,THE,A,for,for,-43.637123107910156,"[-3.5381892, -8.342373, -10.129006, -4.881757, -5.6236687, -9.577993, -1.5441352]"
the parent caught the coat for you .,a lady fed a meal to it .,PD,PD,CATCH,FEED,THE,A,for,to,-40.66007995605469,"[-3.5300832, -8.258694, -8.883479, -1.235807, -8.795876, -0.6155479, -8.154904, -1.1856898]"
the parent caught the coat for you .,a lady fed it a meal .,PD,DO,CATCH,FEED,THE,A,for,to,-39.008628845214844,"[-3.5300832, -8.258694, -8.883479, -5.2230115, -3.905182, -7.997856, -1.2103212]"
the parent caught the cup for me .,a sheriff purchased a bottle for you .,PD,PD,CATCH,PURCHASE,THE,A,for,for,-41.096153259277344,"[-3.5223331, -8.398042, -11.810473, -0.73429847, -5.6183634, -3.9574766, -6.2796707, -0.7754951]"
the parent caught the cup for me .,a sheriff purchased you a bottle .,PD,DO,CATCH,PURCHASE,THE,A,for,for,-42.44868469238281,"[-3.5223331, -8.398042, -11.810473, -9.046618, -0.6959248, -4.543049, -4.432246]"
the parent caught them the bowl .,a buddy purchased a coat for him .,DO,PD,CATCH,PURCHASE,THE,A,for,for,-41.64430618286133,"[-3.5521286, -10.57945, -8.794432, -0.8939706, -8.834749, -2.4637713, -4.1178184, -2.4079857]"
the parent caught them the bowl .,a buddy purchased him a coat .,DO,DO,CATCH,PURCHASE,THE,A,for,for,-37.97325897216797,"[-3.5521286, -10.57945, -8.794432, -4.2711563, -0.6655098, -8.592104, -1.518477]"
the parent caught you the bowl .,a business designed a crystal for me .,DO,PD,CATCH,DESIGN,THE,A,for,for,-49.03212356567383,"[-3.5240011, -8.372518, -9.174944, -7.517039, -10.909418, -3.4503021, -5.0577817, -1.0261195]"
the parent caught you the bowl .,a business designed me a crystal .,DO,DO,CATCH,DESIGN,THE,A,for,for,-48.43488311767578,"[-3.5240011, -8.372518, -9.174944, -11.909497, -2.7489362, -10.025387, -2.6796007]"
the parent caught you the bowl .,a husband took a bottle to us .,DO,PD,CATCH,TAKE,THE,A,for,to,-41.7246208190918,"[-3.5240011, -8.226828, -7.2512054, -1.9778767, -6.082012, -3.664683, -8.9945755, -2.0034366]"
the parent caught you the bowl .,a husband took us a bottle .,DO,DO,CATCH,TAKE,THE,A,for,to,-36.06747055053711,"[-3.5240011, -8.226828, -7.2512054, -7.5189905, -1.210447, -4.4736767, -3.8623216]"
the parent caught you the coat .,a lady fed a meal to it .,DO,PD,CATCH,FEED,THE,A,for,to,-41.3795166015625,"[-3.543624, -8.096662, -8.953162, -1.3286318, -8.651133, -1.2136569, -8.384242, -1.208405]"
the parent caught you the coat .,a lady fed it a meal .,DO,DO,CATCH,FEED,THE,A,for,to,-36.32264709472656,"[-3.543624, -8.096662, -8.953162, -5.279884, -2.9729688, -6.547213, -0.9291347]"
the parent delivered it the engine .,a cousin threw a button to me .,DO,PD,DELIVER,THROW,THE,A,for,to,-41.18326950073242,"[-3.5545368, -9.050928, -7.709311, -0.8074595, -9.597812, -3.054848, -5.796694, -1.6116815]"
the parent delivered it the engine .,a cousin threw me a button .,DO,DO,DELIVER,THROW,THE,A,for,to,-37.27695846557617,"[-3.5545368, -9.050928, -7.709311, -5.1838155, -0.6980494, -9.860821, -1.2194964]"
the parent delivered me the engine .,a partner promised a chocolate to her .,DO,PD,DELIVER,PROMISE,THE,A,for,to,-47.92759704589844,"[-3.5654712, -8.969218, -10.090816, -4.2720923, -8.752021, -5.8217554, -4.118788, -2.3374355]"
the parent delivered me the engine .,a partner promised her a chocolate .,DO,DO,DELIVER,PROMISE,THE,A,for,to,-40.9971923828125,"[-3.5654712, -8.969218, -10.090816, -3.7217698, -2.0439487, -7.5489206, -5.057049]"
the parent delivered the candy for them .,a mother found a chocolate for you .,PD,PD,DELIVER,FIND,THE,A,for,for,-37.88106155395508,"[-3.5907114, -5.8036237, -4.9099007, -1.2238648, -6.6797485, -5.778254, -8.54173, -1.3532293]"
the parent delivered the candy for them .,a mother found you a chocolate .,PD,DO,DELIVER,FIND,THE,A,for,for,-39.332374572753906,"[-3.5907114, -5.8036237, -4.9099007, -10.210829, -3.553757, -5.4278984, -5.8356547]"
the parent delivered the engine for it .,a cousin threw a button to me .,PD,PD,DELIVER,THROW,THE,A,for,to,-40.4780387878418,"[-3.541479, -9.071493, -7.95632, -0.7456761, -9.42698, -2.004119, -5.9771566, -1.754816]"
the parent delivered the engine for it .,a cousin threw me a button .,PD,DO,DELIVER,THROW,THE,A,for,to,-38.49474334716797,"[-3.541479, -9.071493, -7.95632, -5.137272, -0.583086, -10.703424, -1.50167]"
the parent delivered the engine for me .,a partner promised a chocolate to her .,PD,PD,DELIVER,PROMISE,THE,A,for,to,-47.3043098449707,"[-3.5498517, -8.977775, -10.71508, -3.0783076, -8.624888, -5.703466, -4.2650356, -2.389906]"
the parent delivered the engine for me .,a partner promised her a chocolate .,PD,DO,DELIVER,PROMISE,THE,A,for,to,-41.86573791503906,"[-3.5498517, -8.977775, -10.71508, -3.9625678, -2.0229888, -7.058199, -5.579276]"
the parent delivered the engine for them .,a guest threw a pie to me .,PD,PD,DELIVER,THROW,THE,A,for,to,-42.85176086425781,"[-3.5357847, -7.596417, -15.078829, -0.99384546, -7.573891, -3.8349376, -3.0629044, -1.1751523]"
the parent delivered the engine for them .,a guest threw me a pie .,PD,DO,DELIVER,THROW,THE,A,for,to,-40.72660827636719,"[-3.5357847, -7.596417, -15.078829, -4.592316, -0.50095254, -8.0586195, -1.3636874]"
the parent delivered the engine for us .,a cousin got a cheese for you .,PD,PD,DELIVER,GET,THE,A,for,for,-42.86982345581055,"[-3.549812, -9.217509, -7.028068, -1.7567413, -11.691561, -4.022873, -4.7811985, -0.8220595]"
the parent delivered the engine for us .,a cousin got you a cheese .,PD,DO,DELIVER,GET,THE,A,for,for,-40.11607360839844,"[-3.549812, -9.217509, -7.028068, -5.8565426, -1.7208095, -9.516027, -3.2273033]"
the parent delivered the engine for us .,a corporation designed a box for me .,PD,PD,DELIVER,DESIGN,THE,A,for,for,-43.54912567138672,"[-3.549812, -11.095536, -7.5232253, -6.8584685, -7.461475, -2.2268407, -3.7551928, -1.0785766]"
the parent delivered the engine for us .,a corporation designed me a box .,PD,DO,DELIVER,DESIGN,THE,A,for,for,-44.984375,"[-3.549812, -11.095536, -7.5232253, -11.750644, -3.371833, -5.8515673, -1.8417579]"
the parent delivered them the candy .,a mother found a chocolate for you .,DO,PD,DELIVER,FIND,THE,A,for,for,-40.45220947265625,"[-3.6328347, -5.75121, -4.7301693, -1.4198308, -7.323824, -6.9820514, -9.285568, -1.3267198]"
the parent delivered them the candy .,a mother found you a chocolate .,DO,DO,DELIVER,FIND,THE,A,for,for,-36.830955505371094,"[-3.6328347, -5.75121, -4.7301693, -10.133411, -2.9250681, -5.310952, -4.347309]"
the parent delivered them the engine .,a guest threw a pie to me .,DO,PD,DELIVER,THROW,THE,A,for,to,-42.699562072753906,"[-3.571964, -7.6307235, -14.701687, -1.1500564, -7.4181485, -4.0853453, -2.9915218, -1.1501155]"
the parent delivered them the engine .,a guest threw me a pie .,DO,DO,DELIVER,THROW,THE,A,for,to,-38.84446716308594,"[-3.571964, -7.6307235, -14.701687, -3.4533954, -0.600883, -7.7597117, -1.1261039]"
the parent delivered us the engine .,a cousin got a cheese for you .,DO,PD,DELIVER,GET,THE,A,for,for,-44.17467498779297,"[-3.5547612, -9.161314, -6.6879315, -1.9040827, -11.979004, -4.6418624, -5.461357, -0.7843613]"
the parent delivered us the engine .,a cousin got you a cheese .,DO,DO,DELIVER,GET,THE,A,for,for,-38.828163146972656,"[-3.5547612, -9.161314, -6.6879315, -5.080808, -1.9080518, -9.952047, -2.4832482]"
the parent delivered us the engine .,a corporation designed a box for me .,DO,PD,DELIVER,DESIGN,THE,A,for,for,-46.465492248535156,"[-3.5547612, -11.05678, -7.6897306, -7.186671, -7.438466, -2.7166352, -5.246895, -1.5755527]"
the parent delivered us the engine .,a corporation designed me a box .,DO,DO,DELIVER,DESIGN,THE,A,for,for,-45.105308532714844,"[-3.5547612, -11.05678, -7.6897306, -11.637315, -3.921765, -5.8526754, -1.3922818]"
the parent designed him the instrument .,a worker drew a log for you .,DO,PD,DESIGN,DRAW,THE,A,for,for,-45.194129943847656,"[-3.6293097, -7.15926, -9.477685, -1.3950499, -8.847767, -4.0082297, -8.820118, -1.8567121]"
the parent designed him the instrument .,a worker drew you a log .,DO,DO,DESIGN,DRAW,THE,A,for,for,-42.516357421875,"[-3.6293097, -7.15926, -9.477685, -10.845739, -0.86963785, -8.689331, -1.8453941]"
the parent designed him the motor .,an author supplied a button to you .,DO,PD,DESIGN,SUPPLY,THE,A,for,to,-52.442665100097656,"[-5.7224197, -6.6444855, -8.691389, -5.2426124, -16.509676, -0.9937361, -7.662074, -0.9762702]"
the parent designed him the motor .,an author supplied you a button .,DO,DO,DESIGN,SUPPLY,THE,A,for,to,-54.07132339477539,"[-5.7224197, -6.6444855, -8.691389, -7.3266063, -12.514384, -11.766615, -1.4054245]"
the parent designed it the instrument .,a lawyer left a hat for us .,DO,PD,DESIGN,LEAVE,THE,A,for,for,-46.47660827636719,"[-3.5951376, -7.176573, -8.616443, -1.8621677, -9.428093, -5.10231, -8.279562, -2.4163227]"
the parent designed it the instrument .,a lawyer left us a hat .,DO,DO,DESIGN,LEAVE,THE,A,for,for,-40.53216552734375,"[-3.5951376, -7.176573, -8.616443, -7.810076, -1.6518044, -9.288366, -2.3937654]"
the parent designed the bowl for them .,a boy supplied a pie to us .,PD,PD,DESIGN,SUPPLY,THE,A,for,to,-45.191837310791016,"[-3.5309522, -7.1486006, -12.499377, -2.2268546, -7.8265543, -1.2358797, -8.642662, -2.080955]"
the parent designed the bowl for them .,a boy supplied us a pie .,PD,DO,DESIGN,SUPPLY,THE,A,for,to,-46.03694152832031,"[-3.5309522, -7.1486006, -12.499377, -6.74848, -5.7851763, -7.7352695, -2.5890877]"
the parent designed the instrument for him .,a worker drew a log for you .,PD,PD,DESIGN,DRAW,THE,A,for,for,-44.075984954833984,"[-3.5461302, -7.093506, -9.809652, -1.1507087, -9.085023, -3.4165254, -8.295984, -1.6784525]"
the parent designed the instrument for him .,a worker drew you a log .,PD,DO,DESIGN,DRAW,THE,A,for,for,-44.644168853759766,"[-3.5461302, -7.093506, -9.809652, -10.854618, -1.9253467, -9.251818, -2.1630976]"
the parent designed the instrument for it .,a lawyer left a hat for us .,PD,PD,DESIGN,LEAVE,THE,A,for,for,-45.332969665527344,"[-3.5481768, -7.123765, -8.827972, -1.72013, -9.418969, -4.782442, -7.909404, -2.00211]"
the parent designed the instrument for it .,a lawyer left us a hat .,PD,DO,DESIGN,LEAVE,THE,A,for,for,-40.689125061035156,"[-3.5481768, -7.123765, -8.827972, -7.593833, -1.7676295, -9.375017, -2.4527302]"
the parent designed the motor for him .,an author supplied a button to you .,PD,PD,DESIGN,SUPPLY,THE,A,for,to,-51.07789611816406,"[-5.709443, -6.52785, -8.933411, -5.11188, -14.94689, -1.1954467, -7.595539, -1.057437]"
the parent designed the motor for him .,an author supplied you a button .,PD,DO,DESIGN,SUPPLY,THE,A,for,to,-53.86359405517578,"[-5.709443, -6.52785, -8.933411, -7.435573, -12.20533, -11.128189, -1.9237975]"
the parent designed them the bowl .,a boy supplied a pie to us .,DO,PD,DESIGN,SUPPLY,THE,A,for,to,-46.25384521484375,"[-3.6204407, -7.298332, -12.464759, -2.3734512, -7.966201, -1.4252037, -8.891088, -2.2143693]"
the parent designed them the bowl .,a boy supplied us a pie .,DO,DO,DESIGN,SUPPLY,THE,A,for,to,-43.48295593261719,"[-3.6204407, -7.298332, -12.464759, -5.7361403, -4.6092753, -7.7335157, -2.0204937]"
the parent drew him the iron .,an actress gave a bell to them .,DO,PD,DRAW,GIVE,THE,A,for,to,-43.28561782836914,"[-5.6479645, -7.462849, -7.125393, -2.1245575, -11.308652, -1.5498097, -6.8849335, -1.1814593]"
the parent drew him the iron .,an actress gave them a bell .,DO,DO,DRAW,GIVE,THE,A,for,to,-40.317081451416016,"[-5.6479645, -7.462849, -7.125393, -7.192172, -1.2752986, -10.264642, -1.3487608]"
the parent drew me the ball .,a partner purchased a salad for you .,DO,PD,DRAW,PURCHASE,THE,A,for,for,-44.24272537231445,"[-3.5851588, -9.252695, -8.8936205, -1.2540247, -10.30517, -2.5059826, -7.2037644, -1.2423081]"
the parent drew me the ball .,a partner purchased you a salad .,DO,DO,DRAW,PURCHASE,THE,A,for,for,-40.53797912597656,"[-3.5851588, -9.252695, -8.8936205, -6.9563274, -1.014801, -9.296532, -1.5388443]"
the parent drew the ball for me .,a partner purchased a salad for you .,PD,PD,DRAW,PURCHASE,THE,A,for,for,-42.74465560913086,"[-3.5308201, -9.310171, -9.152167, -0.91345567, -10.310746, -1.8236113, -6.602186, -1.1014979]"
the parent drew the ball for me .,a partner purchased you a salad .,PD,DO,DRAW,PURCHASE,THE,A,for,for,-42.11433029174805,"[-3.5308201, -9.310171, -9.152167, -8.150373, -0.9249631, -9.12623, -1.9196044]"
the parent drew the ball for them .,a mayor kept a wire for us .,PD,PD,DRAW,KEEP,THE,A,for,for,-48.58637237548828,"[-3.540562, -10.5004835, -10.786322, -2.3959775, -9.678504, -4.0764694, -6.1425123, -1.4655448]"
the parent drew the ball for them .,a mayor kept us a wire .,PD,DO,DRAW,KEEP,THE,A,for,for,-52.260231018066406,"[-3.540562, -10.5004835, -10.786322, -6.772406, -6.4273553, -11.947392, -2.2857082]"
the parent drew the coat for them .,a cop took an iron to him .,PD,PD,DRAW,TAKE,THE,A,for,to,-38.891761779785156,"[-3.5882025, -8.150766, -5.0471654, -4.09522, -7.2862453, -5.3920746, -4.041278, -1.2908107]"
the parent drew the coat for them .,a cop took him an iron .,PD,DO,DRAW,TAKE,THE,A,for,to,-41.243587493896484,"[-3.5882025, -8.150766, -5.0471654, -2.7324948, -10.089214, -7.1636343, -4.47211]"
the parent drew the cup for us .,a club designed a key for you .,PD,PD,DRAW,DESIGN,THE,A,for,for,-42.221256256103516,"[-3.5637321, -8.567228, -7.9804783, -7.155403, -7.670722, -1.6773653, -4.5315585, -1.0747681]"
the parent drew the cup for us .,a club designed you a key .,PD,DO,DRAW,DESIGN,THE,A,for,for,-46.10960006713867,"[-3.5637321, -8.567228, -7.9804783, -10.56559, -5.2461023, -7.8549433, -2.3315268]"
the parent drew the cup for you .,a child fed a meal to us .,PD,PD,DRAW,FEED,THE,A,for,to,-39.428016662597656,"[-3.5668411, -5.905101, -9.314665, -1.699781, -5.488105, -2.466002, -8.1884165, -2.799105]"
the parent drew the cup for you .,a child fed us a meal .,PD,DO,DRAW,FEED,THE,A,for,to,-36.571502685546875,"[-3.5668411, -5.905101, -9.314665, -9.481697, -2.2569382, -4.5240135, -1.5222505]"
the parent drew the iron for him .,an actress gave a bell to them .,PD,PD,DRAW,GIVE,THE,A,for,to,-42.819454193115234,"[-5.63894, -7.5756397, -7.223374, -1.9552506, -11.2654, -1.3597991, -6.6208878, -1.1801631]"
the parent drew the iron for him .,an actress gave them a bell .,PD,DO,DRAW,GIVE,THE,A,for,to,-41.368553161621094,"[-5.63894, -7.5756397, -7.223374, -7.470416, -1.046063, -10.617136, -1.7969817]"
the parent drew the iron for us .,a woman took a cup to you .,PD,PD,DRAW,TAKE,THE,A,for,to,-39.060035705566406,"[-3.5269525, -4.397829, -6.385743, -1.6797078, -8.287489, -4.6397395, -8.499273, -1.6433015]"
the parent drew the iron for us .,a woman took you a cup .,PD,DO,DRAW,TAKE,THE,A,for,to,-41.167945861816406,"[-3.5269525, -4.397829, -6.385743, -8.376659, -5.9247994, -7.768954, -4.787011]"
the parent drew the iron for you .,a prince supplied a tea to her .,PD,PD,DRAW,SUPPLY,THE,A,for,to,-42.71621322631836,"[-3.5211313, -11.246935, -10.378309, -2.4080462, -7.720536, -1.6350279, -3.5275102, -2.2787168]"
the parent drew the iron for you .,a prince supplied her a tea .,PD,DO,DRAW,SUPPLY,THE,A,for,to,-41.39189529418945,"[-3.5211313, -11.246935, -10.378309, -5.551183, -2.5456939, -6.335474, -1.8131672]"
the parent drew the iron for you .,an aunt promised a tea to him .,PD,PD,DRAW,PROMISE,THE,A,for,to,-46.071109771728516,"[-5.652446, -8.514107, -9.495701, -2.6207907, -9.134188, -2.5636787, -6.456798, -1.633403]"
the parent drew the iron for you .,an aunt promised him a tea .,PD,DO,DRAW,PROMISE,THE,A,for,to,-40.49919509887695,"[-5.652446, -8.514107, -9.495701, -5.515302, -1.2908363, -8.083336, -1.9474664]"
the parent drew the motor for us .,a singer sold a candy to them .,PD,PD,DRAW,SELL,THE,A,for,to,-46.16673278808594,"[-3.562566, -10.49935, -9.3876, -1.9184524, -8.133682, -4.377598, -7.118839, -1.1686454]"
the parent drew the motor for us .,a singer sold them a candy .,PD,DO,DRAW,SELL,THE,A,for,to,-43.231109619140625,"[-3.562566, -10.49935, -9.3876, -6.9090014, -2.2966142, -7.2630014, -3.3129745]"
the parent drew them the ball .,a mayor kept a wire for us .,DO,PD,DRAW,KEEP,THE,A,for,for,-50.38681411743164,"[-3.5729463, -10.405353, -10.359634, -2.5227919, -9.474386, -4.9171963, -7.361842, -1.7726647]"
the parent drew them the ball .,a mayor kept us a wire .,DO,DO,DRAW,KEEP,THE,A,for,for,-50.37195587158203,"[-3.5729463, -10.405353, -10.359634, -6.5087996, -6.0782366, -11.535543, -1.9114428]"
the parent drew them the coat .,a cop took an iron to him .,DO,PD,DRAW,TAKE,THE,A,for,to,-40.02815246582031,"[-3.6464894, -8.145591, -5.1453433, -4.172453, -7.071253, -5.7025433, -5.0101213, -1.1343553]"
the parent drew them the coat .,a cop took him an iron .,DO,DO,DRAW,TAKE,THE,A,for,to,-37.232093811035156,"[-3.6464894, -8.145591, -5.1453433, -2.789585, -8.329462, -5.338166, -3.8374586]"
the parent drew us the cup .,a club designed a key for you .,DO,PD,DRAW,DESIGN,THE,A,for,for,-43.15538787841797,"[-3.5998464, -8.576214, -7.667752, -6.6908197, -7.7308187, -2.5190115, -5.140978, -1.2299511]"
the parent drew us the cup .,a club designed you a key .,DO,DO,DRAW,DESIGN,THE,A,for,for,-43.75129699707031,"[-3.5998464, -8.576214, -7.667752, -9.935646, -4.556633, -7.615448, -1.799756]"
the parent drew us the iron .,a woman took a cup to you .,DO,PD,DRAW,TAKE,THE,A,for,to,-38.960479736328125,"[-3.5475638, -4.404564, -6.2129393, -1.6962966, -7.9462776, -4.7189007, -8.758675, -1.6752634]"
the parent drew us the iron .,a woman took you a cup .,DO,DO,DRAW,TAKE,THE,A,for,to,-37.14623260498047,"[-3.5475638, -4.404564, -6.2129393, -7.6483727, -4.5521455, -6.902897, -3.8777492]"
the parent drew us the motor .,a singer sold a candy to them .,DO,PD,DRAW,SELL,THE,A,for,to,-46.734092712402344,"[-3.5894132, -10.314045, -9.423502, -2.0708318, -8.185774, -4.3407993, -7.57726, -1.2324679]"
the parent drew us the motor .,a singer sold them a candy .,DO,DO,DRAW,SELL,THE,A,for,to,-43.049835205078125,"[-3.5894132, -10.314045, -9.423502, -6.758532, -2.473718, -7.426792, -3.0638356]"
the parent drew you the cup .,a child fed a meal to us .,DO,PD,DRAW,FEED,THE,A,for,to,-40.38374328613281,"[-3.5855837, -5.986932, -9.246096, -1.8349342, -5.453597, -3.0899267, -8.2714, -2.9152732]"
the parent drew you the cup .,a child fed us a meal .,DO,DO,DRAW,FEED,THE,A,for,to,-35.492881774902344,"[-3.5855837, -5.986932, -9.246096, -8.537536, -2.280948, -4.6321344, -1.2236552]"
the parent drew you the iron .,a prince supplied a tea to her .,DO,PD,DRAW,SUPPLY,THE,A,for,to,-42.17704391479492,"[-3.5446024, -10.950195, -10.44606, -2.4295936, -7.5564017, -1.7478179, -3.3846533, -2.1177185]"
the parent drew you the iron .,a prince supplied her a tea .,DO,DO,DRAW,SUPPLY,THE,A,for,to,-40.592185974121094,"[-3.5446024, -10.950195, -10.44606, -5.0273604, -2.4900892, -6.787096, -1.346779]"
the parent drew you the iron .,an aunt promised a tea to him .,DO,PD,DRAW,PROMISE,THE,A,for,to,-45.159976959228516,"[-5.661749, -8.409979, -9.096298, -2.8410196, -8.8445, -2.5413446, -6.348047, -1.4170407]"
the parent drew you the iron .,an aunt promised him a tea .,DO,DO,DRAW,PROMISE,THE,A,for,to,-39.05873489379883,"[-5.661749, -8.409979, -9.096298, -5.0063133, -1.3670462, -8.055916, -1.4614336]"
the parent fed it the cheese .,a kid showed a glass to me .,DO,PD,FEED,SHOW,THE,A,to,to,-38.90800476074219,"[-3.6079285, -8.555063, -7.5257936, -3.6783042, -8.439912, -3.2399535, -2.9258115, -0.93524253]"
the parent fed it the cheese .,a kid showed me a glass .,DO,DO,FEED,SHOW,THE,A,to,to,-33.95915222167969,"[-3.6079285, -8.555063, -7.5257936, -1.1802306, -1.242616, -7.736247, -4.1112766]"
the parent fed it the chicken .,a woman sold a newspaper to you .,DO,PD,FEED,SELL,THE,A,to,to,-38.52350997924805,"[-3.5925677, -4.1255746, -8.941897, -1.5587081, -8.614733, -1.6862597, -8.005644, -1.9981251]"
the parent fed it the chicken .,a woman sold you a newspaper .,DO,DO,FEED,SELL,THE,A,to,to,-36.24223327636719,"[-3.5925677, -4.1255746, -8.941897, -8.569897, -0.85224533, -8.727537, -1.4325157]"
the parent fed me the cheese .,a corporation designed a gun for you .,DO,PD,FEED,DESIGN,THE,A,to,for,-44.083797454833984,"[-3.6163182, -11.127064, -7.6227603, -7.254821, -7.276255, -1.3516936, -5.031433, -0.80345404]"
the parent fed me the cheese .,a corporation designed you a gun .,DO,DO,FEED,DESIGN,THE,A,to,for,-45.90216827392578,"[-3.6163182, -11.127064, -7.6227603, -10.655343, -4.805848, -7.414268, -0.6605645]"
the parent fed the candy to them .,a colonel drew a bag for me .,PD,PD,FEED,DRAW,THE,A,to,for,-43.25946807861328,"[-3.5851095, -11.411943, -9.183859, -1.2355859, -7.8869495, -4.8922687, -3.5073004, -1.5564523]"
the parent fed the candy to them .,a colonel drew me a bag .,PD,DO,FEED,DRAW,THE,A,to,for,-42.76484680175781,"[-3.5851095, -11.411943, -9.183859, -6.602149, -1.5311124, -6.7991695, -3.651502]"
the parent fed the cheese to it .,a kid showed a glass to me .,PD,PD,FEED,SHOW,THE,A,to,to,-38.37937927246094,"[-3.589333, -8.883844, -7.7139297, -3.3025846, -8.51185, -2.0956302, -2.9395595, -1.3426476]"
the parent fed the cheese to it .,a kid showed me a glass .,PD,DO,FEED,SHOW,THE,A,to,to,-36.09117889404297,"[-3.589333, -8.883844, -7.7139297, -1.5206299, -1.2196745, -8.200098, -4.9636707]"
the parent fed the cheese to me .,a corporation designed a gun for you .,PD,PD,FEED,DESIGN,THE,A,to,for,-43.771690368652344,"[-3.5919144, -11.184332, -7.6803694, -6.65605, -7.1443987, -1.399891, -5.1427374, -0.9719973]"
the parent fed the cheese to me .,a corporation designed you a gun .,PD,DO,FEED,DESIGN,THE,A,to,for,-45.665687561035156,"[-3.5919144, -11.184332, -7.6803694, -10.900094, -3.8843455, -7.4112535, -1.0133796]"
the parent fed the cheese to them .,a scientist gave a pie to me .,PD,PD,FEED,GIVE,THE,A,to,to,-32.88819122314453,"[-3.6048276, -7.751229, -7.109165, -1.3974317, -8.405079, -0.10955766, -3.1946957, -1.3162082]"
the parent fed the cheese to them .,a scientist gave me a pie .,PD,DO,FEED,GIVE,THE,A,to,to,-31.36798858642578,"[-3.6048276, -7.751229, -7.109165, -2.6746402, -0.7223832, -7.521163, -1.9845804]"
the parent fed the cheese to us .,a guest got a juice for you .,PD,PD,FEED,GET,THE,A,to,for,-44.522705078125,"[-3.5903034, -7.785836, -12.202406, -1.625442, -10.165504, -3.1046147, -4.9386783, -1.1099226]"
the parent fed the cheese to us .,a guest got you a juice .,PD,DO,FEED,GET,THE,A,to,for,-43.67560577392578,"[-3.5903034, -7.785836, -12.202406, -6.368953, -2.1718192, -8.670374, -2.8859105]"
the parent fed the cheese to you .,a soldier gave a pie to him .,PD,PD,FEED,GIVE,THE,A,to,to,-38.22465896606445,"[-3.5887032, -7.927984, -8.370814, -1.528745, -9.630646, -0.0632589, -5.7524147, -1.3620931]"
the parent fed the cheese to you .,a soldier gave him a pie .,PD,DO,FEED,GIVE,THE,A,to,to,-33.49805450439453,"[-3.5887032, -7.927984, -8.370814, -3.8217425, -0.5173556, -7.9180784, -1.3533748]"
the parent fed the chicken to it .,a woman sold a newspaper to you .,PD,PD,FEED,SELL,THE,A,to,to,-37.83021926879883,"[-3.592624, -4.2056665, -8.734093, -1.8196837, -8.649271, -1.1292204, -7.672422, -2.0272393]"
the parent fed the chicken to it .,a woman sold you a newspaper .,PD,DO,FEED,SELL,THE,A,to,to,-37.477962493896484,"[-3.592624, -4.2056665, -8.734093, -9.163758, -0.98396516, -8.710321, -2.0875359]"
the parent fed the chocolate to them .,a champion bought a beer for us .,PD,PD,FEED,BUY,THE,A,to,for,-40.465118408203125,"[-3.5865245, -9.317017, -11.523944, -0.92908657, -5.6001015, -1.7301178, -6.0358496, -1.7424802]"
the parent fed the chocolate to them .,a champion bought us a beer .,PD,DO,FEED,BUY,THE,A,to,for,-38.924285888671875,"[-3.5865245, -9.317017, -11.523944, -8.086518, -0.9828638, -3.9130077, -1.5144097]"
the parent fed the chocolate to you .,a cop took an iron to him .,PD,PD,FEED,TAKE,THE,A,to,to,-40.54204559326172,"[-3.578082, -8.907915, -5.670417, -3.768221, -8.285702, -4.2554016, -4.5868745, -1.4894309]"
the parent fed the chocolate to you .,a cop took him an iron .,PD,DO,FEED,TAKE,THE,A,to,to,-43.65572738647461,"[-3.578082, -8.907915, -5.670417, -4.8102436, -9.838953, -7.2516613, -3.5984557]"
the parent fed the chocolate to you .,a mayor bought a jacket for her .,PD,PD,FEED,BUY,THE,A,to,for,-43.917633056640625,"[-3.578082, -11.183083, -11.09389, -0.72213477, -8.047991, -2.1199234, -2.3811414, -4.791387]"
the parent fed the chocolate to you .,a mayor bought her a jacket .,PD,DO,FEED,BUY,THE,A,to,for,-42.10340118408203,"[-3.578082, -11.183083, -11.09389, -3.7032216, -2.8482845, -7.3475094, -2.34933]"
the parent fed the pie to you .,a leader got a salad for us .,PD,PD,FEED,GET,THE,A,to,for,-43.30847930908203,"[-3.5983448, -8.150048, -10.887335, -1.3426626, -11.261112, -2.5915017, -4.5709276, -0.9065465]"
the parent fed the pie to you .,a leader got us a salad .,PD,DO,FEED,GET,THE,A,to,for,-41.707359313964844,"[-3.5983448, -8.150048, -10.887335, -6.6847677, -1.8792797, -9.187446, -1.3201371]"
the parent fed them the candy .,a colonel drew a bag for me .,DO,PD,FEED,DRAW,THE,A,to,for,-42.661354064941406,"[-3.6299357, -11.293444, -8.859103, -1.365382, -7.7187486, -5.0113983, -3.505772, -1.2775718]"
the parent fed them the candy .,a colonel drew me a bag .,DO,DO,FEED,DRAW,THE,A,to,for,-40.127105712890625,"[-3.6299357, -11.293444, -8.859103, -5.4223356, -1.3519232, -6.501129, -3.0692341]"
the parent fed them the cheese .,a scientist gave a pie to me .,DO,PD,FEED,GIVE,THE,A,to,to,-33.680782318115234,"[-3.616725, -7.725662, -6.786619, -1.6435308, -8.0712385, -0.21416938, -4.6206217, -1.0022165]"
the parent fed them the cheese .,a scientist gave me a pie .,DO,DO,FEED,GIVE,THE,A,to,to,-28.70832061767578,"[-3.616725, -7.725662, -6.786619, -2.053666, -0.8280263, -6.716694, -0.980927]"
the parent fed them the chocolate .,a champion bought a beer for us .,DO,PD,FEED,BUY,THE,A,to,for,-40.93452072143555,"[-3.6215317, -9.36315, -10.899971, -1.2532234, -5.500163, -2.0543957, -6.948572, -1.2935166]"
the parent fed them the chocolate .,a champion bought us a beer .,DO,DO,FEED,BUY,THE,A,to,for,-36.419715881347656,"[-3.6215317, -9.36315, -10.899971, -6.9362917, -1.1383425, -3.5970058, -0.86342615]"
the parent fed us the cheese .,a guest got a juice for you .,DO,PD,FEED,GET,THE,A,to,for,-44.659820556640625,"[-3.6161933, -7.653164, -12.02531, -1.7550918, -10.131253, -2.8508399, -5.647595, -0.98037326]"
the parent fed us the cheese .,a guest got you a juice .,DO,DO,FEED,GET,THE,A,to,for,-40.586483001708984,"[-3.6161933, -7.653164, -12.02531, -5.3364477, -2.071083, -8.292284, -1.5920005]"
the parent fed you the cheese .,a soldier gave a pie to him .,DO,PD,FEED,GIVE,THE,A,to,to,-38.72120666503906,"[-3.606834, -7.7623944, -7.721365, -1.5214231, -9.210744, -0.17752914, -7.4148912, -1.3060236]"
the parent fed you the cheese .,a soldier gave him a pie .,DO,DO,FEED,GIVE,THE,A,to,to,-30.724342346191406,"[-3.606834, -7.7623944, -7.721365, -3.2523096, -0.47751594, -7.1313505, -0.7725721]"
the parent fed you the chocolate .,a cop took an iron to him .,DO,PD,FEED,TAKE,THE,A,to,to,-42.19093704223633,"[-3.6063926, -8.576656, -5.518099, -3.747583, -8.142405, -5.3099837, -5.8221674, -1.4676505]"
the parent fed you the chocolate .,a cop took him an iron .,DO,DO,FEED,TAKE,THE,A,to,to,-42.269615173339844,"[-3.6063926, -8.576656, -5.518099, -4.4952254, -9.646624, -7.0001225, -3.426496]"
the parent fed you the chocolate .,a mayor bought a jacket for her .,DO,PD,FEED,BUY,THE,A,to,for,-42.85756301879883,"[-3.6063926, -10.735644, -10.466291, -0.753344, -8.178551, -2.1165242, -2.1296148, -4.8712025]"
the parent fed you the chocolate .,a mayor bought her a jacket .,DO,DO,FEED,BUY,THE,A,to,for,-39.365570068359375,"[-3.6063926, -10.735644, -10.466291, -3.5646443, -1.8322465, -7.4139357, -1.7464172]"
the parent fed you the pie .,a leader got a salad for us .,DO,PD,FEED,GET,THE,A,to,for,-43.52385330200195,"[-3.6199162, -8.166196, -9.46414, -1.6537619, -10.484354, -2.9620337, -6.1734447, -1.0000049]"
the parent fed you the pie .,a leader got us a salad .,DO,DO,FEED,GET,THE,A,to,for,-39.1115608215332,"[-3.6199162, -8.166196, -9.46414, -6.3850136, -2.3355117, -8.178642, -0.96213996]"
the parent found him the beer .,an author showed a cigarette to me .,DO,PD,FIND,SHOW,THE,A,for,to,-38.71259689331055,"[-5.6493425, -7.142254, -9.7515335, -1.8813086, -9.433347, -1.1171997, -2.8181448, -0.91946733]"
the parent found him the beer .,an author showed me a cigarette .,DO,DO,FIND,SHOW,THE,A,for,to,-35.73653793334961,"[-5.6493425, -7.142254, -9.7515335, -1.4729166, -0.9103645, -9.831402, -0.97872573]"
the parent found him the coffee .,a chief kept a salad for you .,DO,PD,FIND,KEEP,THE,A,for,for,-47.911930084228516,"[-3.5686567, -9.125425, -10.0704975, -2.324329, -11.705046, -2.7310114, -7.136415, -1.2505492]"
the parent found him the coffee .,a chief kept you a salad .,DO,DO,FIND,KEEP,THE,A,for,for,-45.2271728515625,"[-3.5686567, -9.125425, -10.0704975, -5.72415, -5.5136724, -9.602571, -1.6222022]"
the parent found him the engine .,a manager gave a guitar to you .,DO,PD,FIND,GIVE,THE,A,for,to,-43.65550994873047,"[-3.5426478, -8.505365, -7.5170145, -2.2068782, -10.864291, -0.7303527, -8.977753, -1.3112074]"
the parent found him the engine .,a manager gave you a guitar .,DO,DO,FIND,GIVE,THE,A,for,to,-37.304969787597656,"[-3.5426478, -8.505365, -7.5170145, -6.2293143, -1.1876298, -8.582092, -1.7409029]"
the parent found me the coffee .,a secretary sent a crystal to you .,DO,PD,FIND,SEND,THE,A,for,to,-42.218116760253906,"[-3.5548115, -10.844063, -6.2217956, -1.4741809, -10.68776, -2.1079912, -6.3172894, -1.0102265]"
the parent found me the coffee .,a secretary sent you a crystal .,DO,DO,FIND,SEND,THE,A,for,to,-38.93962478637695,"[-3.5548115, -10.844063, -6.2217956, -5.639784, -0.9581488, -9.402565, -2.3184571]"
the parent found the beer for him .,an author showed a cigarette to me .,PD,PD,FIND,SHOW,THE,A,for,to,-39.05044937133789,"[-5.6454697, -6.9401016, -10.0872755, -1.9678435, -9.7926, -1.4108593, -2.1281712, -1.078129]"
the parent found the beer for him .,an author showed me a cigarette .,PD,DO,FIND,SHOW,THE,A,for,to,-37.228214263916016,"[-5.6454697, -6.9401016, -10.0872755, -1.6171937, -1.0408964, -10.222922, -1.6743538]"
the parent found the beer for them .,an aunt gave a tea to me .,PD,PD,FIND,GIVE,THE,A,for,to,-36.82835006713867,"[-5.6458836, -8.492569, -5.641883, -1.9451351, -9.499245, -0.723391, -3.5963275, -1.2839148]"
the parent found the beer for them .,an aunt gave me a tea .,PD,DO,FIND,GIVE,THE,A,for,to,-32.802734375,"[-5.6458836, -8.492569, -5.641883, -2.731162, -0.759178, -7.316902, -2.2151585]"
the parent found the beer for you .,a professor sent a machine to them .,PD,PD,FIND,SEND,THE,A,for,to,-42.79652786254883,"[-3.4870603, -7.711709, -8.113185, -1.2452322, -10.731391, -1.1082911, -9.393131, -1.0065275]"
the parent found the beer for you .,a professor sent them a machine .,PD,DO,FIND,SEND,THE,A,for,to,-41.44902801513672,"[-3.4870603, -7.711709, -8.113185, -7.1842637, -1.0927081, -11.037948, -2.8221517]"
the parent found the candy for them .,a mother caught an engine for us .,PD,PD,FIND,CATCH,THE,A,for,for,-43.164581298828125,"[-3.523359, -5.720394, -5.806243, -4.0305705, -10.065568, -5.3785863, -7.785161, -0.8546968]"
the parent found the candy for them .,a mother caught us an engine .,PD,DO,FIND,CATCH,THE,A,for,for,-44.28060531616211,"[-3.523359, -5.720394, -5.806243, -9.444357, -6.8158226, -10.723204, -2.2472246]"
the parent found the candy for us .,a reader caught a box for it .,PD,PD,FIND,CATCH,THE,A,for,for,-42.14015579223633,"[-3.5253577, -6.725569, -8.5275135, -2.9959164, -8.69158, -3.3699422, -7.5262785, -0.7779996]"
the parent found the candy for us .,a reader caught it a box .,PD,DO,FIND,CATCH,THE,A,for,for,-41.313514709472656,"[-3.5253577, -6.725569, -8.5275135, -5.1031513, -6.17846, -9.17525, -2.0782125]"
the parent found the cheese for them .,a teacher brought an engine to him .,PD,PD,FIND,BRING,THE,A,for,to,-39.427268981933594,"[-3.5151815, -7.0998135, -7.721358, -3.6692786, -9.022642, -0.7472026, -5.8920245, -1.7597684]"
the parent found the cheese for them .,a teacher brought him an engine .,PD,DO,FIND,BRING,THE,A,for,to,-38.19171905517578,"[-3.5151815, -7.0998135, -7.721358, -4.7327228, -3.9362156, -9.719908, -1.4665188]"
the parent found the cheese for us .,an aunt left a beer for me .,PD,PD,FIND,LEAVE,THE,A,for,for,-34.86832809448242,"[-5.681805, -8.455986, -6.7069793, -1.268804, -7.765414, -1.5541481, -2.3446546, -1.0905374]"
the parent found the cheese for us .,an aunt left me a beer .,PD,DO,FIND,LEAVE,THE,A,for,for,-35.23777770996094,"[-5.681805, -8.455986, -6.7069793, -4.4163814, -1.3144686, -6.515954, -2.1462023]"
the parent found the coffee for him .,a chief kept a salad for you .,PD,PD,FIND,KEEP,THE,A,for,for,-44.90294647216797,"[-3.510296, -9.174442, -9.728236, -1.7347775, -11.281572, -1.7430968, -6.545299, -1.185228]"
the parent found the coffee for him .,a chief kept you a salad .,PD,DO,FIND,KEEP,THE,A,for,for,-46.26144027709961,"[-3.510296, -9.174442, -9.728236, -5.741415, -5.119442, -10.823759, -2.1638498]"
the parent found the coffee for me .,a secretary sent a crystal to you .,PD,PD,FIND,SEND,THE,A,for,to,-42.42725372314453,"[-3.5007794, -10.920681, -6.8279805, -1.1325188, -10.5973625, -2.2994301, -5.978486, -1.1700181]"
the parent found the coffee for me .,a secretary sent you a crystal .,PD,DO,FIND,SEND,THE,A,for,to,-41.674034118652344,"[-3.5007794, -10.920681, -6.8279805, -6.35898, -1.2634627, -9.489397, -3.3127546]"
the parent found the engine for him .,a manager gave a guitar to you .,PD,PD,FIND,GIVE,THE,A,for,to,-42.667144775390625,"[-3.5374076, -8.553228, -7.643053, -2.0471013, -10.722978, -0.7387992, -8.248868, -1.1757094]"
the parent found the engine for him .,a manager gave you a guitar .,PD,DO,FIND,GIVE,THE,A,for,to,-37.159210205078125,"[-3.5374076, -8.553228, -7.643053, -5.7920284, -1.13406, -8.5021305, -1.9973041]"
the parent found the engine for us .,a club designed a ball for you .,PD,PD,FIND,DESIGN,THE,A,for,for,-42.165504455566406,"[-3.5377307, -8.782822, -7.0447054, -7.4600554, -7.281334, -3.4024525, -3.902361, -0.75404465]"
the parent found the engine for us .,a club designed you a ball .,PD,DO,FIND,DESIGN,THE,A,for,for,-45.000587463378906,"[-3.5377307, -8.782822, -7.0447054, -10.367717, -6.508562, -7.4425573, -1.3164891]"
the parent found the engine for you .,a reader took a newspaper to me .,PD,PD,FIND,TAKE,THE,A,for,to,-41.61656188964844,"[-3.5219285, -6.6120386, -8.319648, -2.3940072, -11.508627, -3.0278435, -4.407707, -1.8247635]"
the parent found the engine for you .,a reader took me a newspaper .,PD,DO,FIND,TAKE,THE,A,for,to,-40.946495056152344,"[-3.5219285, -6.6120386, -8.319648, -3.858992, -1.4819762, -12.598588, -4.5533223]"
the parent found the juice for you .,a doctor caught a television for them .,PD,PD,FIND,CATCH,THE,A,for,for,-45.437950134277344,"[-3.5061345, -7.157254, -7.2604756, -2.4191566, -10.823776, -5.8996673, -7.7208652, -0.65061855]"
the parent found the juice for you .,a doctor caught them a television .,PD,DO,FIND,CATCH,THE,A,for,for,-44.97418975830078,"[-3.5061345, -7.157254, -7.2604756, -6.787313, -6.041609, -11.683902, -2.5375032]"
the parent found them the beer .,an aunt gave a tea to me .,DO,PD,FIND,GIVE,THE,A,for,to,-37.830528259277344,"[-5.65262, -8.224377, -5.602832, -2.4168398, -9.658112, -0.41173127, -4.5946646, -1.2693515]"
the parent found them the beer .,an aunt gave me a tea .,DO,DO,FIND,GIVE,THE,A,for,to,-31.37996482849121,"[-5.65262, -8.224377, -5.602832, -2.7545226, -0.91858035, -6.863453, -1.36358]"
the parent found them the candy .,a mother caught an engine for us .,DO,PD,FIND,CATCH,THE,A,for,for,-46.751949310302734,"[-3.5770843, -5.557846, -5.742316, -3.6849062, -10.026652, -6.245338, -10.765276, -1.152531]"
the parent found them the candy .,a mother caught us an engine .,DO,DO,FIND,CATCH,THE,A,for,for,-41.24443817138672,"[-3.5770843, -5.557846, -5.742316, -8.746168, -4.732668, -10.932886, -1.9554697]"
the parent found them the cheese .,a teacher brought an engine to him .,DO,PD,FIND,BRING,THE,A,for,to,-39.743995666503906,"[-3.5546842, -7.068046, -7.704377, -3.9320095, -8.880667, -0.6630443, -6.537666, -1.4035021]"
the parent found them the cheese .,a teacher brought him an engine .,DO,DO,FIND,BRING,THE,A,for,to,-36.96401596069336,"[-3.5546842, -7.068046, -7.704377, -4.167328, -3.6132054, -9.985706, -0.87067056]"
the parent found us the candy .,a reader caught a box for it .,DO,PD,FIND,CATCH,THE,A,for,for,-41.77577590942383,"[-3.5695646, -6.689968, -7.6318045, -3.210702, -8.480137, -4.6803503, -6.609246, -0.9040024]"
the parent found us the candy .,a reader caught it a box .,DO,DO,FIND,CATCH,THE,A,for,for,-38.47319793701172,"[-3.5695646, -6.689968, -7.6318045, -5.1598883, -5.350884, -8.179509, -1.8915805]"
the parent found us the cheese .,an aunt left a beer for me .,DO,PD,FIND,LEAVE,THE,A,for,for,-36.216121673583984,"[-5.6909857, -8.444553, -6.4403257, -1.808313, -7.764927, -2.7656207, -2.110488, -1.1909068]"
the parent found us the cheese .,an aunt left me a beer .,DO,DO,FIND,LEAVE,THE,A,for,for,-30.59505844116211,"[-5.6909857, -8.444553, -6.4403257, -1.8040739, -1.1124068, -5.916711, -1.1860003]"
the parent found us the engine .,a club designed a ball for you .,DO,PD,FIND,DESIGN,THE,A,for,for,-42.12547302246094,"[-3.5462983, -8.77524, -7.4304, -6.3085957, -6.5295744, -3.779782, -4.766973, -0.9886111]"
the parent found us the engine .,a club designed you a ball .,DO,DO,FIND,DESIGN,THE,A,for,for,-41.91693878173828,"[-3.5462983, -8.77524, -7.4304, -9.38014, -5.1830773, -6.4901733, -1.1116089]"
the parent found you the beer .,a professor sent a machine to them .,DO,PD,FIND,SEND,THE,A,for,to,-43.20225524902344,"[-3.516151, -7.5452332, -7.898365, -1.474405, -10.556059, -1.445724, -9.726446, -1.0398734]"
the parent found you the beer .,a professor sent them a machine .,DO,DO,FIND,SEND,THE,A,for,to,-40.26767349243164,"[-3.516151, -7.5452332, -7.898365, -6.988556, -0.9516789, -10.664064, -2.7036235]"
the parent found you the engine .,a reader took a newspaper to me .,DO,PD,FIND,TAKE,THE,A,for,to,-40.8467903137207,"[-3.5161426, -6.6366396, -7.93068, -2.10525, -11.635189, -2.9785097, -4.000025, -2.0443525]"
the parent found you the engine .,a reader took me a newspaper .,DO,DO,FIND,TAKE,THE,A,for,to,-38.58557891845703,"[-3.5161426, -6.6366396, -7.93068, -2.9940171, -0.9641819, -12.116901, -4.4270163]"
the parent found you the juice .,a doctor caught a television for them .,DO,PD,FIND,CATCH,THE,A,for,for,-45.83856201171875,"[-3.5257518, -7.0454254, -7.0816455, -1.5399961, -10.429757, -6.4746118, -8.76078, -0.9805924]"
the parent found you the juice .,a doctor caught them a television .,DO,DO,FIND,CATCH,THE,A,for,for,-42.08121871948242,"[-3.5257518, -7.0454254, -7.0816455, -5.906967, -5.8125124, -10.880636, -1.8282789]"
the parent gave her the chicken .,a worker showed a salad to them .,DO,PD,GIVE,SHOW,THE,A,to,to,-40.825172424316406,"[-3.5279272, -6.796222, -8.060238, -2.1309502, -9.947836, -1.6784043, -7.9149604, -0.7686364]"
the parent gave her the chicken .,a worker showed them a salad .,DO,DO,GIVE,SHOW,THE,A,to,to,-34.14387512207031,"[-3.5279272, -6.796222, -8.060238, -5.621608, -1.1718079, -7.449155, -1.5169165]"
the parent gave him the juice .,a colonel sold a bottle to them .,DO,PD,GIVE,SELL,THE,A,to,to,-43.12982940673828,"[-3.5493574, -11.069763, -9.811389, -2.3814259, -5.3313274, -2.9071305, -7.2456584, -0.83377695]"
the parent gave him the juice .,a colonel sold them a bottle .,DO,DO,GIVE,SELL,THE,A,to,to,-39.468589782714844,"[-3.5493574, -11.069763, -9.811389, -5.331401, -3.284668, -3.2555313, -3.1664786]"
the parent gave me the juice .,a princess got a candy for him .,DO,PD,GIVE,GET,THE,A,to,for,-40.053955078125,"[-3.5284379, -10.447027, -6.2731385, -1.8333787, -7.782091, -2.9701858, -6.5712166, -0.64848137]"
the parent gave me the juice .,a princess got him a candy .,DO,DO,GIVE,GET,THE,A,to,for,-36.931060791015625,"[-3.5284379, -10.447027, -6.2731385, -6.48384, -2.6333067, -6.300248, -1.2650596]"
the parent gave me the meal .,a candidate fed a candy to him .,DO,PD,GIVE,FEED,THE,A,to,to,-41.13699722290039,"[-3.5636282, -8.577884, -11.358187, -1.7947044, -6.5874295, -2.4497962, -5.2520604, -1.5533085]"
the parent gave me the meal .,a candidate fed him a candy .,DO,DO,GIVE,FEED,THE,A,to,to,-39.4267463684082,"[-3.5636282, -8.577884, -11.358187, -6.370718, -1.4751772, -6.2849293, -1.796224]"
the parent gave the chicken to her .,a worker showed a salad to them .,PD,PD,GIVE,SHOW,THE,A,to,to,-38.395774841308594,"[-3.5245662, -6.8623376, -8.117162, -1.350349, -9.429494, -0.83723974, -7.5449686, -0.72965765]"
the parent gave the chicken to her .,a worker showed them a salad .,PD,DO,GIVE,SHOW,THE,A,to,to,-36.44843292236328,"[-3.5245662, -6.8623376, -8.117162, -6.030598, -1.0645264, -8.395077, -2.4541683]"
the parent gave the chicken to you .,a physician got a meal for them .,PD,PD,GIVE,GET,THE,A,to,for,-41.83097839355469,"[-3.492693, -8.71517, -8.634508, -1.1307819, -9.8027, -1.9619544, -6.9729195, -1.1202503]"
the parent gave the chicken to you .,a physician got them a meal .,PD,DO,GIVE,GET,THE,A,to,for,-40.947471618652344,"[-3.492693, -8.71517, -8.634508, -7.6129265, -4.075637, -6.7537007, -1.662837]"
the parent gave the juice to him .,a colonel sold a bottle to them .,PD,PD,GIVE,SELL,THE,A,to,to,-40.217185974121094,"[-3.5160809, -11.45907, -9.784955, -1.9086695, -4.863371, -2.438401, -5.4654775, -0.7811619]"
the parent gave the juice to him .,a colonel sold them a bottle .,PD,DO,GIVE,SELL,THE,A,to,to,-40.87010192871094,"[-3.5160809, -11.45907, -9.784955, -5.9488106, -3.6266003, -3.221664, -3.31292]"
the parent gave the juice to me .,a princess got a candy for him .,PD,PD,GIVE,GET,THE,A,to,for,-38.10967254638672,"[-3.4980516, -10.44902, -6.538641, -1.4858134, -7.1820574, -2.70389, -5.6160793, -0.6361172]"
the parent gave the juice to me .,a princess got him a candy .,PD,DO,GIVE,GET,THE,A,to,for,-36.56999206542969,"[-3.4980516, -10.44902, -6.538641, -6.6851406, -2.1011882, -5.7396717, -1.5582787]"
the parent gave the meal to me .,a candidate fed a candy to him .,PD,PD,GIVE,FEED,THE,A,to,to,-38.14349365234375,"[-3.53272, -8.518125, -11.684814, -1.4906147, -6.1515465, -1.7767631, -3.8046246, -1.184285]"
the parent gave the meal to me .,a candidate fed him a candy .,PD,DO,GIVE,FEED,THE,A,to,to,-40.710533142089844,"[-3.53272, -8.518125, -11.684814, -7.5808973, -1.1633049, -5.924059, -2.30661]"
the parent gave the meal to you .,a reader sold a cheese to them .,PD,PD,GIVE,SELL,THE,A,to,to,-45.43400955200195,"[-3.5328238, -6.7738304, -11.803459, -2.7190108, -9.774512, -3.1571171, -6.955576, -0.7176795]"
the parent gave the meal to you .,a reader sold them a cheese .,PD,DO,GIVE,SELL,THE,A,to,to,-45.839149475097656,"[-3.5328238, -6.7738304, -11.803459, -8.805164, -4.1843557, -8.027321, -2.7121983]"
the parent gave the pie to us .,an actor delivered a beer for her .,PD,PD,GIVE,DELIVER,THE,A,to,for,-42.17332458496094,"[-5.6803217, -6.8665705, -9.996842, -0.70708257, -8.361183, -3.5759692, -4.663045, -2.3223112]"
the parent gave the pie to us .,an actor delivered her a beer .,PD,DO,GIVE,DELIVER,THE,A,to,for,-43.10372543334961,"[-5.6803217, -6.8665705, -9.996842, -5.791996, -6.8722286, -6.385192, -1.5105731]"
the parent gave the pot to you .,a colonel brought a television to me .,PD,PD,GIVE,BRING,THE,A,to,to,-37.600616455078125,"[-3.5139623, -12.046528, -7.714777, -1.3006893, -8.434772, -0.604432, -3.018787, -0.96666783]"
the parent gave the pot to you .,a colonel brought me a television .,PD,DO,GIVE,BRING,THE,A,to,to,-38.03676223754883,"[-3.5139623, -12.046528, -7.714777, -3.0616317, -1.238002, -9.107557, -1.3543037]"
the parent gave the pot to you .,a mother caught an engine for us .,PD,PD,GIVE,CATCH,THE,A,to,for,-44.81758117675781,"[-3.5139623, -6.024467, -6.7790008, -3.992928, -8.725132, -5.665557, -9.173733, -0.94280267]"
the parent gave the pot to you .,a mother caught us an engine .,PD,DO,GIVE,CATCH,THE,A,to,for,-43.264488220214844,"[-3.5139623, -6.024467, -6.7790008, -8.704225, -7.419233, -9.266384, -1.5572138]"
the parent gave us the pie .,an actor delivered a beer for her .,DO,PD,GIVE,DELIVER,THE,A,to,for,-41.82723617553711,"[-5.678571, -6.770318, -9.630955, -0.85372794, -9.093207, -3.160434, -3.85942, -2.7806036]"
the parent gave us the pie .,an actor delivered her a beer .,DO,DO,GIVE,DELIVER,THE,A,to,for,-42.04036331176758,"[-5.678571, -6.770318, -9.630955, -5.1904874, -7.344763, -6.3927393, -1.0325289]"
the parent gave you the chicken .,a physician got a meal for them .,DO,PD,GIVE,GET,THE,A,to,for,-43.46620559692383,"[-3.49812, -8.504262, -8.503387, -1.250949, -10.557336, -1.9090146, -8.425695, -0.8174411]"
the parent gave you the chicken .,a physician got them a meal .,DO,DO,GIVE,GET,THE,A,to,for,-39.809173583984375,"[-3.49812, -8.504262, -8.503387, -7.599887, -3.507011, -7.2887373, -0.907769]"
the parent gave you the meal .,a reader sold a cheese to them .,DO,PD,GIVE,SELL,THE,A,to,to,-46.423099517822266,"[-3.5485835, -6.7219267, -11.813831, -2.7635415, -9.84079, -3.6279173, -7.434112, -0.67239934]"
the parent gave you the meal .,a reader sold them a cheese .,DO,DO,GIVE,SELL,THE,A,to,to,-44.22531509399414,"[-3.5485835, -6.7219267, -11.813831, -8.910903, -3.5278068, -7.8516703, -1.8505943]"
the parent gave you the pot .,a colonel brought a television to me .,DO,PD,GIVE,BRING,THE,A,to,to,-38.68904113769531,"[-3.514411, -11.797026, -7.601656, -1.5227429, -8.677112, -0.8822207, -3.6289668, -1.0649035]"
the parent gave you the pot .,a colonel brought me a television .,DO,DO,GIVE,BRING,THE,A,to,to,-37.02118682861328,"[-3.514411, -11.797026, -7.601656, -2.6156068, -1.3342667, -9.176596, -0.98162234]"
the parent gave you the pot .,a mother caught an engine for us .,DO,PD,GIVE,CATCH,THE,A,to,for,-45.588287353515625,"[-3.514411, -5.8325887, -6.624794, -4.273515, -9.061703, -5.957882, -9.464208, -0.85918653]"
the parent gave you the pot .,a mother caught us an engine .,DO,DO,GIVE,CATCH,THE,A,to,for,-42.39025115966797,"[-3.514411, -5.8325887, -6.624794, -8.473667, -7.621186, -9.145329, -1.1782737]"
the parent got her the chicken .,a singer took a hat to me .,DO,PD,GET,TAKE,THE,A,for,to,-42.91484069824219,"[-3.5159354, -10.58293, -6.141122, -1.9155594, -7.51031, -4.3748593, -6.9167166, -1.9574084]"
the parent got her the chicken .,a singer took me a hat .,DO,DO,GET,TAKE,THE,A,for,to,-44.114830017089844,"[-3.5159354, -10.58293, -6.141122, -7.397761, -5.063363, -8.89042, -2.5233006]"
the parent got him the chicken .,a secretary gave a tea to you .,DO,PD,GET,GIVE,THE,A,for,to,-41.964908599853516,"[-3.544382, -10.594711, -7.225035, -1.6569469, -8.715429, -0.42334753, -8.298806, -1.5062497]"
the parent got him the chicken .,a secretary gave you a tea .,DO,DO,GET,GIVE,THE,A,for,to,-36.471500396728516,"[-3.544382, -10.594711, -7.225035, -5.7483883, -1.1021159, -7.4154987, -0.8413696]"
the parent got him the motor .,a scientist kept a flower for us .,DO,PD,GET,KEEP,THE,A,for,for,-42.9415283203125,"[-3.5650206, -7.9577456, -9.421959, -1.6671197, -9.7294445, -3.7262712, -5.6603756, -1.2135895]"
the parent got him the motor .,a scientist kept us a flower .,DO,DO,GET,KEEP,THE,A,for,for,-44.145782470703125,"[-3.5650206, -7.9577456, -9.421959, -6.3955116, -4.963477, -10.459424, -1.3826447]"
the parent got me the beer .,a mayor left a pie for her .,DO,PD,GET,LEAVE,THE,A,for,for,-42.33686447143555,"[-3.5349488, -10.385647, -8.72666, -1.7829559, -9.488451, -2.8452153, -3.0361328, -2.5368547]"
the parent got me the beer .,a mayor left her a pie .,DO,DO,GET,LEAVE,THE,A,for,for,-41.09724044799805,"[-3.5349488, -10.385647, -8.72666, -3.5889223, -5.3090534, -8.020226, -1.531784]"
the parent got the beer for me .,a mayor left a pie for her .,PD,PD,GET,LEAVE,THE,A,for,for,-41.76317596435547,"[-3.474771, -10.56931, -8.957389, -1.573296, -9.2909565, -1.8431814, -3.4659915, -2.5882845]"
the parent got the beer for me .,a mayor left her a pie .,PD,DO,GET,LEAVE,THE,A,for,for,-42.97686767578125,"[-3.474771, -10.56931, -8.957389, -3.6896453, -5.196561, -8.184015, -2.9051747]"
the parent got the beer for you .,a soldier promised a flower to us .,PD,PD,GET,PROMISE,THE,A,for,to,-45.92588806152344,"[-3.47997, -8.027016, -11.598516, -1.9502246, -10.538518, -2.0888638, -6.793291, -1.4494867]"
the parent got the beer for you .,a soldier promised us a flower .,PD,DO,GET,PROMISE,THE,A,for,to,-43.136199951171875,"[-3.47997, -8.027016, -11.598516, -6.5095644, -1.683237, -10.092834, -1.7450631]"
the parent got the chicken for her .,a singer took a hat to me .,PD,PD,GET,TAKE,THE,A,for,to,-41.270225524902344,"[-3.5069609, -10.590679, -6.26354, -1.8051698, -7.5997944, -3.798212, -5.465896, -2.239974]"
the parent got the chicken for her .,a singer took me a hat .,PD,DO,GET,TAKE,THE,A,for,to,-43.776859283447266,"[-3.5069609, -10.590679, -6.26354, -7.352193, -5.139053, -8.587313, -2.3371208]"
the parent got the chicken for him .,a secretary gave a tea to you .,PD,PD,GET,GIVE,THE,A,for,to,-41.49599838256836,"[-3.5027175, -10.70963, -7.3991137, -1.306927, -8.114569, -0.67137784, -8.256417, -1.5352461]"
the parent got the chicken for him .,a secretary gave you a tea .,PD,DO,GET,GIVE,THE,A,for,to,-37.05320358276367,"[-3.5027175, -10.70963, -7.3991137, -5.701048, -0.9092778, -7.1450872, -1.6863308]"
the parent got the motor for him .,a scientist kept a flower for us .,PD,PD,GET,KEEP,THE,A,for,for,-41.452903747558594,"[-3.505227, -8.202492, -9.591693, -1.1851966, -9.448542, -2.979941, -5.5179625, -1.0218525]"
the parent got the motor for him .,a scientist kept us a flower .,PD,DO,GET,KEEP,THE,A,for,for,-45.05259704589844,"[-3.505227, -8.202492, -9.591693, -6.7869387, -4.788683, -10.435822, -1.7417426]"
the parent got the motor for you .,an aunt left a beer for me .,PD,PD,GET,LEAVE,THE,A,for,for,-36.483238220214844,"[-5.7275486, -9.014634, -6.443811, -1.2550372, -7.940384, -2.4698029, -2.270726, -1.3612934]"
the parent got the motor for you .,an aunt left me a beer .,PD,DO,GET,LEAVE,THE,A,for,for,-35.096126556396484,"[-5.7275486, -9.014634, -6.443811, -3.3203306, -1.138913, -7.322527, -2.1283615]"
the parent got you the beer .,a soldier promised a flower to us .,DO,PD,GET,PROMISE,THE,A,for,to,-46.34063720703125,"[-3.5084214, -8.05205, -11.815327, -2.0173283, -10.441275, -2.2301114, -6.931239, -1.3448856]"
the parent got you the beer .,a soldier promised us a flower .,DO,DO,GET,PROMISE,THE,A,for,to,-42.30816650390625,"[-3.5084214, -8.05205, -11.815327, -6.2188635, -1.7220535, -9.909285, -1.082165]"
the parent got you the motor .,an aunt left a beer for me .,DO,PD,GET,LEAVE,THE,A,for,for,-37.498138427734375,"[-5.7398376, -8.957544, -6.3025675, -1.6513228, -7.88349, -3.1491308, -2.4391818, -1.3750643]"
the parent got you the motor .,an aunt left me a beer .,DO,DO,GET,LEAVE,THE,A,for,for,-33.24626541137695,"[-5.7398376, -8.957544, -6.3025675, -2.5441031, -1.3198446, -6.8840656, -1.498302]"
the parent kept her the coffee .,a teacher caught a glass for it .,DO,PD,KEEP,CATCH,THE,A,for,for,-42.4984130859375,"[-3.5184784, -6.9708047, -7.2788506, -3.8338268, -7.785879, -5.8624425, -6.4645743, -0.7835561]"
the parent kept her the coffee .,a teacher caught it a glass .,DO,DO,KEEP,CATCH,THE,A,for,for,-43.4320068359375,"[-3.5184784, -6.9708047, -7.2788506, -6.755795, -6.2048087, -9.730886, -2.9723823]"
the parent kept her the log .,a guest sent a camera to me .,DO,PD,KEEP,SEND,THE,A,for,to,-40.114437103271484,"[-3.5180922, -7.5945125, -11.150362, -2.769314, -9.183808, -1.1252537, -3.2393079, -1.5337884]"
the parent kept her the log .,a guest sent me a camera .,DO,DO,KEEP,SEND,THE,A,for,to,-36.67109298706055,"[-3.5180922, -7.5945125, -11.150362, -2.0772812, -1.2247782, -8.994133, -2.111933]"
the parent kept her the pie .,a cop sold a coat to you .,DO,PD,KEEP,SELL,THE,A,for,to,-45.16021728515625,"[-3.5417955, -8.340745, -10.861285, -1.3254887, -8.879319, -3.007135, -7.6732635, -1.5311857]"
the parent kept her the pie .,a cop sold you a coat .,DO,DO,KEEP,SELL,THE,A,for,to,-37.37144088745117,"[-3.5417955, -8.340745, -10.861285, -5.3684793, -0.75268614, -7.0071306, -1.4993204]"
the parent kept it the meal .,a sheriff took a book to us .,DO,PD,KEEP,TAKE,THE,A,for,to,-44.20832443237305,"[-3.5418363, -8.588568, -6.667281, -1.4188262, -9.9870615, -2.9682286, -9.231597, -1.8049266]"
the parent kept it the meal .,a sheriff took us a book .,DO,DO,KEEP,TAKE,THE,A,for,to,-42.77265930175781,"[-3.5418363, -8.588568, -6.667281, -7.414196, -4.118443, -10.198965, -2.2433734]"
the parent kept the chocolate for us .,an employer got a beer for you .,PD,PD,KEEP,GET,THE,A,for,for,-35.354454040527344,"[-5.6840553, -7.381344, -7.5408735, -1.140091, -8.381557, -1.1336423, -3.1563554, -0.93653613]"
the parent kept the chocolate for us .,an employer got you a beer .,PD,DO,KEEP,GET,THE,A,for,for,-36.33135986328125,"[-5.6840553, -7.381344, -7.5408735, -6.1498966, -0.78853875, -6.949487, -1.8371656]"
the parent kept the coffee for her .,a teacher caught a glass for it .,PD,PD,KEEP,CATCH,THE,A,for,for,-42.82056427001953,"[-3.5069714, -7.1093645, -7.395576, -4.4400935, -7.287881, -5.233275, -6.9699745, -0.8774296]"
the parent kept the coffee for her .,a teacher caught it a glass .,PD,DO,KEEP,CATCH,THE,A,for,for,-45.30436706542969,"[-3.5069714, -7.1093645, -7.395576, -6.6962104, -6.211368, -11.047383, -3.3374913]"
the parent kept the log for her .,a guest sent a camera to me .,PD,PD,KEEP,SEND,THE,A,for,to,-41.48585891723633,"[-3.526166, -7.5037003, -11.493607, -3.0842395, -9.7866745, -0.9917358, -3.483408, -1.6163287]"
the parent kept the log for her .,a guest sent me a camera .,PD,DO,KEEP,SEND,THE,A,for,to,-38.82943344116211,"[-3.526166, -7.5037003, -11.493607, -3.1639953, -1.4486799, -9.095729, -2.5975556]"
the parent kept the log for them .,a worker drew an engine for you .,PD,PD,KEEP,DRAW,THE,A,for,for,-44.60516357421875,"[-3.5206263, -6.7284646, -9.968441, -3.4195979, -8.073853, -3.4019852, -8.225291, -1.2669038]"
the parent kept the log for them .,a worker drew you an engine .,PD,DO,KEEP,DRAW,THE,A,for,for,-46.686275482177734,"[-3.5206263, -6.7284646, -9.968441, -10.65173, -3.6728456, -9.477772, -2.666396]"
the parent kept the log for us .,a daughter saved a coffee for me .,PD,PD,KEEP,SAVE,THE,A,for,for,-41.086612701416016,"[-3.5135741, -8.754004, -9.461646, -1.5473335, -10.028798, -2.9988375, -3.7618434, -1.0205765]"
the parent kept the log for us .,a daughter saved me a coffee .,PD,DO,KEEP,SAVE,THE,A,for,for,-38.130821228027344,"[-3.5135741, -8.754004, -9.461646, -5.302208, -2.1772578, -7.428621, -1.4935104]"
the parent kept the meal for it .,a sheriff took a book to us .,PD,PD,KEEP,TAKE,THE,A,for,to,-42.630828857421875,"[-3.5405464, -8.753283, -6.4181414, -1.3165529, -9.468719, -2.742437, -8.68419, -1.7069601]"
the parent kept the meal for it .,a sheriff took us a book .,PD,DO,KEEP,TAKE,THE,A,for,to,-42.68401336669922,"[-3.5405464, -8.753283, -6.4181414, -7.52936, -3.9725204, -10.038178, -2.4319818]"
the parent kept the meal for you .,a teacher made a log for me .,PD,PD,KEEP,MAKE,THE,A,for,for,-34.41230010986328,"[-3.5131183, -7.1260633, -6.238689, -0.8155756, -10.14593, -2.5844507, -2.7002218, -1.2882541]"
the parent kept the meal for you .,a teacher made me a log .,PD,DO,KEEP,MAKE,THE,A,for,for,-34.38072204589844,"[-3.5131183, -7.1260633, -6.238689, -5.737156, -1.3771666, -9.049086, -1.3394417]"
the parent kept the pie for her .,a cop sold a coat to you .,PD,PD,KEEP,SELL,THE,A,for,to,-45.11285400390625,"[-3.5347385, -8.39648, -10.845499, -1.3852941, -8.855206, -2.6981122, -7.5486846, -1.848842]"
the parent kept the pie for her .,a cop sold you a coat .,PD,DO,KEEP,SELL,THE,A,for,to,-38.37657928466797,"[-3.5347385, -8.39648, -10.845499, -5.679631, -0.7970963, -7.134727, -1.9884101]"
the parent kept the pie for us .,a woman drew a bag for them .,PD,PD,KEEP,DRAW,THE,A,for,for,-37.178306579589844,"[-3.5227847, -4.0889096, -9.591639, -0.65610844, -8.532731, -3.6802278, -5.459731, -1.6461732]"
the parent kept the pie for us .,a woman drew them a bag .,PD,DO,KEEP,DRAW,THE,A,for,for,-37.99409103393555,"[-3.5227847, -4.0889096, -9.591639, -8.26548, -1.6321503, -7.561187, -3.3319416]"
the parent kept the pie for us .,a woman saved a plate for you .,PD,PD,KEEP,SAVE,THE,A,for,for,-40.410545349121094,"[-3.5227847, -4.0889096, -8.796961, -1.1965992, -11.885693, -3.851112, -6.2074428, -0.8610412]"
the parent kept the pie for us .,a woman saved you a plate .,PD,DO,KEEP,SAVE,THE,A,for,for,-42.365203857421875,"[-3.5227847, -4.0889096, -8.796961, -9.3074045, -3.924579, -9.161158, -3.5634072]"
the parent kept them the log .,a worker drew an engine for you .,DO,PD,KEEP,DRAW,THE,A,for,for,-44.833866119384766,"[-3.546086, -6.8815126, -9.453411, -3.5226662, -7.7207365, -4.1831865, -8.30977, -1.2164986]"
the parent kept them the log .,a worker drew you an engine .,DO,DO,KEEP,DRAW,THE,A,for,for,-43.91859436035156,"[-3.546086, -6.8815126, -9.453411, -10.000725, -3.1234863, -9.052705, -1.860666]"
the parent kept us the chocolate .,an employer got a beer for you .,DO,PD,KEEP,GET,THE,A,for,for,-37.40250015258789,"[-5.685512, -7.348832, -7.004179, -1.2852648, -8.167307, -1.9229591, -5.1036863, -0.88475895]"
the parent kept us the chocolate .,an employer got you a beer .,DO,DO,KEEP,GET,THE,A,for,for,-34.06150817871094,"[-5.685512, -7.348832, -7.004179, -5.502783, -0.6565789, -6.862509, -1.0011134]"
the parent kept us the log .,a daughter saved a coffee for me .,DO,PD,KEEP,SAVE,THE,A,for,for,-41.15830993652344,"[-3.5276427, -8.774204, -9.396873, -2.1574266, -9.80325, -3.596036, -2.9537325, -0.94914144]"
the parent kept us the log .,a daughter saved me a coffee .,DO,DO,KEEP,SAVE,THE,A,for,for,-34.44567108154297,"[-3.5276427, -8.774204, -9.396873, -2.9949167, -1.796637, -6.791935, -1.1634641]"
the parent kept us the pie .,a woman drew a bag for them .,DO,PD,KEEP,DRAW,THE,A,for,for,-39.26224136352539,"[-3.5305972, -4.1331162, -9.350636, -0.7177766, -8.687662, -4.3231916, -6.7023306, -1.8169335]"
the parent kept us the pie .,a woman drew them a bag .,DO,DO,KEEP,DRAW,THE,A,for,for,-36.379364013671875,"[-3.5305972, -4.1331162, -9.350636, -7.950605, -0.92960984, -7.568864, -2.915936]"
the parent kept us the pie .,a woman saved a plate for you .,DO,PD,KEEP,SAVE,THE,A,for,for,-42.541236877441406,"[-3.5305972, -4.1331162, -8.755275, -1.334874, -12.05376, -5.190056, -6.7535477, -0.7900094]"
the parent kept us the pie .,a woman saved you a plate .,DO,DO,KEEP,SAVE,THE,A,for,for,-38.71827697753906,"[-3.5305972, -4.1331162, -8.755275, -8.6401005, -2.1171126, -9.01577, -2.526305]"
the parent kept you the meal .,a teacher made a log for me .,DO,PD,KEEP,MAKE,THE,A,for,for,-36.65625,"[-3.5350063, -7.0966635, -6.131072, -0.7894855, -10.47413, -3.426467, -3.808514, -1.3949122]"
the parent kept you the meal .,a teacher made me a log .,DO,DO,KEEP,MAKE,THE,A,for,for,-33.69280242919922,"[-3.5350063, -7.0966635, -6.131072, -5.0862594, -1.0193679, -9.869516, -0.9549178]"
the parent left her the button .,a minister fed a candy to me .,DO,PD,LEAVE,FEED,THE,A,for,to,-45.38434982299805,"[-3.5122228, -9.902943, -11.070897, -1.4271451, -8.759609, -2.5704727, -6.926803, -1.2142565]"
the parent left her the button .,a minister fed me a candy .,DO,DO,LEAVE,FEED,THE,A,for,to,-40.27006530761719,"[-3.5122228, -9.902943, -11.070897, -5.080551, -0.7149121, -7.0679836, -2.9205565]"
the parent left me the guitar .,a princess bought a bag for them .,DO,PD,LEAVE,BUY,THE,A,for,for,-40.653831481933594,"[-3.519611, -10.80933, -8.045144, -0.6779186, -5.4374704, -3.912768, -7.1270876, -1.1244992]"
the parent left me the guitar .,a princess bought them a bag .,DO,DO,LEAVE,BUY,THE,A,for,for,-38.50432205200195,"[-3.519611, -10.80933, -8.045144, -6.52369, -1.2474378, -5.7389984, -2.6201122]"
the parent left me the salad .,a lady purchased a cheese for them .,DO,PD,LEAVE,PURCHASE,THE,A,for,for,-43.12491989135742,"[-3.5501788, -8.000447, -10.023121, -0.7548284, -7.5062256, -3.381802, -8.786824, -1.121492]"
the parent left me the salad .,a lady purchased them a cheese .,DO,DO,LEAVE,PURCHASE,THE,A,for,for,-45.47866439819336,"[-3.5501788, -8.000447, -10.023121, -8.0326805, -4.7349916, -8.423046, -2.7142003]"
the parent left me the salad .,an author delivered an instrument for us .,DO,PD,LEAVE,DELIVER,THE,A,for,for,-46.790184020996094,"[-5.6863365, -7.38955, -9.482916, -2.5057874, -11.706292, -2.4254885, -5.4660954, -2.1277199]"
the parent left me the salad .,an author delivered us an instrument .,DO,DO,LEAVE,DELIVER,THE,A,for,for,-45.254676818847656,"[-5.6863365, -7.38955, -9.482916, -6.6566577, -3.0660007, -10.556164, -2.417049]"
the parent left me the tea .,an employer kept a coffee for it .,DO,PD,LEAVE,KEEP,THE,A,for,for,-44.44550323486328,"[-5.6663384, -7.576577, -9.174737, -1.5509593, -8.542336, -3.612218, -7.4576416, -0.8646932]"
the parent left me the tea .,an employer kept it a coffee .,DO,DO,LEAVE,KEEP,THE,A,for,for,-42.83686065673828,"[-5.6663384, -7.576577, -9.174737, -5.286257, -1.9581047, -12.322094, -0.8527546]"
the parent left the button for her .,a minister fed a candy to me .,PD,PD,LEAVE,FEED,THE,A,for,to,-44.81247329711914,"[-3.5054355, -9.893418, -11.2464, -1.707072, -8.986639, -2.0888581, -6.1120524, -1.2725976]"
the parent left the button for her .,a minister fed me a candy .,PD,DO,LEAVE,FEED,THE,A,for,to,-41.13547897338867,"[-3.5054355, -9.893418, -11.2464, -5.426036, -0.8983995, -7.373295, -2.7924948]"
the parent left the guitar for me .,a princess bought a bag for them .,PD,PD,LEAVE,BUY,THE,A,for,for,-39.49138259887695,"[-3.4839244, -10.950999, -8.107553, -0.6126696, -5.5022106, -3.1953125, -6.6548185, -0.98389465]"
the parent left the guitar for me .,a princess bought them a bag .,PD,DO,LEAVE,BUY,THE,A,for,for,-40.53153991699219,"[-3.4839244, -10.950999, -8.107553, -6.4639287, -2.293623, -6.069475, -3.1620355]"
the parent left the guitar for us .,a captain purchased a tea for me .,PD,PD,LEAVE,PURCHASE,THE,A,for,for,-42.656707763671875,"[-3.4916742, -10.354809, -11.592449, -0.8899445, -9.513116, -2.2331812, -3.492124, -1.0894101]"
the parent left the guitar for us .,a captain purchased me a tea .,PD,DO,LEAVE,PURCHASE,THE,A,for,for,-43.87214660644531,"[-3.4916742, -10.354809, -11.592449, -7.4162517, -0.51113254, -7.95719, -2.5486414]"
the parent left the guitar for you .,a buddy found a jacket for us .,PD,PD,LEAVE,FIND,THE,A,for,for,-37.911170959472656,"[-3.4855738, -10.719779, -6.561189, -0.954965, -8.716092, -1.7423879, -4.6479225, -1.0832584]"
the parent left the guitar for you .,a buddy found us a jacket .,PD,DO,LEAVE,FIND,THE,A,for,for,-40.695045471191406,"[-3.4855738, -10.719779, -6.561189, -6.488972, -2.6270862, -9.082235, -1.7302115]"
the parent left the guitar for you .,a mayor saved a pie for him .,PD,PD,LEAVE,SAVE,THE,A,for,for,-46.041439056396484,"[-3.4855738, -11.036304, -11.442028, -1.3087327, -10.664668, -1.41562, -5.655765, -1.032747]"
the parent left the guitar for you .,a mayor saved him a pie .,PD,DO,LEAVE,SAVE,THE,A,for,for,-45.46123123168945,"[-3.4855738, -11.036304, -11.442028, -6.1394186, -2.4064517, -9.742287, -1.2091687]"
the parent left the salad for me .,a lady purchased a cheese for them .,PD,PD,LEAVE,PURCHASE,THE,A,for,for,-41.3729248046875,"[-3.523654, -8.065733, -9.846397, -0.8911299, -7.499049, -2.15367, -8.470645, -0.9226469]"
the parent left the salad for me .,a lady purchased them a cheese .,PD,DO,LEAVE,PURCHASE,THE,A,for,for,-48.48235321044922,"[-3.523654, -8.065733, -9.846397, -8.325747, -4.9249115, -10.328545, -3.467369]"
the parent left the salad for me .,an author delivered an instrument for us .,PD,PD,LEAVE,DELIVER,THE,A,for,for,-47.911895751953125,"[-5.6912355, -7.4651427, -9.5853, -2.697938, -13.48411, -1.6767592, -5.914178, -1.3972296]"
the parent left the salad for me .,an author delivered us an instrument .,PD,DO,LEAVE,DELIVER,THE,A,for,for,-49.31481170654297,"[-5.6912355, -7.4651427, -9.5853, -9.476739, -3.7078526, -10.451833, -2.9367073]"
the parent left the tea for me .,an employer kept a coffee for it .,PD,PD,LEAVE,KEEP,THE,A,for,for,-43.273765563964844,"[-5.6879945, -7.691598, -9.436635, -1.2546834, -8.671892, -1.7808887, -7.922058, -0.8280176]"
the parent left the tea for me .,an employer kept it a coffee .,PD,DO,LEAVE,KEEP,THE,A,for,for,-44.479896545410156,"[-5.6879945, -7.691598, -9.436635, -5.041419, -1.733959, -13.08952, -1.7987703]"
the parent left us the guitar .,a captain purchased a tea for me .,DO,PD,LEAVE,PURCHASE,THE,A,for,for,-43.9126091003418,"[-3.5244575, -10.366673, -11.608566, -0.8849507, -9.548989, -2.8528187, -3.8269634, -1.2991914]"
the parent left us the guitar .,a captain purchased me a tea .,DO,DO,LEAVE,PURCHASE,THE,A,for,for,-42.183868408203125,"[-3.5244575, -10.366673, -11.608566, -6.3658466, -0.5179495, -8.214386, -1.5859895]"
the parent left you the guitar .,a buddy found a jacket for us .,DO,PD,LEAVE,FIND,THE,A,for,for,-40.04924774169922,"[-3.5022097, -10.895538, -6.375767, -0.9457178, -9.271166, -2.7977104, -5.353688, -0.90745294]"
the parent left you the guitar .,a buddy found us a jacket .,DO,DO,LEAVE,FIND,THE,A,for,for,-38.38364028930664,"[-3.5022097, -10.895538, -6.375767, -6.2853136, -2.160664, -8.45513, -0.70901716]"
the parent left you the guitar .,a mayor saved a pie for him .,DO,PD,LEAVE,SAVE,THE,A,for,for,-48.298828125,"[-3.5022097, -11.218728, -11.556025, -1.2740023, -11.035794, -2.5229635, -6.0533457, -1.1357605]"
the parent left you the guitar .,a mayor saved him a pie .,DO,DO,LEAVE,SAVE,THE,A,for,for,-44.65925598144531,"[-3.5022097, -11.218728, -11.556025, -5.892189, -1.7553221, -9.828259, -0.9065248]"
the parent made him the book .,a reader took a newspaper to me .,DO,PD,MAKE,TAKE,THE,A,for,to,-38.315101623535156,"[-3.5066488, -6.982563, -6.5049877, -1.9907956, -10.790099, -3.345125, -3.0601323, -2.1347504]"
the parent made him the book .,a reader took me a newspaper .,DO,DO,MAKE,TAKE,THE,A,for,to,-33.261573791503906,"[-3.5066488, -6.982563, -6.5049877, -2.5038705, -0.6890009, -9.280859, -3.7936454]"
the parent made it the box .,a priest drew a key for us .,DO,PD,MAKE,DRAW,THE,A,for,for,-43.03167724609375,"[-3.475512, -8.685991, -8.627953, -0.94060504, -7.3989944, -4.359918, -8.030046, -1.5126574]"
the parent made it the box .,a priest drew us a key .,DO,DO,MAKE,DRAW,THE,A,for,for,-38.806129455566406,"[-3.475512, -8.685991, -8.627953, -7.5213013, -1.4147041, -7.32628, -1.7543845]"
the parent made it the box .,a husband purchased a bowl for them .,DO,PD,MAKE,PURCHASE,THE,A,for,for,-43.154075622558594,"[-3.475512, -8.555548, -10.104663, -0.60751855, -7.6001544, -3.6527636, -7.575612, -1.582305]"
the parent made it the box .,a husband purchased them a bowl .,DO,DO,MAKE,PURCHASE,THE,A,for,for,-44.314273834228516,"[-3.475512, -8.555548, -10.104663, -7.1607184, -4.6782813, -7.0869937, -3.2525563]"
the parent made it the glass .,a singer showed a pie to you .,DO,PD,MAKE,SHOW,THE,A,for,to,-47.721153259277344,"[-3.4721231, -10.83765, -9.280658, -2.4621394, -10.004236, -2.1806228, -7.768093, -1.7156305]"
the parent made it the glass .,a singer showed you a pie .,DO,DO,MAKE,SHOW,THE,A,for,to,-42.76915740966797,"[-3.4721231, -10.83765, -9.280658, -6.0449142, -1.7376065, -9.597725, -1.7984788]"
the parent made the book for him .,a reader took a newspaper to me .,PD,PD,MAKE,TAKE,THE,A,for,to,-37.382171630859375,"[-3.4959269, -6.813501, -6.6198673, -2.054631, -10.417534, -2.720337, -3.4514496, -1.8089247]"
the parent made the book for him .,a reader took me a newspaper .,PD,DO,MAKE,TAKE,THE,A,for,to,-36.15953826904297,"[-3.4959269, -6.813501, -6.6198673, -3.8807094, -1.2691616, -10.139172, -3.9411998]"
the parent made the box for it .,a priest drew a key for us .,PD,PD,MAKE,DRAW,THE,A,for,for,-43.73206329345703,"[-3.4867425, -8.513286, -8.435736, -0.7404893, -7.251351, -3.988066, -9.917584, -1.3988059]"
the parent made the box for it .,a priest drew us a key .,PD,DO,MAKE,DRAW,THE,A,for,for,-39.66919708251953,"[-3.4867425, -8.513286, -8.435736, -8.151137, -1.5584503, -7.4764056, -2.0474386]"
the parent made the box for it .,a husband purchased a bowl for them .,PD,PD,MAKE,PURCHASE,THE,A,for,for,-40.992889404296875,"[-3.4867425, -8.482528, -10.571166, -0.62296015, -7.584698, -3.045232, -5.907873, -1.2916877]"
the parent made the box for it .,a husband purchased them a bowl .,PD,DO,MAKE,PURCHASE,THE,A,for,for,-47.22657012939453,"[-3.4867425, -8.482528, -10.571166, -7.0358725, -4.9003606, -8.722306, -4.027592]"
the parent made the box for us .,a guest got a juice for you .,PD,PD,MAKE,GET,THE,A,for,for,-42.451446533203125,"[-3.492158, -7.5480833, -10.718489, -1.2345986, -10.820274, -3.4932523, -4.3075953, -0.8369975]"
the parent made the box for us .,a guest got you a juice .,PD,DO,MAKE,GET,THE,A,for,for,-42.575462341308594,"[-3.492158, -7.5480833, -10.718489, -5.7081475, -1.5122197, -9.959899, -3.636465]"
the parent made the engine for them .,a colonel brought a tea to you .,PD,PD,MAKE,BRING,THE,A,for,to,-41.529598236083984,"[-3.4713984, -11.570974, -7.735452, -1.7696393, -8.237091, -1.381033, -6.097534, -1.2664758]"
the parent made the engine for them .,a colonel brought you a tea .,PD,DO,MAKE,BRING,THE,A,for,to,-38.4992790222168,"[-3.4713984, -11.570974, -7.735452, -4.851653, -1.7553439, -7.4782295, -1.636227]"
the parent made the engine for you .,a hero threw a newspaper to us .,PD,PD,MAKE,THROW,THE,A,for,to,-42.43830108642578,"[-3.4599295, -8.648817, -9.98111, -0.65501475, -8.466028, -2.8723464, -7.0573153, -1.2977415]"
the parent made the engine for you .,a hero threw us a newspaper .,PD,DO,MAKE,THROW,THE,A,for,to,-42.045188903808594,"[-3.4599295, -8.648817, -9.98111, -7.646353, -1.1232169, -9.632086, -1.5536803]"
the parent made the glass for it .,a singer showed a pie to you .,PD,PD,MAKE,SHOW,THE,A,for,to,-46.89549255371094,"[-3.496485, -10.730453, -8.894371, -2.5261827, -9.722535, -2.1250174, -7.737415, -1.663033]"
the parent made the glass for it .,a singer showed you a pie .,PD,DO,MAKE,SHOW,THE,A,for,to,-43.17443084716797,"[-3.496485, -10.730453, -8.894371, -6.2817636, -1.7690787, -9.66539, -2.3368883]"
the parent made the glass for us .,a prince left a meal for him .,PD,PD,MAKE,LEAVE,THE,A,for,for,-36.768341064453125,"[-3.497526, -11.380958, -6.2800903, -1.2022401, -8.145399, -0.779499, -3.816813, -1.6658148]"
the parent made the glass for us .,a prince left him a meal .,PD,DO,MAKE,LEAVE,THE,A,for,for,-36.412113189697266,"[-3.497526, -11.380958, -6.2800903, -5.087185, -1.3217343, -6.73407, -2.110549]"
the parent made the iron for them .,a chief delivered a cigarette for you .,PD,PD,MAKE,DELIVER,THE,A,for,for,-44.837364196777344,"[-3.4677374, -9.035279, -12.248886, -1.0358894, -8.048491, -3.6101668, -6.2426596, -1.1482544]"
the parent made the iron for them .,a chief delivered you a cigarette .,PD,DO,MAKE,DELIVER,THE,A,for,for,-43.27534484863281,"[-3.4677374, -9.035279, -12.248886, -8.395022, -0.92508817, -7.9616895, -1.2416425]"
the parent made them the engine .,a colonel brought a tea to you .,DO,PD,MAKE,BRING,THE,A,for,to,-41.96800994873047,"[-3.4863591, -11.701403, -7.862676, -1.769853, -8.141777, -1.244505, -6.7402253, -1.0212147]"
the parent made them the engine .,a colonel brought you a tea .,DO,DO,MAKE,BRING,THE,A,for,to,-38.46575164794922,"[-3.4863591, -11.701403, -7.862676, -5.029267, -1.7646207, -7.4734516, -1.1479754]"
the parent made them the iron .,a chief delivered a cigarette for you .,DO,PD,MAKE,DELIVER,THE,A,for,for,-47.28099060058594,"[-3.4708445, -8.891111, -12.225226, -0.99856323, -8.880888, -5.2581773, -6.4645505, -1.0916314]"
the parent made them the iron .,a chief delivered you a cigarette .,DO,DO,MAKE,DELIVER,THE,A,for,for,-41.7545166015625,"[-3.4708445, -8.891111, -12.225226, -7.976812, -0.90467966, -7.4075193, -0.87832433]"
the parent made us the box .,a guest got a juice for you .,DO,PD,MAKE,GET,THE,A,for,for,-44.68866729736328,"[-3.5041666, -7.564539, -11.071979, -1.4952842, -10.785078, -4.289132, -5.012945, -0.9655458]"
the parent made us the box .,a guest got you a juice .,DO,DO,MAKE,GET,THE,A,for,for,-41.15607452392578,"[-3.5041666, -7.564539, -11.071979, -4.87545, -1.137107, -10.046066, -2.956765]"
the parent made us the glass .,a prince left a meal for him .,DO,PD,MAKE,LEAVE,THE,A,for,for,-37.5794563293457,"[-3.4992657, -11.287451, -6.353775, -1.334641, -8.307823, -1.3320272, -3.9775844, -1.4868902]"
the parent made us the glass .,a prince left him a meal .,DO,DO,MAKE,LEAVE,THE,A,for,for,-35.493934631347656,"[-3.4992657, -11.287451, -6.353775, -4.489777, -0.93861675, -7.290406, -1.6346405]"
the parent made you the engine .,a hero threw a newspaper to us .,DO,PD,MAKE,THROW,THE,A,for,to,-42.903656005859375,"[-3.45247, -8.701531, -9.895501, -0.665644, -8.333776, -2.7292876, -7.682047, -1.443401]"
the parent made you the engine .,a hero threw us a newspaper .,DO,DO,MAKE,THROW,THE,A,for,to,-41.277854919433594,"[-3.45247, -8.701531, -9.895501, -7.567473, -0.99112505, -9.27157, -1.3981798]"
the parent promised her the juice .,a colonel got a meal for you .,DO,PD,PROMISE,GET,THE,A,to,for,-45.685604095458984,"[-3.5963051, -11.207725, -7.782467, -1.9364064, -9.475309, -2.5960968, -8.212057, -0.87923706]"
the parent promised her the juice .,a colonel got you a meal .,DO,DO,PROMISE,GET,THE,A,to,for,-38.8741569519043,"[-3.5963051, -11.207725, -7.782467, -7.414571, -1.5269363, -6.32073, -1.0254248]"
the parent promised him the juice .,a boy fed a cheese to us .,DO,PD,PROMISE,FEED,THE,A,to,to,-42.85752868652344,"[-3.608673, -6.859456, -9.870472, -1.8291945, -6.1355696, -3.6211, -8.918798, -2.0142653]"
the parent promised him the juice .,a boy fed us a cheese .,DO,DO,PROMISE,FEED,THE,A,to,to,-39.72705841064453,"[-3.608673, -6.859456, -9.870472, -8.161276, -2.5443666, -6.214717, -2.4680972]"
the parent promised him the tea .,a bishop bought a chocolate for us .,DO,PD,PROMISE,BUY,THE,A,to,for,-42.713748931884766,"[-3.6135678, -9.356836, -9.746912, -1.2327994, -5.8593025, -6.0306115, -5.6917124, -1.1820072]"
the parent promised him the tea .,a bishop bought us a chocolate .,DO,DO,PROMISE,BUY,THE,A,to,for,-39.203636169433594,"[-3.6135678, -9.356836, -9.746912, -6.425399, -1.0826093, -4.8087835, -4.16953]"
the parent promised me the chicken .,a minister purchased an anchor for us .,DO,PD,PROMISE,PURCHASE,THE,A,to,for,-46.23225402832031,"[-3.581211, -9.329196, -11.501994, -3.1291568, -8.648561, -2.206205, -5.9997582, -1.8361735]"
the parent promised me the chicken .,a minister purchased us an anchor .,DO,DO,PROMISE,PURCHASE,THE,A,to,for,-46.61981201171875,"[-3.581211, -9.329196, -11.501994, -7.566639, -3.667996, -8.927265, -2.0455112]"
the parent promised me the juice .,a president bought an anchor for them .,DO,PD,PROMISE,BUY,THE,A,to,for,-44.96049499511719,"[-3.5891905, -9.416323, -9.379167, -3.270883, -8.042154, -2.3282769, -7.953761, -0.9807398]"
the parent promised me the juice .,a president bought them an anchor .,DO,DO,PROMISE,BUY,THE,A,to,for,-43.39958953857422,"[-3.5891905, -9.416323, -9.379167, -6.007359, -4.9791207, -8.337074, -1.691355]"
the parent promised me the tea .,a child saved a juice for her .,DO,PD,PROMISE,SAVE,THE,A,to,for,-45.94499206542969,"[-3.602405, -6.068873, -9.063275, -2.3325, -13.031121, -5.082228, -1.6684368, -5.096151]"
the parent promised me the tea .,a child saved her a juice .,DO,DO,PROMISE,SAVE,THE,A,to,for,-40.66262435913086,"[-3.602405, -6.068873, -9.063275, -1.9543012, -7.704234, -9.810181, -2.4593563]"
the parent promised the book to us .,an attorney saved an anchor for me .,PD,PD,PROMISE,SAVE,THE,A,to,for,-43.51095962524414,"[-5.710085, -5.7059507, -12.6733675, -3.6380668, -9.048619, -2.8939347, -3.0546432, -0.78629214]"
the parent promised the book to us .,an attorney saved me an anchor .,PD,DO,PROMISE,SAVE,THE,A,to,for,-45.549686431884766,"[-5.710085, -5.7059507, -12.6733675, -3.3294683, -4.2004137, -11.66743, -2.262972]"
the parent promised the chicken to me .,a minister purchased an anchor for us .,PD,PD,PROMISE,PURCHASE,THE,A,to,for,-47.11434555053711,"[-3.518044, -9.667671, -12.197267, -3.0913532, -8.784594, -2.0644326, -5.9451704, -1.8458151]"
the parent promised the chicken to me .,a minister purchased us an anchor .,PD,DO,PROMISE,PURCHASE,THE,A,to,for,-49.73224639892578,"[-3.518044, -9.667671, -12.197267, -9.04199, -3.6440105, -9.087948, -2.5753133]"
the parent promised the chicken to you .,a reader found a key for us .,PD,PD,PROMISE,FIND,THE,A,to,for,-46.865230560302734,"[-3.5127509, -6.860506, -6.4357166, -10.858026, -7.4877806, -4.3423824, -6.347319, -1.0207477]"
the parent promised the chicken to you .,a reader found us a key .,PD,DO,PROMISE,FIND,THE,A,to,for,-51.45069885253906,"[-3.5127509, -6.860506, -6.4357166, -16.987196, -6.035925, -8.466014, -3.1525917]"
the parent promised the juice to her .,a colonel got a meal for you .,PD,PD,PROMISE,GET,THE,A,to,for,-45.00789260864258,"[-3.545273, -11.499238, -8.042707, -1.7386137, -9.153415, -2.3465843, -7.688593, -0.9934672]"
the parent promised the juice to her .,a colonel got you a meal .,PD,DO,PROMISE,GET,THE,A,to,for,-39.74156188964844,"[-3.545273, -11.499238, -8.042707, -7.197516, -1.4028708, -6.5951705, -1.4587846]"
the parent promised the juice to him .,a boy fed a cheese to us .,PD,PD,PROMISE,FEED,THE,A,to,to,-39.3864631652832,"[-3.5375533, -6.973632, -10.108397, -1.3909352, -6.113573, -1.4854288, -7.6545634, -2.1223793]"
the parent promised the juice to him .,a boy fed us a cheese .,PD,DO,PROMISE,FEED,THE,A,to,to,-40.881690979003906,"[-3.5375533, -6.973632, -10.108397, -9.078635, -2.0469337, -6.0961456, -3.0403936]"
the parent promised the juice to me .,a president bought an anchor for them .,PD,PD,PROMISE,BUY,THE,A,to,for,-45.1442756652832,"[-3.531316, -9.421198, -9.749307, -3.178268, -8.065203, -2.1342497, -7.8903313, -1.1744038]"
the parent promised the juice to me .,a president bought them an anchor .,PD,DO,PROMISE,BUY,THE,A,to,for,-46.94366455078125,"[-3.531316, -9.421198, -9.749307, -6.777187, -6.5811462, -8.694277, -2.1892343]"
the parent promised the pie to you .,a father left a juice for them .,PD,PD,PROMISE,LEAVE,THE,A,to,for,-45.277278900146484,"[-3.5644214, -6.3840404, -6.19055, -1.764037, -12.638536, -5.202368, -8.363176, -1.1701485]"
the parent promised the pie to you .,a father left them a juice .,PD,DO,PROMISE,LEAVE,THE,A,to,for,-41.65047836303711,"[-3.5644214, -6.3840404, -6.19055, -8.154767, -2.9122646, -11.327468, -3.1169686]"
the parent promised the tea to him .,a bishop bought a chocolate for us .,PD,PD,PROMISE,BUY,THE,A,to,for,-42.32653045654297,"[-3.5375314, -9.522231, -9.97771, -0.86860496, -5.710377, -5.275669, -5.8824334, -1.5519712]"
the parent promised the tea to him .,a bishop bought us a chocolate .,PD,DO,PROMISE,BUY,THE,A,to,for,-41.600914001464844,"[-3.5375314, -9.522231, -9.97771, -8.064871, -0.8180702, -4.9762564, -4.7042437]"
the parent promised the tea to me .,a child saved a juice for her .,PD,PD,PROMISE,SAVE,THE,A,to,for,-44.33479309082031,"[-3.5324867, -5.9655366, -9.62678, -1.5928432, -12.539326, -4.3619885, -2.4385097, -4.2773256]"
the parent promised the tea to me .,a child saved her a juice .,PD,DO,PROMISE,SAVE,THE,A,to,for,-42.72571563720703,"[-3.5324867, -5.9655366, -9.62678, -2.4592028, -7.4916945, -10.460859, -3.1891558]"
the parent promised the tea to us .,a scientist found a coffee for them .,PD,PD,PROMISE,FIND,THE,A,to,for,-40.04977035522461,"[-3.536012, -8.10421, -5.6090684, -0.9211377, -8.749915, -5.661894, -6.4657984, -1.0017352]"
the parent promised the tea to us .,a scientist found them a coffee .,PD,DO,PROMISE,FIND,THE,A,to,for,-39.51890182495117,"[-3.536012, -8.10421, -5.6090684, -7.2957163, -4.6047378, -8.125862, -2.2432942]"
the parent promised the tea to you .,a captain sold a beer to it .,PD,PD,PROMISE,SELL,THE,A,to,to,-41.2779541015625,"[-3.5224104, -10.440244, -10.307029, -1.5148964, -5.3223944, -0.5023371, -8.351866, -1.3167793]"
the parent promised the tea to you .,a captain sold it a beer .,PD,DO,PROMISE,SELL,THE,A,to,to,-44.24815368652344,"[-3.5224104, -10.440244, -10.307029, -6.178506, -7.005332, -5.186622, -1.6080098]"
the parent promised us the book .,an attorney saved an anchor for me .,DO,PD,PROMISE,SAVE,THE,A,to,for,-43.2104606628418,"[-5.7034645, -5.4647584, -12.524777, -4.3156476, -8.82578, -2.9888504, -2.5718775, -0.815305]"
the parent promised us the book .,an attorney saved me an anchor .,DO,DO,PROMISE,SAVE,THE,A,to,for,-43.59650421142578,"[-5.7034645, -5.4647584, -12.524777, -2.4264007, -3.87244, -11.51169, -2.0929754]"
the parent promised us the tea .,a scientist found a coffee for them .,DO,PD,PROMISE,FIND,THE,A,to,for,-39.88158416748047,"[-3.597992, -8.000516, -5.492388, -1.0259142, -8.852525, -5.430993, -6.747493, -0.73376596]"
the parent promised us the tea .,a scientist found them a coffee .,DO,DO,PROMISE,FIND,THE,A,to,for,-37.134788513183594,"[-3.597992, -8.000516, -5.492388, -6.915326, -4.5418205, -7.5196, -1.0671458]"
the parent promised you the chicken .,a reader found a key for us .,DO,PD,PROMISE,FIND,THE,A,to,for,-45.98345184326172,"[-3.5572412, -6.726902, -6.475063, -10.831837, -7.2835875, -4.016293, -6.0962176, -0.9963114]"
the parent promised you the chicken .,a reader found us a key .,DO,DO,PROMISE,FIND,THE,A,to,for,-48.50647735595703,"[-3.5572412, -6.726902, -6.475063, -16.614199, -4.5448337, -7.994449, -2.593791]"
the parent promised you the pie .,a father left a juice for them .,DO,PD,PROMISE,LEAVE,THE,A,to,for,-46.09263610839844,"[-3.5909076, -6.3563643, -6.1655283, -2.1266425, -12.679887, -4.9995003, -8.999411, -1.1743987]"
the parent promised you the pie .,a father left them a juice .,DO,DO,PROMISE,LEAVE,THE,A,to,for,-40.204158782958984,"[-3.5909076, -6.3563643, -6.1655283, -8.127406, -3.153718, -10.668463, -2.1417723]"
the parent promised you the tea .,a captain sold a beer to it .,DO,PD,PROMISE,SELL,THE,A,to,to,-42.05910873413086,"[-3.580255, -10.338276, -9.936363, -1.6950763, -5.8316765, -1.1495776, -8.423939, -1.1039453]"
the parent promised you the tea .,a captain sold it a beer .,DO,DO,PROMISE,SELL,THE,A,to,to,-42.77180099487305,"[-3.580255, -10.338276, -9.936363, -5.913298, -6.5626764, -5.2690253, -1.1719064]"
the parent purchased him the cheese .,a husband caught a flower for it .,DO,PD,PURCHASE,CATCH,THE,A,for,for,-45.180381774902344,"[-3.654485, -8.146734, -7.670179, -3.464953, -10.629285, -3.8850322, -6.8009152, -0.9288006]"
the parent purchased him the cheese .,a husband caught it a flower .,DO,DO,PURCHASE,CATCH,THE,A,for,for,-41.667362213134766,"[-3.654485, -8.146734, -7.670179, -5.608702, -6.2633734, -9.205704, -1.1181858]"
the parent purchased it the ball .,an uncle drew a card for us .,DO,PD,PURCHASE,DRAW,THE,A,for,for,-40.32786560058594,"[-5.708276, -8.66979, -9.2740965, -1.1844445, -5.787068, -3.491475, -4.786379, -1.426335]"
the parent purchased it the ball .,an uncle drew us a card .,DO,DO,PURCHASE,DRAW,THE,A,for,for,-37.464881896972656,"[-5.708276, -8.66979, -9.2740965, -6.626444, -1.4059408, -4.460765, -1.3195715]"
the parent purchased it the box .,a brother took a key to you .,DO,PD,PURCHASE,TAKE,THE,A,for,to,-42.56172561645508,"[-3.5864081, -8.869401, -6.5962496, -2.1356862, -8.485096, -1.7505927, -9.629346, -1.5089467]"
the parent purchased it the box .,a brother took you a key .,DO,DO,PURCHASE,TAKE,THE,A,for,to,-41.82088088989258,"[-3.5864081, -8.869401, -6.5962496, -7.4105587, -4.7715783, -8.433019, -2.153666]"
the parent purchased me the ball .,a sheriff found a tea for us .,DO,PD,PURCHASE,FIND,THE,A,for,for,-44.41728210449219,"[-3.5982172, -8.393245, -6.0813994, -1.3296257, -11.336233, -6.174389, -6.1379275, -1.3662459]"
the parent purchased me the ball .,a sheriff found us a tea .,DO,DO,PURCHASE,FIND,THE,A,for,for,-43.30280685424805,"[-3.5982172, -8.393245, -6.0813994, -9.172161, -2.9531465, -11.47664, -1.6279964]"
the parent purchased me the pie .,a physician showed a cigarette to it .,DO,PD,PURCHASE,SHOW,THE,A,for,to,-43.058963775634766,"[-3.6523411, -8.512787, -7.295575, -3.463612, -9.367817, -0.65639365, -8.998079, -1.1123573]"
the parent purchased me the pie .,a physician showed it a cigarette .,DO,DO,PURCHASE,SHOW,THE,A,for,to,-41.025184631347656,"[-3.6523411, -8.512787, -7.295575, -6.938544, -5.938124, -7.9651957, -0.72261834]"
the parent purchased me the tea .,a pilot saved a chocolate for us .,DO,PD,PURCHASE,SAVE,THE,A,for,for,-44.357826232910156,"[-3.6336424, -8.157447, -8.20148, -2.0847483, -10.093191, -7.128303, -3.9127357, -1.1462772]"
the parent purchased me the tea .,a pilot saved us a chocolate .,DO,DO,PURCHASE,SAVE,THE,A,for,for,-42.62043762207031,"[-3.6336424, -8.157447, -8.20148, -5.066662, -3.471237, -10.642403, -3.4475646]"
the parent purchased the ball for it .,an uncle drew a card for us .,PD,PD,PURCHASE,DRAW,THE,A,for,for,-39.154998779296875,"[-5.719327, -8.679611, -9.1273985, -1.1304927, -5.81244, -2.3198779, -5.065978, -1.2998728]"
the parent purchased the ball for it .,an uncle drew us a card .,PD,DO,PURCHASE,DRAW,THE,A,for,for,-38.180580139160156,"[-5.719327, -8.679611, -9.1273985, -7.198894, -1.3282344, -4.3020086, -1.8251072]"
the parent purchased the ball for me .,a sheriff found a tea for us .,PD,PD,PURCHASE,FIND,THE,A,for,for,-42.06726837158203,"[-3.5359085, -8.417828, -6.1940103, -1.0458167, -11.205848, -5.3991356, -5.243225, -1.0254972]"
the parent purchased the ball for me .,a sheriff found us a tea .,PD,DO,PURCHASE,FIND,THE,A,for,for,-44.90827178955078,"[-3.5359085, -8.417828, -6.1940103, -10.473903, -2.9537902, -10.863727, -2.4691074]"
the parent purchased the ball for you .,an uncle made a flower for it .,PD,PD,PURCHASE,MAKE,THE,A,for,for,-40.81648254394531,"[-5.7224245, -8.814516, -6.8354373, -1.010141, -8.926319, -1.3214597, -7.414211, -0.7719747]"
the parent purchased the ball for you .,an uncle made it a flower .,PD,DO,PURCHASE,MAKE,THE,A,for,for,-40.866546630859375,"[-5.7224245, -8.814516, -6.8354373, -3.1487098, -3.2894263, -11.087285, -1.9687488]"
the parent purchased the box for it .,a brother took a key to you .,PD,PD,PURCHASE,TAKE,THE,A,for,to,-42.11793518066406,"[-3.560408, -8.963585, -6.499302, -2.0966892, -8.672415, -1.350614, -9.618458, -1.3564663]"
the parent purchased the box for it .,a brother took you a key .,PD,DO,PURCHASE,TAKE,THE,A,for,to,-43.27355194091797,"[-3.560408, -8.963585, -6.499302, -7.782547, -5.4576507, -8.362731, -2.6473258]"
the parent purchased the box for us .,a father saved a pot for you .,PD,PD,PURCHASE,SAVE,THE,A,for,for,-40.031105041503906,"[-3.5539408, -6.535022, -8.054507, -2.3433592, -8.772402, -3.2827983, -6.539318, -0.9497565]"
the parent purchased the box for us .,a father saved you a pot .,PD,DO,PURCHASE,SAVE,THE,A,for,for,-42.761356353759766,"[-3.5539408, -6.535022, -8.054507, -10.040173, -3.5320585, -7.7734175, -3.2722373]"
the parent purchased the card for them .,a lady fed a meal to it .,PD,PD,PURCHASE,FEED,THE,A,for,to,-38.785682678222656,"[-3.5625749, -8.111002, -9.153627, -1.859445, -6.4948277, -0.9942986, -7.6982303, -0.91167825]"
the parent purchased the card for them .,a lady fed it a meal .,PD,DO,PURCHASE,FEED,THE,A,for,to,-35.696510314941406,"[-3.5625749, -8.111002, -9.153627, -4.788152, -3.4823277, -5.3980417, -1.200786]"
the parent purchased the card for us .,a colonel brought a tea to you .,PD,PD,PURCHASE,BRING,THE,A,for,to,-41.40237808227539,"[-3.555319, -11.633105, -7.7923236, -2.1259804, -7.5048285, -1.3820128, -6.503642, -0.9051688]"
the parent purchased the card for us .,a colonel brought you a tea .,PD,DO,PURCHASE,BRING,THE,A,for,to,-39.5416259765625,"[-3.555319, -11.633105, -7.7923236, -4.676544, -2.4951792, -7.661563, -1.7275953]"
the parent purchased the cheese for him .,a husband caught a flower for it .,PD,PD,PURCHASE,CATCH,THE,A,for,for,-43.519954681396484,"[-3.6044347, -8.2544565, -7.7979774, -3.2084181, -10.250813, -2.7530255, -6.7484145, -0.90241593]"
the parent purchased the cheese for him .,a husband caught it a flower .,PD,DO,PURCHASE,CATCH,THE,A,for,for,-42.809043884277344,"[-3.6044347, -8.2544565, -7.7979774, -5.536401, -6.329318, -9.828582, -1.4578722]"
the parent purchased the log for us .,a cop fed a pie to you .,PD,PD,PURCHASE,FEED,THE,A,for,to,-42.846458435058594,"[-3.549901, -8.643784, -10.691748, -1.2789378, -9.503836, -0.3599052, -7.7201676, -1.0981786]"
the parent purchased the log for us .,a cop fed you a pie .,PD,DO,PURCHASE,FEED,THE,A,for,to,-38.12085723876953,"[-3.549901, -8.643784, -10.691748, -5.9847646, -1.3109057, -6.3391013, -1.6006541]"
the parent purchased the log for you .,a buddy promised a newspaper to us .,PD,PD,PURCHASE,PROMISE,THE,A,for,to,-45.35289001464844,"[-3.5423172, -10.114191, -10.157316, -3.2890563, -10.20381, -2.4085865, -4.4899435, -1.1476663]"
the parent purchased the log for you .,a buddy promised us a newspaper .,PD,DO,PURCHASE,PROMISE,THE,A,for,to,-41.96842956542969,"[-3.5423172, -10.114191, -10.157316, -4.443232, -1.5608449, -10.075648, -2.0748842]"
the parent purchased the pie for me .,a physician showed a cigarette to it .,PD,PD,PURCHASE,SHOW,THE,A,for,to,-42.43327713012695,"[-3.5847504, -8.633072, -7.447188, -2.6004195, -9.162596, -0.61390615, -9.167606, -1.2237386]"
the parent purchased the pie for me .,a physician showed it a cigarette .,PD,DO,PURCHASE,SHOW,THE,A,for,to,-40.47761917114258,"[-3.5847504, -8.633072, -7.447188, -6.281197, -5.6033306, -7.5500293, -1.3780528]"
the parent purchased the pie for us .,an opponent caught an anchor for me .,PD,PD,PURCHASE,CATCH,THE,A,for,for,-43.33594512939453,"[-5.6810846, -8.279057, -7.8750243, -4.5284457, -8.123877, -3.1133077, -4.616433, -1.1187145]"
the parent purchased the pie for us .,an opponent caught me an anchor .,PD,DO,PURCHASE,CATCH,THE,A,for,for,-46.21815490722656,"[-5.6810846, -8.279057, -7.8750243, -5.1317687, -7.7274456, -9.205428, -2.3183436]"
the parent purchased the tea for me .,a pilot saved a chocolate for us .,PD,PD,PURCHASE,SAVE,THE,A,for,for,-42.16884231567383,"[-3.554609, -8.041482, -8.709505, -1.3848131, -9.722895, -5.9348783, -3.7596705, -1.0609876]"
the parent purchased the tea for me .,a pilot saved us a chocolate .,PD,DO,PURCHASE,SAVE,THE,A,for,for,-46.92611312866211,"[-3.554609, -8.041482, -8.709505, -7.3557625, -3.4461088, -10.826237, -4.99241]"
the parent purchased the tea for us .,a chief drew a telephone for you .,PD,PD,PURCHASE,DRAW,THE,A,for,for,-47.35551452636719,"[-3.5627346, -9.381002, -11.513647, -1.4263184, -7.8954477, -6.546392, -6.0073137, -1.0226598]"
the parent purchased the tea for us .,a chief drew you a telephone .,PD,DO,PURCHASE,DRAW,THE,A,for,for,-49.153480529785156,"[-3.5627346, -9.381002, -11.513647, -9.236764, -2.4710147, -8.505556, -4.4827614]"
the parent purchased them the card .,a lady fed a meal to it .,DO,PD,PURCHASE,FEED,THE,A,for,to,-39.46978759765625,"[-3.646867, -7.9180746, -9.320015, -1.9536493, -6.9596457, -1.3422885, -7.2898474, -1.039403]"
the parent purchased them the card .,a lady fed it a meal .,DO,DO,PURCHASE,FEED,THE,A,for,to,-34.1948127746582,"[-3.646867, -7.9180746, -9.320015, -4.4917536, -1.9848402, -5.698023, -1.1352394]"
the parent purchased us the box .,a father saved a pot for you .,DO,PD,PURCHASE,SAVE,THE,A,for,for,-43.85462188720703,"[-3.6193254, -6.589122, -7.874916, -3.1835957, -9.441285, -4.966031, -7.127448, -1.0528953]"
the parent purchased us the box .,a father saved you a pot .,DO,DO,PURCHASE,SAVE,THE,A,for,for,-40.230995178222656,"[-3.6193254, -6.589122, -7.874916, -8.399968, -3.102183, -7.758762, -2.886722]"
the parent purchased us the card .,a colonel brought a tea to you .,DO,PD,PURCHASE,BRING,THE,A,for,to,-41.286895751953125,"[-3.6176565, -11.483438, -7.489728, -2.408424, -7.54591, -1.4519982, -6.3413877, -0.9483543]"
the parent purchased us the card .,a colonel brought you a tea .,DO,DO,PURCHASE,BRING,THE,A,for,to,-38.11691665649414,"[-3.6176565, -11.483438, -7.489728, -4.241592, -2.5345488, -7.597765, -1.1521865]"
the parent purchased us the log .,a cop fed a pie to you .,DO,PD,PURCHASE,FEED,THE,A,for,to,-43.181175231933594,"[-3.6062896, -8.661492, -10.464041, -2.0549355, -9.5862665, -0.46527147, -7.3169174, -1.0259621]"
the parent purchased us the log .,a cop fed you a pie .,DO,DO,PURCHASE,FEED,THE,A,for,to,-36.799720764160156,"[-3.6062896, -8.661492, -10.464041, -5.155156, -1.3636678, -6.4842496, -1.0648243]"
the parent purchased us the pie .,an opponent caught an anchor for me .,DO,PD,PURCHASE,CATCH,THE,A,for,for,-41.88311767578125,"[-5.7186546, -8.2741785, -7.2005377, -4.5629025, -7.564963, -3.6366632, -3.9705596, -0.9546602]"
the parent purchased us the pie .,an opponent caught me an anchor .,DO,DO,PURCHASE,CATCH,THE,A,for,for,-42.4755744934082,"[-5.7186546, -8.2741785, -7.2005377, -3.1057384, -7.763931, -8.983063, -1.4294727]"
the parent purchased us the tea .,a chief drew a telephone for you .,DO,PD,PURCHASE,DRAW,THE,A,for,for,-47.803871154785156,"[-3.6481, -9.49268, -11.618548, -1.5196887, -7.698967, -6.9235034, -5.9871006, -0.91528153]"
the parent purchased us the tea .,a chief drew you a telephone .,DO,DO,PURCHASE,DRAW,THE,A,for,for,-46.44392395019531,"[-3.6481, -9.49268, -11.618548, -7.9044914, -2.3531132, -7.9786396, -3.4483492]"
the parent purchased you the ball .,an uncle made a flower for it .,DO,PD,PURCHASE,MAKE,THE,A,for,for,-42.03638458251953,"[-5.6952114, -9.060826, -6.5262527, -1.2907761, -8.966972, -2.3342412, -7.3909726, -0.77113104]"
the parent purchased you the ball .,an uncle made it a flower .,DO,DO,PURCHASE,MAKE,THE,A,for,for,-40.72230529785156,"[-5.6952114, -9.060826, -6.5262527, -3.3293715, -3.5696225, -11.087281, -1.45374]"
the parent purchased you the log .,a buddy promised a newspaper to us .,DO,PD,PURCHASE,PROMISE,THE,A,for,to,-45.43177032470703,"[-3.576795, -9.886259, -10.041235, -3.6823578, -9.975657, -2.4853394, -4.5850134, -1.1991148]"
the parent purchased you the log .,a buddy promised us a newspaper .,DO,DO,PURCHASE,PROMISE,THE,A,for,to,-41.055938720703125,"[-3.576795, -9.886259, -10.041235, -4.5268307, -1.627941, -9.72538, -1.6714983]"
the parent saved her the chocolate .,a son found a computer for them .,DO,PD,SAVE,FIND,THE,A,for,for,-40.39469909667969,"[-3.619772, -8.654419, -4.8345737, -1.8688873, -7.774408, -4.376548, -7.784319, -1.4817705]"
the parent saved her the chocolate .,a son found them a computer .,DO,DO,SAVE,FIND,THE,A,for,for,-40.015411376953125,"[-3.619772, -8.654419, -4.8345737, -7.904529, -4.2905197, -8.966694, -1.7449058]"
the parent saved me the pot .,a partner gave a cigarette to you .,DO,PD,SAVE,GIVE,THE,A,for,to,-40.309425354003906,"[-3.611167, -9.404912, -7.629106, -2.6172936, -8.627594, -0.1943444, -7.684838, -0.54017127]"
the parent saved me the pot .,a partner gave you a cigarette .,DO,DO,SAVE,GIVE,THE,A,for,to,-42.52739715576172,"[-3.611167, -9.404912, -7.629106, -5.6787767, -2.6911316, -12.903157, -0.609147]"
the parent saved the cheese for them .,a buddy threw a box to you .,PD,PD,SAVE,THROW,THE,A,for,to,-43.838523864746094,"[-3.5977283, -10.243752, -8.16605, -0.9193365, -6.626746, -6.3019795, -7.178957, -0.80397266]"
the parent saved the cheese for them .,a buddy threw you a box .,PD,DO,SAVE,THROW,THE,A,for,to,-38.242252349853516,"[-3.5977283, -10.243752, -8.16605, -6.6595325, -0.6582159, -6.11546, -2.801516]"
the parent saved the chocolate for her .,a son found a computer for them .,PD,PD,SAVE,FIND,THE,A,for,for,-39.26082229614258,"[-3.595236, -8.786807, -5.057432, -1.478762, -7.8651657, -3.4164898, -7.6911445, -1.3697848]"
the parent saved the chocolate for her .,a son found them a computer .,PD,DO,SAVE,FIND,THE,A,for,for,-41.735652923583984,"[-3.595236, -8.786807, -5.057432, -7.9776845, -4.5590563, -9.534116, -2.2253194]"
the parent saved the chocolate for us .,a winner took a television to them .,PD,PD,SAVE,TAKE,THE,A,for,to,-50.23320007324219,"[-3.5838523, -11.069586, -7.8555183, -2.371137, -10.947198, -4.845578, -8.83765, -0.7226799]"
the parent saved the chocolate for us .,a winner took them a television .,PD,DO,SAVE,TAKE,THE,A,for,to,-52.74277877807617,"[-3.5838523, -11.069586, -7.8555183, -7.2963715, -5.908967, -12.890399, -4.1380854]"
the parent saved the chocolate for you .,an uncle made a cigarette for me .,PD,PD,SAVE,MAKE,THE,A,for,for,-36.8477897644043,"[-5.736777, -9.0708475, -7.188201, -0.9026213, -8.228303, -2.3026574, -2.3150725, -1.1033089]"
the parent saved the chocolate for you .,an uncle made me a cigarette .,PD,DO,SAVE,MAKE,THE,A,for,for,-35.74079895019531,"[-5.736777, -9.0708475, -7.188201, -4.7959957, -1.2736553, -6.7470393, -0.9282807]"
the parent saved the pot for me .,a partner gave a cigarette to you .,PD,PD,SAVE,GIVE,THE,A,for,to,-39.696537017822266,"[-3.572458, -9.402479, -7.5237026, -2.42518, -8.068181, -0.15407054, -8.061634, -0.4888307]"
the parent saved the pot for me .,a partner gave you a cigarette .,PD,DO,SAVE,GIVE,THE,A,for,to,-38.38871765136719,"[-3.572458, -9.402479, -7.5237026, -5.924398, -1.7649384, -9.269902, -0.9308373]"
the parent saved the pot for you .,a child caught a telephone for us .,PD,PD,SAVE,CATCH,THE,A,for,for,-48.427330017089844,"[-3.5621712, -5.921753, -6.9074144, -5.7618647, -10.246685, -6.1120634, -8.830242, -1.0851369]"
the parent saved the pot for you .,a child caught us a telephone .,PD,DO,SAVE,CATCH,THE,A,for,for,-48.31248474121094,"[-3.5621712, -5.921753, -6.9074144, -12.263496, -5.2442174, -11.272725, -3.1407092]"
the parent saved them the cheese .,a buddy threw a box to you .,DO,PD,SAVE,THROW,THE,A,for,to,-42.3804931640625,"[-3.6416264, -10.017944, -7.8316507, -1.0338972, -6.5556517, -5.9137983, -6.5290008, -0.8569216]"
the parent saved them the cheese .,a buddy threw you a box .,DO,DO,SAVE,THROW,THE,A,for,to,-35.90373229980469,"[-3.6416264, -10.017944, -7.8316507, -5.719755, -0.6312845, -5.788993, -2.2724783]"
the parent saved us the chocolate .,a winner took a television to them .,DO,PD,SAVE,TAKE,THE,A,for,to,-48.91339111328125,"[-3.6278791, -10.63826, -7.372359, -2.4770656, -10.864328, -4.9332285, -8.222317, -0.77795416]"
the parent saved us the chocolate .,a winner took them a television .,DO,DO,SAVE,TAKE,THE,A,for,to,-48.0040283203125,"[-3.6278791, -10.63826, -7.372359, -6.4219947, -4.9127264, -11.903855, -3.1269531]"
the parent saved you the chocolate .,an uncle made a cigarette for me .,DO,PD,SAVE,MAKE,THE,A,for,for,-37.75213623046875,"[-5.7467027, -9.046074, -7.0685496, -0.9381448, -8.426307, -3.7066321, -1.8785871, -0.941138]"
the parent saved you the chocolate .,an uncle made me a cigarette .,DO,DO,SAVE,MAKE,THE,A,for,for,-33.55435562133789,"[-5.7467027, -9.046074, -7.0685496, -3.3091316, -1.2940089, -6.541705, -0.548185]"
the parent saved you the pot .,a child caught a telephone for us .,DO,PD,SAVE,CATCH,THE,A,for,for,-49.41493225097656,"[-3.6021109, -5.906828, -7.436662, -5.4240675, -9.481298, -6.841137, -9.584605, -1.138225]"
the parent saved you the pot .,a child caught us a telephone .,DO,DO,SAVE,CATCH,THE,A,for,for,-47.61994171142578,"[-3.6021109, -5.906828, -7.436662, -11.64831, -5.2094345, -11.04684, -2.7697592]"
the parent sent him the jacket .,a sheriff found a tea for us .,DO,PD,SEND,FIND,THE,A,to,for,-47.30984115600586,"[-3.5506928, -7.970874, -6.68668, -1.1368419, -10.99572, -6.528174, -8.868046, -1.5728134]"
the parent sent him the jacket .,a sheriff found us a tea .,DO,DO,SEND,FIND,THE,A,to,for,-43.27847671508789,"[-3.5506928, -7.970874, -6.68668, -11.059426, -2.1926312, -9.682083, -2.1360888]"
the parent sent him the jacket .,a candidate left a log for you .,DO,PD,SEND,LEAVE,THE,A,to,for,-43.61256790161133,"[-3.5506928, -8.404081, -7.069397, -1.9309334, -9.450572, -4.001727, -7.5161257, -1.6890374]"
the parent sent him the jacket .,a candidate left you a log .,DO,DO,SEND,LEAVE,THE,A,to,for,-40.924346923828125,"[-3.5506928, -8.404081, -7.069397, -8.027147, -2.2097614, -9.349646, -2.313622]"
the parent sent it the card .,a woman took a cup to you .,DO,PD,SEND,TAKE,THE,A,to,to,-40.336097717285156,"[-3.5164518, -3.9220474, -6.683752, -1.0301491, -8.101437, -5.015373, -10.372407, -1.6944813]"
the parent sent it the card .,a woman took you a cup .,DO,DO,SEND,TAKE,THE,A,to,to,-37.77385330200195,"[-3.5164518, -3.9220474, -6.683752, -9.285098, -4.0764217, -6.115098, -4.1749845]"
the parent sent it the card .,a mayor fed a chicken to them .,DO,PD,SEND,FEED,THE,A,to,to,-46.50227737426758,"[-3.5164518, -11.088074, -11.636239, -1.8503895, -5.177201, -2.816437, -9.12585, -1.2916352]"
the parent sent it the card .,a mayor fed them a chicken .,DO,DO,SEND,FEED,THE,A,to,to,-41.76913070678711,"[-3.5164518, -11.088074, -11.636239, -7.1655884, -1.3656167, -5.3210154, -1.6761473]"
the parent sent me the card .,a lawyer left a hat for us .,DO,PD,SEND,LEAVE,THE,A,to,for,-43.27998733520508,"[-3.5061536, -7.0384665, -8.426544, -1.4344271, -9.592548, -4.8243165, -6.6680126, -1.7895188]"
the parent sent me the card .,a lawyer left us a hat .,DO,DO,SEND,LEAVE,THE,A,to,for,-36.64034652709961,"[-3.5061536, -7.0384665, -8.426544, -6.027749, -1.2447742, -9.27572, -1.120941]"
the parent sent the beer to you .,a sheriff took a book to us .,PD,PD,SEND,TAKE,THE,A,to,to,-41.93845748901367,"[-3.4675748, -8.4052925, -7.6811156, -0.99929583, -9.958124, -2.3237648, -7.570455, -1.5328343]"
the parent sent the beer to you .,a sheriff took us a book .,PD,DO,SEND,TAKE,THE,A,to,to,-43.736968994140625,"[-3.4675748, -8.4052925, -7.6811156, -7.9153905, -3.6588762, -10.624646, -1.9840719]"
the parent sent the card to it .,a woman took a cup to you .,PD,PD,SEND,TAKE,THE,A,to,to,-38.481998443603516,"[-3.485434, -3.9807224, -6.7304564, -0.86669105, -7.4856834, -4.060271, -10.285403, -1.5873384]"
the parent sent the card to it .,a woman took you a cup .,PD,DO,SEND,TAKE,THE,A,to,to,-39.816673278808594,"[-3.485434, -3.9807224, -6.7304564, -9.467873, -5.730656, -6.0671473, -4.354383]"
the parent sent the card to it .,a mayor fed a chicken to them .,PD,PD,SEND,FEED,THE,A,to,to,-43.92212677001953,"[-3.485434, -10.893551, -11.840069, -1.7255759, -5.4710736, -1.5340191, -7.6594334, -1.3129724]"
the parent sent the card to it .,a mayor fed them a chicken .,PD,DO,SEND,FEED,THE,A,to,to,-42.8336296081543,"[-3.485434, -10.893551, -11.840069, -7.6311526, -1.62188, -5.5158005, -1.8457408]"
the parent sent the card to me .,a lawyer left a hat for us .,PD,PD,SEND,LEAVE,THE,A,to,for,-43.26646423339844,"[-3.47152, -7.23812, -8.436475, -1.1808237, -9.368462, -5.1908855, -6.5491667, -1.8310137]"
the parent sent the card to me .,a lawyer left us a hat .,PD,DO,SEND,LEAVE,THE,A,to,for,-39.29624938964844,"[-3.47152, -7.23812, -8.436475, -7.434624, -1.2049304, -9.652434, -1.8581476]"
the parent sent the jacket to him .,a sheriff found a tea for us .,PD,PD,SEND,FIND,THE,A,to,for,-48.10661697387695,"[-3.5089731, -8.109193, -6.6878433, -0.9148617, -10.876927, -6.7627397, -9.575967, -1.6701103]"
the parent sent the jacket to him .,a sheriff found us a tea .,PD,DO,SEND,FIND,THE,A,to,for,-46.57615661621094,"[-3.5089731, -8.109193, -6.6878433, -11.701198, -3.0803764, -10.707019, -2.781555]"
the parent sent the jacket to him .,a candidate left a log for you .,PD,PD,SEND,LEAVE,THE,A,to,for,-43.84843826293945,"[-3.5089731, -8.509752, -7.0744967, -1.8959312, -9.068358, -4.1459284, -7.818775, -1.8262227]"
the parent sent the jacket to him .,a candidate left you a log .,PD,DO,SEND,LEAVE,THE,A,to,for,-41.626312255859375,"[-3.5089731, -8.509752, -7.0744967, -7.902733, -2.859834, -9.335215, -2.435311]"
the parent sent the jacket to us .,a kid purchased a flower for it .,PD,PD,SEND,PURCHASE,THE,A,to,for,-43.02674865722656,"[-3.4943933, -9.116204, -9.8690605, -0.7157296, -8.076959, -3.09474, -7.5642204, -1.0954415]"
the parent sent the jacket to us .,a kid purchased it a flower .,PD,DO,SEND,PURCHASE,THE,A,to,for,-49.20962905883789,"[-3.4943933, -9.116204, -9.8690605, -6.3217535, -6.116667, -11.98164, -2.3099117]"
the parent sent the tea to them .,a chief left a coffee for us .,PD,PD,SEND,LEAVE,THE,A,to,for,-40.77887725830078,"[-3.4816031, -9.11435, -8.645149, -2.3623836, -6.4002166, -4.259346, -4.5474844, -1.968347]"
the parent sent the tea to them .,a chief left us a coffee .,PD,DO,SEND,LEAVE,THE,A,to,for,-40.21858596801758,"[-3.4816031, -9.11435, -8.645149, -6.8880033, -1.9156399, -7.874227, -2.2996132]"
the parent sent them the tea .,a chief left a coffee for us .,DO,PD,SEND,LEAVE,THE,A,to,for,-41.9276123046875,"[-3.5185194, -9.012085, -8.939187, -2.7052906, -6.093662, -4.520564, -5.323432, -1.8148702]"
the parent sent them the tea .,a chief left us a coffee .,DO,DO,SEND,LEAVE,THE,A,to,for,-38.25688934326172,"[-3.5185194, -9.012085, -8.939187, -6.3329306, -1.9793131, -7.173927, -1.3009278]"
the parent sent us the jacket .,a kid purchased a flower for it .,DO,PD,SEND,PURCHASE,THE,A,to,for,-44.25819396972656,"[-3.5522194, -8.953061, -9.870941, -1.3347926, -8.123501, -3.2449684, -8.114339, -1.0643721]"
the parent sent us the jacket .,a kid purchased it a flower .,DO,DO,SEND,PURCHASE,THE,A,to,for,-48.969078063964844,"[-3.5522194, -8.953061, -9.870941, -5.7962985, -6.369658, -12.133573, -2.2933302]"
the parent sent you the beer .,a sheriff took a book to us .,DO,PD,SEND,TAKE,THE,A,to,to,-43.827919006347656,"[-3.484274, -8.248314, -7.4048243, -1.0968162, -9.965974, -2.9716947, -9.170395, -1.4856294]"
the parent sent you the beer .,a sheriff took us a book .,DO,DO,SEND,TAKE,THE,A,to,to,-39.86832046508789,"[-3.484274, -8.248314, -7.4048243, -7.1412897, -2.9069629, -9.604991, -1.0776646]"
the parent showed her the gun .,a girl fed a chicken to us .,DO,PD,SHOW,FEED,THE,A,to,to,-39.238059997558594,"[-3.5518663, -6.475197, -10.510361, -1.483262, -3.2305763, -2.8573751, -9.132553, -1.9968663]"
the parent showed her the gun .,a girl fed us a chicken .,DO,DO,SHOW,FEED,THE,A,to,to,-36.70624542236328,"[-3.5518663, -6.475197, -10.510361, -8.265231, -1.8417087, -4.3442597, -1.7176197]"
the parent showed the gun to her .,a girl fed a chicken to us .,PD,PD,SHOW,FEED,THE,A,to,to,-37.574440002441406,"[-3.5337284, -6.6233816, -10.515824, -1.2020668, -3.4543777, -1.9603393, -8.2435255, -2.0411954]"
the parent showed the gun to her .,a girl fed us a chicken .,PD,DO,SHOW,FEED,THE,A,to,to,-37.55992126464844,"[-3.5337284, -6.6233816, -10.515824, -8.692027, -1.5544676, -4.598983, -2.0415123]"
the parent showed the juice to them .,an employee took a jacket to us .,PD,PD,SHOW,TAKE,THE,A,to,to,-41.84020233154297,"[-5.7153068, -3.99942, -7.6677246, -1.240424, -10.253363, -3.432817, -8.413927, -1.1172199]"
the parent showed the juice to them .,an employee took us a jacket .,PD,DO,SHOW,TAKE,THE,A,to,to,-43.859859466552734,"[-5.7153068, -3.99942, -7.6677246, -9.374328, -2.9237382, -11.287792, -2.891548]"
the parent showed the juice to us .,a sheriff saved a flower for me .,PD,PD,SHOW,SAVE,THE,A,to,for,-42.99571228027344,"[-3.520915, -8.579915, -11.025706, -0.7620408, -9.582992, -3.9588866, -4.749606, -0.81565446]"
the parent showed the juice to us .,a sheriff saved me a flower .,PD,DO,SHOW,SAVE,THE,A,to,for,-44.18711853027344,"[-3.520915, -8.579915, -11.025706, -6.348105, -2.2865906, -10.989265, -1.4366235]"
the parent showed the salad to them .,a reader found a cheese for him .,PD,PD,SHOW,FIND,THE,A,to,for,-56.185203552246094,"[-3.5790734, -6.82036, -6.4520044, -12.546583, -12.99147, -5.189068, -7.8613243, -0.74531746]"
the parent showed the salad to them .,a reader found him a cheese .,PD,DO,SHOW,FIND,THE,A,to,for,-56.723655700683594,"[-3.5790734, -6.82036, -6.4520044, -21.284834, -4.061573, -10.92656, -3.599249]"
the parent showed the tea to them .,a woman saved a plate for you .,PD,PD,SHOW,SAVE,THE,A,to,for,-43.175384521484375,"[-3.5345922, -3.9303007, -10.304643, -1.0722469, -11.497284, -5.1401014, -6.618531, -1.0776855]"
the parent showed the tea to them .,a woman saved you a plate .,PD,DO,SHOW,SAVE,THE,A,to,for,-43.03739929199219,"[-3.5345922, -3.9303007, -10.304643, -9.249065, -3.6806135, -8.446805, -3.8913808]"
the parent showed them the juice .,an employee took a jacket to us .,DO,PD,SHOW,TAKE,THE,A,to,to,-43.89268493652344,"[-5.69973, -3.9786928, -7.4537473, -1.3291509, -10.025565, -3.6143465, -10.215473, -1.5759784]"
the parent showed them the juice .,an employee took us a jacket .,DO,DO,SHOW,TAKE,THE,A,to,to,-41.622894287109375,"[-5.69973, -3.9786928, -7.4537473, -8.574223, -2.4977798, -11.347044, -2.0716784]"
the parent showed them the salad .,a reader found a cheese for him .,DO,PD,SHOW,FIND,THE,A,to,for,-59.581485748291016,"[-3.579125, -6.7711334, -6.6206646, -13.409138, -15.481792, -4.864772, -8.207407, -0.6474538]"
the parent showed them the salad .,a reader found him a cheese .,DO,DO,SHOW,FIND,THE,A,to,for,-54.385093688964844,"[-3.579125, -6.7711334, -6.6206646, -20.366213, -5.415384, -9.947714, -1.6848581]"
the parent showed them the tea .,a woman saved a plate for you .,DO,PD,SHOW,SAVE,THE,A,to,for,-44.278114318847656,"[-3.545167, -3.8392932, -9.750017, -1.1839155, -12.145797, -5.2786937, -7.4354696, -1.0997616]"
the parent showed them the tea .,a woman saved you a plate .,DO,DO,SHOW,SAVE,THE,A,to,for,-41.694400787353516,"[-3.545167, -3.8392932, -9.750017, -9.351814, -3.614264, -8.021102, -3.5727425]"
the parent showed us the juice .,a sheriff saved a flower for me .,DO,PD,SHOW,SAVE,THE,A,to,for,-42.70143127441406,"[-3.534718, -8.50724, -10.596398, -1.0046327, -9.715945, -3.7640235, -4.731838, -0.8466356]"
the parent showed us the juice .,a sheriff saved me a flower .,DO,DO,SHOW,SAVE,THE,A,to,for,-41.53961944580078,"[-3.534718, -8.50724, -10.596398, -5.301242, -2.4712973, -10.029809, -1.098917]"
the parent sold her the beer .,a sheriff found a tea for us .,DO,PD,SELL,FIND,THE,A,to,for,-46.382484436035156,"[-3.5315738, -8.265345, -6.43007, -1.1546, -10.608686, -5.907105, -8.993803, -1.4913034]"
the parent sold her the beer .,a sheriff found us a tea .,DO,DO,SELL,FIND,THE,A,to,for,-44.880104064941406,"[-3.5315738, -8.265345, -6.43007, -10.711699, -3.4834726, -10.879499, -1.5784447]"
the parent sold him the juice .,an opponent drew a card for them .,DO,PD,SELL,DRAW,THE,A,to,for,-39.18495559692383,"[-5.6910458, -8.083894, -8.252689, -0.92306334, -4.411974, -4.338107, -6.796762, -0.68742174]"
the parent sold him the juice .,an opponent drew them a card .,DO,DO,SELL,DRAW,THE,A,to,for,-34.37559509277344,"[-5.6910458, -8.083894, -8.252689, -6.764575, -1.832414, -2.757687, -0.9932894]"
the parent sold it the cigarette .,a brother gave a candy to you .,DO,PD,SELL,GIVE,THE,A,to,to,-39.51382064819336,"[-3.5256393, -8.92086, -6.5782623, -2.3287053, -9.001869, -0.95112324, -7.3080144, -0.89934874]"
the parent sold it the cigarette .,a brother gave you a candy .,DO,DO,SELL,GIVE,THE,A,to,to,-32.87859344482422,"[-3.5256393, -8.92086, -6.5782623, -5.3260417, -0.84675246, -6.194683, -1.4863578]"
the parent sold it the juice .,a princess took an iron to me .,DO,PD,SELL,TAKE,THE,A,to,to,-42.2194709777832,"[-3.5012937, -10.677288, -6.1037784, -4.107033, -5.7636003, -4.254033, -6.8784323, -0.9340124]"
the parent sold it the juice .,a princess took me an iron .,DO,DO,SELL,TAKE,THE,A,to,to,-41.424041748046875,"[-3.5012937, -10.677288, -6.1037784, -4.596998, -6.8539124, -6.878723, -2.8120468]"
the parent sold me the juice .,an author found a coffee for us .,DO,PD,SELL,FIND,THE,A,to,for,-40.04035186767578,"[-5.694333, -6.7850056, -6.144062, -2.2794018, -9.435319, -4.3838367, -4.3581085, -0.960286]"
the parent sold me the juice .,an author found us a coffee .,DO,DO,SELL,FIND,THE,A,to,for,-38.794227600097656,"[-5.694333, -6.7850056, -6.144062, -8.353433, -3.5203319, -7.5307126, -0.766351]"
the parent sold the beer to her .,a sheriff found a tea for us .,PD,PD,SELL,FIND,THE,A,to,for,-46.57823181152344,"[-3.5324812, -8.467146, -6.356568, -1.0567442, -10.233306, -6.008666, -8.963677, -1.9596447]"
the parent sold the beer to her .,a sheriff found us a tea .,PD,DO,SELL,FIND,THE,A,to,for,-46.03533935546875,"[-3.5324812, -8.467146, -6.356568, -10.849158, -3.6610632, -10.846674, -2.3222477]"
the parent sold the cigarette to it .,a brother gave a candy to you .,PD,PD,SELL,GIVE,THE,A,to,to,-37.65652084350586,"[-3.5375295, -8.950907, -6.6972017, -2.2161732, -8.360763, -0.3142065, -6.738329, -0.8414126]"
the parent sold the cigarette to it .,a brother gave you a candy .,PD,DO,SELL,GIVE,THE,A,to,to,-32.99211502075195,"[-3.5375295, -8.950907, -6.6972017, -5.5343857, -0.81584173, -5.7839184, -1.6723309]"
the parent sold the cigarette to you .,a cousin showed a tea to me .,PD,PD,SELL,SHOW,THE,A,to,to,-37.530662536621094,"[-3.5124805, -9.232023, -7.517922, -3.9808657, -10.283247, -1.4556134, -0.6073332, -0.9411789]"
the parent sold the cigarette to you .,a cousin showed me a tea .,PD,DO,SELL,SHOW,THE,A,to,to,-34.76973342895508,"[-3.5124805, -9.232023, -7.517922, -0.59067553, -1.3405434, -9.183879, -3.3922107]"
the parent sold the cigarette to you .,a prince took a box to me .,PD,PD,SELL,TAKE,THE,A,to,to,-38.59161376953125,"[-3.5124805, -11.189696, -5.6079464, -1.4082124, -7.2440224, -3.992238, -4.709018, -0.9279961]"
the parent sold the cigarette to you .,a prince took me a box .,PD,DO,SELL,TAKE,THE,A,to,to,-39.65290069580078,"[-3.5124805, -11.189696, -5.6079464, -4.022273, -5.6364813, -7.27367, -2.4103503]"
the parent sold the juice to him .,an opponent drew a card for them .,PD,PD,SELL,DRAW,THE,A,to,for,-37.63528823852539,"[-5.699465, -8.191921, -7.9927816, -0.7984785, -2.4584208, -4.109132, -7.7764378, -0.60865223]"
the parent sold the juice to him .,an opponent drew them a card .,PD,DO,SELL,DRAW,THE,A,to,for,-34.03904724121094,"[-5.699465, -8.191921, -7.9927816, -6.731566, -2.9591095, -1.5334584, -0.93074787]"
the parent sold the juice to it .,a princess took an iron to me .,PD,PD,SELL,TAKE,THE,A,to,to,-41.43140411376953,"[-3.5102596, -10.65206, -6.090273, -4.0251126, -5.744025, -3.6256573, -6.858584, -0.92543054]"
the parent sold the juice to it .,a princess took me an iron .,PD,DO,SELL,TAKE,THE,A,to,to,-43.93399429321289,"[-3.5102596, -10.65206, -6.090273, -4.789223, -8.282804, -7.749992, -2.8593845]"
the parent sold the juice to me .,an author found a coffee for us .,PD,PD,SELL,FIND,THE,A,to,for,-40.611549377441406,"[-5.7039437, -6.8845825, -6.1512947, -2.4980006, -9.190581, -4.5718427, -4.6077867, -1.0035179]"
the parent sold the juice to me .,an author found us a coffee .,PD,DO,SELL,FIND,THE,A,to,for,-42.31793212890625,"[-5.7039437, -6.8845825, -6.1512947, -9.881498, -3.4956565, -7.887698, -2.3132582]"
the parent sold the juice to them .,a reader showed a meal to you .,PD,PD,SELL,SHOW,THE,A,to,to,-44.34866714477539,"[-3.512426, -6.8018904, -9.470886, -3.826215, -10.843564, -2.7963338, -5.9826126, -1.1147393]"
the parent sold the juice to them .,a reader showed you a meal .,PD,DO,SELL,SHOW,THE,A,to,to,-42.88697814941406,"[-3.512426, -6.8018904, -9.470886, -7.0075665, -1.5769738, -10.646662, -3.8705764]"
the parent sold the juice to us .,a candidate designed a key for them .,PD,PD,SELL,DESIGN,THE,A,to,for,-43.77925109863281,"[-3.4952612, -8.4749365, -10.2513, -2.530956, -7.7798367, -2.5424817, -7.50927, -1.1952093]"
the parent sold the juice to us .,a candidate designed them a key .,PD,DO,SELL,DESIGN,THE,A,to,for,-48.14167022705078,"[-3.4952612, -8.4749365, -10.2513, -7.7449293, -6.5373945, -8.430558, -3.2072926]"
the parent sold them the juice .,a reader showed a meal to you .,DO,PD,SELL,SHOW,THE,A,to,to,-46.34408950805664,"[-3.5283134, -6.962556, -8.99339, -4.2911663, -11.016821, -3.7313776, -6.5921197, -1.2283466]"
the parent sold them the juice .,a reader showed you a meal .,DO,DO,SELL,SHOW,THE,A,to,to,-41.833770751953125,"[-3.5283134, -6.962556, -8.99339, -6.9693394, -1.5710571, -10.515337, -3.2937784]"
the parent sold us the juice .,a candidate designed a key for them .,DO,PD,SELL,DESIGN,THE,A,to,for,-44.4332275390625,"[-3.516032, -8.516115, -9.650312, -3.2986386, -7.9067903, -2.9335155, -7.6222324, -0.9895929]"
the parent sold us the juice .,a candidate designed them a key .,DO,DO,SELL,DESIGN,THE,A,to,for,-46.42198181152344,"[-3.516032, -8.516115, -9.650312, -7.5153255, -6.5496736, -7.919535, -2.7549906]"
the parent sold you the cigarette .,a cousin showed a tea to me .,DO,PD,SELL,SHOW,THE,A,to,to,-40.921180725097656,"[-3.511704, -9.094576, -7.5689507, -4.410777, -10.827368, -3.3102963, -1.0744749, -1.123036]"
the parent sold you the cigarette .,a cousin showed me a tea .,DO,DO,SELL,SHOW,THE,A,to,to,-34.06404495239258,"[-3.511704, -9.094576, -7.5689507, -0.48745465, -1.3966193, -9.047632, -2.957109]"
the parent sold you the cigarette .,a prince took a box to me .,DO,PD,SELL,TAKE,THE,A,to,to,-40.64385223388672,"[-3.511704, -11.402363, -5.576603, -1.4661355, -7.456031, -4.516087, -5.7656717, -0.9492587]"
the parent sold you the cigarette .,a prince took me a box .,DO,DO,SELL,TAKE,THE,A,to,to,-39.462440490722656,"[-3.511704, -11.402363, -5.576603, -3.6925664, -5.715552, -7.4768934, -2.086759]"
the parent supplied him the beer .,a cop fed a pie to you .,DO,PD,SUPPLY,FEED,THE,A,to,to,-43.58192443847656,"[-3.5972478, -8.716373, -10.012217, -1.4152933, -10.058884, -0.27415404, -8.183654, -1.3241004]"
the parent supplied him the beer .,a cop fed you a pie .,DO,DO,SUPPLY,FEED,THE,A,to,to,-36.76976013183594,"[-3.5972478, -8.716373, -10.012217, -6.3302503, -1.1788797, -5.6676087, -1.2671833]"
the parent supplied him the cup .,a winner got a pie for you .,DO,PD,SUPPLY,GET,THE,A,to,for,-43.00883483886719,"[-3.6166406, -10.413476, -8.7986555, -1.7605171, -8.74447, -3.0132003, -5.839748, -0.8221249]"
the parent supplied him the cup .,a winner got you a pie .,DO,DO,SUPPLY,GET,THE,A,to,for,-38.403602600097656,"[-3.6166406, -10.413476, -8.7986555, -4.975479, -1.6375673, -8.010765, -0.9510193]"
the parent supplied me the newspaper .,a mayor brought an instrument to them .,DO,PD,SUPPLY,BRING,THE,A,to,to,-47.602684020996094,"[-3.6003842, -10.793611, -9.049267, -3.4213688, -9.117193, -1.0937586, -8.728446, -1.7986557]"
the parent supplied me the newspaper .,a mayor brought them an instrument .,DO,DO,SUPPLY,BRING,THE,A,to,to,-45.99787902832031,"[-3.6003842, -10.793611, -9.049267, -6.557131, -5.9211082, -7.9521217, -2.1242602]"
the parent supplied me the tea .,an author delivered an instrument for us .,DO,PD,SUPPLY,DELIVER,THE,A,to,for,-46.76774978637695,"[-5.6710467, -6.833779, -9.398019, -2.707603, -13.192876, -1.8402083, -5.583341, -1.5408788]"
the parent supplied me the tea .,an author delivered us an instrument .,DO,DO,SUPPLY,DELIVER,THE,A,to,for,-43.5349235534668,"[-5.6710467, -6.833779, -9.398019, -5.891339, -3.4850237, -9.896465, -2.3592525]"
the parent supplied the anchor to us .,an employer brought a tea to you .,PD,PD,SUPPLY,BRING,THE,A,to,to,-40.70777893066406,"[-5.696186, -7.5390873, -8.685438, -1.8226277, -8.674948, -2.1793475, -4.886836, -1.2233081]"
the parent supplied the anchor to us .,an employer brought you a tea .,PD,DO,SUPPLY,BRING,THE,A,to,to,-39.30982208251953,"[-5.696186, -7.5390873, -8.685438, -3.97794, -2.2739565, -8.532749, -2.6044652]"
the parent supplied the anchor to you .,a singer caught a book for us .,PD,PD,SUPPLY,CATCH,THE,A,to,for,-49.65824890136719,"[-3.5534706, -10.839188, -6.461891, -4.450864, -9.834301, -4.6740685, -7.821784, -2.022685]"
the parent supplied the anchor to you .,a singer caught us a book .,PD,DO,SUPPLY,CATCH,THE,A,to,for,-46.57200241088867,"[-3.5534706, -10.839188, -6.461891, -8.036338, -5.4457026, -9.922934, -2.3124769]"
the parent supplied the beer to him .,a cop fed a pie to you .,PD,PD,SUPPLY,FEED,THE,A,to,to,-43.014320373535156,"[-3.5715382, -8.816822, -10.19264, -1.1960773, -9.115978, -0.15209268, -8.244575, -1.7245957]"
the parent supplied the beer to him .,a cop fed you a pie .,PD,DO,SUPPLY,FEED,THE,A,to,to,-37.804481506347656,"[-3.5715382, -8.816822, -10.19264, -6.215029, -1.3439804, -5.7829866, -1.8814826]"
the parent supplied the coffee to you .,a buddy left a flower for him .,PD,PD,SUPPLY,LEAVE,THE,A,to,for,-40.008392333984375,"[-3.565831, -10.130685, -7.6625986, -1.4460663, -8.734347, -3.1844661, -3.5868018, -1.6975951]"
the parent supplied the coffee to you .,a buddy left him a flower .,PD,DO,SUPPLY,LEAVE,THE,A,to,for,-37.445167541503906,"[-3.565831, -10.130685, -7.6625986, -4.884523, -1.2016141, -8.127032, -1.8728831]"
the parent supplied the coffee to you .,an employee delivered a beer for us .,PD,PD,SUPPLY,DELIVER,THE,A,to,for,-36.58639144897461,"[-5.73794, -4.495842, -9.878742, -0.836615, -4.8978024, -5.168597, -3.5645602, -2.006294]"
the parent supplied the coffee to you .,an employee delivered us a beer .,PD,DO,SUPPLY,DELIVER,THE,A,to,for,-35.984336853027344,"[-5.73794, -4.495842, -9.878742, -7.5273576, -1.09041, -4.503834, -2.7502134]"
the parent supplied the cup to him .,a winner got a pie for you .,PD,PD,SUPPLY,GET,THE,A,to,for,-41.69931411743164,"[-3.588685, -10.536508, -8.851254, -1.4669583, -8.452136, -2.7384322, -5.188027, -0.8773136]"
the parent supplied the cup to him .,a winner got you a pie .,PD,DO,SUPPLY,GET,THE,A,to,for,-39.25597381591797,"[-3.588685, -10.536508, -8.851254, -5.2976694, -1.533001, -8.149641, -1.2992134]"
the parent supplied the newspaper to me .,a mayor brought an instrument to them .,PD,PD,SUPPLY,BRING,THE,A,to,to,-47.71043014526367,"[-3.5796826, -10.645994, -9.095074, -3.3549323, -9.461494, -0.9162465, -8.558748, -2.0982597]"
the parent supplied the newspaper to me .,a mayor brought them an instrument .,PD,DO,SUPPLY,BRING,THE,A,to,to,-47.78257751464844,"[-3.5796826, -10.645994, -9.095074, -6.778768, -6.425509, -8.262199, -2.9953501]"
the parent supplied the newspaper to them .,a buddy got a cup for me .,PD,PD,SUPPLY,GET,THE,A,to,for,-39.06602478027344,"[-3.5768669, -10.447491, -6.956356, -1.7204953, -6.844715, -6.2612886, -1.9358798, -1.3229296]"
the parent supplied the newspaper to them .,a buddy got me a cup .,PD,DO,SUPPLY,GET,THE,A,to,for,-35.27982711791992,"[-3.5768669, -10.447491, -6.956356, -2.8431034, -1.0030597, -5.9269, -4.5260525]"
the parent supplied the tea to me .,an author delivered an instrument for us .,PD,PD,SUPPLY,DELIVER,THE,A,to,for,-45.61695098876953,"[-5.6727095, -6.8894725, -9.553465, -2.5182219, -11.880922, -2.396542, -5.0171924, -1.6884236]"
the parent supplied the tea to me .,an author delivered us an instrument .,PD,DO,SUPPLY,DELIVER,THE,A,to,for,-46.16237258911133,"[-5.6727095, -6.8894725, -9.553465, -7.7968636, -2.971134, -9.727674, -3.5510545]"
the parent supplied the tea to us .,a woman saved a plate for you .,PD,PD,SUPPLY,SAVE,THE,A,to,for,-43.26270294189453,"[-3.571416, -4.1954565, -9.282656, -1.3999974, -11.754263, -5.188641, -6.5045905, -1.3656852]"
the parent supplied the tea to us .,a woman saved you a plate .,PD,DO,SUPPLY,SAVE,THE,A,to,for,-43.078948974609375,"[-3.571416, -4.1954565, -9.282656, -9.431573, -3.4020014, -8.964748, -4.2311006]"
the parent supplied them the newspaper .,a buddy got a cup for me .,DO,PD,SUPPLY,GET,THE,A,to,for,-39.085662841796875,"[-3.5996504, -10.267289, -6.4854193, -1.9509693, -6.664666, -6.6108437, -2.2686954, -1.238127]"
the parent supplied them the newspaper .,a buddy got me a cup .,DO,DO,SUPPLY,GET,THE,A,to,for,-34.735557556152344,"[-3.5996504, -10.267289, -6.4854193, -2.7666087, -1.0324602, -6.0276675, -4.5564623]"
the parent supplied us the anchor .,an employer brought a tea to you .,DO,PD,SUPPLY,BRING,THE,A,to,to,-41.829254150390625,"[-5.683532, -7.5392056, -8.776117, -2.167756, -8.562836, -2.5180914, -5.31231, -1.2694087]"
the parent supplied us the anchor .,an employer brought you a tea .,DO,DO,SUPPLY,BRING,THE,A,to,to,-38.484806060791016,"[-5.683532, -7.5392056, -8.776117, -3.8706656, -2.3444762, -8.556897, -1.713912]"
the parent supplied us the tea .,a woman saved a plate for you .,DO,PD,SUPPLY,SAVE,THE,A,to,for,-44.05936050415039,"[-3.6057997, -4.347739, -9.258842, -1.5798634, -12.0711, -5.0444384, -6.999845, -1.1517333]"
the parent supplied us the tea .,a woman saved you a plate .,DO,DO,SUPPLY,SAVE,THE,A,to,for,-40.93616485595703,"[-3.6057997, -4.347739, -9.258842, -8.831529, -3.176629, -8.198739, -3.5168855]"
the parent supplied you the anchor .,a singer caught a book for us .,DO,PD,SUPPLY,CATCH,THE,A,to,for,-47.91584014892578,"[-3.5624204, -10.539223, -6.592115, -4.002801, -9.293283, -4.3678446, -7.8479233, -1.7102289]"
the parent supplied you the anchor .,a singer caught us a book .,DO,DO,SUPPLY,CATCH,THE,A,to,for,-42.869110107421875,"[-3.5624204, -10.539223, -6.592115, -7.613674, -4.6237016, -8.130455, -1.8075186]"
the parent supplied you the coffee .,a buddy left a flower for him .,DO,PD,SUPPLY,LEAVE,THE,A,to,for,-38.203041076660156,"[-3.5817113, -9.989964, -7.1832743, -1.8384447, -8.057939, -3.096902, -3.1806383, -1.2741697]"
the parent supplied you the coffee .,a buddy left him a flower .,DO,DO,SUPPLY,LEAVE,THE,A,to,for,-35.24017333984375,"[-3.5817113, -9.989964, -7.1832743, -4.057543, -1.1437188, -8.001238, -1.2827234]"
the parent supplied you the coffee .,an employee delivered a beer for us .,DO,PD,SUPPLY,DELIVER,THE,A,to,for,-35.430782318115234,"[-5.727614, -4.629484, -9.069283, -0.91012585, -5.402193, -3.8527474, -4.5658364, -1.2735]"
the parent supplied you the coffee .,an employee delivered us a beer .,DO,DO,SUPPLY,DELIVER,THE,A,to,for,-31.47943878173828,"[-5.727614, -4.629484, -9.069283, -5.663272, -1.0749722, -4.174735, -1.1400782]"
the parent threw her the candy .,a sheriff found a glass for you .,DO,PD,THROW,FIND,THE,A,to,for,-44.938575744628906,"[-3.648555, -7.812451, -6.1690536, -1.0000997, -7.570893, -7.5134892, -9.775147, -1.4488885]"
the parent threw her the candy .,a sheriff found you a glass .,DO,DO,THROW,FIND,THE,A,to,for,-41.53296661376953,"[-3.648555, -7.812451, -6.1690536, -9.682419, -3.0274801, -7.107458, -4.085551]"
the parent threw him the juice .,a worker drew a log for you .,DO,PD,THROW,DRAW,THE,A,to,for,-43.49968719482422,"[-3.6754625, -6.8290043, -9.272985, -1.5349064, -9.239268, -4.186648, -7.433776, -1.3276356]"
the parent threw him the juice .,a worker drew you a log .,DO,DO,THROW,DRAW,THE,A,to,for,-41.18844223022461,"[-3.6754625, -6.8290043, -9.272985, -9.935234, -0.7455409, -9.282902, -1.4473135]"
the parent threw me the beer .,a winner made an anchor for you .,DO,PD,THROW,MAKE,THE,A,to,for,-44.73131561279297,"[-3.6588142, -10.426336, -6.629522, -4.6679354, -9.840407, -2.4674647, -5.8453593, -1.1954783]"
the parent threw me the beer .,a winner made you an anchor .,DO,DO,THROW,MAKE,THE,A,to,for,-40.84806823730469,"[-3.6588142, -10.426336, -6.629522, -5.5070524, -4.953061, -8.305255, -1.3680298]"
the parent threw the beer to me .,a winner made an anchor for you .,PD,PD,THROW,MAKE,THE,A,to,for,-45.364253997802734,"[-3.5865629, -10.596043, -6.634342, -4.026562, -10.377472, -2.5433125, -6.418833, -1.1811285]"
the parent threw the beer to me .,a winner made you an anchor .,PD,DO,THROW,MAKE,THE,A,to,for,-43.08831024169922,"[-3.5865629, -10.596043, -6.634342, -6.9432635, -4.5357246, -9.093962, -1.6984109]"
the parent threw the beer to us .,a sheriff drew a knife for him .,PD,PD,THROW,DRAW,THE,A,to,for,-38.06052780151367,"[-3.5923622, -8.163933, -8.688102, -0.72932833, -4.2807713, -5.250783, -4.297475, -3.0577736]"
the parent threw the beer to us .,a sheriff drew him a knife .,PD,DO,THROW,DRAW,THE,A,to,for,-35.757911682128906,"[-3.5923622, -8.163933, -8.688102, -6.763419, -1.8889943, -4.67208, -1.9890223]"
the parent threw the candy to her .,a sheriff found a glass for you .,PD,PD,THROW,FIND,THE,A,to,for,-44.77170181274414,"[-3.619635, -8.04231, -6.128217, -0.8725117, -7.234228, -7.423195, -9.773396, -1.6782084]"
the parent threw the candy to her .,a sheriff found you a glass .,PD,DO,THROW,FIND,THE,A,to,for,-42.81739807128906,"[-3.619635, -8.04231, -6.128217, -9.697296, -3.5916524, -6.841817, -4.89647]"
the parent threw the candy to us .,a pilot supplied a bottle to it .,PD,PD,THROW,SUPPLY,THE,A,to,to,-43.07933044433594,"[-3.6207087, -7.932271, -10.60816, -2.1309156, -6.6240215, -2.561872, -8.2677965, -1.3335879]"
the parent threw the candy to us .,a pilot supplied it a bottle .,PD,DO,THROW,SUPPLY,THE,A,to,to,-45.397674560546875,"[-3.6207087, -7.932271, -10.60816, -6.187068, -7.667682, -5.411731, -3.9700541]"
the parent threw the juice to him .,a worker drew a log for you .,PD,PD,THROW,DRAW,THE,A,to,for,-43.38053894042969,"[-3.6047494, -6.789064, -9.232888, -1.2096183, -9.276915, -4.0420265, -7.6488013, -1.5764757]"
the parent threw the juice to him .,a worker drew you a log .,PD,DO,THROW,DRAW,THE,A,to,for,-42.13711166381836,"[-3.6047494, -6.789064, -9.232888, -10.467364, -1.1089283, -9.260193, -1.6739224]"
the parent threw the juice to them .,a cop took an iron to him .,PD,PD,THROW,TAKE,THE,A,to,to,-37.77439880371094,"[-3.5968728, -8.241537, -5.126402, -3.826564, -8.054215, -4.439608, -3.3028753, -1.1863244]"
the parent threw the juice to them .,a cop took him an iron .,PD,DO,THROW,TAKE,THE,A,to,to,-41.52604675292969,"[-3.5968728, -8.241537, -5.126402, -3.251632, -10.022698, -7.224177, -4.0627265]"
the parent threw them the juice .,a cop took an iron to him .,DO,PD,THROW,TAKE,THE,A,to,to,-40.18406677246094,"[-3.6485698, -8.15412, -5.046082, -4.2234845, -7.8493385, -5.6685104, -4.3656006, -1.2283576]"
the parent threw them the juice .,a cop took him an iron .,DO,DO,THROW,TAKE,THE,A,to,to,-38.476539611816406,"[-3.6485698, -8.15412, -5.046082, -2.1792789, -9.484311, -6.149565, -3.8146102]"
the parent threw us the beer .,a sheriff drew a knife for him .,DO,PD,THROW,DRAW,THE,A,to,for,-37.04141616821289,"[-3.6467893, -8.194765, -8.240265, -1.0940319, -4.267824, -5.0873127, -4.1829042, -2.3275223]"
the parent threw us the beer .,a sheriff drew him a knife .,DO,DO,THROW,DRAW,THE,A,to,for,-33.419952392578125,"[-3.6467893, -8.194765, -8.240265, -5.743544, -1.3108256, -4.96557, -1.3181938]"
the parent threw us the candy .,a pilot supplied a bottle to it .,DO,PD,THROW,SUPPLY,THE,A,to,to,-44.50080871582031,"[-3.6660647, -7.9695587, -10.550358, -2.4125943, -6.7371635, -3.783346, -8.1401, -1.2416222]"
the parent threw us the candy .,a pilot supplied it a bottle .,DO,DO,THROW,SUPPLY,THE,A,to,to,-44.29966735839844,"[-3.6660647, -7.9695587, -10.550358, -6.072325, -7.2806053, -5.2097692, -3.550985]"
the parent took him the bell .,a cousin got a cheese for you .,DO,PD,TAKE,GET,THE,A,to,for,-45.32883834838867,"[-3.5615313, -8.939813, -6.284069, -2.0471525, -12.423544, -4.336238, -6.9960318, -0.7404612]"
the parent took him the bell .,a cousin got you a cheese .,DO,DO,TAKE,GET,THE,A,to,for,-37.343170166015625,"[-3.5615313, -8.939813, -6.284069, -6.528571, -1.1266744, -8.75416, -2.1483505]"
the parent took him the computer .,a writer promised a coffee to us .,DO,PD,TAKE,PROMISE,THE,A,to,to,-42.76416778564453,"[-3.5506904, -7.750236, -9.623545, -2.2093246, -8.620411, -3.436523, -6.293619, -1.2798183]"
the parent took him the computer .,a writer promised us a coffee .,DO,DO,TAKE,PROMISE,THE,A,to,to,-36.468711853027344,"[-3.5506904, -7.750236, -9.623545, -4.3940926, -1.6080378, -8.018284, -1.5238247]"
the parent took it the computer .,an opponent drew a card for them .,DO,PD,TAKE,DRAW,THE,A,to,for,-37.367828369140625,"[-5.677106, -8.227701, -7.825329, -0.6541537, -2.8376338, -4.1202965, -7.361516, -0.6640948]"
the parent took it the computer .,an opponent drew them a card .,DO,DO,TAKE,DRAW,THE,A,to,for,-32.12290954589844,"[-5.677106, -8.227701, -7.825329, -6.6945324, -1.0598855, -1.762036, -0.8763181]"
the parent took the bell to him .,a cousin got a cheese for you .,PD,PD,TAKE,GET,THE,A,to,for,-45.171688079833984,"[-3.5303452, -9.069524, -6.4138536, -1.5157121, -12.92803, -4.329359, -6.739724, -0.64514166]"
the parent took the bell to him .,a cousin got you a cheese .,PD,DO,TAKE,GET,THE,A,to,for,-38.661094665527344,"[-3.5303452, -9.069524, -6.4138536, -6.949923, -1.2097852, -9.157508, -2.3301535]"
the parent took the bell to them .,a kid showed a glass to me .,PD,PD,TAKE,SHOW,THE,A,to,to,-36.851951599121094,"[-3.5321267, -8.467679, -7.676854, -3.7681484, -8.291059, -2.4854655, -1.9976515, -0.63296866]"
the parent took the bell to them .,a kid showed me a glass .,PD,DO,TAKE,SHOW,THE,A,to,to,-34.11538314819336,"[-3.5321267, -8.467679, -7.676854, -0.9373112, -1.2061962, -8.18821, -4.107006]"
the parent took the bottle to you .,an opponent promised a coffee to me .,PD,PD,TAKE,PROMISE,THE,A,to,to,-43.875484466552734,"[-5.686084, -8.229335, -11.804497, -2.5506887, -8.4104, -2.989532, -3.4737194, -0.7312294]"
the parent took the bottle to you .,an opponent promised me a coffee .,PD,DO,TAKE,PROMISE,THE,A,to,to,-40.33842468261719,"[-5.686084, -8.229335, -11.804497, -4.9536343, -1.2927485, -7.217214, -1.1549118]"
the parent took the box to them .,a soldier made a computer for you .,PD,PD,TAKE,MAKE,THE,A,to,for,-38.97126770019531,"[-3.520879, -7.616542, -7.488494, -1.2443134, -8.01156, -3.750543, -6.3600802, -0.97885656]"
the parent took the box to them .,a soldier made you a computer .,PD,DO,TAKE,MAKE,THE,A,to,for,-38.888023376464844,"[-3.520879, -7.616542, -7.488494, -8.933225, -1.4658384, -8.639944, -1.223102]"
the parent took the box to us .,an actor sold a beer to him .,PD,PD,TAKE,SELL,THE,A,to,to,-39.425628662109375,"[-5.720745, -6.7963142, -10.532645, -1.4379462, -7.9624653, -0.57214093, -5.0549026, -1.3484688]"
the parent took the box to us .,an actor sold him a beer .,PD,DO,TAKE,SELL,THE,A,to,to,-38.07416534423828,"[-5.720745, -6.7963142, -10.532645, -5.834797, -0.6577416, -6.763277, -1.7686445]"
the parent took the computer to him .,a writer promised a coffee to us .,PD,PD,TAKE,PROMISE,THE,A,to,to,-42.39404296875,"[-3.5033402, -7.757024, -9.927383, -2.01361, -8.831646, -3.1253643, -6.047834, -1.1878422]"
the parent took the computer to him .,a writer promised us a coffee .,PD,DO,TAKE,PROMISE,THE,A,to,to,-37.2896842956543,"[-3.5033402, -7.757024, -9.927383, -4.856084, -1.5096699, -8.137982, -1.5982004]"
the parent took the computer to it .,an opponent drew a card for them .,PD,PD,TAKE,DRAW,THE,A,to,for,-35.02281951904297,"[-5.7198696, -8.18504, -7.4844027, -0.6930635, -0.6917524, -4.6107693, -7.028082, -0.60983825]"
the parent took the computer to it .,an opponent drew them a card .,PD,DO,TAKE,DRAW,THE,A,to,for,-31.1346378326416,"[-5.7198696, -8.18504, -7.4844027, -6.2139378, -2.2842162, -0.53544474, -0.7117264]"
the parent took the computer to them .,a sheriff purchased a bottle for you .,PD,PD,TAKE,PURCHASE,THE,A,to,for,-44.624427795410156,"[-3.5108256, -8.717236, -11.420775, -0.7424495, -7.201973, -5.1514015, -6.988084, -0.89167964]"
the parent took the computer to them .,a sheriff purchased you a bottle .,PD,DO,TAKE,PURCHASE,THE,A,to,for,-42.75910949707031,"[-3.5108256, -8.717236, -11.420775, -8.784537, -0.49403304, -5.9207606, -3.910939]"
the parent took the computer to us .,a sheriff sold a meal to you .,PD,PD,TAKE,SELL,THE,A,to,to,-43.922542572021484,"[-3.510747, -8.776983, -11.199563, -1.311465, -10.282742, -0.8798059, -6.732689, -1.2285476]"
the parent took the computer to us .,a sheriff sold you a meal .,PD,DO,TAKE,SELL,THE,A,to,to,-39.89955520629883,"[-3.510747, -8.776983, -11.199563, -5.3013573, -0.7008527, -8.799347, -1.6107049]"
the parent took the computer to you .,a manager caught a bottle for it .,PD,PD,TAKE,CATCH,THE,A,to,for,-44.213043212890625,"[-3.50013, -8.516235, -8.128028, -2.3850868, -8.35504, -6.1337457, -6.279346, -0.915435]"
the parent took the computer to you .,a manager caught it a bottle .,PD,DO,TAKE,CATCH,THE,A,to,for,-44.43364334106445,"[-3.50013, -8.516235, -8.128028, -5.04375, -6.239038, -10.8310585, -2.1754036]"
the parent took the computer to you .,a buddy delivered a chicken for me .,PD,PD,TAKE,DELIVER,THE,A,to,for,-39.0870361328125,"[-3.50013, -10.303003, -9.6843405, -1.1867563, -7.8435264, -4.509468, -1.2819362, -0.77787817]"
the parent took the computer to you .,a buddy delivered me a chicken .,PD,DO,TAKE,DELIVER,THE,A,to,for,-35.8695068359375,"[-3.50013, -10.303003, -9.6843405, -1.7755014, -0.7562324, -8.054796, -1.7955035]"
the parent took them the bell .,a kid showed a glass to me .,DO,PD,TAKE,SHOW,THE,A,to,to,-38.28075408935547,"[-3.5423377, -8.288799, -7.641853, -4.33353, -7.98314, -3.1860528, -2.497295, -0.80774677]"
the parent took them the bell .,a kid showed me a glass .,DO,DO,TAKE,SHOW,THE,A,to,to,-32.48255920410156,"[-3.5423377, -8.288799, -7.641853, -0.99058867, -1.2067823, -7.4011707, -3.4110293]"
the parent took them the box .,a soldier made a computer for you .,DO,PD,TAKE,MAKE,THE,A,to,for,-39.15266418457031,"[-3.563939, -7.493619, -7.3718367, -1.3722214, -8.215436, -3.772965, -6.4865212, -0.8761242]"
the parent took them the box .,a soldier made you a computer .,DO,DO,TAKE,MAKE,THE,A,to,for,-37.406070709228516,"[-3.563939, -7.493619, -7.3718367, -8.265214, -1.28784, -8.448689, -0.9749334]"
the parent took them the computer .,a sheriff purchased a bottle for you .,DO,PD,TAKE,PURCHASE,THE,A,to,for,-44.8150749206543,"[-3.5386662, -8.448784, -11.441359, -0.8768741, -7.6560993, -4.968218, -7.014859, -0.87021446]"
the parent took them the computer .,a sheriff purchased you a bottle .,DO,DO,TAKE,PURCHASE,THE,A,to,for,-42.39580535888672,"[-3.5386662, -8.448784, -11.441359, -8.675565, -0.5788186, -6.4485474, -3.2640655]"
the parent took us the box .,an actor sold a beer to him .,DO,PD,TAKE,SELL,THE,A,to,to,-40.108055114746094,"[-5.6894417, -6.6933804, -10.256019, -1.6108031, -7.8632927, -1.08654, -5.4303284, -1.4782503]"
the parent took us the box .,an actor sold him a beer .,DO,DO,TAKE,SELL,THE,A,to,to,-36.6224365234375,"[-5.6894417, -6.6933804, -10.256019, -5.293243, -0.6915633, -6.5765295, -1.4222587]"
the parent took us the computer .,a sheriff sold a meal to you .,DO,PD,TAKE,SELL,THE,A,to,to,-45.02484893798828,"[-3.532475, -8.7668295, -11.244402, -1.5354636, -10.367323, -1.2177323, -6.986049, -1.3745764]"
the parent took us the computer .,a sheriff sold you a meal .,DO,DO,TAKE,SELL,THE,A,to,to,-39.79629898071289,"[-3.532475, -8.7668295, -11.244402, -4.698306, -0.723439, -9.5106, -1.3202467]"
the parent took you the bottle .,an opponent promised a coffee to me .,DO,PD,TAKE,PROMISE,THE,A,to,to,-43.81837463378906,"[-5.7049527, -8.197755, -11.532586, -2.6923258, -8.033076, -3.778131, -3.061757, -0.8177914]"
the parent took you the bottle .,an opponent promised me a coffee .,DO,DO,TAKE,PROMISE,THE,A,to,to,-38.46828842163086,"[-5.7049527, -8.197755, -11.532586, -4.1822996, -1.1805264, -6.7450495, -0.92511964]"
the parent took you the computer .,a manager caught a bottle for it .,DO,PD,TAKE,CATCH,THE,A,to,for,-44.2599983215332,"[-3.5217366, -8.502701, -8.129246, -2.3866742, -8.333796, -5.9802938, -6.4591913, -0.9463618]"
the parent took you the computer .,a manager caught it a bottle .,DO,DO,TAKE,CATCH,THE,A,to,for,-43.50220489501953,"[-3.5217366, -8.502701, -8.129246, -5.265644, -5.812722, -10.238842, -2.031314]"
the parent took you the computer .,a buddy delivered a chicken for me .,DO,PD,TAKE,DELIVER,THE,A,to,for,-38.71071243286133,"[-3.5217366, -10.213257, -9.668324, -1.5616331, -7.7333746, -3.9051065, -1.2749907, -0.83229077]"
the parent took you the computer .,a buddy delivered me a chicken .,DO,DO,TAKE,DELIVER,THE,A,to,for,-34.995765686035156,"[-3.5217366, -10.213257, -9.668324, -1.3847017, -0.7956806, -7.9894457, -1.4226202]"
the partner bought it the coat .,a brother found a motor for me .,DO,PD,BUY,FIND,THE,A,for,for,-45.54414367675781,"[-3.6082773, -8.829648, -5.6989927, -1.7266235, -8.764179, -7.0930343, -8.18501, -1.63838]"
the partner bought it the coat .,a brother found me a motor .,DO,DO,BUY,FIND,THE,A,for,for,-41.39282989501953,"[-3.6082773, -8.829648, -5.6989927, -7.2674274, -1.6366202, -9.35533, -4.9965324]"
the partner bought me the tea .,a prince left a chicken for you .,DO,PD,BUY,LEAVE,THE,A,for,for,-40.67608642578125,"[-3.6387782, -10.555939, -6.5189366, -2.2201188, -8.983475, -3.8777432, -3.9945693, -0.88652575]"
the partner bought me the tea .,a prince left you a chicken .,DO,DO,BUY,LEAVE,THE,A,for,for,-37.75941848754883,"[-3.6387782, -10.555939, -6.5189366, -4.878146, -2.2731073, -8.715712, -1.1787987]"
the partner bought the coat for it .,a brother found a motor for me .,PD,PD,BUY,FIND,THE,A,for,for,-45.99646759033203,"[-3.5896237, -8.923143, -5.9521008, -1.3640801, -9.017486, -6.134193, -9.197703, -1.8181393]"
the partner bought the coat for it .,a brother found me a motor .,PD,DO,BUY,FIND,THE,A,for,for,-43.794921875,"[-3.5896237, -8.923143, -5.9521008, -7.6581407, -2.1117291, -9.982689, -5.5774956]"
the partner bought the coat for them .,an attorney got a beer for us .,PD,PD,BUY,GET,THE,A,for,for,-38.15074157714844,"[-5.681497, -5.5994134, -8.932606, -1.5180795, -8.304468, -1.1200144, -6.173007, -0.82165515]"
the partner bought the coat for them .,an attorney got us a beer .,PD,DO,BUY,GET,THE,A,for,for,-38.201316833496094,"[-5.681497, -5.5994134, -8.932606, -7.0561, -1.4080144, -7.657997, -1.8656894]"
the partner bought the coat for us .,an aunt left a beer for me .,PD,PD,BUY,LEAVE,THE,A,for,for,-36.62226104736328,"[-5.677388, -8.524492, -6.455976, -1.3956035, -8.492343, -2.390974, -2.514576, -1.1709088]"
the partner bought the coat for us .,an aunt left me a beer .,PD,DO,BUY,LEAVE,THE,A,for,for,-35.93046188354492,"[-5.677388, -8.524492, -6.455976, -3.917211, -1.3568977, -7.697956, -2.3005395]"
the partner bought the coat for you .,a scientist sold a beer to him .,PD,PD,BUY,SELL,THE,A,for,to,-38.82432174682617,"[-3.563393, -7.7790833, -9.746751, -1.7508397, -7.552842, -1.1181118, -5.5539813, -1.7593204]"
the partner bought the coat for you .,a scientist sold him a beer .,PD,DO,BUY,SELL,THE,A,for,to,-35.12330627441406,"[-3.563393, -7.7790833, -9.746751, -5.657658, -0.8720924, -5.6461883, -1.8581374]"
the partner bought the tea for me .,a prince left a chicken for you .,PD,PD,BUY,LEAVE,THE,A,for,for,-39.23501205444336,"[-3.5686398, -10.653195, -6.478882, -1.622089, -8.5623, -2.716907, -4.6431427, -0.98985475]"
the partner bought the tea for me .,a prince left you a chicken .,PD,DO,BUY,LEAVE,THE,A,for,for,-39.42561340332031,"[-3.5686398, -10.653195, -6.478882, -6.5201983, -2.1694055, -8.363593, -1.6717017]"
the partner bought the tea for you .,a doctor threw a wire to me .,PD,PD,BUY,THROW,THE,A,for,to,-41.45425796508789,"[-3.5522525, -7.2848682, -8.042772, -0.8239412, -10.036504, -3.9701967, -6.0814357, -1.6622863]"
the partner bought the tea for you .,a doctor threw me a wire .,PD,DO,BUY,THROW,THE,A,for,to,-40.16120147705078,"[-3.5522525, -7.2848682, -8.042772, -5.7291346, -0.7537683, -12.889061, -1.9093451]"
the partner bought them the coat .,an attorney got a beer for us .,DO,PD,BUY,GET,THE,A,for,for,-39.717777252197266,"[-5.719699, -5.4721518, -8.737422, -1.7902641, -8.399313, -1.8063234, -6.8382, -0.95440507]"
the partner bought them the coat .,an attorney got us a beer .,DO,DO,BUY,GET,THE,A,for,for,-37.025917053222656,"[-5.719699, -5.4721518, -8.737422, -6.441186, -1.82049, -7.4886684, -1.346303]"
the partner bought us the coat .,an aunt left a beer for me .,DO,PD,BUY,LEAVE,THE,A,for,for,-37.723106384277344,"[-5.690521, -8.791049, -6.4843407, -2.157835, -8.271576, -3.2698288, -1.9017237, -1.156232]"
the partner bought us the coat .,an aunt left me a beer .,DO,DO,BUY,LEAVE,THE,A,for,for,-32.94931411743164,"[-5.690521, -8.791049, -6.4843407, -1.897024, -1.5116203, -7.2939053, -1.280855]"
the partner bought you the coat .,a scientist sold a beer to him .,DO,PD,BUY,SELL,THE,A,for,to,-36.767555236816406,"[-3.6136959, -7.820964, -9.406742, -1.7948864, -7.024646, -1.1897436, -4.929552, -0.9873236]"
the partner bought you the coat .,a scientist sold him a beer .,DO,DO,BUY,SELL,THE,A,for,to,-33.00151824951172,"[-3.6136959, -7.820964, -9.406742, -4.7439575, -1.466178, -5.217848, -0.73213273]"
the partner bought you the tea .,a doctor threw a wire to me .,DO,PD,BUY,THROW,THE,A,for,to,-39.702232360839844,"[-3.5910099, -7.325959, -7.8642125, -0.9666834, -10.292163, -3.602947, -4.748988, -1.3102677]"
the partner bought you the tea .,a doctor threw me a wire .,DO,DO,BUY,THROW,THE,A,for,to,-37.709625244140625,"[-3.5910099, -7.325959, -7.8642125, -3.796772, -0.63819224, -13.421579, -1.071897]"
the partner brought it the bell .,a guy sold a candy to us .,DO,PD,BRING,SELL,THE,A,to,to,-38.94130325317383,"[-3.5413415, -7.847478, -8.05857, -1.3059511, -7.402359, -4.8779755, -4.827466, -1.0801599]"
the partner brought it the bell .,a guy sold us a candy .,DO,DO,BRING,SELL,THE,A,to,to,-34.0239143371582,"[-3.5413415, -7.847478, -8.05857, -5.183323, -1.0318675, -6.0642786, -2.2970562]"
the partner brought the bell to it .,a guy sold a candy to us .,PD,PD,BRING,SELL,THE,A,to,to,-37.456199645996094,"[-3.539877, -7.7994328, -8.319421, -1.2152331, -6.927804, -4.257472, -4.49757, -0.8993912]"
the partner brought the bell to it .,a guy sold us a candy .,PD,DO,BRING,SELL,THE,A,to,to,-34.45235824584961,"[-3.539877, -7.7994328, -8.319421, -5.247139, -0.86529374, -6.1213226, -2.5598726]"
the partner brought the juice to us .,a professor promised a salad to you .,PD,PD,BRING,PROMISE,THE,A,to,to,-42.79533386230469,"[-3.507842, -7.310337, -10.709752, -2.1799912, -9.276787, -1.9872427, -6.388523, -1.4348567]"
the partner brought the juice to us .,a professor promised you a salad .,PD,DO,BRING,PROMISE,THE,A,to,to,-40.036224365234375,"[-3.507842, -7.310337, -10.709752, -6.3189626, -1.6713079, -8.700769, -1.8172522]"
the partner brought the meal to them .,a president sent an instrument to me .,PD,PD,BRING,SEND,THE,A,to,to,-45.38665008544922,"[-3.5538635, -9.569535, -7.59869, -2.9933887, -12.187495, -0.6664386, -7.1134796, -1.7037624]"
the partner brought the meal to them .,a president sent me an instrument .,PD,DO,BRING,SEND,THE,A,to,to,-43.83259582519531,"[-3.5538635, -9.569535, -7.59869, -5.765677, -2.5135374, -11.612632, -3.218659]"
the partner brought the wire to them .,an adult sold a salad to you .,PD,PD,BRING,SELL,THE,A,to,to,-45.942779541015625,"[-5.635683, -6.312, -10.064479, -1.575048, -10.324083, -1.6604027, -8.790892, -1.5801905]"
the partner brought the wire to them .,an adult sold you a salad .,PD,DO,BRING,SELL,THE,A,to,to,-40.503883361816406,"[-5.635683, -6.312, -10.064479, -7.0886264, -0.91630465, -8.877954, -1.6088369]"
the partner brought the wire to you .,an uncle saved an anchor for us .,PD,PD,BRING,SAVE,THE,A,to,for,-47.377716064453125,"[-5.667807, -9.029036, -10.697587, -3.7782588, -8.298079, -3.453373, -5.4708366, -0.9827416]"
the partner brought the wire to you .,an uncle saved us an anchor .,PD,DO,BRING,SAVE,THE,A,to,for,-51.520660400390625,"[-5.667807, -9.029036, -10.697587, -7.5248075, -4.9632177, -11.616572, -2.0216348]"
the partner brought them the meal .,a president sent an instrument to me .,DO,PD,BRING,SEND,THE,A,to,to,-45.33708572387695,"[-3.5876095, -9.64499, -7.3608823, -2.9495323, -12.211575, -0.8550388, -6.5725365, -2.154922]"
the partner brought them the meal .,a president sent me an instrument .,DO,DO,BRING,SEND,THE,A,to,to,-43.62666702270508,"[-3.5876095, -9.64499, -7.3608823, -5.1876, -2.4540915, -12.3153, -3.0761929]"
the partner brought them the wire .,an adult sold a salad to you .,DO,PD,BRING,SELL,THE,A,to,to,-47.47936248779297,"[-5.648859, -6.3685884, -10.2175045, -1.9250126, -10.64114, -2.0405307, -8.842336, -1.7953923]"
the partner brought them the wire .,an adult sold you a salad .,DO,DO,BRING,SELL,THE,A,to,to,-40.74340057373047,"[-5.648859, -6.3685884, -10.2175045, -6.6201925, -1.1605107, -9.327422, -1.4003196]"
the partner brought us the juice .,a professor promised a salad to you .,DO,PD,BRING,PROMISE,THE,A,to,to,-44.209007263183594,"[-3.5393038, -7.190261, -10.567754, -2.267757, -9.411652, -2.9575179, -6.554008, -1.7207558]"
the partner brought us the juice .,a professor promised you a salad .,DO,DO,BRING,PROMISE,THE,A,to,to,-38.72643280029297,"[-3.5393038, -7.190261, -10.567754, -5.575767, -1.8557184, -8.618089, -1.3795367]"
the partner brought you the wire .,an uncle saved an anchor for us .,DO,PD,BRING,SAVE,THE,A,to,for,-47.015838623046875,"[-5.6701527, -9.242616, -10.653236, -3.9689546, -8.078994, -3.436543, -4.932496, -1.0328479]"
the partner brought you the wire .,an uncle saved us an anchor .,DO,DO,BRING,SAVE,THE,A,to,for,-49.763771057128906,"[-5.6701527, -9.242616, -10.653236, -5.962974, -4.9146423, -11.513312, -1.80684]"
the partner caught it the ball .,a reader fed a meal to you .,DO,PD,CATCH,FEED,THE,A,for,to,-46.022216796875,"[-3.5407996, -7.0511923, -12.527554, -3.428714, -7.5681515, -2.520226, -7.48486, -1.9007194]"
the partner caught it the ball .,a reader fed you a meal .,DO,DO,CATCH,FEED,THE,A,for,to,-45.1607666015625,"[-3.5407996, -7.0511923, -12.527554, -8.959163, -3.513477, -7.6501126, -1.9184673]"
the partner caught it the telephone .,a brother drew a jacket for me .,DO,PD,CATCH,DRAW,THE,A,for,for,-43.109947204589844,"[-3.5835643, -8.8109665, -8.704795, -1.0297675, -10.514782, -4.605224, -4.2178807, -1.6429653]"
the partner caught it the telephone .,a brother drew me a jacket .,DO,DO,CATCH,DRAW,THE,A,for,for,-40.556488037109375,"[-3.5835643, -8.8109665, -8.704795, -6.354751, -1.5544672, -10.155285, -1.3926587]"
the partner caught the ball for it .,a reader fed a meal to you .,PD,PD,CATCH,FEED,THE,A,for,to,-44.839210510253906,"[-3.5385184, -7.0398035, -12.16865, -3.001765, -8.004111, -2.3611336, -6.9690533, -1.7561762]"
the partner caught the ball for it .,a reader fed you a meal .,PD,DO,CATCH,FEED,THE,A,for,to,-44.523841857910156,"[-3.5385184, -7.0398035, -12.16865, -8.634476, -3.1830337, -7.961444, -1.9979198]"
the partner caught the bowl for you .,a colonel took a telephone to us .,PD,PD,CATCH,TAKE,THE,A,for,to,-47.67923355102539,"[-3.5464108, -11.575156, -6.81195, -1.7083476, -8.630467, -6.428231, -6.7776103, -2.2010586]"
the partner caught the bowl for you .,a colonel took us a telephone .,PD,DO,CATCH,TAKE,THE,A,for,to,-49.35246276855469,"[-3.5464108, -11.575156, -6.81195, -6.2229815, -3.7231808, -10.025085, -7.447698]"
the partner caught the box for them .,a winner fed a meal to you .,PD,PD,CATCH,FEED,THE,A,for,to,-46.920196533203125,"[-3.5170448, -10.126093, -12.590002, -1.5538089, -8.448469, -1.2241979, -7.9572706, -1.5033112]"
the partner caught the box for them .,a winner fed you a meal .,PD,DO,CATCH,FEED,THE,A,for,to,-42.441253662109375,"[-3.5170448, -10.126093, -12.590002, -7.334996, -2.0303075, -4.9892507, -1.85356]"
the partner caught the telephone for it .,a brother drew a jacket for me .,PD,PD,CATCH,DRAW,THE,A,for,for,-42.13562774658203,"[-3.5655923, -8.801343, -8.935105, -0.9518897, -10.66566, -3.6132417, -4.165723, -1.4370733]"
the partner caught the telephone for it .,a brother drew me a jacket .,PD,DO,CATCH,DRAW,THE,A,for,for,-41.813621520996094,"[-3.5655923, -8.801343, -8.935105, -7.0900674, -1.3929238, -10.267346, -1.7612398]"
the partner caught the telephone for you .,a singer showed a cheese to us .,PD,PD,CATCH,SHOW,THE,A,for,to,-52.91886901855469,"[-3.566104, -10.697958, -9.491841, -3.3120344, -11.996023, -5.3433237, -6.086649, -2.4249368]"
the partner caught the telephone for you .,a singer showed us a cheese .,PD,DO,CATCH,SHOW,THE,A,for,to,-47.58110046386719,"[-3.566104, -10.697958, -9.491841, -4.564786, -1.956641, -12.08473, -5.2190423]"
the partner caught the telephone for you .,a candidate fed a candy to him .,PD,PD,CATCH,FEED,THE,A,for,to,-41.92567443847656,"[-3.566104, -8.240274, -11.25355, -1.4078892, -7.3135395, -2.8243957, -5.1903086, -2.1296115]"
the partner caught the telephone for you .,a candidate fed him a candy .,PD,DO,CATCH,FEED,THE,A,for,to,-40.29442596435547,"[-3.566104, -8.240274, -11.25355, -6.95681, -0.9698638, -6.143857, -3.1639643]"
the partner caught the television for them .,a leader purchased a cheese for you .,PD,PD,CATCH,PURCHASE,THE,A,for,for,-46.97699737548828,"[-3.5621297, -8.217058, -12.167767, -0.8531015, -10.205158, -3.8374128, -7.0668697, -1.0675024]"
the partner caught the television for them .,a leader purchased you a cheese .,PD,DO,CATCH,PURCHASE,THE,A,for,for,-46.67420196533203,"[-3.5621297, -8.217058, -12.167767, -9.701796, -0.93436056, -8.83239, -3.2586997]"
the partner caught them the box .,a winner fed a meal to you .,DO,PD,CATCH,FEED,THE,A,for,to,-46.91226577758789,"[-3.5465255, -10.13285, -12.414886, -2.0499773, -7.337631, -1.9740098, -7.7904177, -1.6659702]"
the partner caught them the box .,a winner fed you a meal .,DO,DO,CATCH,FEED,THE,A,for,to,-41.227867126464844,"[-3.5465255, -10.13285, -12.414886, -6.7242155, -2.024932, -4.735014, -1.6494462]"
the partner caught them the television .,a leader purchased a cheese for you .,DO,PD,CATCH,PURCHASE,THE,A,for,for,-49.159828186035156,"[-3.549541, -8.251507, -12.409681, -0.88816714, -10.137287, -4.1462293, -8.410236, -1.367182]"
the partner caught them the television .,a leader purchased you a cheese .,DO,DO,CATCH,PURCHASE,THE,A,for,for,-46.33308029174805,"[-3.549541, -8.251507, -12.409681, -9.54696, -0.71466494, -8.840676, -3.020052]"
the partner caught you the bowl .,a colonel took a telephone to us .,DO,PD,CATCH,TAKE,THE,A,for,to,-47.065185546875,"[-3.53501, -11.8138685, -6.475523, -1.3730619, -8.33649, -6.7900434, -6.6760683, -2.0651188]"
the partner caught you the bowl .,a colonel took us a telephone .,DO,DO,CATCH,TAKE,THE,A,for,to,-41.24760437011719,"[-3.53501, -11.8138685, -6.475523, -5.192524, -1.3322237, -8.039137, -4.8593206]"
the partner caught you the telephone .,a singer showed a cheese to us .,DO,PD,CATCH,SHOW,THE,A,for,to,-53.324459075927734,"[-3.563833, -10.776341, -9.63547, -2.9626951, -12.049934, -5.042507, -6.777915, -2.5157645]"
the partner caught you the telephone .,a singer showed us a cheese .,DO,DO,CATCH,SHOW,THE,A,for,to,-46.236175537109375,"[-3.563833, -10.776341, -9.63547, -4.4067144, -1.6239401, -12.02133, -4.2085423]"
the partner caught you the telephone .,a candidate fed a candy to him .,DO,PD,CATCH,FEED,THE,A,for,to,-43.660606384277344,"[-3.563833, -8.282546, -11.262607, -1.5568098, -7.469019, -3.9990678, -5.2211366, -2.3055878]"
the partner caught you the telephone .,a candidate fed him a candy .,DO,DO,CATCH,FEED,THE,A,for,to,-41.365211486816406,"[-3.563833, -8.282546, -11.262607, -7.429958, -0.80443436, -6.712635, -3.3092005]"
the partner delivered her the pie .,a minister got a log for him .,DO,PD,DELIVER,GET,THE,A,for,for,-42.871864318847656,"[-3.6681306, -9.099999, -8.495544, -1.7447594, -11.18025, -3.8932433, -3.3539882, -1.435946]"
the partner delivered her the pie .,a minister got him a log .,DO,DO,DELIVER,GET,THE,A,for,for,-39.14939880371094,"[-3.6681306, -9.099999, -8.495544, -5.1557407, -1.2036315, -9.86281, -1.6635422]"
the partner delivered me the pie .,an employer got a meal for you .,DO,PD,DELIVER,GET,THE,A,for,for,-40.174346923828125,"[-5.6793284, -6.9552813, -7.085493, -1.6416626, -8.864716, -2.7332478, -5.8400803, -1.374537]"
the partner delivered me the pie .,an employer got you a meal .,DO,DO,DELIVER,GET,THE,A,for,for,-35.451751708984375,"[-5.6793284, -6.9552813, -7.085493, -6.8675995, -1.4346817, -5.9052963, -1.5240722]"
the partner delivered the meal for us .,a parent drew an instrument for you .,PD,PD,DELIVER,DRAW,THE,A,for,for,-46.05156707763672,"[-3.5858898, -7.944089, -7.879984, -3.448597, -11.210998, -2.5716133, -7.636028, -1.7743719]"
the partner delivered the meal for us .,a parent drew you an instrument .,PD,DO,DELIVER,DRAW,THE,A,for,for,-48.23127746582031,"[-3.5858898, -7.944089, -7.879984, -10.329149, -3.7072344, -11.516176, -3.2687542]"
the partner delivered the pie for her .,a minister got a log for him .,PD,PD,DELIVER,GET,THE,A,for,for,-41.76271057128906,"[-3.618277, -9.201727, -8.5903015, -1.6402711, -11.149913, -3.37011, -2.6347141, -1.5573971]"
the partner delivered the pie for her .,a minister got him a log .,PD,DO,DELIVER,GET,THE,A,for,for,-41.01469802856445,"[-3.618277, -9.201727, -8.5903015, -5.4427147, -1.4270196, -9.892299, -2.842362]"
the partner delivered the pie for me .,an employer got a meal for you .,PD,PD,DELIVER,GET,THE,A,for,for,-37.908607482910156,"[-5.658087, -7.079354, -7.267212, -1.5725337, -8.7930765, -1.8629564, -4.2376456, -1.4377409]"
the partner delivered the pie for me .,an employer got you a meal .,PD,DO,DELIVER,GET,THE,A,for,for,-37.48145294189453,"[-5.658087, -7.079354, -7.267212, -7.3916273, -1.3644408, -5.992878, -2.7278562]"
the partner delivered the pie for them .,a king showed a tea to it .,PD,PD,DELIVER,SHOW,THE,A,for,to,-47.13737487792969,"[-3.596612, -9.970156, -9.108128, -3.1477861, -10.293737, -3.7008586, -6.3960485, -0.9240471]"
the partner delivered the pie for them .,a king showed it a tea .,PD,DO,DELIVER,SHOW,THE,A,for,to,-47.405853271484375,"[-3.596612, -9.970156, -9.108128, -4.7209816, -5.688677, -12.280114, -2.0411844]"
the partner delivered the pie for you .,a pilot took a bag to him .,PD,PD,DELIVER,TAKE,THE,A,for,to,-41.376304626464844,"[-3.5812025, -8.057964, -6.0011168, -2.199542, -8.344324, -4.6516232, -5.7801895, -2.760344]"
the partner delivered the pie for you .,a pilot took him a bag .,PD,DO,DELIVER,TAKE,THE,A,for,to,-42.32269287109375,"[-3.5812025, -8.057964, -6.0011168, -5.1565485, -5.34355, -8.754363, -5.427949]"
the partner delivered them the pie .,a king showed a tea to it .,DO,PD,DELIVER,SHOW,THE,A,for,to,-46.34806823730469,"[-3.6622112, -9.930841, -8.800141, -3.588822, -10.152018, -3.3649685, -6.0258465, -0.8232186]"
the partner delivered them the pie .,a king showed it a tea .,DO,DO,DELIVER,SHOW,THE,A,for,to,-44.0181884765625,"[-3.6622112, -9.930841, -8.800141, -4.5763917, -4.8291764, -11.2908945, -0.9285294]"
the partner delivered us the meal .,a parent drew an instrument for you .,DO,PD,DELIVER,DRAW,THE,A,for,for,-47.82920455932617,"[-3.6410131, -7.9196315, -7.9438505, -3.676211, -11.144482, -3.330074, -8.2378645, -1.9360791]"
the partner delivered us the meal .,a parent drew you an instrument .,DO,DO,DELIVER,DRAW,THE,A,for,for,-47.37512969970703,"[-3.6410131, -7.9196315, -7.9438505, -9.8498125, -4.0604744, -11.406983, -2.553363]"
the partner delivered you the pie .,a pilot took a bag to him .,DO,PD,DELIVER,TAKE,THE,A,for,to,-40.679176330566406,"[-3.6114855, -8.025694, -5.4190845, -2.0611506, -8.422287, -4.808871, -6.0619473, -2.268654]"
the partner delivered you the pie .,a pilot took him a bag .,DO,DO,DELIVER,TAKE,THE,A,for,to,-39.70598220825195,"[-3.6114855, -8.025694, -5.4190845, -4.612482, -5.273194, -8.46455, -4.299491]"
the partner designed her the camera .,a prince supplied a salad to you .,DO,PD,DESIGN,SUPPLY,THE,A,for,to,-46.876808166503906,"[-3.5656738, -10.928068, -9.976618, -2.0483098, -9.640744, -1.383157, -7.9773226, -1.3569176]"
the partner designed her the camera .,a prince supplied you a salad .,DO,DO,DESIGN,SUPPLY,THE,A,for,to,-44.108909606933594,"[-3.5656738, -10.928068, -9.976618, -5.7472377, -3.595481, -9.008848, -1.2869798]"
the partner designed him the camera .,a guy purchased a newspaper for you .,DO,PD,DESIGN,PURCHASE,THE,A,for,for,-40.53361892700195,"[-3.5999975, -7.5807323, -8.105355, -0.900644, -9.419842, -2.457012, -7.4289656, -1.0410699]"
the partner designed him the camera .,a guy purchased you a newspaper .,DO,DO,DESIGN,PURCHASE,THE,A,for,for,-38.19126510620117,"[-3.5999975, -7.5807323, -8.105355, -7.7233005, -0.69906753, -9.28056, -1.2022531]"
the partner designed him the gun .,a president bought an anchor for them .,DO,PD,DESIGN,BUY,THE,A,for,for,-45.193931579589844,"[-3.6089935, -9.520208, -9.349523, -3.2502806, -7.7556543, -2.3972268, -8.08296, -1.2290845]"
the partner designed him the gun .,a president bought them an anchor .,DO,DO,DESIGN,BUY,THE,A,for,for,-41.517906188964844,"[-3.6089935, -9.520208, -9.349523, -6.117296, -3.6700425, -7.769678, -1.4821647]"
the partner designed him the jacket .,a buddy threw a candy to me .,DO,PD,DESIGN,THROW,THE,A,for,to,-39.34278106689453,"[-3.641461, -9.845779, -7.857731, -1.510752, -7.7618628, -4.9709034, -2.6353598, -1.1189338]"
the partner designed him the jacket .,a buddy threw me a candy .,DO,DO,DESIGN,THROW,THE,A,for,to,-34.46879577636719,"[-3.641461, -9.845779, -7.857731, -3.2142203, -0.59166336, -7.1133957, -2.2045472]"
the partner designed him the motor .,a parent gave a tea to them .,DO,PD,DESIGN,GIVE,THE,A,for,to,-44.606468200683594,"[-3.616876, -8.02242, -5.8451567, -2.6027489, -10.912424, -2.448727, -9.030434, -2.127682]"
the partner designed him the motor .,a parent gave them a tea .,DO,DO,DESIGN,GIVE,THE,A,for,to,-35.252750396728516,"[-3.616876, -8.02242, -5.8451567, -5.047386, -1.1346455, -9.230692, -2.3555722]"
the partner designed it the gun .,a nurse supplied a coffee to us .,DO,PD,DESIGN,SUPPLY,THE,A,for,to,-44.39287567138672,"[-3.5679274, -7.7114844, -10.68951, -2.3051753, -8.293901, -1.6660101, -8.313069, -1.8457967]"
the partner designed it the gun .,a nurse supplied us a coffee .,DO,DO,DESIGN,SUPPLY,THE,A,for,to,-40.124488830566406,"[-3.5679274, -7.7114844, -10.68951, -5.8752933, -4.731764, -5.654381, -1.8941293]"
the partner designed it the jacket .,an adult left a beer for you .,DO,PD,DESIGN,LEAVE,THE,A,for,for,-44.68729019165039,"[-5.7059264, -6.3694286, -9.936124, -2.6779072, -7.2813125, -4.3282766, -6.713794, -1.6745212]"
the partner designed it the jacket .,an adult left you a beer .,DO,DO,DESIGN,LEAVE,THE,A,for,for,-40.7337760925293,"[-5.7059264, -6.3694286, -9.936124, -6.884185, -3.209973, -6.816923, -1.8112165]"
the partner designed the camera for her .,a prince supplied a salad to you .,PD,PD,DESIGN,SUPPLY,THE,A,for,to,-46.84359359741211,"[-3.5325441, -10.937899, -9.997168, -2.145195, -9.563499, -1.3849738, -7.803951, -1.4783663]"
the partner designed the camera for her .,a prince supplied you a salad .,PD,DO,DESIGN,SUPPLY,THE,A,for,to,-46.0726318359375,"[-3.5325441, -10.937899, -9.997168, -6.166648, -4.605479, -9.077564, -1.7553322]"
the partner designed the camera for him .,a guy purchased a newspaper for you .,PD,PD,DESIGN,PURCHASE,THE,A,for,for,-38.648773193359375,"[-3.5256686, -7.698417, -8.108427, -0.7630364, -9.589099, -1.30062, -6.655256, -1.0082487]"
the partner designed the camera for him .,a guy purchased you a newspaper .,PD,DO,DESIGN,PURCHASE,THE,A,for,for,-39.620506286621094,"[-3.5256686, -7.698417, -8.108427, -8.083453, -0.7301419, -9.633254, -1.8411434]"
the partner designed the camera for you .,a reader took a flower to it .,PD,PD,DESIGN,TAKE,THE,A,for,to,-42.853111267089844,"[-3.5102081, -6.6359324, -8.215813, -2.1729903, -12.267659, -2.7944212, -5.6544094, -1.601676]"
the partner designed the camera for you .,a reader took it a flower .,PD,DO,DESIGN,TAKE,THE,A,for,to,-44.73664474487305,"[-3.5102081, -6.6359324, -8.215813, -3.5235667, -4.989401, -14.729058, -3.1326654]"
the partner designed the gun for him .,a president bought an anchor for them .,PD,PD,DESIGN,BUY,THE,A,for,for,-44.054832458496094,"[-3.5131047, -9.627295, -9.65035, -3.1601887, -8.065557, -1.5792229, -7.4654493, -0.9936671]"
the partner designed the gun for him .,a president bought them an anchor .,PD,DO,DESIGN,BUY,THE,A,for,for,-45.05497360229492,"[-3.5131047, -9.627295, -9.65035, -6.783946, -4.9784393, -8.4644165, -2.0374217]"
the partner designed the gun for it .,a nurse supplied a coffee to us .,PD,PD,DESIGN,SUPPLY,THE,A,for,to,-45.66748046875,"[-3.51924, -7.759618, -10.7529545, -2.8371272, -8.759724, -1.5191023, -8.631137, -1.8885798]"
the partner designed the gun for it .,a nurse supplied us a coffee .,PD,DO,DESIGN,SUPPLY,THE,A,for,to,-43.4512825012207,"[-3.51924, -7.759618, -10.7529545, -6.366445, -6.2572985, -6.2206297, -2.575097]"
the partner designed the gun for us .,a soldier bought a meal for him .,PD,PD,DESIGN,BUY,THE,A,for,for,-38.17826843261719,"[-3.5066676, -7.582617, -8.712104, -0.80382776, -8.801249, -0.71862197, -4.993322, -3.0598571]"
the partner designed the gun for us .,a soldier bought him a meal .,PD,DO,DESIGN,BUY,THE,A,for,for,-33.500282287597656,"[-3.5066676, -7.582617, -8.712104, -4.598618, -0.4301303, -6.855073, -1.8150715]"
the partner designed the gun for you .,a candidate supplied a tea to them .,PD,PD,DESIGN,SUPPLY,THE,A,for,to,-48.38022994995117,"[-3.4927845, -8.119616, -11.711052, -2.1927314, -8.891938, -3.4143248, -9.104292, -1.4534916]"
the partner designed the gun for you .,a candidate supplied them a tea .,PD,DO,DESIGN,SUPPLY,THE,A,for,to,-43.40196990966797,"[-3.4927845, -8.119616, -11.711052, -6.9566865, -3.7460732, -7.378588, -1.9971682]"
the partner designed the jacket for him .,a buddy threw a candy to me .,PD,PD,DESIGN,THROW,THE,A,for,to,-38.4903450012207,"[-3.5514147, -9.787808, -8.097925, -1.0672944, -7.3756094, -5.191513, -2.2936525, -1.1251281]"
the partner designed the jacket for him .,a buddy threw me a candy .,PD,DO,DESIGN,THROW,THE,A,for,to,-35.09206008911133,"[-3.5514147, -9.787808, -8.097925, -3.1005547, -0.45570883, -7.0443554, -3.0542927]"
the partner designed the jacket for it .,an adult left a beer for you .,PD,PD,DESIGN,LEAVE,THE,A,for,for,-43.36503219604492,"[-5.6997027, -6.4148626, -9.711103, -2.5940697, -7.3632193, -3.795122, -6.3372216, -1.44973]"
the partner designed the jacket for it .,an adult left you a beer .,PD,DO,DESIGN,LEAVE,THE,A,for,for,-40.99585723876953,"[-5.6997027, -6.4148626, -9.711103, -6.3258, -3.5167117, -7.277788, -2.0498881]"
the partner designed the jacket for you .,a parent supplied a cheese to him .,PD,PD,DESIGN,SUPPLY,THE,A,for,to,-45.340126037597656,"[-3.5073943, -7.855683, -10.280328, -2.0028923, -9.725574, -3.2260277, -6.8762097, -1.8660157]"
the partner designed the jacket for you .,a parent supplied him a cheese .,PD,DO,DESIGN,SUPPLY,THE,A,for,to,-43.97071838378906,"[-3.5073943, -7.855683, -10.280328, -6.1091814, -3.1694608, -8.747078, -4.301592]"
the partner designed the motor for him .,a parent gave a tea to them .,PD,PD,DESIGN,GIVE,THE,A,for,to,-43.29559326171875,"[-3.530229, -7.943466, -5.8544216, -2.3232358, -10.741578, -1.9145012, -9.036894, -1.9512682]"
the partner designed the motor for him .,a parent gave them a tea .,PD,DO,DESIGN,GIVE,THE,A,for,to,-35.188018798828125,"[-3.530229, -7.943466, -5.8544216, -5.4263735, -1.0645874, -8.831903, -2.5370395]"
the partner designed the motor for you .,an adult took a book to him .,PD,PD,DESIGN,TAKE,THE,A,for,to,-40.97588348388672,"[-5.6981564, -6.1356573, -8.932861, -1.875452, -8.542183, -2.3588657, -5.5830336, -1.8496712]"
the partner designed the motor for you .,an adult took him a book .,PD,DO,DESIGN,TAKE,THE,A,for,to,-41.83964538574219,"[-5.6981564, -6.1356573, -8.932861, -4.964448, -5.353416, -8.21417, -2.5409358]"
the partner designed us the gun .,a soldier bought a meal for him .,DO,PD,DESIGN,BUY,THE,A,for,for,-39.157447814941406,"[-3.5634933, -7.616908, -8.424151, -0.99438095, -8.853639, -1.2892036, -5.5710106, -2.8446598]"
the partner designed us the gun .,a soldier bought him a meal .,DO,DO,DESIGN,BUY,THE,A,for,for,-32.08301544189453,"[-3.5634933, -7.616908, -8.424151, -3.3240862, -0.49003425, -7.3424697, -1.3218707]"
the partner designed you the camera .,a reader took a flower to it .,DO,PD,DESIGN,TAKE,THE,A,for,to,-43.576683044433594,"[-3.5297015, -6.619884, -8.580532, -2.0868332, -11.920657, -2.8527582, -6.2090135, -1.7773031]"
the partner designed you the camera .,a reader took it a flower .,DO,DO,DESIGN,TAKE,THE,A,for,to,-44.70769500732422,"[-3.5297015, -6.619884, -8.580532, -3.6338646, -5.0291376, -14.344667, -2.969906]"
the partner designed you the gun .,a candidate supplied a tea to them .,DO,PD,DESIGN,SUPPLY,THE,A,for,to,-46.841590881347656,"[-3.5116198, -8.119731, -11.449598, -1.9810398, -8.841606, -3.0407734, -8.478979, -1.4182419]"
the partner designed you the gun .,a candidate supplied them a tea .,DO,DO,DESIGN,SUPPLY,THE,A,for,to,-41.93167495727539,"[-3.5116198, -8.119731, -11.449598, -6.992796, -3.0031753, -7.627715, -1.2270389]"
the partner designed you the jacket .,a parent supplied a cheese to him .,DO,PD,DESIGN,SUPPLY,THE,A,for,to,-44.41264343261719,"[-3.5383024, -7.7373676, -10.075675, -2.333074, -9.320901, -2.9637754, -6.8571696, -1.586379]"
the partner designed you the jacket .,a parent supplied him a cheese .,DO,DO,DESIGN,SUPPLY,THE,A,for,to,-41.10855484008789,"[-3.5383024, -7.7373676, -10.075675, -5.967839, -2.143446, -8.455156, -3.1907692]"
the partner designed you the motor .,an adult took a book to him .,DO,PD,DESIGN,TAKE,THE,A,for,to,-42.04402160644531,"[-5.6676073, -6.300564, -9.49834, -1.9724294, -8.474718, -2.421318, -6.118928, -1.5901202]"
the partner designed you the motor .,an adult took him a book .,DO,DO,DESIGN,TAKE,THE,A,for,to,-40.14594268798828,"[-5.6676073, -6.300564, -9.49834, -5.0126324, -3.341133, -8.102521, -2.2231424]"
the partner drew him the knife .,a buddy found a jacket for us .,DO,PD,DRAW,FIND,THE,A,for,for,-41.9609260559082,"[-3.675441, -9.852537, -6.3671017, -1.6786801, -8.826095, -4.203665, -6.054294, -1.3031117]"
the partner drew him the knife .,a buddy found us a jacket .,DO,DO,DRAW,FIND,THE,A,for,for,-39.26177978515625,"[-3.675441, -9.852537, -6.3671017, -7.0313725, -2.3106396, -8.703223, -1.3214684]"
the partner drew it the hat .,a sheriff sent a bottle to them .,DO,PD,DRAW,SEND,THE,A,for,to,-42.24775695800781,"[-3.597951, -8.7023735, -8.493548, -1.3252237, -8.745829, -2.7901466, -7.3229194, -1.2697638]"
the partner drew it the hat .,a sheriff sent them a bottle .,DO,DO,DRAW,SEND,THE,A,for,to,-38.39802551269531,"[-3.597951, -8.7023735, -8.493548, -6.2601347, -1.79245, -6.4333673, -3.1181998]"
the partner drew me the coat .,a doctor caught a book for us .,DO,PD,DRAW,CATCH,THE,A,for,for,-44.63807678222656,"[-3.6700375, -7.231921, -7.3688426, -3.8814344, -9.879872, -5.1819663, -5.9447117, -1.4792892]"
the partner drew me the coat .,a doctor caught us a book .,DO,DO,DRAW,CATCH,THE,A,for,for,-36.47236251831055,"[-3.6700375, -7.231921, -7.3688426, -6.5963173, -3.8819988, -6.3154383, -1.4078066]"
the partner drew the button for us .,a student left a chicken for you .,PD,PD,DRAW,LEAVE,THE,A,for,for,-39.85521697998047,"[-3.5953255, -6.1845064, -6.8748655, -1.3813173, -9.398612, -4.4535084, -6.443089, -1.5239943]"
the partner drew the button for us .,a student left you a chicken .,PD,DO,DRAW,LEAVE,THE,A,for,for,-39.692481994628906,"[-3.5953255, -6.1845064, -6.8748655, -8.306586, -2.2564073, -9.832793, -2.6420016]"
the partner drew the button for us .,a reader delivered a salad for you .,PD,PD,DRAW,DELIVER,THE,A,for,for,-42.30870819091797,"[-3.5953255, -6.443359, -9.509905, -1.6353801, -13.227959, -2.591131, -4.529542, -0.77610964]"
the partner drew the button for us .,a reader delivered you a salad .,PD,DO,DRAW,DELIVER,THE,A,for,for,-46.53245544433594,"[-3.5953255, -6.443359, -9.509905, -8.560881, -3.4545007, -13.012806, -1.9556786]"
the partner drew the coat for me .,a doctor caught a book for us .,PD,PD,DRAW,CATCH,THE,A,for,for,-40.86924743652344,"[-3.5902941, -7.305035, -7.388259, -3.2901049, -9.968175, -3.8793514, -4.406083, -1.0419468]"
the partner drew the coat for me .,a doctor caught us a book .,PD,DO,DRAW,CATCH,THE,A,for,for,-40.711936950683594,"[-3.5902941, -7.305035, -7.388259, -7.4797926, -5.1447353, -7.9300156, -1.873806]"
the partner drew the hat for it .,a sheriff sent a bottle to them .,PD,PD,DRAW,SEND,THE,A,for,to,-40.79437255859375,"[-3.5918956, -8.850172, -8.378154, -1.1386216, -8.636643, -2.61877, -6.4853215, -1.0947924]"
the partner drew the hat for it .,a sheriff sent them a bottle .,PD,DO,DRAW,SEND,THE,A,for,to,-40.76625442504883,"[-3.5918956, -8.850172, -8.378154, -6.53951, -3.009301, -6.65724, -3.7399828]"
the partner drew the hat for us .,a lady brought a pie to him .,PD,PD,DRAW,BRING,THE,A,for,to,-37.51383590698242,"[-3.6120617, -8.191206, -7.3924084, -1.7249125, -7.2868423, -1.2096679, -7.1339593, -0.96277595]"
the partner drew the hat for us .,a lady brought him a pie .,PD,DO,DRAW,BRING,THE,A,for,to,-33.69068908691406,"[-3.6120617, -8.191206, -7.3924084, -6.056423, -0.96600497, -6.3196735, -1.1529123]"
the partner drew the key for you .,a husband left a pie for him .,PD,PD,DRAW,LEAVE,THE,A,for,for,-40.62225341796875,"[-3.5413666, -8.622311, -7.712771, -1.9470406, -9.962809, -1.6126386, -5.2811556, -1.9421626]"
the partner drew the key for you .,a husband left him a pie .,PD,DO,DRAW,LEAVE,THE,A,for,for,-36.69742965698242,"[-3.5413666, -8.622311, -7.712771, -4.286747, -2.0633285, -8.376104, -2.0948005]"
the partner drew the knife for him .,a buddy found a jacket for us .,PD,PD,DRAW,FIND,THE,A,for,for,-40.243064880371094,"[-3.5889235, -10.039564, -6.3941174, -1.2540562, -8.509162, -3.21068, -5.947401, -1.2991613]"
the partner drew the knife for him .,a buddy found us a jacket .,PD,DO,DRAW,FIND,THE,A,for,for,-41.88296127319336,"[-3.5889235, -10.039564, -6.3941174, -7.0170355, -3.365932, -9.489081, -1.9883089]"
the partner drew the knife for them .,an opponent supplied a juice to you .,PD,PD,DRAW,SUPPLY,THE,A,for,to,-48.665496826171875,"[-5.6328006, -8.132792, -12.660048, -2.4563935, -10.054031, -2.2257762, -6.541393, -0.96226335]"
the partner drew the knife for them .,an opponent supplied you a juice .,PD,DO,DRAW,SUPPLY,THE,A,for,to,-49.05613327026367,"[-5.6328006, -8.132792, -12.660048, -5.91092, -5.030241, -9.353253, -2.336078]"
the partner drew them the knife .,an opponent supplied a juice to you .,DO,PD,DRAW,SUPPLY,THE,A,for,to,-48.51645278930664,"[-5.6401634, -8.156186, -12.248721, -2.611485, -9.581448, -2.7508721, -6.6324496, -0.8951282]"
the partner drew them the knife .,an opponent supplied you a juice .,DO,DO,DRAW,SUPPLY,THE,A,for,to,-47.044952392578125,"[-5.6401634, -8.156186, -12.248721, -5.3219266, -4.3665357, -9.392929, -1.9184923]"
the partner drew us the button .,a student left a chicken for you .,DO,PD,DRAW,LEAVE,THE,A,for,for,-40.70908737182617,"[-3.6150393, -6.245305, -6.9272614, -1.7010143, -9.162896, -4.7440767, -6.6657066, -1.647788]"
the partner drew us the button .,a student left you a chicken .,DO,DO,DRAW,LEAVE,THE,A,for,for,-38.68222427368164,"[-3.6150393, -6.245305, -6.9272614, -7.8601503, -2.2462902, -9.610086, -2.1780918]"
the partner drew us the button .,a reader delivered a salad for you .,DO,PD,DRAW,DELIVER,THE,A,for,for,-43.298744201660156,"[-3.6150393, -6.426174, -9.481633, -1.7878693, -13.893654, -3.384757, -3.8645973, -0.84501785]"
the partner drew us the button .,a reader delivered you a salad .,DO,DO,DRAW,DELIVER,THE,A,for,for,-45.30683898925781,"[-3.6150393, -6.426174, -9.481633, -7.976531, -2.6024656, -13.687835, -1.5171582]"
the partner drew us the hat .,a lady brought a pie to him .,DO,PD,DRAW,BRING,THE,A,for,to,-37.78404235839844,"[-3.6112957, -8.159965, -7.178381, -2.2541835, -7.573122, -1.1259444, -6.9115987, -0.9695516]"
the partner drew us the hat .,a lady brought him a pie .,DO,DO,DRAW,BRING,THE,A,for,to,-32.72368621826172,"[-3.6112957, -8.159965, -7.178381, -5.982212, -1.0438484, -6.059453, -0.6885304]"
the partner drew you the key .,a husband left a pie for him .,DO,PD,DRAW,LEAVE,THE,A,for,for,-42.27424621582031,"[-3.5694633, -8.592105, -7.560828, -2.0963087, -9.921651, -2.4778645, -5.9386473, -2.1173768]"
the partner drew you the key .,a husband left him a pie .,DO,DO,DRAW,LEAVE,THE,A,for,for,-35.82354736328125,"[-3.5694633, -8.592105, -7.560828, -4.00136, -1.6349652, -8.669819, -1.7950034]"
the partner fed her the chocolate .,a worker supplied a salad to you .,DO,PD,FEED,SUPPLY,THE,A,to,to,-42.53166961669922,"[-3.6465197, -6.859047, -10.566753, -2.4111695, -9.045854, -0.95976996, -8.230002, -0.8125547]"
the partner fed her the chocolate .,a worker supplied you a salad .,DO,DO,FEED,SUPPLY,THE,A,to,to,-40.96873474121094,"[-3.6465197, -6.859047, -10.566753, -7.124396, -4.4327183, -7.344963, -0.9943382]"
the partner fed him the chocolate .,a cousin threw a button to me .,DO,PD,FEED,THROW,THE,A,to,to,-42.838294982910156,"[-3.6647987, -8.9394245, -7.267248, -1.1027154, -10.746368, -2.396339, -7.3691077, -1.3522922]"
the partner fed him the chocolate .,a cousin threw me a button .,DO,DO,FEED,THROW,THE,A,to,to,-39.60909652709961,"[-3.6647987, -8.9394245, -7.267248, -6.060302, -0.6401211, -12.209165, -0.82803535]"
the partner fed the candy to them .,a prince left a chicken for you .,PD,PD,FEED,LEAVE,THE,A,to,for,-41.893978118896484,"[-3.6219528, -10.678931, -6.699968, -1.3973796, -8.682422, -4.4208326, -5.1776285, -1.2148633]"
the partner fed the candy to them .,a prince left you a chicken .,PD,DO,FEED,LEAVE,THE,A,to,for,-39.96155548095703,"[-3.6219528, -10.678931, -6.699968, -6.941983, -1.8912685, -8.375719, -1.7517354]"
the partner fed the candy to you .,a singer left an anchor for him .,PD,PD,FEED,LEAVE,THE,A,to,for,-48.148929595947266,"[-3.6028051, -10.380366, -8.152317, -3.0245047, -8.784308, -3.3409505, -8.504659, -2.3590195]"
the partner fed the candy to you .,a singer left him an anchor .,PD,DO,FEED,LEAVE,THE,A,to,for,-44.20320129394531,"[-3.6028051, -10.380366, -8.152317, -5.30163, -3.9191513, -9.675379, -3.1715534]"
the partner fed the chicken to us .,a son gave a button to him .,PD,PD,FEED,GIVE,THE,A,to,to,-40.209625244140625,"[-3.598271, -8.835865, -6.4208183, -3.0425963, -12.424816, -0.4131766, -3.9085333, -1.5655462]"
the partner fed the chicken to us .,a son gave him a button .,PD,DO,FEED,GIVE,THE,A,to,to,-34.97812271118164,"[-3.598271, -8.835865, -6.4208183, -3.4514327, -0.6371302, -9.86867, -2.1659334]"
the partner fed the chocolate to her .,a worker supplied a salad to you .,PD,PD,FEED,SUPPLY,THE,A,to,to,-39.946533203125,"[-3.6242905, -6.987623, -10.6996, -2.2195554, -8.166466, -0.45452502, -7.1801157, -0.6143595]"
the partner fed the chocolate to her .,a worker supplied you a salad .,PD,DO,FEED,SUPPLY,THE,A,to,to,-42.627777099609375,"[-3.6242905, -6.987623, -10.6996, -7.275496, -4.63443, -7.765211, -1.6411257]"
the partner fed the chocolate to him .,a cousin threw a button to me .,PD,PD,FEED,THROW,THE,A,to,to,-41.11347579956055,"[-3.6258721, -9.278528, -7.6500187, -0.82071656, -10.348177, -1.5313065, -6.471801, -1.3870561]"
the partner fed the chocolate to him .,a cousin threw me a button .,PD,DO,FEED,THROW,THE,A,to,to,-40.69641876220703,"[-3.6258721, -9.278528, -7.6500187, -6.604734, -0.47697908, -11.696476, -1.3638077]"
the partner fed the chocolate to you .,a singer sold a candy to them .,PD,PD,FEED,SELL,THE,A,to,to,-42.84715270996094,"[-3.5976095, -10.551421, -9.38989, -1.8923008, -7.6117015, -1.713575, -6.8611903, -1.229465]"
the partner fed the chocolate to you .,a singer sold them a candy .,PD,DO,FEED,SELL,THE,A,to,to,-42.79975509643555,"[-3.5976095, -10.551421, -9.38989, -7.0057163, -3.2234235, -6.417042, -2.6146514]"
the partner fed the salad to us .,a man drew a card for me .,PD,PD,FEED,DRAW,THE,A,to,for,-33.9007682800293,"[-3.6304357, -3.9406354, -8.861455, -0.7758207, -6.0795283, -3.8951662, -4.826347, -1.8913798]"
the partner fed the salad to us .,a man drew me a card .,PD,DO,FEED,DRAW,THE,A,to,for,-32.177406311035156,"[-3.6304357, -3.9406354, -8.861455, -7.8730574, -1.5833917, -4.2581334, -2.0302982]"
the partner fed them the candy .,a prince left a chicken for you .,DO,PD,FEED,LEAVE,THE,A,to,for,-42.410560607910156,"[-3.6375992, -10.637655, -6.9057837, -1.6029943, -8.502663, -4.340164, -5.7854066, -0.99829507]"
the partner fed them the candy .,a prince left you a chicken .,DO,DO,FEED,LEAVE,THE,A,to,for,-38.81892395019531,"[-3.6375992, -10.637655, -6.9057837, -6.099896, -1.9761118, -8.479393, -1.0824862]"
the partner fed us the chicken .,a son gave a button to him .,DO,PD,FEED,GIVE,THE,A,to,to,-41.51176071166992,"[-3.6272793, -8.878446, -6.2848253, -2.9884233, -12.0080805, -0.79721814, -4.937373, -1.9901155]"
the partner fed us the chicken .,a son gave him a button .,DO,DO,FEED,GIVE,THE,A,to,to,-34.090087890625,"[-3.6272793, -8.878446, -6.2848253, -3.134245, -0.67297345, -9.824858, -1.6674619]"
the partner fed us the salad .,a man drew a card for me .,DO,PD,FEED,DRAW,THE,A,to,for,-33.370140075683594,"[-3.649181, -3.9364378, -8.507723, -0.8269304, -6.237259, -3.4415414, -4.927142, -1.8439232]"
the partner fed us the salad .,a man drew me a card .,DO,DO,FEED,DRAW,THE,A,to,for,-30.44172477722168,"[-3.649181, -3.9364378, -8.507723, -6.528477, -1.301791, -4.8571887, -1.6609266]"
the partner fed you the candy .,a singer left an anchor for him .,DO,PD,FEED,LEAVE,THE,A,to,for,-47.61271667480469,"[-3.6429758, -10.282105, -8.092974, -3.0167854, -8.352354, -3.5155196, -8.316201, -2.3938015]"
the partner fed you the candy .,a singer left him an anchor .,DO,DO,FEED,LEAVE,THE,A,to,for,-43.750770568847656,"[-3.6429758, -10.282105, -8.092974, -5.123065, -4.2283506, -9.610472, -2.7708282]"
the partner fed you the chocolate .,a singer sold a candy to them .,DO,PD,FEED,SELL,THE,A,to,to,-45.568119049072266,"[-3.6358151, -10.319752, -9.2070465, -2.0098143, -7.6186295, -3.5772312, -8.086929, -1.1129007]"
the partner fed you the chocolate .,a singer sold them a candy .,DO,DO,FEED,SELL,THE,A,to,to,-39.843536376953125,"[-3.6358151, -10.319752, -9.2070465, -6.7133017, -2.4571621, -6.0595555, -1.4509044]"
the partner found him the tea .,a winner gave a candy to me .,DO,PD,FIND,GIVE,THE,A,for,to,-42.487815856933594,"[-3.5987973, -9.997128, -8.683765, -2.8662393, -10.386652, -1.6111383, -4.45548, -0.88861847]"
the partner found him the tea .,a winner gave me a candy .,DO,DO,FIND,GIVE,THE,A,for,to,-37.01183319091797,"[-3.5987973, -9.997128, -8.683765, -3.4671333, -1.2880654, -8.317194, -1.659751]"
the partner found it the tea .,a lawyer fed a meal to him .,DO,PD,FIND,FEED,THE,A,for,to,-39.674537658691406,"[-3.5337012, -7.276622, -12.566782, -2.0175645, -6.0361824, -0.6394749, -5.6160145, -1.988195]"
the partner found it the tea .,a lawyer fed him a meal .,DO,DO,FIND,FEED,THE,A,for,to,-38.299468994140625,"[-3.5337012, -7.276622, -12.566782, -7.310772, -0.9698628, -5.4079785, -1.2337523]"
the partner found the cigarette for you .,a candidate caught a newspaper for him .,PD,PD,FIND,CATCH,THE,A,for,for,-45.033531188964844,"[-3.50567, -8.387189, -7.180895, -4.900297, -8.839605, -4.1312714, -6.8420167, -1.2465845]"
the partner found the cigarette for you .,a candidate caught him a newspaper .,PD,DO,FIND,CATCH,THE,A,for,for,-47.96276092529297,"[-3.50567, -8.387189, -7.180895, -8.986573, -5.4783373, -9.554854, -4.8692393]"
the partner found the tea for him .,a winner gave a candy to me .,PD,PD,FIND,GIVE,THE,A,for,to,-42.40581512451172,"[-3.5096002, -10.001845, -8.922223, -2.4047108, -10.422792, -1.8839931, -4.3462634, -0.9143865]"
the partner found the tea for him .,a winner gave me a candy .,PD,DO,FIND,GIVE,THE,A,for,to,-38.800682067871094,"[-3.5096002, -10.001845, -8.922223, -3.5801287, -1.0020429, -8.712338, -3.0725043]"
the partner found the tea for it .,a lawyer fed a meal to him .,PD,PD,FIND,FEED,THE,A,for,to,-38.770992279052734,"[-3.5048516, -7.1396613, -12.703416, -2.1716938, -6.207193, -0.7085535, -4.5637918, -1.7718318]"
the partner found the tea for it .,a lawyer fed him a meal .,PD,DO,FIND,FEED,THE,A,for,to,-38.738677978515625,"[-3.5048516, -7.1396613, -12.703416, -7.085353, -1.1732645, -5.3845153, -1.7476175]"
the partner found the tea for us .,a friend took an engine to her .,PD,PD,FIND,TAKE,THE,A,for,to,-40.94031524658203,"[-3.4971933, -5.942667, -5.2459955, -4.5379887, -8.869524, -2.4538996, -5.2711554, -5.121889]"
the partner found the tea for us .,a friend took her an engine .,PD,DO,FIND,TAKE,THE,A,for,to,-40.19902420043945,"[-3.4971933, -5.942667, -5.2459955, -3.5326567, -7.567421, -11.48059, -2.9325042]"
the partner found the tea for you .,a secretary sent a salad to us .,PD,PD,FIND,SEND,THE,A,for,to,-43.664344787597656,"[-3.4845452, -10.877311, -7.215701, -1.0840895, -13.128873, -1.2801712, -4.7620454, -1.8316073]"
the partner found the tea for you .,a secretary sent us a salad .,PD,DO,FIND,SEND,THE,A,for,to,-42.25777816772461,"[-3.4845452, -10.877311, -7.215701, -5.54801, -0.9100855, -11.814337, -2.4077911]"
the partner found the tea for you .,a soldier promised a pie to me .,PD,PD,FIND,PROMISE,THE,A,for,to,-44.11482620239258,"[-3.4845452, -7.9003744, -11.526433, -2.2069397, -8.901037, -1.7469208, -6.522617, -1.8259581]"
the partner found the tea for you .,a soldier promised me a pie .,PD,DO,FIND,PROMISE,THE,A,for,to,-40.933048248291016,"[-3.4845452, -7.9003744, -11.526433, -6.934928, -1.270996, -7.8171473, -1.9986244]"
the partner found us the tea .,a friend took an engine to her .,DO,PD,FIND,TAKE,THE,A,for,to,-40.68780517578125,"[-3.5527902, -5.975486, -5.27593, -4.9054694, -8.330355, -2.6095037, -4.774752, -5.2635183]"
the partner found us the tea .,a friend took her an engine .,DO,DO,FIND,TAKE,THE,A,for,to,-39.57583999633789,"[-3.5527902, -5.975486, -5.27593, -4.327844, -7.49669, -11.142321, -1.8047807]"
the partner found you the cigarette .,a candidate caught a newspaper for him .,DO,PD,FIND,CATCH,THE,A,for,for,-46.10496139526367,"[-3.5422015, -8.419578, -6.9648438, -3.9759502, -8.261937, -5.3233438, -8.15242, -1.4646873]"
the partner found you the cigarette .,a candidate caught him a newspaper .,DO,DO,FIND,CATCH,THE,A,for,for,-45.818241119384766,"[-3.5422015, -8.419578, -6.9648438, -8.516094, -5.331059, -8.742027, -4.302436]"
the partner found you the tea .,a secretary sent a salad to us .,DO,PD,FIND,SEND,THE,A,for,to,-42.33234405517578,"[-3.5479198, -10.801147, -6.582756, -1.1899567, -12.718968, -0.8985213, -5.065978, -1.5270969]"
the partner found you the tea .,a secretary sent us a salad .,DO,DO,FIND,SEND,THE,A,for,to,-38.804588317871094,"[-3.5479198, -10.801147, -6.582756, -4.695386, -0.9388665, -10.851046, -1.3874652]"
the partner found you the tea .,a soldier promised a pie to me .,DO,PD,FIND,PROMISE,THE,A,for,to,-42.38592529296875,"[-3.5479198, -7.890426, -11.377689, -2.1700644, -8.708935, -1.7096756, -5.550431, -1.4307861]"
the partner found you the tea .,a soldier promised me a pie .,DO,DO,FIND,PROMISE,THE,A,for,to,-37.19889831542969,"[-3.5479198, -7.890426, -11.377689, -4.680018, -1.1558623, -7.5347013, -1.012281]"
the partner gave it the camera .,a guy purchased a juice for us .,DO,PD,GIVE,PURCHASE,THE,A,to,for,-43.87337112426758,"[-3.5419645, -7.487215, -9.079587, -0.6832384, -10.999417, -5.250332, -5.6595783, -1.1720403]"
the partner gave it the camera .,a guy purchased us a juice .,DO,DO,GIVE,PURCHASE,THE,A,to,for,-40.38975143432617,"[-3.5419645, -7.487215, -9.079587, -7.301595, -0.5677026, -9.347841, -3.0638452]"
the partner gave it the salad .,a club designed a hat for you .,DO,PD,GIVE,DESIGN,THE,A,to,for,-43.13249206542969,"[-3.6126487, -8.535925, -7.917893, -7.573271, -6.8329983, -2.0340548, -5.862997, -0.76270616]"
the partner gave it the salad .,a club designed you a hat .,DO,DO,GIVE,DESIGN,THE,A,to,for,-44.158695220947266,"[-3.6126487, -8.535925, -7.917893, -11.038459, -5.318499, -6.8924026, -0.842868]"
the partner gave me the telephone .,a teacher kept a bell for us .,DO,PD,GIVE,KEEP,THE,A,to,for,-39.750694274902344,"[-3.5918221, -7.2995706, -8.164454, -2.312233, -9.225953, -3.4643312, -4.101481, -1.59085]"
the partner gave me the telephone .,a teacher kept us a bell .,DO,DO,GIVE,KEEP,THE,A,to,for,-42.53306579589844,"[-3.5918221, -7.2995706, -8.164454, -5.161848, -5.7129264, -10.441207, -2.161239]"
the partner gave the ball to us .,an aunt left a beer for me .,PD,PD,GIVE,LEAVE,THE,A,to,for,-37.04804611206055,"[-5.680271, -9.323537, -6.596919, -0.98808753, -7.808937, -2.9700165, -2.7286074, -0.951671]"
the partner gave the ball to us .,an aunt left me a beer .,PD,DO,GIVE,LEAVE,THE,A,to,for,-35.815711975097656,"[-5.680271, -9.323537, -6.596919, -4.426116, -1.1237894, -7.192767, -1.4723144]"
the partner gave the ball to you .,a cop bought a coffee for me .,PD,PD,GIVE,BUY,THE,A,to,for,-36.094482421875,"[-3.4814515, -8.827078, -8.502816, -0.6054125, -7.7453256, -2.7324302, -3.4043384, -0.79562956]"
the partner gave the ball to you .,a cop bought me a coffee .,PD,DO,GIVE,BUY,THE,A,to,for,-32.22776794433594,"[-3.4814515, -8.827078, -8.502816, -4.7895346, -0.34429073, -5.1978197, -1.08478]"
the partner gave the camera to it .,a guy purchased a juice for us .,PD,PD,GIVE,PURCHASE,THE,A,to,for,-42.58495330810547,"[-3.5282247, -7.5093536, -9.298909, -0.5243149, -10.570281, -4.4475746, -5.7356534, -0.9706408]"
the partner gave the camera to it .,a guy purchased us a juice .,PD,DO,GIVE,PURCHASE,THE,A,to,for,-40.25972366333008,"[-3.5282247, -7.5093536, -9.298909, -7.982913, -0.5191579, -8.74358, -2.677585]"
the partner gave the camera to you .,a sheriff got a chicken for him .,PD,PD,GIVE,GET,THE,A,to,for,-40.71409606933594,"[-3.5106657, -9.142321, -7.8432875, -0.97729194, -9.769356, -3.4857292, -5.1625967, -0.8228488]"
the partner gave the camera to you .,a sheriff got him a chicken .,PD,DO,GIVE,GET,THE,A,to,for,-38.353126525878906,"[-3.5106657, -9.142321, -7.8432875, -5.694066, -2.2508876, -8.769432, -1.1424652]"
the partner gave the camera to you .,an adult promised a chicken to them .,PD,PD,GIVE,PROMISE,THE,A,to,to,-42.36420440673828,"[-5.710183, -6.3612204, -12.991865, -1.9975586, -7.776702, -1.8933134, -4.5592036, -1.0741587]"
the partner gave the camera to you .,an adult promised them a chicken .,PD,DO,GIVE,PROMISE,THE,A,to,to,-40.839996337890625,"[-5.710183, -6.3612204, -12.991865, -5.79405, -1.2122885, -7.311186, -1.459203]"
the partner gave the knife to us .,an adult made a motor for you .,PD,PD,GIVE,MAKE,THE,A,to,for,-42.376708984375,"[-5.647433, -6.1272645, -7.2083554, -0.92556274, -9.880767, -6.836977, -4.982359, -0.7679924]"
the partner gave the knife to us .,an adult made you a motor .,PD,DO,GIVE,MAKE,THE,A,to,for,-42.194679260253906,"[-5.647433, -6.1272645, -7.2083554, -7.191943, -1.701637, -10.064936, -4.253112]"
the partner gave the salad to it .,a club designed a hat for you .,PD,PD,GIVE,DESIGN,THE,A,to,for,-42.94332504272461,"[-3.5613132, -8.484287, -7.495384, -7.5811315, -6.9546156, -2.1278358, -5.848149, -0.89060843]"
the partner gave the salad to it .,a club designed you a hat .,PD,DO,GIVE,DESIGN,THE,A,to,for,-43.433433532714844,"[-3.5613132, -8.484287, -7.495384, -11.140017, -4.8910403, -6.7313128, -1.1300776]"
the partner gave the telephone to me .,a teacher kept a bell for us .,PD,PD,GIVE,KEEP,THE,A,to,for,-39.94961929321289,"[-3.5377731, -7.313644, -8.498084, -1.5893056, -9.476536, -3.372833, -4.535527, -1.6259158]"
the partner gave the telephone to me .,a teacher kept us a bell .,PD,DO,GIVE,KEEP,THE,A,to,for,-45.13408660888672,"[-3.5377731, -7.313644, -8.498084, -6.1946497, -5.4765515, -11.473193, -2.6401908]"
the partner gave the telephone to you .,a guy sold a candy to us .,PD,PD,GIVE,SELL,THE,A,to,to,-35.501190185546875,"[-3.5230818, -7.5809484, -8.228394, -1.0864071, -7.041019, -3.125829, -3.962546, -0.9529668]"
the partner gave the telephone to you .,a guy sold us a candy .,PD,DO,GIVE,SELL,THE,A,to,to,-33.64091491699219,"[-3.5230818, -7.5809484, -8.228394, -5.080603, -0.7397352, -6.4893227, -1.998833]"
the partner gave us the ball .,an aunt left a beer for me .,DO,PD,GIVE,LEAVE,THE,A,to,for,-37.81632995605469,"[-5.6847897, -9.206886, -6.572073, -1.4295695, -8.077558, -3.0396671, -2.7542543, -1.0515314]"
the partner gave us the ball .,an aunt left me a beer .,DO,DO,GIVE,LEAVE,THE,A,to,for,-34.02385711669922,"[-5.6847897, -9.206886, -6.572073, -2.8293498, -1.5123742, -7.0502095, -1.168176]"
the partner gave us the knife .,an adult made a motor for you .,DO,PD,GIVE,MAKE,THE,A,to,for,-43.44778060913086,"[-5.6410227, -6.238495, -7.189663, -1.3861799, -10.121739, -6.8489943, -5.216049, -0.80563724]"
the partner gave us the knife .,an adult made you a motor .,DO,DO,GIVE,MAKE,THE,A,to,for,-41.56470489501953,"[-5.6410227, -6.238495, -7.189663, -6.584281, -2.0454822, -9.986443, -3.8793187]"
the partner gave you the ball .,a cop bought a coffee for me .,DO,PD,GIVE,BUY,THE,A,to,for,-35.75323486328125,"[-3.5152564, -8.585591, -8.0338125, -0.8700201, -7.721038, -2.7197943, -3.4980035, -0.8097187]"
the partner gave you the ball .,a cop bought me a coffee .,DO,DO,GIVE,BUY,THE,A,to,for,-30.163372039794922,"[-3.5152564, -8.585591, -8.0338125, -3.7539303, -0.41676188, -5.0375223, -0.8204987]"
the partner gave you the camera .,a sheriff got a chicken for him .,DO,PD,GIVE,GET,THE,A,to,for,-40.971614837646484,"[-3.517713, -8.949454, -7.561977, -1.0219524, -9.636759, -3.7235463, -5.6655736, -0.8946403]"
the partner gave you the camera .,a sheriff got him a chicken .,DO,DO,GIVE,GET,THE,A,to,for,-36.485877990722656,"[-3.517713, -8.949454, -7.561977, -5.479884, -1.7668923, -8.498849, -0.71110874]"
the partner gave you the camera .,an adult promised a chicken to them .,DO,PD,GIVE,PROMISE,THE,A,to,to,-44.50077438354492,"[-5.6805005, -6.1802406, -12.970032, -2.0289495, -8.210209, -2.9040213, -5.317988, -1.2088346]"
the partner gave you the camera .,an adult promised them a chicken .,DO,DO,GIVE,PROMISE,THE,A,to,to,-40.13443374633789,"[-5.6805005, -6.1802406, -12.970032, -5.691169, -1.2194864, -7.3721347, -1.0208725]"
the partner gave you the telephone .,a guy sold a candy to us .,DO,PD,GIVE,SELL,THE,A,to,to,-37.071598052978516,"[-3.5506344, -7.3679843, -8.0646515, -1.4078139, -7.1418247, -4.003762, -4.635191, -0.899736]"
the partner gave you the telephone .,a guy sold us a candy .,DO,DO,GIVE,SELL,THE,A,to,to,-33.26063919067383,"[-3.5506344, -7.3679843, -8.0646515, -4.4731617, -0.869532, -6.508116, -2.4265597]"
the partner got the knife for you .,an attorney saved an anchor for me .,PD,PD,GET,SAVE,THE,A,for,for,-44.186065673828125,"[-5.657053, -5.554639, -12.554591, -3.4022033, -8.724571, -2.3414989, -5.0568438, -0.89466536]"
the partner got the knife for you .,an attorney saved me an anchor .,PD,DO,GET,SAVE,THE,A,for,for,-48.536468505859375,"[-5.657053, -5.554639, -12.554591, -5.6988535, -4.4833183, -12.080784, -2.5072312]"
the partner got the knife for you .,a lawyer supplied a hat to me .,PD,PD,GET,SUPPLY,THE,A,for,to,-44.9581184387207,"[-3.5213954, -7.2805614, -12.369732, -2.471137, -9.807171, -0.9783484, -6.1361856, -2.3935862]"
the partner got the knife for you .,a lawyer supplied me a hat .,PD,DO,GET,SUPPLY,THE,A,for,to,-44.373992919921875,"[-3.5213954, -7.2805614, -12.369732, -4.3208685, -4.315855, -10.024634, -2.5409465]"
the partner got you the knife .,an attorney saved an anchor for me .,DO,PD,GET,SAVE,THE,A,for,for,-43.67607879638672,"[-5.6651874, -5.462284, -12.082176, -3.600231, -8.701994, -3.4001234, -3.86146, -0.90262246]"
the partner got you the knife .,an attorney saved me an anchor .,DO,DO,GET,SAVE,THE,A,for,for,-45.11817932128906,"[-5.6651874, -5.462284, -12.082176, -3.8765075, -4.3929377, -11.762812, -1.876278]"
the partner got you the knife .,a lawyer supplied a hat to me .,DO,PD,GET,SUPPLY,THE,A,for,to,-44.70964431762695,"[-3.5416427, -7.226064, -12.11644, -2.3679473, -9.892641, -1.3703673, -6.3269763, -1.8675667]"
the partner got you the knife .,a lawyer supplied me a hat .,DO,DO,GET,SUPPLY,THE,A,for,to,-41.27350997924805,"[-3.5416427, -7.226064, -12.11644, -3.1293314, -3.5125601, -9.909348, -1.8381231]"
the partner kept him the meal .,a mayor brought a coffee to me .,DO,PD,KEEP,BRING,THE,A,for,to,-37.88322448730469,"[-3.610386, -10.341014, -8.841819, -1.4794049, -7.2058315, -0.8439748, -4.180922, -1.3798696]"
the partner kept him the meal .,a mayor brought me a coffee .,DO,DO,KEEP,BRING,THE,A,for,to,-33.968017578125,"[-3.610386, -10.341014, -8.841819, -5.526651, -0.8393978, -3.6581683, -1.1505806]"
the partner kept me the chicken .,a man brought a book to her .,DO,PD,KEEP,BRING,THE,A,for,to,-30.788040161132812,"[-3.5430462, -3.2122228, -8.104718, -0.93612224, -6.5403743, -0.7289231, -4.751106, -2.9715264]"
the partner kept me the chicken .,a man brought her a book .,DO,DO,KEEP,BRING,THE,A,for,to,-29.688323974609375,"[-3.5430462, -3.2122228, -8.104718, -6.1720023, -0.834954, -6.4853344, -1.3360465]"
the partner kept the chicken for me .,a man brought a book to her .,PD,PD,KEEP,BRING,THE,A,for,to,-30.322006225585938,"[-3.5200362, -3.1965005, -8.227606, -0.8620069, -6.744891, -0.6973631, -4.8177323, -2.2558715]"
the partner kept the chicken for me .,a man brought her a book .,PD,DO,KEEP,BRING,THE,A,for,to,-30.915597915649414,"[-3.5200362, -3.1965005, -8.227606, -6.5238743, -1.0352887, -6.6834483, -1.7288435]"
the partner kept the chicken for them .,a chief designed a pot for him .,PD,PD,KEEP,DESIGN,THE,A,for,for,-39.28153991699219,"[-3.5373561, -9.153326, -11.433343, -1.5406717, -7.9486833, -1.7652303, -2.7086434, -1.1942867]"
the partner kept the chicken for them .,a chief designed him a pot .,PD,DO,KEEP,DESIGN,THE,A,for,for,-42.21183776855469,"[-3.5373561, -9.153326, -11.433343, -6.3763385, -2.5084295, -6.9933186, -2.2097235]"
the partner kept the chicken for you .,a sheriff gave a juice to me .,PD,PD,KEEP,GIVE,THE,A,for,to,-43.862518310546875,"[-3.5174732, -8.805458, -8.78048, -1.0825571, -12.579983, -0.9967345, -6.617696, -1.4821357]"
the partner kept the chicken for you .,a sheriff gave me a juice .,PD,DO,KEEP,GIVE,THE,A,for,to,-38.130859375,"[-3.5174732, -8.805458, -8.78048, -4.5461793, -0.5992755, -9.640093, -2.241898]"
the partner kept the chicken for you .,a boy purchased a beer for it .,PD,PD,KEEP,PURCHASE,THE,A,for,for,-37.26174545288086,"[-3.5174732, -7.053662, -10.157295, -0.6304139, -5.4163094, -1.220993, -7.683839, -1.5817597]"
the partner kept the chicken for you .,a boy purchased it a beer .,PD,DO,KEEP,PURCHASE,THE,A,for,for,-43.34339141845703,"[-3.5174732, -7.053662, -10.157295, -6.9154224, -5.582706, -7.418524, -2.6983078]"
the partner kept the meal for him .,a mayor brought a coffee to me .,PD,PD,KEEP,BRING,THE,A,for,to,-37.59672546386719,"[-3.575885, -10.5388975, -8.962515, -1.5282037, -6.84049, -0.8228218, -4.248058, -1.0798539]"
the partner kept the meal for him .,a mayor brought me a coffee .,PD,DO,KEEP,BRING,THE,A,for,to,-35.49531555175781,"[-3.575885, -10.5388975, -8.962515, -6.0304556, -1.4245558, -3.6660671, -1.29694]"
the partner kept the meal for them .,a parent sent a cheese to you .,PD,PD,KEEP,SEND,THE,A,for,to,-42.614418029785156,"[-3.5761418, -7.9742856, -5.5285187, -1.4229736, -10.93602, -2.7114239, -9.008955, -1.4560997]"
the partner kept the meal for them .,a parent sent you a cheese .,PD,DO,KEEP,SEND,THE,A,for,to,-40.26609802246094,"[-3.5761418, -7.9742856, -5.5285187, -8.024313, -0.92599285, -9.628967, -4.6078787]"
the partner kept the meal for you .,a guy found a beer for me .,PD,PD,KEEP,FIND,THE,A,for,for,-29.565340042114258,"[-3.5560157, -7.5229015, -5.974162, -0.6545871, -5.8009424, -2.7083688, -2.1736476, -1.1747148]"
the partner kept the meal for you .,a guy found me a beer .,PD,DO,KEEP,FIND,THE,A,for,for,-30.508155822753906,"[-3.5560157, -7.5229015, -5.974162, -6.0763955, -1.7740422, -3.9595609, -1.6450784]"
the partner kept the salad for you .,a king caught a book for him .,PD,PD,KEEP,CATCH,THE,A,for,for,-40.06336212158203,"[-3.5605195, -9.975641, -5.5464573, -2.5907516, -8.867737, -3.323404, -5.335352, -0.86350095]"
the partner kept the salad for you .,a king caught him a book .,PD,DO,KEEP,CATCH,THE,A,for,for,-39.82896423339844,"[-3.5605195, -9.975641, -5.5464573, -6.840659, -5.414733, -7.237142, -1.2538106]"
the partner kept them the chicken .,a chief designed a pot for him .,DO,PD,KEEP,DESIGN,THE,A,for,for,-42.65774917602539,"[-3.5612652, -9.127575, -11.445776, -1.5980469, -8.348625, -2.8462503, -4.342086, -1.3881251]"
the partner kept them the chicken .,a chief designed him a pot .,DO,DO,KEEP,DESIGN,THE,A,for,for,-38.49796676635742,"[-3.5612652, -9.127575, -11.445776, -5.5581384, -1.1757493, -6.149784, -1.4796783]"
the partner kept them the meal .,a parent sent a cheese to you .,DO,PD,KEEP,SEND,THE,A,for,to,-43.22544479370117,"[-3.5970013, -7.884741, -5.328644, -1.5562308, -11.402019, -2.8689265, -9.018576, -1.5693095]"
the partner kept them the meal .,a parent sent you a cheese .,DO,DO,KEEP,SEND,THE,A,for,to,-38.581417083740234,"[-3.5970013, -7.884741, -5.328644, -7.711976, -0.91840595, -9.321656, -3.818992]"
the partner kept you the chicken .,a sheriff gave a juice to me .,DO,PD,KEEP,GIVE,THE,A,for,to,-43.609405517578125,"[-3.509625, -8.877657, -8.756541, -1.092703, -12.629986, -0.45892692, -7.078946, -1.2050198]"
the partner kept you the chicken .,a sheriff gave me a juice .,DO,DO,KEEP,GIVE,THE,A,for,to,-36.84907913208008,"[-3.509625, -8.877657, -8.756541, -4.014188, -0.5537223, -9.887583, -1.2497644]"
the partner kept you the chicken .,a boy purchased a beer for it .,DO,PD,KEEP,PURCHASE,THE,A,for,for,-38.47557067871094,"[-3.509625, -7.199518, -10.519501, -0.5370599, -5.5730543, -2.2190723, -7.764339, -1.1534011]"
the partner kept you the chicken .,a boy purchased it a beer .,DO,DO,KEEP,PURCHASE,THE,A,for,for,-40.87615966796875,"[-3.509625, -7.199518, -10.519501, -6.7625504, -5.179, -5.95853, -1.7474346]"
the partner kept you the meal .,a guy found a beer for me .,DO,PD,KEEP,FIND,THE,A,for,for,-31.723039627075195,"[-3.5560718, -7.3692656, -5.874337, -0.62234026, -6.044907, -4.0234003, -3.0723877, -1.16033]"
the partner kept you the meal .,a guy found me a beer .,DO,DO,KEEP,FIND,THE,A,for,for,-27.710418701171875,"[-3.5560718, -7.3692656, -5.874337, -5.3310366, -0.85011184, -3.6460423, -1.0835541]"
the partner kept you the salad .,a king caught a book for him .,DO,PD,KEEP,CATCH,THE,A,for,for,-40.565765380859375,"[-3.5601168, -10.001539, -5.400063, -2.0494432, -8.653456, -4.082957, -6.059262, -0.7589312]"
the partner kept you the salad .,a king caught him a book .,DO,DO,KEEP,CATCH,THE,A,for,for,-36.934120178222656,"[-3.5601168, -10.001539, -5.400063, -6.403473, -4.116036, -6.7415895, -0.71130335]"
the partner left her the chicken .,a bishop caught a wire for them .,DO,PD,LEAVE,CATCH,THE,A,for,for,-49.204673767089844,"[-3.5574367, -9.67989, -8.246662, -3.0128732, -11.073981, -3.1244764, -9.308552, -1.2008035]"
the partner left her the chicken .,a bishop caught them a wire .,DO,DO,LEAVE,CATCH,THE,A,for,for,-46.55451202392578,"[-3.5574367, -9.67989, -8.246662, -7.180617, -5.779217, -10.938372, -1.17232]"
the partner left her the instrument .,a girl sold a beer to us .,DO,PD,LEAVE,SELL,THE,A,for,to,-38.5303840637207,"[-3.5921836, -6.6714334, -9.069522, -1.7298603, -7.31447, -0.8460814, -7.872465, -1.4343687]"
the partner left her the instrument .,a girl sold us a beer .,DO,DO,LEAVE,SELL,THE,A,for,to,-34.49586868286133,"[-3.5921836, -6.6714334, -9.069522, -7.62276, -0.8872136, -5.3851013, -1.2676547]"
the partner left him the instrument .,a reader sold a cheese to them .,DO,PD,LEAVE,SELL,THE,A,for,to,-48.295108795166016,"[-3.6139474, -7.197893, -11.74335, -3.037423, -11.271568, -4.1322784, -6.229956, -1.0686932]"
the partner left him the instrument .,a reader sold them a cheese .,DO,DO,LEAVE,SELL,THE,A,for,to,-44.95526123046875,"[-3.6139474, -7.197893, -11.74335, -6.5622377, -2.1948586, -10.482091, -3.1608803]"
the partner left him the pie .,a cop kept a coffee for us .,DO,PD,LEAVE,KEEP,THE,A,for,for,-42.287994384765625,"[-3.5914574, -8.298552, -7.776217, -2.3840728, -9.81609, -4.504537, -4.904261, -1.0128093]"
the partner left him the pie .,a cop kept us a coffee .,DO,DO,LEAVE,KEEP,THE,A,for,for,-38.44419860839844,"[-3.5914574, -8.298552, -7.776217, -5.0573535, -5.483415, -6.872203, -1.3650008]"
the partner left the chicken for her .,a bishop caught a wire for them .,PD,PD,LEAVE,CATCH,THE,A,for,for,-48.22264099121094,"[-3.5328202, -9.915604, -8.1899185, -3.154724, -11.048094, -2.7979033, -8.541899, -1.0416816]"
the partner left the chicken for her .,a bishop caught them a wire .,PD,DO,LEAVE,CATCH,THE,A,for,for,-48.46878433227539,"[-3.5328202, -9.915604, -8.1899185, -7.4617405, -6.0445166, -11.494296, -1.8298874]"
the partner left the instrument for her .,a girl sold a beer to us .,PD,PD,LEAVE,SELL,THE,A,for,to,-39.12643051147461,"[-3.5559895, -6.7860794, -9.051522, -1.7984711, -6.918368, -1.2332573, -8.003274, -1.7794687]"
the partner left the instrument for her .,a girl sold us a beer .,PD,DO,LEAVE,SELL,THE,A,for,to,-35.025150299072266,"[-3.5559895, -6.7860794, -9.051522, -8.018227, -0.8234026, -5.0130644, -1.7768672]"
the partner left the instrument for him .,a reader sold a cheese to them .,PD,PD,LEAVE,SELL,THE,A,for,to,-46.51070785522461,"[-3.560801, -7.131966, -11.676636, -2.3314753, -11.074228, -3.8514466, -5.85798, -1.0261747]"
the partner left the instrument for him .,a reader sold them a cheese .,PD,DO,LEAVE,SELL,THE,A,for,to,-44.63852310180664,"[-3.560801, -7.131966, -11.676636, -6.7497044, -2.526123, -9.724152, -3.2691417]"
the partner left the pie for him .,a cop kept a coffee for us .,PD,PD,LEAVE,KEEP,THE,A,for,for,-41.515995025634766,"[-3.5542228, -8.318694, -7.995306, -1.8340476, -9.6789875, -3.2910178, -5.8708305, -0.9728885]"
the partner left the pie for him .,a cop kept us a coffee .,PD,DO,LEAVE,KEEP,THE,A,for,for,-41.64454650878906,"[-3.5542228, -8.318694, -7.995306, -5.487626, -5.7333193, -8.344063, -2.2113163]"
the partner left the pie for us .,an adult made a motor for you .,PD,PD,LEAVE,MAKE,THE,A,for,for,-44.40534210205078,"[-5.6433372, -6.279729, -6.99942, -0.9956276, -10.804494, -7.7749386, -5.1198235, -0.7879725]"
the partner left the pie for us .,an adult made you a motor .,PD,DO,LEAVE,MAKE,THE,A,for,for,-44.29769515991211,"[-5.6433372, -6.279729, -6.99942, -7.8537607, -1.81849, -11.019167, -4.68379]"
the partner left us the pie .,an adult made a motor for you .,DO,PD,LEAVE,MAKE,THE,A,for,for,-44.254844665527344,"[-5.6763334, -6.452325, -7.124954, -1.2347877, -10.755085, -7.4476056, -4.7787657, -0.7849878]"
the partner left us the pie .,an adult made you a motor .,DO,DO,LEAVE,MAKE,THE,A,for,for,-41.050106048583984,"[-5.6763334, -6.452325, -7.124954, -6.2016582, -1.6657907, -10.44212, -3.4869256]"
the partner made it the box .,a father sold a chicken to us .,DO,PD,MAKE,SELL,THE,A,for,to,-37.90400695800781,"[-3.5020003, -7.0020103, -9.44999, -1.3147383, -6.0938272, -1.3110236, -7.4562044, -1.7742121]"
the partner made it the box .,a father sold us a chicken .,DO,DO,MAKE,SELL,THE,A,for,to,-37.43452835083008,"[-3.5020003, -7.0020103, -9.44999, -8.083329, -0.73520035, -6.7476287, -1.914371]"
the partner made me the box .,a secretary gave a tea to you .,DO,PD,MAKE,GIVE,THE,A,for,to,-41.240238189697266,"[-3.5060132, -10.800263, -7.557666, -1.215731, -8.679287, -0.37354913, -7.9775143, -1.1302145]"
the partner made me the box .,a secretary gave you a tea .,DO,DO,MAKE,GIVE,THE,A,for,to,-36.90763854980469,"[-3.5060132, -10.800263, -7.557666, -5.255301, -1.0101542, -7.6846046, -1.0936406]"
the partner made me the cup .,a cousin got a cheese for you .,DO,PD,MAKE,GET,THE,A,for,for,-44.062076568603516,"[-3.512436, -9.381207, -7.0242443, -1.4785163, -12.561903, -3.8198843, -5.6582613, -0.62562424]"
the partner made me the cup .,a cousin got you a cheese .,DO,DO,MAKE,GET,THE,A,for,for,-36.98499298095703,"[-3.512436, -9.381207, -7.0242443, -5.50303, -1.0159448, -9.146789, -1.4013413]"
the partner made the box for it .,a father sold a chicken to us .,PD,PD,MAKE,SELL,THE,A,for,to,-38.280704498291016,"[-3.4936564, -6.8898325, -9.319732, -1.4662822, -5.7296333, -1.4786536, -7.864435, -2.0384812]"
the partner made the box for it .,a father sold us a chicken .,PD,DO,MAKE,SELL,THE,A,for,to,-38.55532455444336,"[-3.4936564, -6.8898325, -9.319732, -9.208294, -0.6888439, -6.570505, -2.3844624]"
the partner made the box for me .,a secretary gave a tea to you .,PD,PD,MAKE,GIVE,THE,A,for,to,-40.78692626953125,"[-3.4900203, -10.7553215, -7.760638, -0.9726894, -7.9046426, -0.4866008, -8.363557, -1.053457]"
the partner made the box for me .,a secretary gave you a tea .,PD,DO,MAKE,GIVE,THE,A,for,to,-38.01353454589844,"[-3.4900203, -10.7553215, -7.760638, -5.92299, -0.70591396, -7.515231, -1.8634193]"
the partner made the box for you .,a sheriff got a chicken for him .,PD,PD,MAKE,GET,THE,A,for,for,-40.26642990112305,"[-3.4838934, -9.284613, -8.653786, -0.8170433, -9.4975395, -2.8520138, -4.64294, -1.0346029]"
the partner made the box for you .,a sheriff got him a chicken .,PD,DO,MAKE,GET,THE,A,for,for,-38.109527587890625,"[-3.4838934, -9.284613, -8.653786, -5.210167, -1.4065616, -8.511898, -1.5586078]"
the partner made the box for you .,a minister fed a candy to me .,PD,PD,MAKE,FEED,THE,A,for,to,-45.56231689453125,"[-3.4838934, -9.759409, -11.744382, -1.721236, -8.910322, -2.1598918, -6.6593223, -1.1238601]"
the partner made the box for you .,a minister fed me a candy .,PD,DO,MAKE,FEED,THE,A,for,to,-42.326377868652344,"[-3.4838934, -9.759409, -11.744382, -5.72313, -0.6981376, -7.60077, -3.316656]"
the partner made the card for them .,a colonel got a meal for you .,PD,PD,MAKE,GET,THE,A,for,for,-44.11719512939453,"[-3.483521, -11.721281, -8.344243, -1.4758294, -9.560437, -1.3638481, -7.4033237, -0.764714]"
the partner made the card for them .,a colonel got you a meal .,PD,DO,MAKE,GET,THE,A,for,for,-41.32533645629883,"[-3.483521, -11.721281, -8.344243, -7.982129, -0.81021386, -7.392617, -1.5913287]"
the partner made the card for them .,a president promised a tea to it .,PD,PD,MAKE,PROMISE,THE,A,for,to,-47.137569427490234,"[-3.483521, -9.582529, -8.503838, -2.3258805, -10.657083, -3.5048876, -8.062488, -1.0173444]"
the partner made the card for them .,a president promised it a tea .,PD,DO,MAKE,PROMISE,THE,A,for,to,-44.294219970703125,"[-3.483521, -9.582529, -8.503838, -5.454373, -5.51402, -9.785271, -1.9706692]"
the partner made the cup for me .,a cousin got a cheese for you .,PD,PD,MAKE,GET,THE,A,for,for,-43.069732666015625,"[-3.4893422, -9.309633, -7.4054303, -1.3076429, -11.891209, -3.277832, -5.7651844, -0.62345743]"
the partner made the cup for me .,a cousin got you a cheese .,PD,DO,MAKE,GET,THE,A,for,for,-39.119686126708984,"[-3.4893422, -9.309633, -7.4054303, -6.303255, -0.83576995, -8.716476, -3.0597768]"
the partner made them the card .,a colonel got a meal for you .,DO,PD,MAKE,GET,THE,A,for,for,-45.083457946777344,"[-3.5140257, -11.695822, -8.104134, -1.5151361, -10.073965, -2.3103123, -7.053799, -0.81626225]"
the partner made them the card .,a colonel got you a meal .,DO,DO,MAKE,GET,THE,A,for,for,-40.89380645751953,"[-3.5140257, -11.695822, -8.104134, -6.9824843, -1.1160948, -8.343513, -1.1377333]"
the partner made them the card .,a president promised a tea to it .,DO,PD,MAKE,PROMISE,THE,A,for,to,-46.668067932128906,"[-3.5140257, -9.538984, -8.703932, -2.4170105, -10.5262, -3.2499788, -7.698537, -1.019398]"
the partner made them the card .,a president promised it a tea .,DO,DO,MAKE,PROMISE,THE,A,for,to,-43.24805450439453,"[-3.5140257, -9.538984, -8.703932, -5.2033396, -5.2355223, -9.849533, -1.2027171]"
the partner made you the box .,a sheriff got a chicken for him .,DO,PD,MAKE,GET,THE,A,for,for,-42.294036865234375,"[-3.4786634, -9.573898, -8.486491, -0.734761, -9.8217945, -3.3458526, -5.7166157, -1.1359602]"
the partner made you the box .,a sheriff got him a chicken .,DO,DO,MAKE,GET,THE,A,for,for,-37.09696960449219,"[-3.4786634, -9.573898, -8.486491, -5.244381, -0.8109942, -8.469281, -1.0332634]"
the partner made you the box .,a minister fed a candy to me .,DO,PD,MAKE,FEED,THE,A,for,to,-45.387298583984375,"[-3.4786634, -9.809569, -11.639945, -1.4100505, -9.471291, -1.8521562, -6.3865767, -1.3390467]"
the partner made you the box .,a minister fed me a candy .,DO,DO,MAKE,FEED,THE,A,for,to,-41.48065948486328,"[-3.4786634, -9.809569, -11.639945, -4.801773, -0.64116496, -8.404046, -2.7054968]"
the partner promised him the tea .,a lawyer sent a coffee to us .,DO,PD,PROMISE,SEND,THE,A,to,to,-37.27611541748047,"[-3.629324, -6.7987146, -7.5173664, -1.4727235, -10.143025, -1.0975592, -5.4656734, -1.151731]"
the partner promised him the tea .,a lawyer sent us a coffee .,DO,DO,PROMISE,SEND,THE,A,to,to,-32.49823760986328,"[-3.629324, -6.7987146, -7.5173664, -4.298943, -1.4053422, -7.70084, -1.1477062]"
the partner promised the tea to him .,a lawyer sent a coffee to us .,PD,PD,PROMISE,SEND,THE,A,to,to,-36.22176742553711,"[-3.5930414, -6.888184, -7.6828732, -1.2892997, -9.817602, -0.5367023, -5.217003, -1.1970607]"
the partner promised the tea to him .,a lawyer sent us a coffee .,PD,DO,PROMISE,SEND,THE,A,to,to,-34.96937561035156,"[-3.5930414, -6.888184, -7.6828732, -4.988119, -1.1061597, -7.92268, -2.7883167]"
the partner promised the tea to you .,a scientist designed a box for her .,PD,PD,PROMISE,DESIGN,THE,A,to,for,-39.65302276611328,"[-3.577771, -7.8146105, -7.684267, -0.69594145, -7.6689215, -2.9758203, -5.2142715, -4.0214205]"
the partner promised the tea to you .,a scientist designed her a box .,PD,DO,PROMISE,DESIGN,THE,A,to,for,-43.26150894165039,"[-3.577771, -7.8146105, -7.684267, -6.8436637, -7.4752645, -6.4379177, -3.428014]"
the partner promised you the tea .,a scientist designed a box for her .,DO,PD,PROMISE,DESIGN,THE,A,to,for,-39.15989685058594,"[-3.6091065, -7.7877655, -7.3654814, -0.71081144, -7.6634684, -2.9564795, -4.9825077, -4.084277]"
the partner promised you the tea .,a scientist designed her a box .,DO,DO,PROMISE,DESIGN,THE,A,to,for,-41.587432861328125,"[-3.6091065, -7.7877655, -7.3654814, -6.472677, -8.057722, -6.1906433, -2.104036]"
the partner purchased him the juice .,a winner took a television to them .,DO,PD,PURCHASE,TAKE,THE,A,for,to,-47.494789123535156,"[-3.6910608, -9.82296, -7.0237017, -2.6421428, -10.653766, -4.982355, -7.8691034, -0.8096994]"
the partner purchased him the juice .,a winner took them a television .,DO,DO,PURCHASE,TAKE,THE,A,for,to,-46.82441711425781,"[-3.6910608, -9.82296, -7.0237017, -6.478781, -4.328801, -11.900181, -3.5789316]"
the partner purchased it the chocolate .,a cop took an iron to him .,DO,PD,PURCHASE,TAKE,THE,A,for,to,-42.35383987426758,"[-3.646865, -8.701673, -5.2524147, -4.0868616, -8.0665655, -5.771884, -5.3456273, -1.4819506]"
the partner purchased it the chocolate .,a cop took him an iron .,DO,DO,PURCHASE,TAKE,THE,A,for,to,-41.02626037597656,"[-3.646865, -8.701673, -5.2524147, -3.5349236, -9.55368, -6.4556293, -3.8810759]"
the partner purchased it the gun .,a captain supplied a salad to you .,DO,PD,PURCHASE,SUPPLY,THE,A,for,to,-48.68754959106445,"[-3.6066573, -10.119314, -11.047398, -3.2437491, -10.258557, -2.0940633, -7.3799725, -0.93783724]"
the partner purchased it the gun .,a captain supplied you a salad .,DO,DO,PURCHASE,SUPPLY,THE,A,for,to,-48.25596618652344,"[-3.6066573, -10.119314, -11.047398, -6.592356, -6.138469, -9.524181, -1.2275927]"
the partner purchased it the juice .,a professor promised a salad to you .,DO,PD,PURCHASE,PROMISE,THE,A,for,to,-43.304100036621094,"[-3.6203308, -7.222171, -9.812516, -2.4437344, -8.677061, -3.0309496, -6.597684, -1.8996551]"
the partner purchased it the juice .,a professor promised you a salad .,DO,DO,PURCHASE,PROMISE,THE,A,for,to,-38.189476013183594,"[-3.6203308, -7.222171, -9.812516, -6.0409927, -2.2689843, -7.6687956, -1.5556837]"
the partner purchased me the salad .,a minister got a log for him .,DO,PD,PURCHASE,GET,THE,A,for,for,-42.809715270996094,"[-3.6996686, -9.450648, -8.270978, -1.9581776, -10.983065, -4.3657227, -2.715335, -1.3661203]"
the partner purchased me the salad .,a minister got him a log .,DO,DO,PURCHASE,GET,THE,A,for,for,-39.210060119628906,"[-3.6996686, -9.450648, -8.270978, -4.812973, -1.6020572, -9.680232, -1.6935035]"
the partner purchased the chocolate for it .,a cop took an iron to him .,PD,PD,PURCHASE,TAKE,THE,A,for,to,-41.7899169921875,"[-3.638816, -8.652563, -5.180587, -3.952941, -8.217058, -5.6819015, -4.909996, -1.556054]"
the partner purchased the chocolate for it .,a cop took him an iron .,PD,DO,PURCHASE,TAKE,THE,A,for,to,-43.12885284423828,"[-3.638816, -8.652563, -5.180587, -3.6201296, -10.113175, -7.238984, -4.684597]"
the partner purchased the gun for it .,a captain supplied a salad to you .,PD,PD,PURCHASE,SUPPLY,THE,A,for,to,-48.644290924072266,"[-3.5932896, -10.122391, -10.85541, -3.0815208, -10.835001, -2.006055, -7.1361523, -1.0144722]"
the partner purchased the gun for it .,a captain supplied you a salad .,PD,DO,PURCHASE,SUPPLY,THE,A,for,to,-48.943328857421875,"[-3.5932896, -10.122391, -10.85541, -6.6560755, -6.3444557, -9.778984, -1.5927258]"
the partner purchased the gun for us .,a mayor brought an instrument to them .,PD,PD,PURCHASE,BRING,THE,A,for,to,-46.53559494018555,"[-3.5858233, -10.84987, -8.962269, -3.3159175, -8.954757, -0.99014306, -8.339221, -1.537596]"
the partner purchased the gun for us .,a mayor brought them an instrument .,PD,DO,PURCHASE,BRING,THE,A,for,to,-46.241729736328125,"[-3.5858233, -10.84987, -8.962269, -6.3833556, -5.767452, -8.076342, -2.6166177]"
the partner purchased the juice for him .,a winner took a television to them .,PD,PD,PURCHASE,TAKE,THE,A,for,to,-48.1322021484375,"[-3.620614, -9.947971, -6.9683113, -2.9655786, -10.588396, -5.2103424, -8.138655, -0.6923316]"
the partner purchased the juice for him .,a winner took them a television .,PD,DO,PURCHASE,TAKE,THE,A,for,to,-50.52423095703125,"[-3.620614, -9.947971, -6.9683113, -6.847422, -5.82097, -12.990067, -4.3288736]"
the partner purchased the juice for it .,a professor promised a salad to you .,PD,PD,PURCHASE,PROMISE,THE,A,for,to,-42.485687255859375,"[-3.6194324, -7.2407837, -9.786296, -2.4460545, -8.393241, -2.6775732, -6.4776764, -1.8446307]"
the partner purchased the juice for it .,a professor promised you a salad .,PD,DO,PURCHASE,PROMISE,THE,A,for,to,-38.6934814453125,"[-3.6194324, -7.2407837, -9.786296, -6.0845423, -2.0546007, -7.74969, -2.158136]"
the partner purchased the juice for you .,a lawyer fed a meal to him .,PD,PD,PURCHASE,FEED,THE,A,for,to,-39.606666564941406,"[-3.5964036, -7.118474, -12.544621, -2.670452, -7.031687, -0.43628153, -4.512134, -1.6966138]"
the partner purchased the juice for you .,a lawyer fed him a meal .,PD,DO,PURCHASE,FEED,THE,A,for,to,-38.12590789794922,"[-3.5964036, -7.118474, -12.544621, -6.123417, -1.6836001, -5.4285464, -1.6308478]"
the partner purchased the salad for me .,a minister got a log for him .,PD,PD,PURCHASE,GET,THE,A,for,for,-41.87517547607422,"[-3.6395736, -9.488571, -8.563615, -1.7590795, -11.061925, -3.7363367, -2.262053, -1.3640229]"
the partner purchased the salad for me .,a minister got him a log .,PD,DO,PURCHASE,GET,THE,A,for,for,-41.191123962402344,"[-3.6395736, -9.488571, -8.563615, -5.1049485, -1.5953367, -9.902471, -2.8966095]"
the partner purchased the salad for us .,a priest found a coffee for me .,PD,PD,PURCHASE,FIND,THE,A,for,for,-37.894378662109375,"[-3.6535149, -8.478981, -6.0733223, -2.2862291, -8.317498, -4.1918926, -3.6952026, -1.197739]"
the partner purchased the salad for us .,a priest found me a coffee .,PD,DO,PURCHASE,FIND,THE,A,for,for,-36.337772369384766,"[-3.6535149, -8.478981, -6.0733223, -8.198164, -2.1853127, -5.21896, -2.5295186]"
the partner purchased us the gun .,a mayor brought an instrument to them .,DO,PD,PURCHASE,BRING,THE,A,for,to,-46.649532318115234,"[-3.6426897, -10.999917, -8.7129545, -3.2526193, -8.718505, -1.0706913, -8.703754, -1.5484022]"
the partner purchased us the gun .,a mayor brought them an instrument .,DO,DO,PURCHASE,BRING,THE,A,for,to,-44.168121337890625,"[-3.6426897, -10.999917, -8.7129545, -6.208199, -5.0750694, -7.728785, -1.8005049]"
the partner purchased us the salad .,a priest found a coffee for me .,DO,PD,PURCHASE,FIND,THE,A,for,for,-39.54248809814453,"[-3.7114086, -8.496681, -5.97369, -2.3767161, -8.620391, -5.2620053, -3.7121656, -1.3894291]"
the partner purchased us the salad .,a priest found me a coffee .,DO,DO,PURCHASE,FIND,THE,A,for,for,-32.79253387451172,"[-3.7114086, -8.496681, -5.97369, -6.8971915, -1.4102367, -4.957736, -1.3455917]"
the partner purchased you the juice .,a lawyer fed a meal to him .,DO,PD,PURCHASE,FEED,THE,A,for,to,-39.92580795288086,"[-3.635897, -7.1859913, -12.064175, -2.515639, -7.101659, -0.4082371, -5.214345, -1.7998637]"
the partner purchased you the juice .,a lawyer fed him a meal .,DO,DO,PURCHASE,FEED,THE,A,for,to,-36.963706970214844,"[-3.635897, -7.1859913, -12.064175, -5.8335123, -1.583316, -5.7302346, -0.9305843]"
the partner saved her the tea .,a writer made a crystal for you .,DO,PD,SAVE,MAKE,THE,A,for,for,-38.45263671875,"[-3.623934, -7.505304, -7.2664175, -1.1901264, -9.39563, -4.85503, -3.8134897, -0.8027048]"
the partner saved her the tea .,a writer made you a crystal .,DO,DO,SAVE,MAKE,THE,A,for,for,-38.07295608520508,"[-3.623934, -7.505304, -7.2664175, -7.423053, -1.5144222, -8.477915, -2.261911]"
the partner saved him the coat .,a winner fed a cheese to it .,DO,PD,SAVE,FEED,THE,A,for,to,-46.66902542114258,"[-3.6802862, -9.739254, -11.763758, -2.6254041, -7.6162186, -4.0531006, -6.292721, -0.8982829]"
the partner saved him the coat .,a winner fed it a cheese .,DO,DO,SAVE,FEED,THE,A,for,to,-42.86491394042969,"[-3.6802862, -9.739254, -11.763758, -5.107607, -3.1454635, -7.2683415, -2.160204]"
the partner saved him the coat .,a child fed a meal to us .,DO,PD,SAVE,FEED,THE,A,for,to,-41.51543426513672,"[-3.6802862, -6.474555, -8.703701, -2.0215788, -5.853115, -2.3511453, -8.942845, -3.4882052]"
the partner saved him the coat .,a child fed us a meal .,DO,DO,SAVE,FEED,THE,A,for,to,-36.54338073730469,"[-3.6802862, -6.474555, -8.703701, -8.798039, -2.417098, -4.755989, -1.7137092]"
the partner saved him the juice .,a man drew a card for me .,DO,PD,SAVE,DRAW,THE,A,for,for,-33.162689208984375,"[-3.6461148, -3.720641, -8.477001, -0.96337336, -6.4518948, -3.7163908, -4.689566, -1.4977105]"
the partner saved him the juice .,a man drew me a card .,DO,DO,SAVE,DRAW,THE,A,for,for,-30.14654541015625,"[-3.6461148, -3.720641, -8.477001, -6.926668, -1.048837, -4.887994, -1.439289]"
the partner saved me the bag .,an employee delivered a beer for us .,DO,PD,SAVE,DELIVER,THE,A,for,for,-35.93488311767578,"[-5.716451, -4.8985863, -9.361021, -1.1022543, -6.568571, -3.6312084, -3.5913248, -1.0654662]"
the partner saved me the bag .,an employee delivered us a beer .,DO,DO,SAVE,DELIVER,THE,A,for,for,-32.19507598876953,"[-5.716451, -4.8985863, -9.361021, -4.094848, -0.9418551, -5.644698, -1.5376148]"
the partner saved the bag for me .,an employee delivered a beer for us .,PD,PD,SAVE,DELIVER,THE,A,for,for,-33.424068450927734,"[-5.662282, -4.744702, -9.127986, -0.9138388, -6.39349, -2.508558, -3.2532086, -0.8200028]"
the partner saved the bag for me .,an employee delivered us a beer .,PD,DO,SAVE,DELIVER,THE,A,for,for,-34.41744613647461,"[-5.662282, -4.744702, -9.127986, -6.162847, -0.951834, -5.7714643, -1.9963291]"
the partner saved the bag for us .,a buddy kept a juice for him .,PD,PD,SAVE,KEEP,THE,A,for,for,-45.900962829589844,"[-3.5663733, -9.522484, -7.789099, -2.5018876, -11.567794, -5.465415, -4.459174, -1.0287337]"
the partner saved the bag for us .,a buddy kept him a juice .,PD,DO,SAVE,KEEP,THE,A,for,for,-44.952571868896484,"[-3.5663733, -9.522484, -7.789099, -4.7980843, -4.6631336, -10.952456, -3.6609387]"
the partner saved the coat for him .,a winner fed a cheese to it .,PD,PD,SAVE,FEED,THE,A,for,to,-44.98979187011719,"[-3.6077204, -9.750478, -11.919813, -2.094478, -7.2555475, -3.4462457, -6.2148457, -0.7006646]"
the partner saved the coat for him .,a winner fed it a cheese .,PD,DO,SAVE,FEED,THE,A,for,to,-42.16411590576172,"[-3.6077204, -9.750478, -11.919813, -5.5549097, -2.6970491, -6.0232053, -2.6109378]"
the partner saved the coat for him .,a child fed a meal to us .,PD,PD,SAVE,FEED,THE,A,for,to,-41.293487548828125,"[-3.6077204, -6.4743767, -8.681421, -1.8560097, -5.819667, -1.7351056, -9.988521, -3.1306677]"
the partner saved the coat for him .,a child fed us a meal .,PD,DO,SAVE,FEED,THE,A,for,to,-37.098487854003906,"[-3.6077204, -6.4743767, -8.681421, -9.471496, -2.312012, -4.6100616, -1.9414029]"
the partner saved the coat for us .,a candidate threw a cigarette to you .,PD,PD,SAVE,THROW,THE,A,for,to,-39.861534118652344,"[-3.6031544, -8.522668, -6.612502, -0.7454151, -5.738767, -4.87096, -7.8471465, -1.9209195]"
the partner saved the coat for us .,a candidate threw you a cigarette .,PD,DO,SAVE,THROW,THE,A,for,to,-40.61880874633789,"[-3.6031544, -8.522668, -6.612502, -9.878046, -1.073051, -8.841509, -2.0878782]"
the partner saved the instrument for us .,a minister threw a computer to you .,PD,PD,SAVE,THROW,THE,A,for,to,-48.60247802734375,"[-3.6220126, -9.445127, -9.073004, -1.528284, -10.638212, -3.0534363, -9.455995, -1.7864097]"
the partner saved the instrument for us .,a minister threw you a computer .,PD,DO,SAVE,THROW,THE,A,for,to,-48.274295806884766,"[-3.6220126, -9.445127, -9.073004, -9.439474, -1.4594527, -12.294934, -2.9402933]"
the partner saved the iron for you .,a president bought an anchor for them .,PD,PD,SAVE,BUY,THE,A,for,for,-45.10502624511719,"[-3.5558324, -9.8180275, -9.4982195, -3.2046452, -7.8372016, -1.6504064, -8.386133, -1.1545615]"
the partner saved the iron for you .,a president bought them an anchor .,PD,DO,SAVE,BUY,THE,A,for,for,-45.0977668762207,"[-3.5558324, -9.8180275, -9.4982195, -6.760849, -5.0109377, -8.213087, -2.2408123]"
the partner saved the juice for him .,a man drew a card for me .,PD,PD,SAVE,DRAW,THE,A,for,for,-33.32301712036133,"[-3.5997043, -3.59472, -8.588781, -0.949221, -6.48674, -2.8938189, -5.623151, -1.5868826]"
the partner saved the juice for him .,a man drew me a card .,PD,DO,SAVE,DRAW,THE,A,for,for,-33.51451110839844,"[-3.5997043, -3.59472, -8.588781, -8.06334, -2.6177814, -5.063182, -1.9870046]"
the partner saved the juice for us .,an attorney took a book to you .,PD,PD,SAVE,TAKE,THE,A,for,to,-40.87141036987305,"[-5.676449, -5.6070776, -7.284391, -1.7910045, -9.028846, -2.5199602, -7.509236, -1.4544485]"
the partner saved the juice for us .,an attorney took you a book .,PD,DO,SAVE,TAKE,THE,A,for,to,-45.847381591796875,"[-5.676449, -5.6070776, -7.284391, -5.99223, -6.1177244, -12.094705, -3.0748034]"
the partner saved the juice for us .,a candidate fed a candy to him .,PD,PD,SAVE,FEED,THE,A,for,to,-41.008514404296875,"[-3.5966072, -8.525195, -10.464993, -2.1943207, -6.534559, -3.2337713, -4.47528, -1.9837868]"
the partner saved the juice for us .,a candidate fed him a candy .,PD,DO,SAVE,FEED,THE,A,for,to,-40.584014892578125,"[-3.5966072, -8.525195, -10.464993, -7.4582567, -1.5107987, -5.9336834, -3.094481]"
the partner saved the tea for her .,a writer made a crystal for you .,PD,PD,SAVE,MAKE,THE,A,for,for,-37.787750244140625,"[-3.5732446, -7.640469, -7.3692403, -1.0449439, -9.531734, -4.5992446, -3.272872, -0.755997]"
the partner saved the tea for her .,a writer made you a crystal .,PD,DO,SAVE,MAKE,THE,A,for,for,-39.230430603027344,"[-3.5732446, -7.640469, -7.3692403, -7.8454847, -1.6632663, -8.500373, -2.6383498]"
the partner saved the tea for you .,an actor delivered a beer for her .,PD,PD,SAVE,DELIVER,THE,A,for,for,-40.47093963623047,"[-5.6545362, -6.6542397, -9.816248, -0.8944023, -9.31801, -1.7333729, -4.11378, -2.286352]"
the partner saved the tea for you .,an actor delivered her a beer .,PD,DO,SAVE,DELIVER,THE,A,for,for,-44.3102912902832,"[-5.6545362, -6.6542397, -9.816248, -5.2675514, -7.6030235, -7.3286395, -1.9860505]"
the partner saved the tea for you .,a soldier promised a flower to us .,PD,PD,SAVE,PROMISE,THE,A,for,to,-46.34795379638672,"[-3.5739336, -7.897434, -11.382154, -2.4563816, -10.319167, -2.5085616, -6.466125, -1.7441976]"
the partner saved the tea for you .,a soldier promised us a flower .,PD,DO,SAVE,PROMISE,THE,A,for,to,-42.76166534423828,"[-3.5739336, -7.897434, -11.382154, -5.961375, -1.9952459, -9.715021, -2.236502]"
the partner saved us the bag .,a buddy kept a juice for him .,DO,PD,SAVE,KEEP,THE,A,for,for,-48.33195877075195,"[-3.6392336, -9.502501, -7.99644, -3.019421, -12.114874, -5.999588, -4.817912, -1.2419881]"
the partner saved us the bag .,a buddy kept him a juice .,DO,DO,SAVE,KEEP,THE,A,for,for,-44.371891021728516,"[-3.6392336, -9.502501, -7.99644, -5.222161, -4.5575247, -11.047339, -2.4066935]"
the partner saved us the coat .,a candidate threw a cigarette to you .,DO,PD,SAVE,THROW,THE,A,for,to,-39.773494720458984,"[-3.6666386, -8.462033, -6.665395, -0.83980596, -6.551929, -4.706247, -7.1296887, -1.751758]"
the partner saved us the coat .,a candidate threw you a cigarette .,DO,DO,SAVE,THROW,THE,A,for,to,-40.33034896850586,"[-3.6666386, -8.462033, -6.665395, -9.043849, -0.92614233, -10.142693, -1.4236]"
the partner saved us the instrument .,a minister threw a computer to you .,DO,PD,SAVE,THROW,THE,A,for,to,-48.51193618774414,"[-3.6714118, -9.449437, -8.892956, -1.5186548, -10.799548, -3.0047445, -9.265106, -1.9100773]"
the partner saved us the instrument .,a minister threw you a computer .,DO,DO,SAVE,THROW,THE,A,for,to,-44.869354248046875,"[-3.6714118, -9.449437, -8.892956, -8.782443, -1.1024736, -10.668089, -2.3025434]"
the partner saved us the juice .,an attorney took a book to you .,DO,PD,SAVE,TAKE,THE,A,for,to,-40.52003479003906,"[-5.707266, -5.697238, -7.129436, -1.960474, -8.780134, -2.8128672, -7.102686, -1.3299327]"
the partner saved us the juice .,an attorney took you a book .,DO,DO,SAVE,TAKE,THE,A,for,to,-41.7515754699707,"[-5.707266, -5.697238, -7.129436, -5.155117, -5.710416, -10.291082, -2.0610192]"
the partner saved us the juice .,a candidate fed a candy to him .,DO,PD,SAVE,FEED,THE,A,for,to,-43.882415771484375,"[-3.6491222, -8.464355, -11.724192, -2.791121, -6.717808, -4.168208, -4.5023737, -1.8652387]"
the partner saved us the juice .,a candidate fed him a candy .,DO,DO,SAVE,FEED,THE,A,for,to,-41.38672637939453,"[-3.6491222, -8.464355, -11.724192, -7.639026, -1.6793039, -6.023141, -2.207584]"
the partner saved you the iron .,a president bought an anchor for them .,DO,PD,SAVE,BUY,THE,A,for,for,-45.457916259765625,"[-3.5916617, -9.843409, -9.340844, -3.3117428, -7.3994336, -2.4500313, -8.276476, -1.2443204]"
the partner saved you the iron .,a president bought them an anchor .,DO,DO,SAVE,BUY,THE,A,for,for,-43.89623260498047,"[-3.5916617, -9.843409, -9.340844, -6.4314346, -5.3053045, -7.727737, -1.6558402]"
the partner saved you the tea .,an actor delivered a beer for her .,DO,PD,SAVE,DELIVER,THE,A,for,for,-40.618988037109375,"[-5.696909, -6.4850006, -9.757784, -1.137025, -8.76636, -2.9413483, -3.8019514, -2.0326123]"
the partner saved you the tea .,an actor delivered her a beer .,DO,DO,SAVE,DELIVER,THE,A,for,for,-42.07444763183594,"[-5.696909, -6.4850006, -9.757784, -5.0558395, -7.5388803, -6.405218, -1.1348156]"
the partner saved you the tea .,a soldier promised a flower to us .,DO,PD,SAVE,PROMISE,THE,A,for,to,-45.500091552734375,"[-3.6509771, -7.86539, -11.334225, -2.3055873, -9.972853, -2.438475, -6.5016937, -1.4308916]"
the partner saved you the tea .,a soldier promised us a flower .,DO,DO,SAVE,PROMISE,THE,A,for,to,-40.342567443847656,"[-3.6509771, -7.86539, -11.334225, -4.973598, -1.946332, -9.308979, -1.2630645]"
the partner sent it the book .,a buddy kept a cheese for you .,DO,PD,SEND,KEEP,THE,A,to,for,-45.45317077636719,"[-3.5311756, -10.310959, -8.082072, -1.9031075, -10.743074, -4.478789, -5.724525, -0.67946833]"
the partner sent it the book .,a buddy kept you a cheese .,DO,DO,SEND,KEEP,THE,A,to,for,-44.801639556884766,"[-3.5311756, -10.310959, -8.082072, -5.175412, -4.6699214, -10.551744, -2.4803538]"
the partner sent it the meal .,an opponent designed a coat for me .,DO,PD,SEND,DESIGN,THE,A,to,for,-44.26353454589844,"[-5.6839533, -8.122135, -11.102096, -1.3785608, -9.403349, -2.8407106, -4.753723, -0.9790082]"
the partner sent it the meal .,an opponent designed me a coat .,DO,DO,SEND,DESIGN,THE,A,to,for,-44.092559814453125,"[-5.6839533, -8.122135, -11.102096, -8.560407, -1.4803663, -7.559067, -1.5845325]"
the partner sent the book to it .,a buddy kept a cheese for you .,PD,PD,SEND,KEEP,THE,A,to,for,-44.82329559326172,"[-3.5058486, -10.6320505, -8.007146, -1.4624215, -10.483526, -4.4319057, -5.6082745, -0.6921222]"
the partner sent the book to it .,a buddy kept you a cheese .,PD,DO,SEND,KEEP,THE,A,to,for,-45.26898956298828,"[-3.5058486, -10.6320505, -8.007146, -5.171652, -4.5545845, -10.667407, -2.730301]"
the partner sent the book to you .,a son designed an engine for me .,PD,PD,SEND,DESIGN,THE,A,to,for,-41.822601318359375,"[-3.4880462, -8.829959, -10.491664, -3.2182107, -6.8451653, -0.95827883, -7.114479, -0.87680036]"
the partner sent the book to you .,a son designed me an engine .,PD,DO,SEND,DESIGN,THE,A,to,for,-44.238590240478516,"[-3.4880462, -8.829959, -10.491664, -8.632673, -3.4772658, -8.355109, -0.9638743]"
the partner sent the chicken to you .,a buddy bought an anchor for us .,PD,PD,SEND,BUY,THE,A,to,for,-39.046600341796875,"[-3.4974625, -10.411952, -5.6659174, -3.7082162, -8.664692, -2.4654744, -3.642055, -0.9908327]"
the partner sent the chicken to you .,a buddy bought us an anchor .,PD,DO,SEND,BUY,THE,A,to,for,-38.687400817871094,"[-3.4974625, -10.411952, -5.6659174, -4.5688405, -3.5035877, -9.351345, -1.6882951]"
the partner sent the meal to it .,an opponent designed a coat for me .,PD,PD,SEND,DESIGN,THE,A,to,for,-44.33641052246094,"[-5.6704206, -8.142881, -11.018109, -1.2829318, -9.74764, -3.2914274, -4.2623863, -0.9206129]"
the partner sent the meal to it .,an opponent designed me a coat .,PD,DO,SEND,DESIGN,THE,A,to,for,-44.400657653808594,"[-5.6704206, -8.142881, -11.018109, -8.068497, -1.7427716, -7.7985935, -1.9593837]"
the partner sent the meal to us .,a pilot fed a chicken to him .,PD,PD,SEND,FEED,THE,A,to,to,-33.206241607666016,"[-3.5420322, -7.770441, -10.21501, -1.2354047, -3.843458, -1.8200226, -3.4713311, -1.3085426]"
the partner sent the meal to us .,a pilot fed him a chicken .,PD,DO,SEND,FEED,THE,A,to,to,-37.27031326293945,"[-3.5420322, -7.770441, -10.21501, -6.92663, -1.0413401, -4.8088427, -2.9660192]"
the partner sent us the meal .,a pilot fed a chicken to him .,DO,PD,SEND,FEED,THE,A,to,to,-38.37208557128906,"[-3.5906367, -7.831915, -10.168322, -1.4476261, -3.76112, -3.5430317, -6.30202, -1.7274137]"
the partner sent us the meal .,a pilot fed him a chicken .,DO,DO,SEND,FEED,THE,A,to,to,-36.892539978027344,"[-3.5906367, -7.831915, -10.168322, -7.0694804, -1.2370125, -4.731721, -2.2634554]"
the partner sent you the book .,a son designed an engine for me .,DO,PD,SEND,DESIGN,THE,A,to,for,-40.97447204589844,"[-3.5263634, -8.853549, -10.387904, -3.2303472, -6.8980713, -1.062038, -6.008746, -1.0074528]"
the partner sent you the book .,a son designed me an engine .,DO,DO,SEND,DESIGN,THE,A,to,for,-42.688865661621094,"[-3.5263634, -8.853549, -10.387904, -7.0983863, -3.4980536, -8.410805, -0.91379976]"
the partner sent you the chicken .,a buddy bought an anchor for us .,DO,PD,SEND,BUY,THE,A,to,for,-39.32367706298828,"[-3.5067732, -10.230587, -5.7581377, -3.8549013, -8.783384, -2.621215, -3.592679, -0.9760008]"
the partner sent you the chicken .,a buddy bought us an anchor .,DO,DO,SEND,BUY,THE,A,to,for,-37.72990417480469,"[-3.5067732, -10.230587, -5.7581377, -4.009306, -3.8282564, -9.356152, -1.0406907]"
the partner showed him the coffee .,a father bought a chicken for us .,DO,PD,SHOW,BUY,THE,A,to,for,-37.86567687988281,"[-3.5741959, -6.861702, -8.288037, -0.9568803, -5.356848, -2.6375537, -8.597716, -1.5927427]"
the partner showed him the coffee .,a father bought us a chicken .,DO,DO,SHOW,BUY,THE,A,to,for,-35.2469482421875,"[-3.5741959, -6.861702, -8.288037, -8.311425, -0.8754039, -5.3820133, -1.9541674]"
the partner showed him the juice .,a scientist kept a flower for us .,DO,PD,SHOW,KEEP,THE,A,to,for,-43.736541748046875,"[-3.5710826, -7.495344, -10.322651, -1.8092309, -9.002028, -3.5383477, -6.643732, -1.3541245]"
the partner showed him the juice .,a scientist kept us a flower .,DO,DO,SHOW,KEEP,THE,A,to,for,-46.22310256958008,"[-3.5710826, -7.495344, -10.322651, -7.431264, -5.681218, -10.129891, -1.5916522]"
the partner showed it the television .,an actor sold a beer to him .,DO,PD,SHOW,SELL,THE,A,to,to,-40.321678161621094,"[-5.654975, -6.2710276, -10.932625, -1.5405256, -7.4056396, -1.0618007, -5.624924, -1.8301606]"
the partner showed it the television .,an actor sold him a beer .,DO,DO,SHOW,SELL,THE,A,to,to,-35.222412109375,"[-5.654975, -6.2710276, -10.932625, -5.0749855, -0.747774, -4.967327, -1.5736974]"
the partner showed me the coffee .,a candidate drew a flower for you .,DO,PD,SHOW,DRAW,THE,A,to,for,-42.26219177246094,"[-3.5641365, -8.430218, -9.715588, -1.0589575, -7.5798597, -3.590884, -7.17925, -1.1433012]"
the partner showed me the coffee .,a candidate drew you a flower .,DO,DO,SHOW,DRAW,THE,A,to,for,-41.94865417480469,"[-3.5641365, -8.430218, -9.715588, -9.330693, -3.0758834, -6.9562035, -0.8759303]"
the partner showed me the juice .,a father got a pie for it .,DO,PD,SHOW,GET,THE,A,to,for,-38.600013732910156,"[-3.55902, -6.8871193, -6.2491264, -1.3955597, -9.011341, -2.323099, -8.509463, -0.6652823]"
the partner showed me the juice .,a father got it a pie .,DO,DO,SHOW,GET,THE,A,to,for,-40.47657775878906,"[-3.55902, -6.8871193, -6.2491264, -5.925223, -5.8588505, -10.777293, -1.2199436]"
the partner showed me the juice .,a chief delivered a cheese for it .,DO,PD,SHOW,DELIVER,THE,A,to,for,-50.6161994934082,"[-3.55902, -9.251316, -12.79755, -0.9592215, -11.4042015, -4.4527493, -7.3325095, -0.85963106]"
the partner showed me the juice .,a chief delivered it a cheese .,DO,DO,SHOW,DELIVER,THE,A,to,for,-50.15021514892578,"[-3.55902, -9.251316, -12.79755, -5.0259576, -6.335059, -11.329825, -1.8514881]"
the partner showed the coffee to him .,a father bought a chicken for us .,PD,PD,SHOW,BUY,THE,A,to,for,-37.466209411621094,"[-3.5316527, -6.962738, -8.280303, -0.6818653, -5.3731527, -2.6578655, -8.127901, -1.8507336]"
the partner showed the coffee to him .,a father bought us a chicken .,PD,DO,SHOW,BUY,THE,A,to,for,-37.43147277832031,"[-3.5316527, -6.962738, -8.280303, -9.304652, -0.5496335, -5.6311026, -3.1713908]"
the partner showed the coffee to me .,a candidate drew a flower for you .,PD,PD,SHOW,DRAW,THE,A,to,for,-42.229393005371094,"[-3.5108209, -8.577514, -10.002803, -0.7645696, -7.156084, -4.057876, -6.8782935, -1.2814286]"
the partner showed the coffee to me .,a candidate drew you a flower .,PD,DO,SHOW,DRAW,THE,A,to,for,-42.31127166748047,"[-3.5108209, -8.577514, -10.002803, -10.070223, -1.9677182, -6.9237175, -1.2584753]"
the partner showed the coffee to them .,a friend promised a pot to you .,PD,PD,SHOW,PROMISE,THE,A,to,to,-38.53751754760742,"[-3.532475, -5.7015343, -8.9530115, -4.0756836, -6.105408, -3.6512933, -5.6576986, -0.8604145]"
the partner showed the coffee to them .,a friend promised you a pot .,PD,DO,SHOW,PROMISE,THE,A,to,to,-36.41539001464844,"[-3.532475, -5.7015343, -8.9530115, -6.805708, -1.6648933, -6.531047, -3.2267225]"
the partner showed the coffee to you .,a son sent a camera to us .,PD,PD,SHOW,SEND,THE,A,to,to,-38.60490798950195,"[-3.5122266, -8.95278, -8.613377, -1.5261174, -8.077706, -0.473777, -5.759619, -1.6893057]"
the partner showed the coffee to you .,a son sent us a camera .,PD,DO,SHOW,SEND,THE,A,to,to,-38.52491760253906,"[-3.5122266, -8.95278, -8.613377, -4.863634, -1.1207623, -8.649983, -2.8121557]"
the partner showed the glass to us .,a soldier purchased a cheese for you .,PD,PD,SHOW,PURCHASE,THE,A,to,for,-47.01229476928711,"[-3.5191636, -7.711561, -12.153147, -0.75141424, -10.0740185, -3.9354079, -7.5919447, -1.2756389]"
the partner showed the glass to us .,a soldier purchased you a cheese .,PD,DO,SHOW,PURCHASE,THE,A,to,for,-45.263206481933594,"[-3.5191636, -7.711561, -12.153147, -10.003854, -0.47726494, -7.682184, -3.716031]"
the partner showed the juice to him .,a scientist kept a flower for us .,PD,PD,SHOW,KEEP,THE,A,to,for,-43.053428649902344,"[-3.5375648, -7.591902, -10.428514, -1.3679084, -8.7327, -3.8966198, -6.2462254, -1.2519959]"
the partner showed the juice to him .,a scientist kept us a flower .,PD,DO,SHOW,KEEP,THE,A,to,for,-47.111080169677734,"[-3.5375648, -7.591902, -10.428514, -7.9271927, -5.1997714, -10.387089, -2.039047]"
the partner showed the juice to me .,a father got a pie for it .,PD,PD,SHOW,GET,THE,A,to,for,-38.436302185058594,"[-3.5197697, -6.935931, -6.495987, -1.0947386, -9.02549, -2.336483, -8.269786, -0.75811964]"
the partner showed the juice to me .,a father got it a pie .,PD,DO,SHOW,GET,THE,A,to,for,-41.07093811035156,"[-3.5197697, -6.935931, -6.495987, -5.889395, -5.6207285, -11.054826, -1.5543016]"
the partner showed the juice to me .,a chief delivered a cheese for it .,PD,PD,SHOW,DELIVER,THE,A,to,for,-50.4818115234375,"[-3.5197697, -9.2578745, -12.779666, -0.9203788, -10.857036, -4.917311, -6.960598, -1.2691803]"
the partner showed the juice to me .,a chief delivered it a cheese .,PD,DO,SHOW,DELIVER,THE,A,to,for,-51.09918212890625,"[-3.5197697, -9.2578745, -12.779666, -5.295848, -6.382524, -10.949309, -2.9141898]"
the partner showed the juice to you .,a brother found a motor for me .,PD,PD,SHOW,FIND,THE,A,to,for,-45.209075927734375,"[-3.5176556, -9.136414, -6.691063, -0.9589056, -9.228126, -5.6198473, -7.975845, -2.0812201]"
the partner showed the juice to you .,a brother found me a motor .,PD,DO,SHOW,FIND,THE,A,to,for,-43.654296875,"[-3.5176556, -9.136414, -6.691063, -7.803023, -1.358138, -10.480522, -4.667484]"
the partner showed the newspaper to us .,a guy designed a computer for you .,PD,PD,SHOW,DESIGN,THE,A,to,for,-35.29438781738281,"[-3.5432234, -7.7882137, -10.083372, -0.6976669, -5.365835, -2.603796, -4.3086224, -0.90365756]"
the partner showed the newspaper to us .,a guy designed you a computer .,PD,DO,SHOW,DESIGN,THE,A,to,for,-38.66977310180664,"[-3.5432234, -7.7882137, -10.083372, -8.245527, -1.5039359, -5.9931946, -1.5123057]"
the partner showed the television to it .,an actor sold a beer to him .,PD,PD,SHOW,SELL,THE,A,to,to,-38.45008850097656,"[-5.6797695, -6.4217877, -11.087345, -1.434959, -7.0861125, -0.56602263, -4.6122584, -1.5618314]"
the partner showed the television to it .,an actor sold him a beer .,PD,DO,SHOW,SELL,THE,A,to,to,-36.628211975097656,"[-5.6797695, -6.4217877, -11.087345, -5.6727014, -0.76706886, -5.1333222, -1.866216]"
the partner showed the television to you .,a cop promised a salad to it .,PD,PD,SHOW,PROMISE,THE,A,to,to,-45.977699279785156,"[-3.533762, -8.779172, -10.896186, -2.2152212, -10.391418, -1.6035208, -7.4343596, -1.1240581]"
the partner showed the television to you .,a cop promised it a salad .,PD,DO,SHOW,PROMISE,THE,A,to,to,-44.4141845703125,"[-3.533762, -8.779172, -10.896186, -5.7929225, -5.3926997, -8.681361, -1.338082]"
the partner showed them the coffee .,a friend promised a pot to you .,DO,PD,SHOW,PROMISE,THE,A,to,to,-41.69629669189453,"[-3.5414615, -5.64163, -8.919328, -4.1774497, -6.3709683, -5.18503, -6.7559276, -1.104503]"
the partner showed them the coffee .,a friend promised you a pot .,DO,DO,SHOW,PROMISE,THE,A,to,to,-35.89946746826172,"[-3.5414615, -5.64163, -8.919328, -6.5841956, -1.8978422, -6.845663, -2.4693453]"
the partner showed us the glass .,a soldier purchased a cheese for you .,DO,PD,SHOW,PURCHASE,THE,A,to,for,-46.52584457397461,"[-3.5724974, -7.7954884, -11.8764515, -0.8275207, -9.926277, -3.729868, -7.7992167, -0.99852633]"
the partner showed us the glass .,a soldier purchased you a cheese .,DO,DO,SHOW,PURCHASE,THE,A,to,for,-42.981971740722656,"[-3.5724974, -7.7954884, -11.8764515, -9.28969, -0.59211177, -7.683755, -2.1719801]"
the partner showed us the newspaper .,a guy designed a computer for you .,DO,PD,SHOW,DESIGN,THE,A,to,for,-35.092288970947266,"[-3.574979, -7.551981, -10.183854, -0.8067253, -5.209997, -2.665353, -4.407192, -0.6922076]"
the partner showed us the newspaper .,a guy designed you a computer .,DO,DO,SHOW,DESIGN,THE,A,to,for,-38.131927490234375,"[-3.574979, -7.551981, -10.183854, -7.525325, -2.3061256, -6.022771, -0.96689224]"
the partner showed you the coffee .,a son sent a camera to us .,DO,PD,SHOW,SEND,THE,A,to,to,-38.33507537841797,"[-3.5147862, -9.068715, -8.268813, -1.7071427, -7.9412727, -0.6264585, -5.8792763, -1.3286101]"
the partner showed you the coffee .,a son sent us a camera .,DO,DO,SHOW,SEND,THE,A,to,to,-36.12788391113281,"[-3.5147862, -9.068715, -8.268813, -4.5985365, -1.1219606, -8.106224, -1.4488506]"
the partner showed you the juice .,a brother found a motor for me .,DO,PD,SHOW,FIND,THE,A,to,for,-46.53893280029297,"[-3.5105371, -9.088381, -6.6539655, -1.4713727, -9.150983, -6.2766137, -8.876692, -1.5103846]"
the partner showed you the juice .,a brother found me a motor .,DO,DO,SHOW,FIND,THE,A,to,for,-42.53435516357422,"[-3.5105371, -9.088381, -6.6539655, -7.62821, -1.4229051, -10.135201, -4.0951533]"
the partner showed you the television .,a cop promised a salad to it .,DO,PD,SHOW,PROMISE,THE,A,to,to,-46.363624572753906,"[-3.54146, -8.628889, -10.5902815, -2.1734595, -9.753684, -2.5185223, -8.187511, -0.96981645]"
the partner showed you the television .,a cop promised it a salad .,DO,DO,SHOW,PROMISE,THE,A,to,to,-43.28150939941406,"[-3.54146, -8.628889, -10.5902815, -5.5584855, -5.253151, -8.605909, -1.1033309]"
the partner sold her the key .,a cop kept a coffee for us .,DO,PD,SELL,KEEP,THE,A,to,for,-44.89057922363281,"[-3.5419989, -8.5641165, -8.115545, -2.1305666, -10.766469, -5.144466, -5.596832, -1.0305864]"
the partner sold her the key .,a cop kept us a coffee .,DO,DO,SELL,KEEP,THE,A,to,for,-42.72962951660156,"[-3.5419989, -8.5641165, -8.115545, -5.19543, -5.5651045, -9.934229, -1.8132071]"
the partner sold the coffee to them .,a colonel made a computer for it .,PD,PD,SELL,MAKE,THE,A,to,for,-39.8845100402832,"[-3.5347276, -11.275654, -6.590413, -1.2016299, -9.049901, -3.4785094, -4.057334, -0.6963407]"
the partner sold the coffee to them .,a colonel made it a computer .,PD,DO,SELL,MAKE,THE,A,to,for,-43.498924255371094,"[-3.5347276, -11.275654, -6.590413, -3.2730906, -3.450629, -12.186375, -3.1880367]"
the partner sold the coffee to us .,a physician showed a cigarette to it .,PD,PD,SELL,SHOW,THE,A,to,to,-41.0431022644043,"[-3.525188, -8.923456, -7.3722086, -1.9715965, -9.206154, -0.13821921, -8.889151, -1.0171276]"
the partner sold the coffee to us .,a physician showed it a cigarette .,PD,DO,SELL,SHOW,THE,A,to,to,-39.24654769897461,"[-3.525188, -8.923456, -7.3722086, -5.9511194, -5.586782, -6.6298876, -1.2579051]"
the partner sold the key to her .,a cop kept a coffee for us .,PD,PD,SELL,KEEP,THE,A,to,for,-43.89061737060547,"[-3.514612, -8.755941, -8.061991, -1.820149, -10.283622, -5.0144506, -5.4340324, -1.0058188]"
the partner sold the key to her .,a cop kept us a coffee .,PD,DO,SELL,KEEP,THE,A,to,for,-43.24291229248047,"[-3.514612, -8.755941, -8.061991, -5.4666696, -5.4856644, -9.798015, -2.1600204]"
the partner sold the key to you .,a cousin drew a camera for us .,PD,PD,SELL,DRAW,THE,A,to,for,-41.09014892578125,"[-3.4923732, -9.498608, -10.299679, -0.94419426, -8.615688, -3.7734132, -3.5089662, -0.95722616]"
the partner sold the key to you .,a cousin drew us a camera .,PD,DO,SELL,DRAW,THE,A,to,for,-41.981971740722656,"[-3.4923732, -9.498608, -10.299679, -6.8540635, -0.6769511, -9.309082, -1.8512167]"
the partner sold them the coffee .,a colonel made a computer for it .,DO,PD,SELL,MAKE,THE,A,to,for,-40.95735168457031,"[-3.5666625, -11.094622, -6.569998, -1.3100605, -9.349364, -4.0833445, -4.3603363, -0.622964]"
the partner sold them the coffee .,a colonel made it a computer .,DO,DO,SELL,MAKE,THE,A,to,for,-43.09431457519531,"[-3.5666625, -11.094622, -6.569998, -2.914487, -3.4713144, -12.074652, -3.4025807]"
the partner sold us the coffee .,a physician showed a cigarette to it .,DO,PD,SELL,SHOW,THE,A,to,to,-43.412864685058594,"[-3.549508, -8.809747, -7.532505, -2.555295, -9.922129, -0.46881366, -9.133932, -1.4409345]"
the partner sold us the coffee .,a physician showed it a cigarette .,DO,DO,SELL,SHOW,THE,A,to,to,-41.31550979614258,"[-3.549508, -8.809747, -7.532505, -6.3676653, -6.350043, -8.054168, -0.65187347]"
the partner sold you the key .,a cousin drew a camera for us .,DO,PD,SELL,DRAW,THE,A,to,for,-40.99717712402344,"[-3.5185575, -9.283836, -9.957735, -1.0185392, -8.317989, -3.8788133, -3.9001093, -1.1215968]"
the partner sold you the key .,a cousin drew us a camera .,DO,DO,SELL,DRAW,THE,A,to,for,-40.103782653808594,"[-3.5185575, -9.283836, -9.957735, -5.6255665, -0.7222489, -9.371373, -1.6244676]"
the partner supplied him the cigarette .,a soldier purchased a cheese for you .,DO,PD,SUPPLY,PURCHASE,THE,A,to,for,-48.5594482421875,"[-3.632695, -7.6504097, -10.648824, -1.0972885, -10.390563, -4.5524397, -9.179581, -1.4076476]"
the partner supplied him the cigarette .,a soldier purchased you a cheese .,DO,DO,SUPPLY,PURCHASE,THE,A,to,for,-43.794952392578125,"[-3.632695, -7.6504097, -10.648824, -9.55058, -0.7459497, -8.768254, -2.7982423]"
the partner supplied me the bell .,a nurse left a cheese for you .,DO,PD,SUPPLY,LEAVE,THE,A,to,for,-45.442596435546875,"[-3.5957463, -7.9712696, -7.1886663, -1.6120527, -10.940223, -5.55602, -7.070007, -1.5086114]"
the partner supplied me the bell .,a nurse left you a cheese .,DO,DO,SUPPLY,LEAVE,THE,A,to,for,-42.00411605834961,"[-3.5957463, -7.9712696, -7.1886663, -8.356992, -1.6416854, -10.228855, -3.0208998]"
the partner supplied me the crystal .,a lady promised a tea to you .,DO,PD,SUPPLY,PROMISE,THE,A,to,to,-43.61393737792969,"[-3.6106765, -8.237364, -10.392992, -3.1632216, -7.1497765, -3.0148854, -6.559367, -1.4856516]"
the partner supplied me the crystal .,a lady promised you a tea .,DO,DO,SUPPLY,PROMISE,THE,A,to,to,-38.10967254638672,"[-3.6106765, -8.237364, -10.392992, -5.972861, -1.8592188, -6.4223104, -1.6142476]"
the partner supplied me the salad .,a teacher caught a glass for it .,DO,PD,SUPPLY,CATCH,THE,A,to,for,-45.90933609008789,"[-3.676139, -7.4977255, -7.3020115, -4.081128, -7.924964, -6.6547685, -7.520711, -1.2518904]"
the partner supplied me the salad .,a teacher caught it a glass .,DO,DO,SUPPLY,CATCH,THE,A,to,for,-46.57850646972656,"[-3.676139, -7.4977255, -7.3020115, -6.5489264, -6.160238, -11.356871, -4.036596]"
the partner supplied the anchor to them .,an opponent promised a juice to you .,PD,PD,SUPPLY,PROMISE,THE,A,to,to,-48.2651252746582,"[-5.633656, -8.297504, -11.535488, -2.8878787, -10.657685, -2.8163648, -5.3537903, -1.0827589]"
the partner supplied the anchor to them .,an opponent promised you a juice .,PD,DO,SUPPLY,PROMISE,THE,A,to,to,-45.39366912841797,"[-5.633656, -8.297504, -11.535488, -5.939164, -1.4975529, -10.115855, -2.3744452]"
the partner supplied the bell to me .,a nurse left a cheese for you .,PD,PD,SUPPLY,LEAVE,THE,A,to,for,-45.285247802734375,"[-3.5647645, -7.8958454, -7.268331, -1.5294815, -11.016519, -5.7877536, -6.5198507, -1.7027044]"
the partner supplied the bell to me .,a nurse left you a cheese .,PD,DO,SUPPLY,LEAVE,THE,A,to,for,-43.9300537109375,"[-3.5647645, -7.8958454, -7.268331, -8.569963, -1.990828, -10.506384, -4.13394]"
the partner supplied the bell to you .,a cousin showed a tea to me .,PD,PD,SUPPLY,SHOW,THE,A,to,to,-39.71146774291992,"[-3.5731852, -9.290427, -7.054406, -3.8749115, -10.473505, -2.9824028, -1.1009268, -1.3617017]"
the partner supplied the bell to you .,a cousin showed me a tea .,PD,DO,SUPPLY,SHOW,THE,A,to,to,-36.44776916503906,"[-3.5731852, -9.290427, -7.054406, -0.5205023, -1.3199196, -9.5773, -5.1120315]"
the partner supplied the cigarette to him .,a soldier purchased a cheese for you .,PD,PD,SUPPLY,PURCHASE,THE,A,to,for,-48.764427185058594,"[-3.6132147, -7.7846336, -11.1801815, -0.8410605, -10.3829365, -4.108917, -9.01679, -1.8366952]"
the partner supplied the cigarette to him .,a soldier purchased you a cheese .,PD,DO,SUPPLY,PURCHASE,THE,A,to,for,-44.93660354614258,"[-3.6132147, -7.7846336, -11.1801815, -10.111745, -0.5328954, -8.39679, -3.3171422]"
the partner supplied the crystal to me .,a lady promised a tea to you .,PD,PD,SUPPLY,PROMISE,THE,A,to,to,-41.94099426269531,"[-3.5823731, -8.307734, -10.449352, -3.03764, -7.0169306, -1.9388437, -6.350084, -1.2580391]"
the partner supplied the crystal to me .,a lady promised you a tea .,PD,DO,SUPPLY,PROMISE,THE,A,to,to,-38.23131561279297,"[-3.5823731, -8.307734, -10.449352, -5.3148103, -1.7974072, -6.624735, -2.1549063]"
the partner supplied the crystal to you .,a prince delivered an instrument for them .,PD,PD,SUPPLY,DELIVER,THE,A,to,for,-46.325965881347656,"[-3.5815477, -10.738237, -9.8181095, -3.1060615, -7.844084, -3.202564, -6.4742165, -1.5611451]"
the partner supplied the crystal to you .,a prince delivered them an instrument .,PD,DO,SUPPLY,DELIVER,THE,A,to,for,-45.68153762817383,"[-3.5815477, -10.738237, -9.8181095, -6.088287, -6.149408, -6.9163613, -2.3895884]"
the partner supplied the salad to me .,a teacher caught a glass for it .,PD,PD,SUPPLY,CATCH,THE,A,to,for,-47.73387145996094,"[-3.6412246, -7.553008, -7.5528984, -5.179098, -7.7416444, -6.5598803, -7.678443, -1.8276755]"
the partner supplied the salad to me .,a teacher caught it a glass .,PD,DO,SUPPLY,CATCH,THE,A,to,for,-47.68165969848633,"[-3.6412246, -7.553008, -7.5528984, -7.15681, -6.0766015, -11.428246, -4.272871]"
the partner supplied them the anchor .,an opponent promised a juice to you .,DO,PD,SUPPLY,PROMISE,THE,A,to,to,-51.485450744628906,"[-5.6524696, -8.253443, -10.923839, -3.1535013, -11.210612, -4.054745, -6.8109026, -1.4259356]"
the partner supplied them the anchor .,an opponent promised you a juice .,DO,DO,SUPPLY,PROMISE,THE,A,to,to,-46.012813568115234,"[-5.6524696, -8.253443, -10.923839, -6.827485, -1.7400206, -10.498613, -2.1169426]"
the partner supplied you the bell .,a cousin showed a tea to me .,DO,PD,SUPPLY,SHOW,THE,A,to,to,-40.58591079711914,"[-3.5742111, -9.3501, -6.9912715, -4.327316, -9.996511, -3.7280495, -1.3943709, -1.2240815]"
the partner supplied you the bell .,a cousin showed me a tea .,DO,DO,SUPPLY,SHOW,THE,A,to,to,-34.746421813964844,"[-3.5742111, -9.3501, -6.9912715, -0.32084432, -1.3485707, -9.280201, -3.8812237]"
the partner supplied you the crystal .,a prince delivered an instrument for them .,DO,PD,SUPPLY,DELIVER,THE,A,to,for,-45.446044921875,"[-3.5870063, -10.590964, -9.911392, -3.0664554, -7.7517185, -2.907854, -6.52162, -1.1090333]"
the partner supplied you the crystal .,a prince delivered them an instrument .,DO,DO,SUPPLY,DELIVER,THE,A,to,for,-41.992103576660156,"[-3.5870063, -10.590964, -9.911392, -5.2624183, -4.551998, -6.1944504, -1.8938735]"
the partner threw her the juice .,a parent promised a jacket to you .,DO,PD,THROW,PROMISE,THE,A,to,to,-48.71167755126953,"[-3.6795602, -7.718313, -10.677394, -2.5413966, -11.229552, -2.1225095, -8.881083, -1.8618717]"
the partner threw her the juice .,a parent promised you a jacket .,DO,DO,THROW,PROMISE,THE,A,to,to,-41.248924255371094,"[-3.6795602, -7.718313, -10.677394, -6.878261, -1.9241736, -8.533547, -1.837676]"
the partner threw him the juice .,a pilot saved a chocolate for us .,DO,PD,THROW,SAVE,THE,A,to,for,-47.45659637451172,"[-3.7087526, -7.612215, -7.6049747, -1.6327993, -9.980023, -8.084692, -7.038844, -1.7942924]"
the partner threw him the juice .,a pilot saved us a chocolate .,DO,DO,THROW,SAVE,THE,A,to,for,-45.775184631347656,"[-3.7087526, -7.612215, -7.6049747, -8.846165, -3.1367178, -10.23085, -4.6355076]"
the partner threw him the television .,an opponent designed a coat for me .,DO,PD,THROW,DESIGN,THE,A,to,for,-46.13880920410156,"[-5.6454105, -7.8005576, -12.313882, -1.5058295, -10.561012, -3.1043317, -4.000119, -1.2076676]"
the partner threw him the television .,an opponent designed me a coat .,DO,DO,THROW,DESIGN,THE,A,to,for,-43.614845275878906,"[-5.6454105, -7.8005576, -12.313882, -6.2191997, -2.0067225, -8.323323, -1.3057487]"
the partner threw me the beer .,an attorney bought a salad for you .,DO,PD,THROW,BUY,THE,A,to,for,-42.9900016784668,"[-5.634186, -5.227311, -9.776239, -1.6323295, -10.490658, -2.1039226, -6.9059515, -1.2194031]"
the partner threw me the beer .,an attorney bought you a salad .,DO,DO,THROW,BUY,THE,A,to,for,-38.02143859863281,"[-5.634186, -5.227311, -9.776239, -6.507958, -0.9608949, -8.680141, -1.2347059]"
the partner threw me the coffee .,a lady got a crystal for them .,DO,PD,THROW,GET,THE,A,to,for,-45.05641174316406,"[-3.7133596, -7.9796486, -5.562833, -2.5804927, -11.15189, -4.808292, -8.195396, -1.0645008]"
the partner threw me the coffee .,a lady got them a crystal .,DO,DO,THROW,GET,THE,A,to,for,-41.06102752685547,"[-3.7133596, -7.9796486, -5.562833, -7.987933, -3.1648755, -10.383946, -2.2684326]"
the partner threw me the coffee .,a parent gave a tea to them .,DO,PD,THROW,GIVE,THE,A,to,to,-40.521263122558594,"[-3.7133596, -7.8065567, -5.1575603, -2.6368976, -9.993309, -0.35351452, -9.438567, -1.4214944]"
the partner threw me the coffee .,a parent gave them a tea .,DO,DO,THROW,GIVE,THE,A,to,to,-32.18422317504883,"[-3.7133596, -7.8065567, -5.1575603, -6.401836, -1.0645893, -6.9369144, -1.1034074]"
the partner threw me the juice .,a champion sold a meal to her .,DO,PD,THROW,SELL,THE,A,to,to,-41.764404296875,"[-3.7038426, -9.16153, -9.415791, -2.701082, -8.106939, -1.0548666, -2.5288496, -5.0915046]"
the partner threw me the juice .,a champion sold her a meal .,DO,DO,THROW,SELL,THE,A,to,to,-41.89215087890625,"[-3.7038426, -9.16153, -9.415791, -3.478254, -7.2235885, -6.872209, -2.0369372]"
the partner threw the beer to me .,an attorney bought a salad for you .,PD,PD,THROW,BUY,THE,A,to,for,-42.51383972167969,"[-5.62873, -5.2949777, -10.208878, -1.0199625, -10.149988, -1.9992328, -6.8552275, -1.3568441]"
the partner threw the beer to me .,an attorney bought you a salad .,PD,DO,THROW,BUY,THE,A,to,for,-39.66436004638672,"[-5.62873, -5.2949777, -10.208878, -7.599228, -0.71745116, -8.491091, -1.7240047]"
the partner threw the cheese to you .,a sheriff gave a juice to me .,PD,PD,THROW,GIVE,THE,A,to,to,-40.221046447753906,"[-3.6138954, -8.405178, -8.163866, -1.3464499, -12.055683, -0.41504484, -5.2045517, -1.0163759]"
the partner threw the cheese to you .,a sheriff gave me a juice .,PD,DO,THROW,GIVE,THE,A,to,to,-36.6840934753418,"[-3.6138954, -8.405178, -8.163866, -4.413522, -0.7952094, -9.083118, -2.2093027]"
the partner threw the coffee to me .,a lady got a crystal for them .,PD,PD,THROW,GET,THE,A,to,for,-43.775543212890625,"[-3.6206863, -8.094883, -6.099659, -2.223222, -10.93062, -4.3361526, -7.4391236, -1.0311958]"
the partner threw the coffee to me .,a lady got them a crystal .,PD,DO,THROW,GET,THE,A,to,for,-41.08871841430664,"[-3.6206863, -8.094883, -6.099659, -8.117836, -2.5886002, -10.081928, -2.4851263]"
the partner threw the coffee to me .,a parent gave a tea to them .,PD,PD,THROW,GIVE,THE,A,to,to,-37.440818786621094,"[-3.6206863, -7.793524, -5.163559, -1.9976785, -8.8882675, -0.09882265, -8.92482, -0.95346177]"
the partner threw the coffee to me .,a parent gave them a tea .,PD,DO,THROW,GIVE,THE,A,to,to,-32.252559661865234,"[-3.6206863, -7.793524, -5.163559, -6.397038, -0.8420977, -6.71247, -1.7231863]"
the partner threw the coffee to us .,a lady brought a computer to him .,PD,PD,THROW,BRING,THE,A,to,to,-36.36949157714844,"[-3.6224008, -8.113508, -6.787204, -1.8383749, -9.085116, -0.36989573, -5.853709, -0.69928145]"
the partner threw the coffee to us .,a lady brought him a computer .,PD,DO,THROW,BRING,THE,A,to,to,-37.58860397338867,"[-3.6224008, -8.113508, -6.787204, -5.653082, -0.885931, -10.953599, -1.5728784]"
the partner threw the coffee to us .,an employee brought a camera to you .,PD,PD,THROW,BRING,THE,A,to,to,-34.04708480834961,"[-5.6490235, -4.387436, -7.6994343, -1.5783024, -6.4297, -0.34947234, -7.1247473, -0.82896847]"
the partner threw the coffee to us .,an employee brought you a camera .,PD,DO,THROW,BRING,THE,A,to,to,-34.26087951660156,"[-5.6490235, -4.387436, -7.6994343, -5.3137836, -1.6300647, -7.941831, -1.639307]"
the partner threw the coffee to you .,a teacher made a log for me .,PD,PD,THROW,MAKE,THE,A,to,for,-36.22137451171875,"[-3.6025927, -7.21797, -6.2970705, -0.91288406, -10.479539, -3.3899112, -2.9472413, -1.374165]"
the partner threw the coffee to you .,a teacher made me a log .,PD,DO,THROW,MAKE,THE,A,to,for,-34.440879821777344,"[-3.6025927, -7.21797, -6.2970705, -5.106751, -1.6973168, -9.341662, -1.1775186]"
the partner threw the coffee to you .,a kid purchased a flower for it .,PD,PD,THROW,PURCHASE,THE,A,to,for,-41.91706848144531,"[-3.6025927, -8.782358, -10.2171135, -0.6978965, -7.563409, -2.529582, -7.236978, -1.2871364]"
the partner threw the coffee to you .,a kid purchased it a flower .,PD,DO,THROW,PURCHASE,THE,A,to,for,-47.28690719604492,"[-3.6025927, -8.782358, -10.2171135, -5.9901843, -5.4795723, -11.178649, -2.0364385]"
the partner threw the juice to her .,a parent promised a jacket to you .,PD,PD,THROW,PROMISE,THE,A,to,to,-47.79453659057617,"[-3.6294432, -7.74192, -10.635096, -2.3202982, -10.649839, -0.9651457, -9.998702, -1.8540936]"
the partner threw the juice to her .,a parent promised you a jacket .,PD,DO,THROW,PROMISE,THE,A,to,to,-41.74272918701172,"[-3.6294432, -7.74192, -10.635096, -7.2238417, -1.6371562, -8.556357, -2.3189173]"
the partner threw the juice to him .,a pilot saved a chocolate for us .,PD,PD,THROW,SAVE,THE,A,to,for,-46.36155319213867,"[-3.6404293, -7.5873585, -7.842187, -1.5408523, -9.92569, -7.606923, -6.614851, -1.6032617]"
the partner threw the juice to him .,a pilot saved us a chocolate .,PD,DO,THROW,SAVE,THE,A,to,for,-48.06265640258789,"[-3.6404293, -7.5873585, -7.842187, -9.145213, -3.574358, -11.064317, -5.2087927]"
the partner threw the juice to me .,a champion sold a meal to her .,PD,PD,THROW,SELL,THE,A,to,to,-40.225494384765625,"[-3.623434, -9.2696495, -9.48454, -2.5665245, -7.301112, -0.50762933, -2.8514032, -4.6212025]"
the partner threw the juice to me .,a champion sold her a meal .,PD,DO,THROW,SELL,THE,A,to,to,-42.85411834716797,"[-3.623434, -9.2696495, -9.48454, -3.572835, -7.412793, -6.849386, -2.6414826]"
the partner threw the juice to us .,a leader fed a chicken to them .,PD,PD,THROW,FEED,THE,A,to,to,-38.13227462768555,"[-3.6217995, -8.138208, -12.201674, -2.1579096, -3.9371352, -0.8815344, -6.0819182, -1.1120963]"
the partner threw the juice to us .,a leader fed them a chicken .,PD,DO,THROW,FEED,THE,A,to,to,-40.613922119140625,"[-3.6217995, -8.138208, -12.201674, -6.0321207, -2.1216416, -5.161542, -3.3369384]"
the partner threw the television to him .,an opponent designed a coat for me .,PD,PD,THROW,DESIGN,THE,A,to,for,-46.098236083984375,"[-5.640231, -7.8379555, -12.331399, -1.3173168, -10.4160595, -2.8467293, -4.516699, -1.1918441]"
the partner threw the television to him .,an opponent designed me a coat .,PD,DO,THROW,DESIGN,THE,A,to,for,-45.05436706542969,"[-5.640231, -7.8379555, -12.331399, -7.724736, -2.2259872, -7.9130454, -1.3810127]"
the partner threw us the coffee .,a lady brought a computer to him .,DO,PD,THROW,BRING,THE,A,to,to,-38.072349548339844,"[-3.6927176, -7.9631433, -6.4394207, -2.7953048, -8.35423, -0.8706494, -6.9539766, -1.0029092]"
the partner threw us the coffee .,a lady brought him a computer .,DO,DO,THROW,BRING,THE,A,to,to,-37.63841247558594,"[-3.6927176, -7.9631433, -6.4394207, -6.0859275, -1.3271215, -10.987428, -1.142653]"
the partner threw us the coffee .,an employee brought a camera to you .,DO,PD,THROW,BRING,THE,A,to,to,-35.10901641845703,"[-5.658551, -4.506961, -7.2665176, -2.2490888, -5.671196, -0.76798904, -7.788326, -1.2003877]"
the partner threw us the coffee .,an employee brought you a camera .,DO,DO,THROW,BRING,THE,A,to,to,-32.95289993286133,"[-5.658551, -4.506961, -7.2665176, -4.198316, -2.318852, -7.8670955, -1.1366063]"
the partner threw us the juice .,a leader fed a chicken to them .,DO,PD,THROW,FEED,THE,A,to,to,-42.413551330566406,"[-3.6829262, -8.165026, -11.51339, -2.5522158, -4.4684787, -2.648861, -7.9064083, -1.476244]"
the partner threw us the juice .,a leader fed them a chicken .,DO,DO,THROW,FEED,THE,A,to,to,-39.61433792114258,"[-3.6829262, -8.165026, -11.51339, -5.7389326, -2.2989597, -5.792649, -2.422456]"
the partner threw you the cheese .,a sheriff gave a juice to me .,DO,PD,THROW,GIVE,THE,A,to,to,-41.96259689331055,"[-3.6391795, -8.368787, -7.954405, -1.5418676, -12.443163, -1.1019933, -5.8333125, -1.0798894]"
the partner threw you the cheese .,a sheriff gave me a juice .,DO,DO,THROW,GIVE,THE,A,to,to,-34.46778869628906,"[-3.6391795, -8.368787, -7.954405, -3.5858026, -0.9280461, -8.857046, -1.134522]"
the partner threw you the coffee .,a teacher made a log for me .,DO,PD,THROW,MAKE,THE,A,to,for,-36.96797561645508,"[-3.666794, -7.227845, -6.2917285, -1.0319247, -10.799362, -3.5585465, -3.0076995, -1.3840749]"
the partner threw you the coffee .,a teacher made me a log .,DO,DO,THROW,MAKE,THE,A,to,for,-34.44078063964844,"[-3.666794, -7.227845, -6.2917285, -4.521175, -2.175843, -9.773816, -0.7835773]"
the partner threw you the coffee .,a kid purchased a flower for it .,DO,PD,THROW,PURCHASE,THE,A,to,for,-42.462364196777344,"[-3.666794, -8.756078, -10.01125, -0.7528434, -7.4214115, -2.9166653, -7.6935844, -1.2437395]"
the partner threw you the coffee .,a kid purchased it a flower .,DO,DO,THROW,PURCHASE,THE,A,to,for,-46.68955993652344,"[-3.666794, -8.756078, -10.01125, -5.7640185, -5.7220745, -10.985577, -1.783769]"
the partner took him the ball .,a soldier left a bell for it .,DO,PD,TAKE,LEAVE,THE,A,to,for,-45.56776428222656,"[-3.542058, -7.3876777, -6.9908514, -1.9352928, -12.922926, -3.1224692, -8.202278, -1.4642098]"
the partner took him the ball .,a soldier left it a bell .,DO,DO,TAKE,LEAVE,THE,A,to,for,-43.20813751220703,"[-3.542058, -7.3876777, -6.9908514, -5.8808684, -5.1873655, -12.180067, -2.039249]"
the partner took him the card .,a mother drew a crystal for us .,DO,PD,TAKE,DRAW,THE,A,to,for,-41.55241394042969,"[-3.586646, -6.1667747, -8.295452, -1.1343907, -9.292186, -5.0248556, -6.7140303, -1.3380791]"
the partner took him the card .,a mother drew us a crystal .,DO,DO,TAKE,DRAW,THE,A,to,for,-39.0423583984375,"[-3.586646, -6.1667747, -8.295452, -7.3716993, -0.5532367, -9.658146, -3.4104025]"
the partner took him the card .,a guy purchased a juice for us .,DO,PD,TAKE,PURCHASE,THE,A,to,for,-41.180015563964844,"[-3.586646, -7.3694553, -8.614849, -0.90383923, -10.242757, -4.441225, -4.69455, -1.3266951]"
the partner took him the card .,a guy purchased us a juice .,DO,DO,TAKE,PURCHASE,THE,A,to,for,-38.171112060546875,"[-3.586646, -7.3694553, -8.614849, -6.104891, -0.8093779, -9.13438, -2.5515108]"
the partner took me the ball .,a sheriff got a chicken for him .,DO,PD,TAKE,GET,THE,A,to,for,-41.039207458496094,"[-3.5535064, -8.751204, -7.7128034, -1.1794622, -9.653114, -3.8931851, -5.475834, -0.8201007]"
the partner took me the ball .,a sheriff got him a chicken .,DO,DO,TAKE,GET,THE,A,to,for,-35.75428771972656,"[-3.5535064, -8.751204, -7.7128034, -4.758068, -1.494426, -8.749229, -0.73504794]"
the partner took me the card .,a writer found an engine for us .,DO,PD,TAKE,FIND,THE,A,to,for,-41.61213302612305,"[-3.5695534, -7.4665575, -6.1988797, -3.2938943, -9.463001, -2.550474, -7.538292, -1.5314801]"
the partner took me the card .,a writer found us an engine .,DO,DO,TAKE,FIND,THE,A,to,for,-41.476051330566406,"[-3.5695534, -7.4665575, -6.1988797, -8.515734, -3.8587565, -10.0199375, -1.8466325]"
the partner took the ball to him .,a soldier left a bell for it .,PD,PD,TAKE,LEAVE,THE,A,to,for,-44.923133850097656,"[-3.5062206, -7.5480776, -6.877788, -1.6147922, -12.79306, -3.2462068, -8.188774, -1.148215]"
the partner took the ball to him .,a soldier left it a bell .,PD,DO,TAKE,LEAVE,THE,A,to,for,-44.30144500732422,"[-3.5062206, -7.5480776, -6.877788, -6.1122994, -5.1420135, -12.593283, -2.521761]"
the partner took the ball to me .,a sheriff got a chicken for him .,PD,PD,TAKE,GET,THE,A,to,for,-41.426025390625,"[-3.5093021, -8.987134, -7.8839493, -0.96440965, -9.852024, -3.9299586, -5.6613073, -0.63793814]"
the partner took the ball to me .,a sheriff got him a chicken .,PD,DO,TAKE,GET,THE,A,to,for,-37.37214660644531,"[-3.5093021, -8.987134, -7.8839493, -6.0440264, -1.7479177, -8.335595, -0.86422145]"
the partner took the ball to us .,a secretary got a pie for him .,PD,PD,TAKE,GET,THE,A,to,for,-43.0504150390625,"[-3.497809, -10.915337, -9.381582, -1.1849132, -9.221245, -2.2556314, -5.82338, -0.7705199]"
the partner took the ball to us .,a secretary got him a pie .,PD,DO,TAKE,GET,THE,A,to,for,-40.81754684448242,"[-3.497809, -10.915337, -9.381582, -6.0843368, -1.5372719, -8.424873, -0.9763384]"
the partner took the ball to you .,a mother caught an engine for us .,PD,PD,TAKE,CATCH,THE,A,to,for,-47.109458923339844,"[-3.4981146, -6.103732, -6.7637515, -5.059208, -8.234089, -6.14834, -10.365641, -0.9365812]"
the partner took the ball to you .,a mother caught us an engine .,PD,DO,TAKE,CATCH,THE,A,to,for,-43.47315216064453,"[-3.4981146, -6.103732, -6.7637515, -9.332513, -6.5539503, -9.423446, -1.7976428]"
the partner took the card to him .,a mother drew a crystal for us .,PD,PD,TAKE,DRAW,THE,A,to,for,-41.55891799926758,"[-3.5298202, -6.179264, -8.698345, -0.7497774, -9.249097, -4.616131, -6.978135, -1.5583488]"
the partner took the card to him .,a mother drew us a crystal .,PD,DO,TAKE,DRAW,THE,A,to,for,-40.33418273925781,"[-3.5298202, -6.179264, -8.698345, -8.428646, -0.66263205, -9.7461, -3.0893726]"
the partner took the card to him .,a guy purchased a juice for us .,PD,PD,TAKE,PURCHASE,THE,A,to,for,-40.304229736328125,"[-3.5298202, -7.4311886, -8.790168, -0.65207314, -9.901773, -4.2352195, -4.504657, -1.2593329]"
the partner took the card to him .,a guy purchased us a juice .,PD,DO,TAKE,PURCHASE,THE,A,to,for,-38.694053649902344,"[-3.5298202, -7.4311886, -8.790168, -6.7179575, -0.46229154, -8.571145, -3.1914825]"
the partner took the card to me .,a writer found an engine for us .,PD,PD,TAKE,FIND,THE,A,to,for,-41.43440246582031,"[-3.5204887, -7.624995, -6.222921, -2.970508, -9.069557, -2.385776, -7.886463, -1.7536906]"
the partner took the card to me .,a writer found us an engine .,PD,DO,TAKE,FIND,THE,A,to,for,-42.24440002441406,"[-3.5204887, -7.624995, -6.222921, -9.45335, -3.3767648, -9.881334, -2.164545]"
the partner took the card to them .,a lawyer fed a meal to him .,PD,PD,TAKE,FEED,THE,A,to,to,-37.673824310302734,"[-3.5324986, -6.9142447, -13.085919, -2.0439243, -7.860321, -0.23379372, -3.1190848, -0.88403785]"
the partner took the card to them .,a lawyer fed him a meal .,PD,DO,TAKE,FEED,THE,A,to,to,-36.528526306152344,"[-3.5324986, -6.9142447, -13.085919, -4.2340155, -1.0354595, -6.2156253, -1.5107661]"
the partner took the computer to them .,a secretary sent a salad to us .,PD,PD,TAKE,SEND,THE,A,to,to,-40.16730499267578,"[-3.5074906, -10.4844, -6.400872, -1.344874, -12.945765, -0.81502223, -3.8203368, -0.84854305]"
the partner took the computer to them .,a secretary sent us a salad .,PD,DO,TAKE,SEND,THE,A,to,to,-41.07478713989258,"[-3.5074906, -10.4844, -6.400872, -5.5712094, -0.8316663, -12.566578, -1.7125714]"
the partner took the computer to us .,a chief sold a cheese to you .,PD,PD,TAKE,SELL,THE,A,to,to,-47.90135192871094,"[-3.5031729, -9.242948, -13.363944, -1.9311653, -10.426644, -2.06997, -6.299022, -1.0644861]"
the partner took the computer to us .,a chief sold you a cheese .,PD,DO,TAKE,SELL,THE,A,to,to,-43.695556640625,"[-3.5031729, -9.242948, -13.363944, -5.487431, -0.75132823, -9.068026, -2.2787056]"
the partner took the computer to you .,a champion drew a bottle for him .,PD,PD,TAKE,DRAW,THE,A,to,for,-45.066368103027344,"[-3.4998908, -9.27219, -11.384524, -1.2340982, -9.080328, -6.1450024, -3.591134, -0.8591994]"
the partner took the computer to you .,a champion drew him a bottle .,PD,DO,TAKE,DRAW,THE,A,to,for,-40.91966247558594,"[-3.4998908, -9.27219, -11.384524, -5.6465597, -1.8142794, -6.6853647, -2.6168547]"
the partner took the computer to you .,a child saved a juice for her .,PD,PD,TAKE,SAVE,THE,A,to,for,-48.02537536621094,"[-3.4998908, -6.229766, -9.59217, -1.9464887, -14.679808, -5.7474847, -1.8943099, -4.435457]"
the partner took the computer to you .,a child saved her a juice .,PD,DO,TAKE,SAVE,THE,A,to,for,-45.089969635009766,"[-3.4998908, -6.229766, -9.59217, -2.2849174, -7.0546274, -12.724335, -3.704264]"
the partner took the instrument to them .,a sheriff found a tea for us .,PD,PD,TAKE,FIND,THE,A,to,for,-48.35216522216797,"[-3.536059, -8.690382, -6.4514546, -0.935814, -11.113728, -6.903579, -8.786715, -1.9344345]"
the partner took the instrument to them .,a sheriff found us a tea .,PD,DO,TAKE,FIND,THE,A,to,for,-48.38091278076172,"[-3.536059, -8.690382, -6.4514546, -11.240664, -3.7003157, -11.56822, -3.1938167]"
the partner took the instrument to them .,an aunt gave a tea to me .,PD,PD,TAKE,GIVE,THE,A,to,to,-35.183082580566406,"[-5.638348, -8.528023, -5.4764113, -1.6626123, -9.363762, -0.35000795, -3.3450012, -0.8189177]"
the partner took the instrument to them .,an aunt gave me a tea .,PD,DO,TAKE,GIVE,THE,A,to,to,-33.30942916870117,"[-5.638348, -8.528023, -5.4764113, -3.304706, -0.7066342, -7.831385, -1.8239212]"
the partner took the newspaper to us .,a minister bought a machine for you .,PD,PD,TAKE,BUY,THE,A,to,for,-40.786537170410156,"[-3.5401335, -9.184792, -10.652806, -0.7650596, -7.7514477, -2.0326247, -5.6740313, -1.1856427]"
the partner took the newspaper to us .,a minister bought you a machine .,PD,DO,TAKE,BUY,THE,A,to,for,-42.24842071533203,"[-3.5401335, -9.184792, -10.652806, -7.650955, -0.48425597, -8.280315, -2.4551642]"
the partner took the newspaper to us .,a chief delivered a meal for you .,PD,PD,TAKE,DELIVER,THE,A,to,for,-45.710933685302734,"[-3.5401335, -9.015232, -12.729465, -0.636132, -9.91443, -1.7365861, -6.5962057, -1.5427498]"
the partner took the newspaper to us .,a chief delivered you a meal .,PD,DO,TAKE,DELIVER,THE,A,to,for,-44.89795684814453,"[-3.5401335, -9.015232, -12.729465, -9.296523, -0.98677516, -7.380392, -1.9494348]"
the partner took the telephone to us .,a mayor bought a jacket for her .,PD,PD,TAKE,BUY,THE,A,to,for,-43.765052795410156,"[-3.5453076, -10.769011, -10.825931, -0.5906259, -8.793123, -2.4041476, -2.5706902, -4.266216]"
the partner took the telephone to us .,a mayor bought her a jacket .,PD,DO,TAKE,BUY,THE,A,to,for,-40.754356384277344,"[-3.5453076, -10.769011, -10.825931, -4.0026054, -1.7578964, -7.4920683, -2.361541]"
the partner took the telephone to us .,a princess threw an iron to you .,PD,PD,TAKE,THROW,THE,A,to,to,-42.172855377197266,"[-3.5453076, -10.849943, -7.567294, -3.4092407, -4.486249, -4.293031, -7.264924, -0.7568662]"
the partner took the telephone to us .,a princess threw you an iron .,PD,DO,TAKE,THROW,THE,A,to,to,-42.135040283203125,"[-3.5453076, -10.849943, -7.567294, -7.9711123, -3.5683155, -5.683387, -2.9496856]"
the partner took them the card .,a lawyer fed a meal to him .,DO,PD,TAKE,FEED,THE,A,to,to,-39.245094299316406,"[-3.5628986, -6.8477597, -12.682887, -2.3585653, -7.6932535, -0.32489493, -4.364158, -1.4106767]"
the partner took them the card .,a lawyer fed him a meal .,DO,DO,TAKE,FEED,THE,A,to,to,-36.91094970703125,"[-3.5628986, -6.8477597, -12.682887, -4.373101, -1.3444663, -6.9788127, -1.121024]"
the partner took them the computer .,a secretary sent a salad to us .,DO,PD,TAKE,SEND,THE,A,to,to,-42.96061325073242,"[-3.5289037, -10.463841, -6.4458413, -1.370227, -13.414165, -1.1632081, -5.2277746, -1.3466536]"
the partner took them the computer .,a secretary sent us a salad .,DO,DO,TAKE,SEND,THE,A,to,to,-41.146644592285156,"[-3.5289037, -10.463841, -6.4458413, -5.351306, -1.0776496, -12.901241, -1.377863]"
the partner took them the instrument .,a sheriff found a tea for us .,DO,PD,TAKE,FIND,THE,A,to,for,-47.520565032958984,"[-3.5856247, -8.486295, -6.5050864, -1.1472921, -10.889584, -6.674571, -8.508276, -1.7238346]"
the partner took them the instrument .,a sheriff found us a tea .,DO,DO,TAKE,FIND,THE,A,to,for,-44.019065856933594,"[-3.5856247, -8.486295, -6.5050864, -10.875698, -1.5462725, -10.155998, -2.8640926]"
the partner took them the instrument .,an aunt gave a tea to me .,DO,PD,TAKE,GIVE,THE,A,to,to,-36.252113342285156,"[-5.642709, -8.541428, -5.309164, -2.2418509, -9.589772, -0.49591494, -3.3838758, -1.0474011]"
the partner took them the instrument .,an aunt gave me a tea .,DO,DO,TAKE,GIVE,THE,A,to,to,-32.57383346557617,"[-5.642709, -8.541428, -5.309164, -2.6225624, -1.0895724, -7.662639, -1.7057582]"
the partner took us the ball .,a secretary got a pie for him .,DO,PD,TAKE,GET,THE,A,to,for,-41.77130889892578,"[-3.5316024, -10.741575, -8.390184, -1.5006261, -8.869289, -2.4333792, -5.531567, -0.77308714]"
the partner took us the ball .,a secretary got him a pie .,DO,DO,TAKE,GET,THE,A,to,for,-38.28425216674805,"[-3.5316024, -10.741575, -8.390184, -5.5667768, -1.2307798, -8.116293, -0.70704025]"
the partner took us the computer .,a chief sold a cheese to you .,DO,PD,TAKE,SELL,THE,A,to,to,-49.572914123535156,"[-3.5266907, -9.255048, -13.574147, -2.1894479, -10.610436, -2.5432212, -6.5002904, -1.3736311]"
the partner took us the computer .,a chief sold you a cheese .,DO,DO,TAKE,SELL,THE,A,to,to,-43.702301025390625,"[-3.5266907, -9.255048, -13.574147, -5.1719604, -0.8176069, -9.637635, -1.7192146]"
the partner took us the newspaper .,a minister bought a machine for you .,DO,PD,TAKE,BUY,THE,A,to,for,-40.51200866699219,"[-3.5787015, -9.138864, -9.81442, -0.8452504, -7.6610274, -1.9673303, -6.281378, -1.2250376]"
the partner took us the newspaper .,a minister bought you a machine .,DO,DO,TAKE,BUY,THE,A,to,for,-39.03532409667969,"[-3.5787015, -9.138864, -9.81442, -6.27086, -0.51688486, -7.9844775, -1.7311156]"
the partner took us the newspaper .,a chief delivered a meal for you .,DO,PD,TAKE,DELIVER,THE,A,to,for,-44.86772918701172,"[-3.5787015, -9.105836, -12.551771, -0.78868675, -9.049236, -1.8081453, -6.6232967, -1.3620539]"
the partner took us the newspaper .,a chief delivered you a meal .,DO,DO,TAKE,DELIVER,THE,A,to,for,-41.91668701171875,"[-3.5787015, -9.105836, -12.551771, -7.635172, -1.0775031, -6.861381, -1.1063225]"
the partner took us the telephone .,a mayor bought a jacket for her .,DO,PD,TAKE,BUY,THE,A,to,for,-42.905181884765625,"[-3.565507, -10.630091, -10.381179, -0.7947851, -8.902691, -2.4903874, -2.2605908, -3.8799496]"
the partner took us the telephone .,a mayor bought her a jacket .,DO,DO,TAKE,BUY,THE,A,to,for,-38.42505645751953,"[-3.565507, -10.630091, -10.381179, -3.6000218, -0.94006646, -7.6327076, -1.6754867]"
the partner took us the telephone .,a princess threw an iron to you .,DO,PD,TAKE,THROW,THE,A,to,to,-42.68701934814453,"[-3.565507, -10.647183, -7.6452365, -3.594696, -4.372712, -4.7162337, -7.2703676, -0.8750833]"
the partner took us the telephone .,a princess threw you an iron .,DO,DO,TAKE,THROW,THE,A,to,to,-39.042625427246094,"[-3.565507, -10.647183, -7.6452365, -6.7725554, -3.0362267, -4.9358683, -2.440049]"
the partner took you the ball .,a mother caught an engine for us .,DO,PD,TAKE,CATCH,THE,A,to,for,-46.05979919433594,"[-3.5134928, -6.2566233, -6.4969654, -4.657569, -8.370259, -6.129822, -9.593739, -1.0413277]"
the partner took you the ball .,a mother caught us an engine .,DO,DO,TAKE,CATCH,THE,A,to,for,-38.40224838256836,"[-3.5134928, -6.2566233, -6.4969654, -8.203841, -3.9235318, -8.776893, -1.230901]"
the partner took you the computer .,a champion drew a bottle for him .,DO,PD,TAKE,DRAW,THE,A,to,for,-45.47978210449219,"[-3.512218, -9.242474, -11.562206, -1.5244273, -9.401024, -5.8299007, -3.6014647, -0.8060639]"
the partner took you the computer .,a champion drew him a bottle .,DO,DO,TAKE,DRAW,THE,A,to,for,-40.10559844970703,"[-3.512218, -9.242474, -11.562206, -5.4548435, -1.3271414, -6.844561, -2.1621563]"
the partner took you the computer .,a child saved a juice for her .,DO,PD,TAKE,SAVE,THE,A,to,for,-47.61310577392578,"[-3.512218, -6.2706823, -9.685984, -2.1661518, -14.006216, -5.730729, -1.8230598, -4.418062]"
the partner took you the computer .,a child saved her a juice .,DO,DO,TAKE,SAVE,THE,A,to,for,-44.08024597167969,"[-3.512218, -6.2706823, -9.685984, -2.3199022, -7.2429442, -12.056542, -2.9919758]"
the physician bought him the beer .,a buddy threw a box to you .,DO,PD,BUY,THROW,THE,A,for,to,-43.455955505371094,"[-3.6344843, -10.031581, -7.832222, -1.4320263, -6.833888, -5.4760237, -7.328123, -0.8876053]"
the physician bought him the beer .,a buddy threw you a box .,DO,DO,BUY,THROW,THE,A,for,to,-36.94548416137695,"[-3.6344843, -10.031581, -7.832222, -6.7868314, -0.7315951, -6.1925135, -1.736258]"
the physician bought him the tea .,a president kept a chocolate for you .,DO,PD,BUY,KEEP,THE,A,for,for,-52.88346481323242,"[-3.6362267, -9.3485985, -9.412835, -3.5206301, -10.809678, -7.4243746, -7.529, -1.2021236]"
the physician bought him the tea .,a president kept you a chocolate .,DO,DO,BUY,KEEP,THE,A,for,for,-50.62360763549805,"[-3.6362267, -9.3485985, -9.412835, -7.24496, -6.286294, -10.425718, -4.268975]"
the physician bought me the pie .,a parent brought a meal to us .,DO,PD,BUY,BRING,THE,A,for,to,-33.98725128173828,"[-3.6543941, -7.817645, -6.034083, -2.47558, -7.840927, -0.63114524, -4.2139506, -1.3195248]"
the physician bought me the pie .,a parent brought us a meal .,DO,DO,BUY,BRING,THE,A,for,to,-31.850440979003906,"[-3.6543941, -7.817645, -6.034083, -4.072772, -2.2474883, -6.5513926, -1.4726675]"
the physician bought the beer for him .,a buddy threw a box to you .,PD,PD,BUY,THROW,THE,A,for,to,-43.10491180419922,"[-3.5981278, -10.097594, -7.591528, -0.94925696, -6.7467394, -5.916454, -7.3537045, -0.85150933]"
the physician bought the beer for him .,a buddy threw you a box .,PD,DO,BUY,THROW,THE,A,for,to,-37.528465270996094,"[-3.5981278, -10.097594, -7.591528, -6.9643, -0.65125054, -6.225689, -2.3999734]"
the physician bought the beer for them .,a secretary sent a crystal to you .,PD,PD,BUY,SEND,THE,A,for,to,-42.84715270996094,"[-3.5897121, -10.116647, -6.2032886, -1.3866664, -10.556188, -2.8562422, -6.6509852, -1.4874241]"
the physician bought the beer for them .,a secretary sent you a crystal .,PD,DO,BUY,SEND,THE,A,for,to,-41.60493087768555,"[-3.5897121, -10.116647, -6.2032886, -7.5260983, -0.91465116, -9.283725, -3.9708085]"
the physician bought the chocolate for you .,a girl fed a chicken to us .,PD,PD,BUY,FEED,THE,A,for,to,-39.399627685546875,"[-3.5966334, -6.897251, -9.711462, -1.7649572, -3.9495258, -3.7550075, -7.1689644, -2.5558236]"
the physician bought the chocolate for you .,a girl fed us a chicken .,PD,DO,BUY,FEED,THE,A,for,to,-39.23225021362305,"[-3.5966334, -6.897251, -9.711462, -8.672637, -2.4669812, -5.4125667, -2.4747176]"
the physician bought the log for you .,a corporation designed a box for me .,PD,PD,BUY,DESIGN,THE,A,for,for,-44.923465728759766,"[-3.565466, -10.529822, -8.110509, -7.6162095, -7.136191, -1.8645041, -4.8093333, -1.2914321]"
the physician bought the log for you .,a corporation designed me a box .,PD,DO,BUY,DESIGN,THE,A,for,for,-45.03994369506836,"[-3.565466, -10.529822, -8.110509, -12.496148, -2.8251617, -6.217726, -1.29511]"
the physician bought the pie for me .,a parent brought a meal to us .,PD,PD,BUY,BRING,THE,A,for,to,-32.648414611816406,"[-3.5970569, -7.8043036, -6.1441593, -1.769673, -7.223235, -0.6687953, -4.0091248, -1.432065]"
the physician bought the pie for me .,a parent brought us a meal .,PD,DO,BUY,BRING,THE,A,for,to,-33.021812438964844,"[-3.5970569, -7.8043036, -6.1441593, -5.1382003, -1.8363825, -6.295429, -2.2062783]"
the physician bought the tea for him .,a president kept a chocolate for you .,PD,PD,BUY,KEEP,THE,A,for,for,-50.47235107421875,"[-3.5967484, -9.292432, -9.351934, -2.8699284, -10.317247, -6.516737, -7.315514, -1.2118126]"
the physician bought the tea for him .,a president kept you a chocolate .,PD,DO,BUY,KEEP,THE,A,for,for,-50.40155792236328,"[-3.5967484, -9.292432, -9.351934, -7.261544, -5.734335, -9.948939, -5.215628]"
the physician bought the tea for you .,a guest threw a pie to me .,PD,PD,BUY,THROW,THE,A,for,to,-41.32951736450195,"[-3.5669293, -7.5353575, -13.917795, -1.0182726, -7.15749, -4.0960164, -3.0672152, -0.97044104]"
the physician bought the tea for you .,a guest threw me a pie .,PD,DO,BUY,THROW,THE,A,for,to,-40.34318542480469,"[-3.5669293, -7.5353575, -13.917795, -5.0629826, -0.3877711, -8.5535755, -1.3187761]"
the physician bought them the beer .,a secretary sent a crystal to you .,DO,PD,BUY,SEND,THE,A,for,to,-43.67372512817383,"[-3.6453621, -10.069476, -5.988344, -1.564504, -10.594703, -4.010698, -6.474724, -1.3259143]"
the physician bought them the beer .,a secretary sent you a crystal .,DO,DO,BUY,SEND,THE,A,for,to,-40.461669921875,"[-3.6453621, -10.069476, -5.988344, -6.959391, -1.0914729, -8.945028, -3.7625983]"
the physician bought you the chocolate .,a girl fed a chicken to us .,DO,PD,BUY,FEED,THE,A,for,to,-39.761573791503906,"[-3.6162858, -6.923025, -9.686945, -1.8762851, -4.010657, -3.915938, -7.520545, -2.211892]"
the physician bought you the chocolate .,a girl fed us a chicken .,DO,DO,BUY,FEED,THE,A,for,to,-36.65492630004883,"[-3.6162858, -6.923025, -9.686945, -6.6829696, -2.7308006, -5.646559, -1.3683418]"
the physician bought you the log .,a corporation designed a box for me .,DO,PD,BUY,DESIGN,THE,A,for,for,-45.26291275024414,"[-3.6038992, -10.513707, -8.043044, -7.047821, -7.268432, -2.6873012, -4.7976155, -1.3010926]"
the physician bought you the log .,a corporation designed me a box .,DO,DO,BUY,DESIGN,THE,A,for,for,-43.745487213134766,"[-3.6038992, -10.513707, -8.043044, -11.30954, -3.3228269, -5.755078, -1.1973928]"
the physician bought you the tea .,a guest threw a pie to me .,DO,PD,BUY,THROW,THE,A,for,to,-41.351348876953125,"[-3.6109452, -7.5399294, -14.175087, -1.1866621, -7.096467, -4.055797, -2.8180354, -0.86842847]"
the physician bought you the tea .,a guest threw me a pie .,DO,DO,BUY,THROW,THE,A,for,to,-38.81675720214844,"[-3.6109452, -7.5399294, -14.175087, -3.6564527, -0.45461833, -8.527352, -0.8523748]"
the physician brought him the flower .,a child fed a meal to us .,DO,PD,BRING,FEED,THE,A,to,to,-42.309329986572266,"[-3.6263456, -5.857375, -9.382839, -1.9343182, -6.218069, -2.995979, -9.246375, -3.0480282]"
the physician brought him the flower .,a child fed us a meal .,DO,DO,BRING,FEED,THE,A,to,to,-36.5426025390625,"[-3.6263456, -5.857375, -9.382839, -8.973967, -2.4990592, -4.772477, -1.4305379]"
the physician brought him the guitar .,a chief saved a pot for you .,DO,PD,BRING,SAVE,THE,A,to,for,-51.79599380493164,"[-3.6213746, -8.936157, -15.072951, -2.0115278, -8.40197, -4.6899037, -7.7247915, -1.3373199]"
the physician brought him the guitar .,a chief saved you a pot .,DO,DO,BRING,SAVE,THE,A,to,for,-50.10505294799805,"[-3.6213746, -8.936157, -15.072951, -7.766012, -3.4839392, -8.139426, -3.0851915]"
the physician brought him the salad .,a mother found a chocolate for you .,DO,PD,BRING,FIND,THE,A,to,for,-43.479042053222656,"[-3.6729698, -5.843688, -5.251854, -1.5335766, -7.67512, -7.4127445, -10.064765, -2.0243237]"
the physician brought him the salad .,a mother found you a chocolate .,DO,DO,BRING,FIND,THE,A,to,for,-39.95416259765625,"[-3.6729698, -5.843688, -5.251854, -10.952421, -3.424861, -5.3320923, -5.4762783]"
the physician brought it the ball .,a woman took a cup to you .,DO,PD,BRING,TAKE,THE,A,to,to,-40.09580993652344,"[-3.582869, -4.038114, -6.229125, -1.707857, -8.393307, -4.6972575, -9.793333, -1.653947]"
the physician brought it the ball .,a woman took you a cup .,DO,DO,BRING,TAKE,THE,A,to,to,-40.99412155151367,"[-3.582869, -4.038114, -6.229125, -9.000799, -5.6250916, -8.475128, -4.0429935]"
the physician brought it the meal .,a candidate designed a coat for them .,DO,PD,BRING,DESIGN,THE,A,to,for,-44.89476013183594,"[-3.6318674, -8.541288, -10.4949875, -2.5871284, -8.773605, -1.9593465, -7.6207747, -1.2857636]"
the physician brought it the meal .,a candidate designed them a coat .,DO,DO,BRING,DESIGN,THE,A,to,for,-47.133079528808594,"[-3.6318674, -8.541288, -10.4949875, -7.742924, -6.157461, -7.9961996, -2.5683506]"
the physician brought me the candy .,a king showed a tea to it .,DO,PD,BRING,SHOW,THE,A,to,to,-47.67872619628906,"[-3.6357608, -9.740479, -8.507835, -3.4027195, -10.343885, -2.9678388, -8.2036295, -0.8765772]"
the physician brought me the candy .,a king showed it a tea .,DO,DO,BRING,SHOW,THE,A,to,to,-45.25887680053711,"[-3.6357608, -9.740479, -8.507835, -5.6630325, -5.227167, -11.11511, -1.3694905]"
the physician brought me the meal .,an adult made a motor for you .,DO,PD,BRING,MAKE,THE,A,to,for,-45.88666534423828,"[-5.6329594, -5.860153, -7.9068604, -1.4213109, -10.66926, -7.1124706, -6.3629265, -0.9207237]"
the physician brought me the meal .,an adult made you a motor .,DO,DO,BRING,MAKE,THE,A,to,for,-43.025596618652344,"[-5.6329594, -5.860153, -7.9068604, -7.056618, -2.0329561, -10.596209, -3.9398417]"
the physician brought me the meal .,a cop took an iron to him .,DO,PD,BRING,TAKE,THE,A,to,to,-42.933616638183594,"[-3.6417887, -8.56235, -4.769573, -4.15688, -9.00065, -6.1723194, -5.214875, -1.415178]"
the physician brought me the meal .,a cop took him an iron .,DO,DO,BRING,TAKE,THE,A,to,to,-42.8114013671875,"[-3.6417887, -8.56235, -4.769573, -2.7734046, -10.603951, -7.125471, -5.3348618]"
the physician brought the ball to it .,a woman took a cup to you .,PD,PD,BRING,TAKE,THE,A,to,to,-38.84636688232422,"[-3.552647, -4.0406075, -6.210731, -1.5281773, -8.225809, -4.013774, -9.940071, -1.33455]"
the physician brought the ball to it .,a woman took you a cup .,PD,DO,BRING,TAKE,THE,A,to,to,-41.83829116821289,"[-3.552647, -4.0406075, -6.210731, -9.002642, -6.1746154, -8.509383, -4.3476653]"
the physician brought the ball to us .,an actor bought a coffee for you .,PD,PD,BRING,BUY,THE,A,to,for,-39.913856506347656,"[-5.674224, -6.6065044, -8.773438, -0.7857845, -7.52763, -3.0156837, -6.5908484, -0.9397417]"
the physician brought the ball to us .,an actor bought you a coffee .,PD,DO,BRING,BUY,THE,A,to,for,-37.51567840576172,"[-5.674224, -6.6065044, -8.773438, -8.700913, -0.556961, -5.965065, -1.2385745]"
the physician brought the beer to them .,a chief drew a telephone for you .,PD,PD,BRING,DRAW,THE,A,to,for,-48.265262603759766,"[-3.5396488, -8.95317, -11.758548, -1.3162522, -7.9604654, -6.0967913, -7.7621036, -0.8782842]"
the physician brought the beer to them .,a chief drew you a telephone .,PD,DO,BRING,DRAW,THE,A,to,for,-48.74475860595703,"[-3.5396488, -8.95317, -11.758548, -10.025093, -2.9192448, -8.294988, -3.2540686]"
the physician brought the candy to me .,a king showed a tea to it .,PD,PD,BRING,SHOW,THE,A,to,to,-46.277366638183594,"[-3.5752985, -9.756031, -8.742911, -2.8320055, -10.105984, -1.8173523, -8.523067, -0.9247186]"
the physician brought the candy to me .,a king showed it a tea .,PD,DO,BRING,SHOW,THE,A,to,to,-44.544246673583984,"[-3.5752985, -9.756031, -8.742911, -5.2250757, -5.0765195, -10.376432, -1.7919774]"
the physician brought the candy to us .,a son found a computer for them .,PD,PD,BRING,FIND,THE,A,to,for,-39.47993469238281,"[-3.5589147, -8.297409, -5.136958, -1.8306813, -7.834997, -4.1377897, -7.1265383, -1.5566468]"
the physician brought the candy to us .,a son found them a computer .,PD,DO,BRING,FIND,THE,A,to,for,-42.207149505615234,"[-3.5589147, -8.297409, -5.136958, -8.139198, -4.7083216, -10.080843, -2.2855039]"
the physician brought the flower to him .,a child fed a meal to us .,PD,PD,BRING,FEED,THE,A,to,to,-40.8333740234375,"[-3.5705779, -5.802922, -9.59963, -1.7290471, -5.8604856, -2.326377, -9.208446, -2.735887]"
the physician brought the flower to him .,a child fed us a meal .,PD,DO,BRING,FEED,THE,A,to,to,-36.62046813964844,"[-3.5705779, -5.802922, -9.59963, -9.816592, -2.1505702, -4.2100267, -1.470149]"
the physician brought the guitar to him .,a chief saved a pot for you .,PD,PD,BRING,SAVE,THE,A,to,for,-50.88134002685547,"[-3.5613337, -8.940939, -15.170254, -1.5609341, -8.417048, -4.324212, -7.6735487, -1.2330714]"
the physician brought the guitar to him .,a chief saved you a pot .,PD,DO,BRING,SAVE,THE,A,to,for,-50.572669982910156,"[-3.5613337, -8.940939, -15.170254, -8.02489, -4.113996, -7.905921, -2.855339]"
the physician brought the meal to it .,a candidate designed a coat for them .,PD,PD,BRING,DESIGN,THE,A,to,for,-46.15569305419922,"[-3.5972729, -8.499017, -10.917738, -3.8626974, -8.839927, -2.038866, -7.323638, -1.0765386]"
the physician brought the meal to it .,a candidate designed them a coat .,PD,DO,BRING,DESIGN,THE,A,to,for,-49.52955627441406,"[-3.5972729, -8.499017, -10.917738, -8.738794, -6.5441117, -8.455726, -2.7768993]"
the physician brought the meal to me .,an adult made a motor for you .,PD,PD,BRING,MAKE,THE,A,to,for,-45.04719543457031,"[-5.6053715, -5.8616543, -7.77434, -1.3872559, -11.254155, -6.098098, -6.3116703, -0.75465035]"
the physician brought the meal to me .,an adult made you a motor .,PD,DO,BRING,MAKE,THE,A,to,for,-43.09492492675781,"[-5.6053715, -5.8616543, -7.77434, -7.582858, -1.9191525, -11.066794, -3.2847552]"
the physician brought the meal to me .,a cop took an iron to him .,PD,PD,BRING,TAKE,THE,A,to,to,-41.239013671875,"[-3.5681372, -8.6383915, -4.91026, -4.0218463, -8.619239, -5.7315607, -4.7954473, -0.9541354]"
the physician brought the meal to me .,a cop took him an iron .,PD,DO,BRING,TAKE,THE,A,to,to,-42.52302932739258,"[-3.5681372, -8.6383915, -4.91026, -3.27043, -10.277027, -6.9358163, -4.922966]"
the physician brought the meal to you .,a mayor sent a chocolate to us .,PD,PD,BRING,SEND,THE,A,to,to,-44.72502136230469,"[-3.551011, -10.357138, -7.6185617, -0.9605424, -9.782317, -4.9926815, -5.8920684, -1.5707009]"
the physician brought the meal to you .,a mayor sent us a chocolate .,PD,DO,BRING,SEND,THE,A,to,to,-43.11558532714844,"[-3.551011, -10.357138, -7.6185617, -6.3876414, -0.8756515, -7.979862, -6.345722]"
the physician brought the salad to him .,a mother found a chocolate for you .,PD,PD,BRING,FIND,THE,A,to,for,-43.417198181152344,"[-3.605988, -5.9675655, -5.278426, -1.8457437, -7.01737, -7.173505, -10.458965, -2.0696344]"
the physician brought the salad to him .,a mother found you a chocolate .,PD,DO,BRING,FIND,THE,A,to,for,-41.06296157836914,"[-3.605988, -5.9675655, -5.278426, -11.011736, -3.6964424, -5.697824, -5.804981]"
the physician brought the salad to us .,a club designed a hat for you .,PD,PD,BRING,DESIGN,THE,A,to,for,-44.86994934082031,"[-3.578559, -8.99943, -7.755974, -8.137955, -7.093992, -1.8793874, -6.3398256, -1.0848306]"
the physician brought the salad to us .,a club designed you a hat .,PD,DO,BRING,DESIGN,THE,A,to,for,-45.885963439941406,"[-3.578559, -8.99943, -7.755974, -11.514586, -5.3984275, -7.3872256, -1.2517585]"
the physician brought the tea to them .,a princess took an iron to me .,PD,PD,BRING,TAKE,THE,A,to,to,-41.35902404785156,"[-3.5471144, -10.515496, -5.936247, -4.0168877, -4.756672, -5.214963, -6.6464868, -0.72515494]"
the physician brought the tea to them .,a princess took me an iron .,PD,DO,BRING,TAKE,THE,A,to,to,-44.494327545166016,"[-3.5471144, -10.515496, -5.936247, -4.9117527, -8.719984, -6.8836203, -3.9801128]"
the physician brought them the beer .,a chief drew a telephone for you .,DO,PD,BRING,DRAW,THE,A,to,for,-48.58379364013672,"[-3.5982876, -8.961978, -11.658658, -1.4509828, -7.560622, -6.52716, -8.028457, -0.7976463]"
the physician brought them the beer .,a chief drew you a telephone .,DO,DO,BRING,DRAW,THE,A,to,for,-47.66577911376953,"[-3.5982876, -8.961978, -11.658658, -9.69721, -2.5067592, -8.454651, -2.7882307]"
the physician brought them the tea .,a princess took an iron to me .,DO,PD,BRING,TAKE,THE,A,to,to,-42.400665283203125,"[-3.60497, -10.445353, -5.827173, -4.1571712, -5.036769, -5.625615, -6.957365, -0.74625015]"
the physician brought them the tea .,a princess took me an iron .,DO,DO,BRING,TAKE,THE,A,to,to,-41.078556060791016,"[-3.60497, -10.445353, -5.827173, -3.806242, -7.5568986, -6.5475664, -3.2903512]"
the physician brought us the ball .,an actor bought a coffee for you .,DO,PD,BRING,BUY,THE,A,to,for,-40.687042236328125,"[-5.655704, -6.6144314, -8.5456, -0.81576633, -7.602252, -3.1566026, -7.2806463, -1.016041]"
the physician brought us the ball .,an actor bought you a coffee .,DO,DO,BRING,BUY,THE,A,to,for,-36.81739807128906,"[-5.655704, -6.6144314, -8.5456, -7.8643503, -0.55761874, -6.4701023, -1.1095932]"
the physician brought us the candy .,a son found a computer for them .,DO,PD,BRING,FIND,THE,A,to,for,-39.94586944580078,"[-3.6070457, -8.28451, -4.923723, -2.1395493, -7.7486362, -4.486476, -7.3040867, -1.4518393]"
the physician brought us the candy .,a son found them a computer .,DO,DO,BRING,FIND,THE,A,to,for,-41.602779388427734,"[-3.6070457, -8.28451, -4.923723, -8.007978, -4.7129035, -10.224925, -1.8416948]"
the physician brought us the salad .,a club designed a hat for you .,DO,PD,BRING,DESIGN,THE,A,to,for,-44.80462646484375,"[-3.618267, -8.989603, -7.776016, -8.236713, -7.4102507, -1.910724, -5.9657545, -0.8972978]"
the physician brought us the salad .,a club designed you a hat .,DO,DO,BRING,DESIGN,THE,A,to,for,-46.028785705566406,"[-3.618267, -8.989603, -7.776016, -11.341469, -6.1804333, -7.219702, -0.9032964]"
the physician brought you the meal .,a mayor sent a chocolate to us .,DO,PD,BRING,SEND,THE,A,to,to,-47.00910568237305,"[-3.5743685, -10.401758, -7.394772, -1.0488553, -9.971438, -5.5733185, -7.1684604, -1.8761337]"
the physician brought you the meal .,a mayor sent us a chocolate .,DO,DO,BRING,SEND,THE,A,to,to,-41.194705963134766,"[-3.5743685, -10.401758, -7.394772, -5.3954873, -0.76334083, -7.9039917, -5.760987]"
the physician caught her the ball .,an actor bought a coffee for you .,DO,PD,CATCH,BUY,THE,A,for,for,-41.27648162841797,"[-5.633004, -6.6601267, -9.062024, -0.6866455, -7.241344, -2.9941373, -8.01198, -0.98721755]"
the physician caught her the ball .,an actor bought you a coffee .,DO,DO,CATCH,BUY,THE,A,for,for,-37.97527313232422,"[-5.633004, -6.6601267, -9.062024, -9.103258, -0.5883213, -5.826459, -1.1020787]"
the physician caught her the bell .,a doctor threw a wire to me .,DO,PD,CATCH,THROW,THE,A,for,to,-40.800811767578125,"[-3.542633, -6.1668983, -7.058238, -0.8183856, -10.751866, -3.5212533, -7.3115835, -1.6299535]"
the physician caught her the bell .,a doctor threw me a wire .,DO,DO,CATCH,THROW,THE,A,for,to,-39.20918273925781,"[-3.542633, -6.1668983, -7.058238, -6.6285777, -1.0005162, -13.777592, -1.0347257]"
the physician caught her the guitar .,a winner drew a computer for us .,DO,PD,CATCH,DRAW,THE,A,for,for,-46.28905487060547,"[-3.560247, -10.403662, -10.148777, -1.5068656, -9.224319, -4.1701703, -6.057519, -1.217492]"
the physician caught her the guitar .,a winner drew us a computer .,DO,DO,CATCH,DRAW,THE,A,for,for,-43.4859733581543,"[-3.560247, -10.403662, -10.148777, -7.859435, -1.3375394, -8.813703, -1.3626096]"
the physician caught it the ball .,a professor made a television for him .,DO,PD,CATCH,MAKE,THE,A,for,for,-42.00743865966797,"[-3.5523438, -7.11517, -7.6765184, -1.3343148, -7.9297805, -6.9811068, -5.6484303, -1.7697718]"
the physician caught it the ball .,a professor made him a television .,DO,DO,CATCH,MAKE,THE,A,for,for,-39.018314361572266,"[-3.5523438, -7.11517, -7.6765184, -6.6397805, -1.7552185, -8.63492, -3.644364]"
the physician caught me the ball .,an actress purchased an instrument for you .,DO,PD,CATCH,PURCHASE,THE,A,for,for,-43.43080139160156,"[-5.6590033, -7.4638166, -9.782449, -2.7797155, -6.9180884, -1.637174, -7.9048324, -1.285724]"
the physician caught me the ball .,an actress purchased you an instrument .,DO,DO,CATCH,PURCHASE,THE,A,for,for,-44.30952453613281,"[-5.6590033, -7.4638166, -9.782449, -9.109737, -2.973055, -7.597228, -1.724236]"
the physician caught me the cigarette .,a club designed a hat for you .,DO,PD,CATCH,DESIGN,THE,A,for,for,-43.55652618408203,"[-3.6150966, -8.898819, -8.10961, -6.697361, -7.380429, -2.1621494, -5.538965, -1.1540972]"
the physician caught me the cigarette .,a club designed you a hat .,DO,DO,CATCH,DESIGN,THE,A,for,for,-42.70521545410156,"[-3.6150966, -8.898819, -8.10961, -10.382956, -3.95385, -6.5986586, -1.146227]"
the physician caught me the wire .,a friend found a tea for him .,DO,PD,CATCH,FIND,THE,A,for,for,-39.07854461669922,"[-3.5752695, -6.3199024, -6.816025, -1.5220419, -9.065776, -5.6397924, -4.474962, -1.6647747]"
the physician caught me the wire .,a friend found him a tea .,DO,DO,CATCH,FIND,THE,A,for,for,-34.02020263671875,"[-3.5752695, -6.3199024, -6.816025, -4.092406, -2.130437, -8.620718, -2.4654446]"
the physician caught the ball for her .,an actor bought a coffee for you .,PD,PD,CATCH,BUY,THE,A,for,for,-40.75364303588867,"[-5.6828218, -6.7384834, -8.978274, -0.743507, -7.5256624, -2.6729813, -7.40446, -1.0074531]"
the physician caught the ball for her .,an actor bought you a coffee .,PD,DO,CATCH,BUY,THE,A,for,for,-38.591796875,"[-5.6828218, -6.7384834, -8.978274, -9.205503, -0.6282681, -5.9886537, -1.369794]"
the physician caught the ball for it .,a professor made a television for him .,PD,PD,CATCH,MAKE,THE,A,for,for,-40.188175201416016,"[-3.5540671, -7.1767483, -7.6083717, -1.2811655, -7.9528832, -6.910427, -4.5627775, -1.1417346]"
the physician caught the ball for it .,a professor made him a television .,PD,DO,CATCH,MAKE,THE,A,for,for,-40.018394470214844,"[-3.5540671, -7.1767483, -7.6083717, -6.550694, -1.5723522, -8.798067, -4.758093]"
the physician caught the ball for me .,an actress purchased an instrument for you .,PD,PD,CATCH,PURCHASE,THE,A,for,for,-41.85582733154297,"[-5.6785088, -7.4369106, -9.63658, -2.7680616, -6.738542, -1.3553984, -7.222322, -1.019505]"
the physician caught the ball for me .,an actress purchased you an instrument .,PD,DO,CATCH,PURCHASE,THE,A,for,for,-44.991485595703125,"[-5.6785088, -7.4369106, -9.63658, -9.672886, -3.0047765, -7.618584, -1.9432395]"
the physician caught the bell for her .,a doctor threw a wire to me .,PD,PD,CATCH,THROW,THE,A,for,to,-39.713233947753906,"[-3.566219, -6.3425484, -7.0855274, -0.73967236, -10.354042, -3.5903053, -6.6916943, -1.343227]"
the physician caught the bell for her .,a doctor threw me a wire .,PD,DO,CATCH,THROW,THE,A,for,to,-39.049774169921875,"[-3.566219, -6.3425484, -7.0855274, -6.3404202, -0.8665847, -13.347336, -1.5011375]"
the physician caught the bell for them .,a husband found a card for it .,PD,PD,CATCH,FIND,THE,A,for,for,-40.53703308105469,"[-3.5546317, -8.357323, -5.7120414, -1.5686691, -9.5888405, -3.3305635, -6.681101, -1.7438629]"
the physician caught the bell for them .,a husband found it a card .,PD,DO,CATCH,FIND,THE,A,for,for,-41.865535736083984,"[-3.5546317, -8.357323, -5.7120414, -4.1788588, -4.4216433, -12.550769, -3.0902696]"
the physician caught the card for us .,a pilot supplied a beer to you .,PD,PD,CATCH,SUPPLY,THE,A,for,to,-41.63592529296875,"[-3.5375767, -7.566807, -10.892405, -2.256126, -7.9313707, -1.1411042, -6.9952726, -1.3152627]"
the physician caught the card for us .,a pilot supplied you a beer .,PD,DO,CATCH,SUPPLY,THE,A,for,to,-44.502838134765625,"[-3.5375767, -7.566807, -10.892405, -7.326965, -5.641647, -7.098275, -2.4391625]"
the physician caught the card for you .,a bishop delivered a juice for me .,PD,PD,CATCH,DELIVER,THE,A,for,for,-46.23006820678711,"[-3.516265, -9.4299755, -9.427858, -0.64891034, -14.266167, -2.8305645, -4.9722104, -1.1381171]"
the physician caught the card for you .,a bishop delivered me a juice .,PD,DO,CATCH,DELIVER,THE,A,for,for,-45.87831497192383,"[-3.516265, -9.4299755, -9.427858, -7.5638657, -0.6927304, -11.873262, -3.3743565]"
the physician caught the card for you .,a cop promised a salad to it .,PD,PD,CATCH,PROMISE,THE,A,for,to,-46.93170166015625,"[-3.516265, -8.544327, -10.839825, -2.0066633, -10.263012, -2.584279, -8.150678, -1.0266551]"
the physician caught the card for you .,a cop promised it a salad .,PD,DO,CATCH,PROMISE,THE,A,for,to,-44.97248077392578,"[-3.516265, -8.544327, -10.839825, -5.600379, -5.7800083, -9.137331, -1.5543448]"
the physician caught the cigarette for me .,a club designed a hat for you .,PD,PD,CATCH,DESIGN,THE,A,for,for,-42.37589645385742,"[-3.5728168, -8.918711, -7.85493, -6.903441, -7.1058187, -1.734274, -5.287669, -0.99823534]"
the physician caught the cigarette for me .,a club designed you a hat .,PD,DO,CATCH,DESIGN,THE,A,for,for,-44.09429931640625,"[-3.5728168, -8.918711, -7.85493, -10.791428, -4.9109745, -6.6377487, -1.4076887]"
the physician caught the cigarette for us .,an actress sent a beer to them .,PD,PD,CATCH,SEND,THE,A,for,to,-42.752403259277344,"[-5.6627336, -7.4609766, -7.8165483, -1.1936109, -10.160004, -1.5657424, -7.453091, -1.4396948]"
the physician caught the cigarette for us .,an actress sent them a beer .,PD,DO,CATCH,SEND,THE,A,for,to,-40.55772399902344,"[-5.6627336, -7.4609766, -7.8165483, -7.7241716, -0.98470443, -8.777107, -2.131484]"
the physician caught the guitar for her .,a winner drew a computer for us .,PD,PD,CATCH,DRAW,THE,A,for,for,-43.86100769042969,"[-3.559541, -10.256765, -10.385709, -1.6432066, -8.886213, -3.29984, -4.73649, -1.0932437]"
the physician caught the guitar for her .,a winner drew us a computer .,PD,DO,CATCH,DRAW,THE,A,for,for,-45.20160675048828,"[-3.559541, -10.256765, -10.385709, -7.4241133, -1.8889216, -9.438459, -2.2480955]"
the physician caught the guitar for them .,an adult took a book to him .,PD,PD,CATCH,TAKE,THE,A,for,to,-38.55926513671875,"[-5.6418304, -5.9017878, -8.003567, -1.8494316, -8.266657, -2.4348104, -4.6736217, -1.7875568]"
the physician caught the guitar for them .,an adult took him a book .,PD,DO,CATCH,TAKE,THE,A,for,to,-41.15190124511719,"[-5.6418304, -5.9017878, -8.003567, -4.9415765, -5.750794, -8.191369, -2.7209778]"
the physician caught the guitar for us .,a child saved a juice for me .,PD,PD,CATCH,SAVE,THE,A,for,for,-44.82097244262695,"[-3.557891, -6.456128, -9.0986395, -1.9096495, -13.706743, -5.4688683, -3.6914296, -0.9316237]"
the physician caught the guitar for us .,a child saved me a juice .,PD,DO,CATCH,SAVE,THE,A,for,for,-44.89995574951172,"[-3.557891, -6.456128, -9.0986395, -6.693897, -3.7109752, -12.332636, -3.0497868]"
the physician caught the guitar for you .,an employee purchased a cheese for us .,PD,PD,CATCH,PURCHASE,THE,A,for,for,-39.89347839355469,"[-5.6373963, -4.756955, -9.839538, -0.7919822, -9.466803, -3.7335742, -4.378166, -1.2890624]"
the physician caught the guitar for you .,an employee purchased us a cheese .,PD,DO,CATCH,PURCHASE,THE,A,for,for,-42.975868225097656,"[-5.6373963, -4.756955, -9.839538, -9.441994, -0.8488379, -8.436651, -4.0144978]"
the physician caught the guitar for you .,a secretary promised a meal to me .,PD,PD,CATCH,PROMISE,THE,A,for,to,-47.8165283203125,"[-3.5423017, -10.624331, -10.086747, -2.3107781, -9.334843, -3.0260062, -6.505963, -2.3855584]"
the physician caught the guitar for you .,a secretary promised me a meal .,PD,DO,CATCH,PROMISE,THE,A,for,to,-42.89817810058594,"[-3.5423017, -10.624331, -10.086747, -7.3415923, -1.6621871, -6.79501, -2.8460085]"
the physician caught the newspaper for us .,a princess designed a jacket for me .,PD,PD,CATCH,DESIGN,THE,A,for,for,-38.763450622558594,"[-3.5746224, -10.870054, -8.899488, -1.9613227, -7.891797, -1.4228528, -3.3972173, -0.7460954]"
the physician caught the newspaper for us .,a princess designed me a jacket .,PD,DO,CATCH,DESIGN,THE,A,for,for,-41.284156799316406,"[-3.5746224, -10.870054, -8.899488, -7.0484114, -1.6931536, -7.9979405, -1.2004881]"
the physician caught the wire for me .,a friend found a tea for him .,PD,PD,CATCH,FIND,THE,A,for,for,-37.474510192871094,"[-3.5736873, -6.294623, -6.8241506, -1.2592387, -9.17464, -4.734887, -4.4663796, -1.1469054]"
the physician caught the wire for me .,a friend found him a tea .,PD,DO,CATCH,FIND,THE,A,for,for,-36.51860809326172,"[-3.5736873, -6.294623, -6.8241506, -4.2250133, -3.6692595, -9.222551, -2.7093258]"
the physician caught the wire for them .,a partner fed a cheese to me .,PD,PD,CATCH,FEED,THE,A,for,to,-45.87876892089844,"[-3.5603142, -9.4501915, -13.210305, -1.8420426, -8.478121, -2.8064454, -5.055314, -1.4760357]"
the physician caught the wire for them .,a partner fed me a cheese .,PD,DO,CATCH,FEED,THE,A,for,to,-42.3639030456543,"[-3.5603142, -9.4501915, -13.210305, -3.7734122, -1.379704, -7.2961407, -3.6938348]"
the physician caught them the bell .,a husband found a card for it .,DO,PD,CATCH,FIND,THE,A,for,for,-40.86738586425781,"[-3.5710819, -8.336674, -5.2674046, -1.5190812, -10.011559, -4.0061417, -6.342482, -1.8129637]"
the physician caught them the bell .,a husband found it a card .,DO,DO,CATCH,FIND,THE,A,for,for,-38.724273681640625,"[-3.5710819, -8.336674, -5.2674046, -3.709815, -3.3906074, -12.438174, -2.0105166]"
the physician caught them the guitar .,an adult took a book to him .,DO,PD,CATCH,TAKE,THE,A,for,to,-38.05193328857422,"[-5.650342, -5.9350777, -8.014181, -1.8461763, -7.840786, -2.3594625, -4.901377, -1.5045319]"
the physician caught them the guitar .,an adult took him a book .,DO,DO,CATCH,TAKE,THE,A,for,to,-33.098941802978516,"[-5.650342, -5.9350777, -8.014181, -3.9057426, -2.4241939, -5.8612976, -1.3081062]"
the physician caught them the wire .,a partner fed a cheese to me .,DO,PD,CATCH,FEED,THE,A,for,to,-47.34991455078125,"[-3.5771632, -9.439871, -13.013376, -2.0975652, -8.754932, -2.9092689, -5.84212, -1.715619]"
the physician caught them the wire .,a partner fed me a cheese .,DO,DO,CATCH,FEED,THE,A,for,to,-41.424503326416016,"[-3.5771632, -9.439871, -13.013376, -3.6365294, -1.4708247, -7.206085, -3.0806534]"
the physician caught us the card .,a pilot supplied a beer to you .,DO,PD,CATCH,SUPPLY,THE,A,for,to,-42.369239807128906,"[-3.565308, -7.5633025, -10.936032, -2.4860387, -7.851667, -1.0221894, -7.522137, -1.4225659]"
the physician caught us the card .,a pilot supplied you a beer .,DO,DO,CATCH,SUPPLY,THE,A,for,to,-43.333892822265625,"[-3.565308, -7.5633025, -10.936032, -7.082291, -4.788299, -7.324544, -2.0741138]"
the physician caught us the cigarette .,an actress sent a beer to them .,DO,PD,CATCH,SEND,THE,A,for,to,-43.096710205078125,"[-5.6720495, -7.429374, -8.069015, -1.3674202, -10.161114, -1.0960633, -7.890829, -1.4108486]"
the physician caught us the cigarette .,an actress sent them a beer .,DO,DO,CATCH,SEND,THE,A,for,to,-39.1424560546875,"[-5.6720495, -7.429374, -8.069015, -7.666053, -0.88200694, -8.115414, -1.3085412]"
the physician caught us the guitar .,a child saved a juice for me .,DO,PD,CATCH,SAVE,THE,A,for,for,-47.880767822265625,"[-3.5714498, -6.381154, -9.149465, -2.1318662, -14.123487, -6.2224464, -5.0377836, -1.2631137]"
the physician caught us the guitar .,a child saved me a juice .,DO,DO,CATCH,SAVE,THE,A,for,for,-39.401756286621094,"[-3.5714498, -6.381154, -9.149465, -5.059559, -2.1709952, -11.051517, -2.0176148]"
the physician caught us the newspaper .,a princess designed a jacket for me .,DO,PD,CATCH,DESIGN,THE,A,for,for,-39.7337646484375,"[-3.5956364, -10.805241, -8.899678, -1.7545569, -7.8533363, -1.9346169, -4.0138736, -0.876828]"
the physician caught us the newspaper .,a princess designed me a jacket .,DO,DO,CATCH,DESIGN,THE,A,for,for,-39.26204299926758,"[-3.5956364, -10.805241, -8.899678, -6.2677774, -1.2243166, -7.6818256, -0.7875695]"
the physician caught you the card .,a bishop delivered a juice for me .,DO,PD,CATCH,DELIVER,THE,A,for,for,-48.834842681884766,"[-3.539294, -9.3130245, -9.7208605, -0.6522652, -14.683198, -3.6767378, -5.7240634, -1.5253978]"
the physician caught you the card .,a bishop delivered me a juice .,DO,DO,CATCH,DELIVER,THE,A,for,for,-46.149078369140625,"[-3.539294, -9.3130245, -9.7208605, -7.372007, -0.7798303, -12.702119, -2.721942]"
the physician caught you the card .,a cop promised a salad to it .,DO,PD,CATCH,PROMISE,THE,A,for,to,-47.09251022338867,"[-3.539294, -8.522038, -10.676606, -2.0091577, -10.048122, -2.6486838, -8.447974, -1.200632]"
the physician caught you the card .,a cop promised it a salad .,DO,DO,CATCH,PROMISE,THE,A,for,to,-44.61766052246094,"[-3.539294, -8.522038, -10.676606, -5.935385, -5.4103155, -9.143278, -1.3907422]"
the physician caught you the guitar .,an employee purchased a cheese for us .,DO,PD,CATCH,PURCHASE,THE,A,for,for,-44.146568298339844,"[-5.6510606, -4.7388315, -10.199425, -0.7324285, -9.531731, -4.3702726, -7.1184196, -1.804399]"
the physician caught you the guitar .,an employee purchased us a cheese .,DO,DO,CATCH,PURCHASE,THE,A,for,for,-42.646549224853516,"[-5.6510606, -4.7388315, -10.199425, -9.506405, -0.779846, -8.561989, -3.2089925]"
the physician caught you the guitar .,a secretary promised a meal to me .,DO,PD,CATCH,PROMISE,THE,A,for,to,-49.27831268310547,"[-3.5320535, -10.619731, -10.081696, -2.2735825, -9.94295, -2.6802692, -7.5400105, -2.6080165]"
the physician caught you the guitar .,a secretary promised me a meal .,DO,DO,CATCH,PROMISE,THE,A,for,to,-43.047603607177734,"[-3.5320535, -10.619731, -10.081696, -7.840045, -1.3697017, -7.1545105, -2.4498646]"
the physician delivered him the bag .,a singer showed a cheese to us .,DO,PD,DELIVER,SHOW,THE,A,for,to,-53.428123474121094,"[-3.6749892, -10.119727, -8.288626, -3.606276, -11.839472, -5.5571795, -8.253252, -2.0886014]"
the physician delivered him the bag .,a singer showed us a cheese .,DO,DO,DELIVER,SHOW,THE,A,for,to,-46.2955322265625,"[-3.6749892, -10.119727, -8.288626, -5.518252, -2.022101, -11.445726, -5.2261114]"
the physician delivered him the beer .,a manager saved an anchor for me .,DO,PD,DELIVER,SAVE,THE,A,for,for,-45.55443572998047,"[-3.668894, -8.4373455, -10.462436, -4.343434, -7.483621, -3.6710608, -6.0857077, -1.4019351]"
the physician delivered him the beer .,a manager saved me an anchor .,DO,DO,DELIVER,SAVE,THE,A,for,for,-46.25790023803711,"[-3.668894, -8.4373455, -10.462436, -5.409057, -4.4171343, -11.347291, -2.515741]"
the physician delivered it the beer .,an aunt showed a tea to me .,DO,PD,DELIVER,SHOW,THE,A,for,to,-46.18977355957031,"[-5.6644154, -8.276499, -7.954133, -3.098433, -10.84816, -4.211999, -4.730152, -1.4059799]"
the physician delivered it the beer .,an aunt showed me a tea .,DO,DO,DELIVER,SHOW,THE,A,for,to,-37.077117919921875,"[-5.6644154, -8.276499, -7.954133, -1.4257227, -1.450398, -8.196289, -4.109662]"
the physician delivered me the meal .,a man brought a book to her .,DO,PD,DELIVER,BRING,THE,A,for,to,-31.181074142456055,"[-3.674784, -3.540005, -8.127515, -1.467997, -6.6662865, -0.67926747, -4.3554482, -2.669771]"
the physician delivered me the meal .,a man brought her a book .,DO,DO,DELIVER,BRING,THE,A,for,to,-32.248573303222656,"[-3.674784, -3.540005, -8.127515, -5.5783143, -2.3299584, -7.5048313, -1.4931641]"
the physician delivered me the meal .,a winner got a bag for it .,DO,PD,DELIVER,GET,THE,A,for,for,-42.757598876953125,"[-3.674784, -10.206942, -8.810375, -1.5904373, -6.6821895, -4.5892386, -6.328432, -0.8752036]"
the physician delivered me the meal .,a winner got it a bag .,DO,DO,DELIVER,GET,THE,A,for,for,-44.439453125,"[-3.674784, -10.206942, -8.810375, -4.4603477, -5.8705983, -8.781625, -2.634781]"
the physician delivered me the meal .,a soldier took a bowl to you .,DO,PD,DELIVER,TAKE,THE,A,for,to,-44.89302062988281,"[-3.674784, -7.51038, -6.237595, -2.0933316, -9.704712, -4.855135, -8.937428, -1.8796529]"
the physician delivered me the meal .,a soldier took you a bowl .,DO,DO,DELIVER,TAKE,THE,A,for,to,-44.64363098144531,"[-3.674784, -7.51038, -6.237595, -8.067622, -6.420506, -8.393332, -4.3394113]"
the physician delivered the bag for him .,a singer showed a cheese to us .,PD,PD,DELIVER,SHOW,THE,A,for,to,-52.31201934814453,"[-3.6014292, -10.080702, -8.288575, -3.473321, -11.613262, -5.5607624, -7.9939175, -1.7000518]"
the physician delivered the bag for him .,a singer showed us a cheese .,PD,DO,DELIVER,SHOW,THE,A,for,to,-46.600528717041016,"[-3.6014292, -10.080702, -8.288575, -5.802947, -1.8860676, -11.407975, -5.532831]"
the physician delivered the bag for you .,a colonel found a meal for me .,PD,PD,DELIVER,FIND,THE,A,for,for,-39.96434020996094,"[-3.5813615, -10.864175, -6.7402153, -1.920565, -8.49246, -2.1122608, -4.38319, -1.8701112]"
the physician delivered the bag for you .,a colonel found me a meal .,PD,DO,DELIVER,FIND,THE,A,for,for,-40.128028869628906,"[-3.5813615, -10.864175, -6.7402153, -7.3254848, -2.8511343, -6.1175547, -2.6481042]"
the physician delivered the bag for you .,a colonel kept a plate for them .,PD,PD,DELIVER,KEEP,THE,A,for,for,-41.21033477783203,"[-3.5813615, -10.864175, -7.9715652, -1.7605188, -6.6836147, -3.4772847, -5.722172, -1.1496425]"
the physician delivered the bag for you .,a colonel kept them a plate .,PD,DO,DELIVER,KEEP,THE,A,for,for,-47.280235290527344,"[-3.5813615, -10.864175, -7.9715652, -6.381445, -5.837327, -9.29079, -3.3535686]"
the physician delivered the bag for you .,a prince left a meal for him .,PD,PD,DELIVER,LEAVE,THE,A,for,for,-37.31846618652344,"[-3.5813615, -10.791923, -6.744667, -1.7835476, -7.8843455, -1.029839, -3.448512, -2.054271]"
the physician delivered the bag for you .,a prince left him a meal .,PD,DO,DELIVER,LEAVE,THE,A,for,for,-36.51310729980469,"[-3.5813615, -10.791923, -6.744667, -4.8545094, -1.8649162, -6.2437587, -2.4319744]"
the physician delivered the bag for you .,a teacher threw a beer to me .,PD,PD,DELIVER,THROW,THE,A,for,to,-35.27626037597656,"[-3.5813615, -7.225602, -7.0991306, -0.74115205, -5.627109, -4.354273, -5.077688, -1.56994]"
the physician delivered the bag for you .,a teacher threw me a beer .,PD,DO,DELIVER,THROW,THE,A,for,to,-33.09302520751953,"[-3.5813615, -7.225602, -7.0991306, -6.233042, -1.1147379, -5.903184, -1.935968]"
the physician delivered the beer for him .,a manager saved an anchor for me .,PD,PD,DELIVER,SAVE,THE,A,for,for,-44.224609375,"[-3.6016083, -8.402947, -10.764101, -4.12562, -7.624042, -2.6854024, -5.654401, -1.3664867]"
the physician delivered the beer for him .,a manager saved me an anchor .,PD,DO,DELIVER,SAVE,THE,A,for,for,-48.10017395019531,"[-3.6016083, -8.402947, -10.764101, -6.1182623, -4.4351177, -11.552056, -3.2260816]"
the physician delivered the beer for it .,an aunt showed a tea to me .,PD,PD,DELIVER,SHOW,THE,A,for,to,-46.66200256347656,"[-5.632964, -8.308048, -8.039606, -2.9599354, -10.714903, -4.742428, -4.3814163, -1.8827022]"
the physician delivered the beer for it .,an aunt showed me a tea .,PD,DO,DELIVER,SHOW,THE,A,for,to,-39.23125457763672,"[-5.632964, -8.308048, -8.039606, -1.6314843, -1.4303397, -8.401844, -5.786969]"
the physician delivered the beer for them .,a guest got a juice for you .,PD,PD,DELIVER,GET,THE,A,for,for,-43.92768859863281,"[-3.5780225, -7.6368046, -11.736998, -2.063441, -9.546031, -2.4307947, -5.7444363, -1.19116]"
the physician delivered the beer for them .,a guest got you a juice .,PD,DO,DELIVER,GET,THE,A,for,for,-42.29399871826172,"[-3.5780225, -7.6368046, -11.736998, -5.3624477, -2.3552494, -8.106154, -3.5183234]"
the physician delivered the beer for them .,a nurse sent a juice to you .,PD,PD,DELIVER,SEND,THE,A,for,to,-43.894596099853516,"[-3.5780225, -6.878727, -8.389907, -2.165485, -10.513397, -3.267329, -7.6200137, -1.4817159]"
the physician delivered the beer for them .,a nurse sent you a juice .,PD,DO,DELIVER,SEND,THE,A,for,to,-40.26639175415039,"[-3.5780225, -6.878727, -8.389907, -8.153166, -1.2891055, -8.002147, -3.9753184]"
the physician delivered the beer for them .,a buddy threw a candy to me .,PD,PD,DELIVER,THROW,THE,A,for,to,-39.5196533203125,"[-3.5780225, -10.403507, -7.513611, -0.905362, -7.1982164, -5.580594, -3.3095222, -1.0308208]"
the physician delivered the beer for them .,a buddy threw me a candy .,PD,DO,DELIVER,THROW,THE,A,for,to,-36.56240463256836,"[-3.5780225, -10.403507, -7.513611, -4.550954, -0.53804255, -6.5961533, -3.3821144]"
the physician delivered the beer for us .,a scientist found a cheese for me .,PD,PD,DELIVER,FIND,THE,A,for,for,-34.86924743652344,"[-3.5872838, -7.436242, -5.38247, -1.1410382, -9.066706, -4.3440247, -2.8622217, -1.049258]"
the physician delivered the beer for us .,a scientist found me a cheese .,PD,DO,DELIVER,FIND,THE,A,for,for,-36.79612731933594,"[-3.5872838, -7.436242, -5.38247, -7.8119974, -1.2120241, -7.454014, -3.912095]"
the physician delivered the meal for me .,a man brought a book to her .,PD,PD,DELIVER,BRING,THE,A,for,to,-31.454998016357422,"[-3.6238952, -3.6496532, -8.154301, -1.4134266, -6.3355756, -0.96625996, -4.6328697, -2.6790183]"
the physician delivered the meal for me .,a man brought her a book .,PD,DO,DELIVER,BRING,THE,A,for,to,-32.463531494140625,"[-3.6238952, -3.6496532, -8.154301, -5.906398, -2.156053, -6.865906, -2.1073275]"
the physician delivered the meal for me .,a winner got a bag for it .,PD,PD,DELIVER,GET,THE,A,for,for,-42.829078674316406,"[-3.6238952, -10.109142, -9.473773, -1.6314434, -6.5474596, -3.6897457, -6.717201, -1.0364183]"
the physician delivered the meal for me .,a winner got it a bag .,PD,DO,DELIVER,GET,THE,A,for,for,-44.252925872802734,"[-3.6238952, -10.109142, -9.473773, -4.2117734, -5.7353663, -8.143874, -2.9551008]"
the physician delivered the meal for me .,a soldier took a bowl to you .,PD,PD,DELIVER,TAKE,THE,A,for,to,-44.42793273925781,"[-3.6238952, -7.4133005, -6.3185186, -2.2045186, -9.502886, -5.134724, -8.629945, -1.6001432]"
the physician delivered the meal for me .,a soldier took you a bowl .,PD,DO,DELIVER,TAKE,THE,A,for,to,-45.64406967163086,"[-3.6238952, -7.4133005, -6.3185186, -8.308871, -6.541128, -8.505758, -4.932597]"
the physician delivered the meal for you .,a buddy kept a juice for him .,PD,PD,DELIVER,KEEP,THE,A,for,for,-47.39311218261719,"[-3.6183505, -10.214736, -8.401667, -2.468469, -11.940986, -5.332531, -4.030909, -1.3854673]"
the physician delivered the meal for you .,a buddy kept him a juice .,PD,DO,DELIVER,KEEP,THE,A,for,for,-47.661415100097656,"[-3.6183505, -10.214736, -8.401667, -4.477765, -5.2294025, -11.677933, -4.041561]"
the physician delivered them the beer .,a guest got a juice for you .,DO,PD,DELIVER,GET,THE,A,for,for,-45.83729553222656,"[-3.6535041, -7.587819, -11.730855, -2.3433454, -9.555618, -3.3221512, -6.480623, -1.1633785]"
the physician delivered them the beer .,a guest got you a juice .,DO,DO,DELIVER,GET,THE,A,for,for,-40.55828094482422,"[-3.6535041, -7.587819, -11.730855, -5.7660866, -2.1943216, -7.7827406, -1.8429554]"
the physician delivered them the beer .,a nurse sent a juice to you .,DO,PD,DELIVER,SEND,THE,A,for,to,-43.25048065185547,"[-3.6535041, -6.7819986, -8.515065, -2.3995252, -10.793378, -2.3891208, -7.5917935, -1.1260949]"
the physician delivered them the beer .,a nurse sent you a juice .,DO,DO,DELIVER,SEND,THE,A,for,to,-36.60023498535156,"[-3.6535041, -6.7819986, -8.515065, -6.866668, -1.5454468, -7.465131, -1.7724197]"
the physician delivered them the beer .,a buddy threw a candy to me .,DO,PD,DELIVER,THROW,THE,A,for,to,-38.530242919921875,"[-3.6535041, -10.343755, -7.244096, -1.1984079, -7.3625674, -5.2053986, -2.6992993, -0.8232172]"
the physician delivered them the beer .,a buddy threw me a candy .,DO,DO,DELIVER,THROW,THE,A,for,to,-34.144264221191406,"[-3.6535041, -10.343755, -7.244096, -3.5828207, -0.4453278, -6.818194, -2.0565653]"
the physician delivered us the beer .,a scientist found a cheese for me .,DO,PD,DELIVER,FIND,THE,A,for,for,-36.06672668457031,"[-3.6437306, -7.350271, -5.3198686, -1.2388703, -9.2908325, -5.5678205, -2.6599252, -0.9954095]"
the physician delivered us the beer .,a scientist found me a cheese .,DO,DO,DELIVER,FIND,THE,A,for,for,-32.76594924926758,"[-3.6437306, -7.350271, -5.3198686, -6.474673, -1.0041974, -7.2162285, -1.7569795]"
the physician delivered you the bag .,a colonel found a meal for me .,DO,PD,DELIVER,FIND,THE,A,for,for,-42.43810272216797,"[-3.6278794, -10.863631, -6.6568933, -1.7504276, -8.744742, -3.3825226, -5.1628404, -2.2491682]"
the physician delivered you the bag .,a colonel found me a meal .,DO,DO,DELIVER,FIND,THE,A,for,for,-38.27947235107422,"[-3.6278794, -10.863631, -6.6568933, -6.092853, -2.2899704, -6.6620727, -2.08617]"
the physician delivered you the bag .,a colonel kept a plate for them .,DO,PD,DELIVER,KEEP,THE,A,for,for,-43.312835693359375,"[-3.6278794, -10.863631, -7.721212, -2.0192657, -6.690732, -4.6669326, -6.3084803, -1.4147027]"
the physician delivered you the bag .,a colonel kept them a plate .,DO,DO,DELIVER,KEEP,THE,A,for,for,-45.605934143066406,"[-3.6278794, -10.863631, -7.721212, -6.2106576, -5.537888, -9.123943, -2.5207224]"
the physician delivered you the bag .,a prince left a meal for him .,DO,PD,DELIVER,LEAVE,THE,A,for,for,-38.93180465698242,"[-3.6278794, -10.812642, -6.581405, -1.81921, -7.9184356, -1.7077197, -4.2482896, -2.2162237]"
the physician delivered you the bag .,a prince left him a meal .,DO,DO,DELIVER,LEAVE,THE,A,for,for,-35.58790588378906,"[-3.6278794, -10.812642, -6.581405, -4.5306664, -1.6901166, -6.5610523, -1.7841398]"
the physician delivered you the bag .,a teacher threw a beer to me .,DO,PD,DELIVER,THROW,THE,A,for,to,-34.755043029785156,"[-3.6278794, -7.2553005, -6.877329, -0.81263614, -5.622772, -4.3660855, -4.672304, -1.5207341]"
the physician delivered you the bag .,a teacher threw me a beer .,DO,DO,DELIVER,THROW,THE,A,for,to,-30.754959106445312,"[-3.6278794, -7.2553005, -6.877329, -4.990308, -0.8492182, -5.70478, -1.450144]"
the physician delivered you the meal .,a buddy kept a juice for him .,DO,PD,DELIVER,KEEP,THE,A,for,for,-48.22398376464844,"[-3.6402435, -10.22712, -8.241438, -2.6214862, -12.323965, -6.225397, -3.528895, -1.4154348]"
the physician delivered you the meal .,a buddy kept him a juice .,DO,DO,DELIVER,KEEP,THE,A,for,for,-46.269371032714844,"[-3.6402435, -10.22712, -8.241438, -4.050074, -5.2565546, -11.549654, -3.3042846]"
the physician designed me the key .,a father got a pie for it .,DO,PD,DESIGN,GET,THE,A,for,for,-38.42218780517578,"[-3.607236, -6.899301, -6.390723, -1.6324095, -9.119156, -2.3404393, -7.7853837, -0.647541]"
the physician designed me the key .,a father got it a pie .,DO,DO,DESIGN,GET,THE,A,for,for,-41.23664474487305,"[-3.607236, -6.899301, -6.390723, -5.7686963, -6.2244964, -11.0990505, -1.2471422]"
the physician designed the key for me .,a father got a pie for it .,PD,PD,DESIGN,GET,THE,A,for,for,-38.4014892578125,"[-3.5204363, -6.894885, -6.646167, -1.3528057, -9.229861, -1.6496024, -8.4055195, -0.7022111]"
the physician designed the key for me .,a father got it a pie .,PD,DO,DESIGN,GET,THE,A,for,for,-41.44628143310547,"[-3.5204363, -6.894885, -6.646167, -5.7700553, -5.8682256, -11.11343, -1.6330831]"
the physician designed the key for us .,a lady fed a meal to it .,PD,PD,DESIGN,FEED,THE,A,for,to,-40.07429885864258,"[-3.5209062, -8.330163, -9.034617, -1.5215046, -7.3203206, -1.2296896, -7.906127, -1.210969]"
the physician designed the key for us .,a lady fed it a meal .,PD,DO,DESIGN,FEED,THE,A,for,to,-35.50383758544922,"[-3.5209062, -8.330163, -9.034617, -5.3518724, -2.5886483, -5.533107, -1.1445229]"
the physician designed the key for you .,a princess took a knife to him .,PD,PD,DESIGN,TAKE,THE,A,for,to,-37.57465362548828,"[-3.496135, -10.373869, -6.765131, -1.6493009, -5.452163, -0.8984926, -8.026385, -0.9131781]"
the physician designed the key for you .,a princess took him a knife .,PD,DO,DESIGN,TAKE,THE,A,for,to,-40.973915100097656,"[-3.496135, -10.373869, -6.765131, -5.2145133, -5.8615685, -7.519546, -1.7431535]"
the physician designed the key for you .,a lawyer fed a meal to him .,PD,PD,DESIGN,FEED,THE,A,for,to,-40.704166412353516,"[-3.496135, -6.8308, -12.686216, -2.0524552, -7.852102, -0.5322769, -5.4517612, -1.8024217]"
the physician designed the key for you .,a lawyer fed him a meal .,PD,DO,DESIGN,FEED,THE,A,for,to,-37.27131271362305,"[-3.496135, -6.8308, -12.686216, -5.7529793, -1.1430534, -5.8093424, -1.5527858]"
the physician designed us the key .,a lady fed a meal to it .,DO,PD,DESIGN,FEED,THE,A,for,to,-40.367218017578125,"[-3.5771046, -8.327789, -8.820368, -1.7698617, -7.3353434, -1.7020935, -7.550361, -1.2842956]"
the physician designed us the key .,a lady fed it a meal .,DO,DO,DESIGN,FEED,THE,A,for,to,-36.007869720458984,"[-3.5771046, -8.327789, -8.820368, -5.015098, -2.661219, -6.628872, -0.9774188]"
the physician designed you the key .,a princess took a knife to him .,DO,PD,DESIGN,TAKE,THE,A,for,to,-37.29692459106445,"[-3.5503035, -10.214855, -6.8400087, -1.7102236, -5.196947, -1.0579685, -7.7878776, -0.938739]"
the physician designed you the key .,a princess took him a knife .,DO,DO,DESIGN,TAKE,THE,A,for,to,-39.37144470214844,"[-3.5503035, -10.214855, -6.8400087, -5.073342, -5.3409166, -7.007819, -1.3442003]"
the physician designed you the key .,a lawyer fed a meal to him .,DO,PD,DESIGN,FEED,THE,A,for,to,-40.50083541870117,"[-3.5503035, -6.879754, -12.086676, -2.3134687, -7.249931, -0.878545, -5.669847, -1.8723098]"
the physician designed you the key .,a lawyer fed him a meal .,DO,DO,DESIGN,FEED,THE,A,for,to,-37.39712142944336,"[-3.5503035, -6.879754, -12.086676, -6.334525, -0.9965856, -6.362152, -1.1871238]"
the physician drew her the bottle .,a mayor saved a pie for him .,DO,PD,DRAW,SAVE,THE,A,for,for,-47.1966667175293,"[-3.6240072, -10.22784, -10.838803, -1.7904965, -10.747442, -2.7034216, -5.755813, -1.5088423]"
the physician drew her the bottle .,a mayor saved him a pie .,DO,DO,DRAW,SAVE,THE,A,for,for,-42.56272888183594,"[-3.6240072, -10.22784, -10.838803, -4.966849, -2.3193555, -9.269778, -1.3160932]"
the physician drew her the computer .,a lawyer kept a tea for you .,DO,PD,DRAW,KEEP,THE,A,for,for,-49.521568298339844,"[-3.5756006, -6.427041, -10.846698, -2.2014935, -10.810812, -6.1275654, -8.167203, -1.3651545]"
the physician drew her the computer .,a lawyer kept you a tea .,DO,DO,DRAW,KEEP,THE,A,for,for,-44.60301971435547,"[-3.5756006, -6.427041, -10.846698, -7.182887, -4.7566957, -9.679878, -2.1342182]"
the physician drew him the computer .,a colonel took a knife to me .,DO,PD,DRAW,TAKE,THE,A,for,to,-35.71013641357422,"[-3.6005812, -10.513954, -5.622466, -2.424231, -5.472432, -1.1756684, -5.6530566, -1.2477489]"
the physician drew him the computer .,a colonel took me a knife .,DO,DO,DRAW,TAKE,THE,A,for,to,-34.57250213623047,"[-3.6005812, -10.513954, -5.622466, -2.4946408, -3.044991, -7.9076986, -1.3881695]"
the physician drew it the log .,a father made a bell for me .,DO,PD,DRAW,MAKE,THE,A,for,for,-35.78728485107422,"[-3.5916572, -6.92304, -6.2198105, -1.1355541, -10.586983, -2.3817625, -3.8952723, -1.053205]"
the physician drew it the log .,a father made me a bell .,DO,DO,DRAW,MAKE,THE,A,for,for,-34.66742706298828,"[-3.5916572, -6.92304, -6.2198105, -5.2276583, -2.0988672, -9.775136, -0.83125883]"
the physician drew me the log .,a captain supplied a salad to you .,DO,PD,DRAW,SUPPLY,THE,A,for,to,-48.44464874267578,"[-3.6477468, -9.909663, -10.817276, -3.2560863, -10.208464, -1.9653807, -7.594771, -1.0452627]"
the physician drew me the log .,a captain supplied you a salad .,DO,DO,DRAW,SUPPLY,THE,A,for,to,-46.0304069519043,"[-3.6477468, -9.909663, -10.817276, -6.132882, -3.894459, -10.313849, -1.3145301]"
the physician drew the bottle for her .,a mayor saved a pie for him .,PD,PD,DRAW,SAVE,THE,A,for,for,-44.521297454833984,"[-3.5783665, -10.272638, -10.706811, -1.453571, -10.695171, -1.4785106, -4.7574496, -1.5787799]"
the physician drew the bottle for her .,a mayor saved him a pie .,PD,DO,DRAW,SAVE,THE,A,for,for,-43.75053405761719,"[-3.5783665, -10.272638, -10.706811, -4.4600406, -3.7348833, -9.177574, -1.8202212]"
the physician drew the computer for her .,a lawyer kept a tea for you .,PD,PD,DRAW,KEEP,THE,A,for,for,-47.86773681640625,"[-3.5258052, -6.506822, -10.882545, -1.6608251, -10.891991, -5.159383, -8.045618, -1.1947513]"
the physician drew the computer for her .,a lawyer kept you a tea .,PD,DO,DRAW,KEEP,THE,A,for,for,-44.349700927734375,"[-3.5258052, -6.506822, -10.882545, -6.7352824, -4.411685, -9.492775, -2.7947855]"
the physician drew the computer for him .,a colonel took a knife to me .,PD,PD,DRAW,TAKE,THE,A,for,to,-35.14986801147461,"[-3.526114, -10.664628, -5.658121, -1.6656812, -5.666817, -1.2943974, -5.504958, -1.1691492]"
the physician drew the computer for him .,a colonel took me a knife .,PD,DO,DRAW,TAKE,THE,A,for,to,-38.17753601074219,"[-3.526114, -10.664628, -5.658121, -2.8164525, -5.693286, -7.9880276, -1.8309062]"
the physician drew the log for it .,a father made a bell for me .,PD,PD,DRAW,MAKE,THE,A,for,for,-34.19355773925781,"[-3.5976188, -6.9411426, -6.2459745, -1.0535084, -10.530406, -1.4731838, -3.3228736, -1.0288479]"
the physician drew the log for it .,a father made me a bell .,PD,DO,DRAW,MAKE,THE,A,for,for,-35.51020431518555,"[-3.5976188, -6.9411426, -6.2459745, -5.385985, -2.0880134, -10.146249, -1.1052215]"
the physician drew the log for me .,a captain supplied a salad to you .,PD,PD,DRAW,SUPPLY,THE,A,for,to,-48.04534912109375,"[-3.5815647, -9.944817, -11.1136465, -3.0104635, -10.296822, -2.0471845, -7.2707663, -0.78008485]"
the physician drew the log for me .,a captain supplied you a salad .,PD,DO,DRAW,SUPPLY,THE,A,for,to,-46.79542541503906,"[-3.5815647, -9.944817, -11.1136465, -6.2677755, -4.7393737, -9.543782, -1.6044675]"
the physician drew the log for you .,a lady purchased a cheese for them .,PD,PD,DRAW,PURCHASE,THE,A,for,for,-43.771724700927734,"[-3.5745668, -8.341858, -10.07566, -0.91764593, -8.723773, -3.836556, -7.2426653, -1.0590014]"
the physician drew the log for you .,a lady purchased them a cheese .,PD,DO,DRAW,PURCHASE,THE,A,for,for,-50.776405334472656,"[-3.5745668, -8.341858, -10.07566, -7.0931163, -5.2513466, -11.986121, -4.453735]"
the physician drew you the log .,a lady purchased a cheese for them .,DO,PD,DRAW,PURCHASE,THE,A,for,for,-45.41891860961914,"[-3.6055899, -8.202922, -10.35475, -0.97038186, -8.993801, -4.3400745, -7.623514, -1.3278841]"
the physician drew you the log .,a lady purchased them a cheese .,DO,DO,DRAW,PURCHASE,THE,A,for,for,-47.90380096435547,"[-3.6055899, -8.202922, -10.35475, -6.649044, -4.941433, -10.113642, -4.0364184]"
the physician fed her the meal .,a buddy sold a cheese to us .,DO,PD,FEED,SELL,THE,A,to,to,-44.87091827392578,"[-3.6374996, -10.329836, -9.628595, -2.7004957, -9.13274, -3.2164152, -5.127123, -1.0982126]"
the physician fed her the meal .,a buddy sold us a cheese .,DO,DO,FEED,SELL,THE,A,to,to,-41.46392059326172,"[-3.6374996, -10.329836, -9.628595, -4.7633467, -1.2253954, -8.229032, -3.6502151]"
the physician fed him the meal .,a parent gave a tea to them .,DO,PD,FEED,GIVE,THE,A,to,to,-41.13195037841797,"[-3.6630676, -7.962238, -5.798506, -2.8177228, -10.395847, -0.860688, -8.289294, -1.3445872]"
the physician fed him the meal .,a parent gave them a tea .,DO,DO,FEED,GIVE,THE,A,to,to,-32.87864303588867,"[-3.6630676, -7.962238, -5.798506, -4.7669253, -1.2671577, -7.6105347, -1.8102144]"
the physician fed him the meal .,a reader gave a beer to you .,DO,PD,FEED,GIVE,THE,A,to,to,-40.48073959350586,"[-3.6630676, -6.9545503, -6.14476, -3.7090473, -10.856635, -1.183769, -7.1367927, -0.8321187]"
the physician fed him the meal .,a reader gave you a beer .,DO,DO,FEED,GIVE,THE,A,to,to,-36.80821228027344,"[-3.6630676, -6.9545503, -6.14476, -6.703459, -1.4276946, -9.701016, -2.213665]"
the physician fed him the pie .,a lawyer made an engine for them .,DO,PD,FEED,MAKE,THE,A,to,for,-40.069740295410156,"[-3.688335, -6.5834827, -7.2856727, -2.887442, -10.267526, -2.6464808, -5.8073034, -0.90350074]"
the physician fed him the pie .,a lawyer made them an engine .,DO,DO,FEED,MAKE,THE,A,to,for,-41.785186767578125,"[-3.688335, -6.5834827, -7.2856727, -7.065168, -4.9988756, -10.626185, -1.5374676]"
the physician fed it the cheese .,an actress bought a coffee for you .,DO,PD,FEED,BUY,THE,A,to,for,-39.483154296875,"[-5.6529083, -7.2408295, -7.496785, -0.99934036, -6.1534, -3.4639523, -7.498195, -0.9777448]"
the physician fed it the cheese .,an actress bought you a coffee .,DO,DO,FEED,BUY,THE,A,to,for,-35.215911865234375,"[-5.6529083, -7.2408295, -7.496785, -8.213971, -0.795223, -4.6153936, -1.2007995]"
the physician fed me the chocolate .,an opponent got an engine for her .,DO,PD,FEED,GET,THE,A,to,for,-47.41572952270508,"[-5.6529064, -8.611787, -9.539154, -4.4387035, -8.475139, -4.569477, -2.476777, -3.6517878]"
the physician fed me the chocolate .,an opponent got her an engine .,DO,DO,FEED,GET,THE,A,to,for,-47.01383972167969,"[-5.6529064, -8.611787, -9.539154, -4.0089693, -7.0350437, -10.209585, -1.9563929]"
the physician fed me the meal .,a wife supplied a juice to you .,DO,PD,FEED,SUPPLY,THE,A,to,to,-47.10966491699219,"[-3.6618407, -9.363012, -10.655431, -3.2861674, -9.110949, -1.945717, -7.9522657, -1.134283]"
the physician fed me the meal .,a wife supplied you a juice .,DO,DO,FEED,SUPPLY,THE,A,to,to,-46.25874328613281,"[-3.6618407, -9.363012, -10.655431, -6.95584, -4.655773, -8.3637705, -2.603078]"
the physician fed me the pie .,a buddy kept a juice for him .,DO,PD,FEED,KEEP,THE,A,to,for,-49.33647155761719,"[-3.6789484, -10.191044, -8.550946, -3.034843, -11.927761, -6.729765, -4.037685, -1.1854786]"
the physician fed me the pie .,a buddy kept him a juice .,DO,DO,FEED,KEEP,THE,A,to,for,-46.80860137939453,"[-3.6789484, -10.191044, -8.550946, -4.826343, -5.2538967, -11.831062, -2.4763598]"
the physician fed me the pie .,a chief designed a pot for him .,DO,PD,FEED,DESIGN,THE,A,to,for,-44.13471603393555,"[-3.6789484, -9.079453, -11.370155, -2.575996, -8.406227, -3.1379142, -4.6211653, -1.2648549]"
the physician fed me the pie .,a chief designed him a pot .,DO,DO,FEED,DESIGN,THE,A,to,for,-40.78448486328125,"[-3.6789484, -9.079453, -11.370155, -5.0084434, -3.0721827, -6.8698373, -1.7054634]"
the physician fed me the salad .,an actor delivered a cheese for you .,DO,PD,FEED,DELIVER,THE,A,to,for,-45.0998420715332,"[-5.6567116, -6.691431, -9.516734, -0.81146115, -9.940703, -4.6830816, -6.661597, -1.1381214]"
the physician fed me the salad .,an actor delivered you a cheese .,DO,DO,FEED,DELIVER,THE,A,to,for,-42.00312423706055,"[-5.6567116, -6.691431, -9.516734, -8.046254, -1.0130396, -7.936104, -3.1428475]"
the physician fed the cheese to it .,an actress bought a coffee for you .,PD,PD,FEED,BUY,THE,A,to,for,-38.830078125,"[-5.6680627, -7.381427, -7.62834, -0.8651675, -5.9574327, -3.1737137, -7.0277634, -1.1281705]"
the physician fed the cheese to it .,an actress bought you a coffee .,PD,DO,FEED,BUY,THE,A,to,for,-36.838417053222656,"[-5.6680627, -7.381427, -7.62834, -8.818119, -0.7860822, -4.7975073, -1.7588805]"
the physician fed the cheese to us .,a princess caught a coat for you .,PD,PD,FEED,CATCH,THE,A,to,for,-45.15576934814453,"[-3.6360826, -10.311017, -5.298524, -4.829795, -10.576723, -4.7829432, -4.6164722, -1.1042101]"
the physician fed the cheese to us .,a princess caught you a coat .,PD,DO,FEED,CATCH,THE,A,to,for,-44.22536849975586,"[-3.6360826, -10.311017, -5.298524, -7.9027004, -6.0302496, -8.977875, -2.0689216]"
the physician fed the chocolate to me .,an opponent got an engine for her .,PD,PD,FEED,GET,THE,A,to,for,-47.54554748535156,"[-5.647298, -8.588483, -10.058762, -4.230019, -8.546678, -4.205928, -2.522272, -3.7461119]"
the physician fed the chocolate to me .,an opponent got her an engine .,PD,DO,FEED,GET,THE,A,to,for,-48.05376434326172,"[-5.647298, -8.588483, -10.058762, -3.8587966, -7.568743, -10.073515, -2.258165]"
the physician fed the chocolate to them .,a woman took a cup to you .,PD,PD,FEED,TAKE,THE,A,to,to,-37.81044006347656,"[-3.6517768, -4.3590436, -6.819374, -1.5261228, -6.3897686, -4.304896, -9.214167, -1.5452925]"
the physician fed the chocolate to them .,a woman took you a cup .,PD,DO,FEED,TAKE,THE,A,to,to,-39.20038986206055,"[-3.6517768, -4.3590436, -6.819374, -8.642286, -5.865517, -5.3007, -4.561691]"
the physician fed the chocolate to us .,a girl purchased a log for them .,PD,PD,FEED,PURCHASE,THE,A,to,for,-42.43522644042969,"[-3.6347702, -7.147126, -10.272907, -1.0387424, -9.628382, -2.3055935, -6.5987535, -1.8089533]"
the physician fed the chocolate to us .,a girl purchased them a log .,PD,DO,FEED,PURCHASE,THE,A,to,for,-47.9024543762207,"[-3.6347702, -7.147126, -10.272907, -7.6156907, -5.6878552, -10.684091, -2.8600135]"
the physician fed the chocolate to you .,a soldier supplied a television to him .,PD,PD,FEED,SUPPLY,THE,A,to,to,-42.02003479003906,"[-3.6325984, -7.617714, -11.179293, -3.071292, -9.127595, -1.2417827, -4.673376, -1.4763846]"
the physician fed the chocolate to you .,a soldier supplied him a television .,PD,DO,FEED,SUPPLY,THE,A,to,to,-44.335052490234375,"[-3.6325984, -7.617714, -11.179293, -6.44436, -3.8645704, -9.850385, -1.746134]"
the physician fed the meal to her .,a buddy sold a cheese to us .,PD,PD,FEED,SELL,THE,A,to,to,-42.74871063232422,"[-3.6482818, -10.271464, -9.708481, -2.4096181, -8.749365, -2.5718534, -4.283105, -1.1065408]"
the physician fed the meal to her .,a buddy sold us a cheese .,PD,DO,FEED,SELL,THE,A,to,to,-41.248565673828125,"[-3.6482818, -10.271464, -9.708481, -4.4891367, -1.1956123, -8.117058, -3.818528]"
the physician fed the meal to him .,a parent gave a tea to them .,PD,PD,FEED,GIVE,THE,A,to,to,-36.17625045776367,"[-3.6475582, -7.9747314, -5.7484617, -2.5512867, -9.554137, -0.46636623, -5.3493214, -0.8843862]"
the physician fed the meal to him .,a parent gave them a tea .,PD,DO,FEED,GIVE,THE,A,to,to,-33.39070129394531,"[-3.6475582, -7.9747314, -5.7484617, -5.5323257, -1.1301053, -7.1272173, -2.2303033]"
the physician fed the meal to him .,a reader gave a beer to you .,PD,PD,FEED,GIVE,THE,A,to,to,-38.387123107910156,"[-3.6475582, -6.8763714, -6.132035, -3.255725, -10.574783, -0.8745618, -6.3591785, -0.6669094]"
the physician fed the meal to him .,a reader gave you a beer .,PD,DO,FEED,GIVE,THE,A,to,to,-36.473045349121094,"[-3.6475582, -6.8763714, -6.132035, -6.552086, -1.3385553, -9.430741, -2.495699]"
the physician fed the meal to me .,a wife supplied a juice to you .,PD,PD,FEED,SUPPLY,THE,A,to,to,-43.49155807495117,"[-3.6396804, -9.406481, -10.582313, -2.7365375, -8.08565, -1.3862208, -6.855389, -0.7992857]"
the physician fed the meal to me .,a wife supplied you a juice .,PD,DO,FEED,SUPPLY,THE,A,to,to,-45.04499053955078,"[-3.6396804, -9.406481, -10.582313, -6.837482, -3.9676752, -7.9617095, -2.64965]"
the physician fed the meal to them .,an opponent supplied a juice to you .,PD,PD,FEED,SUPPLY,THE,A,to,to,-44.411216735839844,"[-5.6486206, -8.401308, -11.746897, -2.2866058, -8.122818, -1.5992632, -6.056694, -0.5490105]"
the physician fed the meal to them .,an opponent supplied you a juice .,PD,DO,FEED,SUPPLY,THE,A,to,to,-46.36354064941406,"[-5.6486206, -8.401308, -11.746897, -6.1750603, -4.318496, -8.189868, -1.8832906]"
the physician fed the meal to you .,a cop bought a coffee for me .,PD,PD,FEED,BUY,THE,A,to,for,-34.34381866455078,"[-3.6411123, -8.747865, -7.947221, -1.2001936, -6.300577, -2.9066608, -2.4237125, -1.176477]"
the physician fed the meal to you .,a cop bought me a coffee .,PD,DO,FEED,BUY,THE,A,to,for,-30.761486053466797,"[-3.6411123, -8.747865, -7.947221, -3.824629, -0.67295855, -4.173111, -1.754589]"
the physician fed the pie to him .,a lawyer made an engine for them .,PD,PD,FEED,MAKE,THE,A,to,for,-40.35017776489258,"[-3.6705623, -6.7362375, -7.420791, -2.8146448, -10.354673, -2.8033018, -5.5967836, -0.95318425]"
the physician fed the pie to him .,a lawyer made them an engine .,PD,DO,FEED,MAKE,THE,A,to,for,-43.60950469970703,"[-3.6705623, -6.7362375, -7.420791, -7.6034975, -5.240472, -11.130906, -1.8070364]"
the physician fed the pie to me .,a buddy kept a juice for him .,PD,PD,FEED,KEEP,THE,A,to,for,-49.607845306396484,"[-3.652822, -10.197133, -8.725816, -2.9848037, -11.565193, -6.400082, -4.9012876, -1.1807094]"
the physician fed the pie to me .,a buddy kept him a juice .,PD,DO,FEED,KEEP,THE,A,to,for,-47.70775604248047,"[-3.652822, -10.197133, -8.725816, -5.139687, -5.185949, -11.648186, -3.1581612]"
the physician fed the pie to me .,a chief designed a pot for him .,PD,PD,FEED,DESIGN,THE,A,to,for,-43.621795654296875,"[-3.652822, -9.06576, -11.543957, -2.5323749, -8.310934, -2.9613256, -4.286643, -1.2679807]"
the physician fed the pie to me .,a chief designed him a pot .,PD,DO,FEED,DESIGN,THE,A,to,for,-41.849334716796875,"[-3.652822, -9.06576, -11.543957, -5.6169066, -2.704114, -7.114592, -2.151187]"
the physician fed the pie to them .,a lady bought a meal for me .,PD,PD,FEED,BUY,THE,A,to,for,-34.131160736083984,"[-3.6653984, -8.37388, -8.126062, -0.90546924, -6.182532, -1.3084744, -4.0699706, -1.4993738]"
the physician fed the pie to them .,a lady bought me a meal .,PD,DO,FEED,BUY,THE,A,to,for,-33.14807891845703,"[-3.6653984, -8.37388, -8.126062, -4.3513303, -0.76647884, -5.961567, -1.9033601]"
the physician fed the pie to us .,a parent kept a juice for him .,PD,PD,FEED,KEEP,THE,A,to,for,-48.19488525390625,"[-3.6544774, -7.928687, -8.226658, -2.4674153, -12.218843, -6.6435785, -5.4107704, -1.6444564]"
the physician fed the pie to us .,a parent kept him a juice .,PD,DO,FEED,KEEP,THE,A,to,for,-45.85914611816406,"[-3.6544774, -7.928687, -8.226658, -5.2194457, -5.5671883, -10.89863, -4.36406]"
the physician fed the salad to me .,an actor delivered a cheese for you .,PD,PD,FEED,DELIVER,THE,A,to,for,-44.56485366821289,"[-5.65093, -6.627147, -9.613394, -0.71003354, -9.9988985, -5.048963, -5.7903557, -1.1251317]"
the physician fed the salad to me .,an actor delivered you a cheese .,PD,DO,FEED,DELIVER,THE,A,to,for,-44.168495178222656,"[-5.65093, -6.627147, -9.613394, -9.258581, -0.93945515, -8.406315, -3.6726742]"
the physician fed the salad to you .,a scientist found a cheese for me .,PD,PD,FEED,FIND,THE,A,to,for,-36.874603271484375,"[-3.6473932, -7.1396456, -5.4083147, -1.2298867, -9.45237, -5.3633423, -3.5954742, -1.038178]"
the physician fed the salad to you .,a scientist found me a cheese .,PD,DO,FEED,FIND,THE,A,to,for,-35.89131546020508,"[-3.6473932, -7.1396456, -5.4083147, -7.876533, -1.2887226, -7.6867228, -2.8439846]"
the physician fed the salad to you .,a captain saved a bottle for him .,PD,PD,FEED,SAVE,THE,A,to,for,-43.96936798095703,"[-3.6473932, -10.177126, -9.300801, -1.7093277, -8.722338, -4.2060585, -5.118057, -1.0882676]"
the physician fed the salad to you .,a captain saved him a bottle .,PD,DO,FEED,SAVE,THE,A,to,for,-44.00721740722656,"[-3.6473932, -10.177126, -9.300801, -4.800377, -4.4211187, -8.760617, -2.8997838]"
the physician fed them the chocolate .,a woman took a cup to you .,DO,PD,FEED,TAKE,THE,A,to,to,-40.01528549194336,"[-3.667336, -4.245172, -6.558613, -1.6890376, -6.852462, -5.017346, -10.096741, -1.8885788]"
the physician fed them the chocolate .,a woman took you a cup .,DO,DO,FEED,TAKE,THE,A,to,to,-38.63140106201172,"[-3.667336, -4.245172, -6.558613, -8.573094, -6.0541515, -5.249745, -4.28329]"
the physician fed them the meal .,an opponent supplied a juice to you .,DO,PD,FEED,SUPPLY,THE,A,to,to,-48.36091613769531,"[-5.6347036, -8.410624, -11.985189, -2.6345553, -9.583218, -1.8886427, -7.434275, -0.78970647]"
the physician fed them the meal .,an opponent supplied you a juice .,DO,DO,FEED,SUPPLY,THE,A,to,to,-48.46376037597656,"[-5.6347036, -8.410624, -11.985189, -6.524552, -4.8074884, -8.987076, -2.1141253]"
the physician fed them the pie .,a lady bought a meal for me .,DO,PD,FEED,BUY,THE,A,to,for,-34.48247528076172,"[-3.6742015, -8.313974, -7.7141647, -1.0601971, -6.2724986, -1.364057, -4.5965223, -1.4868599]"
the physician fed them the pie .,a lady bought me a meal .,DO,DO,FEED,BUY,THE,A,to,for,-31.055063247680664,"[-3.6742015, -8.313974, -7.7141647, -3.3590596, -0.77121323, -5.8785176, -1.3439344]"
the physician fed us the cheese .,a princess caught a coat for you .,DO,PD,FEED,CATCH,THE,A,to,for,-45.714996337890625,"[-3.6495261, -10.277295, -5.3949165, -4.080392, -10.659805, -5.011526, -5.649555, -0.991978]"
the physician fed us the cheese .,a princess caught you a coat .,DO,DO,FEED,CATCH,THE,A,to,for,-42.607574462890625,"[-3.6495261, -10.277295, -5.3949165, -7.026185, -5.8782463, -8.809869, -1.5715374]"
the physician fed us the chocolate .,a girl purchased a log for them .,DO,PD,FEED,PURCHASE,THE,A,to,for,-42.63791275024414,"[-3.6609025, -7.068761, -9.905849, -0.97772324, -9.727182, -2.2828748, -7.0955005, -1.9191194]"
the physician fed us the chocolate .,a girl purchased them a log .,DO,DO,FEED,PURCHASE,THE,A,to,for,-45.587039947509766,"[-3.6609025, -7.068761, -9.905849, -7.097148, -5.5568757, -10.145481, -2.1520238]"
the physician fed us the pie .,a parent kept a juice for him .,DO,PD,FEED,KEEP,THE,A,to,for,-48.681182861328125,"[-3.6569934, -7.942792, -8.026333, -2.3709977, -12.46728, -6.5788755, -6.007224, -1.6306865]"
the physician fed us the pie .,a parent kept him a juice .,DO,DO,FEED,KEEP,THE,A,to,for,-44.39410400390625,"[-3.6569934, -7.942792, -8.026333, -5.103216, -5.4335933, -10.88324, -3.3479357]"
the physician fed you the chocolate .,a soldier supplied a television to him .,DO,PD,FEED,SUPPLY,THE,A,to,to,-43.55572509765625,"[-3.6525555, -7.477046, -11.1275, -2.8059664, -8.8886385, -2.3973186, -5.482203, -1.7244971]"
the physician fed you the chocolate .,a soldier supplied him a television .,DO,DO,FEED,SUPPLY,THE,A,to,to,-42.583473205566406,"[-3.6525555, -7.477046, -11.1275, -5.7411556, -3.2822757, -10.0696125, -1.2333264]"
the physician fed you the meal .,a cop bought a coffee for me .,DO,PD,FEED,BUY,THE,A,to,for,-35.613250732421875,"[-3.6664207, -8.6471405, -7.7489405, -1.333274, -6.734018, -2.9401836, -3.3526163, -1.1906585]"
the physician fed you the meal .,a cop bought me a coffee .,DO,DO,FEED,BUY,THE,A,to,for,-29.174854278564453,"[-3.6664207, -8.6471405, -7.7489405, -3.0346155, -0.65039426, -4.010517, -1.4168253]"
the physician fed you the salad .,a scientist found a cheese for me .,DO,PD,FEED,FIND,THE,A,to,for,-36.78068542480469,"[-3.671812, -7.003849, -5.2229614, -1.2140683, -9.724707, -5.4622784, -3.56207, -0.9189416]"
the physician fed you the salad .,a scientist found me a cheese .,DO,DO,FEED,FIND,THE,A,to,for,-34.071556091308594,"[-3.671812, -7.003849, -5.2229614, -7.4528904, -0.99736, -7.4947815, -2.2279027]"
the physician fed you the salad .,a captain saved a bottle for him .,DO,PD,FEED,SAVE,THE,A,to,for,-45.443119049072266,"[-3.671812, -10.144915, -8.943553, -1.5580424, -8.847306, -4.969189, -5.850862, -1.457441]"
the physician fed you the salad .,a captain saved him a bottle .,DO,DO,FEED,SAVE,THE,A,to,for,-42.55530548095703,"[-3.671812, -10.144915, -8.943553, -4.1860046, -4.4039187, -8.266179, -2.938919]"
the physician found her the candy .,a cousin showed a tea to me .,DO,PD,FIND,SHOW,THE,A,for,to,-42.81827163696289,"[-3.5783088, -9.184172, -7.9754934, -3.493161, -11.24852, -3.1883297, -3.0277505, -1.1225357]"
the physician found her the candy .,a cousin showed me a tea .,DO,DO,FIND,SHOW,THE,A,for,to,-34.37776184082031,"[-3.5783088, -9.184172, -7.9754934, -0.926562, -1.2268994, -8.816082, -2.6702464]"
the physician found her the pie .,a son threw a coffee to you .,DO,PD,FIND,THROW,THE,A,for,to,-43.1553955078125,"[-3.5791912, -8.393998, -8.768629, -0.8154319, -7.7460413, -3.776467, -8.623751, -1.4518871]"
the physician found her the pie .,a son threw you a coffee .,DO,DO,FIND,THROW,THE,A,for,to,-39.9478759765625,"[-3.5791912, -8.393998, -8.768629, -10.089043, -0.63085026, -7.2770066, -1.20916]"
the physician found him the pie .,a prince brought a motor to us .,DO,PD,FIND,BRING,THE,A,for,to,-48.346092224121094,"[-3.590187, -10.93752, -7.0654593, -1.7525402, -8.794675, -6.448406, -7.7576704, -1.9996339]"
the physician found him the pie .,a prince brought us a motor .,DO,DO,FIND,BRING,THE,A,for,to,-45.261051177978516,"[-3.590187, -10.93752, -7.0654593, -5.7724624, -2.1150212, -10.84829, -4.9321103]"
the physician found it the candy .,a winner drew a computer for us .,DO,PD,FIND,DRAW,THE,A,for,for,-47.509376525878906,"[-3.5435834, -10.389486, -10.858967, -1.463101, -9.427983, -4.711159, -5.837778, -1.2773147]"
the physician found it the candy .,a winner drew us a computer .,DO,DO,FIND,DRAW,THE,A,for,for,-46.25546646118164,"[-3.5435834, -10.389486, -10.858967, -8.010461, -1.6940255, -9.675049, -2.0838947]"
the physician found me the engine .,a sheriff took a book to us .,DO,PD,FIND,TAKE,THE,A,for,to,-44.044376373291016,"[-3.558425, -8.300442, -7.3734703, -1.3922019, -9.92652, -3.5491557, -8.084716, -1.8594462]"
the physician found me the engine .,a sheriff took us a book .,DO,DO,FIND,TAKE,THE,A,for,to,-44.51702117919922,"[-3.558425, -8.300442, -7.3734703, -5.590915, -4.446041, -11.783632, -3.464095]"
the physician found the candy for her .,a cousin showed a tea to me .,PD,PD,FIND,SHOW,THE,A,for,to,-42.60002899169922,"[-3.5495436, -9.275934, -8.255346, -3.0838385, -11.482384, -2.852374, -2.7432103, -1.357398]"
the physician found the candy for her .,a cousin showed me a tea .,PD,DO,FIND,SHOW,THE,A,for,to,-36.39509582519531,"[-3.5495436, -9.275934, -8.255346, -1.31767, -1.2404844, -8.867276, -3.8888407]"
the physician found the candy for it .,a winner drew a computer for us .,PD,PD,FIND,DRAW,THE,A,for,for,-47.032936096191406,"[-3.5516233, -10.370346, -11.27371, -1.4006332, -9.2785, -4.107108, -5.9625583, -1.088459]"
the physician found the candy for it .,a winner drew us a computer .,PD,DO,FIND,DRAW,THE,A,for,for,-47.82366180419922,"[-3.5516233, -10.370346, -11.27371, -8.126097, -1.7481868, -9.836985, -2.9167151]"
the physician found the candy for us .,a colonel brought a tea to you .,PD,PD,FIND,BRING,THE,A,for,to,-41.11576843261719,"[-3.5484238, -10.971479, -7.994046, -1.7031102, -7.513648, -1.6347752, -6.4371495, -1.3131361]"
the physician found the candy for us .,a colonel brought you a tea .,PD,DO,FIND,BRING,THE,A,for,to,-39.292747497558594,"[-3.5484238, -10.971479, -7.994046, -5.2821374, -2.1922917, -7.2070827, -2.0972877]"
the physician found the candy for us .,a buddy purchased a jacket for him .,PD,PD,FIND,PURCHASE,THE,A,for,for,-39.985328674316406,"[-3.5484238, -10.425275, -8.374843, -1.2237889, -8.342611, -1.5071527, -4.890926, -1.6723101]"
the physician found the candy for us .,a buddy purchased him a jacket .,PD,DO,FIND,PURCHASE,THE,A,for,for,-40.135963439941406,"[-3.5484238, -10.425275, -8.374843, -6.914573, -1.0996451, -8.012514, -1.7606875]"
the physician found the chicken for you .,a lawyer caught an engine for it .,PD,PD,FIND,CATCH,THE,A,for,for,-48.131813049316406,"[-3.4934568, -7.0657635, -10.014565, -5.737655, -9.326426, -5.654351, -5.950723, -0.88887155]"
the physician found the chicken for you .,a lawyer caught it an engine .,PD,DO,FIND,CATCH,THE,A,for,for,-48.88050079345703,"[-3.4934568, -7.0657635, -10.014565, -5.6722417, -9.470923, -10.362063, -2.801488]"
the physician found the engine for me .,a sheriff took a book to us .,PD,PD,FIND,TAKE,THE,A,for,to,-42.94038772583008,"[-3.5327873, -8.443258, -7.2928233, -1.3895346, -10.1043215, -3.1978238, -7.287209, -1.6926308]"
the physician found the engine for me .,a sheriff took us a book .,PD,DO,FIND,TAKE,THE,A,for,to,-44.310218811035156,"[-3.5327873, -8.443258, -7.2928233, -6.909098, -4.544016, -10.995043, -2.5931914]"
the physician found the engine for us .,a soldier gave a machine to it .,PD,PD,FIND,GIVE,THE,A,for,to,-44.10624313354492,"[-3.5313554, -7.4960823, -7.6588345, -1.8654989, -9.306975, -4.654366, -8.29871, -1.2944227]"
the physician found the engine for us .,a soldier gave it a machine .,PD,DO,FIND,GIVE,THE,A,for,to,-43.6731071472168,"[-3.5313554, -7.4960823, -7.6588345, -5.0444045, -2.930356, -11.21037, -5.801704]"
the physician found the pie for her .,a son threw a coffee to you .,PD,PD,FIND,THROW,THE,A,for,to,-43.05690002441406,"[-3.5420244, -8.407997, -9.100537, -0.6707064, -7.6059475, -3.4252748, -8.745665, -1.5587493]"
the physician found the pie for her .,a son threw you a coffee .,PD,DO,FIND,THROW,THE,A,for,to,-41.31871032714844,"[-3.5420244, -8.407997, -9.100537, -10.231853, -0.7820059, -7.2623873, -1.9919066]"
the physician found the pie for him .,a prince brought a motor to us .,PD,PD,FIND,BRING,THE,A,for,to,-47.01636505126953,"[-3.5454192, -10.861917, -7.033327, -1.781656, -9.302193, -5.948732, -6.9993258, -1.5437948]"
the physician found the pie for him .,a prince brought us a motor .,PD,DO,FIND,BRING,THE,A,for,to,-45.22051239013672,"[-3.5454192, -10.861917, -7.033327, -5.7470884, -1.972239, -10.986711, -5.073814]"
the physician found the pie for you .,a colonel made a computer for it .,PD,PD,FIND,MAKE,THE,A,for,for,-43.540122985839844,"[-3.5291686, -11.160247, -6.803888, -1.2183934, -9.475318, -3.9835334, -6.756633, -0.61294055]"
the physician found the pie for you .,a colonel made it a computer .,PD,DO,FIND,MAKE,THE,A,for,for,-44.62290954589844,"[-3.5291686, -11.160247, -6.803888, -3.0365238, -3.4774625, -11.644133, -4.971487]"
the physician found us the candy .,a colonel brought a tea to you .,DO,PD,FIND,BRING,THE,A,for,to,-40.54758071899414,"[-3.5700624, -10.907087, -7.5807433, -1.861266, -7.2040176, -1.5391747, -6.9764853, -0.90874344]"
the physician found us the candy .,a colonel brought you a tea .,DO,DO,FIND,BRING,THE,A,for,to,-36.48080062866211,"[-3.5700624, -10.907087, -7.5807433, -4.751049, -2.0822506, -6.6245246, -0.96508396]"
the physician found us the candy .,a buddy purchased a jacket for him .,DO,PD,FIND,PURCHASE,THE,A,for,for,-40.658447265625,"[-3.5700624, -10.402764, -8.7615, -1.0393468, -8.347319, -2.3493814, -4.032995, -2.155079]"
the physician found us the candy .,a buddy purchased him a jacket .,DO,DO,FIND,PURCHASE,THE,A,for,for,-37.44442367553711,"[-3.5700624, -10.402764, -8.7615, -4.6673193, -0.8290799, -7.8959665, -1.3177305]"
the physician found us the engine .,a soldier gave a machine to it .,DO,PD,FIND,GIVE,THE,A,for,to,-44.1109619140625,"[-3.5464056, -7.5159855, -7.482182, -2.0242386, -8.310868, -5.6901817, -8.180806, -1.3602976]"
the physician found us the engine .,a soldier gave it a machine .,DO,DO,FIND,GIVE,THE,A,for,to,-42.012611389160156,"[-3.5464056, -7.5159855, -7.482182, -4.741104, -2.3324594, -10.69081, -5.7036686]"
the physician found you the chicken .,a lawyer caught an engine for it .,DO,PD,FIND,CATCH,THE,A,for,for,-48.49796676635742,"[-3.5236592, -6.9660754, -9.513333, -5.4112983, -9.067131, -6.2071066, -6.5364246, -1.2729381]"
the physician found you the chicken .,a lawyer caught it an engine .,DO,DO,FIND,CATCH,THE,A,for,for,-47.83427429199219,"[-3.5236592, -6.9660754, -9.513333, -5.3190427, -10.0969925, -10.733857, -1.6813139]"
the physician found you the pie .,a colonel made a computer for it .,DO,PD,FIND,MAKE,THE,A,for,for,-41.78441619873047,"[-3.547478, -11.001628, -6.4269037, -1.0667036, -9.043521, -4.182392, -5.789413, -0.72637725]"
the physician found you the pie .,a colonel made it a computer .,DO,DO,FIND,MAKE,THE,A,for,for,-41.70305252075195,"[-3.547478, -11.001628, -6.4269037, -2.9144208, -3.1035984, -11.314005, -3.395019]"
the physician gave him the chocolate .,an aunt fed a meal to us .,DO,PD,GIVE,FEED,THE,A,to,to,-44.58718490600586,"[-5.6091924, -7.9902525, -10.538232, -1.9104611, -7.896079, -0.2966972, -8.795857, -1.5504135]"
the physician gave him the chocolate .,an aunt fed us a meal .,DO,DO,GIVE,FEED,THE,A,to,to,-39.151771545410156,"[-5.6091924, -7.9902525, -10.538232, -6.711718, -1.6380231, -5.257157, -1.4071987]"
the physician gave him the coffee .,a candidate threw a cigarette to you .,DO,PD,GIVE,THROW,THE,A,to,to,-40.31250762939453,"[-3.6076915, -8.330736, -7.3866816, -0.81096256, -5.681306, -4.467219, -8.598755, -1.4291558]"
the physician gave him the coffee .,a candidate threw you a cigarette .,DO,DO,GIVE,THROW,THE,A,to,to,-39.06892395019531,"[-3.6076915, -8.330736, -7.3866816, -10.408721, -1.1208478, -7.101195, -1.1130531]"
the physician gave the chocolate to him .,an aunt fed a meal to us .,PD,PD,GIVE,FEED,THE,A,to,to,-39.136287689208984,"[-5.640582, -8.489601, -10.350138, -1.4183196, -6.16805, -0.18818201, -6.0965576, -0.7848596]"
the physician gave the chocolate to him .,an aunt fed us a meal .,PD,DO,GIVE,FEED,THE,A,to,to,-39.02280044555664,"[-5.640582, -8.489601, -10.350138, -6.6977444, -1.2567922, -5.1678147, -1.4201286]"
the physician gave the chocolate to you .,a bishop caught a log for him .,PD,PD,GIVE,CATCH,THE,A,to,for,-45.26641845703125,"[-3.5820024, -9.235903, -8.344183, -3.363529, -9.979212, -4.2395787, -5.4650245, -1.0569845]"
the physician gave the chocolate to you .,a bishop caught him a log .,PD,DO,GIVE,CATCH,THE,A,to,for,-45.55055236816406,"[-3.5820024, -9.235903, -8.344183, -7.12858, -6.278454, -9.398182, -1.5832467]"
the physician gave the coffee to him .,a candidate threw a cigarette to you .,PD,PD,GIVE,THROW,THE,A,to,to,-39.905982971191406,"[-3.5728772, -8.444595, -8.173242, -0.5059836, -5.377128, -3.9779894, -9.143683, -0.7104852]"
the physician gave the coffee to him .,a candidate threw you a cigarette .,PD,DO,GIVE,THROW,THE,A,to,to,-38.94099426269531,"[-3.5728772, -8.444595, -8.173242, -10.792746, -0.63076407, -6.1815205, -1.1452494]"
the physician gave the coffee to you .,a teacher brought an engine to him .,PD,PD,GIVE,BRING,THE,A,to,to,-38.89116668701172,"[-3.5468326, -7.215601, -7.3995156, -3.8868334, -8.909361, -0.4688738, -6.791274, -0.67287797]"
the physician gave the coffee to you .,a teacher brought him an engine .,PD,DO,GIVE,BRING,THE,A,to,to,-39.33291244506836,"[-3.5468326, -7.215601, -7.3995156, -4.9585466, -4.2054663, -10.667845, -1.3391052]"
the physician gave you the chocolate .,a bishop caught a log for him .,DO,PD,GIVE,CATCH,THE,A,to,for,-46.97393035888672,"[-3.5586333, -9.185557, -8.242493, -3.817659, -10.345844, -4.36399, -6.1957393, -1.2640125]"
the physician gave you the chocolate .,a bishop caught him a log .,DO,DO,GIVE,CATCH,THE,A,to,for,-46.01457977294922,"[-3.5586333, -9.185557, -8.242493, -7.772797, -6.3519754, -9.455395, -1.4477262]"
the physician gave you the coffee .,a teacher brought an engine to him .,DO,PD,GIVE,BRING,THE,A,to,to,-39.18281555175781,"[-3.5398002, -7.134888, -7.2068753, -3.769989, -8.719952, -0.7394148, -7.080413, -0.99148124]"
the physician gave you the coffee .,a teacher brought him an engine .,DO,DO,GIVE,BRING,THE,A,to,to,-38.3408088684082,"[-3.5398002, -7.134888, -7.2068753, -4.879839, -4.4775734, -10.172222, -0.9296097]"
the physician got him the salad .,a pilot fed a meal to it .,DO,PD,GET,FEED,THE,A,for,to,-39.067481994628906,"[-3.6236115, -7.5530653, -9.967438, -1.8368944, -4.8602514, -1.209934, -8.0363655, -1.9799232]"
the physician got him the salad .,a pilot fed it a meal .,DO,DO,GET,FEED,THE,A,for,to,-33.236915588378906,"[-3.6236115, -7.5530653, -9.967438, -4.72595, -1.6912892, -4.2401905, -1.4353704]"
the physician got him the tea .,a chief promised a salad to us .,DO,PD,GET,PROMISE,THE,A,for,to,-50.7340087890625,"[-3.5995939, -8.8513, -12.682226, -2.4507794, -10.641123, -2.786158, -7.791433, -1.9313941]"
the physician got him the tea .,a chief promised us a salad .,DO,DO,GET,PROMISE,THE,A,for,to,-44.885223388671875,"[-3.5995939, -8.8513, -12.682226, -7.7300677, -1.9792949, -8.211895, -1.8308487]"
the physician got it the tea .,a reader fed a meal to you .,DO,PD,GET,FEED,THE,A,for,to,-45.79242706298828,"[-3.5880811, -6.892234, -12.1259165, -3.1060195, -7.4107914, -3.3414936, -6.798647, -2.5292463]"
the physician got it the tea .,a reader fed you a meal .,DO,DO,GET,FEED,THE,A,for,to,-43.5196533203125,"[-3.5880811, -6.892234, -12.1259165, -8.222575, -3.9670825, -6.719173, -2.0045948]"
the physician got me the machine .,a student left a chicken for you .,DO,PD,GET,LEAVE,THE,A,for,for,-38.504722595214844,"[-3.5772219, -5.986453, -6.890083, -1.3439758, -8.749892, -4.019703, -6.496166, -1.4412265]"
the physician got me the machine .,a student left you a chicken .,DO,DO,GET,LEAVE,THE,A,for,for,-36.946876525878906,"[-3.5772219, -5.986453, -6.890083, -7.6656504, -1.8646424, -9.441562, -1.5212634]"
the physician got me the tea .,a kid sent a box to us .,DO,PD,GET,SEND,THE,A,for,to,-38.75397491455078,"[-3.5932312, -8.563812, -8.876331, -2.9608326, -6.375868, -2.7487228, -4.576336, -1.0588392]"
the physician got me the tea .,a kid sent us a box .,DO,DO,GET,SEND,THE,A,for,to,-34.21048355102539,"[-3.5932312, -8.563812, -8.876331, -3.697567, -1.3981795, -5.3246307, -2.7567306]"
the physician got the hat for us .,a princess bought a bag for them .,PD,PD,GET,BUY,THE,A,for,for,-37.855064392089844,"[-3.5468361, -10.643173, -8.095248, -0.9289589, -5.317764, -2.5146053, -5.7129016, -1.09558]"
the physician got the hat for us .,a princess bought them a bag .,PD,DO,GET,BUY,THE,A,for,for,-41.091033935546875,"[-3.5468361, -10.643173, -8.095248, -6.1265554, -3.1444566, -6.8358626, -2.6989012]"
the physician got the machine for me .,a student left a chicken for you .,PD,PD,GET,LEAVE,THE,A,for,for,-37.19782257080078,"[-3.5105894, -5.950303, -6.977783, -1.152476, -8.852818, -3.1893363, -6.4105244, -1.1539917]"
the physician got the machine for me .,a student left you a chicken .,PD,DO,GET,LEAVE,THE,A,for,for,-38.159523010253906,"[-3.5105894, -5.950303, -6.977783, -8.533325, -1.8587962, -9.495941, -1.8327854]"
the physician got the machine for them .,a mother drew an iron for us .,PD,PD,GET,DRAW,THE,A,for,for,-42.22116470336914,"[-3.499682, -6.2394667, -8.899642, -3.3370886, -5.7074966, -6.4663134, -6.9771724, -1.0943025]"
the physician got the machine for them .,a mother drew us an iron .,PD,DO,GET,DRAW,THE,A,for,for,-41.80196762084961,"[-3.499682, -6.2394667, -8.899642, -8.177526, -4.052442, -6.902444, -4.0307646]"
the physician got the salad for him .,a pilot fed a meal to it .,PD,PD,GET,FEED,THE,A,for,to,-38.98006820678711,"[-3.57551, -7.577857, -9.984116, -1.4566706, -4.6222005, -1.8957227, -7.655878, -2.2121117]"
the physician got the salad for him .,a pilot fed it a meal .,PD,DO,GET,FEED,THE,A,for,to,-34.680049896240234,"[-3.57551, -7.577857, -9.984116, -6.040354, -1.6313761, -4.055844, -1.8149934]"
the physician got the tea for him .,a chief promised a salad to us .,PD,PD,GET,PROMISE,THE,A,for,to,-50.458335876464844,"[-3.5530014, -8.8958, -12.567096, -2.3229995, -10.812002, -2.9839149, -7.045411, -2.2781115]"
the physician got the tea for him .,a chief promised us a salad .,PD,DO,GET,PROMISE,THE,A,for,to,-46.85654830932617,"[-3.5530014, -8.8958, -12.567096, -8.351389, -1.8186212, -9.012499, -2.6581426]"
the physician got the tea for it .,a reader fed a meal to you .,PD,PD,GET,FEED,THE,A,for,to,-44.679359436035156,"[-3.5580583, -6.865248, -12.267099, -2.833353, -7.2541695, -3.428266, -6.495135, -1.9780291]"
the physician got the tea for it .,a reader fed you a meal .,PD,DO,GET,FEED,THE,A,for,to,-43.098289489746094,"[-3.5580583, -6.865248, -12.267099, -8.064328, -3.2658596, -6.935459, -2.1422377]"
the physician got the tea for me .,a kid sent a box to us .,PD,PD,GET,SEND,THE,A,for,to,-38.50932312011719,"[-3.5417147, -8.671389, -9.121454, -2.0037606, -6.4166937, -2.8850086, -4.5745964, -1.294707]"
the physician got the tea for me .,a kid sent us a box .,PD,DO,GET,SEND,THE,A,for,to,-35.46944808959961,"[-3.5417147, -8.671389, -9.121454, -3.7160084, -1.126894, -5.5101843, -3.7818043]"
the physician got the tea for us .,a nurse saved a salad for you .,PD,PD,GET,SAVE,THE,A,for,for,-39.04294967651367,"[-3.546157, -7.176353, -8.79129, -1.3555579, -12.147266, -1.0823458, -4.1136594, -0.83031934]"
the physician got the tea for us .,a nurse saved you a salad .,PD,DO,GET,SAVE,THE,A,for,for,-42.324947357177734,"[-3.546157, -7.176353, -8.79129, -7.7234836, -3.4416568, -10.086927, -1.559078]"
the physician got the tea for you .,a lawyer left a hat for us .,PD,PD,GET,LEAVE,THE,A,for,for,-41.87133026123047,"[-3.5383372, -6.89405, -7.9554887, -1.648378, -9.669807, -4.670247, -5.829338, -1.6656833]"
the physician got the tea for you .,a lawyer left us a hat .,PD,DO,GET,LEAVE,THE,A,for,for,-38.066246032714844,"[-3.5383372, -6.89405, -7.9554887, -6.3095202, -1.4905629, -9.606794, -2.2714937]"
the physician got the television for you .,a teacher kept a tea for it .,PD,PD,GET,KEEP,THE,A,for,for,-43.56819152832031,"[-3.5265727, -7.093464, -8.434356, -1.7352178, -9.444441, -3.9505327, -8.335556, -1.0480485]"
the physician got the television for you .,a teacher kept it a tea .,PD,DO,GET,KEEP,THE,A,for,for,-44.05474090576172,"[-3.5265727, -7.093464, -8.434356, -5.8268566, -1.8902632, -13.781646, -3.5015833]"
the physician got them the machine .,a mother drew an iron for us .,DO,PD,GET,DRAW,THE,A,for,for,-43.441280364990234,"[-3.5566406, -6.1757774, -8.517039, -3.5558147, -5.1738925, -7.686922, -7.4154806, -1.3597142]"
the physician got them the machine .,a mother drew us an iron .,DO,DO,GET,DRAW,THE,A,for,for,-39.670875549316406,"[-3.5566406, -6.1757774, -8.517039, -7.0620403, -4.449871, -6.4451723, -3.4643373]"
the physician got us the hat .,a princess bought a bag for them .,DO,PD,GET,BUY,THE,A,for,for,-39.07433319091797,"[-3.585746, -10.514258, -7.939637, -1.1162992, -5.092743, -3.3466647, -6.4298725, -1.049113]"
the physician got us the hat .,a princess bought them a bag .,DO,DO,GET,BUY,THE,A,for,for,-37.469970703125,"[-3.585746, -10.514258, -7.939637, -5.2957063, -2.3282647, -5.9044557, -1.901903]"
the physician got us the tea .,a nurse saved a salad for you .,DO,PD,GET,SAVE,THE,A,for,for,-40.85443878173828,"[-3.5872169, -6.936098, -8.434938, -1.722956, -11.907858, -1.992676, -5.465039, -0.8076591]"
the physician got us the tea .,a nurse saved you a salad .,DO,DO,GET,SAVE,THE,A,for,for,-39.036231994628906,"[-3.5872169, -6.936098, -8.434938, -6.780843, -3.3347836, -8.988866, -0.97348726]"
the physician got you the tea .,a lawyer left a hat for us .,DO,PD,GET,LEAVE,THE,A,for,for,-44.198326110839844,"[-3.5720973, -6.6936455, -7.812589, -1.699565, -9.9951315, -5.2622457, -7.263697, -1.8993531]"
the physician got you the tea .,a lawyer left us a hat .,DO,DO,GET,LEAVE,THE,A,for,for,-36.897186279296875,"[-3.5720973, -6.6936455, -7.812589, -5.899208, -1.4329472, -9.735801, -1.750896]"
the physician got you the television .,a teacher kept a tea for it .,DO,PD,GET,KEEP,THE,A,for,for,-45.697509765625,"[-3.5610962, -7.1611924, -8.219826, -1.9360632, -9.8066635, -5.2764716, -8.499913, -1.2362844]"
the physician got you the television .,a teacher kept it a tea .,DO,DO,GET,KEEP,THE,A,for,for,-43.46467971801758,"[-3.5610962, -7.1611924, -8.219826, -5.769609, -2.1828754, -13.55309, -3.0169888]"
the physician kept him the beer .,a guest left a salad for me .,DO,PD,KEEP,LEAVE,THE,A,for,for,-40.26742935180664,"[-3.5392215, -7.9527044, -11.467237, -1.1397631, -11.174913, -2.8267436, -1.1270964, -1.0397484]"
the physician kept him the beer .,a guest left me a salad .,DO,DO,KEEP,LEAVE,THE,A,for,for,-37.509925842285156,"[-3.5392215, -7.9527044, -11.467237, -2.8402884, -1.0513858, -9.320223, -1.3388689]"
the physician kept him the card .,a professor saved a bell for you .,DO,PD,KEEP,SAVE,THE,A,for,for,-44.93372344970703,"[-3.5576801, -7.3699517, -11.165509, -2.3604317, -10.829159, -3.3654997, -5.4678717, -0.81762344]"
the physician kept him the card .,a professor saved you a bell .,DO,DO,KEEP,SAVE,THE,A,for,for,-42.67570877075195,"[-3.5576801, -7.3699517, -11.165509, -7.1815796, -2.0422559, -10.373478, -0.98525536]"
the physician kept him the chicken .,a champion bought a beer for us .,DO,PD,KEEP,BUY,THE,A,for,for,-42.17481994628906,"[-3.5633695, -9.583765, -11.397815, -1.0107498, -6.2058125, -2.10587, -6.9930363, -1.3144023]"
the physician kept him the chicken .,a champion bought us a beer .,DO,DO,KEEP,BUY,THE,A,for,for,-37.36988830566406,"[-3.5633695, -9.583765, -11.397815, -7.1614714, -0.82272494, -3.767425, -1.0733145]"
the physician kept it the beer .,a bishop bought a chocolate for us .,DO,PD,KEEP,BUY,THE,A,for,for,-45.43901824951172,"[-3.541891, -9.359689, -9.764865, -0.7995152, -6.981122, -6.086271, -7.666436, -1.23923]"
the physician kept it the beer .,a bishop bought us a chocolate .,DO,DO,KEEP,BUY,THE,A,for,for,-41.05024719238281,"[-3.541891, -9.359689, -9.764865, -8.91906, -0.95271885, -5.4095535, -3.1024718]"
the physician kept it the card .,a colonel took a knife to me .,DO,PD,KEEP,TAKE,THE,A,for,to,-35.21073913574219,"[-3.549512, -11.070547, -6.0952587, -1.7941024, -4.912242, -0.7946213, -5.482212, -1.5122433]"
the physician kept it the card .,a colonel took me a knife .,DO,DO,KEEP,TAKE,THE,A,for,to,-39.49127197265625,"[-3.549512, -11.070547, -6.0952587, -4.526162, -5.1522226, -7.4630446, -1.6345223]"
the physician kept the beer for him .,a guest left a salad for me .,PD,PD,KEEP,LEAVE,THE,A,for,for,-39.1730842590332,"[-3.5411677, -7.8362455, -11.145766, -1.1239889, -11.715005, -1.7101827, -1.1901869, -0.9105418]"
the physician kept the beer for him .,a guest left me a salad .,PD,DO,KEEP,LEAVE,THE,A,for,for,-39.27367401123047,"[-3.5411677, -7.8362455, -11.145766, -4.005398, -1.335449, -9.766606, -1.6430418]"
the physician kept the beer for it .,a bishop bought a chocolate for us .,PD,PD,KEEP,BUY,THE,A,for,for,-42.61212921142578,"[-3.54459, -9.308825, -9.527682, -0.83355224, -6.297287, -5.035036, -6.8200502, -1.2451072]"
the physician kept the beer for it .,a bishop bought us a chocolate .,PD,DO,KEEP,BUY,THE,A,for,for,-41.331024169921875,"[-3.54459, -9.308825, -9.527682, -8.561455, -0.82784015, -5.2129965, -4.3476377]"
the physician kept the card for him .,a professor saved a bell for you .,PD,PD,KEEP,SAVE,THE,A,for,for,-43.69856262207031,"[-3.5349789, -7.357774, -11.396549, -1.9023894, -10.708462, -2.1866345, -5.9243326, -0.6874428]"
the physician kept the card for him .,a professor saved you a bell .,PD,DO,KEEP,SAVE,THE,A,for,for,-44.61785125732422,"[-3.5349789, -7.357774, -11.396549, -7.7456903, -2.4989514, -10.945902, -1.138002]"
the physician kept the card for it .,a colonel took a knife to me .,PD,PD,KEEP,TAKE,THE,A,for,to,-37.249351501464844,"[-3.5290527, -11.114852, -5.984786, -1.7280923, -5.542455, -1.443335, -6.3359604, -1.5708184]"
the physician kept the card for it .,a colonel took me a knife .,PD,DO,KEEP,TAKE,THE,A,for,to,-39.270263671875,"[-3.5290527, -11.114852, -5.984786, -3.5542126, -5.166847, -7.697834, -2.2226758]"
the physician kept the card for them .,a sheriff promised a coffee to us .,PD,PD,KEEP,PROMISE,THE,A,for,to,-47.766761779785156,"[-3.5215745, -8.418483, -11.238223, -2.5414515, -9.941272, -2.6013312, -8.023256, -1.4811692]"
the physician kept the card for them .,a sheriff promised us a coffee .,PD,DO,KEEP,PROMISE,THE,A,for,to,-44.14793395996094,"[-3.5215745, -8.418483, -11.238223, -8.11985, -2.0619366, -8.6089, -2.1789663]"
the physician kept the chicken for him .,a champion bought a beer for us .,PD,PD,KEEP,BUY,THE,A,for,for,-41.159019470214844,"[-3.5499113, -9.601473, -11.3099165, -0.91380215, -5.9261885, -1.3389322, -7.1810102, -1.3377868]"
the physician kept the chicken for him .,a champion bought us a beer .,PD,DO,KEEP,BUY,THE,A,for,for,-38.85729217529297,"[-3.5499113, -9.601473, -11.3099165, -8.24809, -0.9364479, -3.8327284, -1.3787247]"
the physician kept the chicken for us .,a priest purchased a tea for them .,PD,PD,KEEP,PURCHASE,THE,A,for,for,-39.374961853027344,"[-3.5336509, -7.6996317, -10.063263, -1.0446204, -7.5487638, -1.7438673, -6.251432, -1.489732]"
the physician kept the chicken for us .,a priest purchased them a tea .,PD,DO,KEEP,PURCHASE,THE,A,for,for,-47.60361099243164,"[-3.5336509, -7.6996317, -10.063263, -7.5993967, -5.561857, -10.364386, -2.7814233]"
the physician kept them the card .,a sheriff promised a coffee to us .,DO,PD,KEEP,PROMISE,THE,A,for,to,-47.406410217285156,"[-3.5741863, -8.3454685, -11.136704, -2.513842, -9.655004, -2.6170163, -7.963378, -1.6008081]"
the physician kept them the card .,a sheriff promised us a coffee .,DO,DO,KEEP,PROMISE,THE,A,for,to,-42.70660400390625,"[-3.5741863, -8.3454685, -11.136704, -7.138785, -1.9767327, -8.763016, -1.7717122]"
the physician kept us the chicken .,a priest purchased a tea for them .,DO,PD,KEEP,PURCHASE,THE,A,for,for,-42.05379867553711,"[-3.5458856, -7.8586245, -10.080383, -0.96235776, -7.8790946, -2.8449268, -7.0077925, -1.874734]"
the physician kept us the chicken .,a priest purchased them a tea .,DO,DO,KEEP,PURCHASE,THE,A,for,for,-43.91783142089844,"[-3.5458856, -7.8586245, -10.080383, -7.0826464, -4.5326395, -9.03635, -1.781303]"
the physician left him the tea .,a winner got a bag for it .,DO,PD,LEAVE,GET,THE,A,for,for,-41.5439567565918,"[-3.5964699, -10.333003, -8.581585, -1.4652665, -6.402178, -4.686073, -5.6572056, -0.8221766]"
the physician left him the tea .,a winner got it a bag .,DO,DO,LEAVE,GET,THE,A,for,for,-43.398109436035156,"[-3.5964699, -10.333003, -8.581585, -4.6444197, -5.6398354, -7.9956827, -2.607116]"
the physician left him the tea .,a scientist kept a flower for us .,DO,PD,LEAVE,KEEP,THE,A,for,for,-41.42826461791992,"[-3.5964699, -7.2515182, -9.144829, -2.0475736, -8.8290615, -3.6756408, -5.7424917, -1.1406804]"
the physician left him the tea .,a scientist kept us a flower .,DO,DO,LEAVE,KEEP,THE,A,for,for,-39.958351135253906,"[-3.5964699, -7.2515182, -9.144829, -7.1929784, -2.911106, -8.315937, -1.5455105]"
the physician left him the wire .,a girl purchased a log for them .,DO,PD,LEAVE,PURCHASE,THE,A,for,for,-42.436466217041016,"[-3.5712297, -6.8949327, -9.787081, -0.8167937, -9.523804, -2.7273834, -7.261364, -1.8538775]"
the physician left him the wire .,a girl purchased them a log .,DO,DO,LEAVE,PURCHASE,THE,A,for,for,-43.78410339355469,"[-3.5712297, -6.8949327, -9.787081, -6.928995, -4.6853175, -9.465728, -2.4508226]"
the physician left it the computer .,a scientist made a plate for you .,DO,PD,LEAVE,MAKE,THE,A,for,for,-37.4730224609375,"[-3.5095382, -7.455523, -6.1666684, -1.0227149, -9.720149, -4.4659944, -4.315611, -0.8168195]"
the physician left it the computer .,a scientist made you a plate .,DO,DO,LEAVE,MAKE,THE,A,for,for,-34.739173889160156,"[-3.5095382, -7.455523, -6.1666684, -7.533413, -1.0760616, -7.619237, -1.3787317]"
the physician left me the computer .,a scientist showed a chicken to you .,DO,PD,LEAVE,SHOW,THE,A,for,to,-37.78638458251953,"[-3.5402799, -7.3677664, -7.12777, -1.9827837, -6.0370994, -3.711107, -6.7133756, -1.3062019]"
the physician left me the computer .,a scientist showed you a chicken .,DO,DO,LEAVE,SHOW,THE,A,for,to,-35.30948257446289,"[-3.5402799, -7.3677664, -7.12777, -5.316157, -1.8656892, -7.7895775, -2.302243]"
the physician left the computer for it .,a scientist made a plate for you .,PD,PD,LEAVE,MAKE,THE,A,for,for,-36.21961975097656,"[-3.5061135, -7.553112, -6.189021, -0.94010895, -9.172286, -3.9906006, -4.1267805, -0.74159575]"
the physician left the computer for it .,a scientist made you a plate .,PD,DO,LEAVE,MAKE,THE,A,for,for,-35.093013763427734,"[-3.5061135, -7.553112, -6.189021, -7.5966773, -1.345586, -7.5760164, -1.3264875]"
the physician left the computer for me .,a scientist showed a chicken to you .,PD,PD,LEAVE,SHOW,THE,A,for,to,-38.60775375366211,"[-3.5046642, -7.567321, -7.424936, -1.8940117, -6.4002113, -3.6035922, -7.143276, -1.0697392]"
the physician left the computer for me .,a scientist showed you a chicken .,PD,DO,LEAVE,SHOW,THE,A,for,to,-36.445411682128906,"[-3.5046642, -7.567321, -7.424936, -5.601222, -1.8184725, -7.9024925, -2.6263032]"
the physician left the computer for you .,a princess brought a coffee to us .,PD,PD,LEAVE,BRING,THE,A,for,to,-37.680850982666016,"[-3.4824824, -10.988575, -7.588375, -1.7526245, -8.076578, -1.0933384, -3.7941265, -0.90475]"
the physician left the computer for you .,a princess brought us a coffee .,PD,DO,LEAVE,BRING,THE,A,for,to,-36.51333999633789,"[-3.4824824, -10.988575, -7.588375, -4.6248264, -1.4884993, -7.154359, -1.1862247]"
the physician left the juice for us .,an employer got a beer for you .,PD,PD,LEAVE,GET,THE,A,for,for,-36.68993377685547,"[-5.671507, -7.567383, -8.3538, -1.3284986, -8.018837, -1.2233053, -3.6307645, -0.8958365]"
the physician left the juice for us .,an employer got you a beer .,PD,DO,LEAVE,GET,THE,A,for,for,-37.697105407714844,"[-5.671507, -7.567383, -8.3538, -6.6994095, -0.8975735, -6.642396, -1.8650379]"
the physician left the tea for him .,a winner got a bag for it .,PD,PD,LEAVE,GET,THE,A,for,for,-40.20560836791992,"[-3.5683684, -10.232485, -8.565439, -1.3519017, -6.3902235, -4.1185565, -5.1777577, -0.80087674]"
the physician left the tea for him .,a winner got it a bag .,PD,DO,LEAVE,GET,THE,A,for,for,-43.506072998046875,"[-3.5683684, -10.232485, -8.565439, -4.52187, -5.5088835, -8.3561125, -2.7529175]"
the physician left the tea for him .,a scientist kept a flower for us .,PD,PD,LEAVE,KEEP,THE,A,for,for,-40.593238830566406,"[-3.5683684, -7.3717737, -9.217949, -1.6208818, -8.889688, -2.573011, -6.3117924, -1.0397754]"
the physician left the tea for him .,a scientist kept us a flower .,PD,DO,LEAVE,KEEP,THE,A,for,for,-44.081939697265625,"[-3.5683684, -7.3717737, -9.217949, -7.488676, -4.924849, -9.382476, -2.1278455]"
the physician left the tea for us .,an actor sold a meal to me .,PD,PD,LEAVE,SELL,THE,A,for,to,-39.5501708984375,"[-5.676096, -6.6835356, -10.628937, -1.6436964, -7.8054566, -1.3772926, -4.26391, -1.471249]"
the physician left the tea for us .,an actor sold me a meal .,PD,DO,LEAVE,SELL,THE,A,for,to,-38.601661682128906,"[-5.676096, -6.6835356, -10.628937, -4.827913, -1.0815493, -7.6082954, -2.095335]"
the physician left the tea for us .,a cop fed a pie to you .,PD,PD,LEAVE,FEED,THE,A,for,to,-41.59933090209961,"[-3.561329, -8.646558, -10.247694, -1.6045886, -8.633886, -0.25822914, -7.6689277, -0.97811806]"
the physician left the tea for us .,a cop fed you a pie .,PD,DO,LEAVE,FEED,THE,A,for,to,-36.87548828125,"[-3.561329, -8.646558, -10.247694, -5.569812, -1.2078611, -6.108265, -1.5339681]"
the physician left the wire for him .,a girl purchased a log for them .,PD,PD,LEAVE,PURCHASE,THE,A,for,for,-40.48120880126953,"[-3.527868, -6.965538, -9.939121, -0.6899852, -9.369899, -2.0653825, -6.2474318, -1.6759814]"
the physician left the wire for him .,a girl purchased them a log .,PD,DO,LEAVE,PURCHASE,THE,A,for,for,-46.65636444091797,"[-3.527868, -6.965538, -9.939121, -7.4990625, -5.6106114, -9.996542, -3.1176193]"
the physician left us the juice .,an employer got a beer for you .,DO,PD,LEAVE,GET,THE,A,for,for,-38.12409210205078,"[-5.6483383, -7.5164423, -7.8932467, -1.4095043, -7.9857397, -2.128281, -4.7346916, -0.80784607]"
the physician left us the juice .,an employer got you a beer .,DO,DO,LEAVE,GET,THE,A,for,for,-35.54927062988281,"[-5.6483383, -7.5164423, -7.8932467, -6.314918, -1.0517511, -6.0546484, -1.0699244]"
the physician left us the tea .,an actor sold a meal to me .,DO,PD,LEAVE,SELL,THE,A,for,to,-39.58876037597656,"[-5.6600237, -6.680045, -10.721901, -1.7369988, -8.325941, -0.81238085, -4.320546, -1.3309246]"
the physician left us the tea .,an actor sold me a meal .,DO,DO,LEAVE,SELL,THE,A,for,to,-36.50823211669922,"[-5.6600237, -6.680045, -10.721901, -3.7100632, -0.87110215, -7.5188513, -1.3462449]"
the physician left us the tea .,a cop fed a pie to you .,DO,PD,LEAVE,FEED,THE,A,for,to,-42.83333206176758,"[-3.5819342, -8.672819, -10.281807, -1.7489243, -9.587327, -0.23788874, -7.743565, -0.97906816]"
the physician left us the tea .,a cop fed you a pie .,DO,DO,LEAVE,FEED,THE,A,for,to,-35.605552673339844,"[-3.5819342, -8.672819, -10.281807, -5.0933743, -1.2523584, -5.661333, -1.0619276]"
the physician left you the computer .,a princess brought a coffee to us .,DO,PD,LEAVE,BRING,THE,A,for,to,-37.898868560791016,"[-3.5056226, -10.829667, -7.5865974, -1.8787687, -8.202179, -1.0052867, -4.0438476, -0.84690017]"
the physician left you the computer .,a princess brought us a coffee .,DO,DO,LEAVE,BRING,THE,A,for,to,-35.7052116394043,"[-3.5056226, -10.829667, -7.5865974, -4.3159046, -1.3782368, -7.2115135, -0.87767136]"
the physician made her the instrument .,a minister bought a tea for me .,DO,PD,MAKE,BUY,THE,A,for,for,-41.07630157470703,"[-3.5415907, -9.109609, -10.302277, -0.85748214, -7.537219, -2.8211522, -5.4101925, -1.4967778]"
the physician made her the instrument .,a minister bought me a tea .,DO,DO,MAKE,BUY,THE,A,for,for,-37.884334564208984,"[-3.5415907, -9.109609, -10.302277, -6.587223, -0.45703804, -6.0542183, -1.8323776]"
the physician made the computer for you .,a pilot saved a chocolate for us .,PD,PD,MAKE,SAVE,THE,A,for,for,-43.452083587646484,"[-3.4777055, -7.599385, -8.954872, -1.1583722, -10.083941, -6.656497, -4.540144, -0.9811666]"
the physician made the computer for you .,a pilot saved us a chocolate .,PD,DO,MAKE,SAVE,THE,A,for,for,-47.82051086425781,"[-3.4777055, -7.599385, -8.954872, -7.8414354, -3.2351089, -12.295541, -4.4164634]"
the physician made the instrument for her .,a minister bought a tea for me .,PD,PD,MAKE,BUY,THE,A,for,for,-38.27747344970703,"[-3.544234, -9.166896, -10.073071, -0.7649936, -7.3690605, -1.9035845, -3.9545197, -1.5011129]"
the physician made the instrument for her .,a minister bought me a tea .,PD,DO,MAKE,BUY,THE,A,for,for,-37.72186279296875,"[-3.544234, -9.166896, -10.073071, -6.3998995, -0.39762226, -5.9718075, -2.1683362]"
the physician made the instrument for you .,a teacher kept a bell for us .,PD,PD,MAKE,KEEP,THE,A,for,for,-36.75225830078125,"[-3.5305429, -7.1818414, -8.340238, -0.9879159, -8.95034, -2.1217601, -4.125564, -1.5140556]"
the physician made the instrument for you .,a teacher kept us a bell .,PD,DO,MAKE,KEEP,THE,A,for,for,-43.69402313232422,"[-3.5305429, -7.1818414, -8.340238, -7.086853, -4.935438, -9.886727, -2.7323818]"
the physician made you the computer .,a pilot saved a chocolate for us .,DO,PD,MAKE,SAVE,THE,A,for,for,-45.96068572998047,"[-3.4817443, -7.6416407, -8.971813, -1.1890259, -10.421377, -7.362235, -5.748685, -1.1441684]"
the physician made you the computer .,a pilot saved us a chocolate .,DO,DO,MAKE,SAVE,THE,A,for,for,-45.44811248779297,"[-3.4817443, -7.6416407, -8.971813, -6.7467594, -2.6969078, -12.074544, -3.8347025]"
the physician made you the instrument .,a teacher kept a bell for us .,DO,PD,MAKE,KEEP,THE,A,for,for,-39.80023193359375,"[-3.5303907, -7.3392205, -8.217435, -1.5752633, -9.596213, -3.045786, -4.772475, -1.7234452]"
the physician made you the instrument .,a teacher kept us a bell .,DO,DO,MAKE,KEEP,THE,A,for,for,-40.77763748168945,"[-3.5303907, -7.3392205, -8.217435, -5.2709236, -4.250136, -10.025253, -2.1442785]"
the physician promised him the tea .,an actress bought a coffee for you .,DO,PD,PROMISE,BUY,THE,A,to,for,-37.629615783691406,"[-5.6602516, -7.196622, -7.6396275, -1.0385857, -5.4068375, -2.4139, -7.3143167, -0.9594752]"
the physician promised him the tea .,an actress bought you a coffee .,DO,DO,PROMISE,BUY,THE,A,to,for,-33.53736114501953,"[-5.6602516, -7.196622, -7.6396275, -7.2342854, -0.8278122, -4.0029325, -0.9758278]"
the physician promised it the bell .,a champion bought a beer for us .,DO,PD,PROMISE,BUY,THE,A,to,for,-42.26477813720703,"[-3.6433527, -9.09446, -11.8045635, -1.3081044, -6.2983627, -2.3694894, -6.446948, -1.2994971]"
the physician promised it the bell .,a champion bought us a beer .,DO,DO,PROMISE,BUY,THE,A,to,for,-38.05913162231445,"[-3.6433527, -9.09446, -11.8045635, -7.0565796, -1.1234536, -4.3321285, -1.0045936]"
the physician promised it the juice .,a buddy purchased a coat for him .,DO,PD,PROMISE,PURCHASE,THE,A,to,for,-41.166603088378906,"[-3.6411817, -10.299473, -8.997065, -1.1666143, -8.743568, -2.7911825, -3.8537192, -1.6738017]"
the physician promised it the juice .,a buddy purchased him a coat .,DO,DO,PROMISE,PURCHASE,THE,A,to,for,-37.932003021240234,"[-3.6411817, -10.299473, -8.997065, -4.764291, -0.87640524, -7.850195, -1.5033933]"
the physician promised me the chocolate .,a leader got a salad for us .,DO,PD,PROMISE,GET,THE,A,to,for,-43.16228485107422,"[-3.6618845, -8.245774, -9.867252, -2.167332, -10.442425, -3.059435, -4.5967884, -1.1213938]"
the physician promised me the chocolate .,a leader got us a salad .,DO,DO,PROMISE,GET,THE,A,to,for,-39.693519592285156,"[-3.6618845, -8.245774, -9.867252, -6.413685, -2.2089338, -7.9804955, -1.3154923]"
the physician promised me the plate .,a buddy kept a juice for him .,DO,PD,PROMISE,KEEP,THE,A,to,for,-49.552406311035156,"[-3.671927, -10.140417, -8.570554, -3.273851, -11.715931, -6.221634, -4.706828, -1.2512679]"
the physician promised me the plate .,a buddy kept him a juice .,DO,DO,PROMISE,KEEP,THE,A,to,for,-45.583106994628906,"[-3.671927, -10.140417, -8.570554, -5.445377, -4.6611943, -10.74298, -2.3506567]"
the physician promised me the tea .,a woman sold a newspaper to you .,DO,PD,PROMISE,SELL,THE,A,to,to,-36.55247497558594,"[-3.6490374, -4.2926426, -8.563526, -2.1321056, -7.9431233, -1.5050755, -7.1876917, -1.2792754]"
the physician promised me the tea .,a woman sold you a newspaper .,DO,DO,PROMISE,SELL,THE,A,to,to,-34.47270584106445,"[-3.6490374, -4.2926426, -8.563526, -7.180499, -1.2318473, -8.340064, -1.2150902]"
the physician promised the bell to it .,a champion bought a beer for us .,PD,PD,PROMISE,BUY,THE,A,to,for,-42.69178009033203,"[-3.5681667, -9.166447, -12.190509, -0.84308714, -6.238329, -2.3786137, -7.1209407, -1.1856842]"
the physician promised the bell to it .,a champion bought us a beer .,PD,DO,PROMISE,BUY,THE,A,to,for,-39.02165985107422,"[-3.5681667, -9.166447, -12.190509, -7.9362125, -0.95126903, -4.1560636, -1.0529914]"
the physician promised the chocolate to me .,a leader got a salad for us .,PD,PD,PROMISE,GET,THE,A,to,for,-42.91526794433594,"[-3.6013741, -8.247654, -10.274146, -1.9007368, -10.1746235, -3.0716507, -4.3636713, -1.2814146]"
the physician promised the chocolate to me .,a leader got us a salad .,PD,DO,PROMISE,GET,THE,A,to,for,-41.707557678222656,"[-3.6013741, -8.247654, -10.274146, -6.9019117, -2.1104364, -8.482796, -2.0892382]"
the physician promised the juice to it .,a buddy purchased a coat for him .,PD,PD,PROMISE,PURCHASE,THE,A,to,for,-40.36600875854492,"[-3.5873392, -10.303266, -8.764802, -1.0890408, -8.863543, -2.8730464, -3.4104748, -1.4744972]"
the physician promised the juice to it .,a buddy purchased him a coat .,PD,DO,PROMISE,PURCHASE,THE,A,to,for,-38.891483306884766,"[-3.5873392, -10.303266, -8.764802, -5.332527, -0.8703871, -8.2031, -1.8300629]"
the physician promised the plate to me .,a buddy kept a juice for him .,PD,PD,PROMISE,KEEP,THE,A,to,for,-48.46509552001953,"[-3.5943549, -10.241259, -8.759213, -2.5969427, -11.375555, -5.9472513, -4.858646, -1.0918736]"
the physician promised the plate to me .,a buddy kept him a juice .,PD,DO,PROMISE,KEEP,THE,A,to,for,-46.24836730957031,"[-3.5943549, -10.241259, -8.759213, -5.2549973, -4.4067245, -10.631828, -3.3599894]"
the physician promised the tea to him .,an actress bought a coffee for you .,PD,PD,PROMISE,BUY,THE,A,to,for,-38.64313888549805,"[-5.6435647, -7.342943, -7.913368, -0.8182684, -5.6932497, -2.4836864, -7.537088, -1.2109728]"
the physician promised the tea to him .,an actress bought you a coffee .,PD,DO,PROMISE,BUY,THE,A,to,for,-36.51628112792969,"[-5.6435647, -7.342943, -7.913368, -8.678285, -0.6856594, -4.612759, -1.6397016]"
the physician promised the tea to me .,a woman sold a newspaper to you .,PD,PD,PROMISE,SELL,THE,A,to,to,-35.42881774902344,"[-3.5858483, -4.3322983, -8.714281, -1.8616163, -8.150378, -0.7852324, -6.624912, -1.37425]"
the physician promised the tea to me .,a woman sold you a newspaper .,PD,DO,PROMISE,SELL,THE,A,to,to,-35.79595947265625,"[-3.5858483, -4.3322983, -8.714281, -7.7965856, -1.043097, -8.49102, -1.8328283]"
the physician promised the tea to us .,a guest sold a bag to it .,PD,PD,PROMISE,SELL,THE,A,to,to,-44.99858093261719,"[-3.5929296, -7.5811253, -14.077971, -2.3112085, -4.174819, -3.8679147, -8.645324, -0.7472885]"
the physician promised the tea to us .,a guest sold it a bag .,PD,DO,PROMISE,SELL,THE,A,to,to,-45.260902404785156,"[-3.5929296, -7.5811253, -14.077971, -5.6477566, -6.72003, -5.0055223, -2.6355693]"
the physician promised us the tea .,a guest sold a bag to it .,DO,PD,PROMISE,SELL,THE,A,to,to,-47.035072326660156,"[-3.6344194, -7.634815, -14.498856, -2.9169228, -4.313232, -4.769726, -8.510799, -0.75630367]"
the physician promised us the tea .,a guest sold it a bag .,DO,DO,PROMISE,SELL,THE,A,to,to,-46.25904083251953,"[-3.6344194, -7.634815, -14.498856, -5.658636, -6.8047943, -5.6866565, -2.3408666]"
the physician purchased him the gun .,a cop bought a coffee for me .,DO,PD,PURCHASE,BUY,THE,A,for,for,-40.08784484863281,"[-3.6712465, -8.371492, -6.212515, -3.965552, -9.444945, -3.5534344, -3.9570124, -0.9116481]"
the physician purchased him the gun .,a cop bought me a coffee .,DO,DO,PURCHASE,BUY,THE,A,for,for,-32.95951843261719,"[-3.6712465, -8.371492, -6.212515, -5.1725492, -1.0078155, -7.4743547, -1.0495458]"
the physician purchased the bag for you .,an aunt gave a tea to me .,PD,PD,PURCHASE,GIVE,THE,A,for,to,-35.062225341796875,"[-5.668376, -8.494448, -5.34013, -2.4032035, -9.524864, -0.5319579, -2.0506063, -1.0486401]"
the physician purchased the bag for you .,an aunt gave me a tea .,PD,DO,PURCHASE,GIVE,THE,A,for,to,-32.20668029785156,"[-5.668376, -8.494448, -5.34013, -1.740892, -0.91735506, -7.5783396, -2.4671376]"
the physician purchased the cheese for them .,an actor delivered a beer for her .,PD,PD,PURCHASE,DELIVER,THE,A,for,for,-37.73051452636719,"[-5.6757917, -6.607573, -9.498747, -1.013241, -7.6872153, -2.290529, -3.1015792, -1.8558395]"
the physician purchased the cheese for them .,an actor delivered her a beer .,PD,DO,PURCHASE,DELIVER,THE,A,for,for,-39.57677459716797,"[-5.6757917, -6.607573, -9.498747, -5.0468388, -5.0657177, -5.761221, -1.9208848]"
the physician purchased the gun for him .,a cop bought a coffee for me .,PD,PD,PURCHASE,BUY,THE,A,for,for,-35.65826416015625,"[-3.624011, -8.3155775, -6.2859206, -1.5803268, -9.522825, -1.3633649, -4.2136693, -0.7525662]"
the physician purchased the gun for him .,a cop bought me a coffee .,PD,DO,PURCHASE,BUY,THE,A,for,for,-31.065399169921875,"[-3.624011, -8.3155775, -6.2859206, -4.907486, -0.55090296, -6.0236034, -1.3578976]"
the physician purchased the gun for us .,a man gave a card to me .,PD,PD,PURCHASE,GIVE,THE,A,for,to,-33.681983947753906,"[-3.6138117, -3.4730709, -7.2578983, -1.7130815, -10.265875, -0.22567701, -5.5720677, -1.5605032]"
the physician purchased the gun for us .,a man gave me a card .,PD,DO,PURCHASE,GIVE,THE,A,for,to,-28.294479370117188,"[-3.6138117, -3.4730709, -7.2578983, -3.9457016, -0.77388763, -6.838605, -2.3915043]"
the physician purchased them the cheese .,an actor delivered a beer for her .,DO,PD,PURCHASE,DELIVER,THE,A,for,for,-40.39611053466797,"[-5.69401, -6.618465, -9.383757, -1.067297, -8.312057, -3.6487584, -3.1344774, -2.5372863]"
the physician purchased them the cheese .,an actor delivered her a beer .,DO,DO,PURCHASE,DELIVER,THE,A,for,for,-38.206851959228516,"[-5.69401, -6.618465, -9.383757, -4.6585693, -5.0675125, -5.4019723, -1.3825663]"
the physician purchased us the gun .,a man gave a card to me .,DO,PD,PURCHASE,GIVE,THE,A,for,to,-32.769187927246094,"[-3.6629438, -3.73436, -6.994644, -1.7586027, -9.8873005, -0.38600084, -4.6094046, -1.7359295]"
the physician purchased us the gun .,a man gave me a card .,DO,DO,PURCHASE,GIVE,THE,A,for,to,-26.683799743652344,"[-3.6629438, -3.73436, -6.994644, -2.19179, -0.9077347, -7.428287, -1.7640402]"
the physician purchased you the bag .,an aunt gave a tea to me .,DO,PD,PURCHASE,GIVE,THE,A,for,to,-33.840187072753906,"[-5.669902, -8.559706, -5.057314, -2.855416, -8.744628, -0.50429904, -1.4844096, -0.9645122]"
the physician purchased you the bag .,an aunt gave me a tea .,DO,DO,PURCHASE,GIVE,THE,A,for,to,-30.578962326049805,"[-5.669902, -8.559706, -5.057314, -0.8548877, -1.0814537, -7.385522, -1.970178]"
the physician saved him the book .,an actor delivered a cheese for you .,DO,PD,SAVE,DELIVER,THE,A,for,for,-46.985801696777344,"[-5.630718, -6.3892283, -9.755247, -0.8551462, -12.455234, -5.1666346, -5.602827, -1.1307681]"
the physician saved him the book .,an actor delivered you a cheese .,DO,DO,SAVE,DELIVER,THE,A,for,for,-45.54609680175781,"[-5.630718, -6.3892283, -9.755247, -8.339468, -0.94922197, -11.17031, -3.3119001]"
the physician saved him the tea .,a nurse left a cheese for you .,DO,PD,SAVE,LEAVE,THE,A,for,for,-43.175132751464844,"[-3.65243, -6.7805257, -6.3296356, -1.9099827, -11.929948, -5.1198816, -6.183719, -1.2690092]"
the physician saved him the tea .,a nurse left you a cheese .,DO,DO,SAVE,LEAVE,THE,A,for,for,-38.905372619628906,"[-3.65243, -6.7805257, -6.3296356, -7.813307, -1.852584, -9.973314, -2.5035758]"
the physician saved me the book .,a cousin drew a crystal for you .,DO,PD,SAVE,DRAW,THE,A,for,for,-43.914215087890625,"[-3.6383228, -9.361851, -9.477049, -1.3975811, -9.061647, -4.8821325, -5.199769, -0.8958643]"
the physician saved me the book .,a cousin drew you a crystal .,DO,DO,SAVE,DRAW,THE,A,for,for,-43.511314392089844,"[-3.6383228, -9.361851, -9.477049, -7.1666775, -1.3347613, -9.680405, -2.8522487]"
the physician saved the book for him .,an actor delivered a cheese for you .,PD,PD,SAVE,DELIVER,THE,A,for,for,-46.08961486816406,"[-5.6190186, -6.4625435, -9.832456, -0.75329304, -12.177048, -4.598645, -5.6053495, -1.0412601]"
the physician saved the book for him .,an actor delivered you a cheese .,PD,DO,SAVE,DELIVER,THE,A,for,for,-46.32978057861328,"[-5.6190186, -6.4625435, -9.832456, -9.247916, -0.91409725, -10.515332, -3.7384171]"
the physician saved the book for me .,a cousin drew a crystal for you .,PD,PD,SAVE,DRAW,THE,A,for,for,-42.64708709716797,"[-3.5885782, -9.393585, -9.633988, -1.1628432, -8.7505, -4.272072, -5.023191, -0.82232773]"
the physician saved the book for me .,a cousin drew you a crystal .,PD,DO,SAVE,DRAW,THE,A,for,for,-44.080841064453125,"[-3.5885782, -9.393585, -9.633988, -7.788544, -1.216871, -9.451753, -3.0075188]"
the physician saved the coffee for us .,a guy designed a computer for you .,PD,PD,SAVE,DESIGN,THE,A,for,for,-33.42677688598633,"[-3.6013231, -7.6055293, -9.616514, -0.9047452, -5.4980836, -2.460856, -2.9855177, -0.75420815]"
the physician saved the coffee for us .,a guy designed you a computer .,PD,DO,SAVE,DESIGN,THE,A,for,for,-38.14299774169922,"[-3.6013231, -7.6055293, -9.616514, -6.8506546, -2.2953029, -6.5284963, -1.6451777]"
the physician saved the tea for him .,a nurse left a cheese for you .,PD,PD,SAVE,LEAVE,THE,A,for,for,-40.16950988769531,"[-3.5996857, -6.9225082, -6.3464127, -1.6448531, -10.626345, -3.9803877, -5.8422203, -1.2070961]"
the physician saved the tea for him .,a nurse left you a cheese .,PD,DO,SAVE,LEAVE,THE,A,for,for,-40.453983306884766,"[-3.5996857, -6.9225082, -6.3464127, -8.125168, -2.299745, -9.832068, -3.328394]"
the physician saved the tea for them .,a mayor kept a wire for us .,PD,PD,SAVE,KEEP,THE,A,for,for,-49.05787658691406,"[-3.585074, -10.088342, -10.677053, -2.7854314, -10.024993, -4.2971363, -5.76337, -1.8364795]"
the physician saved the tea for them .,a mayor kept us a wire .,PD,DO,SAVE,KEEP,THE,A,for,for,-52.73274230957031,"[-3.585074, -10.088342, -10.677053, -6.9826884, -6.316813, -12.293388, -2.7893827]"
the physician saved the tea for us .,a cousin threw a meal to you .,PD,PD,SAVE,THROW,THE,A,for,to,-39.60378646850586,"[-3.5991344, -9.30806, -7.8320546, -1.0443891, -7.565462, -2.9608128, -6.281803, -1.0120715]"
the physician saved the tea for us .,a cousin threw you a meal .,PD,DO,SAVE,THROW,THE,A,for,to,-39.439453125,"[-3.5991344, -9.30806, -7.8320546, -7.764192, -0.8109924, -8.297224, -1.8277973]"
the physician saved the tea for you .,an opponent got an engine for her .,PD,PD,SAVE,GET,THE,A,for,for,-45.149253845214844,"[-5.6280637, -8.285065, -9.135741, -4.187871, -8.749339, -3.602356, -2.8169565, -2.7438602]"
the physician saved the tea for you .,an opponent got her an engine .,PD,DO,SAVE,GET,THE,A,for,for,-45.21888732910156,"[-5.6280637, -8.285065, -9.135741, -3.8915472, -6.476488, -9.823359, -1.9786234]"
the physician saved them the tea .,a mayor kept a wire for us .,DO,PD,SAVE,KEEP,THE,A,for,for,-49.15399169921875,"[-3.629592, -10.153524, -10.475003, -2.7848237, -9.757887, -4.675173, -5.929079, -1.748911]"
the physician saved them the tea .,a mayor kept us a wire .,DO,DO,SAVE,KEEP,THE,A,for,for,-49.511470794677734,"[-3.629592, -10.153524, -10.475003, -6.442087, -5.575119, -11.269775, -1.9663695]"
the physician saved us the coffee .,a guy designed a computer for you .,DO,PD,SAVE,DESIGN,THE,A,for,for,-34.77383041381836,"[-3.656584, -7.5817904, -9.44403, -1.2542907, -5.358455, -2.9929461, -3.5564926, -0.929242]"
the physician saved us the coffee .,a guy designed you a computer .,DO,DO,SAVE,DESIGN,THE,A,for,for,-36.481361389160156,"[-3.656584, -7.5817904, -9.44403, -5.902426, -2.2692046, -6.319834, -1.3074943]"
the physician saved us the tea .,a cousin threw a meal to you .,DO,PD,SAVE,THROW,THE,A,for,to,-40.193321228027344,"[-3.6533954, -9.370229, -7.9077663, -0.97169733, -8.261085, -2.5777745, -6.189504, -1.2618723]"
the physician saved us the tea .,a cousin threw you a meal .,DO,DO,SAVE,THROW,THE,A,for,to,-38.67936706542969,"[-3.6533954, -9.370229, -7.9077663, -7.007319, -0.6445324, -8.54986, -1.5462669]"
the physician saved you the tea .,an opponent got an engine for her .,DO,PD,SAVE,GET,THE,A,for,for,-46.195255279541016,"[-5.6471376, -8.266321, -9.351889, -4.028172, -8.940096, -4.2539816, -2.5659041, -3.141756]"
the physician saved you the tea .,an opponent got her an engine .,DO,DO,SAVE,GET,THE,A,for,for,-45.78136444091797,"[-5.6471376, -8.266321, -9.351889, -3.7477536, -6.6255007, -10.297306, -1.8454587]"
the physician sent him the beer .,a father saved a pot for you .,DO,PD,SEND,SAVE,THE,A,to,for,-45.56401062011719,"[-3.5583775, -6.6644564, -8.606849, -2.463579, -8.972887, -4.651463, -9.50779, -1.1386093]"
the physician sent him the beer .,a father saved you a pot .,DO,DO,SEND,SAVE,THE,A,to,for,-41.934207916259766,"[-3.5583775, -6.6644564, -8.606849, -10.317896, -3.870947, -6.4344215, -2.4812605]"
the physician sent it the chicken .,a parent delivered a flower for me .,DO,PD,SEND,DELIVER,THE,A,to,for,-41.162025451660156,"[-3.5613818, -7.794061, -8.430155, -0.8676447, -9.009877, -3.238162, -6.6559067, -1.6048386]"
the physician sent it the chicken .,a parent delivered me a flower .,DO,DO,SEND,DELIVER,THE,A,to,for,-36.783626556396484,"[-3.5613818, -7.794061, -8.430155, -6.8246255, -0.7045324, -7.9044795, -1.5643926]"
the physician sent the beer to him .,a father saved a pot for you .,PD,PD,SEND,SAVE,THE,A,to,for,-44.286441802978516,"[-3.5044205, -6.6255713, -8.908959, -1.8738005, -8.796207, -4.37449, -9.053966, -1.1490278]"
the physician sent the beer to him .,a father saved you a pot .,PD,DO,SEND,SAVE,THE,A,to,for,-43.21449279785156,"[-3.5044205, -6.6255713, -8.908959, -10.887439, -3.8617089, -6.455183, -2.9712086]"
the physician sent the cheese to us .,a daughter saved a coffee for me .,PD,PD,SEND,SAVE,THE,A,to,for,-42.788475036621094,"[-3.5301092, -8.84993, -9.728191, -1.5433729, -10.139749, -3.8142822, -4.2790074, -0.9038316]"
the physician sent the cheese to us .,a daughter saved me a coffee .,PD,DO,SEND,SAVE,THE,A,to,for,-38.94157791137695,"[-3.5301092, -8.84993, -9.728191, -6.830641, -2.2789164, -6.2509685, -1.4728209]"
the physician sent the chicken to it .,a parent delivered a flower for me .,PD,PD,SEND,DELIVER,THE,A,to,for,-42.99983215332031,"[-3.5307333, -7.894597, -8.527683, -0.7985563, -9.439594, -3.6683435, -7.7876415, -1.3526826]"
the physician sent the chicken to it .,a parent delivered me a flower .,PD,DO,SEND,DELIVER,THE,A,to,for,-37.44133377075195,"[-3.5307333, -7.894597, -8.527683, -7.4061384, -0.7129986, -7.8806562, -1.4885253]"
the physician sent the chicken to them .,a manager caught a bottle for it .,PD,PD,SEND,CATCH,THE,A,to,for,-43.56720733642578,"[-3.51361, -8.476392, -8.277746, -2.4394717, -7.0721908, -6.2738185, -6.2164106, -1.29757]"
the physician sent the chicken to them .,a manager caught it a bottle .,PD,DO,SEND,CATCH,THE,A,to,for,-45.27091598510742,"[-3.51361, -8.476392, -8.277746, -5.2241435, -6.089086, -10.81064, -2.8792975]"
the physician sent them the chicken .,a manager caught a bottle for it .,DO,PD,SEND,CATCH,THE,A,to,for,-46.16944122314453,"[-3.5299382, -8.492142, -8.244242, -4.056944, -7.8333607, -6.091552, -6.726033, -1.1952302]"
the physician sent them the chicken .,a manager caught it a bottle .,DO,DO,SEND,CATCH,THE,A,to,for,-43.195106506347656,"[-3.5299382, -8.492142, -8.244242, -5.369972, -5.8936596, -9.07194, -2.5932112]"
the physician sent us the cheese .,a daughter saved a coffee for me .,DO,PD,SEND,SAVE,THE,A,to,for,-44.48573303222656,"[-3.570899, -8.8689785, -9.712232, -1.956038, -10.358742, -4.1562243, -4.853955, -1.0086663]"
the physician sent us the cheese .,a daughter saved me a coffee .,DO,DO,SEND,SAVE,THE,A,to,for,-36.94013214111328,"[-3.570899, -8.8689785, -9.712232, -5.665137, -2.4088244, -5.651206, -1.0628545]"
the physician showed her the box .,a boy purchased a candy for it .,DO,PD,SHOW,PURCHASE,THE,A,to,for,-41.70560836791992,"[-3.588044, -6.704092, -10.468391, -0.69413614, -6.570758, -3.8484585, -8.145531, -1.6861987]"
the physician showed her the box .,a boy purchased it a candy .,DO,DO,SHOW,PURCHASE,THE,A,to,for,-49.61531448364258,"[-3.588044, -6.704092, -10.468391, -6.159927, -5.9217634, -11.538221, -5.2348747]"
the physician showed her the camera .,a woman made a key for me .,DO,PD,SHOW,MAKE,THE,A,to,for,-39.16256332397461,"[-3.585444, -3.7713518, -7.7194858, -1.053966, -7.556197, -6.9291415, -6.8971586, -1.649819]"
the physician showed her the camera .,a woman made me a key .,DO,DO,SHOW,MAKE,THE,A,to,for,-35.303829193115234,"[-3.585444, -3.7713518, -7.7194858, -7.4580503, -3.0192418, -7.92587, -1.8243866]"
the physician showed her the coat .,a doctor sent a tea to us .,DO,PD,SHOW,SEND,THE,A,to,to,-36.75236511230469,"[-3.6110158, -5.942192, -7.2277174, -2.039323, -10.181709, -1.3653854, -5.6765738, -0.70844793]"
the physician showed her the coat .,a doctor sent us a tea .,DO,DO,SHOW,SEND,THE,A,to,to,-33.625797271728516,"[-3.6110158, -5.942192, -7.2277174, -5.2754908, -1.1663494, -8.593155, -1.8098767]"
the physician showed him the coat .,a reader gave a beer to you .,DO,PD,SHOW,GIVE,THE,A,to,to,-39.636714935302734,"[-3.6077924, -7.121335, -6.5261593, -3.5067225, -10.403616, -0.9540931, -6.7624846, -0.75451374]"
the physician showed him the coat .,a reader gave you a beer .,DO,DO,SHOW,GIVE,THE,A,to,to,-34.911102294921875,"[-3.6077924, -7.121335, -6.5261593, -6.0546637, -1.5324672, -8.569014, -1.499671]"
the physician showed it the coat .,a guy got a flower for you .,DO,PD,SHOW,GET,THE,A,to,for,-39.77895736694336,"[-3.6006403, -7.826314, -5.3508463, -2.513247, -9.460781, -3.4692929, -6.6008825, -0.9569525]"
the physician showed it the coat .,a guy got you a flower .,DO,DO,SHOW,GET,THE,A,to,for,-36.30168914794922,"[-3.6006403, -7.826314, -5.3508463, -8.305302, -1.7231025, -8.294181, -1.2013049]"
the physician showed it the coffee .,a corporation designed a key for us .,DO,PD,SHOW,DESIGN,THE,A,to,for,-50.08363723754883,"[-3.5736487, -10.930769, -7.8461475, -6.8177133, -7.8689594, -3.5495424, -7.7594748, -1.7373815]"
the physician showed it the coffee .,a corporation designed us a key .,DO,DO,SHOW,DESIGN,THE,A,to,for,-50.56935119628906,"[-3.5736487, -10.930769, -7.8461475, -12.724987, -4.895555, -7.9383316, -2.6599145]"
the physician showed it the tea .,a nurse purchased a pie for us .,DO,PD,SHOW,PURCHASE,THE,A,to,for,-40.69982147216797,"[-3.5657601, -6.7504334, -10.372301, -1.3286095, -8.481396, -2.2578297, -6.7347555, -1.2087343]"
the physician showed it the tea .,a nurse purchased us a pie .,DO,DO,SHOW,PURCHASE,THE,A,to,for,-40.227020263671875,"[-3.5657601, -6.7504334, -10.372301, -9.4253, -1.0530277, -7.819982, -1.2402173]"
the physician showed the box to her .,a boy purchased a candy for it .,PD,PD,SHOW,PURCHASE,THE,A,to,for,-42.418033599853516,"[-3.5606475, -6.8149414, -10.681955, -0.6527679, -6.4567122, -3.7677703, -8.041897, -2.4413426]"
the physician showed the box to her .,a boy purchased it a candy .,PD,DO,SHOW,PURCHASE,THE,A,to,for,-51.527000427246094,"[-3.5606475, -6.8149414, -10.681955, -6.6419916, -5.731756, -11.926458, -6.1692495]"
the physician showed the camera to her .,a woman made a key for me .,PD,PD,SHOW,MAKE,THE,A,to,for,-39.50247573852539,"[-3.5601182, -3.9532201, -7.5626383, -0.9547445, -7.35651, -7.6355505, -6.4857826, -1.9939132]"
the physician showed the camera to her .,a woman made me a key .,PD,DO,SHOW,MAKE,THE,A,to,for,-35.229305267333984,"[-3.5601182, -3.9532201, -7.5626383, -7.787197, -2.2735686, -8.0721245, -2.020439]"
the physician showed the camera to us .,a brother left a machine for you .,PD,PD,SHOW,LEAVE,THE,A,to,for,-44.068450927734375,"[-3.5651836, -8.991682, -8.258593, -1.3471863, -10.599361, -3.3772275, -6.143218, -1.7859988]"
the physician showed the camera to us .,a brother left you a machine .,PD,DO,SHOW,LEAVE,THE,A,to,for,-44.810752868652344,"[-3.5651836, -8.991682, -8.258593, -7.8216467, -1.9826922, -11.58626, -2.604694]"
the physician showed the chocolate to us .,a man drew a card for me .,PD,PD,SHOW,DRAW,THE,A,to,for,-32.75428771972656,"[-3.5777245, -3.7696817, -9.183345, -0.72525376, -5.9785337, -4.184922, -3.9338336, -1.4009931]"
the physician showed the chocolate to us .,a man drew me a card .,PD,DO,SHOW,DRAW,THE,A,to,for,-31.575483322143555,"[-3.5777245, -3.7696817, -9.183345, -7.7042937, -1.3555984, -4.315237, -1.6696035]"
the physician showed the chocolate to you .,a professor threw a salad to him .,PD,PD,SHOW,THROW,THE,A,to,to,-35.48500442504883,"[-3.5693426, -7.11398, -9.941407, -0.8592771, -5.5575366, -3.238872, -4.4357605, -0.7688288]"
the physician showed the chocolate to you .,a professor threw him a salad .,PD,DO,SHOW,THROW,THE,A,to,to,-34.63829803466797,"[-3.5693426, -7.11398, -9.941407, -5.7065864, -0.6705955, -6.4561024, -1.180283]"
the physician showed the coat to her .,a doctor sent a tea to us .,PD,PD,SHOW,SEND,THE,A,to,to,-36.45720291137695,"[-3.5872612, -6.242196, -7.0649214, -1.7756628, -10.107657, -0.98048735, -5.840768, -0.8582499]"
the physician showed the coat to her .,a doctor sent us a tea .,PD,DO,SHOW,SEND,THE,A,to,to,-35.385902404785156,"[-3.5872612, -6.242196, -7.0649214, -5.541515, -0.94070035, -9.146653, -2.8626568]"
the physician showed the coat to him .,a reader gave a beer to you .,PD,PD,SHOW,GIVE,THE,A,to,to,-37.63705825805664,"[-3.5667918, -7.1995726, -6.4540462, -2.9577065, -10.0500965, -0.48203784, -6.297042, -0.6297656]"
the physician showed the coat to him .,a reader gave you a beer .,PD,DO,SHOW,GIVE,THE,A,to,to,-35.319664001464844,"[-3.5667918, -7.1995726, -6.4540462, -5.755512, -1.2518389, -8.9593725, -2.1325326]"
the physician showed the coat to it .,a guy got a flower for you .,PD,PD,SHOW,GET,THE,A,to,for,-39.89862823486328,"[-3.5788436, -7.75739, -5.6049585, -2.43709, -9.54204, -3.736556, -6.355353, -0.88639885]"
the physician showed the coat to it .,a guy got you a flower .,PD,DO,SHOW,GET,THE,A,to,for,-36.71860885620117,"[-3.5788436, -7.75739, -5.6049585, -8.4309435, -1.8028203, -8.227476, -1.3161786]"
the physician showed the coffee to it .,a corporation designed a key for us .,PD,PD,SHOW,DESIGN,THE,A,to,for,-49.42202377319336,"[-3.5428886, -10.870798, -7.7882414, -7.04327, -7.8054004, -3.1076005, -7.6935406, -1.5702847]"
the physician showed the coffee to it .,a corporation designed us a key .,PD,DO,SHOW,DESIGN,THE,A,to,for,-50.95498275756836,"[-3.5428886, -10.870798, -7.7882414, -12.655448, -5.391303, -7.655609, -3.0506952]"
the physician showed the coffee to them .,an uncle saved an anchor for us .,PD,PD,SHOW,SAVE,THE,A,to,for,-46.79473114013672,"[-5.654924, -8.401897, -11.596514, -4.153636, -8.109387, -3.055759, -4.9316173, -0.89099395]"
the physician showed the coffee to them .,an uncle saved us an anchor .,PD,DO,SHOW,SAVE,THE,A,to,for,-50.534881591796875,"[-5.654924, -8.401897, -11.596514, -6.800151, -4.965296, -10.710343, -2.4057553]"
the physician showed the juice to us .,a scientist found a coffee for them .,PD,PD,SHOW,FIND,THE,A,to,for,-38.98216247558594,"[-3.5532098, -7.220926, -5.040279, -1.2340056, -8.172447, -6.8736367, -6.0952826, -0.79237634]"
the physician showed the juice to us .,a scientist found them a coffee .,PD,DO,SHOW,FIND,THE,A,to,for,-38.771488189697266,"[-3.5532098, -7.220926, -5.040279, -7.074757, -5.037105, -8.183268, -2.6619425]"
the physician showed the juice to us .,a buddy threw a box to you .,PD,PD,SHOW,THROW,THE,A,to,to,-41.719520568847656,"[-3.5532098, -10.312481, -8.052034, -1.0098944, -6.247964, -5.5371313, -6.393549, -0.61325866]"
the physician showed the juice to us .,a buddy threw you a box .,PD,DO,SHOW,THROW,THE,A,to,to,-37.35453796386719,"[-3.5532098, -10.312481, -8.052034, -6.870801, -0.55985117, -5.578758, -2.427405]"
the physician showed the juice to you .,an aunt left a beer for me .,PD,PD,SHOW,LEAVE,THE,A,to,for,-37.400875091552734,"[-5.645583, -8.403116, -7.1289573, -1.1249975, -7.6075253, -3.3837128, -2.6633892, -1.443593]"
the physician showed the juice to you .,an aunt left me a beer .,PD,DO,SHOW,LEAVE,THE,A,to,for,-35.857017517089844,"[-5.645583, -8.403116, -7.1289573, -4.324162, -1.1419799, -7.166197, -2.0470245]"
the physician showed the juice to you .,a prince supplied a tea to her .,PD,PD,SHOW,SUPPLY,THE,A,to,to,-37.82712936401367,"[-3.5377133, -10.5505705, -10.266682, -2.455861, -5.5204, -0.8932196, -3.9663875, -0.63629633]"
the physician showed the juice to you .,a prince supplied her a tea .,PD,DO,SHOW,SUPPLY,THE,A,to,to,-38.470054626464844,"[-3.5377133, -10.5505705, -10.266682, -5.276637, -2.5331683, -4.8597765, -1.4455101]"
the physician showed the juice to you .,an administration designed a cup for it .,PD,PD,SHOW,DESIGN,THE,A,to,for,-51.580745697021484,"[-5.645583, -8.491132, -10.858253, -5.7952347, -10.757448, -2.7485237, -6.2379675, -1.046604]"
the physician showed the juice to you .,an administration designed it a cup .,PD,DO,SHOW,DESIGN,THE,A,to,for,-54.59506607055664,"[-5.645583, -8.491132, -10.858253, -7.456547, -6.780929, -11.615211, -3.7474155]"
the physician showed the tea to it .,a nurse purchased a pie for us .,PD,PD,SHOW,PURCHASE,THE,A,to,for,-38.52428436279297,"[-3.5577588, -7.0073996, -10.350061, -1.1835803, -8.066282, -2.3173792, -5.10032, -0.9415016]"
the physician showed the tea to it .,a nurse purchased us a pie .,PD,DO,SHOW,PURCHASE,THE,A,to,for,-39.76231002807617,"[-3.5577588, -7.0073996, -10.350061, -8.577418, -0.9826302, -7.715026, -1.572016]"
the physician showed the tea to us .,an adult left a beer for you .,PD,PD,SHOW,LEAVE,THE,A,to,for,-38.70682144165039,"[-5.645023, -6.265236, -8.871735, -1.9229987, -6.423185, -4.0483065, -4.323904, -1.2064347]"
the physician showed the tea to us .,an adult left you a beer .,PD,DO,SHOW,LEAVE,THE,A,to,for,-38.827117919921875,"[-5.645023, -6.265236, -8.871735, -7.2305307, -2.1731963, -6.982928, -1.658467]"
the physician showed the tea to you .,a winner took a television to them .,PD,PD,SHOW,TAKE,THE,A,to,to,-48.71074676513672,"[-3.5365922, -10.283958, -7.8250637, -2.7392368, -10.74155, -4.8509808, -8.08735, -0.6460135]"
the physician showed the tea to you .,a winner took them a television .,PD,DO,SHOW,TAKE,THE,A,to,to,-51.662559509277344,"[-3.5365922, -10.283958, -7.8250637, -7.1733265, -5.5099983, -12.650342, -4.683279]"
the physician showed them the coffee .,an uncle saved an anchor for us .,DO,PD,SHOW,SAVE,THE,A,to,for,-47.86537170410156,"[-5.653121, -8.260529, -11.614236, -4.0818205, -8.409001, -3.4309063, -5.4461374, -0.9696177]"
the physician showed them the coffee .,an uncle saved us an anchor .,DO,DO,SHOW,SAVE,THE,A,to,for,-49.95918273925781,"[-5.653121, -8.260529, -11.614236, -6.556917, -4.9679627, -10.639824, -2.266593]"
the physician showed us the camera .,a brother left a machine for you .,DO,PD,SHOW,LEAVE,THE,A,to,for,-44.38731384277344,"[-3.5827951, -8.948892, -7.848266, -1.6740466, -10.7197485, -4.1196795, -5.9880915, -1.5057942]"
the physician showed us the camera .,a brother left you a machine .,DO,DO,SHOW,LEAVE,THE,A,to,for,-42.4887809753418,"[-3.5827951, -8.948892, -7.848266, -6.7308664, -2.1413293, -11.4266205, -1.8100132]"
the physician showed us the chocolate .,a man drew a card for me .,DO,PD,SHOW,DRAW,THE,A,to,for,-32.82096862792969,"[-3.611237, -3.4887526, -8.930337, -0.8592741, -6.1836433, -4.109566, -4.3229694, -1.3151878]"
the physician showed us the chocolate .,a man drew me a card .,DO,DO,SHOW,DRAW,THE,A,to,for,-30.45793914794922,"[-3.611237, -3.4887526, -8.930337, -6.5582333, -2.2679303, -4.2649064, -1.3365419]"
the physician showed us the juice .,a scientist found a coffee for them .,DO,PD,SHOW,FIND,THE,A,to,for,-38.30908966064453,"[-3.586886, -7.1900883, -5.0498986, -1.1327308, -8.320829, -5.916707, -6.38645, -0.72550267]"
the physician showed us the juice .,a scientist found them a coffee .,DO,DO,SHOW,FIND,THE,A,to,for,-37.0367546081543,"[-3.586886, -7.1900883, -5.0498986, -6.423985, -4.943348, -8.553407, -1.2891436]"
the physician showed us the juice .,a buddy threw a box to you .,DO,PD,SHOW,THROW,THE,A,to,to,-42.957489013671875,"[-3.586886, -10.217415, -7.958799, -1.150341, -6.690404, -6.0654793, -6.424476, -0.86368954]"
the physician showed us the juice .,a buddy threw you a box .,DO,DO,SHOW,THROW,THE,A,to,to,-36.33068084716797,"[-3.586886, -10.217415, -7.958799, -6.0186176, -0.6673959, -5.671602, -2.2099667]"
the physician showed us the tea .,an adult left a beer for you .,DO,PD,SHOW,LEAVE,THE,A,to,for,-39.587738037109375,"[-5.6584053, -6.073992, -8.831032, -2.0587273, -6.615859, -3.8481777, -5.332159, -1.1693829]"
the physician showed us the tea .,an adult left you a beer .,DO,DO,SHOW,LEAVE,THE,A,to,for,-36.79095458984375,"[-5.6584053, -6.073992, -8.831032, -6.3844423, -2.4927378, -6.1947966, -1.1555492]"
the physician showed you the chocolate .,a professor threw a salad to him .,DO,PD,SHOW,THROW,THE,A,to,to,-37.560550689697266,"[-3.5524542, -6.9166327, -9.916023, -0.83136255, -5.8407283, -4.0234632, -5.4433613, -1.0365255]"
the physician showed you the chocolate .,a professor threw him a salad .,DO,DO,SHOW,THROW,THE,A,to,to,-34.864845275878906,"[-3.5524542, -6.9166327, -9.916023, -5.719327, -0.91354966, -6.8805914, -0.9662684]"
the physician showed you the juice .,an aunt left a beer for me .,DO,PD,SHOW,LEAVE,THE,A,to,for,-38.98310470581055,"[-5.6510897, -8.19445, -7.127394, -1.2635669, -7.7171144, -3.3874683, -4.1710916, -1.4709296]"
the physician showed you the juice .,an aunt left me a beer .,DO,DO,SHOW,LEAVE,THE,A,to,for,-33.82819366455078,"[-5.6510897, -8.19445, -7.127394, -4.2681036, -1.3230094, -5.8744793, -1.3896658]"
the physician showed you the juice .,a prince supplied a tea to her .,DO,PD,SHOW,SUPPLY,THE,A,to,to,-40.5224609375,"[-3.5313666, -10.65932, -10.355901, -2.5346994, -6.233236, -1.1498394, -4.420686, -1.6374148]"
the physician showed you the juice .,a prince supplied her a tea .,DO,DO,SHOW,SUPPLY,THE,A,to,to,-39.739479064941406,"[-3.5313666, -10.65932, -10.355901, -5.597474, -3.093604, -5.222355, -1.2794569]"
the physician showed you the juice .,an administration designed a cup for it .,DO,PD,SHOW,DESIGN,THE,A,to,for,-53.05298614501953,"[-5.6510897, -8.563964, -10.377607, -6.770661, -11.216442, -3.1461487, -6.485287, -0.84178615]"
the physician showed you the juice .,an administration designed it a cup .,DO,DO,SHOW,DESIGN,THE,A,to,for,-56.11576843261719,"[-5.6510897, -8.563964, -10.377607, -8.507347, -6.9811087, -11.843234, -4.191416]"
the physician showed you the tea .,a winner took a television to them .,DO,PD,SHOW,TAKE,THE,A,to,to,-49.23615646362305,"[-3.536343, -10.282628, -7.6517615, -2.4984083, -10.634501, -5.410351, -8.550571, -0.6715908]"
the physician showed you the tea .,a winner took them a television .,DO,DO,SHOW,TAKE,THE,A,to,to,-51.22064208984375,"[-3.536343, -10.282628, -7.6517615, -7.1281366, -5.820973, -12.609655, -4.191145]"
the physician sold her the candy .,an adult purchased a beer for you .,DO,PD,SELL,PURCHASE,THE,A,to,for,-37.64002227783203,"[-5.638076, -5.699868, -9.065006, -1.3173379, -4.4873714, -2.7300715, -7.777509, -0.92478263]"
the physician sold her the candy .,an adult purchased you a beer .,DO,DO,SELL,PURCHASE,THE,A,to,for,-34.36115264892578,"[-5.638076, -5.699868, -9.065006, -8.746478, -1.181765, -2.8176208, -1.2123371]"
the physician sold her the crystal .,a parent drew an instrument for you .,DO,PD,SELL,DRAW,THE,A,to,for,-45.630348205566406,"[-3.5906324, -7.856674, -8.349241, -3.3443441, -9.488836, -3.6315646, -7.943728, -1.4253256]"
the physician sold her the crystal .,a parent drew you an instrument .,DO,DO,SELL,DRAW,THE,A,to,for,-44.6317138671875,"[-3.5906324, -7.856674, -8.349241, -10.079045, -3.5989482, -9.412153, -1.7450211]"
the physician sold him the chicken .,a friend showed a tea to me .,DO,PD,SELL,SHOW,THE,A,to,to,-39.8963623046875,"[-3.5760248, -6.481529, -6.529888, -5.6806417, -11.252362, -4.146223, -1.0783972, -1.1512942]"
the physician sold him the chicken .,a friend showed me a tea .,DO,DO,SELL,SHOW,THE,A,to,to,-31.28992462158203,"[-3.5760248, -6.481529, -6.529888, -0.31519553, -1.5645636, -9.350424, -3.4723]"
the physician sold him the chicken .,a pilot supplied a bottle to it .,DO,PD,SELL,SUPPLY,THE,A,to,to,-42.20825958251953,"[-3.5760248, -7.430358, -9.858877, -2.680684, -6.2544975, -3.2701268, -7.76253, -1.3751636]"
the physician sold him the chicken .,a pilot supplied it a bottle .,DO,DO,SELL,SUPPLY,THE,A,to,to,-42.37522888183594,"[-3.5760248, -7.430358, -9.858877, -5.4250813, -7.7493315, -4.3708425, -3.9647162]"
the physician sold it the instrument .,an aunt threw a log to them .,DO,PD,SELL,THROW,THE,A,to,to,-44.09010696411133,"[-5.669419, -8.555294, -8.769535, -0.85214114, -8.519179, -3.862196, -6.804727, -1.057615]"
the physician sold it the instrument .,an aunt threw them a log .,DO,DO,SELL,THROW,THE,A,to,to,-41.49951934814453,"[-5.669419, -8.555294, -8.769535, -7.0290804, -1.5207987, -8.175243, -1.7801471]"
the physician sold it the tea .,a worker supplied a salad to you .,DO,PD,SELL,SUPPLY,THE,A,to,to,-41.235382080078125,"[-3.5757651, -6.8788753, -10.248157, -2.7941606, -6.5743914, -2.3128078, -7.8413343, -1.0098927]"
the physician sold it the tea .,a worker supplied you a salad .,DO,DO,SELL,SUPPLY,THE,A,to,to,-39.360374450683594,"[-3.5757651, -6.8788753, -10.248157, -7.617425, -3.6331358, -6.1933002, -1.2137163]"
the physician sold me the cheese .,a guy showed a beer to you .,DO,PD,SELL,SHOW,THE,A,to,to,-40.84212112426758,"[-3.5829043, -7.707432, -6.851643, -4.7334933, -7.5443344, -2.4013448, -6.80484, -1.2161306]"
the physician sold me the cheese .,a guy showed you a beer .,DO,DO,SELL,SHOW,THE,A,to,to,-33.83644104003906,"[-3.5829043, -7.707432, -6.851643, -6.2872863, -1.9193963, -6.312663, -1.1751142]"
the physician sold me the instrument .,an employer got a meal for you .,DO,PD,SELL,GET,THE,A,to,for,-41.505760192871094,"[-5.6471615, -6.9859533, -8.879671, -1.6893458, -9.694697, -3.4115338, -3.9408853, -1.2565123]"
the physician sold me the instrument .,an employer got you a meal .,DO,DO,SELL,GET,THE,A,to,for,-39.50163650512695,"[-5.6471615, -6.9859533, -8.879671, -5.9809775, -1.1778514, -8.406104, -2.4239159]"
the physician sold me the jacket .,a sheriff took a book to us .,DO,PD,SELL,TAKE,THE,A,to,to,-43.39997863769531,"[-3.5930276, -8.423384, -6.6114316, -1.6972632, -10.182287, -3.5147157, -7.715297, -1.6625752]"
the physician sold me the jacket .,a sheriff took us a book .,DO,DO,SELL,TAKE,THE,A,to,to,-43.173404693603516,"[-3.5930276, -8.423384, -6.6114316, -5.568707, -4.4221854, -11.449279, -3.105392]"
the physician sold me the meal .,a scientist kept a flower for us .,DO,PD,SELL,KEEP,THE,A,to,for,-40.42557907104492,"[-3.5904012, -7.1594, -9.387062, -1.9786532, -9.096969, -3.4420943, -4.4825797, -1.2884194]"
the physician sold me the meal .,a scientist kept us a flower .,DO,DO,SELL,KEEP,THE,A,to,for,-44.99525833129883,"[-3.5904012, -7.1594, -9.387062, -5.5002966, -6.038205, -11.628577, -1.6913143]"
the physician sold me the tea .,a chief kept a salad for you .,DO,PD,SELL,KEEP,THE,A,to,for,-48.000457763671875,"[-3.5746772, -9.120642, -10.326936, -2.42826, -10.99275, -3.1538959, -7.0705895, -1.332708]"
the physician sold me the tea .,a chief kept you a salad .,DO,DO,SELL,KEEP,THE,A,to,for,-46.37989044189453,"[-3.5746772, -9.120642, -10.326936, -5.845625, -5.8179107, -9.984197, -1.7099028]"
the physician sold me the tea .,a kid bought a key for him .,DO,PD,SELL,BUY,THE,A,to,for,-37.106414794921875,"[-3.5746772, -8.775621, -6.8742075, -1.3236691, -8.21508, -2.762126, -4.4319296, -1.1491013]"
the physician sold me the tea .,a kid bought him a key .,DO,DO,SELL,BUY,THE,A,to,for,-33.432167053222656,"[-3.5746772, -8.775621, -6.8742075, -3.5379462, -0.830742, -8.400139, -1.4388309]"
the physician sold the candy to her .,an adult purchased a beer for you .,PD,PD,SELL,PURCHASE,THE,A,to,for,-37.13420486450195,"[-5.6779637, -5.85631, -9.042032, -1.2654495, -4.3104267, -2.7307944, -7.2377987, -1.01343]"
the physician sold the candy to her .,an adult purchased you a beer .,PD,DO,SELL,PURCHASE,THE,A,to,for,-35.33061981201172,"[-5.6779637, -5.85631, -9.042032, -8.806695, -1.2060733, -3.2134366, -1.5281084]"
the physician sold the candy to them .,a partner fed a cheese to me .,PD,PD,SELL,FEED,THE,A,to,to,-41.00326919555664,"[-3.5960152, -9.3888645, -12.293781, -1.9993656, -6.835142, -1.1920252, -4.7878785, -0.91019785]"
the physician sold the candy to them .,a partner fed me a cheese .,PD,DO,SELL,FEED,THE,A,to,to,-41.12680435180664,"[-3.5960152, -9.3888645, -12.293781, -4.094535, -1.5226116, -6.2670918, -3.9639068]"
the physician sold the cheese to me .,a guy showed a beer to you .,PD,PD,SELL,SHOW,THE,A,to,to,-37.043907165527344,"[-3.5620944, -7.616516, -6.9184723, -3.9434078, -6.9153275, -0.49239, -6.679366, -0.91633135]"
the physician sold the cheese to me .,a guy showed you a beer .,PD,DO,SELL,SHOW,THE,A,to,to,-33.20900344848633,"[-3.5620944, -7.616516, -6.9184723, -5.7410893, -1.3875499, -6.2853584, -1.6979233]"
the physician sold the chicken to him .,a friend showed a tea to me .,PD,PD,SELL,SHOW,THE,A,to,to,-35.15107345581055,"[-3.575305, -6.2952433, -6.406791, -5.035346, -10.407124, -1.9164176, -0.71759397, -0.7972517]"
the physician sold the chicken to him .,a friend showed me a tea .,PD,DO,SELL,SHOW,THE,A,to,to,-31.042091369628906,"[-3.575305, -6.2952433, -6.406791, -0.24853225, -1.3793275, -9.111416, -4.0254745]"
the physician sold the chicken to him .,a pilot supplied a bottle to it .,PD,PD,SELL,SUPPLY,THE,A,to,to,-39.01171112060547,"[-3.575305, -7.496748, -9.8230915, -2.3542209, -5.688999, -2.3161893, -6.8098516, -0.947304]"
the physician sold the chicken to him .,a pilot supplied it a bottle .,PD,DO,SELL,SUPPLY,THE,A,to,to,-41.97655487060547,"[-3.575305, -7.496748, -9.8230915, -5.4299617, -7.2541604, -4.3351417, -4.062144]"
the physician sold the coffee to you .,a nurse made a newspaper for us .,PD,PD,SELL,MAKE,THE,A,to,for,-36.11274719238281,"[-3.541861, -7.241082, -6.3299475, -1.1615233, -8.824419, -4.2621894, -3.8102736, -0.9414528]"
the physician sold the coffee to you .,a nurse made us a newspaper .,PD,DO,SELL,MAKE,THE,A,to,for,-37.50954055786133,"[-3.541861, -7.241082, -6.3299475, -6.972532, -2.3511333, -9.769634, -1.3033528]"
the physician sold the crystal to her .,a parent drew an instrument for you .,PD,PD,SELL,DRAW,THE,A,to,for,-44.4796142578125,"[-3.5969367, -7.922127, -8.379678, -3.3215613, -8.751168, -3.5767918, -7.3826365, -1.5487168]"
the physician sold the crystal to her .,a parent drew you an instrument .,PD,DO,SELL,DRAW,THE,A,to,for,-45.0819091796875,"[-3.5969367, -7.922127, -8.379678, -9.820207, -3.9388757, -9.256648, -2.1674368]"
the physician sold the gun to you .,an attorney delivered a chocolate for her .,PD,PD,SELL,DELIVER,THE,A,to,for,-43.403167724609375,"[-5.6712837, -5.042741, -9.496587, -0.8198778, -10.708577, -6.4091244, -3.088223, -2.166754]"
the physician sold the gun to you .,an attorney delivered her a chocolate .,PD,DO,SELL,DELIVER,THE,A,to,for,-45.764862060546875,"[-5.6712837, -5.042741, -9.496587, -4.614086, -6.9773703, -8.756653, -5.2061396]"
the physician sold the instrument to it .,an aunt threw a log to them .,PD,PD,SELL,THROW,THE,A,to,to,-42.54505157470703,"[-5.6665564, -8.5641775, -8.612078, -0.7725967, -8.518579, -3.722724, -5.8366685, -0.85167575]"
the physician sold the instrument to it .,an aunt threw them a log .,PD,DO,SELL,THROW,THE,A,to,to,-42.83596420288086,"[-5.6665564, -8.5641775, -8.612078, -7.269688, -2.5678844, -8.473193, -1.6823852]"
the physician sold the instrument to me .,an employer got a meal for you .,PD,PD,SELL,GET,THE,A,to,for,-40.0629997253418,"[-5.638734, -6.936377, -9.164689, -1.531289, -9.0154, -3.334801, -3.1750917, -1.2666178]"
the physician sold the instrument to me .,an employer got you a meal .,PD,DO,SELL,GET,THE,A,to,for,-38.27037811279297,"[-5.638734, -6.936377, -9.164689, -5.5375214, -1.1168642, -7.6006036, -2.2755876]"
the physician sold the jacket to me .,a sheriff took a book to us .,PD,PD,SELL,TAKE,THE,A,to,to,-40.13129425048828,"[-3.5606763, -8.304835, -6.6494174, -1.5799383, -9.773832, -2.5950608, -6.4208603, -1.2466717]"
the physician sold the jacket to me .,a sheriff took us a book .,PD,DO,SELL,TAKE,THE,A,to,to,-43.66659164428711,"[-3.5606763, -8.304835, -6.6494174, -6.2692065, -5.0831203, -10.634016, -3.1653209]"
the physician sold the juice to us .,an employer supplied a meal to him .,PD,PD,SELL,SUPPLY,THE,A,to,to,-36.93260192871094,"[-5.6818657, -7.078075, -9.719778, -2.3694282, -3.565258, -0.73429453, -6.5883865, -1.1955165]"
the physician sold the juice to us .,an employer supplied him a meal .,PD,DO,SELL,SUPPLY,THE,A,to,to,-38.97761154174805,"[-5.6818657, -7.078075, -9.719778, -7.269387, -3.7101977, -3.7026954, -1.8156149]"
the physician sold the meal to me .,a scientist kept a flower for us .,PD,PD,SELL,KEEP,THE,A,to,for,-38.797874450683594,"[-3.5685549, -7.2526608, -9.282982, -1.6932034, -8.487446, -3.5306015, -3.917325, -1.0650995]"
the physician sold the meal to me .,a scientist kept us a flower .,PD,DO,SELL,KEEP,THE,A,to,for,-43.78105926513672,"[-3.5685549, -7.2526608, -9.282982, -6.284673, -5.5634375, -9.920542, -1.9082099]"
the physician sold the meal to you .,a child designed a bell for us .,PD,PD,SELL,DESIGN,THE,A,to,for,-41.42188262939453,"[-3.5625284, -6.1035686, -10.53599, -2.680933, -9.634811, -2.7806525, -5.019443, -1.1039556]"
the physician sold the meal to you .,a child designed us a bell .,PD,DO,SELL,DESIGN,THE,A,to,for,-45.23830032348633,"[-3.5625284, -6.1035686, -10.53599, -10.073527, -3.6047635, -10.31263, -1.0452932]"
the physician sold the tea to it .,a worker supplied a salad to you .,PD,PD,SELL,SUPPLY,THE,A,to,to,-37.85221862792969,"[-3.5680935, -6.622306, -10.47613, -2.5451136, -6.580468, -0.41670763, -7.0219746, -0.6214254]"
the physician sold the tea to it .,a worker supplied you a salad .,PD,DO,SELL,SUPPLY,THE,A,to,to,-39.90979766845703,"[-3.5680935, -6.622306, -10.47613, -7.0095997, -4.461454, -6.360256, -1.4119592]"
the physician sold the tea to me .,a chief kept a salad for you .,PD,PD,SELL,KEEP,THE,A,to,for,-46.8349723815918,"[-3.550867, -9.136333, -10.209095, -1.9943047, -10.500931, -3.500035, -6.590461, -1.3529449]"
the physician sold the tea to me .,a chief kept you a salad .,PD,DO,SELL,KEEP,THE,A,to,for,-46.37129592895508,"[-3.550867, -9.136333, -10.209095, -6.3299074, -5.3780394, -9.544105, -2.2229502]"
the physician sold the tea to me .,a kid bought a key for him .,PD,PD,SELL,BUY,THE,A,to,for,-35.79209899902344,"[-3.550867, -8.736603, -7.0532875, -0.87297946, -8.330896, -2.3024502, -3.7315485, -1.2134655]"
the physician sold the tea to me .,a kid bought him a key .,PD,DO,SELL,BUY,THE,A,to,for,-34.50861740112305,"[-3.550867, -8.736603, -7.0532875, -4.5069394, -0.7204426, -8.003037, -1.9374415]"
the physician sold them the candy .,a partner fed a cheese to me .,DO,PD,SELL,FEED,THE,A,to,to,-45.194496154785156,"[-3.6091506, -9.418276, -12.346506, -2.3047872, -7.2842607, -3.3839173, -5.882062, -0.965539]"
the physician sold them the candy .,a partner fed me a cheese .,DO,DO,SELL,FEED,THE,A,to,to,-39.93951416015625,"[-3.6091506, -9.418276, -12.346506, -4.0999494, -1.4607477, -6.125717, -2.8791656]"
the physician sold us the juice .,an employer supplied a meal to him .,DO,PD,SELL,SUPPLY,THE,A,to,to,-41.29509353637695,"[-5.677487, -6.8927355, -9.974611, -2.7979121, -4.721409, -2.1921406, -7.4880404, -1.5507556]"
the physician sold us the juice .,an employer supplied him a meal .,DO,DO,SELL,SUPPLY,THE,A,to,to,-38.08458709716797,"[-5.677487, -6.8927355, -9.974611, -6.8181787, -3.5269399, -3.9661565, -1.2284782]"
the physician sold you the coffee .,a nurse made a newspaper for us .,DO,PD,SELL,MAKE,THE,A,to,for,-39.253570556640625,"[-3.5631099, -7.039319, -6.384716, -1.2770586, -9.529845, -5.349004, -5.09204, -1.01848]"
the physician sold you the coffee .,a nurse made us a newspaper .,DO,DO,SELL,MAKE,THE,A,to,for,-37.639564514160156,"[-3.5631099, -7.039319, -6.384716, -6.438279, -3.1475153, -10.149954, -0.9166721]"
the physician sold you the gun .,an attorney delivered a chocolate for her .,DO,PD,SELL,DELIVER,THE,A,to,for,-44.16389465332031,"[-5.659559, -4.925067, -9.759306, -0.9380492, -10.885115, -6.702321, -2.812026, -2.4824495]"
the physician sold you the gun .,an attorney delivered her a chocolate .,DO,DO,SELL,DELIVER,THE,A,to,for,-46.451473236083984,"[-5.659559, -4.925067, -9.759306, -4.3417416, -7.420953, -9.144799, -5.2000484]"
the physician sold you the meal .,a child designed a bell for us .,DO,PD,SELL,DESIGN,THE,A,to,for,-43.97438049316406,"[-3.585455, -6.189846, -10.450511, -3.808268, -10.023642, -3.1263685, -5.66023, -1.1300611]"
the physician sold you the meal .,a child designed us a bell .,DO,DO,SELL,DESIGN,THE,A,to,for,-47.295509338378906,"[-3.585455, -6.189846, -10.450511, -10.223803, -4.5615563, -11.592571, -0.69176966]"
the physician supplied him the bottle .,a lady got a crystal for them .,DO,PD,SUPPLY,GET,THE,A,to,for,-44.985137939453125,"[-3.6344676, -8.334436, -7.275505, -2.5723126, -10.390961, -4.683461, -7.133437, -0.960558]"
the physician supplied him the bottle .,a lady got them a crystal .,DO,DO,SUPPLY,GET,THE,A,to,for,-42.48329544067383,"[-3.6344676, -8.334436, -7.275505, -7.682851, -3.5068152, -9.751856, -2.297364]"
the physician supplied him the chicken .,a king showed a tea to it .,DO,PD,SUPPLY,SHOW,THE,A,to,to,-47.02873229980469,"[-3.6129167, -9.458481, -9.270892, -2.9757147, -10.060319, -3.1288269, -7.668309, -0.85327375]"
the physician supplied him the chicken .,a king showed it a tea .,DO,DO,SUPPLY,SHOW,THE,A,to,to,-43.962379455566406,"[-3.6129167, -9.458481, -9.270892, -4.723833, -5.3226285, -9.83124, -1.7423877]"
the physician supplied me the bottle .,a guy purchased a newspaper for you .,DO,PD,SUPPLY,PURCHASE,THE,A,to,for,-41.437255859375,"[-3.6346896, -7.9460034, -7.998231, -1.1120384, -9.360335, -2.5391965, -7.892421, -0.9543394]"
the physician supplied me the bottle .,a guy purchased you a newspaper .,DO,DO,SUPPLY,PURCHASE,THE,A,to,for,-39.14044952392578,"[-3.6346896, -7.9460034, -7.998231, -7.6896124, -0.8628644, -9.626034, -1.3830161]"
the physician supplied me the juice .,a mayor bought a jacket for her .,DO,PD,SUPPLY,BUY,THE,A,to,for,-44.171878814697266,"[-3.6437817, -10.619643, -9.761495, -1.0921359, -8.061827, -2.3877928, -2.1372252, -6.4679813]"
the physician supplied me the juice .,a mayor bought her a jacket .,DO,DO,SUPPLY,BUY,THE,A,to,for,-42.36129379272461,"[-3.6437817, -10.619643, -9.761495, -3.5658736, -5.061398, -7.5062184, -2.2028832]"
the physician supplied me the juice .,a minister threw a computer to you .,DO,PD,SUPPLY,THROW,THE,A,to,to,-50.575496673583984,"[-3.6437817, -9.47081, -8.975565, -1.8484676, -11.149069, -3.4384384, -9.8914795, -2.1578848]"
the physician supplied me the juice .,a minister threw you a computer .,DO,DO,SUPPLY,THROW,THE,A,to,to,-48.477622985839844,"[-3.6437817, -9.47081, -8.975565, -9.71679, -1.265356, -12.557233, -2.8480864]"
the physician supplied me the juice .,a lady threw a ball to you .,DO,PD,SUPPLY,THROW,THE,A,to,to,-36.21864700317383,"[-3.6437817, -8.124658, -7.3019395, -0.9772097, -3.728364, -3.7334166, -7.5352364, -1.1740428]"
the physician supplied me the juice .,a lady threw you a ball .,DO,DO,SUPPLY,THROW,THE,A,to,to,-34.28034973144531,"[-3.6437817, -8.124658, -7.3019395, -8.753278, -0.61723536, -4.41758, -1.4218805]"
the physician supplied the bottle to him .,a lady got a crystal for them .,PD,PD,SUPPLY,GET,THE,A,to,for,-44.855979919433594,"[-3.6205118, -8.321962, -7.480826, -2.3800454, -10.091502, -4.6836185, -7.1006393, -1.1768773]"
the physician supplied the bottle to him .,a lady got them a crystal .,PD,DO,SUPPLY,GET,THE,A,to,for,-44.966819763183594,"[-3.6205118, -8.321962, -7.480826, -8.16011, -4.287618, -9.923019, -3.1727731]"
the physician supplied the bottle to me .,a guy purchased a newspaper for you .,PD,PD,SUPPLY,PURCHASE,THE,A,to,for,-41.304298400878906,"[-3.6327744, -7.8309107, -7.8034697, -1.2888343, -9.4352, -2.4586082, -7.7757254, -1.0787781]"
the physician supplied the bottle to me .,a guy purchased you a newspaper .,PD,DO,SUPPLY,PURCHASE,THE,A,to,for,-40.58351516723633,"[-3.6327744, -7.8309107, -7.8034697, -8.733014, -0.7813865, -9.7024975, -2.0994601]"
the physician supplied the chicken to him .,a king showed a tea to it .,PD,PD,SUPPLY,SHOW,THE,A,to,to,-44.212379455566406,"[-3.6222923, -9.446988, -9.348103, -2.7693844, -9.793184, -2.112414, -6.3611307, -0.758882]"
the physician supplied the chicken to him .,a king showed it a tea .,PD,DO,SUPPLY,SHOW,THE,A,to,to,-44.64836883544922,"[-3.6222923, -9.446988, -9.348103, -4.739403, -4.741745, -9.627586, -3.1222525]"
the physician supplied the chicken to them .,a parent brought a meal to us .,PD,PD,SUPPLY,BRING,THE,A,to,to,-32.08502960205078,"[-3.604146, -7.8171253, -6.2427073, -1.7321044, -7.6305847, -0.31525207, -3.1530542, -1.5900561]"
the physician supplied the chicken to them .,a parent brought us a meal .,PD,DO,SUPPLY,BRING,THE,A,to,to,-33.696739196777344,"[-3.604146, -7.8171253, -6.2427073, -6.425727, -1.5514764, -5.824293, -2.2312634]"
the physician supplied the chicken to them .,a daughter showed a flower to you .,PD,PD,SUPPLY,SHOW,THE,A,to,to,-40.86856460571289,"[-3.604146, -8.799141, -7.0992594, -3.3787632, -8.185476, -0.7722439, -7.6680837, -1.3614526]"
the physician supplied the chicken to them .,a daughter showed you a flower .,PD,DO,SUPPLY,SHOW,THE,A,to,to,-38.63275146484375,"[-3.604146, -8.799141, -7.0992594, -6.9317408, -2.3701186, -7.2221413, -2.606205]"
the physician supplied the coffee to them .,a mother sent a juice to us .,PD,PD,SUPPLY,SEND,THE,A,to,to,-38.634220123291016,"[-3.609552, -6.3342047, -6.895634, -1.3235435, -12.100739, -1.401355, -4.739129, -2.2300646]"
the physician supplied the coffee to them .,a mother sent us a juice .,PD,DO,SUPPLY,SEND,THE,A,to,to,-38.98994827270508,"[-3.609552, -6.3342047, -6.895634, -4.775426, -1.2684529, -10.822573, -5.2841053]"
the physician supplied the juice to me .,a mayor bought a jacket for her .,PD,PD,SUPPLY,BUY,THE,A,to,for,-44.153564453125,"[-3.6331878, -10.727528, -9.910166, -1.0386921, -8.207858, -2.1621985, -2.360707, -6.1132255]"
the physician supplied the juice to me .,a mayor bought her a jacket .,PD,DO,SUPPLY,BUY,THE,A,to,for,-43.7772216796875,"[-3.6331878, -10.727528, -9.910166, -4.000934, -5.1249037, -7.503781, -2.876722]"
the physician supplied the juice to me .,a minister threw a computer to you .,PD,PD,SUPPLY,THROW,THE,A,to,to,-49.14905548095703,"[-3.6331878, -9.6016, -9.009616, -1.5777537, -10.823726, -3.154757, -9.42057, -1.9278446]"
the physician supplied the juice to me .,a minister threw you a computer .,PD,DO,SUPPLY,THROW,THE,A,to,to,-49.51277160644531,"[-3.6331878, -9.6016, -9.009616, -9.928957, -1.6122478, -12.309968, -3.4171937]"
the physician supplied the juice to me .,a lady threw a ball to you .,PD,PD,SUPPLY,THROW,THE,A,to,to,-36.835853576660156,"[-3.6331878, -8.193017, -7.3564825, -0.8774744, -3.6786962, -3.6040606, -8.388608, -1.104326]"
the physician supplied the juice to me .,a lady threw you a ball .,PD,DO,SUPPLY,THROW,THE,A,to,to,-35.425994873046875,"[-3.6331878, -8.193017, -7.3564825, -9.030576, -0.5572165, -4.656267, -1.9992471]"
the physician supplied the juice to them .,a candidate caught a newspaper for him .,PD,PD,SUPPLY,CATCH,THE,A,to,for,-51.28513717651367,"[-3.6055465, -8.435344, -8.720517, -6.2238927, -9.287497, -5.701456, -7.5193195, -1.7915652]"
the physician supplied the juice to them .,a candidate caught him a newspaper .,PD,DO,SUPPLY,CATCH,THE,A,to,for,-50.950340270996094,"[-3.6055465, -8.435344, -8.720517, -9.3370495, -6.495665, -9.64244, -4.713777]"
the physician supplied the juice to them .,a candidate threw a cigarette to you .,PD,PD,SUPPLY,THROW,THE,A,to,to,-39.72950744628906,"[-3.6055465, -8.435344, -7.2524323, -0.67866516, -5.1174517, -4.5509443, -8.312421, -1.7767022]"
the physician supplied the juice to them .,a candidate threw you a cigarette .,PD,DO,SUPPLY,THROW,THE,A,to,to,-39.48108673095703,"[-3.6055465, -8.435344, -7.2524323, -10.630515, -0.81507224, -6.3385115, -2.4036667]"
the physician supplied the juice to us .,a husband showed a telephone to you .,PD,PD,SUPPLY,SHOW,THE,A,to,to,-45.006385803222656,"[-3.6337929, -8.505268, -8.588959, -3.8614006, -9.630508, -0.95643234, -8.581335, -1.2486901]"
the physician supplied the juice to us .,a husband showed you a telephone .,PD,DO,SUPPLY,SHOW,THE,A,to,to,-45.035423278808594,"[-3.6337929, -8.505268, -8.588959, -7.2997723, -2.3372116, -10.466324, -4.2040935]"
the physician supplied the juice to you .,a princess took a plate to us .,PD,PD,SUPPLY,TAKE,THE,A,to,to,-43.315040588378906,"[-3.6288512, -10.195753, -6.611123, -1.6048955, -8.519189, -4.8347373, -6.6073456, -1.3131446]"
the physician supplied the juice to you .,a princess took us a plate .,PD,DO,SUPPLY,TAKE,THE,A,to,to,-45.6078987121582,"[-3.6288512, -10.195753, -6.611123, -5.764063, -4.2141576, -10.619426, -4.574524]"
the physician supplied the key to you .,a winner fed a cheese to it .,PD,PD,SUPPLY,FEED,THE,A,to,to,-46.182167053222656,"[-3.5843744, -10.181497, -12.274778, -2.274862, -7.1077423, -3.688643, -6.039815, -1.0304544]"
the physician supplied the key to you .,a winner fed it a cheese .,PD,DO,SUPPLY,FEED,THE,A,to,to,-43.503692626953125,"[-3.5843744, -10.181497, -12.274778, -5.3556976, -2.477517, -6.9026766, -2.7271535]"
the physician supplied the salad to us .,a cousin brought a bag to you .,PD,PD,SUPPLY,BRING,THE,A,to,to,-36.18235778808594,"[-3.6720598, -9.597358, -6.7620068, -2.596148, -3.8943863, -2.043259, -6.57189, -1.0452543]"
the physician supplied the salad to us .,a cousin brought you a bag .,PD,DO,SUPPLY,BRING,THE,A,to,to,-36.91027069091797,"[-3.6720598, -9.597358, -6.7620068, -4.5877976, -2.8368845, -5.1559, -4.298263]"
the physician supplied the tea to them .,a cousin threw a button to me .,PD,PD,SUPPLY,THROW,THE,A,to,to,-40.5919189453125,"[-3.6154206, -9.56583, -8.250555, -0.8163683, -9.851236, -2.4671667, -4.6444206, -1.3809243]"
the physician supplied the tea to them .,a cousin threw me a button .,PD,DO,SUPPLY,THROW,THE,A,to,to,-40.50261688232422,"[-3.6154206, -9.56583, -8.250555, -5.8777027, -0.58879966, -10.975627, -1.628679]"
the physician supplied them the chicken .,a parent brought a meal to us .,DO,PD,SUPPLY,BRING,THE,A,to,to,-35.19757080078125,"[-3.625376, -7.762665, -6.3057375, -1.8128297, -8.426141, -0.56785274, -4.6760645, -2.0209055]"
the physician supplied them the chicken .,a parent brought us a meal .,DO,DO,SUPPLY,BRING,THE,A,to,to,-33.39188003540039,"[-3.625376, -7.762665, -6.3057375, -5.519844, -1.7487881, -6.29317, -2.1362991]"
the physician supplied them the chicken .,a daughter showed a flower to you .,DO,PD,SUPPLY,SHOW,THE,A,to,to,-42.987464904785156,"[-3.625376, -8.76452, -6.9864407, -3.3631408, -8.668312, -1.4428816, -8.467478, -1.6693174]"
the physician supplied them the chicken .,a daughter showed you a flower .,DO,DO,SUPPLY,SHOW,THE,A,to,to,-37.464054107666016,"[-3.625376, -8.76452, -6.9864407, -6.7437096, -2.3196254, -7.168173, -1.8562118]"
the physician supplied them the coffee .,a mother sent a juice to us .,DO,PD,SUPPLY,SEND,THE,A,to,to,-41.98423767089844,"[-3.6334777, -6.123844, -6.69776, -1.5188676, -12.761605, -2.596533, -6.721691, -1.9304594]"
the physician supplied them the coffee .,a mother sent us a juice .,DO,DO,SUPPLY,SEND,THE,A,to,to,-36.21930694580078,"[-3.6334777, -6.123844, -6.69776, -4.2674904, -1.6193526, -10.253336, -3.6240454]"
the physician supplied them the juice .,a candidate caught a newspaper for him .,DO,PD,SUPPLY,CATCH,THE,A,to,for,-50.53670120239258,"[-3.6326609, -8.461825, -8.451256, -5.3869286, -9.222261, -5.8209834, -7.8863316, -1.6744545]"
the physician supplied them the juice .,a candidate caught him a newspaper .,DO,DO,SUPPLY,CATCH,THE,A,to,for,-47.85762023925781,"[-3.6326609, -8.461825, -8.451256, -8.431173, -5.8609295, -9.262452, -3.757322]"
the physician supplied them the juice .,a candidate threw a cigarette to you .,DO,PD,SUPPLY,THROW,THE,A,to,to,-40.65802764892578,"[-3.6326609, -8.461825, -7.1370087, -0.79492986, -5.3978095, -5.009839, -8.202644, -2.02131]"
the physician supplied them the juice .,a candidate threw you a cigarette .,DO,DO,SUPPLY,THROW,THE,A,to,to,-38.73871612548828,"[-3.6326609, -8.461825, -7.1370087, -10.364904, -0.61853766, -6.775774, -1.7480043]"
the physician supplied them the tea .,a cousin threw a button to me .,DO,PD,SUPPLY,THROW,THE,A,to,to,-42.03303909301758,"[-3.6385016, -9.457069, -7.9160857, -0.91044635, -10.23074, -2.5065353, -5.788171, -1.5854896]"
the physician supplied them the tea .,a cousin threw me a button .,DO,DO,SUPPLY,THROW,THE,A,to,to,-39.73231887817383,"[-3.6385016, -9.457069, -7.9160857, -5.7073765, -0.389944, -11.372948, -1.2503946]"
the physician supplied us the juice .,a husband showed a telephone to you .,DO,PD,SUPPLY,SHOW,THE,A,to,to,-46.065155029296875,"[-3.6397212, -8.601011, -8.249805, -4.5111904, -9.59773, -1.353314, -8.731709, -1.3806754]"
the physician supplied us the juice .,a husband showed you a telephone .,DO,DO,SUPPLY,SHOW,THE,A,to,to,-43.45997619628906,"[-3.6397212, -8.601011, -8.249805, -7.133872, -2.430323, -10.549997, -2.8552442]"
the physician supplied us the salad .,a cousin brought a bag to you .,DO,PD,SUPPLY,BRING,THE,A,to,to,-37.28632354736328,"[-3.6647596, -9.595276, -6.336878, -3.4560823, -3.688362, -2.66672, -6.726671, -1.1515772]"
the physician supplied us the salad .,a cousin brought you a bag .,DO,DO,SUPPLY,BRING,THE,A,to,to,-35.14990997314453,"[-3.6647596, -9.595276, -6.336878, -4.7487097, -2.5063314, -4.8659134, -3.43204]"
the physician supplied you the juice .,a princess took a plate to us .,DO,PD,SUPPLY,TAKE,THE,A,to,to,-43.50959014892578,"[-3.6091406, -10.340767, -6.265392, -1.6268959, -8.318021, -5.2190466, -6.989102, -1.141223]"
the physician supplied you the juice .,a princess took us a plate .,DO,DO,SUPPLY,TAKE,THE,A,to,to,-42.348876953125,"[-3.6091406, -10.340767, -6.265392, -5.242323, -3.5293179, -9.210254, -4.1516814]"
the physician supplied you the key .,a winner fed a cheese to it .,DO,PD,SUPPLY,FEED,THE,A,to,to,-45.44219970703125,"[-3.5875878, -10.06798, -11.887352, -2.142907, -7.3842425, -3.4294848, -6.058563, -0.88408357]"
the physician supplied you the key .,a winner fed it a cheese .,DO,DO,SUPPLY,FEED,THE,A,to,to,-41.688507080078125,"[-3.5875878, -10.06798, -11.887352, -4.919511, -1.668354, -7.08343, -2.4742923]"
the physician threw me the meal .,a husband caught a flower for it .,DO,PD,THROW,CATCH,THE,A,to,for,-45.87123107910156,"[-3.7123199, -8.2361555, -7.455501, -2.7401052, -10.646286, -4.1455693, -7.618484, -1.3168123]"
the physician threw me the meal .,a husband caught it a flower .,DO,DO,THROW,CATCH,THE,A,to,for,-43.19090270996094,"[-3.7123199, -8.2361555, -7.455501, -5.3605437, -5.8399096, -11.040399, -1.5460744]"
the physician threw the chocolate to them .,an opponent designed an anchor for him .,PD,PD,THROW,DESIGN,THE,A,to,for,-44.42530822753906,"[-5.651044, -8.169594, -11.059985, -3.1835492, -8.937622, -2.2285838, -3.7848516, -1.4100811]"
the physician threw the chocolate to them .,an opponent designed him an anchor .,PD,DO,THROW,DESIGN,THE,A,to,for,-46.82638931274414,"[-5.651044, -8.169594, -11.059985, -5.6652803, -5.6284866, -9.079967, -1.572033]"
the physician threw the meal to me .,a husband caught a flower for it .,PD,PD,THROW,CATCH,THE,A,to,for,-46.25318908691406,"[-3.617515, -8.290886, -8.080278, -2.5496054, -10.705971, -3.7398026, -7.808716, -1.4604139]"
the physician threw the meal to me .,a husband caught it a flower .,PD,DO,THROW,CATCH,THE,A,to,for,-43.567283630371094,"[-3.617515, -8.290886, -8.080278, -5.446789, -5.5990977, -10.891473, -1.6412451]"
the physician threw them the chocolate .,an opponent designed an anchor for him .,DO,PD,THROW,DESIGN,THE,A,to,for,-43.23685836791992,"[-5.6593533, -8.127632, -10.688523, -3.37119, -8.279181, -2.43896, -3.4027107, -1.269309]"
the physician threw them the chocolate .,an opponent designed him an anchor .,DO,DO,THROW,DESIGN,THE,A,to,for,-43.507991790771484,"[-5.6593533, -8.127632, -10.688523, -4.5061836, -4.8163247, -8.449642, -1.2603338]"
the physician took her the motor .,a king kept a salad for you .,DO,PD,TAKE,KEEP,THE,A,to,for,-45.58654022216797,"[-3.5659738, -9.813958, -7.7017365, -1.8258997, -11.209033, -2.9546425, -7.5048337, -1.0104623]"
the physician took her the motor .,a king kept you a salad .,DO,DO,TAKE,KEEP,THE,A,to,for,-45.405277252197266,"[-3.5659738, -9.813958, -7.7017365, -7.1639676, -4.5096626, -11.261951, -1.3880284]"
the physician took him the motor .,an employer got a beer for you .,DO,PD,TAKE,GET,THE,A,to,for,-39.20350646972656,"[-5.621305, -7.365807, -7.2970448, -1.453437, -8.47711, -2.3082962, -5.852573, -0.82793283]"
the physician took him the motor .,an employer got you a beer .,DO,DO,TAKE,GET,THE,A,to,for,-36.71712875366211,"[-5.621305, -7.365807, -7.2970448, -7.3840036, -1.185808, -6.761958, -1.1012003]"
the physician took it the motor .,a child designed a bell for us .,DO,PD,TAKE,DESIGN,THE,A,to,for,-42.7102165222168,"[-3.5690022, -6.031459, -11.260328, -1.9536244, -9.443524, -3.0318098, -6.254161, -1.1663067]"
the physician took it the motor .,a child designed us a bell .,DO,DO,TAKE,DESIGN,THE,A,to,for,-45.05430603027344,"[-3.5690022, -6.031459, -11.260328, -9.687894, -3.3852215, -10.269924, -0.85047555]"
the physician took it the newspaper .,a student sold a chicken to us .,DO,PD,TAKE,SELL,THE,A,to,to,-39.68701171875,"[-3.577743, -5.879884, -10.2394905, -1.7488464, -6.55474, -1.5715586, -8.395733, -1.7190157]"
the physician took it the newspaper .,a student sold us a chicken .,DO,DO,TAKE,SELL,THE,A,to,to,-38.50284957885742,"[-3.577743, -5.879884, -10.2394905, -8.061651, -1.1929862, -7.707553, -1.8435433]"
the physician took me the gun .,a student fed a cheese to you .,DO,PD,TAKE,FEED,THE,A,to,to,-42.63930130004883,"[-3.5918906, -5.8634276, -11.180355, -1.7113508, -7.4004498, -2.7228749, -8.586369, -1.5825866]"
the physician took me the gun .,a student fed you a cheese .,DO,DO,TAKE,FEED,THE,A,to,to,-39.75872039794922,"[-3.5918906, -5.8634276, -11.180355, -7.729952, -1.5599766, -7.4897637, -2.3433568]"
the physician took me the motor .,a mayor saved a pie for him .,DO,PD,TAKE,SAVE,THE,A,to,for,-46.77272033691406,"[-3.5917501, -10.313687, -10.894953, -1.5679339, -10.889721, -2.6681821, -5.4579735, -1.3885196]"
the physician took me the motor .,a mayor saved him a pie .,DO,DO,TAKE,SAVE,THE,A,to,for,-42.04998779296875,"[-3.5917501, -10.313687, -10.894953, -4.406185, -1.9461429, -9.808358, -1.0889097]"
the physician took the gun to me .,a student fed a cheese to you .,PD,PD,TAKE,FEED,THE,A,to,to,-40.74397659301758,"[-3.5282094, -5.798503, -11.331589, -1.3863956, -7.279398, -1.3731849, -8.625959, -1.4207361]"
the physician took the gun to me .,a student fed you a cheese .,PD,DO,TAKE,FEED,THE,A,to,to,-40.40632629394531,"[-3.5282094, -5.798503, -11.331589, -8.552942, -1.1514987, -7.08341, -2.9601717]"
the physician took the gun to them .,a priest drew a key for us .,PD,PD,TAKE,DRAW,THE,A,to,for,-43.54380416870117,"[-3.5422535, -7.74828, -7.7741213, -0.82521653, -9.482823, -4.850389, -7.7443557, -1.5763677]"
the physician took the gun to them .,a priest drew us a key .,PD,DO,TAKE,DRAW,THE,A,to,for,-43.2198486328125,"[-3.5422535, -7.74828, -7.7741213, -9.809745, -3.4065385, -7.734555, -3.204358]"
the physician took the motor to her .,a king kept a salad for you .,PD,PD,TAKE,KEEP,THE,A,to,for,-45.20123291015625,"[-3.5599937, -9.878284, -7.888882, -1.7735448, -11.3356, -2.7814522, -7.0650373, -0.91843945]"
the physician took the motor to her .,a king kept you a salad .,PD,DO,TAKE,KEEP,THE,A,to,for,-45.679229736328125,"[-3.5599937, -9.878284, -7.888882, -6.8502984, -4.531661, -11.488628, -1.4814835]"
the physician took the motor to him .,an employer got a beer for you .,PD,PD,TAKE,GET,THE,A,to,for,-39.60935592651367,"[-5.660282, -7.4660397, -7.596409, -1.1870817, -8.545421, -2.4507105, -5.849846, -0.85356593]"
the physician took the motor to him .,an employer got you a beer .,PD,DO,TAKE,GET,THE,A,to,for,-37.70614242553711,"[-5.660282, -7.4660397, -7.596409, -7.337627, -1.1464379, -7.1451936, -1.354153]"
the physician took the motor to it .,a child designed a bell for us .,PD,PD,TAKE,DESIGN,THE,A,to,for,-42.87641143798828,"[-3.5586739, -6.0527806, -11.311798, -1.8600107, -9.629136, -2.8836248, -6.478154, -1.1022308]"
the physician took the motor to it .,a child designed us a bell .,PD,DO,TAKE,DESIGN,THE,A,to,for,-46.19358444213867,"[-3.5586739, -6.0527806, -11.311798, -9.947562, -3.969075, -10.268745, -1.0849495]"
the physician took the motor to me .,a mayor saved a pie for him .,PD,PD,TAKE,SAVE,THE,A,to,for,-46.849884033203125,"[-3.5527394, -10.367022, -11.216707, -1.4162298, -11.141785, -2.4162915, -5.366667, -1.372443]"
the physician took the motor to me .,a mayor saved him a pie .,PD,DO,TAKE,SAVE,THE,A,to,for,-44.36167907714844,"[-3.5527394, -10.367022, -11.216707, -4.911345, -2.900434, -10.034637, -1.3787967]"
the physician took the motor to them .,a hero threw a newspaper to us .,PD,PD,TAKE,THROW,THE,A,to,to,-40.06829071044922,"[-3.5611935, -8.760771, -8.820148, -0.8183552, -7.2413597, -3.1224887, -6.669875, -1.0740998]"
the physician took the motor to them .,a hero threw us a newspaper .,PD,DO,TAKE,THROW,THE,A,to,to,-41.495086669921875,"[-3.5611935, -8.760771, -8.820148, -8.28635, -1.5120034, -8.409079, -2.1455426]"
the physician took the motor to us .,a singer saved a candy for her .,PD,PD,TAKE,SAVE,THE,A,to,for,-49.20344543457031,"[-3.5588298, -10.195122, -10.537071, -1.7095854, -11.634433, -5.37548, -1.6372066, -4.5557203]"
the physician took the motor to us .,a singer saved her a candy .,PD,DO,TAKE,SAVE,THE,A,to,for,-49.42728042602539,"[-3.5588298, -10.195122, -10.537071, -2.0142844, -7.059323, -12.015041, -4.0476084]"
the physician took the motor to you .,a king left a meal for us .,PD,PD,TAKE,LEAVE,THE,A,to,for,-40.44194793701172,"[-3.5372581, -9.873899, -7.8260646, -2.1187763, -8.705792, -1.5575165, -5.4694858, -1.3531533]"
the physician took the motor to you .,a king left us a meal .,PD,DO,TAKE,LEAVE,THE,A,to,for,-39.26958465576172,"[-3.5372581, -9.873899, -7.8260646, -5.6409636, -2.2369041, -8.22176, -1.932737]"
the physician took the newspaper to it .,a student sold a chicken to us .,PD,PD,TAKE,SELL,THE,A,to,to,-39.150962829589844,"[-3.5658529, -5.7357388, -10.349524, -1.5522557, -6.5425363, -1.1459446, -8.835154, -1.4239591]"
the physician took the newspaper to it .,a student sold us a chicken .,PD,DO,TAKE,SELL,THE,A,to,to,-39.05720520019531,"[-3.5658529, -5.7357388, -10.349524, -8.585312, -1.0551528, -7.8947015, -1.8709259]"
the physician took them the gun .,a priest drew a key for us .,DO,PD,TAKE,DRAW,THE,A,to,for,-43.258365631103516,"[-3.5760972, -7.690571, -7.575326, -1.0393038, -8.897487, -4.565551, -8.448166, -1.4658631]"
the physician took them the gun .,a priest drew us a key .,DO,DO,TAKE,DRAW,THE,A,to,for,-37.92188262939453,"[-3.5760972, -7.690571, -7.575326, -8.462156, -0.9271397, -7.737072, -1.953524]"
the physician took them the motor .,a hero threw a newspaper to us .,DO,PD,TAKE,THROW,THE,A,to,to,-42.58177185058594,"[-3.589624, -8.866144, -8.542148, -0.7895114, -7.5872774, -3.6306798, -8.168236, -1.4081489]"
the physician took them the motor .,a hero threw us a newspaper .,DO,DO,TAKE,THROW,THE,A,to,to,-41.45484161376953,"[-3.589624, -8.866144, -8.542148, -8.218223, -0.895492, -9.3833685, -1.959845]"
the physician took us the motor .,a singer saved a candy for her .,DO,PD,TAKE,SAVE,THE,A,to,for,-50.782859802246094,"[-3.5751367, -10.258289, -10.556527, -1.6960462, -11.6593075, -5.593578, -1.3299626, -6.1140103]"
the physician took us the motor .,a singer saved her a candy .,DO,DO,TAKE,SAVE,THE,A,to,for,-49.108482360839844,"[-3.5751367, -10.258289, -10.556527, -1.9686655, -7.264961, -12.021847, -3.4630604]"
the physician took you the motor .,a king left a meal for us .,DO,PD,TAKE,LEAVE,THE,A,to,for,-40.38697814941406,"[-3.545003, -9.833865, -7.9181347, -2.179625, -8.894189, -1.5420046, -5.1573906, -1.3167667]"
the physician took you the motor .,a king left us a meal .,DO,DO,TAKE,LEAVE,THE,A,to,for,-37.51637649536133,"[-3.545003, -9.833865, -7.9181347, -5.21604, -1.7595234, -7.9313602, -1.3124499]"
the pilot bought it the salad .,a brother kept a chicken for me .,DO,PD,BUY,KEEP,THE,A,for,for,-38.413421630859375,"[-3.6525862, -8.9630165, -8.522505, -2.5284438, -5.8573217, -3.454486, -4.1066394, -1.3284233]"
the pilot bought it the salad .,a brother kept me a chicken .,DO,DO,BUY,KEEP,THE,A,for,for,-37.61905288696289,"[-3.6525862, -8.9630165, -8.522505, -4.7996984, -5.4827604, -4.9151473, -1.283339]"
the pilot bought the box for them .,a teacher caught a glass for it .,PD,PD,BUY,CATCH,THE,A,for,for,-42.09490203857422,"[-3.5950181, -7.0106277, -7.0421586, -4.7920504, -7.856722, -5.289071, -5.6080523, -0.9012031]"
the pilot bought the box for them .,a teacher caught it a glass .,PD,DO,BUY,CATCH,THE,A,for,for,-45.23305130004883,"[-3.5950181, -7.0106277, -7.0421586, -6.3038597, -6.610616, -11.416262, -3.2545106]"
the pilot bought the flower for you .,a minister sent a beer to it .,PD,PD,BUY,SEND,THE,A,for,to,-39.530879974365234,"[-3.5707488, -9.22946, -6.487914, -1.20771, -10.111818, -0.7080602, -7.171884, -1.0432826]"
the pilot bought the flower for you .,a minister sent it a beer .,PD,DO,BUY,SEND,THE,A,for,to,-41.26681137084961,"[-3.5707488, -9.22946, -6.487914, -4.489748, -5.1901655, -10.872055, -1.4267209]"
the pilot bought the pie for them .,a son designed an engine for me .,PD,PD,BUY,DESIGN,THE,A,for,for,-40.697391510009766,"[-3.602259, -8.376881, -10.4529, -3.3310459, -6.735874, -0.8701056, -6.3858004, -0.94252765]"
the pilot bought the pie for them .,a son designed me an engine .,PD,DO,BUY,DESIGN,THE,A,for,for,-44.04216384887695,"[-3.602259, -8.376881, -10.4529, -8.334697, -3.700492, -8.262822, -1.3121152]"
the pilot bought the pie for you .,a guest saved a camera for me .,PD,PD,BUY,SAVE,THE,A,for,for,-44.17679977416992,"[-3.5795922, -7.993083, -14.760457, -6.92911, -5.7840333, -1.5001551, -2.8889933, -0.7413735]"
the pilot bought the pie for you .,a guest saved me a camera .,PD,DO,BUY,SAVE,THE,A,for,for,-44.61204528808594,"[-3.5795922, -7.993083, -14.760457, -4.214336, -1.575867, -10.133225, -2.355481]"
the pilot bought the salad for it .,a brother kept a chicken for me .,PD,PD,BUY,KEEP,THE,A,for,for,-37.27473831176758,"[-3.630098, -9.040987, -8.507542, -2.142581, -5.833171, -2.5733645, -4.353237, -1.1937563]"
the pilot bought the salad for it .,a brother kept me a chicken .,PD,DO,BUY,KEEP,THE,A,for,for,-39.646915435791016,"[-3.630098, -9.040987, -8.507542, -4.973649, -5.713635, -5.8116193, -1.9693865]"
the pilot bought the salad for them .,a winner made an anchor for you .,PD,PD,BUY,MAKE,THE,A,for,for,-43.50339126586914,"[-3.6333218, -10.049282, -6.4499693, -4.359624, -9.96351, -1.5810392, -6.41751, -1.0491352]"
the pilot bought the salad for them .,a winner made you an anchor .,PD,DO,BUY,MAKE,THE,A,for,for,-42.582977294921875,"[-3.6333218, -10.049282, -6.4499693, -7.2579384, -4.8395243, -8.3765135, -1.976428]"
the pilot bought the salad for you .,a bishop delivered a juice for me .,PD,PD,BUY,DELIVER,THE,A,for,for,-42.551231384277344,"[-3.6123886, -9.5196295, -8.052543, -0.81296897, -13.643566, -2.0981557, -3.7493753, -1.0626025]"
the pilot bought the salad for you .,a bishop delivered me a juice .,PD,DO,BUY,DELIVER,THE,A,for,for,-41.90248107910156,"[-3.6123886, -9.5196295, -8.052543, -7.106393, -0.87960434, -10.173393, -2.5585308]"
the pilot bought them the box .,a teacher caught a glass for it .,DO,PD,BUY,CATCH,THE,A,for,for,-42.7391471862793,"[-3.6288018, -7.0590196, -6.878708, -5.17363, -8.195507, -5.749398, -5.228701, -0.825382]"
the pilot bought them the box .,a teacher caught it a glass .,DO,DO,BUY,CATCH,THE,A,for,for,-42.70577621459961,"[-3.6288018, -7.0590196, -6.878708, -6.1346116, -6.225872, -10.447428, -2.3313363]"
the pilot bought them the pie .,a son designed an engine for me .,DO,PD,BUY,DESIGN,THE,A,for,for,-42.026153564453125,"[-3.6423104, -8.405254, -10.573422, -3.2460413, -6.8480334, -1.4009497, -6.8255715, -1.0845729]"
the pilot bought them the pie .,a son designed me an engine .,DO,DO,BUY,DESIGN,THE,A,for,for,-43.06509780883789,"[-3.6423104, -8.405254, -10.573422, -7.276086, -3.6140625, -8.552233, -1.0017313]"
the pilot bought them the salad .,a winner made an anchor for you .,DO,PD,BUY,MAKE,THE,A,for,for,-45.09825134277344,"[-3.6651368, -10.023408, -6.4151077, -4.583902, -10.1238365, -2.1292586, -6.8974648, -1.260135]"
the pilot bought them the salad .,a winner made you an anchor .,DO,DO,BUY,MAKE,THE,A,for,for,-41.822792053222656,"[-3.6651368, -10.023408, -6.4151077, -6.9851003, -5.0333266, -8.127274, -1.5734396]"
the pilot bought you the flower .,a minister sent a beer to it .,DO,PD,BUY,SEND,THE,A,for,to,-40.21074295043945,"[-3.6117406, -9.248982, -6.2577252, -1.387289, -9.989543, -0.7559186, -8.013741, -0.9458025]"
the pilot bought you the flower .,a minister sent it a beer .,DO,DO,BUY,SEND,THE,A,for,to,-40.41193771362305,"[-3.6117406, -9.248982, -6.2577252, -4.6533012, -5.5185184, -10.306938, -0.8147333]"
the pilot bought you the pie .,a guest saved a camera for me .,DO,PD,BUY,SAVE,THE,A,for,for,-44.678993225097656,"[-3.619822, -7.978963, -15.163977, -7.1796837, -5.7925706, -2.5691552, -1.5207982, -0.8540251]"
the pilot bought you the pie .,a guest saved me a camera .,DO,DO,BUY,SAVE,THE,A,for,for,-43.90448760986328,"[-3.619822, -7.978963, -15.163977, -2.4803946, -2.1952882, -10.356534, -2.1095078]"
the pilot bought you the salad .,a bishop delivered a juice for me .,DO,PD,BUY,DELIVER,THE,A,for,for,-45.004085540771484,"[-3.6399715, -9.602709, -8.170719, -0.8052563, -13.994774, -3.228957, -4.464841, -1.0968604]"
the pilot bought you the salad .,a bishop delivered me a juice .,DO,DO,BUY,DELIVER,THE,A,for,for,-39.88163375854492,"[-3.6399715, -9.602709, -8.170719, -5.454043, -1.0075213, -10.331339, -1.6753309]"
the pilot brought him the juice .,a husband left a candy for her .,DO,PD,BRING,LEAVE,THE,A,to,for,-41.26530456542969,"[-3.6355505, -8.550246, -7.3035736, -2.5175028, -8.667808, -4.8776474, -2.5961056, -3.1168675]"
the pilot brought him the juice .,a husband left her a candy .,DO,DO,BRING,LEAVE,THE,A,to,for,-36.850257873535156,"[-3.6355505, -8.550246, -7.3035736, -2.9760265, -4.088378, -7.32913, -2.9673524]"
the pilot brought him the tea .,a singer took a hat to me .,DO,PD,BRING,TAKE,THE,A,to,to,-40.72883987426758,"[-3.6340241, -9.941248, -6.065013, -1.973367, -8.49145, -4.237383, -5.034662, -1.3516932]"
the pilot brought him the tea .,a singer took me a hat .,DO,DO,BRING,TAKE,THE,A,to,to,-39.409873962402344,"[-3.6340241, -9.941248, -6.065013, -3.831813, -3.8791385, -10.371975, -1.686664]"
the pilot brought it the juice .,a buddy threw a candy to me .,DO,PD,BRING,THROW,THE,A,to,to,-38.09246063232422,"[-3.572074, -10.384148, -7.160021, -1.0640386, -7.6745043, -4.703744, -2.5581903, -0.97574306]"
the pilot brought it the juice .,a buddy threw me a candy .,DO,DO,BRING,THROW,THE,A,to,to,-34.185569763183594,"[-3.572074, -10.384148, -7.160021, -3.824881, -0.3772511, -7.085457, -1.7817402]"
the pilot brought me the juice .,an employer got a beer for you .,DO,PD,BRING,GET,THE,A,to,for,-38.83873748779297,"[-5.6839094, -7.6906986, -7.010285, -1.4668834, -7.991918, -2.2213895, -5.9007783, -0.8728782]"
the pilot brought me the juice .,an employer got you a beer .,DO,DO,BRING,GET,THE,A,to,for,-35.396339416503906,"[-5.6839094, -7.6906986, -7.010285, -7.112152, -1.3980792, -5.538373, -0.96284163]"
the pilot brought me the pie .,a president promised a tea to it .,DO,PD,BRING,PROMISE,THE,A,to,to,-45.35611343383789,"[-3.617093, -9.585075, -7.230985, -2.5860388, -9.4297085, -3.6035495, -8.158394, -1.1452689]"
the pilot brought me the pie .,a president promised it a tea .,DO,DO,BRING,PROMISE,THE,A,to,to,-41.60084915161133,"[-3.617093, -9.585075, -7.230985, -5.208643, -5.7929125, -8.89641, -1.2697308]"
the pilot brought me the tea .,a nurse gave a juice to you .,DO,PD,BRING,GIVE,THE,A,to,to,-38.814971923828125,"[-3.5877056, -7.1052475, -5.185278, -2.7793055, -11.321548, -0.4307817, -7.7009864, -0.7041205]"
the pilot brought me the tea .,a nurse gave you a juice .,DO,DO,BRING,GIVE,THE,A,to,to,-31.475557327270508,"[-3.5877056, -7.1052475, -5.185278, -6.2904406, -1.1878239, -7.251976, -0.86708534]"
the pilot brought the candy to them .,a singer showed a pie to you .,PD,PD,BRING,SHOW,THE,A,to,to,-44.67750549316406,"[-3.5911813, -10.114033, -8.122434, -3.0182004, -9.696051, -1.2652137, -7.582699, -1.2876961]"
the pilot brought the candy to them .,a singer showed you a pie .,PD,DO,BRING,SHOW,THE,A,to,to,-42.70479202270508,"[-3.5911813, -10.114033, -8.122434, -6.667216, -2.4446673, -9.433568, -2.331695]"
the pilot brought the cheese to them .,a boy kept a book for me .,PD,PD,BRING,KEEP,THE,A,to,for,-36.49785614013672,"[-3.5666373, -6.386077, -8.786573, -3.0207357, -5.063855, -3.665313, -4.856575, -1.1520883]"
the pilot brought the cheese to them .,a boy kept me a book .,PD,DO,BRING,KEEP,THE,A,to,for,-38.790855407714844,"[-3.5666373, -6.386077, -8.786573, -7.138507, -6.0779037, -5.0255756, -1.809583]"
the pilot brought the cheese to us .,a scientist delivered a wire for them .,PD,PD,BRING,DELIVER,THE,A,to,for,-43.228477478027344,"[-3.5487456, -7.56673, -9.670011, -0.8241719, -10.33353, -3.5635648, -6.128235, -1.593493]"
the pilot brought the cheese to us .,a scientist delivered them a wire .,PD,DO,BRING,DELIVER,THE,A,to,for,-43.355613708496094,"[-3.5487456, -7.56673, -9.670011, -6.803055, -3.7440202, -10.389669, -1.6333822]"
the pilot brought the juice to him .,a husband left a candy for her .,PD,PD,BRING,LEAVE,THE,A,to,for,-39.352264404296875,"[-3.577227, -8.610876, -7.4535365, -1.8692334, -8.296285, -3.9735103, -3.408745, -2.1628544]"
the pilot brought the juice to him .,a husband left her a candy .,PD,DO,BRING,LEAVE,THE,A,to,for,-37.500240325927734,"[-3.577227, -8.610876, -7.4535365, -3.7370732, -3.2041311, -7.3753057, -3.5420897]"
the pilot brought the juice to it .,a buddy threw a candy to me .,PD,PD,BRING,THROW,THE,A,to,to,-36.62181854248047,"[-3.589746, -10.325425, -7.4269547, -0.93575025, -7.301278, -3.9040608, -2.2658153, -0.8727865]"
the pilot brought the juice to it .,a buddy threw me a candy .,PD,DO,BRING,THROW,THE,A,to,to,-34.39579391479492,"[-3.589746, -10.325425, -7.4269547, -3.4683764, -0.42114604, -6.991391, -2.1727548]"
the pilot brought the juice to me .,an employer got a beer for you .,PD,PD,BRING,GET,THE,A,to,for,-37.43952560424805,"[-5.6884947, -7.7111564, -7.161829, -1.2829564, -7.8798795, -2.0413883, -4.890946, -0.78287596]"
the pilot brought the juice to me .,an employer got you a beer .,PD,DO,BRING,GET,THE,A,to,for,-36.27593994140625,"[-5.6884947, -7.7111564, -7.161829, -7.360059, -1.2426687, -5.903281, -1.2084522]"
the pilot brought the juice to you .,a son gave a button to him .,PD,PD,BRING,GIVE,THE,A,to,to,-40.40774917602539,"[-3.5194063, -8.418696, -6.4730887, -2.215685, -12.917077, -0.6650661, -4.72081, -1.4779187]"
the pilot brought the juice to you .,a son gave him a button .,PD,DO,BRING,GIVE,THE,A,to,to,-33.83774948120117,"[-3.5194063, -8.418696, -6.4730887, -3.0393791, -0.5952271, -10.176655, -1.6152956]"
the pilot brought the juice to you .,a captain sold a chicken to me .,PD,PD,BRING,SELL,THE,A,to,to,-37.695579528808594,"[-3.5194063, -9.705369, -9.651317, -2.0564678, -6.0209146, -0.95061827, -4.6279035, -1.1635841]"
the pilot brought the juice to you .,a captain sold me a chicken .,PD,DO,BRING,SELL,THE,A,to,to,-37.77650833129883,"[-3.5194063, -9.705369, -9.651317, -4.544959, -1.3635769, -6.6639786, -2.3279026]"
the pilot brought the juice to you .,a father sold a chicken to us .,PD,PD,BRING,SELL,THE,A,to,to,-35.60651397705078,"[-3.5194063, -6.639781, -9.392467, -1.6237822, -5.1125026, -0.95801425, -6.8801327, -1.4804282]"
the pilot brought the juice to you .,a father sold us a chicken .,PD,DO,BRING,SELL,THE,A,to,to,-37.196800231933594,"[-3.5194063, -6.639781, -9.392467, -8.323117, -1.0466425, -6.2275386, -2.047846]"
the pilot brought the juice to you .,a chief delivered a cheese for it .,PD,PD,BRING,DELIVER,THE,A,to,for,-50.114200592041016,"[-3.5194063, -9.069388, -12.81811, -0.8732384, -11.343653, -4.3916736, -7.1686516, -0.9300775]"
the pilot brought the juice to you .,a chief delivered it a cheese .,PD,DO,BRING,DELIVER,THE,A,to,for,-50.49441146850586,"[-3.5194063, -9.069388, -12.81811, -5.2118034, -6.480977, -11.389075, -2.0056496]"
the pilot brought the pie to me .,a president promised a tea to it .,PD,PD,BRING,PROMISE,THE,A,to,to,-44.5029296875,"[-3.565095, -9.66033, -7.491153, -2.478895, -9.605464, -2.6652102, -8.126472, -0.91031146]"
the pilot brought the pie to me .,a president promised it a tea .,PD,DO,BRING,PROMISE,THE,A,to,to,-42.69835662841797,"[-3.565095, -9.66033, -7.491153, -5.4042187, -5.8173037, -9.298084, -1.4621714]"
the pilot brought the pie to you .,a chief found a chocolate for me .,PD,PD,BRING,FIND,THE,A,to,for,-45.090599060058594,"[-3.5395098, -9.138815, -9.315942, -2.81184, -8.845591, -6.1714997, -3.9032512, -1.364152]"
the pilot brought the pie to you .,a chief found me a chocolate .,PD,DO,BRING,FIND,THE,A,to,for,-42.90855407714844,"[-3.5395098, -9.138815, -9.315942, -8.286182, -1.6892462, -6.3449984, -4.5938597]"
the pilot brought the pie to you .,a secretary delivered a juice for her .,PD,PD,BRING,DELIVER,THE,A,to,for,-47.618919372558594,"[-3.5395098, -10.807002, -9.434271, -0.7362777, -12.536191, -3.2378364, -2.6773722, -4.6504626]"
the pilot brought the pie to you .,a secretary delivered her a juice .,PD,DO,BRING,DELIVER,THE,A,to,for,-46.902950286865234,"[-3.5395098, -10.807002, -9.434271, -3.487526, -7.1426315, -10.498886, -1.9931242]"
the pilot brought the tea to him .,a singer took a hat to me .,PD,PD,BRING,TAKE,THE,A,to,to,-38.793212890625,"[-3.581618, -9.880493, -6.1260777, -1.7016505, -8.225815, -3.4129598, -4.594707, -1.269889]"
the pilot brought the tea to him .,a singer took me a hat .,PD,DO,BRING,TAKE,THE,A,to,to,-41.943382263183594,"[-3.581618, -9.880493, -6.1260777, -5.1947737, -5.2856536, -9.507174, -2.3675914]"
the pilot brought the tea to me .,a nurse gave a juice to you .,PD,PD,BRING,GIVE,THE,A,to,to,-36.895851135253906,"[-3.5524879, -7.250469, -5.26256, -2.1125553, -10.91903, -0.13216825, -7.195538, -0.47104135]"
the pilot brought the tea to me .,a nurse gave you a juice .,PD,DO,BRING,GIVE,THE,A,to,to,-31.72542953491211,"[-3.5524879, -7.250469, -5.26256, -6.1177874, -0.81294245, -7.5188932, -1.2102904]"
the pilot brought them the candy .,a singer showed a pie to you .,DO,PD,BRING,SHOW,THE,A,to,to,-46.777095794677734,"[-3.6293764, -10.052792, -8.076136, -3.2168455, -9.994143, -2.1904051, -8.016256, -1.6011432]"
the pilot brought them the candy .,a singer showed you a pie .,DO,DO,BRING,SHOW,THE,A,to,to,-41.495208740234375,"[-3.6293764, -10.052792, -8.076136, -6.3977337, -2.3585186, -9.578387, -1.4022645]"
the pilot brought them the cheese .,a boy kept a book for me .,DO,PD,BRING,KEEP,THE,A,to,for,-35.96709442138672,"[-3.6017284, -6.4956083, -8.644289, -3.2722542, -4.9422703, -3.855514, -3.990086, -1.1653455]"
the pilot brought them the cheese .,a boy kept me a book .,DO,DO,BRING,KEEP,THE,A,to,for,-37.81386947631836,"[-3.6017284, -6.4956083, -8.644289, -6.1287003, -5.8620763, -5.5656834, -1.5157832]"
the pilot brought us the cheese .,a scientist delivered a wire for them .,DO,PD,BRING,DELIVER,THE,A,to,for,-42.53789520263672,"[-3.5878205, -7.5467224, -9.400465, -0.8876567, -10.436314, -3.1503024, -6.222245, -1.3063679]"
the pilot brought us the cheese .,a scientist delivered them a wire .,DO,DO,BRING,DELIVER,THE,A,to,for,-41.92729187011719,"[-3.5878205, -7.5467224, -9.400465, -6.1146607, -3.779174, -10.416917, -1.081532]"
the pilot brought you the juice .,a son gave a button to him .,DO,PD,BRING,GIVE,THE,A,to,to,-42.069068908691406,"[-3.5539508, -8.374783, -6.553379, -2.4481137, -12.4612255, -1.1310109, -5.5590653, -1.9875395]"
the pilot brought you the juice .,a son gave him a button .,DO,DO,BRING,GIVE,THE,A,to,to,-34.036102294921875,"[-3.5539508, -8.374783, -6.553379, -3.5386612, -0.7016836, -10.002819, -1.3108257]"
the pilot brought you the juice .,a captain sold a chicken to me .,DO,PD,BRING,SELL,THE,A,to,to,-40.05915069580078,"[-3.5539508, -9.631311, -9.726788, -2.0337148, -6.3962965, -1.2847698, -6.0601244, -1.3721961]"
the pilot brought you the juice .,a captain sold me a chicken .,DO,DO,BRING,SELL,THE,A,to,to,-36.66172790527344,"[-3.5539508, -9.631311, -9.726788, -3.9418368, -2.0451574, -6.3981695, -1.364513]"
the pilot brought you the juice .,a father sold a chicken to us .,DO,PD,BRING,SELL,THE,A,to,to,-37.77119064331055,"[-3.5539508, -6.6253138, -9.377483, -1.783686, -5.102533, -1.4157425, -8.21785, -1.6946326]"
the pilot brought you the juice .,a father sold us a chicken .,DO,DO,BRING,SELL,THE,A,to,to,-35.92326736450195,"[-3.5539508, -6.6253138, -9.377483, -7.982487, -1.3313282, -5.8553443, -1.1973611]"
the pilot brought you the juice .,a chief delivered a cheese for it .,DO,PD,BRING,DELIVER,THE,A,to,for,-50.23023223876953,"[-3.5539508, -9.086688, -12.787606, -0.8008908, -11.8918, -4.6569157, -6.711914, -0.7404668]"
the pilot brought you the juice .,a chief delivered it a cheese .,DO,DO,BRING,DELIVER,THE,A,to,for,-50.01008224487305,"[-3.5539508, -9.086688, -12.787606, -5.2043552, -6.0971384, -12.074501, -1.2058427]"
the pilot brought you the pie .,a chief found a chocolate for me .,DO,PD,BRING,FIND,THE,A,to,for,-46.76232147216797,"[-3.5561411, -9.079788, -9.501119, -3.4778419, -9.204086, -6.289869, -4.1948047, -1.4586751]"
the pilot brought you the pie .,a chief found me a chocolate .,DO,DO,BRING,FIND,THE,A,to,for,-42.45740509033203,"[-3.5561411, -9.079788, -9.501119, -8.136898, -2.0481057, -6.3768697, -3.758482]"
the pilot brought you the pie .,a secretary delivered a juice for her .,DO,PD,BRING,DELIVER,THE,A,to,for,-48.12450408935547,"[-3.5561411, -10.76067, -9.319823, -0.7062146, -12.7424755, -3.1681626, -2.6792102, -5.191804]"
the pilot brought you the pie .,a secretary delivered her a juice .,DO,DO,BRING,DELIVER,THE,A,to,for,-46.310218811035156,"[-3.5561411, -10.76067, -9.319823, -3.3261392, -7.384817, -10.643909, -1.318722]"
the pilot caught him the button .,a reader delivered a salad for you .,DO,PD,CATCH,DELIVER,THE,A,for,for,-45.054908752441406,"[-3.5614586, -7.5922947, -9.809061, -1.623824, -13.502344, -3.2162733, -4.7839246, -0.96572614]"
the pilot caught him the button .,a reader delivered you a salad .,DO,DO,CATCH,DELIVER,THE,A,for,for,-45.74591064453125,"[-3.5614586, -7.5922947, -9.809061, -7.7466536, -2.4699388, -12.774926, -1.7915773]"
the pilot caught him the crystal .,an actor promised a coffee to you .,DO,PD,CATCH,PROMISE,THE,A,for,to,-47.98518371582031,"[-5.6266804, -6.612052, -10.629965, -2.3682792, -10.019212, -3.5900586, -7.31398, -1.8249546]"
the pilot caught him the crystal .,an actor promised you a coffee .,DO,DO,CATCH,PROMISE,THE,A,for,to,-40.96219253540039,"[-5.6266804, -6.612052, -10.629965, -6.57987, -1.6512183, -8.03944, -1.8229669]"
the pilot caught it the television .,a husband purchased a bowl for them .,DO,PD,CATCH,PURCHASE,THE,A,for,for,-45.2507209777832,"[-3.5502107, -8.523481, -10.620116, -0.6925265, -7.5967875, -4.4688993, -7.598924, -2.1997747]"
the pilot caught it the television .,a husband purchased them a bowl .,DO,DO,CATCH,PURCHASE,THE,A,for,for,-44.01570129394531,"[-3.5502107, -8.523481, -10.620116, -6.782911, -4.4411464, -5.602277, -4.49556]"
the pilot caught me the button .,a father sent a cup to you .,DO,PD,CATCH,SEND,THE,A,for,to,-42.29433059692383,"[-3.5368984, -6.6109295, -6.8739047, -1.4509745, -9.676583, -3.2999015, -9.317194, -1.5279454]"
the pilot caught me the button .,a father sent you a cup .,DO,DO,CATCH,SEND,THE,A,for,to,-38.416107177734375,"[-3.5368984, -6.6109295, -6.8739047, -8.067594, -1.0664374, -8.085353, -4.1749926]"
the pilot caught me the telephone .,a princess supplied a salad to you .,DO,PD,CATCH,SUPPLY,THE,A,for,to,-46.322296142578125,"[-3.5700605, -10.941748, -11.227447, -2.2896824, -8.197385, -1.6609175, -7.11225, -1.3228059]"
the pilot caught me the telephone .,a princess supplied you a salad .,DO,DO,CATCH,SUPPLY,THE,A,for,to,-43.68367385864258,"[-3.5700605, -10.941748, -11.227447, -5.556507, -3.1484284, -7.771594, -1.4678912]"
the pilot caught the button for him .,a reader delivered a salad for you .,PD,PD,CATCH,DELIVER,THE,A,for,for,-44.307044982910156,"[-3.5898385, -7.3369737, -9.895382, -1.7048949, -13.527224, -2.6554277, -4.7938843, -0.8034226]"
the pilot caught the button for him .,a reader delivered you a salad .,PD,DO,CATCH,DELIVER,THE,A,for,for,-45.56732940673828,"[-3.5898385, -7.3369737, -9.895382, -7.5313015, -2.7063708, -12.646795, -1.8606677]"
the pilot caught the button for me .,a father sent a cup to you .,PD,PD,CATCH,SEND,THE,A,for,to,-42.24603271484375,"[-3.5792682, -6.686809, -6.8333125, -1.4256994, -9.7307625, -3.6393545, -8.888161, -1.4626635]"
the pilot caught the button for me .,a father sent you a cup .,PD,DO,CATCH,SEND,THE,A,for,to,-39.76603698730469,"[-3.5792682, -6.686809, -6.8333125, -8.0540285, -1.1592655, -8.2785225, -5.17483]"
the pilot caught the button for you .,a kid bought a key for him .,PD,PD,CATCH,BUY,THE,A,for,for,-34.43256378173828,"[-3.5677662, -8.666729, -7.6429048, -0.6759686, -6.9865503, -1.7864774, -3.807315, -1.2988548]"
the pilot caught the button for you .,a kid bought him a key .,PD,DO,CATCH,BUY,THE,A,for,for,-34.12526321411133,"[-3.5677662, -8.666729, -7.6429048, -4.15848, -0.54772687, -6.8438487, -2.6978064]"
the pilot caught the crystal for him .,an actor promised a coffee to you .,PD,PD,CATCH,PROMISE,THE,A,for,to,-47.137367248535156,"[-5.647294, -6.6841125, -10.570846, -2.3802278, -9.78754, -3.3889, -6.9159584, -1.7624882]"
the pilot caught the crystal for him .,an actor promised you a coffee .,PD,DO,CATCH,PROMISE,THE,A,for,to,-41.78912353515625,"[-5.647294, -6.6841125, -10.570846, -6.665592, -1.8663944, -8.211897, -2.142986]"
the pilot caught the engine for us .,an employer supplied a meal to him .,PD,PD,CATCH,SUPPLY,THE,A,for,to,-40.114585876464844,"[-5.673536, -7.6040306, -10.367366, -2.1459389, -5.109629, -1.1541996, -5.984189, -2.075697]"
the pilot caught the engine for us .,an employer supplied him a meal .,PD,DO,CATCH,SUPPLY,THE,A,for,to,-38.394065856933594,"[-5.673536, -7.6040306, -10.367366, -4.8881626, -3.7501235, -3.7649388, -2.3459072]"
the pilot caught the telephone for me .,a princess supplied a salad to you .,PD,PD,CATCH,SUPPLY,THE,A,for,to,-45.63629913330078,"[-3.5845368, -10.969852, -10.985139, -2.411497, -7.794537, -1.9124895, -6.72101, -1.2572404]"
the pilot caught the telephone for me .,a princess supplied you a salad .,PD,DO,CATCH,SUPPLY,THE,A,for,to,-44.98141098022461,"[-3.5845368, -10.969852, -10.985139, -5.8448467, -4.4786463, -7.336213, -1.7821773]"
the pilot caught the television for it .,a husband purchased a bowl for them .,PD,PD,CATCH,PURCHASE,THE,A,for,for,-43.404212951660156,"[-3.5718138, -8.576803, -10.491807, -0.6489958, -7.611455, -3.9131851, -7.007311, -1.5828431]"
the pilot caught the television for it .,a husband purchased them a bowl .,PD,DO,CATCH,PURCHASE,THE,A,for,for,-45.924583435058594,"[-3.5718138, -8.576803, -10.491807, -7.1675467, -5.1187162, -6.306719, -4.691177]"
the pilot caught us the engine .,an employer supplied a meal to him .,DO,PD,CATCH,SUPPLY,THE,A,for,to,-40.80034255981445,"[-5.644631, -7.7254634, -10.471806, -1.9731308, -5.5895443, -1.1604038, -6.2731414, -1.9622216]"
the pilot caught us the engine .,an employer supplied him a meal .,DO,DO,CATCH,SUPPLY,THE,A,for,to,-37.65852355957031,"[-5.644631, -7.7254634, -10.471806, -4.5540614, -3.0511363, -4.1897616, -2.0216649]"
the pilot caught you the button .,a kid bought a key for him .,DO,PD,CATCH,BUY,THE,A,for,for,-37.8537712097168,"[-3.498454, -8.841303, -7.6712847, -0.5533952, -7.3903904, -2.426627, -5.441021, -2.031294]"
the pilot caught you the button .,a kid bought him a key .,DO,DO,CATCH,BUY,THE,A,for,for,-32.92708206176758,"[-3.498454, -8.841303, -7.6712847, -4.187052, -0.41925806, -6.774964, -1.5347683]"
the pilot designed him the book .,a hero got a tea for it .,DO,PD,DESIGN,GET,THE,A,for,for,-42.9149055480957,"[-3.6517982, -8.527565, -6.9363084, -2.2076197, -10.709782, -3.5470161, -6.6400332, -0.69478273]"
the pilot designed him the book .,a hero got it a tea .,DO,DO,DESIGN,GET,THE,A,for,for,-44.62189483642578,"[-3.6517982, -8.527565, -6.9363084, -4.9143505, -6.750203, -12.64697, -1.1947025]"
the pilot designed it the plate .,a soldier supplied a television to him .,DO,PD,DESIGN,SUPPLY,THE,A,for,to,-44.48796081542969,"[-3.63949, -7.3190494, -11.3558035, -3.221861, -9.03313, -2.2390256, -5.7268343, -1.9527662]"
the pilot designed it the plate .,a soldier supplied him a television .,DO,DO,DESIGN,SUPPLY,THE,A,for,to,-42.17760467529297,"[-3.63949, -7.3190494, -11.3558035, -5.4346704, -2.975544, -9.543086, -1.9099623]"
the pilot designed the book for him .,a hero got a tea for it .,PD,PD,DESIGN,GET,THE,A,for,for,-42.469112396240234,"[-3.5788283, -8.515983, -7.389226, -2.023936, -10.600453, -2.9512966, -6.7237864, -0.68560255]"
the pilot designed the book for him .,a hero got it a tea .,PD,DO,DESIGN,GET,THE,A,for,for,-45.46559524536133,"[-3.5788283, -8.515983, -7.389226, -4.9919796, -6.582667, -12.616848, -1.7900625]"
the pilot designed the book for you .,a cop took an iron to him .,PD,PD,DESIGN,TAKE,THE,A,for,to,-41.31108856201172,"[-3.5357428, -8.828686, -5.6009398, -3.7954144, -8.3508005, -4.947145, -4.8059473, -1.44641]"
the pilot designed the book for you .,a cop took him an iron .,PD,DO,DESIGN,TAKE,THE,A,for,to,-42.92675018310547,"[-3.5357428, -8.828686, -5.6009398, -4.212402, -9.352347, -7.6530833, -3.743549]"
the pilot designed the plate for it .,a soldier supplied a television to him .,PD,PD,DESIGN,SUPPLY,THE,A,for,to,-42.75624465942383,"[-3.6095295, -7.228942, -11.215229, -3.2672272, -9.217976, -1.7376915, -4.5699415, -1.9097084]"
the pilot designed the plate for it .,a soldier supplied him a television .,PD,DO,DESIGN,SUPPLY,THE,A,for,to,-43.27822494506836,"[-3.6095295, -7.228942, -11.215229, -5.4671154, -3.937471, -9.494808, -2.3251293]"
the pilot designed the plate for you .,a buddy gave a bag to him .,PD,PD,DESIGN,GIVE,THE,A,for,to,-38.679969787597656,"[-3.563355, -10.252134, -5.6911163, -3.787229, -7.494, -1.6029415, -4.5782213, -1.7109709]"
the pilot designed the plate for you .,a buddy gave him a bag .,PD,DO,DESIGN,GIVE,THE,A,for,to,-31.574447631835938,"[-3.563355, -10.252134, -5.6911163, -3.1054816, -0.6637066, -5.075329, -3.2233248]"
the pilot designed you the book .,a cop took an iron to him .,DO,PD,DESIGN,TAKE,THE,A,for,to,-41.652099609375,"[-3.566061, -8.593353, -5.602047, -3.8212607, -8.276812, -5.394321, -5.002689, -1.3955556]"
the pilot designed you the book .,a cop took him an iron .,DO,DO,DESIGN,TAKE,THE,A,for,to,-42.08538055419922,"[-3.566061, -8.593353, -5.602047, -3.8025076, -9.226676, -7.6459837, -3.6487534]"
the pilot designed you the plate .,a buddy gave a bag to him .,DO,PD,DESIGN,GIVE,THE,A,for,to,-38.10228729248047,"[-3.6085758, -10.031147, -5.7179527, -3.6813912, -7.398119, -1.6838572, -4.4104543, -1.5707933]"
the pilot designed you the plate .,a buddy gave him a bag .,DO,DO,DESIGN,GIVE,THE,A,for,to,-30.808156967163086,"[-3.6085758, -10.031147, -5.7179527, -3.1039405, -0.669002, -5.0755, -2.6020386]"
the pilot drew him the bell .,a husband purchased a beer for them .,DO,PD,DRAW,PURCHASE,THE,A,for,for,-40.964874267578125,"[-3.6284442, -8.596842, -10.313231, -1.0003544, -6.79871, -2.2570035, -6.798829, -1.5714574]"
the pilot drew him the bell .,a husband purchased them a beer .,DO,DO,DRAW,PURCHASE,THE,A,for,for,-40.174320220947266,"[-3.6284442, -8.596842, -10.313231, -6.0761466, -4.4111757, -5.372485, -1.7759957]"
the pilot drew him the key .,a guest threw a bottle to her .,DO,PD,DRAW,THROW,THE,A,for,to,-41.09162521362305,"[-3.621396, -7.817687, -13.779209, -1.2537975, -4.5002847, -5.3864474, -1.8972291, -2.8355744]"
the pilot drew him the key .,a guest threw her a bottle .,DO,DO,DRAW,THROW,THE,A,for,to,-41.81744384765625,"[-3.621396, -7.817687, -13.779209, -2.78617, -5.5785666, -6.294378, -1.9400359]"
the pilot drew him the machine .,a brother found a motor for me .,DO,PD,DRAW,FIND,THE,A,for,for,-45.3262939453125,"[-3.6261964, -9.028156, -6.410502, -1.661449, -8.396399, -6.656932, -8.02647, -1.5201885]"
the pilot drew him the machine .,a brother found me a motor .,DO,DO,DRAW,FIND,THE,A,for,for,-40.393959045410156,"[-3.6261964, -9.028156, -6.410502, -6.568582, -1.4263386, -8.732294, -4.6018877]"
the pilot drew me the cigarette .,an uncle made a flower for it .,DO,PD,DRAW,MAKE,THE,A,for,for,-42.28466033935547,"[-5.6684837, -8.331869, -6.4932394, -1.611509, -9.068283, -3.0026968, -7.2235427, -0.8850368]"
the pilot drew me the cigarette .,an uncle made it a flower .,DO,DO,DRAW,MAKE,THE,A,for,for,-40.42778778076172,"[-5.6684837, -8.331869, -6.4932394, -3.3815913, -3.8383377, -11.154277, -1.5599921]"
the pilot drew me the key .,an attorney made a plate for you .,DO,PD,DRAW,MAKE,THE,A,for,for,-39.65833282470703,"[-5.6701345, -5.850137, -7.5091796, -1.3835685, -10.942022, -3.1368299, -4.3180957, -0.848369]"
the pilot drew me the key .,an attorney made you a plate .,DO,DO,DRAW,MAKE,THE,A,for,for,-36.84669876098633,"[-5.6701345, -5.850137, -7.5091796, -6.45275, -1.7901399, -8.0586605, -1.5156977]"
the pilot drew the bell for him .,a husband purchased a beer for them .,PD,PD,DRAW,PURCHASE,THE,A,for,for,-38.7196044921875,"[-3.5923896, -8.640086, -10.446557, -0.8417849, -6.5936546, -1.6470661, -5.2574387, -1.700627]"
the pilot drew the bell for him .,a husband purchased them a beer .,PD,DO,DRAW,PURCHASE,THE,A,for,for,-43.58295440673828,"[-3.5923896, -8.640086, -10.446557, -6.470596, -5.1289763, -6.6788063, -2.6255405]"
the pilot drew the bell for us .,a scientist delivered a wire for them .,PD,PD,DRAW,DELIVER,THE,A,for,for,-41.73097229003906,"[-3.591008, -7.7387476, -9.60279, -0.8661823, -9.853753, -3.1194103, -5.993263, -0.9658172]"
the pilot drew the bell for us .,a scientist delivered them a wire .,PD,DO,DRAW,DELIVER,THE,A,for,for,-42.565582275390625,"[-3.591008, -7.7387476, -9.60279, -6.6676664, -3.452124, -9.351772, -2.1614764]"
the pilot drew the cigarette for me .,an uncle made a flower for it .,PD,PD,DRAW,MAKE,THE,A,for,for,-41.15792465209961,"[-5.6680775, -8.433329, -6.766083, -1.1975791, -8.800411, -1.7618933, -7.767845, -0.7627074]"
the pilot drew the cigarette for me .,an uncle made it a flower .,PD,DO,DRAW,MAKE,THE,A,for,for,-41.62767028808594,"[-5.6680775, -8.433329, -6.766083, -3.3812196, -3.6743371, -11.572986, -2.1316416]"
the pilot drew the cigarette for us .,a cop sold a coat to you .,PD,PD,DRAW,SELL,THE,A,for,to,-44.80715560913086,"[-3.6090517, -8.095721, -11.151852, -1.8388335, -8.2682, -3.1412785, -6.8762093, -1.8260094]"
the pilot drew the cigarette for us .,a cop sold you a coat .,PD,DO,DRAW,SELL,THE,A,for,to,-38.265621185302734,"[-3.6090517, -8.095721, -11.151852, -5.3179975, -0.9550804, -6.7934256, -2.3424926]"
the pilot drew the cigarette for us .,a kid showed a glass to me .,PD,PD,DRAW,SHOW,THE,A,for,to,-37.96302032470703,"[-3.6090517, -8.738445, -7.599929, -3.8995442, -8.34412, -3.4749951, -1.2491503, -1.0477849]"
the pilot drew the cigarette for us .,a kid showed me a glass .,PD,DO,DRAW,SHOW,THE,A,for,to,-34.3271598815918,"[-3.6090517, -8.738445, -7.599929, -0.7323823, -1.4002777, -7.768507, -4.4785686]"
the pilot drew the coat for them .,an employer brought a tea to you .,PD,PD,DRAW,BRING,THE,A,for,to,-40.095420837402344,"[-5.7128105, -7.5868006, -8.086309, -1.7858012, -8.171306, -2.2352905, -5.128649, -1.388451]"
the pilot drew the coat for them .,an employer brought you a tea .,PD,DO,DRAW,BRING,THE,A,for,to,-37.3350830078125,"[-5.7128105, -7.5868006, -8.086309, -4.681801, -1.4463834, -7.405035, -2.4159455]"
the pilot drew the key for him .,a guest threw a bottle to her .,PD,PD,DRAW,THROW,THE,A,for,to,-40.70632553100586,"[-3.5889091, -7.696947, -13.739652, -1.1124394, -5.1484165, -5.2800336, -2.0308542, -2.1090746]"
the pilot drew the key for him .,a guest threw her a bottle .,PD,DO,DRAW,THROW,THE,A,for,to,-43.56800079345703,"[-3.5889091, -7.696947, -13.739652, -3.491174, -5.509709, -6.8891497, -2.6524565]"
the pilot drew the key for me .,an attorney made a plate for you .,PD,PD,DRAW,MAKE,THE,A,for,for,-39.17668914794922,"[-5.6675067, -5.928581, -7.8760796, -1.276679, -11.099713, -2.3788457, -4.254914, -0.69436795]"
the pilot drew the key for me .,an attorney made you a plate .,PD,DO,DRAW,MAKE,THE,A,for,for,-39.0666618347168,"[-5.6675067, -5.928581, -7.8760796, -7.435316, -1.8105123, -8.488304, -1.860361]"
the pilot drew the key for them .,a nurse sent a juice to you .,PD,PD,DRAW,SEND,THE,A,for,to,-42.63533020019531,"[-3.5628757, -7.594721, -7.518442, -1.7269804, -12.133937, -2.4047303, -6.569618, -1.1240252]"
the pilot drew the key for them .,a nurse sent you a juice .,PD,DO,DRAW,SEND,THE,A,for,to,-40.2219123840332,"[-3.5628757, -7.594721, -7.518442, -6.787858, -1.3753804, -10.61123, -2.771405]"
the pilot drew the machine for him .,a brother found a motor for me .,PD,PD,DRAW,FIND,THE,A,for,for,-43.89834976196289,"[-3.5789583, -9.074689, -6.577209, -1.4385595, -8.52086, -5.7128277, -7.6835904, -1.3116574]"
the pilot drew the machine for him .,a brother found me a motor .,PD,DO,DRAW,FIND,THE,A,for,for,-43.36708068847656,"[-3.5789583, -9.074689, -6.577209, -6.7106533, -2.6750329, -9.44237, -5.3081665]"
the pilot drew the machine for us .,a princess threw an iron to you .,PD,PD,DRAW,THROW,THE,A,for,to,-41.84452819824219,"[-3.5771058, -10.431294, -7.704092, -3.5238457, -4.5213804, -4.3367443, -6.7585135, -0.9915539]"
the pilot drew the machine for us .,a princess threw you an iron .,PD,DO,DRAW,THROW,THE,A,for,to,-40.827762603759766,"[-3.5771058, -10.431294, -7.704092, -7.078779, -3.963985, -5.366441, -2.7060657]"
the pilot drew them the coat .,an employer brought a tea to you .,DO,PD,DRAW,BRING,THE,A,for,to,-41.091243743896484,"[-5.711939, -7.574645, -8.249029, -1.9097731, -8.299634, -2.7619514, -5.154682, -1.4295923]"
the pilot drew them the coat .,an employer brought you a tea .,DO,DO,DRAW,BRING,THE,A,for,to,-37.18480682373047,"[-5.711939, -7.574645, -8.249029, -4.2695036, -1.6815685, -7.709382, -1.9887377]"
the pilot drew them the key .,a nurse sent a juice to you .,DO,PD,DRAW,SEND,THE,A,for,to,-43.10372543334961,"[-3.5699446, -7.5955296, -7.412486, -1.8337724, -12.015229, -2.7579715, -6.741619, -1.177174]"
the pilot drew them the key .,a nurse sent you a juice .,DO,DO,DRAW,SEND,THE,A,for,to,-39.37825012207031,"[-3.5699446, -7.5955296, -7.412486, -6.952076, -1.4339538, -10.132743, -2.281517]"
the pilot drew us the bell .,a scientist delivered a wire for them .,DO,PD,DRAW,DELIVER,THE,A,for,for,-43.08876037597656,"[-3.6110566, -7.7205906, -9.315677, -0.970518, -10.199389, -3.7135243, -6.345501, -1.2125047]"
the pilot drew us the bell .,a scientist delivered them a wire .,DO,DO,DRAW,DELIVER,THE,A,for,for,-41.02436065673828,"[-3.6110566, -7.7205906, -9.315677, -6.4058456, -2.8366995, -9.879699, -1.254792]"
the pilot drew us the cigarette .,a cop sold a coat to you .,DO,PD,DRAW,SELL,THE,A,for,to,-44.5151481628418,"[-3.6605718, -7.986183, -10.992751, -2.0884528, -8.314851, -2.9971817, -6.6728954, -1.8022622]"
the pilot drew us the cigarette .,a cop sold you a coat .,DO,DO,DRAW,SELL,THE,A,for,to,-36.041194915771484,"[-3.6605718, -7.986183, -10.992751, -4.2853703, -0.9772893, -6.5016184, -1.6374092]"
the pilot drew us the cigarette .,a kid showed a glass to me .,DO,PD,DRAW,SHOW,THE,A,for,to,-38.326141357421875,"[-3.6605718, -8.579569, -7.3623123, -4.6635575, -8.212646, -3.5540338, -1.2378281, -1.0556215]"
the pilot drew us the cigarette .,a kid showed me a glass .,DO,DO,DRAW,SHOW,THE,A,for,to,-31.863300323486328,"[-3.6605718, -8.579569, -7.3623123, -0.54322296, -1.3609118, -6.8897324, -3.4669797]"
the pilot drew us the machine .,a princess threw an iron to you .,DO,PD,DRAW,THROW,THE,A,for,to,-41.652183532714844,"[-3.5938046, -10.421759, -7.760307, -3.4614916, -4.565711, -4.4091587, -6.3369174, -1.1030369]"
the pilot drew us the machine .,a princess threw you an iron .,DO,DO,DRAW,THROW,THE,A,for,to,-38.32718276977539,"[-3.5938046, -10.421759, -7.760307, -5.9322834, -3.6548936, -4.9763894, -1.987745]"
the pilot fed him the pie .,a teacher made a log for me .,DO,PD,FEED,MAKE,THE,A,to,for,-36.46074295043945,"[-3.6645117, -7.2439833, -6.3527064, -1.2656585, -10.141887, -3.544559, -3.0741172, -1.1733224]"
the pilot fed him the pie .,a teacher made me a log .,DO,DO,FEED,MAKE,THE,A,to,for,-34.30815887451172,"[-3.6645117, -7.2439833, -6.3527064, -4.7294273, -1.9934851, -9.449829, -0.87421453]"
the pilot fed it the chicken .,a cousin brought a bag to you .,DO,PD,FEED,BRING,THE,A,to,to,-38.343223571777344,"[-3.6212506, -9.178194, -7.209105, -2.5341413, -4.011922, -2.5694933, -7.920358, -1.2987611]"
the pilot fed it the chicken .,a cousin brought you a bag .,DO,DO,FEED,BRING,THE,A,to,to,-37.35074234008789,"[-3.6212506, -9.178194, -7.209105, -6.086298, -2.0775323, -5.4452486, -3.7331142]"
the pilot fed it the chicken .,a girl brought a coffee to her .,DO,PD,FEED,BRING,THE,A,to,to,-32.72561264038086,"[-3.6212506, -6.5237007, -7.738021, -2.0040467, -6.6535196, -0.91992736, -2.2868109, -2.9783375]"
the pilot fed it the chicken .,a girl brought her a coffee .,DO,DO,FEED,BRING,THE,A,to,to,-33.43210220336914,"[-3.6212506, -6.5237007, -7.738021, -2.6646092, -6.343725, -5.2602963, -1.2804996]"
the pilot fed the chicken to it .,a cousin brought a bag to you .,PD,PD,FEED,BRING,THE,A,to,to,-37.24571990966797,"[-3.5953166, -9.196526, -7.7504787, -2.170722, -4.098952, -2.0187688, -7.516557, -0.89839816]"
the pilot fed the chicken to it .,a cousin brought you a bag .,PD,DO,FEED,BRING,THE,A,to,to,-38.046546936035156,"[-3.5953166, -9.196526, -7.7504787, -6.134405, -1.9792665, -5.2360234, -4.1545343]"
the pilot fed the chicken to it .,a girl brought a coffee to her .,PD,PD,FEED,BRING,THE,A,to,to,-29.351016998291016,"[-3.5953166, -6.36852, -7.9500313, -1.683639, -6.696932, -0.5541332, -0.9812008, -1.5212438]"
the pilot fed the chicken to it .,a girl brought her a coffee .,PD,DO,FEED,BRING,THE,A,to,to,-34.266326904296875,"[-3.5953166, -6.36852, -7.9500313, -2.905785, -6.5358315, -5.275747, -1.6350993]"
the pilot fed the chicken to us .,a prince supplied a salad to you .,PD,PD,FEED,SUPPLY,THE,A,to,to,-40.61111068725586,"[-3.5917857, -10.737213, -9.891354, -2.3819933, -6.991906, -0.4880449, -5.8898687, -0.6389464]"
the pilot fed the chicken to us .,a prince supplied you a salad .,PD,DO,FEED,SUPPLY,THE,A,to,to,-41.30556869506836,"[-3.5917857, -10.737213, -9.891354, -5.2609053, -3.9570408, -6.6863065, -1.1809644]"
the pilot fed the pie to him .,a teacher made a log for me .,PD,PD,FEED,MAKE,THE,A,to,for,-36.48406982421875,"[-3.6164885, -7.2820864, -6.479622, -1.0813531, -9.863871, -3.5159955, -3.3446445, -1.3000082]"
the pilot fed the pie to him .,a teacher made me a log .,PD,DO,FEED,MAKE,THE,A,to,for,-35.51005554199219,"[-3.6164885, -7.2820864, -6.479622, -5.957161, -1.8079545, -8.995886, -1.3708549]"
the pilot fed the pie to them .,a princess sent a salad to me .,PD,PD,FEED,SEND,THE,A,to,to,-36.91849136352539,"[-3.6054063, -10.460254, -7.0752106, -1.6130848, -10.522716, -0.48911515, -2.1709042, -0.9818003]"
the pilot fed the pie to them .,a princess sent me a salad .,PD,DO,FEED,SEND,THE,A,to,to,-37.68382263183594,"[-3.6054063, -10.460254, -7.0752106, -3.8833199, -0.99774826, -9.953852, -1.7080342]"
the pilot fed the pie to them .,an administration designed a cup for it .,PD,PD,FEED,DESIGN,THE,A,to,for,-48.33644104003906,"[-5.7053657, -8.645769, -10.448843, -4.0511255, -10.378265, -3.2094474, -5.150152, -0.7474706]"
the pilot fed the pie to them .,an administration designed it a cup .,PD,DO,FEED,DESIGN,THE,A,to,for,-52.98640823364258,"[-5.7053657, -8.645769, -10.448843, -5.8621817, -6.7510586, -11.818553, -3.754638]"
the pilot fed the salad to you .,a scientist found a coffee for them .,PD,PD,FEED,FIND,THE,A,to,for,-39.729736328125,"[-3.59025, -7.4359202, -5.375786, -1.4199224, -8.64081, -6.0694714, -6.3747797, -0.8227994]"
the pilot fed the salad to you .,a scientist found them a coffee .,PD,DO,FEED,FIND,THE,A,to,for,-38.01249694824219,"[-3.59025, -7.4359202, -5.375786, -6.8754525, -4.6033907, -7.7045007, -2.4271986]"
the pilot fed them the pie .,a princess sent a salad to me .,DO,PD,FEED,SEND,THE,A,to,to,-38.32203674316406,"[-3.6327724, -10.4465065, -6.7343287, -1.810906, -10.753186, -0.9836587, -3.1089165, -0.8517597]"
the pilot fed them the pie .,a princess sent me a salad .,DO,DO,FEED,SEND,THE,A,to,to,-35.67340087890625,"[-3.6327724, -10.4465065, -6.7343287, -3.4046845, -1.3326871, -9.049679, -1.0727445]"
the pilot fed them the pie .,an administration designed a cup for it .,DO,PD,FEED,DESIGN,THE,A,to,for,-49.529170989990234,"[-5.7044687, -8.528444, -9.84322, -4.670362, -10.6922035, -3.467485, -5.891388, -0.73159945]"
the pilot fed them the pie .,an administration designed it a cup .,DO,DO,FEED,DESIGN,THE,A,to,for,-51.6749267578125,"[-5.7044687, -8.528444, -9.84322, -5.686972, -6.5945144, -11.352309, -3.9650025]"
the pilot fed us the chicken .,a prince supplied a salad to you .,DO,PD,FEED,SUPPLY,THE,A,to,to,-43.237281799316406,"[-3.6263273, -10.69585, -9.762371, -2.3960993, -7.670015, -1.3583921, -6.665407, -1.0628179]"
the pilot fed us the chicken .,a prince supplied you a salad .,DO,DO,FEED,SUPPLY,THE,A,to,to,-39.970157623291016,"[-3.6263273, -10.69585, -9.762371, -4.679022, -3.7683134, -6.5169773, -0.9212959]"
the pilot fed you the salad .,a scientist found a coffee for them .,DO,PD,FEED,FIND,THE,A,to,for,-40.30480194091797,"[-3.6309211, -7.3918166, -5.3636923, -1.4244475, -8.903392, -6.0824013, -6.835427, -0.6727076]"
the pilot fed you the salad .,a scientist found them a coffee .,DO,DO,FEED,FIND,THE,A,to,for,-36.66416931152344,"[-3.6309211, -7.3918166, -5.3636923, -6.6933255, -4.4584255, -7.5757103, -1.5502784]"
the pilot found her the beer .,a cousin got a cheese for you .,DO,PD,FIND,GET,THE,A,for,for,-45.965484619140625,"[-3.5594182, -9.290123, -7.543291, -1.5786512, -12.189271, -3.9028296, -7.2492037, -0.6526994]"
the pilot found her the beer .,a cousin got you a cheese .,DO,DO,FIND,GET,THE,A,for,for,-38.350013732910156,"[-3.5594182, -9.290123, -7.543291, -6.840212, -0.9513055, -8.564594, -1.601068]"
the pilot found him the box .,a teacher made a log for me .,DO,PD,FIND,MAKE,THE,A,for,for,-35.840946197509766,"[-3.5980062, -7.0481496, -6.5368376, -1.0907791, -9.843266, -3.124772, -3.4596815, -1.1394539]"
the pilot found him the box .,a teacher made me a log .,DO,DO,FIND,MAKE,THE,A,for,for,-32.903202056884766,"[-3.5980062, -7.0481496, -6.5368376, -5.479287, -1.0064982, -8.233569, -1.0008557]"
the pilot found me the juice .,a son sent a camera to us .,DO,PD,FIND,SEND,THE,A,for,to,-37.740570068359375,"[-3.5955353, -8.412471, -7.827474, -2.0948262, -7.901522, -0.8017379, -5.4994783, -1.6075248]"
the pilot found me the juice .,a son sent us a camera .,DO,DO,FIND,SEND,THE,A,for,to,-35.42058563232422,"[-3.5955353, -8.412471, -7.827474, -3.982471, -1.3729192, -8.493094, -1.7366205]"
the pilot found me the juice .,a chief delivered a flower for you .,DO,PD,FIND,DELIVER,THE,A,for,for,-46.956947326660156,"[-3.5955353, -8.954674, -13.023788, -0.8481614, -9.610384, -3.6629434, -5.9537683, -1.3076907]"
the pilot found me the juice .,a chief delivered you a flower .,DO,DO,FIND,DELIVER,THE,A,for,for,-44.513336181640625,"[-3.5955353, -8.954674, -13.023788, -7.8071685, -1.3669113, -8.48444, -1.2808166]"
the pilot found the anchor for them .,a woman kept a juice for you .,PD,PD,FIND,KEEP,THE,A,for,for,-45.139892578125,"[-3.5705543, -4.3169155, -8.702871, -2.016237, -12.97687, -5.111529, -7.049596, -1.395321]"
the pilot found the anchor for them .,a woman kept you a juice .,PD,DO,FIND,KEEP,THE,A,for,for,-45.543128967285156,"[-3.5705543, -4.3169155, -8.702871, -7.0500174, -6.132234, -12.871271, -2.8992622]"
the pilot found the anchor for them .,a candidate delivered a cheese for me .,PD,PD,FIND,DELIVER,THE,A,for,for,-41.71949768066406,"[-3.5705543, -8.858988, -9.511366, -0.8210845, -11.388164, -3.9553099, -2.7170334, -0.89699966]"
the pilot found the anchor for them .,a candidate delivered me a cheese .,PD,DO,FIND,DELIVER,THE,A,for,for,-42.33506774902344,"[-3.5705543, -8.858988, -9.511366, -6.8686175, -0.8806908, -9.538467, -3.106381]"
the pilot found the beer for her .,a cousin got a cheese for you .,PD,PD,FIND,GET,THE,A,for,for,-43.48906326293945,"[-3.555702, -9.40807, -7.779381, -1.5252765, -12.25066, -2.6180925, -5.716427, -0.6354546]"
the pilot found the beer for her .,a cousin got you a cheese .,PD,DO,FIND,GET,THE,A,for,for,-40.641761779785156,"[-3.555702, -9.40807, -7.779381, -7.006314, -1.356147, -8.924904, -2.611241]"
the pilot found the box for him .,a teacher made a log for me .,PD,PD,FIND,MAKE,THE,A,for,for,-34.60869598388672,"[-3.5651467, -7.0760574, -6.4768357, -0.92322457, -9.717459, -2.4289484, -3.4027343, -1.0182905]"
the pilot found the box for him .,a teacher made me a log .,PD,DO,FIND,MAKE,THE,A,for,for,-35.0723876953125,"[-3.5651467, -7.0760574, -6.4768357, -6.380666, -1.8699875, -8.441108, -1.262589]"
the pilot found the box for us .,a manager kept a beer for me .,PD,PD,FIND,KEEP,THE,A,for,for,-37.806148529052734,"[-3.5609074, -8.695902, -9.707211, -1.7599441, -7.9712067, -3.3150303, -1.7730033, -1.0229431]"
the pilot found the box for us .,a manager kept me a beer .,PD,DO,FIND,KEEP,THE,A,for,for,-39.820682525634766,"[-3.5609074, -8.695902, -9.707211, -3.5362844, -5.2271686, -6.5858583, -2.5073524]"
the pilot found the box for us .,a physician caught a bag for you .,PD,PD,FIND,CATCH,THE,A,for,for,-38.28392028808594,"[-3.5609074, -9.133242, -7.957409, -4.550559, -5.817601, -2.4437225, -4.1854005, -0.6350767]"
the pilot found the box for us .,a physician caught you a bag .,PD,DO,FIND,CATCH,THE,A,for,for,-43.58180236816406,"[-3.5609074, -9.133242, -7.957409, -8.465835, -5.653566, -5.7789884, -3.0318556]"
the pilot found the box for you .,a guy fed a chocolate to us .,PD,PD,FIND,FEED,THE,A,for,to,-41.52416229248047,"[-3.5233514, -7.8098593, -10.444279, -1.6114547, -5.470271, -5.313431, -5.997647, -1.3538668]"
the pilot found the box for you .,a guy fed us a chocolate .,PD,DO,FIND,FEED,THE,A,for,to,-39.71516799926758,"[-3.5233514, -7.8098593, -10.444279, -6.2130013, -1.7237839, -5.5072083, -4.4936852]"
the pilot found the coffee for us .,a kid bought a key for him .,PD,PD,FIND,BUY,THE,A,for,for,-35.167808532714844,"[-3.555395, -8.930597, -7.531993, -0.72132427, -7.5764966, -1.946636, -3.7114353, -1.1939292]"
the pilot found the coffee for us .,a kid bought him a key .,PD,DO,FIND,BUY,THE,A,for,for,-34.37545394897461,"[-3.555395, -8.930597, -7.531993, -4.140348, -0.6097082, -7.375639, -2.231772]"
the pilot found the coffee for you .,a parent kept a juice for him .,PD,PD,FIND,KEEP,THE,A,for,for,-44.867950439453125,"[-3.5105143, -8.164032, -9.257292, -1.2957895, -12.684032, -3.1501179, -5.4945517, -1.3116204]"
the pilot found the coffee for you .,a parent kept him a juice .,PD,DO,FIND,KEEP,THE,A,for,for,-45.318119049072266,"[-3.5105143, -8.164032, -9.257292, -5.552347, -4.6065288, -10.935278, -3.2921271]"
the pilot found the coffee for you .,an attorney left an anchor for me .,PD,PD,FIND,LEAVE,THE,A,for,for,-40.790924072265625,"[-5.644067, -5.700472, -8.643564, -3.221102, -8.804346, -2.429455, -5.1372333, -1.2106854]"
the pilot found the coffee for you .,an attorney left me an anchor .,PD,DO,FIND,LEAVE,THE,A,for,for,-42.42427444458008,"[-5.644067, -5.700472, -8.643564, -5.836649, -3.5853314, -10.617714, -2.3964756]"
the pilot found the juice for me .,a son sent a camera to us .,PD,PD,FIND,SEND,THE,A,for,to,-37.39595031738281,"[-3.5613506, -8.452205, -7.7359476, -1.6150846, -8.286661, -0.7335267, -5.3930154, -1.6181594]"
the pilot found the juice for me .,a son sent us a camera .,PD,DO,FIND,SEND,THE,A,for,to,-37.376182556152344,"[-3.5613506, -8.452205, -7.7359476, -4.5412264, -1.2331291, -9.013151, -2.8391764]"
the pilot found the juice for me .,a chief delivered a flower for you .,PD,PD,FIND,DELIVER,THE,A,for,for,-44.506622314453125,"[-3.5613506, -8.955242, -12.9615965, -0.85272574, -9.551876, -2.299252, -5.2763977, -1.04818]"
the pilot found the juice for me .,a chief delivered you a flower .,PD,DO,FIND,DELIVER,THE,A,for,for,-45.8966064453125,"[-3.5613506, -8.955242, -12.9615965, -8.492006, -1.2099912, -8.768445, -1.9479775]"
the pilot found them the anchor .,a woman kept a juice for you .,DO,PD,FIND,KEEP,THE,A,for,for,-47.666297912597656,"[-3.5672703, -4.185199, -8.791937, -1.8788692, -13.049895, -5.9512634, -8.546001, -1.6958611]"
the pilot found them the anchor .,a woman kept you a juice .,DO,DO,FIND,KEEP,THE,A,for,for,-44.36066436767578,"[-3.5672703, -4.185199, -8.791937, -7.131378, -5.70636, -12.233101, -2.745419]"
the pilot found them the anchor .,a candidate delivered a cheese for me .,DO,PD,FIND,DELIVER,THE,A,for,for,-44.840110778808594,"[-3.5672703, -8.983135, -9.284927, -0.6200348, -12.316618, -4.7181683, -4.160495, -1.1894631]"
the pilot found them the anchor .,a candidate delivered me a cheese .,DO,DO,FIND,DELIVER,THE,A,for,for,-43.65183639526367,"[-3.5672703, -8.983135, -9.284927, -7.3741317, -0.8549206, -10.361858, -3.2255917]"
the pilot found us the box .,a manager kept a beer for me .,DO,PD,FIND,KEEP,THE,A,for,for,-39.298492431640625,"[-3.5869617, -8.679256, -9.273255, -2.5266554, -7.8814096, -4.233614, -1.7508438, -1.3664953]"
the pilot found us the box .,a manager kept me a beer .,DO,DO,FIND,KEEP,THE,A,for,for,-35.828399658203125,"[-3.5869617, -8.679256, -9.273255, -2.649051, -4.778404, -4.866151, -1.9953201]"
the pilot found us the box .,a physician caught a bag for you .,DO,PD,FIND,CATCH,THE,A,for,for,-42.50531768798828,"[-3.5869617, -9.044304, -8.110611, -3.177484, -7.098013, -4.250402, -6.299175, -0.9383681]"
the pilot found us the box .,a physician caught you a bag .,DO,DO,FIND,CATCH,THE,A,for,for,-39.373966217041016,"[-3.5869617, -9.044304, -8.110611, -6.1101193, -5.899408, -4.807774, -1.8147888]"
the pilot found us the coffee .,a kid bought a key for him .,DO,PD,FIND,BUY,THE,A,for,for,-37.46295166015625,"[-3.5933194, -8.962049, -7.6719832, -0.83383036, -7.778842, -2.6623971, -4.62245, -1.3380806]"
the pilot found us the coffee .,a kid bought him a key .,DO,DO,FIND,BUY,THE,A,for,for,-33.46616744995117,"[-3.5933194, -8.962049, -7.6719832, -3.4704623, -0.6074728, -7.7421894, -1.418691]"
the pilot found you the box .,a guy fed a chocolate to us .,DO,PD,FIND,FEED,THE,A,for,to,-41.65206527709961,"[-3.5694122, -7.6567183, -10.360579, -1.5280099, -6.0158935, -5.3936567, -5.7094345, -1.4183605]"
the pilot found you the box .,a guy fed us a chocolate .,DO,DO,FIND,FEED,THE,A,for,to,-36.710575103759766,"[-3.5694122, -7.6567183, -10.360579, -5.0623994, -1.3349823, -4.8432474, -3.8832383]"
the pilot found you the coffee .,a parent kept a juice for him .,DO,PD,FIND,KEEP,THE,A,for,for,-47.97386932373047,"[-3.567625, -8.159355, -8.894529, -1.6194352, -12.697983, -5.042352, -6.3407874, -1.6518018]"
the pilot found you the coffee .,a parent kept him a juice .,DO,DO,FIND,KEEP,THE,A,for,for,-42.664154052734375,"[-3.567625, -8.159355, -8.894529, -5.233121, -4.5731454, -10.323936, -1.9124444]"
the pilot found you the coffee .,an attorney left an anchor for me .,DO,PD,FIND,LEAVE,THE,A,for,for,-42.172428131103516,"[-5.7069225, -5.778797, -8.245346, -3.1054783, -8.478449, -2.9639297, -6.261671, -1.631835]"
the pilot found you the coffee .,an attorney left me an anchor .,DO,DO,FIND,LEAVE,THE,A,for,for,-40.00200653076172,"[-5.7069225, -5.778797, -8.245346, -4.987005, -3.1980124, -10.41588, -1.670044]"
the pilot gave her the beer .,a kid caught a hat for you .,DO,PD,GIVE,CATCH,THE,A,to,for,-44.460601806640625,"[-3.610414, -8.779041, -5.9798927, -4.22638, -8.052816, -6.6615205, -6.246281, -0.9042572]"
the pilot gave her the beer .,a kid caught you a hat .,DO,DO,GIVE,CATCH,THE,A,to,for,-42.236473083496094,"[-3.610414, -8.779041, -5.9798927, -8.621868, -5.8705955, -8.271631, -1.1030288]"
the pilot gave him the coffee .,a son designed an engine for me .,DO,PD,GIVE,DESIGN,THE,A,to,for,-40.61336898803711,"[-3.6449943, -8.348973, -10.965155, -3.134192, -6.2988644, -1.3083702, -6.1008863, -0.8119357]"
the pilot gave him the coffee .,a son designed me an engine .,DO,DO,GIVE,DESIGN,THE,A,to,for,-42.439422607421875,"[-3.6449943, -8.348973, -10.965155, -6.7454867, -3.6323524, -8.159331, -0.94312984]"
the pilot gave the beer to her .,a kid caught a hat for you .,PD,PD,GIVE,CATCH,THE,A,to,for,-43.72978210449219,"[-3.5760472, -8.631971, -6.287812, -4.3490095, -7.9919667, -6.3783927, -5.6756153, -0.838965]"
the pilot gave the beer to her .,a kid caught you a hat .,PD,DO,GIVE,CATCH,THE,A,to,for,-41.85846710205078,"[-3.5760472, -8.631971, -6.287812, -8.408549, -5.6954927, -7.981228, -1.2773666]"
the pilot gave the beer to us .,a candidate designed a key for them .,PD,PD,GIVE,DESIGN,THE,A,to,for,-43.197513580322266,"[-3.556797, -8.755707, -10.319429, -1.148648, -8.218938, -2.4552383, -7.5579743, -1.1847811]"
the pilot gave the beer to us .,a candidate designed them a key .,PD,DO,GIVE,DESIGN,THE,A,to,for,-48.14336395263672,"[-3.556797, -8.755707, -10.319429, -7.336631, -6.564835, -8.489189, -3.1207771]"
the pilot gave the beer to you .,a boy fed a cheese to us .,PD,PD,GIVE,FEED,THE,A,to,to,-37.1511116027832,"[-3.5352714, -6.6625137, -10.159325, -1.3632858, -6.1333723, -2.0867846, -5.626708, -1.5838497]"
the pilot gave the beer to you .,a boy fed us a cheese .,PD,DO,GIVE,FEED,THE,A,to,to,-39.4124755859375,"[-3.5352714, -6.6625137, -10.159325, -8.257611, -1.8899479, -6.28452, -2.623287]"
the pilot gave the coffee to him .,a son designed an engine for me .,PD,PD,GIVE,DESIGN,THE,A,to,for,-39.872676849365234,"[-3.5794673, -8.470181, -10.819082, -3.1038365, -6.095462, -1.2679998, -5.5856466, -0.9510011]"
the pilot gave the coffee to him .,a son designed me an engine .,PD,DO,GIVE,DESIGN,THE,A,to,for,-42.644508361816406,"[-3.5794673, -8.470181, -10.819082, -7.1118035, -3.5437322, -7.6806307, -1.4396107]"
the pilot gave the coffee to you .,a prince took a box to me .,PD,PD,GIVE,TAKE,THE,A,to,to,-36.635982513427734,"[-3.5342631, -10.724764, -5.386945, -1.208271, -6.5250273, -4.289458, -4.2026396, -0.76461196]"
the pilot gave the coffee to you .,a prince took me a box .,PD,DO,GIVE,TAKE,THE,A,to,to,-38.4809455871582,"[-3.5342631, -10.724764, -5.386945, -3.7855215, -5.4123197, -7.2888985, -2.3482342]"
the pilot gave us the beer .,a candidate designed a key for them .,DO,PD,GIVE,DESIGN,THE,A,to,for,-44.30205154418945,"[-3.5524416, -8.833648, -10.106203, -1.9651318, -8.365443, -2.6374197, -7.846113, -0.99565154]"
the pilot gave us the beer .,a candidate designed them a key .,DO,DO,GIVE,DESIGN,THE,A,to,for,-47.4178581237793,"[-3.5524416, -8.833648, -10.106203, -7.225067, -6.7196875, -8.09358, -2.8872309]"
the pilot gave you the beer .,a boy fed a cheese to us .,DO,PD,GIVE,FEED,THE,A,to,to,-42.375770568847656,"[-3.5282817, -6.8208756, -9.923355, -1.5680544, -6.2217565, -3.9544473, -8.810756, -1.5482447]"
the pilot gave you the beer .,a boy fed us a cheese .,DO,DO,GIVE,FEED,THE,A,to,to,-38.61895751953125,"[-3.5282817, -6.8208756, -9.923355, -8.100986, -2.7796273, -6.1285477, -1.3372852]"
the pilot gave you the coffee .,a prince took a box to me .,DO,PD,GIVE,TAKE,THE,A,to,to,-39.73164367675781,"[-3.547441, -10.739827, -5.5040646, -1.4382195, -7.378833, -4.4280286, -5.7855525, -0.909678]"
the pilot gave you the coffee .,a prince took me a box .,DO,DO,GIVE,TAKE,THE,A,to,to,-38.21440887451172,"[-3.547441, -10.739827, -5.5040646, -3.7363963, -5.6150723, -7.280507, -1.791099]"
the pilot got it the meal .,a woman kept a juice for you .,DO,PD,GET,KEEP,THE,A,for,for,-45.305091857910156,"[-3.5673242, -4.176056, -8.485634, -1.6151128, -11.813261, -5.388867, -8.6636305, -1.5952065]"
the pilot got it the meal .,a woman kept you a juice .,DO,DO,GET,KEEP,THE,A,for,for,-41.248687744140625,"[-3.5673242, -4.176056, -8.485634, -7.33172, -4.597331, -10.387874, -2.7027512]"
the pilot got it the meal .,a prince supplied a salad to you .,DO,PD,GET,SUPPLY,THE,A,for,to,-45.27307891845703,"[-3.5673242, -10.753344, -10.428085, -2.1372013, -7.7216434, -1.6857903, -7.5581946, -1.4215002]"
the pilot got it the meal .,a prince supplied you a salad .,DO,DO,GET,SUPPLY,THE,A,for,to,-42.67774963378906,"[-3.5673242, -10.753344, -10.428085, -5.8936367, -3.7728739, -6.9647827, -1.2977018]"
the pilot got me the salad .,a nurse gave a juice to you .,DO,PD,GET,GIVE,THE,A,for,to,-38.309234619140625,"[-3.5852964, -7.171493, -5.2937136, -2.1594048, -11.181085, -0.58798426, -7.4468374, -0.8834202]"
the pilot got me the salad .,a nurse gave you a juice .,DO,DO,GET,GIVE,THE,A,for,to,-30.596263885498047,"[-3.5852964, -7.171493, -5.2937136, -5.3442917, -0.9523776, -7.29477, -0.9543214]"
the pilot got me the salad .,an adult made a motor for you .,DO,PD,GET,MAKE,THE,A,for,for,-44.49983596801758,"[-5.7229366, -6.212987, -7.074355, -1.531546, -10.726285, -7.2766576, -5.0316277, -0.9234413]"
the pilot got me the salad .,an adult made you a motor .,DO,DO,GET,MAKE,THE,A,for,for,-41.316062927246094,"[-5.7229366, -6.212987, -7.074355, -5.644501, -2.6604147, -10.51747, -3.4834003]"
the pilot got the meal for it .,a woman kept a juice for you .,PD,PD,GET,KEEP,THE,A,for,for,-42.528682708740234,"[-3.5433133, -4.1695814, -8.568225, -1.5454793, -11.890213, -4.514829, -6.4526815, -1.8443598]"
the pilot got the meal for it .,a woman kept you a juice .,PD,DO,GET,KEEP,THE,A,for,for,-43.618408203125,"[-3.5433133, -4.1695814, -8.568225, -7.1642222, -5.316737, -11.3150015, -3.5413303]"
the pilot got the meal for it .,a prince supplied a salad to you .,PD,PD,GET,SUPPLY,THE,A,for,to,-45.293052673339844,"[-3.5433133, -10.711131, -10.537901, -2.0915546, -8.144171, -1.6576517, -7.1588016, -1.4485269]"
the pilot got the meal for it .,a prince supplied you a salad .,PD,DO,GET,SUPPLY,THE,A,for,to,-43.772743225097656,"[-3.5433133, -10.711131, -10.537901, -6.1289206, -3.8198328, -7.296114, -1.7355347]"
the pilot got the meal for us .,a cousin drew a crystal for you .,PD,PD,GET,DRAW,THE,A,for,for,-42.9984130859375,"[-3.542232, -9.314006, -10.053971, -1.1114602, -9.914335, -4.1892867, -4.171914, -0.70120466]"
the pilot got the meal for us .,a cousin drew you a crystal .,PD,DO,GET,DRAW,THE,A,for,for,-45.83102798461914,"[-3.542232, -9.314006, -10.053971, -8.1231785, -1.6224719, -10.023035, -3.1521344]"
the pilot got the pie for them .,a boy purchased a beer for it .,PD,PD,GET,PURCHASE,THE,A,for,for,-36.75367736816406,"[-3.541926, -6.6551757, -10.588858, -0.6332559, -5.5985503, -1.4196156, -7.396166, -0.92013097]"
the pilot got the pie for them .,a boy purchased it a beer .,PD,DO,GET,PURCHASE,THE,A,for,for,-41.79762649536133,"[-3.541926, -6.6551757, -10.588858, -6.186536, -6.0079083, -6.434059, -2.3831642]"
the pilot got the salad for me .,a nurse gave a juice to you .,PD,PD,GET,GIVE,THE,A,for,to,-38.352149963378906,"[-3.5665069, -7.258397, -5.321825, -1.962791, -11.148972, -0.86247647, -7.2783513, -0.95282924]"
the pilot got the salad for me .,a nurse gave you a juice .,PD,DO,GET,GIVE,THE,A,for,to,-32.93809127807617,"[-3.5665069, -7.258397, -5.321825, -5.6365924, -1.0793761, -8.067656, -2.0077388]"
the pilot got the salad for me .,an adult made a motor for you .,PD,PD,GET,MAKE,THE,A,for,for,-43.602882385253906,"[-5.705174, -6.2708406, -7.239957, -1.2770731, -10.5143, -7.113135, -4.6384783, -0.8439243]"
the pilot got the salad for me .,an adult made you a motor .,PD,DO,GET,MAKE,THE,A,for,for,-43.22316360473633,"[-5.705174, -6.2708406, -7.239957, -6.740876, -2.4139204, -10.478458, -4.373937]"
the pilot got the salad for us .,a partner fed a cheese to me .,PD,PD,GET,FEED,THE,A,for,to,-42.11145782470703,"[-3.565999, -9.345007, -11.858184, -1.8743103, -8.544561, -2.374109, -3.500497, -1.0487893]"
the pilot got the salad for us .,a partner fed me a cheese .,PD,DO,GET,FEED,THE,A,for,to,-39.38249969482422,"[-3.565999, -9.345007, -11.858184, -2.823694, -1.395995, -6.8888726, -3.50475]"
the pilot got the salad for you .,a guest threw a pie to me .,PD,PD,GET,THROW,THE,A,for,to,-41.75508499145508,"[-3.5462065, -7.9858155, -13.335394, -0.937646, -7.3182383, -3.6545477, -3.924389, -1.052848]"
the pilot got the salad for you .,a guest threw me a pie .,PD,DO,GET,THROW,THE,A,for,to,-39.89259338378906,"[-3.5462065, -7.9858155, -13.335394, -4.4982023, -0.38773844, -8.5331, -1.6061354]"
the pilot got them the pie .,a boy purchased a beer for it .,DO,PD,GET,PURCHASE,THE,A,for,for,-37.45197296142578,"[-3.5540276, -6.609803, -10.254945, -0.7692022, -5.471756, -2.3494046, -7.5514855, -0.89135236]"
the pilot got them the pie .,a boy purchased it a beer .,DO,DO,GET,PURCHASE,THE,A,for,for,-39.0416259765625,"[-3.5540276, -6.609803, -10.254945, -5.7727013, -5.5459104, -5.8630276, -1.4412127]"
the pilot got us the meal .,a cousin drew a crystal for you .,DO,PD,GET,DRAW,THE,A,for,for,-44.48042297363281,"[-3.561082, -9.202296, -9.975752, -1.2262709, -9.76543, -4.7417016, -5.2680025, -0.73988867]"
the pilot got us the meal .,a cousin drew you a crystal .,DO,DO,GET,DRAW,THE,A,for,for,-43.5588264465332,"[-3.561082, -9.202296, -9.975752, -6.980341, -1.3789718, -9.852266, -2.6081183]"
the pilot got us the salad .,a partner fed a cheese to me .,DO,PD,GET,FEED,THE,A,for,to,-43.25199508666992,"[-3.5633507, -9.419325, -12.202537, -1.9186561, -8.423418, -2.5583026, -4.1058674, -1.0605384]"
the pilot got us the salad .,a partner fed me a cheese .,DO,DO,GET,FEED,THE,A,for,to,-37.2832145690918,"[-3.5633507, -9.419325, -12.202537, -2.4563377, -1.1142821, -6.2617745, -2.265609]"
the pilot got you the salad .,a guest threw a pie to me .,DO,PD,GET,THROW,THE,A,for,to,-41.72447967529297,"[-3.5482707, -8.204672, -13.378347, -0.899306, -7.0514812, -3.7849748, -3.919735, -0.93769276]"
the pilot got you the salad .,a guest threw me a pie .,DO,DO,GET,THROW,THE,A,for,to,-39.07143783569336,"[-3.5482707, -8.204672, -13.378347, -4.4793105, -0.39801025, -8.233384, -0.8294415]"
the pilot kept him the meal .,a corporation designed a key for us .,DO,PD,KEEP,DESIGN,THE,A,for,for,-49.91534423828125,"[-3.5801759, -11.26559, -8.039293, -6.660803, -8.243902, -3.048313, -7.5124707, -1.5647956]"
the pilot kept him the meal .,a corporation designed us a key .,DO,DO,KEEP,DESIGN,THE,A,for,for,-50.53791427612305,"[-3.5801759, -11.26559, -8.039293, -11.966017, -4.710352, -8.184301, -2.7921865]"
the pilot kept it the meal .,a bishop caught a log for him .,DO,PD,KEEP,CATCH,THE,A,for,for,-47.025909423828125,"[-3.569346, -9.58012, -7.814478, -3.999417, -9.785784, -3.9936287, -6.8529778, -1.4301577]"
the pilot kept it the meal .,a bishop caught him a log .,DO,DO,KEEP,CATCH,THE,A,for,for,-45.45957946777344,"[-3.569346, -9.58012, -7.814478, -7.580414, -5.812918, -9.70842, -1.393887]"
the pilot kept me the juice .,a girl showed a ball to us .,DO,PD,KEEP,SHOW,THE,A,for,to,-41.17837142944336,"[-3.515604, -6.8411036, -7.8572273, -2.7018275, -8.268803, -3.4785743, -6.983261, -1.5319699]"
the pilot kept me the juice .,a girl showed us a ball .,DO,DO,KEEP,SHOW,THE,A,for,to,-34.91221618652344,"[-3.515604, -6.8411036, -7.8572273, -4.2182193, -1.4611526, -8.738106, -2.2808046]"
the pilot kept me the meal .,a manager gave a guitar to you .,DO,PD,KEEP,GIVE,THE,A,for,to,-44.81092834472656,"[-3.5401337, -8.503313, -7.7884502, -1.6755112, -11.92583, -0.8686011, -9.130768, -1.3783225]"
the pilot kept me the meal .,a manager gave you a guitar .,DO,DO,KEEP,GIVE,THE,A,for,to,-38.92449951171875,"[-3.5401337, -8.503313, -7.7884502, -6.201047, -0.8312587, -10.311233, -1.7490644]"
the pilot kept the chocolate for us .,a partner gave a cigarette to you .,PD,PD,KEEP,GIVE,THE,A,for,to,-39.13859939575195,"[-3.5345235, -9.501003, -6.822605, -2.355919, -8.352417, -0.3010602, -7.3107133, -0.9603579]"
the pilot kept the chocolate for us .,a partner gave you a cigarette .,PD,DO,KEEP,GIVE,THE,A,for,to,-35.973609924316406,"[-3.5345235, -9.501003, -6.822605, -5.6495285, -1.1371993, -8.07414, -1.2546134]"
the pilot kept the chocolate for you .,a manager caught a bottle for it .,PD,PD,KEEP,CATCH,THE,A,for,for,-42.88812255859375,"[-3.5181851, -8.535603, -8.552854, -2.9029222, -7.319515, -4.923641, -6.266657, -0.86874604]"
the pilot kept the chocolate for you .,a manager caught it a bottle .,PD,DO,KEEP,CATCH,THE,A,for,for,-45.164825439453125,"[-3.5181851, -8.535603, -8.552854, -5.1665225, -6.5293837, -9.911158, -2.9511178]"
the pilot kept the chocolate for you .,a bishop delivered a juice for me .,PD,PD,KEEP,DELIVER,THE,A,for,for,-45.305992126464844,"[-3.5181851, -9.661734, -9.296532, -0.63217497, -13.61209, -1.8806334, -5.5298676, -1.1747738]"
the pilot kept the chocolate for you .,a bishop delivered me a juice .,PD,DO,KEEP,DELIVER,THE,A,for,for,-44.27653503417969,"[-3.5181851, -9.661734, -9.296532, -8.146252, -0.75948757, -10.409622, -2.4847202]"
the pilot kept the juice for me .,a girl showed a ball to us .,PD,PD,KEEP,SHOW,THE,A,for,to,-38.89406204223633,"[-3.5262504, -6.6381483, -7.797621, -3.047086, -7.7422476, -3.5900378, -5.409705, -1.1429667]"
the pilot kept the juice for me .,a girl showed us a ball .,PD,DO,KEEP,SHOW,THE,A,for,to,-35.091285705566406,"[-3.5262504, -6.6381483, -7.797621, -3.9679444, -1.8019296, -8.536155, -2.823239]"
the pilot kept the juice for us .,a parent gave a tea to them .,PD,PD,KEEP,GIVE,THE,A,for,to,-39.37321472167969,"[-3.5286632, -8.168303, -5.7630415, -1.973901, -10.140783, -0.698756, -7.8865047, -1.2132592]"
the pilot kept the juice for us .,a parent gave them a tea .,PD,DO,KEEP,GIVE,THE,A,for,to,-34.17155456542969,"[-3.5286632, -8.168303, -5.7630415, -4.94802, -1.162601, -8.695564, -1.9053628]"
the pilot kept the juice for us .,a candidate designed a coat for them .,PD,PD,KEEP,DESIGN,THE,A,for,for,-42.796077728271484,"[-3.5286632, -8.952574, -10.287423, -2.8097668, -8.856216, -1.5987706, -6.006294, -0.75637037]"
the pilot kept the juice for us .,a candidate designed them a coat .,PD,DO,KEEP,DESIGN,THE,A,for,for,-48.9736328125,"[-3.5286632, -8.952574, -10.287423, -7.458685, -6.285947, -9.721128, -2.7392151]"
the pilot kept the juice for you .,a singer saved a candy for her .,PD,PD,KEEP,SAVE,THE,A,for,for,-45.696250915527344,"[-3.514328, -10.223328, -10.908002, -1.5594852, -11.249803, -2.613431, -2.1863348, -3.4415393]"
the pilot kept the juice for you .,a singer saved her a candy .,PD,DO,KEEP,SAVE,THE,A,for,for,-48.0223503112793,"[-3.514328, -10.223328, -10.908002, -1.9879882, -6.7225184, -11.337359, -3.328826]"
the pilot kept the juice for you .,a sheriff saved a computer for us .,PD,PD,KEEP,SAVE,THE,A,for,for,-41.75943374633789,"[-3.514328, -8.6518, -10.602728, -1.0621026, -9.545482, -2.9203749, -4.9020386, -0.5605792]"
the pilot kept the juice for you .,a sheriff saved us a computer .,PD,DO,KEEP,SAVE,THE,A,for,for,-46.248287200927734,"[-3.514328, -8.6518, -10.602728, -7.293412, -2.8412108, -11.155556, -2.1892505]"
the pilot kept the meal for him .,a corporation designed a key for us .,PD,PD,KEEP,DESIGN,THE,A,for,for,-48.059959411621094,"[-3.5487957, -11.331642, -7.7852273, -6.681919, -8.066223, -2.6551094, -6.5832863, -1.407755]"
the pilot kept the meal for him .,a corporation designed us a key .,PD,DO,KEEP,DESIGN,THE,A,for,for,-50.50782775878906,"[-3.5487957, -11.331642, -7.7852273, -12.198153, -4.7969975, -8.072759, -2.7742534]"
the pilot kept the meal for it .,a bishop caught a log for him .,PD,PD,KEEP,CATCH,THE,A,for,for,-44.22293472290039,"[-3.561696, -9.72022, -7.86933, -3.2256384, -9.886406, -3.4146256, -5.5344477, -1.0105727]"
the pilot kept the meal for it .,a bishop caught him a log .,PD,DO,KEEP,CATCH,THE,A,for,for,-45.0752067565918,"[-3.561696, -9.72022, -7.86933, -6.538872, -5.9949446, -9.3438015, -2.046342]"
the pilot kept the meal for me .,a manager gave a guitar to you .,PD,PD,KEEP,GIVE,THE,A,for,to,-43.84803771972656,"[-3.5396078, -8.52825, -7.335283, -2.045004, -12.245998, -0.80858237, -8.205431, -1.1398811]"
the pilot kept the meal for me .,a manager gave you a guitar .,PD,DO,KEEP,GIVE,THE,A,for,to,-38.896636962890625,"[-3.5396078, -8.52825, -7.335283, -6.047989, -1.0829365, -10.153139, -2.209435]"
the pilot kept the telephone for us .,a minister bought a machine for you .,PD,PD,KEEP,BUY,THE,A,for,for,-39.99314880371094,"[-3.5429614, -9.210591, -10.59364, -0.73036724, -7.4338713, -1.7613028, -5.457314, -1.2630997]"
the pilot kept the telephone for us .,a minister bought you a machine .,PD,DO,KEEP,BUY,THE,A,for,for,-42.5568962097168,"[-3.5429614, -9.210591, -10.59364, -7.8845086, -0.524059, -8.093021, -2.7081158]"
the pilot kept us the chocolate .,a partner gave a cigarette to you .,DO,PD,KEEP,GIVE,THE,A,for,to,-40.11653137207031,"[-3.525467, -9.581038, -7.0983443, -2.2009182, -8.594572, -0.32814717, -7.701363, -1.0866805]"
the pilot kept us the chocolate .,a partner gave you a cigarette .,DO,DO,KEEP,GIVE,THE,A,for,to,-35.16278839111328,"[-3.525467, -9.581038, -7.0983443, -5.4411755, -0.9241935, -7.722035, -0.87053156]"
the pilot kept us the juice .,a parent gave a tea to them .,DO,PD,KEEP,GIVE,THE,A,for,to,-42.03215026855469,"[-3.5196078, -8.1055355, -6.0194817, -1.7318708, -10.338725, -1.8177936, -9.082357, -1.4167799]"
the pilot kept us the juice .,a parent gave them a tea .,DO,DO,KEEP,GIVE,THE,A,for,to,-33.54826354980469,"[-3.5196078, -8.1055355, -6.0194817, -5.149708, -0.79870856, -8.679528, -1.2756937]"
the pilot kept us the juice .,a candidate designed a coat for them .,DO,PD,KEEP,DESIGN,THE,A,for,for,-45.35044479370117,"[-3.5196078, -9.046175, -10.49327, -2.7591228, -9.079761, -2.4313688, -6.99473, -1.0264102]"
the pilot kept us the juice .,a candidate designed them a coat .,DO,DO,KEEP,DESIGN,THE,A,for,for,-46.20881271362305,"[-3.5196078, -9.046175, -10.49327, -7.9299955, -5.161673, -7.752007, -2.3060842]"
the pilot kept us the telephone .,a minister bought a machine for you .,DO,PD,KEEP,BUY,THE,A,for,for,-41.52996826171875,"[-3.5659611, -9.172253, -10.485043, -0.7341932, -7.6419992, -2.0747938, -6.5112863, -1.3444374]"
the pilot kept us the telephone .,a minister bought you a machine .,DO,DO,KEEP,BUY,THE,A,for,for,-40.46957778930664,"[-3.5659611, -9.172253, -10.485043, -6.95524, -0.44489115, -8.020666, -1.8255234]"
the pilot kept you the chocolate .,a manager caught a bottle for it .,DO,PD,KEEP,CATCH,THE,A,for,for,-44.84303665161133,"[-3.5510178, -8.658853, -8.565929, -2.90702, -7.8746314, -6.2670918, -6.1672997, -0.85119426]"
the pilot kept you the chocolate .,a manager caught it a bottle .,DO,DO,KEEP,CATCH,THE,A,for,for,-44.02727127075195,"[-3.5510178, -8.658853, -8.565929, -5.300898, -6.0795436, -9.786486, -2.084543]"
the pilot kept you the chocolate .,a bishop delivered a juice for me .,DO,PD,KEEP,DELIVER,THE,A,for,for,-48.46770095825195,"[-3.5510178, -9.996126, -9.739528, -0.52267015, -14.093355, -3.2188118, -6.1419287, -1.2042638]"
the pilot kept you the chocolate .,a bishop delivered me a juice .,DO,DO,KEEP,DELIVER,THE,A,for,for,-44.100608825683594,"[-3.5510178, -9.996126, -9.739528, -7.9502378, -0.6227459, -10.804695, -1.4362617]"
the pilot kept you the juice .,a singer saved a candy for her .,DO,PD,KEEP,SAVE,THE,A,for,for,-51.22367858886719,"[-3.5342755, -10.622132, -11.221618, -1.1697026, -11.329968, -5.6338425, -1.2832731, -6.4288673]"
the pilot kept you the juice .,a singer saved her a candy .,DO,DO,KEEP,SAVE,THE,A,for,for,-49.030452728271484,"[-3.5342755, -10.622132, -11.221618, -2.2220726, -6.603321, -11.477805, -3.34923]"
the pilot kept you the juice .,a sheriff saved a computer for us .,DO,PD,KEEP,SAVE,THE,A,for,for,-45.554683685302734,"[-3.5342755, -8.553289, -10.885675, -0.8292509, -9.755756, -3.6211667, -7.6457067, -0.7295638]"
the pilot kept you the juice .,a sheriff saved us a computer .,DO,DO,KEEP,SAVE,THE,A,for,for,-45.32546615600586,"[-3.5342755, -8.553289, -10.885675, -8.061501, -2.0454714, -10.514447, -1.7308068]"
the pilot left him the glass .,an actor delivered a cheese for you .,DO,PD,LEAVE,DELIVER,THE,A,for,for,-45.773162841796875,"[-5.671785, -6.42727, -10.003224, -0.7052577, -11.172129, -4.5840225, -6.198887, -1.0105894]"
the pilot left him the glass .,an actor delivered you a cheese .,DO,DO,LEAVE,DELIVER,THE,A,for,for,-42.407493591308594,"[-5.671785, -6.42727, -10.003224, -8.513634, -0.81114995, -8.914044, -2.0663853]"
the pilot left me the juice .,a winner made an anchor for you .,DO,PD,LEAVE,MAKE,THE,A,for,for,-45.667728424072266,"[-3.5286322, -10.409902, -6.8757563, -5.054213, -9.756736, -2.3049173, -6.7323875, -1.005185]"
the pilot left me the juice .,a winner made you an anchor .,DO,DO,LEAVE,MAKE,THE,A,for,for,-40.70779800415039,"[-3.5286322, -10.409902, -6.8757563, -5.2151074, -5.0159073, -8.457667, -1.2048259]"
the pilot left me the tea .,a kid bought a key for him .,DO,PD,LEAVE,BUY,THE,A,for,for,-37.81885528564453,"[-3.5619192, -8.805737, -8.049455, -0.7858598, -7.875679, -2.7426775, -4.7183576, -1.2791729]"
the pilot left me the tea .,a kid bought him a key .,DO,DO,LEAVE,BUY,THE,A,for,for,-33.80549621582031,"[-3.5619192, -8.805737, -8.049455, -3.3554971, -0.571551, -7.9458523, -1.5154872]"
the pilot left the bag for you .,an actress gave a bell to them .,PD,PD,LEAVE,GIVE,THE,A,for,to,-43.795616149902344,"[-5.710767, -7.3027706, -7.297181, -1.0793939, -12.257702, -2.3763547, -6.7881155, -0.9833287]"
the pilot left the bag for you .,an actress gave them a bell .,PD,DO,LEAVE,GIVE,THE,A,for,to,-42.306396484375,"[-5.710767, -7.3027706, -7.297181, -7.4912343, -0.7515232, -11.721198, -2.0317264]"
the pilot left the chicken for you .,a sheriff gave a juice to me .,PD,PD,LEAVE,GIVE,THE,A,for,to,-42.358280181884766,"[-3.4942176, -8.58573, -8.695367, -1.0551081, -12.600519, -0.91542757, -5.9587097, -1.0532027]"
the pilot left the chicken for you .,a sheriff gave me a juice .,PD,DO,LEAVE,GIVE,THE,A,for,to,-37.56379699707031,"[-3.4942176, -8.58573, -8.695367, -4.3688555, -0.57983166, -10.240156, -1.5996379]"
the pilot left the glass for him .,an actor delivered a cheese for you .,PD,PD,LEAVE,DELIVER,THE,A,for,for,-43.85897445678711,"[-5.697114, -6.542966, -10.109376, -0.6295659, -11.388323, -3.6223342, -4.90828, -0.9610152]"
the pilot left the glass for him .,an actor delivered you a cheese .,PD,DO,LEAVE,DELIVER,THE,A,for,for,-44.180747985839844,"[-5.697114, -6.542966, -10.109376, -8.957315, -0.8342372, -9.518299, -2.5214393]"
the pilot left the glass for them .,a manager gave a guitar to you .,PD,PD,LEAVE,GIVE,THE,A,for,to,-42.578948974609375,"[-3.5317388, -8.6006975, -7.5353236, -1.5377907, -11.912622, -0.7107817, -7.510633, -1.2393602]"
the pilot left the glass for them .,a manager gave you a guitar .,PD,DO,LEAVE,GIVE,THE,A,for,to,-38.21970748901367,"[-3.5317388, -8.6006975, -7.5353236, -5.7309365, -0.9070781, -9.834888, -2.079047]"
the pilot left the juice for me .,a winner made an anchor for you .,PD,PD,LEAVE,MAKE,THE,A,for,for,-44.01653289794922,"[-3.5286856, -10.286165, -7.0208426, -4.577051, -10.237614, -1.615309, -5.732622, -1.0182449]"
the pilot left the juice for me .,a winner made you an anchor .,PD,DO,LEAVE,MAKE,THE,A,for,for,-41.75918960571289,"[-3.5286856, -10.286165, -7.0208426, -6.2101555, -4.4499435, -8.443384, -1.8200122]"
the pilot left the juice for them .,a boy supplied a pie to us .,PD,PD,LEAVE,SUPPLY,THE,A,for,to,-43.746002197265625,"[-3.531453, -6.5631514, -12.378031, -2.4323769, -8.5687685, -1.0559242, -7.704278, -1.5120213]"
the pilot left the juice for them .,a boy supplied us a pie .,PD,DO,LEAVE,SUPPLY,THE,A,for,to,-42.94992446899414,"[-3.531453, -6.5631514, -12.378031, -5.532942, -4.5406833, -8.284974, -2.1186917]"
the pilot left the juice for us .,a lawyer supplied a hat to me .,PD,PD,LEAVE,SUPPLY,THE,A,for,to,-43.861114501953125,"[-3.5233955, -7.0831003, -12.065037, -2.8579671, -10.689508, -1.1917962, -4.9957733, -1.4545397]"
the pilot left the juice for us .,a lawyer supplied me a hat .,PD,DO,LEAVE,SUPPLY,THE,A,for,to,-42.78445816040039,"[-3.5233955, -7.0831003, -12.065037, -3.3354948, -4.3453436, -10.36077, -2.0713162]"
the pilot left the juice for you .,a professor threw a salad to him .,PD,PD,LEAVE,THROW,THE,A,for,to,-37.989837646484375,"[-3.510725, -7.8163323, -9.674492, -0.7618478, -5.9708915, -3.9542685, -5.3134637, -0.98781914]"
the pilot left the juice for you .,a professor threw him a salad .,PD,DO,LEAVE,THROW,THE,A,for,to,-35.62220001220703,"[-3.510725, -7.8163323, -9.674492, -5.0053, -0.81869483, -7.449421, -1.3472344]"
the pilot left the salad for you .,a child saved a juice for her .,PD,PD,LEAVE,SAVE,THE,A,for,for,-43.59845733642578,"[-3.542207, -6.27639, -9.12766, -1.9553481, -13.944744, -3.2077131, -1.6941793, -3.8502169]"
the pilot left the salad for you .,a child saved her a juice .,PD,DO,LEAVE,SAVE,THE,A,for,for,-43.575157165527344,"[-3.542207, -6.27639, -9.12766, -2.129013, -7.5376105, -11.869701, -3.092575]"
the pilot left the salad for you .,a chief bought a candy for us .,PD,PD,LEAVE,BUY,THE,A,for,for,-43.11214828491211,"[-3.542207, -9.173332, -14.21656, -0.7845402, -7.965208, -1.6445347, -4.7034183, -1.0823462]"
the pilot left the salad for you .,a chief bought us a candy .,PD,DO,LEAVE,BUY,THE,A,for,for,-44.256927490234375,"[-3.542207, -9.173332, -14.21656, -7.683028, -0.7610514, -6.5467806, -2.3339648]"
the pilot left the tea for me .,a kid bought a key for him .,PD,PD,LEAVE,BUY,THE,A,for,for,-35.36259460449219,"[-3.5193813, -8.861633, -7.7964735, -0.6398124, -7.4935827, -1.733402, -4.110543, -1.207768]"
the pilot left the tea for me .,a kid bought him a key .,PD,DO,LEAVE,BUY,THE,A,for,for,-33.479976654052734,"[-3.5193813, -8.861633, -7.7964735, -3.802514, -0.44707614, -7.137183, -1.9157149]"
the pilot left the tea for them .,a physician showed a cigarette to it .,PD,PD,LEAVE,SHOW,THE,A,for,to,-40.57401657104492,"[-3.5274472, -9.2172575, -7.47407, -1.828394, -8.922667, -0.5283005, -8.0412245, -1.0346578]"
the pilot left the tea for them .,a physician showed it a cigarette .,PD,DO,LEAVE,SHOW,THE,A,for,to,-39.82715606689453,"[-3.5274472, -9.2172575, -7.47407, -5.527055, -5.4876733, -7.339514, -1.2541398]"
the pilot left them the glass .,a manager gave a guitar to you .,DO,PD,LEAVE,GIVE,THE,A,for,to,-42.3214111328125,"[-3.5487893, -8.532513, -7.439035, -1.8275992, -11.405169, -0.42681825, -8.080143, -1.0613452]"
the pilot left them the glass .,a manager gave you a guitar .,DO,DO,LEAVE,GIVE,THE,A,for,to,-37.04146957397461,"[-3.5487893, -8.532513, -7.439035, -6.08363, -0.897203, -9.140445, -1.3998549]"
the pilot left them the juice .,a boy supplied a pie to us .,DO,PD,LEAVE,SUPPLY,THE,A,for,to,-44.64886474609375,"[-3.534015, -6.690433, -12.509222, -2.4122236, -8.551464, -0.9182861, -8.541982, -1.4912379]"
the pilot left them the juice .,a boy supplied us a pie .,DO,DO,LEAVE,SUPPLY,THE,A,for,to,-41.50405502319336,"[-3.534015, -6.690433, -12.509222, -5.3408194, -3.7042274, -8.444449, -1.2808915]"
the pilot left them the tea .,a physician showed a cigarette to it .,DO,PD,LEAVE,SHOW,THE,A,for,to,-40.478858947753906,"[-3.55, -9.061571, -7.29626, -2.1489906, -9.069637, -0.38868847, -7.953991, -1.0097208]"
the pilot left them the tea .,a physician showed it a cigarette .,DO,DO,LEAVE,SHOW,THE,A,for,to,-36.740440368652344,"[-3.55, -9.061571, -7.29626, -5.567361, -4.820503, -5.82172, -0.6230244]"
the pilot left us the juice .,a lawyer supplied a hat to me .,DO,PD,LEAVE,SUPPLY,THE,A,for,to,-44.24634552001953,"[-3.533329, -7.1181455, -12.058925, -2.8204846, -10.321668, -1.2507069, -5.8490357, -1.2940493]"
the pilot left us the juice .,a lawyer supplied me a hat .,DO,DO,LEAVE,SUPPLY,THE,A,for,to,-40.27935028076172,"[-3.533329, -7.1181455, -12.058925, -3.2601075, -3.751409, -9.319257, -1.2381742]"
the pilot left you the bag .,an actress gave a bell to them .,DO,PD,LEAVE,GIVE,THE,A,for,to,-43.741947174072266,"[-5.7065563, -7.3008513, -7.120884, -1.235862, -12.271898, -1.6647743, -7.3984118, -1.0427073]"
the pilot left you the bag .,an actress gave them a bell .,DO,DO,LEAVE,GIVE,THE,A,for,to,-41.046295166015625,"[-5.7065563, -7.3008513, -7.120884, -7.316571, -0.77099794, -11.41346, -1.416976]"
the pilot left you the chicken .,a sheriff gave a juice to me .,DO,PD,LEAVE,GIVE,THE,A,for,to,-43.45515060424805,"[-3.5086207, -8.333612, -8.799028, -1.0636933, -12.855159, -0.4313076, -7.4903746, -0.97335327]"
the pilot left you the chicken .,a sheriff gave me a juice .,DO,DO,LEAVE,GIVE,THE,A,for,to,-37.029823303222656,"[-3.5086207, -8.333612, -8.799028, -4.677351, -0.60758597, -10.176508, -0.9271146]"
the pilot left you the juice .,a professor threw a salad to him .,DO,PD,LEAVE,THROW,THE,A,for,to,-39.33124923706055,"[-3.529376, -7.737653, -9.616726, -0.7907202, -6.6865664, -3.8938105, -5.8724213, -1.2039771]"
the pilot left you the juice .,a professor threw him a salad .,DO,DO,LEAVE,THROW,THE,A,for,to,-35.50574493408203,"[-3.529376, -7.737653, -9.616726, -5.013954, -0.7136517, -7.8682046, -1.0261787]"
the pilot left you the salad .,a child saved a juice for her .,DO,PD,LEAVE,SAVE,THE,A,for,for,-47.18451690673828,"[-3.559709, -6.258926, -9.090258, -1.8197788, -13.6535015, -5.669551, -1.8757465, -5.257045]"
the pilot left you the salad .,a child saved her a juice .,DO,DO,LEAVE,SAVE,THE,A,for,for,-42.84927749633789,"[-3.559709, -6.258926, -9.090258, -2.2401319, -7.414686, -11.553919, -2.7316475]"
the pilot left you the salad .,a chief bought a candy for us .,DO,PD,LEAVE,BUY,THE,A,for,for,-46.049156188964844,"[-3.559709, -9.124325, -14.181891, -0.68414736, -7.773461, -3.1121187, -6.3484, -1.2651029]"
the pilot left you the salad .,a chief bought us a candy .,DO,DO,LEAVE,BUY,THE,A,for,for,-42.79159164428711,"[-3.559709, -9.124325, -14.181891, -7.251572, -0.72933674, -6.2923203, -1.6524382]"
the pilot made him the bottle .,a brother kept a chicken for me .,DO,PD,MAKE,KEEP,THE,A,for,for,-38.65789031982422,"[-3.563599, -8.792542, -8.536287, -2.1500843, -6.6796136, -3.4162426, -4.4281397, -1.0913785]"
the pilot made him the bottle .,a brother kept me a chicken .,DO,DO,MAKE,KEEP,THE,A,for,for,-37.34491729736328,"[-3.563599, -8.792542, -8.536287, -4.671464, -3.7940543, -6.423574, -1.5633951]"
the pilot made him the newspaper .,a teacher purchased a key for it .,DO,PD,MAKE,PURCHASE,THE,A,for,for,-39.9249267578125,"[-3.576715, -7.0031977, -10.73624, -0.69574684, -7.1796913, -2.283013, -6.892948, -1.557374]"
the pilot made him the newspaper .,a teacher purchased it a key .,DO,DO,MAKE,PURCHASE,THE,A,for,for,-45.549869537353516,"[-3.576715, -7.0031977, -10.73624, -5.9048505, -5.657336, -9.877721, -2.7938101]"
the pilot made him the wire .,a lawyer caught an engine for it .,DO,PD,MAKE,CATCH,THE,A,for,for,-49.29082489013672,"[-3.56804, -6.6264286, -9.632485, -6.626224, -8.735397, -5.8825536, -6.8837323, -1.3359632]"
the pilot made him the wire .,a lawyer caught it an engine .,DO,DO,MAKE,CATCH,THE,A,for,for,-47.04457473754883,"[-3.56804, -6.6264286, -9.632485, -5.9042325, -9.764378, -9.545963, -2.0030458]"
the pilot made it the bottle .,a kid caught a hat for you .,DO,PD,MAKE,CATCH,THE,A,for,for,-42.72781753540039,"[-3.5342977, -8.745377, -5.968652, -4.2776318, -7.747632, -6.1186795, -5.4804807, -0.85506463]"
the pilot made it the bottle .,a kid caught you a hat .,DO,DO,MAKE,CATCH,THE,A,for,for,-40.546958923339844,"[-3.5342977, -8.745377, -5.968652, -8.577095, -5.1393375, -7.491663, -1.0905361]"
the pilot made it the bottle .,an opponent promised a juice to you .,DO,PD,MAKE,PROMISE,THE,A,for,to,-48.16423034667969,"[-5.661748, -8.40575, -10.816044, -2.462845, -10.275599, -3.5196376, -5.919589, -1.1030163]"
the pilot made it the bottle .,an opponent promised you a juice .,DO,DO,MAKE,PROMISE,THE,A,for,to,-43.061485290527344,"[-5.661748, -8.40575, -10.816044, -5.627929, -1.4804546, -9.632455, -1.4371054]"
the pilot made it the computer .,a sheriff sent a television to her .,DO,PD,MAKE,SEND,THE,A,for,to,-43.89344024658203,"[-3.481518, -8.842962, -8.460869, -1.0620003, -8.1961565, -5.608057, -5.128882, -3.112994]"
the pilot made it the computer .,a sheriff sent her a television .,DO,DO,MAKE,SEND,THE,A,for,to,-41.01483154296875,"[-3.481518, -8.842962, -8.460869, -4.6706266, -1.6913626, -9.712783, -4.15471]"
the pilot made it the jacket .,a nurse purchased a pie for us .,DO,PD,MAKE,PURCHASE,THE,A,for,for,-41.796592712402344,"[-3.5287242, -7.677286, -10.301436, -0.81564474, -9.541468, -2.0517085, -6.3814363, -1.4988877]"
the pilot made it the jacket .,a nurse purchased us a pie .,DO,DO,MAKE,PURCHASE,THE,A,for,for,-41.3223876953125,"[-3.5287242, -7.677286, -10.301436, -8.704216, -0.70617753, -8.767248, -1.6373012]"
the pilot made me the bottle .,a princess caught a coat for you .,DO,PD,MAKE,CATCH,THE,A,for,for,-43.724876403808594,"[-3.5741825, -10.662708, -5.5273542, -3.0819898, -10.214294, -4.1880336, -5.536066, -0.9402468]"
the pilot made me the bottle .,a princess caught you a coat .,DO,DO,MAKE,CATCH,THE,A,for,for,-39.58296585083008,"[-3.5741825, -10.662708, -5.5273542, -6.19583, -4.91605, -7.5199986, -1.1868422]"
the pilot made me the computer .,a lawyer kept a tea for you .,DO,PD,MAKE,KEEP,THE,A,for,for,-47.681522369384766,"[-3.516315, -7.0223155, -11.12657, -1.5142099, -10.781609, -5.2129393, -7.402555, -1.1050094]"
the pilot made me the computer .,a lawyer kept you a tea .,DO,DO,MAKE,KEEP,THE,A,for,for,-41.26897048950195,"[-3.516315, -7.0223155, -11.12657, -5.7699957, -3.3733606, -9.109074, -1.3513391]"
the pilot made the bottle for him .,a brother kept a chicken for me .,PD,PD,MAKE,KEEP,THE,A,for,for,-37.13117980957031,"[-3.5568893, -8.930019, -8.626186, -1.3453377, -6.3417706, -2.3387382, -4.9076457, -1.0845921]"
the pilot made the bottle for him .,a brother kept me a chicken .,PD,DO,MAKE,KEEP,THE,A,for,for,-39.29493713378906,"[-3.5568893, -8.930019, -8.626186, -5.187278, -4.3813577, -6.494012, -2.1191964]"
the pilot made the bottle for it .,a kid caught a hat for you .,PD,PD,MAKE,CATCH,THE,A,for,for,-42.04985046386719,"[-3.5578027, -8.66684, -6.0793867, -4.2892995, -8.202866, -4.7216697, -5.6643734, -0.86761534]"
the pilot made the bottle for it .,a kid caught you a hat .,PD,DO,MAKE,CATCH,THE,A,for,for,-41.836360931396484,"[-3.5578027, -8.66684, -6.0793867, -8.910111, -5.4808917, -7.6218452, -1.5194834]"
the pilot made the bottle for it .,an opponent promised a juice to you .,PD,PD,MAKE,PROMISE,THE,A,for,to,-48.450401306152344,"[-5.692475, -8.40289, -10.788854, -2.540166, -10.080399, -3.4845288, -6.1188974, -1.3421912]"
the pilot made the bottle for it .,an opponent promised you a juice .,PD,DO,MAKE,PROMISE,THE,A,for,to,-44.853511810302734,"[-5.692475, -8.40289, -10.788854, -6.2086477, -1.6252844, -9.299797, -2.8355632]"
the pilot made the bottle for me .,a princess caught a coat for you .,PD,PD,MAKE,CATCH,THE,A,for,for,-41.268489837646484,"[-3.536199, -10.57057, -5.5234323, -3.6721096, -10.193743, -2.5104392, -4.4509134, -0.8110832]"
the pilot made the bottle for me .,a princess caught you a coat .,PD,DO,MAKE,CATCH,THE,A,for,for,-42.937530517578125,"[-3.536199, -10.57057, -5.5234323, -7.8037376, -5.2524166, -8.34413, -1.907047]"
the pilot made the bottle for them .,a husband delivered a candy for us .,PD,PD,MAKE,DELIVER,THE,A,for,for,-39.525718688964844,"[-3.5430508, -8.566447, -10.957127, -0.7385564, -8.3474045, -1.722295, -4.6601753, -0.99066556]"
the pilot made the bottle for them .,a husband delivered us a candy .,PD,DO,MAKE,DELIVER,THE,A,for,for,-40.95362854003906,"[-3.5430508, -8.566447, -10.957127, -7.113296, -0.86024266, -6.9115973, -3.0018673]"
the pilot made the coat for you .,a singer took a hat to me .,PD,PD,MAKE,TAKE,THE,A,for,to,-38.59099197387695,"[-3.506133, -10.201328, -6.3350964, -1.6128441, -7.0171647, -3.421424, -4.635362, -1.8616397]"
the pilot made the coat for you .,a singer took me a hat .,PD,DO,MAKE,TAKE,THE,A,for,to,-39.8887939453125,"[-3.506133, -10.201328, -6.3350964, -5.5014224, -4.4098864, -7.741292, -2.1936338]"
the pilot made the computer for it .,a sheriff sent a television to her .,PD,PD,MAKE,SEND,THE,A,for,to,-41.938079833984375,"[-3.5186052, -8.724781, -8.447583, -1.1035731, -8.105218, -4.1444893, -4.851102, -3.042729]"
the pilot made the computer for it .,a sheriff sent her a television .,PD,DO,MAKE,SEND,THE,A,for,to,-41.25928497314453,"[-3.5186052, -8.724781, -8.447583, -4.414221, -2.3160315, -9.793901, -4.0441647]"
the pilot made the computer for me .,a lawyer kept a tea for you .,PD,PD,MAKE,KEEP,THE,A,for,for,-46.47491455078125,"[-3.5203743, -7.0522184, -11.22135, -1.2876941, -10.939031, -4.6642637, -6.96704, -0.8229426]"
the pilot made the computer for me .,a lawyer kept you a tea .,PD,DO,MAKE,KEEP,THE,A,for,for,-44.280982971191406,"[-3.5203743, -7.0522184, -11.22135, -6.296417, -4.4448323, -9.529347, -2.2164433]"
the pilot made the jacket for it .,a nurse purchased a pie for us .,PD,PD,MAKE,PURCHASE,THE,A,for,for,-39.539588928222656,"[-3.56151, -7.5121174, -9.746368, -1.0029219, -9.563115, -1.3332222, -5.4540887, -1.3662425]"
the pilot made the jacket for it .,a nurse purchased us a pie .,PD,DO,MAKE,PURCHASE,THE,A,for,for,-41.327396392822266,"[-3.56151, -7.5121174, -9.746368, -8.82494, -0.88354343, -8.510443, -2.288475]"
the pilot made the jacket for us .,a cousin brought a bag to you .,PD,PD,MAKE,BRING,THE,A,for,to,-37.02174377441406,"[-3.552715, -9.396889, -7.014132, -2.529409, -4.3126783, -2.402094, -6.464696, -1.3491306]"
the pilot made the jacket for us .,a cousin brought you a bag .,PD,DO,MAKE,BRING,THE,A,for,to,-35.86285400390625,"[-3.552715, -9.396889, -7.014132, -4.5591207, -2.0204582, -5.4449835, -3.874555]"
the pilot made the jacket for you .,a mayor sent a chocolate to us .,PD,PD,MAKE,SEND,THE,A,for,to,-45.730979919433594,"[-3.5114963, -10.360332, -7.6827455, -1.0007943, -10.138312, -5.213863, -6.0790663, -1.7443743]"
the pilot made the jacket for you .,a mayor sent us a chocolate .,PD,DO,MAKE,SEND,THE,A,for,to,-42.59215545654297,"[-3.5114963, -10.360332, -7.6827455, -5.557888, -0.8477901, -8.940913, -5.6909914]"
the pilot made the jacket for you .,an administration designed a cup for it .,PD,PD,MAKE,DESIGN,THE,A,for,for,-45.33424377441406,"[-5.689517, -8.767518, -9.040499, -4.8452425, -9.04563, -1.5777767, -5.6169806, -0.75107646]"
the pilot made the jacket for you .,an administration designed it a cup .,PD,DO,MAKE,DESIGN,THE,A,for,for,-51.0789909362793,"[-5.689517, -8.767518, -9.040499, -6.6353426, -6.6963606, -10.945473, -3.3042803]"
the pilot made the newspaper for him .,a teacher purchased a key for it .,PD,PD,MAKE,PURCHASE,THE,A,for,for,-38.53346252441406,"[-3.5620909, -6.97128, -10.847968, -0.6982132, -6.9819994, -1.7663373, -6.3135123, -1.3920642]"
the pilot made the newspaper for him .,a teacher purchased it a key .,PD,DO,MAKE,PURCHASE,THE,A,for,for,-45.87640380859375,"[-3.5620909, -6.97128, -10.847968, -5.6768193, -6.0930758, -9.713224, -3.011947]"
the pilot made the newspaper for us .,a chief delivered a flower for you .,PD,PD,MAKE,DELIVER,THE,A,for,for,-43.634483337402344,"[-3.5611458, -8.953554, -12.685161, -0.8048605, -9.594817, -2.341446, -4.633787, -1.0597128]"
the pilot made the newspaper for us .,a chief delivered you a flower .,PD,DO,MAKE,DELIVER,THE,A,for,for,-44.99388122558594,"[-3.5611458, -8.953554, -12.685161, -8.3519335, -1.1016984, -8.755633, -1.5847573]"
the pilot made the plate for them .,a candidate drew a flower for you .,PD,PD,MAKE,DRAW,THE,A,for,for,-40.29913330078125,"[-3.5563374, -8.677078, -9.16964, -0.86360925, -8.438609, -2.4616637, -5.924114, -1.2080821]"
the pilot made the plate for them .,a candidate drew you a flower .,PD,DO,MAKE,DRAW,THE,A,for,for,-42.6515998840332,"[-3.5563374, -8.677078, -9.16964, -9.476074, -2.2788339, -7.6886263, -1.8050117]"
the pilot made the wire for him .,a lawyer caught an engine for it .,PD,PD,MAKE,CATCH,THE,A,for,for,-46.727210998535156,"[-3.5557365, -6.778648, -9.801194, -6.151425, -8.276928, -4.71213, -6.388453, -1.0626963]"
the pilot made the wire for him .,a lawyer caught it an engine .,PD,DO,MAKE,CATCH,THE,A,for,for,-47.47948455810547,"[-3.5557365, -6.778648, -9.801194, -5.8613276, -9.816315, -9.74056, -1.9257054]"
the pilot made them the bottle .,a husband delivered a candy for us .,DO,PD,MAKE,DELIVER,THE,A,for,for,-41.88214111328125,"[-3.5526986, -8.596273, -10.5996895, -0.82083493, -8.791664, -2.9035573, -5.6170764, -1.0003458]"
the pilot made them the bottle .,a husband delivered us a candy .,DO,DO,MAKE,DELIVER,THE,A,for,for,-38.7371826171875,"[-3.5526986, -8.596273, -10.5996895, -6.3676243, -0.8640843, -6.8261337, -1.9306804]"
the pilot made them the plate .,a candidate drew a flower for you .,DO,PD,MAKE,DRAW,THE,A,for,for,-42.33758544921875,"[-3.5684252, -8.789331, -9.002202, -0.89887786, -8.622962, -3.4400175, -6.8022137, -1.2135532]"
the pilot made them the plate .,a candidate drew you a flower .,DO,DO,MAKE,DRAW,THE,A,for,for,-40.48435974121094,"[-3.5684252, -8.789331, -9.002202, -9.119566, -1.2922413, -7.436617, -1.2759767]"
the pilot made us the jacket .,a cousin brought a bag to you .,DO,PD,MAKE,BRING,THE,A,for,to,-37.81185531616211,"[-3.556215, -9.271401, -7.0292416, -2.575553, -4.510231, -2.3107817, -7.1216154, -1.436816]"
the pilot made us the jacket .,a cousin brought you a bag .,DO,DO,MAKE,BRING,THE,A,for,to,-33.979610443115234,"[-3.556215, -9.271401, -7.0292416, -4.5676584, -1.8501798, -4.9296303, -2.775284]"
the pilot made us the newspaper .,a chief delivered a flower for you .,DO,PD,MAKE,DELIVER,THE,A,for,for,-46.87897491455078,"[-3.5214353, -9.021685, -12.912451, -0.6729727, -10.004733, -3.3202302, -6.17473, -1.2507399]"
the pilot made us the newspaper .,a chief delivered you a flower .,DO,DO,MAKE,DELIVER,THE,A,for,for,-44.164981842041016,"[-3.5214353, -9.021685, -12.912451, -7.9233866, -0.93338, -8.758234, -1.0944095]"
the pilot made you the coat .,a singer took a hat to me .,DO,PD,MAKE,TAKE,THE,A,for,to,-39.293701171875,"[-3.5509226, -10.257407, -6.3158097, -1.6734948, -7.014201, -3.5888464, -5.039288, -1.8537341]"
the pilot made you the coat .,a singer took me a hat .,DO,DO,MAKE,TAKE,THE,A,for,to,-37.805763244628906,"[-3.5509226, -10.257407, -6.3158097, -5.0356793, -3.8963213, -7.080264, -1.6693594]"
the pilot made you the jacket .,a mayor sent a chocolate to us .,DO,PD,MAKE,SEND,THE,A,for,to,-47.106849670410156,"[-3.5458634, -10.303405, -7.816249, -0.914122, -9.932689, -5.4891486, -7.124878, -1.9804949]"
the pilot made you the jacket .,a mayor sent us a chocolate .,DO,DO,MAKE,SEND,THE,A,for,to,-41.92108917236328,"[-3.5458634, -10.303405, -7.816249, -5.505158, -0.73791414, -8.832987, -5.1795163]"
the pilot made you the jacket .,an administration designed a cup for it .,DO,PD,MAKE,DESIGN,THE,A,for,for,-49.053260803222656,"[-5.7113323, -8.768663, -9.100849, -5.1968174, -10.437264, -2.5052085, -6.517128, -0.8159999]"
the pilot made you the jacket .,an administration designed it a cup .,DO,DO,MAKE,DESIGN,THE,A,for,for,-52.37717819213867,"[-5.7113323, -8.768663, -9.100849, -7.043461, -7.191683, -11.968341, -2.5928493]"
the pilot promised him the cheese .,a president kept a chocolate for you .,DO,PD,PROMISE,KEEP,THE,A,to,for,-51.72819519042969,"[-3.6562595, -9.434082, -9.290183, -3.399457, -9.81052, -7.5594926, -7.3992515, -1.1789528]"
the pilot promised him the cheese .,a president kept you a chocolate .,DO,DO,PROMISE,KEEP,THE,A,to,for,-48.266014099121094,"[-3.6562595, -9.434082, -9.290183, -6.9477205, -5.8780465, -8.752998, -4.3067255]"
the pilot promised me the meal .,a friend found a tea for him .,DO,PD,PROMISE,FIND,THE,A,to,for,-37.168243408203125,"[-3.6566176, -6.0474243, -6.6197233, -1.7776798, -8.543934, -5.1368, -3.9871383, -1.3989275]"
the pilot promised me the meal .,a friend found him a tea .,DO,DO,PROMISE,FIND,THE,A,to,for,-35.42952346801758,"[-3.6566176, -6.0474243, -6.6197233, -3.6309266, -4.1406584, -9.691833, -1.6423411]"
the pilot promised the anchor to you .,a cop kept a coffee for us .,PD,PD,PROMISE,KEEP,THE,A,to,for,-44.11565399169922,"[-3.5426342, -8.249437, -7.9891114, -1.9820609, -10.2433605, -6.1865525, -4.731352, -1.1911458]"
the pilot promised the anchor to you .,a cop kept us a coffee .,PD,DO,PROMISE,KEEP,THE,A,to,for,-42.978858947753906,"[-3.5426342, -8.249437, -7.9891114, -4.5523887, -5.9864616, -10.195143, -2.4636865]"
the pilot promised the cheese to him .,a president kept a chocolate for you .,PD,PD,PROMISE,KEEP,THE,A,to,for,-50.986961364746094,"[-3.5866656, -9.435352, -9.431946, -2.7616923, -9.602742, -7.3472857, -7.652237, -1.1690392]"
the pilot promised the cheese to him .,a president kept you a chocolate .,PD,DO,PROMISE,KEEP,THE,A,to,for,-48.717350006103516,"[-3.5866656, -9.435352, -9.431946, -6.9092255, -5.563121, -9.203121, -4.587919]"
the pilot promised the meal to me .,a friend found a tea for him .,PD,PD,PROMISE,FIND,THE,A,to,for,-37.31245040893555,"[-3.617524, -6.0411882, -6.7046604, -1.5367769, -8.283467, -5.048768, -4.6875596, -1.3925053]"
the pilot promised the meal to me .,a friend found him a tea .,PD,DO,PROMISE,FIND,THE,A,to,for,-35.72121810913086,"[-3.617524, -6.0411882, -6.7046604, -3.9797645, -4.040503, -8.695723, -2.6418552]"
the pilot promised you the anchor .,a cop kept a coffee for us .,DO,PD,PROMISE,KEEP,THE,A,to,for,-43.619483947753906,"[-3.5885038, -8.238971, -7.8692904, -2.3252017, -10.349733, -5.248938, -4.694317, -1.3045266]"
the pilot promised you the anchor .,a cop kept us a coffee .,DO,DO,PROMISE,KEEP,THE,A,to,for,-41.51482009887695,"[-3.5885038, -8.238971, -7.8692904, -4.503545, -5.9102564, -9.554108, -1.8501446]"
the pilot purchased him the ball .,a lady got a crystal for them .,DO,PD,PURCHASE,GET,THE,A,for,for,-44.676395416259766,"[-3.6616335, -8.14089, -6.1291966, -2.5104737, -10.738156, -5.397672, -7.2879734, -0.81039965]"
the pilot purchased him the ball .,a lady got them a crystal .,DO,DO,PURCHASE,GET,THE,A,for,for,-41.04100036621094,"[-3.6616335, -8.14089, -6.1291966, -7.2149615, -3.8637316, -9.351011, -2.6795783]"
the pilot purchased him the pie .,a secretary sent a crystal to you .,DO,PD,PURCHASE,SEND,THE,A,for,to,-43.735206604003906,"[-3.7078369, -10.418024, -5.855123, -1.8157752, -10.405824, -3.6282659, -6.578458, -1.325897]"
the pilot purchased him the pie .,a secretary sent you a crystal .,DO,DO,PURCHASE,SEND,THE,A,for,to,-40.76776885986328,"[-3.7078369, -10.418024, -5.855123, -6.579317, -1.369239, -8.870624, -3.9676058]"
the pilot purchased it the ball .,a manager saved an anchor for me .,DO,PD,PURCHASE,SAVE,THE,A,for,for,-45.132930755615234,"[-3.6279857, -8.366115, -10.716584, -4.0421834, -7.066087, -3.652071, -6.1327553, -1.5291488]"
the pilot purchased it the ball .,a manager saved me an anchor .,DO,DO,PURCHASE,SAVE,THE,A,for,for,-45.508487701416016,"[-3.6279857, -8.366115, -10.716584, -5.7605233, -4.0822983, -10.768889, -2.1860921]"
the pilot purchased it the book .,a daughter fed a chicken to them .,DO,PD,PURCHASE,FEED,THE,A,for,to,-41.94386291503906,"[-3.6563184, -8.815157, -9.4113655, -2.0138507, -3.8438087, -3.968075, -7.831551, -2.4037337]"
the pilot purchased it the book .,a daughter fed them a chicken .,DO,DO,PURCHASE,FEED,THE,A,for,to,-37.13915252685547,"[-3.6563184, -8.815157, -9.4113655, -5.8888106, -2.0142853, -4.957916, -2.3952985]"
the pilot purchased it the pie .,a mayor brought a coffee to me .,DO,PD,PURCHASE,BRING,THE,A,for,to,-38.76954650878906,"[-3.6849115, -10.066088, -8.704636, -1.7437627, -7.0145254, -1.3677229, -4.441739, -1.7461603]"
the pilot purchased it the pie .,a mayor brought me a coffee .,DO,DO,PURCHASE,BRING,THE,A,for,to,-35.47119140625,"[-3.6849115, -10.066088, -8.704636, -5.907202, -1.7203602, -4.0048265, -1.3831677]"
the pilot purchased me the pie .,an adult sold a salad to you .,DO,PD,PURCHASE,SELL,THE,A,for,to,-41.80998229980469,"[-5.7009597, -6.202776, -9.402256, -2.74746, -7.8257008, -1.9131279, -6.769061, -1.2486397]"
the pilot purchased me the pie .,an adult sold you a salad .,DO,DO,PURCHASE,SELL,THE,A,for,to,-34.32631301879883,"[-5.7009597, -6.202776, -9.402256, -4.254067, -1.5267091, -6.2357097, -1.0038353]"
the pilot purchased the ball for him .,a lady got a crystal for them .,PD,PD,PURCHASE,GET,THE,A,for,for,-42.49801254272461,"[-3.5931766, -8.106693, -6.45702, -2.3856485, -10.5196, -3.959132, -6.8301907, -0.64655125]"
the pilot purchased the ball for him .,a lady got them a crystal .,PD,DO,PURCHASE,GET,THE,A,for,for,-40.767921447753906,"[-3.5931766, -8.106693, -6.45702, -7.39781, -3.6191716, -9.115246, -2.4788027]"
the pilot purchased the ball for it .,a manager saved an anchor for me .,PD,PD,PURCHASE,SAVE,THE,A,for,for,-42.049476623535156,"[-3.6073222, -8.401439, -10.5004635, -4.106436, -7.151118, -2.022496, -5.200171, -1.0600338]"
the pilot purchased the ball for it .,a manager saved me an anchor .,PD,DO,PURCHASE,SAVE,THE,A,for,for,-45.39556884765625,"[-3.6073222, -8.401439, -10.5004635, -5.2911844, -4.429837, -10.774983, -2.3903418]"
the pilot purchased the book for it .,a daughter fed a chicken to them .,PD,PD,PURCHASE,FEED,THE,A,for,to,-40.195030212402344,"[-3.6257746, -8.862052, -9.568213, -1.9094033, -4.0769305, -3.0792599, -6.975515, -2.097885]"
the pilot purchased the book for it .,a daughter fed them a chicken .,PD,DO,PURCHASE,FEED,THE,A,for,to,-38.064903259277344,"[-3.6257746, -8.862052, -9.568213, -6.1161532, -2.0762966, -5.1863775, -2.6300364]"
the pilot purchased the crystal for them .,a guest got a juice for you .,PD,PD,PURCHASE,GET,THE,A,for,for,-42.31141662597656,"[-3.6170638, -7.7308784, -11.243147, -2.000619, -10.042296, -2.4652658, -4.0983014, -1.1138455]"
the pilot purchased the crystal for them .,a guest got you a juice .,PD,DO,PURCHASE,GET,THE,A,for,for,-42.105674743652344,"[-3.6170638, -7.7308784, -11.243147, -5.921109, -2.2462945, -8.818983, -2.5281982]"
the pilot purchased the crystal for us .,a lawyer kept a tea for you .,PD,PD,PURCHASE,KEEP,THE,A,for,for,-45.794925689697266,"[-3.6222804, -6.9116983, -11.415717, -1.9629625, -10.328852, -4.2650137, -6.332609, -0.95579344]"
the pilot purchased the crystal for us .,a lawyer kept you a tea .,PD,DO,PURCHASE,KEEP,THE,A,for,for,-45.877384185791016,"[-3.6222804, -6.9116983, -11.415717, -6.507611, -5.833543, -9.055754, -2.5307817]"
the pilot purchased the pie for him .,a secretary sent a crystal to you .,PD,PD,PURCHASE,SEND,THE,A,for,to,-41.84783935546875,"[-3.6441288, -10.387208, -5.9810333, -1.524686, -10.480303, -2.222897, -6.5030904, -1.1044916]"
the pilot purchased the pie for him .,a secretary sent you a crystal .,PD,DO,PURCHASE,SEND,THE,A,for,to,-40.270755767822266,"[-3.6441288, -10.387208, -5.9810333, -6.6417265, -1.0937982, -9.092883, -3.429977]"
the pilot purchased the pie for it .,a mayor brought a coffee to me .,PD,PD,PURCHASE,BRING,THE,A,for,to,-38.81858825683594,"[-3.6418476, -10.122599, -8.632783, -1.6395482, -7.2587385, -1.3237224, -4.448127, -1.7512225]"
the pilot purchased the pie for it .,a mayor brought me a coffee .,PD,DO,PURCHASE,BRING,THE,A,for,to,-36.402320861816406,"[-3.6418476, -10.122599, -8.632783, -6.131403, -1.8070554, -4.2016973, -1.864934]"
the pilot purchased the pie for me .,an adult sold a salad to you .,PD,PD,PURCHASE,SELL,THE,A,for,to,-41.79307556152344,"[-5.6768603, -6.2260156, -9.476213, -2.273337, -7.9440184, -2.0071473, -6.951582, -1.237903]"
the pilot purchased the pie for me .,an adult sold you a salad .,PD,DO,PURCHASE,SELL,THE,A,for,to,-37.721214294433594,"[-5.6768603, -6.2260156, -9.476213, -6.100823, -1.2840177, -7.105915, -1.8513681]"
the pilot purchased the pie for them .,a champion found a beer for her .,PD,PD,PURCHASE,FIND,THE,A,for,for,-38.84626770019531,"[-3.6286936, -9.62492, -8.586611, -2.540876, -8.553094, -2.650188, -1.468269, -1.7936186]"
the pilot purchased the pie for them .,a champion found her a beer .,PD,DO,PURCHASE,FIND,THE,A,for,for,-42.20547866821289,"[-3.6286936, -9.62492, -8.586611, -3.971539, -6.743046, -7.4972706, -2.1533978]"
the pilot purchased the pie for them .,a singer left an anchor for him .,PD,PD,PURCHASE,LEAVE,THE,A,for,for,-43.40180206298828,"[-3.6286936, -10.178343, -7.599352, -3.2077162, -7.9914255, -2.7607193, -6.140812, -1.8947419]"
the pilot purchased the pie for them .,a singer left him an anchor .,PD,DO,PURCHASE,LEAVE,THE,A,for,for,-43.540138244628906,"[-3.6286936, -10.178343, -7.599352, -4.955659, -4.529643, -9.306775, -3.3416705]"
the pilot purchased them the crystal .,a guest got a juice for you .,DO,PD,PURCHASE,GET,THE,A,for,for,-47.670738220214844,"[-3.66929, -7.840667, -11.410588, -2.2210767, -10.244334, -3.3286037, -7.6590114, -1.2971703]"
the pilot purchased them the crystal .,a guest got you a juice .,DO,DO,PURCHASE,GET,THE,A,for,for,-41.771121978759766,"[-3.66929, -7.840667, -11.410588, -6.0666037, -2.1279287, -8.667568, -1.9884751]"
the pilot purchased them the pie .,a champion found a beer for her .,DO,PD,PURCHASE,FIND,THE,A,for,for,-41.94499969482422,"[-3.69045, -9.53302, -8.410428, -2.8429341, -8.646012, -3.681767, -2.297697, -2.842689]"
the pilot purchased them the pie .,a champion found her a beer .,DO,DO,PURCHASE,FIND,THE,A,for,for,-40.3397216796875,"[-3.69045, -9.53302, -8.410428, -4.080134, -6.555004, -6.7837887, -1.2868991]"
the pilot purchased them the pie .,a singer left an anchor for him .,DO,PD,PURCHASE,LEAVE,THE,A,for,for,-45.90636444091797,"[-3.69045, -10.151747, -7.563684, -3.3159552, -7.8716154, -3.6311874, -7.1498423, -2.531882]"
the pilot purchased them the pie .,a singer left him an anchor .,DO,DO,PURCHASE,LEAVE,THE,A,for,for,-41.781002044677734,"[-3.69045, -10.151747, -7.563684, -4.7737846, -4.092084, -9.317951, -2.191301]"
the pilot purchased us the crystal .,a lawyer kept a tea for you .,DO,PD,PURCHASE,KEEP,THE,A,for,for,-48.08270263671875,"[-3.678348, -6.9379168, -11.060915, -2.5058103, -10.391176, -5.31334, -7.006111, -1.1890827]"
the pilot purchased us the crystal .,a lawyer kept you a tea .,DO,DO,PURCHASE,KEEP,THE,A,for,for,-43.815208435058594,"[-3.678348, -6.9379168, -11.060915, -5.8407636, -5.56828, -9.066801, -1.6621823]"
the pilot saved him the beer .,a boy kept a book for me .,DO,PD,SAVE,KEEP,THE,A,for,for,-35.814369201660156,"[-3.648446, -6.6743436, -8.380076, -3.4815648, -4.9540935, -4.076629, -3.6283216, -0.97089314]"
the pilot saved him the beer .,a boy kept me a book .,DO,DO,SAVE,KEEP,THE,A,for,for,-37.846839904785156,"[-3.648446, -6.6743436, -8.380076, -5.624984, -6.77156, -5.6896267, -1.0578029]"
the pilot saved him the candy .,a lawyer kept a tea for you .,DO,PD,SAVE,KEEP,THE,A,for,for,-47.86504364013672,"[-3.6917636, -6.9516134, -10.788422, -2.6444955, -10.22474, -5.149115, -7.3009386, -1.1139553]"
the pilot saved him the candy .,a lawyer kept you a tea .,DO,DO,SAVE,KEEP,THE,A,for,for,-42.2144775390625,"[-3.6917636, -6.9516134, -10.788422, -6.4258103, -5.315679, -7.744548, -1.2966396]"
the pilot saved it the candy .,a guest threw a bottle to her .,DO,PD,SAVE,THROW,THE,A,for,to,-42.916847229003906,"[-3.662316, -7.876931, -13.81703, -1.0591731, -4.802219, -5.577659, -2.3589282, -3.7625904]"
the pilot saved it the candy .,a guest threw her a bottle .,DO,DO,SAVE,THROW,THE,A,for,to,-42.64091873168945,"[-3.662316, -7.876931, -13.81703, -3.4138694, -5.4347205, -6.0456023, -2.3904498]"
the pilot saved me the candy .,a soldier gave a machine to it .,DO,PD,SAVE,GIVE,THE,A,for,to,-47.008750915527344,"[-3.6908443, -7.0822377, -7.1172886, -2.150318, -9.714683, -7.0019617, -8.962608, -1.2888087]"
the pilot saved me the candy .,a soldier gave it a machine .,DO,DO,SAVE,GIVE,THE,A,for,to,-43.79439163208008,"[-3.6908443, -7.0822377, -7.1172886, -5.233343, -2.570344, -11.57345, -6.5268836]"
the pilot saved me the coffee .,a doctor got a key for him .,DO,PD,SAVE,GET,THE,A,for,for,-36.19122314453125,"[-3.660914, -7.0635996, -7.4597836, -1.676672, -7.961711, -2.9493537, -3.8932128, -1.5259748]"
the pilot saved me the coffee .,a doctor got him a key .,DO,DO,SAVE,GET,THE,A,for,for,-34.22075653076172,"[-3.660914, -7.0635996, -7.4597836, -5.0961742, -1.392719, -7.5552244, -1.9923432]"
the pilot saved me the instrument .,a husband took a bottle to us .,DO,PD,SAVE,TAKE,THE,A,for,to,-39.667320251464844,"[-3.6654031, -8.849365, -7.128326, -2.3321376, -6.0861998, -3.561613, -6.2650814, -1.7791958]"
the pilot saved me the instrument .,a husband took us a bottle .,DO,DO,SAVE,TAKE,THE,A,for,to,-36.147804260253906,"[-3.6654031, -8.849365, -7.128326, -5.0062537, -2.7618256, -4.9322643, -3.8043647]"
the pilot saved the beer for him .,a boy kept a book for me .,PD,PD,SAVE,KEEP,THE,A,for,for,-36.48221969604492,"[-3.6007283, -6.643732, -8.553011, -3.4166143, -4.9430566, -3.440312, -4.916102, -0.9686648]"
the pilot saved the beer for him .,a boy kept me a book .,PD,DO,SAVE,KEEP,THE,A,for,for,-39.48969268798828,"[-3.6007283, -6.643732, -8.553011, -6.516549, -6.61633, -5.754281, -1.8050623]"
the pilot saved the candy for him .,a lawyer kept a tea for you .,PD,PD,SAVE,KEEP,THE,A,for,for,-46.214012145996094,"[-3.6425679, -7.069214, -11.130835, -2.1256714, -10.094113, -3.9200537, -7.237362, -0.9941934]"
the pilot saved the candy for him .,a lawyer kept you a tea .,PD,DO,SAVE,KEEP,THE,A,for,for,-45.32680892944336,"[-3.6425679, -7.069214, -11.130835, -7.017004, -5.1510677, -8.980729, -2.3353918]"
the pilot saved the candy for it .,a guest threw a bottle to her .,PD,PD,SAVE,THROW,THE,A,for,to,-43.12052917480469,"[-3.6245358, -7.9204245, -13.874364, -1.0720862, -4.926491, -5.7951264, -2.500907, -3.4065957]"
the pilot saved the candy for it .,a guest threw her a bottle .,PD,DO,SAVE,THROW,THE,A,for,to,-44.81614685058594,"[-3.6245358, -7.9204245, -13.874364, -3.8244343, -6.0664787, -6.4127817, -3.0931268]"
the pilot saved the candy for me .,a soldier gave a machine to it .,PD,PD,SAVE,GIVE,THE,A,for,to,-45.15901184082031,"[-3.6215584, -7.060872, -7.357566, -1.842642, -9.265998, -6.3201957, -8.619668, -1.070512]"
the pilot saved the candy for me .,a soldier gave it a machine .,PD,DO,SAVE,GIVE,THE,A,for,to,-43.44663619995117,"[-3.6215584, -7.060872, -7.357566, -4.6646585, -2.2834797, -11.769785, -6.6887155]"
the pilot saved the candy for you .,a sheriff gave a juice to me .,PD,PD,SAVE,GIVE,THE,A,for,to,-41.78868103027344,"[-3.6037157, -8.279554, -8.419249, -1.4489675, -12.213546, -0.8842027, -5.5776176, -1.3618282]"
the pilot saved the candy for you .,a sheriff gave me a juice .,PD,DO,SAVE,GIVE,THE,A,for,to,-37.20668029785156,"[-3.6037157, -8.279554, -8.419249, -4.118983, -0.7702484, -9.981253, -2.0336788]"
the pilot saved the coffee for me .,a doctor got a key for him .,PD,PD,SAVE,GET,THE,A,for,for,-35.63161849975586,"[-3.595864, -7.1364384, -7.5325446, -1.5308206, -8.0908165, -2.6755342, -3.8452508, -1.22435]"
the pilot saved the coffee for me .,a doctor got him a key .,PD,DO,SAVE,GET,THE,A,for,for,-34.67864227294922,"[-3.595864, -7.1364384, -7.5325446, -5.181301, -1.4375056, -7.421213, -2.3737743]"
the pilot saved the coffee for you .,a sheriff found a tea for us .,PD,PD,SAVE,FIND,THE,A,for,for,-39.52351760864258,"[-3.573244, -8.490982, -6.126689, -1.1085932, -10.320793, -3.2030747, -5.621465, -1.078677]"
the pilot saved the coffee for you .,a sheriff found us a tea .,PD,DO,SAVE,FIND,THE,A,for,for,-43.34729766845703,"[-3.573244, -8.490982, -6.126689, -10.281952, -2.992293, -10.059171, -1.8229668]"
the pilot saved the coffee for you .,a guest gave a candy to it .,PD,PD,SAVE,GIVE,THE,A,for,to,-47.015098571777344,"[-3.573244, -7.6212053, -10.684978, -1.7475107, -12.423285, -2.5695908, -7.4404783, -0.95480645]"
the pilot saved the coffee for you .,a guest gave it a candy .,PD,DO,SAVE,GIVE,THE,A,for,to,-44.96963882446289,"[-3.573244, -7.6212053, -10.684978, -4.9733934, -1.0525285, -12.709305, -4.354986]"
the pilot saved the computer for us .,a singer made a ball for you .,PD,PD,SAVE,MAKE,THE,A,for,for,-41.781280517578125,"[-3.5790305, -10.284395, -5.8162775, -1.3893751, -9.487315, -5.3444757, -4.59642, -1.2839937]"
the pilot saved the computer for us .,a singer made you a ball .,PD,DO,SAVE,MAKE,THE,A,for,for,-39.90370559692383,"[-3.5790305, -10.284395, -5.8162775, -7.7502656, -2.8206973, -8.1066675, -1.5463711]"
the pilot saved the computer for you .,a sheriff promised a coffee to us .,PD,PD,SAVE,PROMISE,THE,A,for,to,-47.94060516357422,"[-3.553983, -8.374159, -11.001412, -2.4631317, -9.879847, -3.1589684, -7.7916923, -1.7174132]"
the pilot saved the computer for you .,a sheriff promised us a coffee .,PD,DO,SAVE,PROMISE,THE,A,for,to,-43.00633239746094,"[-3.553983, -8.374159, -11.001412, -6.9285088, -2.1780765, -8.64011, -2.3300822]"
the pilot saved the instrument for me .,a husband took a bottle to us .,PD,PD,SAVE,TAKE,THE,A,for,to,-38.69419479370117,"[-3.6121223, -8.984511, -7.050478, -2.0528336, -5.7151146, -3.2908306, -6.6111603, -1.3771441]"
the pilot saved the instrument for me .,a husband took us a bottle .,PD,DO,SAVE,TAKE,THE,A,for,to,-40.08856201171875,"[-3.6121223, -8.984511, -7.050478, -5.689865, -3.8998804, -6.346548, -4.5051575]"
the pilot saved the instrument for us .,a guy showed a beer to you .,PD,PD,SAVE,SHOW,THE,A,for,to,-40.60612869262695,"[-3.6189978, -7.60934, -6.8698697, -4.1086226, -7.7465215, -3.2551818, -6.1968102, -1.2007838]"
the pilot saved the instrument for us .,a guy showed you a beer .,PD,DO,SAVE,SHOW,THE,A,for,to,-35.31771469116211,"[-3.6189978, -7.60934, -6.8698697, -5.5663347, -1.5428966, -7.6577773, -2.452499]"
the pilot saved us the computer .,a singer made a ball for you .,DO,PD,SAVE,MAKE,THE,A,for,for,-41.823707580566406,"[-3.6064425, -10.213558, -5.8165293, -1.372358, -9.085078, -5.7218723, -4.5496216, -1.4582483]"
the pilot saved us the computer .,a singer made you a ball .,DO,DO,SAVE,MAKE,THE,A,for,for,-38.277015686035156,"[-3.6064425, -10.213558, -5.8165293, -6.9211755, -2.4739451, -7.8418813, -1.4034868]"
the pilot saved us the instrument .,a guy showed a beer to you .,DO,PD,SAVE,SHOW,THE,A,for,to,-41.555335998535156,"[-3.6581392, -7.493988, -6.86609, -4.6886783, -7.8425694, -3.1798103, -6.1736445, -1.65242]"
the pilot saved us the instrument .,a guy showed you a beer .,DO,DO,SAVE,SHOW,THE,A,for,to,-34.38954162597656,"[-3.6581392, -7.493988, -6.86609, -5.5369315, -1.5118628, -7.2705655, -2.0519667]"
the pilot saved you the candy .,a sheriff gave a juice to me .,DO,PD,SAVE,GIVE,THE,A,for,to,-41.24106216430664,"[-3.6422532, -8.175381, -8.306293, -1.563147, -12.203727, -0.6974129, -5.4979706, -1.1548792]"
the pilot saved you the candy .,a sheriff gave me a juice .,DO,DO,SAVE,GIVE,THE,A,for,to,-35.2676887512207,"[-3.6422532, -8.175381, -8.306293, -3.5087914, -0.78130215, -9.543272, -1.3103976]"
the pilot saved you the coffee .,a sheriff found a tea for us .,DO,PD,SAVE,FIND,THE,A,for,for,-44.19075012207031,"[-3.6206043, -8.358549, -6.0992627, -1.3509372, -10.918806, -5.7038913, -6.8348074, -1.3038938]"
the pilot saved you the coffee .,a sheriff found us a tea .,DO,DO,SAVE,FIND,THE,A,for,for,-41.81578826904297,"[-3.6206043, -8.358549, -6.0992627, -10.300791, -2.665177, -9.895424, -0.8759777]"
the pilot saved you the coffee .,a guest gave a candy to it .,DO,PD,SAVE,GIVE,THE,A,for,to,-46.66992950439453,"[-3.6206043, -7.6411757, -10.602843, -1.9796535, -12.102902, -2.551058, -7.38915, -0.78254133]"
the pilot saved you the coffee .,a guest gave it a candy .,DO,DO,SAVE,GIVE,THE,A,for,to,-43.82056427001953,"[-3.6206043, -7.6411757, -10.602843, -5.1458483, -1.2617928, -12.298496, -3.2498002]"
the pilot saved you the computer .,a sheriff promised a coffee to us .,DO,PD,SAVE,PROMISE,THE,A,for,to,-45.88633346557617,"[-3.5923357, -8.452817, -10.53277, -2.3207173, -9.491198, -2.828256, -7.162059, -1.5061824]"
the pilot saved you the computer .,a sheriff promised us a coffee .,DO,DO,SAVE,PROMISE,THE,A,for,to,-40.52739715576172,"[-3.5923357, -8.452817, -10.53277, -5.833342, -1.908348, -8.575479, -1.6323028]"
the pilot sent her the meal .,a captain sold a beer to it .,DO,PD,SEND,SELL,THE,A,to,to,-41.94465637207031,"[-3.5716233, -9.54216, -9.6185665, -2.3035853, -6.2694464, -1.0057185, -8.418843, -1.214716]"
the pilot sent her the meal .,a captain sold it a beer .,DO,DO,SEND,SELL,THE,A,to,to,-42.637943267822266,"[-3.5716233, -9.54216, -9.6185665, -5.513071, -6.8792434, -5.9939823, -1.519297]"
the pilot sent it the candy .,an actress purchased an instrument for you .,DO,PD,SEND,PURCHASE,THE,A,to,for,-43.094581604003906,"[-5.7137136, -7.191761, -8.915569, -2.947691, -6.604759, -1.676661, -8.825257, -1.2191718]"
the pilot sent it the candy .,an actress purchased you an instrument .,DO,DO,SEND,PURCHASE,THE,A,to,for,-43.94181823730469,"[-5.7137136, -7.191761, -8.915569, -9.817927, -3.0165806, -7.4768124, -1.809451]"
the pilot sent it the meal .,an adult promised a chicken to them .,DO,PD,SEND,PROMISE,THE,A,to,to,-45.40167236328125,"[-5.707974, -6.2569413, -13.298838, -2.1145027, -6.7715635, -3.2765777, -6.229803, -1.7454693]"
the pilot sent it the meal .,an adult promised them a chicken .,DO,DO,SEND,PROMISE,THE,A,to,to,-40.196266174316406,"[-5.707974, -6.2569413, -13.298838, -5.640261, -1.2860278, -6.2134504, -1.7927761]"
the pilot sent me the engine .,a husband found a salad for it .,DO,PD,SEND,FIND,THE,A,to,for,-44.3936882019043,"[-3.5709033, -8.795746, -5.764708, -1.4240524, -10.829703, -3.6858854, -8.939447, -1.3832412]"
the pilot sent me the engine .,a husband found it a salad .,DO,DO,SEND,FIND,THE,A,to,for,-39.175148010253906,"[-3.5709033, -8.795746, -5.764708, -4.508089, -3.8108475, -11.429766, -1.2950867]"
the pilot sent the candy to it .,an actress purchased an instrument for you .,PD,PD,SEND,PURCHASE,THE,A,to,for,-42.49559783935547,"[-5.7041144, -7.193623, -8.834674, -2.9613247, -6.7852526, -1.4680957, -8.290313, -1.258201]"
the pilot sent the candy to it .,an actress purchased you an instrument .,PD,DO,SEND,PURCHASE,THE,A,to,for,-44.223392486572266,"[-5.7041144, -7.193623, -8.834674, -9.770116, -3.0329134, -7.5631204, -2.1248317]"
the pilot sent the engine to me .,a husband found a salad for it .,PD,PD,SEND,FIND,THE,A,to,for,-44.11449432373047,"[-3.527502, -8.843347, -6.253345, -1.1635238, -10.62888, -3.7291367, -8.777389, -1.1913747]"
the pilot sent the engine to me .,a husband found it a salad .,PD,DO,SEND,FIND,THE,A,to,for,-39.65370178222656,"[-3.527502, -8.843347, -6.253345, -4.588126, -3.5948868, -11.555883, -1.2906109]"
the pilot sent the log to them .,a champion found a beer for her .,PD,PD,SEND,FIND,THE,A,to,for,-41.510414123535156,"[-3.531022, -9.910965, -8.829197, -2.1064463, -8.643601, -4.2474833, -2.142569, -2.0991282]"
the pilot sent the log to them .,a champion found her a beer .,PD,DO,SEND,FIND,THE,A,to,for,-42.118587493896484,"[-3.531022, -9.910965, -8.829197, -3.8941784, -6.46131, -7.788228, -1.7036884]"
the pilot sent the meal to her .,a captain sold a beer to it .,PD,PD,SEND,SELL,THE,A,to,to,-40.6342658996582,"[-3.5645897, -9.8036995, -9.670481, -2.153137, -5.617003, -0.41991776, -8.589017, -0.8164211]"
the pilot sent the meal to her .,a captain sold it a beer .,PD,DO,SEND,SELL,THE,A,to,to,-43.474117279052734,"[-3.5645897, -9.8036995, -9.670481, -5.468587, -7.2293196, -6.124021, -1.6134189]"
the pilot sent the meal to it .,an adult promised a chicken to them .,PD,PD,SEND,PROMISE,THE,A,to,to,-42.91395950317383,"[-5.681823, -6.186036, -12.896738, -2.1862986, -6.629793, -2.452599, -5.587454, -1.2932194]"
the pilot sent the meal to it .,an adult promised them a chicken .,PD,DO,SEND,PROMISE,THE,A,to,to,-39.870262145996094,"[-5.681823, -6.186036, -12.896738, -5.5065174, -1.3397716, -6.3379416, -1.9214315]"
the pilot sent the meal to you .,a boy fed a cheese to us .,PD,PD,SEND,FEED,THE,A,to,to,-40.0104866027832,"[-3.5394764, -6.8542604, -9.699972, -1.4557112, -6.0774894, -2.8746212, -7.473857, -2.0350997]"
the pilot sent the meal to you .,a boy fed us a cheese .,PD,DO,SEND,FEED,THE,A,to,to,-40.56561279296875,"[-3.5394764, -6.8542604, -9.699972, -8.75689, -2.0730631, -6.543703, -3.0982487]"
the pilot sent the pie to us .,a club designed a hat for you .,PD,PD,SEND,DESIGN,THE,A,to,for,-41.525203704833984,"[-3.538073, -8.814865, -7.8225822, -6.829899, -6.6950665, -2.0945039, -4.801137, -0.92907846]"
the pilot sent the pie to us .,a club designed you a hat .,PD,DO,SEND,DESIGN,THE,A,to,for,-42.687374114990234,"[-3.538073, -8.814865, -7.8225822, -11.122696, -4.0638494, -6.2896233, -1.0356846]"
the pilot sent the tea to you .,a cop bought a coffee for me .,PD,PD,SEND,BUY,THE,A,to,for,-32.81858444213867,"[-3.5003521, -8.447176, -8.364843, -0.83771884, -5.8572793, -2.123105, -2.6969075, -0.9912032]"
the pilot sent the tea to you .,a cop bought me a coffee .,PD,DO,SEND,BUY,THE,A,to,for,-30.24498748779297,"[-3.5003521, -8.447176, -8.364843, -4.290885, -0.48234147, -3.8557613, -1.3036265]"
the pilot sent them the log .,a champion found a beer for her .,DO,PD,SEND,FIND,THE,A,to,for,-42.40930938720703,"[-3.5641165, -9.737437, -8.528378, -2.3893538, -9.499544, -4.45298, -2.139873, -2.0976267]"
the pilot sent them the log .,a champion found her a beer .,DO,DO,SEND,FIND,THE,A,to,for,-41.125858306884766,"[-3.5641165, -9.737437, -8.528378, -3.564209, -6.7686195, -7.664098, -1.2989999]"
the pilot sent us the pie .,a club designed a hat for you .,DO,PD,SEND,DESIGN,THE,A,to,for,-42.430747985839844,"[-3.568231, -8.771378, -7.6428843, -7.490664, -6.8789597, -2.0833468, -5.1276603, -0.8676242]"
the pilot sent us the pie .,a club designed you a hat .,DO,DO,SEND,DESIGN,THE,A,to,for,-43.39126205444336,"[-3.568231, -8.771378, -7.6428843, -10.901519, -5.047882, -6.646819, -0.81254846]"
the pilot sent you the meal .,a boy fed a cheese to us .,DO,PD,SEND,FEED,THE,A,to,to,-43.701393127441406,"[-3.551413, -6.7912865, -9.620272, -1.5866811, -6.2648535, -4.314969, -9.134042, -2.437877]"
the pilot sent you the meal .,a boy fed us a cheese .,DO,DO,SEND,FEED,THE,A,to,to,-39.56128692626953,"[-3.551413, -6.7912865, -9.620272, -8.138731, -2.7085197, -6.605035, -2.1460326]"
the pilot sent you the tea .,a cop bought a coffee for me .,DO,PD,SEND,BUY,THE,A,to,for,-34.17497634887695,"[-3.5271997, -8.343931, -8.173223, -0.86462903, -6.083473, -2.4226134, -3.6641166, -1.095792]"
the pilot sent you the tea .,a cop bought me a coffee .,DO,DO,SEND,BUY,THE,A,to,for,-28.745555877685547,"[-3.5271997, -8.343931, -8.173223, -3.8849928, -0.51840925, -3.420033, -0.87776744]"
the pilot showed him the chocolate .,a buddy got a cup for me .,DO,PD,SHOW,GET,THE,A,to,for,-38.31914520263672,"[-3.6250432, -10.27441, -5.973411, -2.0843272, -6.2964478, -6.491284, -2.6182969, -0.9559262]"
the pilot showed him the chocolate .,a buddy got me a cup .,DO,DO,SHOW,GET,THE,A,to,for,-32.17489242553711,"[-3.6250432, -10.27441, -5.973411, -3.402923, -0.9820416, -4.356707, -3.5603573]"
the pilot showed him the cup .,a lawyer left a hat for us .,DO,PD,SHOW,LEAVE,THE,A,to,for,-45.766014099121094,"[-3.6089666, -6.7841067, -8.485682, -1.7155144, -9.50837, -5.6069784, -8.16044, -1.8959557]"
the pilot showed him the cup .,a lawyer left us a hat .,DO,DO,SHOW,LEAVE,THE,A,to,for,-38.82628631591797,"[-3.6089666, -6.7841067, -8.485682, -7.4818573, -1.6680039, -9.342211, -1.4554586]"
the pilot showed it the beer .,a king caught a book for him .,DO,PD,SHOW,CATCH,THE,A,to,for,-42.40214157104492,"[-3.5676904, -9.911116, -5.8038864, -2.9466097, -8.996089, -4.568105, -5.899487, -0.7091601]"
the pilot showed it the beer .,a king caught him a book .,DO,DO,SHOW,CATCH,THE,A,to,for,-39.40632629394531,"[-3.5676904, -9.911116, -5.8038864, -5.9250526, -5.7810807, -7.577751, -0.8397498]"
the pilot showed it the beer .,a doctor caught a book for us .,DO,PD,SHOW,CATCH,THE,A,to,for,-44.28577423095703,"[-3.5676904, -7.1001997, -7.1787705, -3.0775275, -9.795767, -4.7650948, -7.8023014, -0.9984224]"
the pilot showed it the beer .,a doctor caught us a book .,DO,DO,SHOW,CATCH,THE,A,to,for,-39.87467956542969,"[-3.5676904, -7.1001997, -7.1787705, -8.17366, -4.866398, -7.810301, -1.1776602]"
the pilot showed it the coffee .,a cop sold a coat to you .,DO,PD,SHOW,SELL,THE,A,to,to,-45.83573532104492,"[-3.585504, -8.265918, -11.352605, -1.5561671, -8.690739, -3.6471756, -7.3659453, -1.3716812]"
the pilot showed it the coffee .,a cop sold you a coat .,DO,DO,SHOW,SELL,THE,A,to,to,-38.16607666015625,"[-3.585504, -8.265918, -11.352605, -5.442267, -0.68970895, -6.7426586, -2.0874133]"
the pilot showed it the coffee .,a club designed a hat for you .,DO,PD,SHOW,DESIGN,THE,A,to,for,-41.79521942138672,"[-3.585504, -8.7097845, -7.648142, -6.00724, -7.2967215, -2.309401, -5.3540106, -0.884417]"
the pilot showed it the coffee .,a club designed you a hat .,DO,DO,SHOW,DESIGN,THE,A,to,for,-41.63548278808594,"[-3.585504, -8.7097845, -7.648142, -10.577922, -3.9383364, -6.2798233, -0.89597046]"
the pilot showed it the cup .,a hero designed a bottle for us .,DO,PD,SHOW,DESIGN,THE,A,to,for,-41.69923782348633,"[-3.5758185, -8.696678, -9.929733, -2.826168, -7.2563376, -3.3058593, -5.073147, -1.0354958]"
the pilot showed it the cup .,a hero designed us a bottle .,DO,DO,SHOW,DESIGN,THE,A,to,for,-43.140159606933594,"[-3.5758185, -8.696678, -9.929733, -9.117372, -3.8448267, -6.1096444, -1.8660879]"
the pilot showed it the juice .,an adult purchased a beer for you .,DO,PD,SHOW,PURCHASE,THE,A,to,for,-39.65743637084961,"[-5.705387, -6.4041767, -10.172869, -1.1313848, -4.950406, -2.5277107, -7.6996913, -1.0658103]"
the pilot showed it the juice .,an adult purchased you a beer .,DO,DO,SHOW,PURCHASE,THE,A,to,for,-36.66417694091797,"[-5.705387, -6.4041767, -10.172869, -8.859894, -0.97712433, -3.193039, -1.3516886]"
the pilot showed me the chocolate .,an aunt threw a log to them .,DO,PD,SHOW,THROW,THE,A,to,to,-43.208778381347656,"[-5.69726, -8.285199, -8.464477, -0.9501406, -8.874245, -3.8459597, -6.228526, -0.8629734]"
the pilot showed me the chocolate .,an aunt threw them a log .,DO,DO,SHOW,THROW,THE,A,to,to,-42.51029968261719,"[-5.69726, -8.285199, -8.464477, -6.88728, -2.974084, -9.115148, -1.0868518]"
the pilot showed me the cup .,an employer supplied a meal to him .,DO,PD,SHOW,SUPPLY,THE,A,to,to,-39.26126480102539,"[-5.696088, -7.8710227, -10.254317, -2.3098156, -4.305099, -1.5375475, -6.0837107, -1.203665]"
the pilot showed me the cup .,an employer supplied him a meal .,DO,DO,SHOW,SUPPLY,THE,A,to,to,-37.03157043457031,"[-5.696088, -7.8710227, -10.254317, -5.4467516, -2.181669, -4.3710184, -1.210705]"
the pilot showed the beer to it .,a king caught a book for him .,PD,PD,SHOW,CATCH,THE,A,to,for,-42.0849609375,"[-3.5536654, -9.853678, -5.8324275, -3.298285, -8.810029, -4.834971, -5.143825, -0.7580821]"
the pilot showed the beer to it .,a king caught him a book .,PD,DO,SHOW,CATCH,THE,A,to,for,-39.92842102050781,"[-3.5536654, -9.853678, -5.8324275, -5.9113164, -5.7277484, -7.8033895, -1.2461993]"
the pilot showed the beer to it .,a doctor caught a book for us .,PD,PD,SHOW,CATCH,THE,A,to,for,-44.38775634765625,"[-3.5536654, -7.1682706, -7.182851, -3.151321, -9.497213, -5.129884, -7.5847745, -1.1197771]"
the pilot showed the beer to it .,a doctor caught us a book .,PD,DO,SHOW,CATCH,THE,A,to,for,-41.01409149169922,"[-3.5536654, -7.1682706, -7.182851, -7.7837167, -5.174033, -8.258291, -1.8932649]"
the pilot showed the beer to them .,a manager saved an anchor for me .,PD,PD,SHOW,SAVE,THE,A,to,for,-43.8072509765625,"[-3.5529318, -8.350682, -11.606393, -4.141487, -7.5228004, -3.3249214, -4.3197594, -0.98827547]"
the pilot showed the beer to them .,a manager saved me an anchor .,PD,DO,SHOW,SAVE,THE,A,to,for,-46.21772766113281,"[-3.5529318, -8.350682, -11.606393, -5.084156, -4.1325045, -10.921879, -2.569181]"
the pilot showed the card to us .,a sheriff got a chicken for him .,PD,PD,SHOW,GET,THE,A,to,for,-42.39149475097656,"[-3.5640965, -8.809073, -8.310899, -1.0831794, -10.482479, -4.02934, -5.1500163, -0.96241313]"
the pilot showed the card to us .,a sheriff got him a chicken .,PD,DO,SHOW,GET,THE,A,to,for,-38.473114013671875,"[-3.5640965, -8.809073, -8.310899, -5.0219336, -1.77205, -9.305413, -1.6896483]"
the pilot showed the card to us .,a buddy purchased a jacket for him .,PD,PD,SHOW,PURCHASE,THE,A,to,for,-40.24814987182617,"[-3.5640965, -10.354562, -8.861444, -1.1387863, -8.70354, -2.2856016, -3.868316, -1.4718034]"
the pilot showed the card to us .,a buddy purchased him a jacket .,PD,DO,SHOW,PURCHASE,THE,A,to,for,-38.714935302734375,"[-3.5640965, -10.354562, -8.861444, -5.355815, -0.75810754, -8.109653, -1.711257]"
the pilot showed the card to you .,a reader caught a box for it .,PD,PD,SHOW,CATCH,THE,A,to,for,-40.75410079956055,"[-3.555839, -6.904952, -7.41343, -3.176004, -8.801391, -4.484227, -5.352942, -1.0653176]"
the pilot showed the card to you .,a reader caught it a box .,PD,DO,SHOW,CATCH,THE,A,to,for,-39.514305114746094,"[-3.555839, -6.904952, -7.41343, -4.662164, -5.337392, -9.746669, -1.8938589]"
the pilot showed the chocolate to him .,a buddy got a cup for me .,PD,PD,SHOW,GET,THE,A,to,for,-37.47488784790039,"[-3.6055412, -10.397565, -6.0651197, -1.8874751, -6.517003, -6.181302, -1.745217, -1.0756646]"
the pilot showed the chocolate to him .,a buddy got me a cup .,PD,DO,SHOW,GET,THE,A,to,for,-32.867095947265625,"[-3.6055412, -10.397565, -6.0651197, -2.572404, -1.0571429, -5.272851, -3.896471]"
the pilot showed the chocolate to me .,an aunt threw a log to them .,PD,PD,SHOW,THROW,THE,A,to,to,-42.766788482666016,"[-5.678812, -8.419831, -8.701309, -0.859304, -8.848766, -3.5044265, -6.050483, -0.7038556]"
the pilot showed the chocolate to me .,an aunt threw them a log .,PD,DO,SHOW,THROW,THE,A,to,to,-43.4613037109375,"[-5.678812, -8.419831, -8.701309, -7.086967, -2.9961843, -8.98187, -1.5963314]"
the pilot showed the chocolate to them .,an uncle brought an anchor to you .,PD,PD,SHOW,BRING,THE,A,to,to,-43.165889739990234,"[-5.696669, -8.309938, -8.072367, -4.7504706, -7.813525, -0.52054, -7.16355, -0.83883]"
the pilot showed the chocolate to them .,an uncle brought you an anchor .,PD,DO,SHOW,BRING,THE,A,to,to,-44.35066223144531,"[-5.696669, -8.309938, -8.072367, -6.3325543, -3.7865272, -9.853336, -2.29927]"
the pilot showed the coffee to it .,a cop sold a coat to you .,PD,PD,SHOW,SELL,THE,A,to,to,-43.60193634033203,"[-3.5543168, -8.377442, -11.577215, -1.5729041, -8.325804, -2.6376052, -6.464563, -1.0920855]"
the pilot showed the coffee to it .,a cop sold you a coat .,PD,DO,SHOW,SELL,THE,A,to,to,-39.392601013183594,"[-3.5543168, -8.377442, -11.577215, -5.604564, -0.8022709, -7.020739, -2.4560516]"
the pilot showed the coffee to it .,a club designed a hat for you .,PD,PD,SHOW,DESIGN,THE,A,to,for,-41.88582992553711,"[-3.5543168, -8.746214, -7.344292, -6.9995313, -7.2669063, -2.36794, -4.567155, -1.0394757]"
the pilot showed the coffee to it .,a club designed you a hat .,PD,DO,SHOW,DESIGN,THE,A,to,for,-43.825469970703125,"[-3.5543168, -8.746214, -7.344292, -10.8173685, -5.4317803, -6.744671, -1.1868279]"
the pilot showed the coffee to them .,a singer saved a candy for her .,PD,PD,SHOW,SAVE,THE,A,to,for,-46.892333984375,"[-3.5674796, -10.046762, -10.82546, -1.6015233, -10.726186, -4.3675404, -1.2687477, -4.4886327]"
the pilot showed the coffee to them .,a singer saved her a candy .,PD,DO,SHOW,SAVE,THE,A,to,for,-46.89604949951172,"[-3.5674796, -10.046762, -10.82546, -1.6246251, -7.264028, -10.130177, -3.4375184]"
the pilot showed the cup to him .,a lawyer left a hat for us .,PD,PD,SHOW,LEAVE,THE,A,to,for,-45.112422943115234,"[-3.573118, -6.8779144, -8.768474, -1.3969343, -9.262617, -5.2824035, -7.752068, -2.1988945]"
the pilot showed the cup to him .,a lawyer left us a hat .,PD,DO,SHOW,LEAVE,THE,A,to,for,-40.144935607910156,"[-3.573118, -6.8779144, -8.768474, -7.370989, -1.5185472, -9.599754, -2.436137]"
the pilot showed the cup to it .,a hero designed a bottle for us .,PD,PD,SHOW,DESIGN,THE,A,to,for,-41.37793731689453,"[-3.5604916, -8.788975, -9.938038, -2.6234179, -6.771515, -3.2921271, -5.2550707, -1.1483008]"
the pilot showed the cup to it .,a hero designed us a bottle .,PD,DO,SHOW,DESIGN,THE,A,to,for,-44.767333984375,"[-3.5604916, -8.788975, -9.938038, -8.92408, -4.328142, -6.933447, -2.2941587]"
the pilot showed the cup to me .,an employer supplied a meal to him .,PD,PD,SHOW,SUPPLY,THE,A,to,to,-38.251766204833984,"[-5.6738496, -7.881469, -10.630041, -1.9102435, -4.6565795, -1.2352427, -5.332642, -0.9316977]"
the pilot showed the cup to me .,an employer supplied him a meal .,PD,DO,SHOW,SUPPLY,THE,A,to,to,-38.8807487487793,"[-5.6738496, -7.881469, -10.630041, -5.85605, -2.7474232, -4.530489, -1.5614284]"
the pilot showed the juice to it .,an adult purchased a beer for you .,PD,PD,SHOW,PURCHASE,THE,A,to,for,-39.41382598876953,"[-5.7002964, -6.412245, -10.237839, -1.1698048, -4.85044, -2.668757, -7.3740244, -1.0004208]"
the pilot showed the juice to it .,an adult purchased you a beer .,PD,DO,SHOW,PURCHASE,THE,A,to,for,-37.24154281616211,"[-5.7002964, -6.412245, -10.237839, -8.798165, -1.0397142, -3.554104, -1.4991778]"
the pilot showed the pie to them .,an employee fed a salad to him .,PD,PD,SHOW,FEED,THE,A,to,to,-34.456939697265625,"[-5.709564, -4.2971416, -11.519597, -1.5144625, -6.9054604, -0.39396515, -3.4473648, -0.66938454]"
the pilot showed the pie to them .,an employee fed him a salad .,PD,DO,SHOW,FEED,THE,A,to,to,-34.04161071777344,"[-5.709564, -4.2971416, -11.519597, -5.0074444, -1.1654432, -5.1318874, -1.2105309]"
the pilot showed them the beer .,a manager saved an anchor for me .,DO,PD,SHOW,SAVE,THE,A,to,for,-44.172359466552734,"[-3.5584874, -8.386234, -11.351622, -4.086742, -7.540024, -3.3521626, -4.838678, -1.0584098]"
the pilot showed them the beer .,a manager saved me an anchor .,DO,DO,SHOW,SAVE,THE,A,to,for,-45.111167907714844,"[-3.5584874, -8.386234, -11.351622, -5.1400266, -4.042654, -10.447369, -2.1847768]"
the pilot showed them the chocolate .,an uncle brought an anchor to you .,DO,PD,SHOW,BRING,THE,A,to,to,-43.97950744628906,"[-5.7057056, -8.279057, -8.015926, -4.760818, -7.913643, -0.73037046, -7.5998917, -0.9740981]"
the pilot showed them the chocolate .,an uncle brought you an anchor .,DO,DO,SHOW,BRING,THE,A,to,to,-43.871578216552734,"[-5.7057056, -8.279057, -8.015926, -5.9308066, -3.8600485, -10.13763, -1.9424038]"
the pilot showed them the coffee .,a singer saved a candy for her .,DO,PD,SHOW,SAVE,THE,A,to,for,-48.723880767822266,"[-3.5761223, -9.974117, -10.78648, -1.6188358, -10.946775, -4.8050427, -1.1384859, -5.8780212]"
the pilot showed them the coffee .,a singer saved her a candy .,DO,DO,SHOW,SAVE,THE,A,to,for,-45.542808532714844,"[-3.5761223, -9.974117, -10.78648, -1.6207889, -7.3022614, -9.788111, -2.4949293]"
the pilot showed them the pie .,an employee fed a salad to him .,DO,PD,SHOW,FEED,THE,A,to,to,-37.68592071533203,"[-5.7209005, -4.31888, -11.461689, -1.5981133, -7.4379234, -0.81295717, -5.329449, -1.0060086]"
the pilot showed them the pie .,an employee fed him a salad .,DO,DO,SHOW,FEED,THE,A,to,to,-32.66335678100586,"[-5.7209005, -4.31888, -11.461689, -4.2977304, -1.1154858, -4.907597, -0.841076]"
the pilot showed us the card .,a sheriff got a chicken for him .,DO,PD,SHOW,GET,THE,A,to,for,-42.84321975708008,"[-3.5730958, -8.757797, -7.980442, -1.2617575, -10.533705, -4.0037246, -5.7815857, -0.95110977]"
the pilot showed us the card .,a sheriff got him a chicken .,DO,DO,SHOW,GET,THE,A,to,for,-37.839805603027344,"[-3.5730958, -8.757797, -7.980442, -5.014108, -2.106246, -9.178064, -1.2300509]"
the pilot showed us the card .,a buddy purchased a jacket for him .,DO,PD,SHOW,PURCHASE,THE,A,to,for,-40.72561264038086,"[-3.5730958, -10.115084, -9.042413, -1.2050339, -8.717682, -2.3108726, -4.020471, -1.740959]"
the pilot showed us the card .,a buddy purchased him a jacket .,DO,DO,SHOW,PURCHASE,THE,A,to,for,-38.530731201171875,"[-3.5730958, -10.115084, -9.042413, -5.233251, -1.1331364, -8.004077, -1.4296775]"
the pilot showed you the card .,a reader caught a box for it .,DO,PD,SHOW,CATCH,THE,A,to,for,-39.836334228515625,"[-3.5743318, -6.8588123, -7.302288, -3.2857008, -8.542773, -4.336021, -4.940815, -0.99559104]"
the pilot showed you the card .,a reader caught it a box .,DO,DO,SHOW,CATCH,THE,A,to,for,-39.04933547973633,"[-3.5743318, -6.8588123, -7.302288, -4.704382, -5.3102183, -9.781314, -1.5179914]"
the pilot sold him the candy .,a secretary gave a tea to you .,DO,PD,SELL,GIVE,THE,A,to,to,-43.678367614746094,"[-3.6369996, -10.338885, -7.520411, -1.7769638, -8.989143, -1.2933838, -8.630666, -1.4919167]"
the pilot sold him the candy .,a secretary gave you a tea .,DO,DO,SELL,GIVE,THE,A,to,to,-38.270111083984375,"[-3.6369996, -10.338885, -7.520411, -6.531959, -1.349626, -7.8960433, -0.9961872]"
the pilot sold him the candy .,a bishop gave a juice to them .,DO,PD,SELL,GIVE,THE,A,to,to,-42.515357971191406,"[-3.6369996, -9.385661, -6.788585, -2.011403, -12.234573, -0.9626012, -6.638718, -0.8568182]"
the pilot sold him the candy .,a bishop gave them a juice .,DO,DO,SELL,GIVE,THE,A,to,to,-35.102317810058594,"[-3.6369996, -9.385661, -6.788585, -4.8024416, -1.3186885, -8.25038, -0.91956383]"
the pilot sold him the telephone .,a princess supplied a salad to you .,DO,PD,SELL,SUPPLY,THE,A,to,to,-46.53786849975586,"[-3.61802, -10.750717, -10.255631, -2.5304508, -8.491877, -1.982609, -7.5634747, -1.3450878]"
the pilot sold him the telephone .,a princess supplied you a salad .,DO,DO,SELL,SUPPLY,THE,A,to,to,-44.06360626220703,"[-3.61802, -10.750717, -10.255631, -5.788121, -4.040017, -8.193615, -1.417482]"
the pilot sold me the juice .,a minister caught a newspaper for us .,DO,PD,SELL,CATCH,THE,A,to,for,-52.88336944580078,"[-3.5692897, -9.134472, -7.721799, -6.1258764, -8.943241, -5.9139404, -10.015644, -1.4591069]"
the pilot sold me the juice .,a minister caught us a newspaper .,DO,DO,SELL,CATCH,THE,A,to,for,-46.88145446777344,"[-3.5692897, -9.134472, -7.721799, -7.988635, -4.74032, -10.58231, -3.14463]"
the pilot sold me the tea .,a lawyer made an engine for them .,DO,PD,SELL,MAKE,THE,A,to,for,-41.98420715332031,"[-3.5740578, -6.7495947, -8.18371, -2.8911862, -10.5607395, -3.3438647, -5.669382, -1.0116729]"
the pilot sold me the tea .,a lawyer made them an engine .,DO,DO,SELL,MAKE,THE,A,to,for,-44.522220611572266,"[-3.5740578, -6.7495947, -8.18371, -7.7121778, -4.940189, -11.50749, -1.8550003]"
the pilot sold me the tea .,a husband showed a salad to her .,DO,PD,SELL,SHOW,THE,A,to,to,-43.0524787902832,"[-3.5740578, -8.532322, -8.603346, -3.7978568, -10.736441, -1.8121549, -3.3685498, -2.627751]"
the pilot sold me the tea .,a husband showed her a salad .,DO,DO,SELL,SHOW,THE,A,to,to,-35.868141174316406,"[-3.5740578, -8.532322, -8.603346, -3.5146785, -1.6807044, -8.293367, -1.6696631]"
the pilot sold the candy to him .,a secretary gave a tea to you .,PD,PD,SELL,GIVE,THE,A,to,to,-40.055213928222656,"[-3.6190765, -10.219898, -7.2361937, -1.6193874, -8.545988, -0.45975316, -7.360116, -0.9947981]"
the pilot sold the candy to him .,a secretary gave you a tea .,PD,DO,SELL,GIVE,THE,A,to,to,-37.21349334716797,"[-3.6190765, -10.219898, -7.2361937, -6.052799, -1.1320872, -7.505219, -1.4482206]"
the pilot sold the candy to him .,a bishop gave a juice to them .,PD,PD,SELL,GIVE,THE,A,to,to,-39.995208740234375,"[-3.6190765, -9.479296, -6.603739, -1.7338212, -11.708025, -0.49523035, -5.60925, -0.74677104]"
the pilot sold the candy to him .,a bishop gave them a juice .,PD,DO,SELL,GIVE,THE,A,to,to,-35.862152099609375,"[-3.6190765, -9.479296, -6.603739, -4.613988, -1.2342663, -8.166961, -2.1448278]"
the pilot sold the candy to us .,a brother left a machine for you .,PD,PD,SELL,LEAVE,THE,A,to,for,-41.947593688964844,"[-3.5948274, -9.091837, -7.512694, -1.5187147, -11.03381, -3.6681323, -4.1029587, -1.4246172]"
the pilot sold the candy to us .,a brother left you a machine .,PD,DO,SELL,LEAVE,THE,A,to,for,-42.38633346557617,"[-3.5948274, -9.091837, -7.512694, -6.6602783, -2.021305, -11.328598, -2.1767924]"
the pilot sold the jacket to you .,a professor brought a tea to them .,PD,PD,SELL,BRING,THE,A,to,to,-36.09218978881836,"[-3.5632775, -7.644504, -7.97044, -1.8860192, -7.021341, -1.2599596, -5.8634644, -0.88318515]"
the pilot sold the jacket to you .,a professor brought them a tea .,PD,DO,SELL,BRING,THE,A,to,to,-36.170738220214844,"[-3.5632775, -7.644504, -7.97044, -6.265574, -3.2070856, -6.0989904, -1.4208667]"
the pilot sold the juice to me .,a minister caught a newspaper for us .,PD,PD,SELL,CATCH,THE,A,to,for,-51.433868408203125,"[-3.5636613, -9.297838, -8.112178, -5.479782, -8.667432, -5.4409018, -9.4324665, -1.4396098]"
the pilot sold the juice to me .,a minister caught us a newspaper .,PD,DO,SELL,CATCH,THE,A,to,for,-47.29280471801758,"[-3.5636613, -9.297838, -8.112178, -7.3932056, -4.9527254, -10.542967, -3.430228]"
the pilot sold the juice to them .,a worker drew an engine for you .,PD,PD,SELL,DRAW,THE,A,to,for,-43.49147415161133,"[-3.5820394, -6.231044, -10.04502, -3.6654565, -7.2868757, -3.8242152, -7.5995603, -1.2572646]"
the pilot sold the juice to them .,a worker drew you an engine .,PD,DO,SELL,DRAW,THE,A,to,for,-45.53581237792969,"[-3.5820394, -6.231044, -10.04502, -10.221333, -4.5868273, -8.818931, -2.0506167]"
the pilot sold the tea to me .,a lawyer made an engine for them .,PD,PD,SELL,MAKE,THE,A,to,for,-41.038658142089844,"[-3.5560765, -6.82498, -7.887597, -2.754247, -10.519472, -2.8851469, -5.57326, -1.0378795]"
the pilot sold the tea to me .,a lawyer made them an engine .,PD,DO,SELL,MAKE,THE,A,to,for,-43.623809814453125,"[-3.5560765, -6.82498, -7.887597, -7.698968, -4.8877926, -11.058909, -1.7094871]"
the pilot sold the tea to me .,a husband showed a salad to her .,PD,PD,SELL,SHOW,THE,A,to,to,-39.720985412597656,"[-3.5560765, -8.539602, -8.60745, -3.198939, -9.538872, -0.49189943, -3.8693862, -1.9187621]"
the pilot sold the tea to me .,a husband showed her a salad .,PD,DO,SELL,SHOW,THE,A,to,to,-36.01201629638672,"[-3.5560765, -8.539602, -8.60745, -3.3802106, -1.5506655, -8.280871, -2.0971386]"
the pilot sold the tea to you .,a parent delivered a flower for me .,PD,PD,SELL,DELIVER,THE,A,to,for,-36.74427032470703,"[-3.5438948, -7.9985175, -8.528481, -0.7263582, -7.6971965, -3.6534972, -3.2111754, -1.3851503]"
the pilot sold the tea to you .,a parent delivered me a flower .,PD,DO,SELL,DELIVER,THE,A,to,for,-36.42198944091797,"[-3.5438948, -7.9985175, -8.528481, -5.991232, -0.7870163, -7.4346695, -2.1381772]"
the pilot sold the telephone to him .,a princess supplied a salad to you .,PD,PD,SELL,SUPPLY,THE,A,to,to,-43.369903564453125,"[-3.5849257, -10.63333, -10.468589, -2.17534, -8.033733, -1.2225326, -6.245557, -1.0058987]"
the pilot sold the telephone to him .,a princess supplied you a salad .,PD,DO,SELL,SUPPLY,THE,A,to,to,-43.55369186401367,"[-3.5849257, -10.63333, -10.468589, -5.5148916, -3.9816048, -7.8165083, -1.5538425]"
the pilot sold them the juice .,a worker drew an engine for you .,DO,PD,SELL,DRAW,THE,A,to,for,-45.05836486816406,"[-3.5746558, -6.4360523, -9.849455, -3.625967, -7.7778754, -3.8754723, -8.494465, -1.4244242]"
the pilot sold them the juice .,a worker drew you an engine .,DO,DO,SELL,DRAW,THE,A,to,for,-45.637420654296875,"[-3.5746558, -6.4360523, -9.849455, -10.715144, -4.5725923, -8.82122, -1.6683009]"
the pilot sold us the candy .,a brother left a machine for you .,DO,PD,SELL,LEAVE,THE,A,to,for,-43.27020263671875,"[-3.6217718, -9.028467, -7.471108, -1.8274955, -11.090757, -3.8647811, -5.0113416, -1.3544825]"
the pilot sold us the candy .,a brother left you a machine .,DO,DO,SELL,LEAVE,THE,A,to,for,-41.346649169921875,"[-3.6217718, -9.028467, -7.471108, -6.024395, -2.5742302, -11.388244, -1.238431]"
the pilot sold you the jacket .,a professor brought a tea to them .,DO,PD,SELL,BRING,THE,A,to,to,-37.82475280761719,"[-3.5844948, -7.589868, -7.9866853, -1.9470936, -7.4205027, -1.8772806, -6.4652452, -0.9535819]"
the pilot sold you the jacket .,a professor brought them a tea .,DO,DO,SELL,BRING,THE,A,to,to,-36.113197326660156,"[-3.5844948, -7.589868, -7.9866853, -6.47119, -3.1616395, -6.2861176, -1.0332036]"
the pilot sold you the tea .,a parent delivered a flower for me .,DO,PD,SELL,DELIVER,THE,A,to,for,-37.93833923339844,"[-3.5578465, -8.111469, -8.532324, -0.8273579, -8.331563, -3.1520896, -4.157782, -1.2679076]"
the pilot sold you the tea .,a parent delivered me a flower .,DO,DO,SELL,DELIVER,THE,A,to,for,-35.04880905151367,"[-3.5578465, -8.111469, -8.532324, -4.7798038, -0.7903165, -7.674965, -1.6020834]"
the pilot supplied her the newspaper .,a reader found a cheese for him .,DO,PD,SUPPLY,FIND,THE,A,to,for,-47.27372741699219,"[-3.6073208, -7.1467724, -6.1770635, -4.928752, -12.498743, -5.460554, -6.361855, -1.0926647]"
the pilot supplied her the newspaper .,a reader found him a cheese .,DO,DO,SUPPLY,FIND,THE,A,to,for,-44.994285583496094,"[-3.6073208, -7.1467724, -6.1770635, -10.081085, -3.8234878, -11.266629, -2.8919275]"
the pilot supplied him the tea .,a child fed a meal to us .,DO,PD,SUPPLY,FEED,THE,A,to,to,-41.38618469238281,"[-3.6242838, -6.2484465, -8.930973, -2.1173685, -5.1284785, -2.9649308, -9.322186, -3.0495179]"
the pilot supplied him the tea .,a child fed us a meal .,DO,DO,SUPPLY,FEED,THE,A,to,to,-36.08903503417969,"[-3.6242838, -6.2484465, -8.930973, -8.7786045, -2.7512777, -3.9794917, -1.7759557]"
the pilot supplied me the beer .,an adult found a salad for him .,DO,PD,SUPPLY,FIND,THE,A,to,for,-43.188697814941406,"[-5.6657076, -6.384546, -7.5229897, -2.4560277, -10.032322, -3.8674438, -5.698187, -1.5614766]"
the pilot supplied me the beer .,an adult found him a salad .,DO,DO,SUPPLY,FIND,THE,A,to,for,-39.42557144165039,"[-5.6657076, -6.384546, -7.5229897, -5.82428, -4.8454037, -7.9876833, -1.1949617]"
the pilot supplied the beer to me .,an adult found a salad for him .,PD,PD,SUPPLY,FIND,THE,A,to,for,-42.83911895751953,"[-5.6359944, -6.211919, -7.3239574, -2.4531932, -9.583961, -4.192754, -5.532913, -1.9044279]"
the pilot supplied the beer to me .,an adult found him a salad .,PD,DO,SUPPLY,FIND,THE,A,to,for,-40.47270202636719,"[-5.6359944, -6.211919, -7.3239574, -6.766628, -4.8599534, -7.986543, -1.687706]"
the pilot supplied the card to us .,a candidate drew a flower for you .,PD,PD,SUPPLY,DRAW,THE,A,to,for,-41.00066375732422,"[-3.5810275, -8.611397, -8.757398, -0.9985697, -8.47781, -3.3114462, -5.926585, -1.3364332]"
the pilot supplied the card to us .,a candidate drew you a flower .,PD,DO,SUPPLY,DRAW,THE,A,to,for,-44.106056213378906,"[-3.5810275, -8.611397, -8.757398, -9.453218, -2.387243, -9.200425, -2.1153517]"
the pilot supplied the coat to us .,an actress bought a coffee for you .,PD,PD,SUPPLY,BUY,THE,A,to,for,-39.500892639160156,"[-5.698865, -7.3411446, -6.9070807, -0.93523073, -7.115219, -4.0127125, -6.3790755, -1.1115665]"
the pilot supplied the coat to us .,an actress bought you a coffee .,PD,DO,SUPPLY,BUY,THE,A,to,for,-37.79096221923828,"[-5.698865, -7.3411446, -6.9070807, -8.529526, -0.84427726, -5.8024874, -2.6675813]"
the pilot supplied the newspaper to her .,a reader found a cheese for him .,PD,PD,SUPPLY,FIND,THE,A,to,for,-44.2583122253418,"[-3.6001403, -7.105504, -6.106511, -3.162514, -12.17218, -5.3639297, -5.588977, -1.1585538]"
the pilot supplied the newspaper to her .,a reader found him a cheese .,PD,DO,SUPPLY,FIND,THE,A,to,for,-44.22941589355469,"[-3.6001403, -7.105504, -6.106511, -8.669559, -4.1038084, -11.32301, -3.320884]"
the pilot supplied the newspaper to you .,a manager saved an anchor for me .,PD,PD,SUPPLY,SAVE,THE,A,to,for,-45.60369873046875,"[-3.5809302, -8.428265, -11.012325, -3.8301668, -8.300296, -3.3328888, -5.597238, -1.5215904]"
the pilot supplied the newspaper to you .,a manager saved me an anchor .,PD,DO,SUPPLY,SAVE,THE,A,to,for,-47.62965393066406,"[-3.5809302, -8.428265, -11.012325, -5.481434, -4.658208, -11.534153, -2.9343393]"
the pilot supplied the tea to him .,a child fed a meal to us .,PD,PD,SUPPLY,FEED,THE,A,to,to,-38.962501525878906,"[-3.60865, -6.1225324, -8.944308, -1.8978236, -4.914596, -0.8736732, -9.320077, -3.280839]"
the pilot supplied the tea to him .,a child fed us a meal .,PD,DO,SUPPLY,FEED,THE,A,to,to,-36.975669860839844,"[-3.60865, -6.1225324, -8.944308, -9.60493, -2.597106, -3.9687781, -2.1293666]"
the pilot supplied us the card .,a candidate drew a flower for you .,DO,PD,SUPPLY,DRAW,THE,A,to,for,-41.28943634033203,"[-3.610145, -8.672718, -8.550839, -1.0867772, -8.510198, -3.2354624, -6.4156294, -1.2076685]"
the pilot supplied us the card .,a candidate drew you a flower .,DO,DO,SUPPLY,DRAW,THE,A,to,for,-41.6326904296875,"[-3.610145, -8.672718, -8.550839, -9.065382, -1.187185, -9.126797, -1.4196243]"
the pilot supplied us the coat .,an actress bought a coffee for you .,DO,PD,SUPPLY,BUY,THE,A,to,for,-39.89811706542969,"[-5.705866, -7.2559967, -6.8300176, -1.1562774, -6.9622936, -4.0182343, -6.930844, -1.0385859]"
the pilot supplied us the coat .,an actress bought you a coffee .,DO,DO,SUPPLY,BUY,THE,A,to,for,-35.98303985595703,"[-5.705866, -7.2559967, -6.8300176, -7.1533012, -1.1864377, -5.885061, -1.9663577]"
the pilot supplied you the newspaper .,a manager saved an anchor for me .,DO,PD,SUPPLY,SAVE,THE,A,to,for,-42.58174514770508,"[-3.6077974, -8.466435, -10.190376, -3.8631177, -7.8404045, -3.1790347, -4.206881, -1.2276977]"
the pilot supplied you the newspaper .,a manager saved me an anchor .,DO,DO,SUPPLY,SAVE,THE,A,to,for,-43.10945510864258,"[-3.6077974, -8.466435, -10.190376, -4.120257, -4.019965, -10.607645, -2.0969796]"
the pilot threw him the card .,a lawyer sold a chicken to you .,DO,PD,THROW,SELL,THE,A,to,to,-41.86625289916992,"[-3.6651454, -6.6964946, -11.767361, -2.3420637, -7.2766733, -1.4688958, -6.949351, -1.7002673]"
the pilot threw him the card .,a lawyer sold you a chicken .,DO,DO,THROW,SELL,THE,A,to,to,-39.0574951171875,"[-3.6651454, -6.6964946, -11.767361, -6.7516394, -1.4732919, -7.204199, -1.4993658]"
the pilot threw me the button .,a king left a meal for us .,DO,PD,THROW,LEAVE,THE,A,to,for,-40.35066604614258,"[-3.67438, -9.931608, -7.359266, -2.328058, -9.267614, -1.7167028, -4.708932, -1.364105]"
the pilot threw me the button .,a king left us a meal .,DO,DO,THROW,LEAVE,THE,A,to,for,-37.33877944946289,"[-3.67438, -9.931608, -7.359266, -4.347765, -2.1736948, -8.475142, -1.3769244]"
the pilot threw me the television .,an actor showed a chicken to you .,DO,PD,THROW,SHOW,THE,A,to,to,-45.1693000793457,"[-5.671998, -6.401483, -7.0424385, -2.9538124, -8.813869, -5.1082096, -7.6469316, -1.5305576]"
the pilot threw me the television .,an actor showed you a chicken .,DO,DO,THROW,SHOW,THE,A,to,to,-38.920745849609375,"[-5.671998, -6.401483, -7.0424385, -6.708702, -1.6087654, -9.049531, -2.4378295]"
the pilot threw the button to me .,a king left a meal for us .,PD,PD,THROW,LEAVE,THE,A,to,for,-38.96051788330078,"[-3.5813324, -9.974925, -7.30341, -2.0997684, -9.093478, -1.4958993, -4.162342, -1.2493663]"
the pilot threw the button to me .,a king left us a meal .,PD,DO,THROW,LEAVE,THE,A,to,for,-38.02812194824219,"[-3.5813324, -9.974925, -7.30341, -4.9849625, -2.1023707, -8.249017, -1.8321035]"
the pilot threw the button to them .,a chief saved a pot for you .,PD,PD,THROW,SAVE,THE,A,to,for,-49.705894470214844,"[-3.5996804, -9.075632, -14.85375, -1.9578863, -8.329604, -4.402217, -6.2957916, -1.1913311]"
the pilot threw the button to them .,a chief saved you a pot .,PD,DO,THROW,SAVE,THE,A,to,for,-49.482933044433594,"[-3.5996804, -9.075632, -14.85375, -7.288259, -3.4489698, -8.058937, -3.1577015]"
the pilot threw the card to him .,a lawyer sold a chicken to you .,PD,PD,THROW,SELL,THE,A,to,to,-40.93046188354492,"[-3.5957763, -6.776952, -11.7635, -1.6756775, -7.3062544, -0.8808734, -7.3398952, -1.5915347]"
the pilot threw the card to him .,a lawyer sold you a chicken .,PD,DO,THROW,SELL,THE,A,to,to,-40.016502380371094,"[-3.5957763, -6.776952, -11.7635, -7.3408346, -0.9938655, -7.590399, -1.9551731]"
the pilot threw the tea to us .,a bishop caught a log for him .,PD,PD,THROW,CATCH,THE,A,to,for,-46.54216384887695,"[-3.5922441, -9.366623, -7.562704, -4.095763, -10.516748, -4.1387024, -5.700822, -1.5685563]"
the pilot threw the tea to us .,a bishop caught him a log .,PD,DO,THROW,CATCH,THE,A,to,for,-45.95426940917969,"[-3.5922441, -9.366623, -7.562704, -7.2577295, -6.485394, -9.5745, -2.1150725]"
the pilot threw the television to me .,an actor showed a chicken to you .,PD,PD,THROW,SHOW,THE,A,to,to,-41.7034912109375,"[-5.6499033, -6.43707, -7.1207676, -2.3510194, -8.531778, -2.7548552, -7.7646613, -1.0934368]"
the pilot threw the television to me .,an actor showed you a chicken .,PD,DO,THROW,SHOW,THE,A,to,to,-39.16310119628906,"[-5.6499033, -6.43707, -7.1207676, -6.62711, -1.6122991, -9.0493355, -2.6666152]"
the pilot threw the television to us .,a teacher kept a tea for it .,PD,PD,THROW,KEEP,THE,A,to,for,-45.73992919921875,"[-3.5858324, -6.946207, -8.241632, -2.4156156, -9.492494, -5.4746532, -8.273791, -1.3097069]"
the pilot threw the television to us .,a teacher kept it a tea .,PD,DO,THROW,KEEP,THE,A,to,for,-44.01140594482422,"[-3.5858324, -6.946207, -8.241632, -5.7460885, -2.3743122, -13.172932, -3.9444027]"
the pilot threw the television to us .,an adult sold a salad to you .,PD,PD,THROW,SELL,THE,A,to,to,-43.822750091552734,"[-5.6529083, -6.2770243, -10.34557, -1.7676241, -9.716564, -1.1322016, -7.6448216, -1.2860391]"
the pilot threw the television to us .,an adult sold you a salad .,PD,DO,THROW,SELL,THE,A,to,to,-39.25389862060547,"[-5.6529083, -6.2770243, -10.34557, -6.3391695, -1.0663681, -8.069591, -1.5032699]"
the pilot threw them the button .,a chief saved a pot for you .,DO,PD,THROW,SAVE,THE,A,to,for,-50.26844787597656,"[-3.635506, -9.058648, -14.702509, -2.504409, -8.374634, -4.3757467, -6.4621725, -1.1548232]"
the pilot threw them the button .,a chief saved you a pot .,DO,DO,THROW,SAVE,THE,A,to,for,-48.54170608520508,"[-3.635506, -9.058648, -14.702509, -6.960105, -3.1938024, -8.177759, -2.813377]"
the pilot threw us the tea .,a bishop caught a log for him .,DO,PD,THROW,CATCH,THE,A,to,for,-46.324947357177734,"[-3.6507258, -9.472862, -7.2035103, -4.065484, -10.28973, -4.5944796, -5.752278, -1.2958776]"
the pilot threw us the tea .,a bishop caught him a log .,DO,DO,THROW,CATCH,THE,A,to,for,-44.33323287963867,"[-3.6507258, -9.472862, -7.2035103, -6.580142, -6.172102, -10.058632, -1.1952583]"
the pilot threw us the television .,a teacher kept a tea for it .,DO,PD,THROW,KEEP,THE,A,to,for,-47.10649490356445,"[-3.66047, -6.868059, -8.003028, -3.2299256, -9.41421, -6.081751, -8.556865, -1.2921876]"
the pilot threw us the television .,a teacher kept it a tea .,DO,DO,THROW,KEEP,THE,A,to,for,-43.993141174316406,"[-3.66047, -6.868059, -8.003028, -6.006211, -2.569763, -13.592997, -3.2926166]"
the pilot threw us the television .,an adult sold a salad to you .,DO,PD,THROW,SELL,THE,A,to,to,-45.4483528137207,"[-5.6819134, -6.2546396, -10.34524, -2.1022367, -9.628798, -1.9923527, -7.7827253, -1.660448]"
the pilot threw us the television .,an adult sold you a salad .,DO,DO,THROW,SELL,THE,A,to,to,-37.85846710205078,"[-5.6819134, -6.2546396, -10.34524, -5.3322287, -1.0977873, -7.844372, -1.3022854]"
the pilot took him the engine .,an aunt left a beer for me .,DO,PD,TAKE,LEAVE,THE,A,to,for,-39.278717041015625,"[-5.654267, -8.275558, -6.7708035, -1.627007, -8.264045, -3.0811212, -4.1944184, -1.4114964]"
the pilot took him the engine .,an aunt left me a beer .,DO,DO,TAKE,LEAVE,THE,A,to,for,-33.842445373535156,"[-5.654267, -8.275558, -6.7708035, -3.9192033, -1.0218165, -6.7544565, -1.4463427]"
the pilot took him the gun .,an adult bought an engine for me .,DO,PD,TAKE,BUY,THE,A,to,for,-42.93993377685547,"[-5.6677556, -6.215235, -8.767113, -3.4791298, -8.422842, -1.645176, -7.548366, -1.1943142]"
the pilot took him the gun .,an adult bought me an engine .,DO,DO,TAKE,BUY,THE,A,to,for,-38.49980163574219,"[-5.6677556, -6.215235, -8.767113, -4.778002, -3.2516356, -8.798195, -1.0218666]"
the pilot took him the hat .,a father sent a cup to you .,DO,PD,TAKE,SEND,THE,A,to,to,-40.674293518066406,"[-3.6231086, -6.7353916, -6.6521025, -1.8114059, -8.866974, -3.0451243, -8.633574, -1.3066106]"
the pilot took him the hat .,a father sent you a cup .,DO,DO,TAKE,SEND,THE,A,to,to,-35.948577880859375,"[-3.6231086, -6.7353916, -6.6521025, -7.766627, -1.1693162, -6.461191, -3.5408416]"
the pilot took him the log .,a guest got a juice for you .,DO,PD,TAKE,GET,THE,A,to,for,-44.78669738769531,"[-3.5937421, -7.847801, -10.832182, -2.0009675, -10.92251, -3.1302586, -5.4787946, -0.98044395]"
the pilot took him the log .,a guest got you a juice .,DO,DO,TAKE,GET,THE,A,to,for,-40.60302734375,"[-3.5937421, -7.847801, -10.832182, -5.204682, -1.3028649, -9.871641, -1.9501153]"
the pilot took me the log .,an administration designed a cup for it .,DO,PD,TAKE,DESIGN,THE,A,to,for,-50.1815185546875,"[-5.6949077, -8.757007, -10.101734, -4.127323, -11.24887, -2.9508665, -6.471865, -0.8289447]"
the pilot took me the log .,an administration designed it a cup .,DO,DO,TAKE,DESIGN,THE,A,to,for,-52.509639739990234,"[-5.6949077, -8.757007, -10.101734, -6.060483, -6.398706, -11.964792, -3.5320134]"
the pilot took the engine to him .,an aunt left a beer for me .,PD,PD,TAKE,LEAVE,THE,A,to,for,-39.76737594604492,"[-5.6710753, -8.412017, -6.7088203, -1.3866767, -8.166894, -3.5811057, -4.6323214, -1.2084663]"
the pilot took the engine to him .,an aunt left me a beer .,PD,DO,TAKE,LEAVE,THE,A,to,for,-35.41238021850586,"[-5.6710753, -8.412017, -6.7088203, -4.634651, -1.3474305, -7.040391, -1.5979962]"
the pilot took the engine to us .,an uncle brought an anchor to you .,PD,PD,TAKE,BRING,THE,A,to,to,-41.04313659667969,"[-5.6929274, -8.315071, -7.4017043, -4.43876, -7.9627957, -0.52298117, -5.9982505, -0.7106477]"
the pilot took the engine to us .,an uncle brought you an anchor .,PD,DO,TAKE,BRING,THE,A,to,to,-42.42545700073242,"[-5.6929274, -8.315071, -7.4017043, -5.6461277, -4.065531, -9.475611, -1.8284829]"
the pilot took the guitar to them .,a mother drew an iron for us .,PD,PD,TAKE,DRAW,THE,A,to,for,-43.64344787597656,"[-3.5606766, -6.068678, -8.442831, -3.491699, -5.989166, -7.762745, -6.9364443, -1.3912098]"
the pilot took the guitar to them .,a mother drew us an iron .,PD,DO,TAKE,DRAW,THE,A,to,for,-42.293800354003906,"[-3.5606766, -6.068678, -8.442831, -7.963295, -4.1585865, -7.6782546, -4.4214807]"
the pilot took the guitar to us .,a bishop sold a juice to them .,PD,PD,TAKE,SELL,THE,A,to,to,-49.667301177978516,"[-3.5596821, -9.700722, -11.270884, -1.8142216, -12.653894, -3.1510675, -6.5276423, -0.9891889]"
the pilot took the guitar to us .,a bishop sold them a juice .,PD,DO,TAKE,SELL,THE,A,to,to,-47.082786560058594,"[-3.5596821, -9.700722, -11.270884, -6.2123632, -2.4386258, -10.560512, -3.3399954]"
the pilot took the gun to him .,an adult bought an engine for me .,PD,PD,TAKE,BUY,THE,A,to,for,-42.13227844238281,"[-5.69454, -6.1852493, -8.843734, -3.2376118, -8.508475, -1.5819293, -7.0042534, -1.076483]"
the pilot took the gun to him .,an adult bought me an engine .,PD,DO,TAKE,BUY,THE,A,to,for,-39.40846252441406,"[-5.69454, -6.1852493, -8.843734, -5.306711, -3.209439, -8.900064, -1.2687266]"
the pilot took the hat to him .,a father sent a cup to you .,PD,PD,TAKE,SEND,THE,A,to,to,-38.597930908203125,"[-3.574759, -6.7024717, -6.954857, -1.2245746, -8.9988985, -2.104619, -7.8772674, -1.160484]"
the pilot took the hat to him .,a father sent you a cup .,PD,DO,TAKE,SEND,THE,A,to,to,-38.00859069824219,"[-3.574759, -6.7024717, -6.954857, -8.048386, -1.043774, -7.5687423, -4.1155996]"
the pilot took the log to him .,a guest got a juice for you .,PD,PD,TAKE,GET,THE,A,to,for,-43.224185943603516,"[-3.568409, -7.803086, -10.703751, -1.3912431, -11.007278, -2.9880538, -4.8197803, -0.9425851]"
the pilot took the log to him .,a guest got you a juice .,PD,DO,TAKE,GET,THE,A,to,for,-41.38311004638672,"[-3.568409, -7.803086, -10.703751, -5.9387407, -1.4909678, -9.465251, -2.4129038]"
the pilot took the log to me .,an administration designed a cup for it .,PD,PD,TAKE,DESIGN,THE,A,to,for,-48.7327995300293,"[-5.6945496, -8.701117, -10.465587, -3.422046, -11.054741, -2.5521243, -6.067217, -0.77541983]"
the pilot took the log to me .,an administration designed it a cup .,PD,DO,TAKE,DESIGN,THE,A,to,for,-52.28517150878906,"[-5.6945496, -8.701117, -10.465587, -5.511523, -6.340138, -12.214232, -3.3580253]"
the pilot took the log to us .,a teacher got a salad for you .,PD,PD,TAKE,GET,THE,A,to,for,-40.86956024169922,"[-3.5474234, -7.1681566, -7.377428, -1.0741796, -12.849733, -2.4067593, -5.5303082, -0.91557395]"
the pilot took the log to us .,a teacher got you a salad .,PD,DO,TAKE,GET,THE,A,to,for,-39.93086242675781,"[-3.5474234, -7.1681566, -7.377428, -8.705226, -1.1738483, -10.487928, -1.4708498]"
the pilot took the log to you .,an uncle made a cigarette for me .,PD,PD,TAKE,MAKE,THE,A,to,for,-38.39479064941406,"[-5.6969156, -8.466173, -7.415056, -1.0289558, -9.45476, -3.4379015, -1.9969797, -0.89804846]"
the pilot took the log to you .,an uncle made me a cigarette .,PD,DO,TAKE,MAKE,THE,A,to,for,-35.90605545043945,"[-5.6969156, -8.466173, -7.415056, -5.06537, -1.2538064, -7.1971054, -0.81162816]"
the pilot took the log to you .,a mother sent a juice to us .,PD,PD,TAKE,SEND,THE,A,to,to,-41.36419677734375,"[-3.5351055, -6.1232424, -7.2598457, -0.91073793, -13.926728, -2.2979627, -5.9669514, -1.3436214]"
the pilot took the log to you .,a mother sent us a juice .,PD,DO,TAKE,SEND,THE,A,to,to,-40.804466247558594,"[-3.5351055, -6.1232424, -7.2598457, -4.5660763, -1.1868227, -13.475534, -4.657837]"
the pilot took them the guitar .,a mother drew an iron for us .,DO,PD,TAKE,DRAW,THE,A,to,for,-43.548118591308594,"[-3.587017, -6.061987, -8.3153305, -3.5840511, -6.1592317, -7.618904, -6.7495775, -1.4720198]"
the pilot took them the guitar .,a mother drew us an iron .,DO,DO,TAKE,DRAW,THE,A,to,for,-39.83967590332031,"[-3.587017, -6.061987, -8.3153305, -7.222913, -3.3801494, -7.7846766, -3.4876032]"
the pilot took us the engine .,an uncle brought an anchor to you .,DO,PD,TAKE,BRING,THE,A,to,to,-43.21569061279297,"[-5.6894855, -8.333103, -7.3944263, -4.9323554, -8.224525, -0.8630724, -6.7685637, -1.0101552]"
the pilot took us the engine .,an uncle brought you an anchor .,DO,DO,TAKE,BRING,THE,A,to,to,-41.278053283691406,"[-5.6894855, -8.333103, -7.3944263, -5.0711207, -3.9079714, -9.322526, -1.5594193]"
the pilot took us the guitar .,a bishop sold a juice to them .,DO,PD,TAKE,SELL,THE,A,to,to,-51.60567855834961,"[-3.592354, -9.591122, -11.124344, -1.9409649, -12.8222065, -3.8859148, -7.52367, -1.1251028]"
the pilot took us the guitar .,a bishop sold them a juice .,DO,DO,TAKE,SELL,THE,A,to,to,-44.39942932128906,"[-3.592354, -9.591122, -11.124344, -5.7828493, -1.9036374, -10.19237, -2.2127533]"
the pilot took us the log .,a teacher got a salad for you .,DO,PD,TAKE,GET,THE,A,to,for,-41.009639739990234,"[-3.5889888, -7.16843, -7.0119147, -1.4837471, -12.470566, -2.672089, -5.571665, -1.0422401]"
the pilot took us the log .,a teacher got you a salad .,DO,DO,TAKE,GET,THE,A,to,for,-38.114097595214844,"[-3.5889888, -7.16843, -7.0119147, -7.4902034, -0.864, -10.897198, -1.0933619]"
the pilot took you the log .,an uncle made a cigarette for me .,DO,PD,TAKE,MAKE,THE,A,to,for,-37.06381607055664,"[-5.7086, -8.567649, -7.1413617, -1.0419242, -8.912914, -3.684504, -1.1044661, -0.9023976]"
the pilot took you the log .,an uncle made me a cigarette .,DO,DO,TAKE,MAKE,THE,A,to,for,-32.61347579956055,"[-5.7086, -8.567649, -7.1413617, -3.2197483, -1.190944, -6.1351233, -0.6500499]"
the pilot took you the log .,a mother sent a juice to us .,DO,PD,TAKE,SEND,THE,A,to,to,-41.872283935546875,"[-3.552534, -6.3002453, -7.1087885, -1.2025266, -13.686904, -2.7064333, -5.813459, -1.501396]"
the pilot took you the log .,a mother sent us a juice .,DO,DO,TAKE,SEND,THE,A,to,to,-38.84668731689453,"[-3.552534, -6.3002453, -7.1087885, -3.4247508, -1.3624654, -13.339922, -3.7579818]"
the president bought him the cheese .,a chief delivered a flower for you .,DO,PD,BUY,DELIVER,THE,A,for,for,-47.87409591674805,"[-3.6232357, -8.342084, -13.034696, -0.8936008, -10.071707, -4.5158377, -6.1820154, -1.2109193]"
the president bought him the cheese .,a chief delivered you a flower .,DO,DO,BUY,DELIVER,THE,A,for,for,-44.664710998535156,"[-3.6232357, -8.342084, -13.034696, -8.854456, -1.4169883, -8.417619, -0.9756334]"
the president bought him the chicken .,a teacher made a log for me .,DO,PD,BUY,MAKE,THE,A,for,for,-37.93878173828125,"[-3.6185122, -6.9932413, -6.4375734, -1.1551011, -10.714069, -3.4905264, -4.0488462, -1.4809108]"
the president bought him the chicken .,a teacher made me a log .,DO,DO,BUY,MAKE,THE,A,for,for,-35.35652542114258,"[-3.6185122, -6.9932413, -6.4375734, -5.5764723, -2.0139527, -10.071386, -0.6453863]"
the president bought it the chicken .,a professor saved a bell for you .,DO,PD,BUY,SAVE,THE,A,for,for,-45.90818786621094,"[-3.6077225, -7.3644714, -11.446493, -1.8623387, -11.13039, -3.86998, -5.842371, -0.78442323]"
the president bought it the chicken .,a professor saved you a bell .,DO,DO,BUY,SAVE,THE,A,for,for,-43.946876525878906,"[-3.6077225, -7.3644714, -11.446493, -7.273027, -2.402978, -10.854118, -0.99806714]"
the president bought it the coffee .,a doctor found a candy for you .,DO,PD,BUY,FIND,THE,A,for,for,-38.5914306640625,"[-3.6243641, -7.129609, -5.7188687, -1.8346689, -9.048817, -4.4459314, -5.5442533, -1.2449187]"
the president bought it the coffee .,a doctor found you a candy .,DO,DO,BUY,FIND,THE,A,for,for,-37.545066833496094,"[-3.6243641, -7.129609, -5.7188687, -9.000513, -2.858927, -7.6165776, -1.5962043]"
the president bought the cheese for him .,a chief delivered a flower for you .,PD,PD,BUY,DELIVER,THE,A,for,for,-44.54889678955078,"[-3.592955, -8.434435, -12.801076, -0.88756835, -9.28876, -2.4592807, -6.0624003, -1.0224214]"
the president bought the cheese for him .,a chief delivered you a flower .,PD,DO,BUY,DELIVER,THE,A,for,for,-44.502296447753906,"[-3.592955, -8.434435, -12.801076, -9.3519125, -1.0102305, -7.9938707, -1.3178139]"
the president bought the chicken for him .,a teacher made a log for me .,PD,PD,BUY,MAKE,THE,A,for,for,-36.500038146972656,"[-3.5761437, -6.918665, -6.471908, -1.106268, -10.347124, -2.8444524, -4.065152, -1.1703274]"
the president bought the chicken for him .,a teacher made me a log .,PD,DO,BUY,MAKE,THE,A,for,for,-35.88349151611328,"[-3.5761437, -6.918665, -6.471908, -6.156315, -2.1590047, -9.530494, -1.0709628]"
the president bought the chicken for it .,a professor saved a bell for you .,PD,PD,BUY,SAVE,THE,A,for,for,-44.87598419189453,"[-3.5759714, -7.4185257, -11.491887, -1.4946196, -11.269632, -2.6015937, -6.2384806, -0.7852737]"
the president bought the chicken for it .,a professor saved you a bell .,PD,DO,BUY,SAVE,THE,A,for,for,-46.037010192871094,"[-3.5759714, -7.4185257, -11.491887, -8.103855, -2.9558666, -11.102922, -1.3879808]"
the president bought the chicken for you .,an uncle promised a cigarette to him .,PD,PD,BUY,PROMISE,THE,A,for,to,-43.18341827392578,"[-5.69004, -7.912247, -9.840851, -2.5532408, -9.596972, -1.4810866, -4.460809, -1.6481702]"
the president bought the chicken for you .,an uncle promised him a cigarette .,PD,DO,BUY,PROMISE,THE,A,for,to,-38.386383056640625,"[-5.69004, -7.912247, -9.840851, -4.16251, -1.3639038, -7.762451, -1.6543808]"
the president bought the coffee for it .,a doctor found a candy for you .,PD,PD,BUY,FIND,THE,A,for,for,-36.427940368652344,"[-3.5886793, -7.2017593, -5.622269, -1.5607337, -8.970805, -2.7820187, -5.7236, -0.9780769]"
the president bought the coffee for it .,a doctor found you a candy .,PD,DO,BUY,FIND,THE,A,for,for,-38.14883041381836,"[-3.5886793, -7.2017593, -5.622269, -9.346102, -2.99897, -7.371818, -2.019231]"
the president bought the pie for you .,an attorney promised a beer to me .,PD,PD,BUY,PROMISE,THE,A,for,to,-41.930419921875,"[-5.720394, -5.1643496, -10.849676, -2.151876, -9.549957, -2.0846949, -5.0700226, -1.3394485]"
the president bought the pie for you .,an attorney promised me a beer .,PD,DO,BUY,PROMISE,THE,A,for,to,-39.32360076904297,"[-5.720394, -5.1643496, -10.849676, -6.137338, -1.5407786, -7.927028, -1.9840345]"
the president bought you the chicken .,an uncle promised a cigarette to him .,DO,PD,BUY,PROMISE,THE,A,for,to,-43.331138610839844,"[-5.712757, -7.9492307, -9.662162, -2.5648112, -9.508559, -1.4540894, -4.7795715, -1.6999557]"
the president bought you the chicken .,an uncle promised him a cigarette .,DO,DO,BUY,PROMISE,THE,A,for,to,-36.92057800292969,"[-5.712757, -7.9492307, -9.662162, -3.6098704, -1.3566053, -7.2966805, -1.3332732]"
the president bought you the pie .,an attorney promised a beer to me .,DO,PD,BUY,PROMISE,THE,A,for,to,-40.539039611816406,"[-5.734668, -4.984475, -10.49662, -2.278322, -9.329299, -1.9545264, -4.5957794, -1.1653508]"
the president bought you the pie .,an attorney promised me a beer .,DO,DO,BUY,PROMISE,THE,A,for,to,-35.49120330810547,"[-5.734668, -4.984475, -10.49662, -4.2665443, -1.6766529, -7.1390166, -1.1932262]"
the president brought it the beer .,a chief kept a salad for you .,DO,PD,BRING,KEEP,THE,A,to,for,-48.132911682128906,"[-3.542995, -8.25164, -10.965981, -2.1732745, -11.923906, -3.125063, -7.1105986, -1.0394502]"
the president brought it the beer .,a chief kept you a salad .,DO,DO,BRING,KEEP,THE,A,to,for,-45.660308837890625,"[-3.542995, -8.25164, -10.965981, -5.9776874, -4.6378803, -11.070074, -1.2140511]"
the president brought me the candy .,a soldier promised a flower to us .,DO,PD,BRING,PROMISE,THE,A,to,to,-44.63426208496094,"[-3.5935647, -6.842046, -11.894168, -2.380919, -10.330658, -2.1660814, -6.299121, -1.1277034]"
the president brought me the candy .,a soldier promised us a flower .,DO,DO,BRING,PROMISE,THE,A,to,to,-40.083457946777344,"[-3.5935647, -6.842046, -11.894168, -5.0413375, -1.9840944, -9.857655, -0.87059236]"
the president brought the beer to it .,a chief kept a salad for you .,PD,PD,BRING,KEEP,THE,A,to,for,-46.90393829345703,"[-3.5294065, -8.419955, -10.6192665, -1.8325647, -11.148036, -3.6429236, -6.6518583, -1.0599289]"
the president brought the beer to it .,a chief kept you a salad .,PD,DO,BRING,KEEP,THE,A,to,for,-46.380218505859375,"[-3.5294065, -8.419955, -10.6192665, -6.3586793, -5.2491164, -10.545794, -1.6580011]"
the president brought the beer to them .,a colonel took a telephone to us .,PD,PD,BRING,TAKE,THE,A,to,to,-43.16681671142578,"[-3.51623, -11.163218, -5.8298354, -1.3547297, -8.349176, -5.9182286, -6.38797, -0.64743024]"
the president brought the beer to them .,a colonel took us a telephone .,PD,DO,BRING,TAKE,THE,A,to,to,-44.731353759765625,"[-3.51623, -11.163218, -5.8298354, -5.604746, -4.7830305, -9.193802, -4.6404896]"
the president brought the beer to them .,a champion bought a pot for me .,PD,PD,BRING,BUY,THE,A,to,for,-43.41877365112305,"[-3.51623, -9.886478, -11.748515, -0.8371662, -7.416694, -3.2326887, -5.7756724, -1.0053312]"
the president brought the beer to them .,a champion bought me a pot .,PD,DO,BRING,BUY,THE,A,to,for,-41.81623840332031,"[-3.51623, -9.886478, -11.748515, -6.236036, -0.4475697, -6.987626, -2.9937813]"
the president brought the beer to you .,a bishop sold a juice to them .,PD,PD,BRING,SELL,THE,A,to,to,-48.35411834716797,"[-3.4948962, -9.687223, -11.647016, -1.7826468, -11.576203, -1.8897967, -7.332707, -0.9436284]"
the president brought the beer to you .,a bishop sold them a juice .,PD,DO,BRING,SELL,THE,A,to,to,-44.75239562988281,"[-3.4948962, -9.687223, -11.647016, -6.429708, -2.1599157, -9.271617, -2.0620208]"
the president brought the candy to me .,a soldier promised a flower to us .,PD,PD,BRING,PROMISE,THE,A,to,to,-42.728145599365234,"[-3.5411966, -6.9712496, -12.027916, -2.1323793, -10.217099, -1.0077634, -5.8980765, -0.93246615]"
the president brought the candy to me .,a soldier promised us a flower .,PD,DO,BRING,PROMISE,THE,A,to,to,-41.5478515625,"[-3.5411966, -6.9712496, -12.027916, -6.2912354, -1.7028127, -9.74204, -1.2713995]"
the president brought the coffee to us .,a worker drew an engine for you .,PD,PD,BRING,DRAW,THE,A,to,for,-44.32168197631836,"[-3.512865, -6.512238, -10.501865, -3.7359567, -6.5078125, -4.2875786, -8.268254, -0.9951131]"
the president brought the coffee to us .,a worker drew you an engine .,PD,DO,BRING,DRAW,THE,A,to,for,-46.898582458496094,"[-3.512865, -6.512238, -10.501865, -10.725332, -5.3608603, -8.93151, -1.3539103]"
the president brought the coffee to us .,a sheriff made a flower for you .,PD,PD,BRING,MAKE,THE,A,to,for,-40.082427978515625,"[-3.512865, -8.347221, -8.012517, -1.1673071, -10.196267, -3.2916532, -4.8713894, -0.68320715]"
the president brought the coffee to us .,a sheriff made you a flower .,PD,DO,BRING,MAKE,THE,A,to,for,-37.76921081542969,"[-3.512865, -8.347221, -8.012517, -7.849, -1.7587998, -7.3531694, -0.93563616]"
the president brought the coffee to us .,a colonel sold a bottle to them .,PD,PD,BRING,SELL,THE,A,to,to,-42.40380859375,"[-3.512865, -11.258402, -10.561073, -2.1794257, -5.450886, -2.2838259, -6.4655037, -0.6918266]"
the president brought the coffee to us .,a colonel sold them a bottle .,PD,DO,BRING,SELL,THE,A,to,to,-40.773258209228516,"[-3.512865, -11.258402, -10.561073, -6.149756, -2.3668003, -3.4016688, -3.5226932]"
the president brought the coffee to you .,a priest drew a key for us .,PD,PD,BRING,DRAW,THE,A,to,for,-43.67365264892578,"[-3.4985538, -8.404364, -8.701867, -0.9157162, -8.006639, -5.0629025, -7.7411804, -1.342431]"
the president brought the coffee to you .,a priest drew us a key .,PD,DO,BRING,DRAW,THE,A,to,for,-40.83263397216797,"[-3.4985538, -8.404364, -8.701867, -8.109932, -2.362972, -7.8944416, -1.8605016]"
the president brought the coffee to you .,a sheriff sold a beer to him .,PD,PD,BRING,SELL,THE,A,to,to,-37.728721618652344,"[-3.4985538, -8.442655, -11.608112, -1.6002427, -6.307639, -0.43921727, -4.8691354, -0.96316934]"
the president brought the coffee to you .,a sheriff sold him a beer .,PD,DO,BRING,SELL,THE,A,to,to,-34.498016357421875,"[-3.4985538, -8.442655, -11.608112, -4.470352, -1.0893328, -4.168554, -1.2204542]"
the president brought them the beer .,a colonel took a telephone to us .,DO,PD,BRING,TAKE,THE,A,to,to,-45.24863815307617,"[-3.5688744, -10.942098, -5.7545514, -1.6868539, -7.8163395, -6.786137, -7.7028236, -0.9909607]"
the president brought them the beer .,a colonel took us a telephone .,DO,DO,BRING,TAKE,THE,A,to,to,-41.12986755371094,"[-3.5688744, -10.942098, -5.7545514, -5.263844, -3.1168768, -8.232134, -4.2514877]"
the president brought them the beer .,a champion bought a pot for me .,DO,PD,BRING,BUY,THE,A,to,for,-44.304237365722656,"[-3.5688744, -9.742341, -11.730133, -1.0161422, -7.7828865, -3.6612802, -5.7071776, -1.0954016]"
the president brought them the beer .,a champion bought me a pot .,DO,DO,BRING,BUY,THE,A,to,for,-41.29529571533203,"[-3.5688744, -9.742341, -11.730133, -5.70694, -0.5524949, -7.3099985, -2.684513]"
the president brought us the coffee .,a worker drew an engine for you .,DO,PD,BRING,DRAW,THE,A,to,for,-45.600494384765625,"[-3.5344858, -6.8354588, -10.389848, -3.5840383, -7.5459986, -4.2217607, -8.444655, -1.0442519]"
the president brought us the coffee .,a worker drew you an engine .,DO,DO,BRING,DRAW,THE,A,to,for,-45.8870849609375,"[-3.5344858, -6.8354588, -10.389848, -10.215107, -5.5078363, -8.35849, -1.0458591]"
the president brought us the coffee .,a sheriff made a flower for you .,DO,PD,BRING,MAKE,THE,A,to,for,-40.516258239746094,"[-3.5344858, -8.238298, -7.877364, -1.1642113, -10.557033, -3.505068, -4.9630733, -0.67672795]"
the president brought us the coffee .,a sheriff made you a flower .,DO,DO,BRING,MAKE,THE,A,to,for,-36.62065124511719,"[-3.5344858, -8.238298, -7.877364, -6.7179947, -1.7156541, -7.891411, -0.6454458]"
the president brought us the coffee .,a colonel sold a bottle to them .,DO,PD,BRING,SELL,THE,A,to,to,-45.24619674682617,"[-3.5344858, -11.103384, -10.467505, -2.0256803, -6.1244774, -3.3312514, -7.7423153, -0.9170969]"
the president brought us the coffee .,a colonel sold them a bottle .,DO,DO,BRING,SELL,THE,A,to,to,-40.457244873046875,"[-3.5344858, -11.103384, -10.467505, -5.7949734, -2.8994164, -3.7241418, -2.9333358]"
the president brought you the beer .,a bishop sold a juice to them .,DO,PD,BRING,SELL,THE,A,to,to,-51.68328094482422,"[-3.5309124, -9.456998, -11.607856, -1.7012818, -12.562801, -3.605588, -8.229244, -0.98859966]"
the president brought you the beer .,a bishop sold them a juice .,DO,DO,BRING,SELL,THE,A,to,to,-44.5630989074707,"[-3.5309124, -9.456998, -11.607856, -6.395755, -2.0728114, -9.954422, -1.5443456]"
the president brought you the coffee .,a priest drew a key for us .,DO,PD,BRING,DRAW,THE,A,to,for,-43.52490234375,"[-3.5412662, -8.4042845, -8.499441, -1.0241084, -8.365212, -4.4134245, -7.6608543, -1.6163114]"
the president brought you the coffee .,a priest drew us a key .,DO,DO,BRING,DRAW,THE,A,to,for,-41.81572341918945,"[-3.5412662, -8.4042845, -8.499441, -7.7897143, -3.5844462, -8.471865, -1.5247055]"
the president brought you the coffee .,a sheriff sold a beer to him .,DO,PD,BRING,SELL,THE,A,to,to,-39.54959487915039,"[-3.5412662, -8.276412, -11.440443, -1.618956, -6.955638, -0.9584038, -5.696045, -1.0624323]"
the president brought you the coffee .,a sheriff sold him a beer .,DO,DO,BRING,SELL,THE,A,to,to,-33.522743225097656,"[-3.5412662, -8.276412, -11.440443, -4.061211, -1.1137369, -4.1496553, -0.94001645]"
the president caught him the bell .,a boy purchased a beer for it .,DO,PD,CATCH,PURCHASE,THE,A,for,for,-39.17230224609375,"[-3.5506482, -6.9096003, -10.606621, -0.83259684, -5.33102, -2.3044515, -7.9381227, -1.6992393]"
the president caught him the bell .,a boy purchased it a beer .,DO,DO,CATCH,PURCHASE,THE,A,for,for,-44.23369598388672,"[-3.5506482, -6.9096003, -10.606621, -6.3675156, -5.298756, -8.711182, -2.789373]"
the president caught him the wire .,a manager saved a candy for me .,DO,PD,CATCH,SAVE,THE,A,for,for,-47.970664978027344,"[-3.5661879, -8.393009, -11.235412, -2.308737, -10.851465, -5.571991, -4.8628144, -1.181051]"
the president caught him the wire .,a manager saved me a candy .,DO,DO,CATCH,SAVE,THE,A,for,for,-44.44467544555664,"[-3.5661879, -8.393009, -11.235412, -5.9769354, -2.0916662, -10.2579, -2.9235651]"
the president caught me the bell .,a colonel brought a tea to you .,DO,PD,CATCH,BRING,THE,A,for,to,-41.72703552246094,"[-3.5303764, -10.845512, -7.9041424, -1.7829394, -7.9516573, -1.2964827, -7.3170767, -1.0988505]"
the president caught me the bell .,a colonel brought you a tea .,DO,DO,CATCH,BRING,THE,A,for,to,-38.041954040527344,"[-3.5303764, -10.845512, -7.9041424, -5.1517215, -1.722777, -7.8446617, -1.0427629]"
the president caught me the television .,a girl brought a coffee to her .,DO,PD,CATCH,BRING,THE,A,for,to,-31.165483474731445,"[-3.5635648, -6.9740467, -7.914887, -1.394476, -6.292179, -0.7892249, -2.3450966, -1.892009]"
the president caught me the television .,a girl brought her a coffee .,DO,DO,CATCH,BRING,THE,A,for,to,-32.53794860839844,"[-3.5635648, -6.9740467, -7.914887, -2.3750992, -5.6661544, -4.9942, -1.049999]"
the president caught me the wire .,a winner fed a cheese to it .,DO,PD,CATCH,FEED,THE,A,for,to,-47.43570327758789,"[-3.5417736, -10.582228, -12.098043, -2.150576, -7.7978683, -3.059618, -7.1187057, -1.0868925]"
the president caught me the wire .,a winner fed it a cheese .,DO,DO,CATCH,FEED,THE,A,for,to,-42.55341339111328,"[-3.5417736, -10.582228, -12.098043, -5.1731734, -2.35069, -6.298359, -2.5091465]"
the president caught the bell for him .,a boy purchased a beer for it .,PD,PD,CATCH,PURCHASE,THE,A,for,for,-37.96083068847656,"[-3.5541139, -6.6466866, -10.86032, -0.72969896, -5.421708, -1.9622538, -7.651997, -1.1340542]"
the president caught the bell for him .,a boy purchased it a beer .,PD,DO,CATCH,PURCHASE,THE,A,for,for,-44.38977813720703,"[-3.5541139, -6.6466866, -10.86032, -6.421426, -6.002923, -8.161341, -2.742967]"
the president caught the bell for me .,a colonel brought a tea to you .,PD,PD,CATCH,BRING,THE,A,for,to,-41.937599182128906,"[-3.5468023, -10.761132, -8.073778, -1.6769205, -7.9270816, -1.5477717, -7.389559, -1.0145552]"
the president caught the bell for me .,a colonel brought you a tea .,PD,DO,CATCH,BRING,THE,A,for,to,-38.45515441894531,"[-3.5468023, -10.761132, -8.073778, -5.5873094, -1.9602904, -7.3099685, -1.2158726]"
the president caught the coat for you .,a champion saved an instrument for me .,PD,PD,CATCH,SAVE,THE,A,for,for,-49.356590270996094,"[-3.556871, -9.485549, -11.922058, -4.5279484, -11.088551, -2.9170613, -5.103834, -0.75471795]"
the president caught the coat for you .,a champion saved me an instrument .,PD,DO,CATCH,SAVE,THE,A,for,for,-49.556419372558594,"[-3.556871, -9.485549, -11.922058, -5.8412304, -5.466009, -11.479359, -1.8053424]"
the president caught the coat for you .,a guy sold a candy to us .,PD,PD,CATCH,SELL,THE,A,for,to,-38.442901611328125,"[-3.556871, -7.8217688, -8.22056, -1.3418665, -7.029749, -4.2984257, -5.0204964, -1.1531641]"
the president caught the coat for you .,a guy sold us a candy .,PD,DO,CATCH,SELL,THE,A,for,to,-35.2905387878418,"[-3.556871, -7.8217688, -8.22056, -5.3906145, -1.1341643, -6.545871, -2.620691]"
the president caught the iron for you .,a husband showed a salad to her .,PD,PD,CATCH,SHOW,THE,A,for,to,-44.382415771484375,"[-3.5406027, -8.429581, -9.086799, -2.75651, -11.606819, -2.3835597, -3.6485348, -2.930008]"
the president caught the iron for you .,a husband showed her a salad .,PD,DO,CATCH,SHOW,THE,A,for,to,-39.1214599609375,"[-3.5406027, -8.429581, -9.086799, -3.8332484, -1.6119828, -9.782753, -2.836493]"
the president caught the pot for them .,a daughter showed a flower to you .,PD,PD,CATCH,SHOW,THE,A,for,to,-43.212501525878906,"[-3.5131254, -8.882736, -7.8806043, -2.8686285, -8.939939, -1.4369698, -8.106247, -1.5842512]"
the president caught the pot for them .,a daughter showed you a flower .,PD,DO,CATCH,SHOW,THE,A,for,to,-40.07495880126953,"[-3.5131254, -8.882736, -7.8806043, -7.196912, -2.3179772, -8.358963, -1.9246383]"
the president caught the television for me .,a girl brought a coffee to her .,PD,PD,CATCH,BRING,THE,A,for,to,-33.70527648925781,"[-3.5634956, -7.011057, -7.739236, -1.5495359, -6.983795, -0.91651416, -2.586999, -3.354645]"
the president caught the television for me .,a girl brought her a coffee .,PD,DO,CATCH,BRING,THE,A,for,to,-34.54547882080078,"[-3.5634956, -7.011057, -7.739236, -2.5583477, -6.566326, -5.3836637, -1.723355]"
the president caught the wire for him .,a manager saved a candy for me .,PD,PD,CATCH,SAVE,THE,A,for,for,-45.65587615966797,"[-3.5450478, -8.411396, -11.040457, -1.8471625, -11.056685, -4.4046316, -4.4270315, -0.92346597]"
the president caught the wire for him .,a manager saved me a candy .,PD,DO,CATCH,SAVE,THE,A,for,for,-46.219696044921875,"[-3.5450478, -8.411396, -11.040457, -6.31651, -2.0674171, -11.620025, -3.218843]"
the president caught the wire for me .,a winner fed a cheese to it .,PD,PD,CATCH,FEED,THE,A,for,to,-47.296146392822266,"[-3.549593, -10.628546, -12.095721, -2.091999, -7.8445654, -3.1348026, -6.957362, -0.9935558]"
the president caught the wire for me .,a winner fed it a cheese .,PD,DO,CATCH,FEED,THE,A,for,to,-43.398406982421875,"[-3.549593, -10.628546, -12.095721, -5.537134, -2.7253609, -6.3119087, -2.550144]"
the president caught them the pot .,a daughter showed a flower to you .,DO,PD,CATCH,SHOW,THE,A,for,to,-43.71814727783203,"[-3.5082283, -8.816778, -7.59261, -3.044751, -9.384608, -1.4902639, -8.141466, -1.7394428]"
the president caught them the pot .,a daughter showed you a flower .,DO,DO,CATCH,SHOW,THE,A,for,to,-39.63857650756836,"[-3.5082283, -8.816778, -7.59261, -6.961152, -2.4935274, -8.75315, -1.5131326]"
the president caught you the coat .,a champion saved an instrument for me .,DO,PD,CATCH,SAVE,THE,A,for,for,-50.098724365234375,"[-3.5621676, -9.495453, -11.868709, -4.5288873, -10.933011, -3.6444836, -5.151263, -0.9147508]"
the president caught you the coat .,a champion saved me an instrument .,DO,DO,CATCH,SAVE,THE,A,for,for,-47.34714889526367,"[-3.5621676, -9.495453, -11.868709, -5.1845326, -4.5078154, -11.41198, -1.3164918]"
the president caught you the coat .,a guy sold a candy to us .,DO,PD,CATCH,SELL,THE,A,for,to,-39.00129699707031,"[-3.5621676, -7.7736135, -8.38993, -1.2420865, -6.830966, -4.8703237, -5.235737, -1.0964761]"
the president caught you the coat .,a guy sold us a candy .,DO,DO,CATCH,SELL,THE,A,for,to,-34.495269775390625,"[-3.5621676, -7.7736135, -8.38993, -5.1599445, -0.9398855, -6.313026, -2.3567014]"
the president caught you the iron .,a husband showed a salad to her .,DO,PD,CATCH,SHOW,THE,A,for,to,-44.66944885253906,"[-3.5407543, -8.427778, -9.168584, -2.7082634, -11.412191, -2.490187, -3.5744233, -3.3472688]"
the president caught you the iron .,a husband showed her a salad .,DO,DO,CATCH,SHOW,THE,A,for,to,-38.34811782836914,"[-3.5407543, -8.427778, -9.168584, -3.5031462, -1.5869504, -9.630293, -2.4906125]"
the president delivered the candy for you .,a colonel took a telephone to us .,PD,PD,DELIVER,TAKE,THE,A,for,to,-47.16118621826172,"[-3.5830898, -10.788256, -6.09978, -1.7580868, -8.316197, -7.119592, -7.830542, -1.6656426]"
the president delivered the candy for you .,a colonel took us a telephone .,PD,DO,DELIVER,TAKE,THE,A,for,to,-46.731834411621094,"[-3.5830898, -10.788256, -6.09978, -6.0136847, -4.3354926, -9.228676, -6.6828566]"
the president delivered the candy for you .,a bishop caught a log for him .,PD,PD,DELIVER,CATCH,THE,A,for,for,-44.455772399902344,"[-3.5830898, -9.270853, -8.018925, -3.7694385, -10.165073, -3.7325225, -4.7774153, -1.1384549]"
the president delivered the candy for you .,a bishop caught him a log .,PD,DO,DELIVER,CATCH,THE,A,for,for,-46.017723083496094,"[-3.5830898, -9.270853, -8.018925, -7.2985163, -6.205475, -9.437303, -2.2035604]"
the president delivered you the candy .,a colonel took a telephone to us .,DO,PD,DELIVER,TAKE,THE,A,for,to,-46.57167053222656,"[-3.6538317, -10.49354, -6.0724816, -1.9113343, -8.359816, -6.609295, -7.8668265, -1.604548]"
the president delivered you the candy .,a colonel took us a telephone .,DO,DO,DELIVER,TAKE,THE,A,for,to,-44.15647888183594,"[-3.6538317, -10.49354, -6.0724816, -5.5094776, -4.194296, -9.81433, -4.4185247]"
the president delivered you the candy .,a bishop caught a log for him .,DO,PD,DELIVER,CATCH,THE,A,for,for,-47.02531433105469,"[-3.6538317, -8.97519, -7.813373, -4.3937583, -10.180456, -4.408451, -6.0355444, -1.5647118]"
the president delivered you the candy .,a bishop caught him a log .,DO,DO,DELIVER,CATCH,THE,A,for,for,-45.38517761230469,"[-3.6538317, -8.97519, -7.813373, -7.9103827, -6.295363, -9.431238, -1.3057961]"
the president designed her the hat .,a bishop bought a beer for you .,DO,PD,DESIGN,BUY,THE,A,for,for,-40.61564254760742,"[-3.6104841, -9.016518, -10.07314, -1.1829448, -6.577963, -1.9810019, -7.174288, -0.99930394]"
the president designed her the hat .,a bishop bought you a beer .,DO,DO,DESIGN,BUY,THE,A,for,for,-36.318748474121094,"[-3.6104841, -9.016518, -10.07314, -7.59954, -0.66074544, -4.141899, -1.216424]"
the president designed the camera for us .,a sheriff bought a motor for you .,PD,PD,DESIGN,BUY,THE,A,for,for,-39.99372863769531,"[-3.5428045, -8.3261175, -9.425192, -1.0014488, -7.0926037, -5.753276, -4.098764, -0.75352496]"
the president designed the camera for us .,a sheriff bought you a motor .,PD,DO,DESIGN,BUY,THE,A,for,for,-41.368412017822266,"[-3.5428045, -8.3261175, -9.425192, -6.8842793, -0.6947966, -7.7795124, -4.71571]"
the president designed the hat for her .,a bishop bought a beer for you .,PD,PD,DESIGN,BUY,THE,A,for,for,-39.11564254760742,"[-3.5576692, -9.179331, -9.915603, -0.92579734, -6.719555, -0.9352624, -6.9915175, -0.8909076]"
the president designed the hat for her .,a bishop bought you a beer .,PD,DO,DESIGN,BUY,THE,A,for,for,-37.25752258300781,"[-3.5576692, -9.179331, -9.915603, -8.107278, -0.5135913, -4.287572, -1.6964786]"
the president designed us the camera .,a sheriff bought a motor for you .,DO,PD,DESIGN,BUY,THE,A,for,for,-44.462158203125,"[-3.5745249, -8.143752, -9.492857, -1.1461413, -7.112733, -7.4889708, -6.496489, -1.0066907]"
the president designed us the camera .,a sheriff bought you a motor .,DO,DO,DESIGN,BUY,THE,A,for,for,-39.47483444213867,"[-3.5745249, -8.143752, -9.492857, -5.5356617, -0.68916166, -7.6769595, -4.361918]"
the president drew him the iron .,an actor delivered a cheese for you .,DO,PD,DRAW,DELIVER,THE,A,for,for,-46.62353515625,"[-5.6994867, -6.631795, -9.822704, -0.88525826, -11.491497, -4.3469157, -6.524492, -1.2213823]"
the president drew him the iron .,an actor delivered you a cheese .,DO,DO,DRAW,DELIVER,THE,A,for,for,-43.06949234008789,"[-5.6994867, -6.631795, -9.822704, -8.574726, -1.1950428, -9.229024, -1.9167138]"
the president drew the iron for him .,an actor delivered a cheese for you .,PD,PD,DRAW,DELIVER,THE,A,for,for,-44.95653533935547,"[-5.691016, -6.7554502, -9.880532, -0.7800115, -11.659259, -3.4831455, -5.587964, -1.1191578]"
the president drew the iron for him .,an actor delivered you a cheese .,PD,DO,DRAW,DELIVER,THE,A,for,for,-44.832374572753906,"[-5.691016, -6.7554502, -9.880532, -9.335111, -0.94935167, -9.763609, -2.4573038]"
the president drew the iron for us .,a scientist designed a box for her .,PD,PD,DRAW,DESIGN,THE,A,for,for,-38.171146392822266,"[-3.5414248, -8.059757, -7.911826, -0.8248639, -7.8109307, -2.5151052, -4.8469324, -2.660306]"
the president drew the iron for us .,a scientist designed her a box .,PD,DO,DRAW,DESIGN,THE,A,for,for,-42.44720458984375,"[-3.5414248, -8.059757, -7.911826, -6.818751, -6.8774166, -6.5039644, -2.734064]"
the president drew the iron for you .,a soldier brought a cup to us .,PD,PD,DRAW,BRING,THE,A,for,to,-35.89094543457031,"[-3.5294485, -6.9927626, -8.200159, -1.3638577, -7.116727, -2.8359132, -4.280034, -1.5720437]"
the president drew the iron for you .,a soldier brought us a cup .,PD,DO,DRAW,BRING,THE,A,for,to,-37.45171356201172,"[-3.5294485, -6.9927626, -8.200159, -5.9462667, -1.7083318, -6.48306, -4.591684]"
the president drew us the iron .,a scientist designed a box for her .,DO,PD,DRAW,DESIGN,THE,A,for,for,-39.67784881591797,"[-3.5484612, -7.939809, -7.554099, -0.8497297, -7.685559, -2.9833891, -5.402267, -3.7145355]"
the president drew us the iron .,a scientist designed her a box .,DO,DO,DRAW,DESIGN,THE,A,for,for,-41.657981872558594,"[-3.5484612, -7.939809, -7.554099, -6.50607, -7.001792, -6.626107, -2.4816456]"
the president drew you the iron .,a soldier brought a cup to us .,DO,PD,DRAW,BRING,THE,A,for,to,-36.24357604980469,"[-3.5249681, -6.870263, -8.232267, -1.4825323, -6.7746773, -3.0709038, -4.9171886, -1.370776]"
the president drew you the iron .,a soldier brought us a cup .,DO,DO,DRAW,BRING,THE,A,for,to,-35.118629455566406,"[-3.5249681, -6.870263, -8.232267, -5.124461, -2.1955338, -5.5154495, -3.655683]"
the president fed it the meal .,a brother gave a candy to you .,DO,PD,FEED,GIVE,THE,A,to,to,-41.90780258178711,"[-3.6201143, -8.834823, -7.092863, -2.6776512, -10.231859, -1.0293796, -7.5442553, -0.8768559]"
the president fed it the meal .,a brother gave you a candy .,DO,DO,FEED,GIVE,THE,A,to,to,-34.69120788574219,"[-3.6201143, -8.834823, -7.092863, -5.4222507, -1.1536766, -6.9124317, -1.6550472]"
the president fed it the salad .,a minister got a log for him .,DO,PD,FEED,GET,THE,A,to,for,-43.47199249267578,"[-3.6307719, -8.843145, -8.564051, -1.7417216, -11.173745, -4.304716, -4.077981, -1.1358602]"
the president fed it the salad .,a minister got him a log .,DO,DO,FEED,GET,THE,A,to,for,-40.243568420410156,"[-3.6307719, -8.843145, -8.564051, -5.2458186, -1.6798058, -10.100596, -2.179378]"
the president fed me the cheese .,a daughter showed a flower to you .,DO,PD,FEED,SHOW,THE,A,to,to,-42.3017692565918,"[-3.6368728, -8.92412, -7.1561403, -4.067777, -8.823019, -1.308069, -7.1277494, -1.2580211]"
the president fed me the cheese .,a daughter showed you a flower .,DO,DO,FEED,SHOW,THE,A,to,to,-37.44071960449219,"[-3.6368728, -8.92412, -7.1561403, -6.567181, -2.5504436, -7.70653, -0.89942944]"
the president fed the cheese to me .,a daughter showed a flower to you .,PD,PD,FEED,SHOW,THE,A,to,to,-40.04900360107422,"[-3.5872207, -8.907421, -7.2100816, -3.2786078, -8.20045, -0.5753149, -7.259271, -1.0306333]"
the president fed the cheese to me .,a daughter showed you a flower .,PD,DO,FEED,SHOW,THE,A,to,to,-38.356101989746094,"[-3.5872207, -8.907421, -7.2100816, -6.6715026, -2.3609662, -8.047434, -1.5714763]"
the president fed the cheese to you .,a sheriff sent a television to her .,PD,PD,FEED,SEND,THE,A,to,to,-42.33715057373047,"[-3.582377, -8.178564, -8.220488, -1.2322377, -8.411625, -5.3522224, -4.364917, -2.9947238]"
the president fed the cheese to you .,a sheriff sent her a television .,PD,DO,FEED,SEND,THE,A,to,to,-43.08319854736328,"[-3.582377, -8.178564, -8.220488, -4.7802553, -2.2842107, -10.080782, -5.956521]"
the president fed the chicken to them .,a cop left a candy for you .,PD,PD,FEED,LEAVE,THE,A,to,for,-42.1987419128418,"[-3.5778117, -8.564397, -7.4187093, -1.2925556, -8.4479065, -5.2009554, -6.1600695, -1.5363373]"
the president fed the chicken to them .,a cop left you a candy .,PD,DO,FEED,LEAVE,THE,A,to,for,-41.11345291137695,"[-3.5778117, -8.564397, -7.4187093, -7.721616, -2.4499292, -8.459095, -2.921898]"
the president fed the chocolate to us .,a colonel got a meal for you .,PD,PD,FEED,GET,THE,A,to,for,-44.65502166748047,"[-3.5722616, -10.781399, -8.376658, -1.7642143, -9.464587, -2.2615414, -7.5114202, -0.92293984]"
the president fed the chocolate to us .,a colonel got you a meal .,PD,DO,FEED,GET,THE,A,to,for,-39.992706298828125,"[-3.5722616, -10.781399, -8.376658, -7.209819, -1.7506369, -6.880803, -1.4211303]"
the president fed the chocolate to you .,a princess designed a jacket for me .,PD,PD,FEED,DESIGN,THE,A,to,for,-39.86796951293945,"[-3.5655656, -11.037043, -8.825536, -2.380315, -7.498152, -1.9116218, -3.772423, -0.8773136]"
the president fed the chocolate to you .,a princess designed me a jacket .,PD,DO,FEED,DESIGN,THE,A,to,for,-40.751014709472656,"[-3.5655656, -11.037043, -8.825536, -7.217229, -1.7171857, -7.4816093, -0.9068447]"
the president fed the chocolate to you .,a guest threw a pie to me .,PD,PD,FEED,THROW,THE,A,to,to,-41.85222625732422,"[-3.5655656, -8.260797, -15.635219, -0.74286854, -6.872516, -3.0443008, -2.8629904, -0.8679709]"
the president fed the chocolate to you .,a guest threw me a pie .,PD,DO,FEED,THROW,THE,A,to,to,-42.08442306518555,"[-3.5655656, -8.260797, -15.635219, -5.2833385, -0.36564964, -7.8680973, -1.1057568]"
the president fed the meal to it .,a brother gave a candy to you .,PD,PD,FEED,GIVE,THE,A,to,to,-41.250240325927734,"[-3.5816784, -8.876677, -7.0510845, -2.4222326, -10.839087, -1.0060484, -6.6608715, -0.81256306]"
the president fed the meal to it .,a brother gave you a candy .,PD,DO,FEED,GIVE,THE,A,to,to,-35.34027862548828,"[-3.5816784, -8.876677, -7.0510845, -5.818223, -1.0584573, -6.9347124, -2.0194483]"
the president fed the meal to us .,an opponent saved a key for me .,PD,PD,FEED,SAVE,THE,A,to,for,-41.911705017089844,"[-5.6879954, -8.164001, -11.580528, -2.9039826, -6.4458256, -2.8566787, -3.4033327, -0.86936104]"
the president fed the meal to us .,an opponent saved me a key .,PD,DO,FEED,SAVE,THE,A,to,for,-43.89326477050781,"[-5.6879954, -8.164001, -11.580528, -4.8655257, -3.3891428, -8.442133, -1.7639394]"
the president fed the meal to you .,a mayor sent a chocolate to us .,PD,PD,FEED,SEND,THE,A,to,to,-43.588279724121094,"[-3.5874906, -9.612139, -7.6083765, -1.1151931, -10.505112, -5.4655023, -4.57143, -1.1230395]"
the president fed the meal to you .,a mayor sent us a chocolate .,PD,DO,FEED,SEND,THE,A,to,to,-42.20954895019531,"[-3.5874906, -9.612139, -7.6083765, -5.5210295, -1.0354319, -9.195868, -5.6492157]"
the president fed the salad to it .,a minister got a log for him .,PD,PD,FEED,GET,THE,A,to,for,-44.36332321166992,"[-3.5878878, -9.004761, -8.862093, -1.6215223, -11.516608, -4.286346, -4.480805, -1.0033016]"
the president fed the salad to it .,a minister got him a log .,PD,DO,FEED,GET,THE,A,to,for,-42.39861297607422,"[-3.5878878, -9.004761, -8.862093, -5.484711, -1.8709729, -10.641548, -2.9466372]"
the president fed them the chicken .,a cop left a candy for you .,DO,PD,FEED,LEAVE,THE,A,to,for,-41.779544830322266,"[-3.603984, -8.440306, -7.401248, -1.2698498, -8.422094, -5.1495442, -6.174939, -1.3175799]"
the president fed them the chicken .,a cop left you a candy .,DO,DO,FEED,LEAVE,THE,A,to,for,-38.344268798828125,"[-3.603984, -8.440306, -7.401248, -7.0990295, -2.2028682, -7.8438816, -1.7529494]"
the president fed us the chocolate .,a colonel got a meal for you .,DO,PD,FEED,GET,THE,A,to,for,-45.475990295410156,"[-3.623195, -10.65538, -7.756446, -1.785477, -9.678676, -2.545354, -8.589923, -0.8415431]"
the president fed us the chocolate .,a colonel got you a meal .,DO,DO,FEED,GET,THE,A,to,for,-37.44041442871094,"[-3.623195, -10.65538, -7.756446, -6.35191, -1.7668209, -6.4148273, -0.8718339]"
the president fed us the meal .,an opponent saved a key for me .,DO,PD,FEED,SAVE,THE,A,to,for,-41.76797103881836,"[-5.7032857, -8.09005, -11.19694, -3.0825496, -6.4349437, -2.6229997, -3.5902858, -1.0469166]"
the president fed us the meal .,an opponent saved me a key .,DO,DO,FEED,SAVE,THE,A,to,for,-41.7777099609375,"[-5.7032857, -8.09005, -11.19694, -3.6067233, -2.0120702, -9.4878645, -1.6807774]"
the president fed you the cheese .,a sheriff sent a television to her .,DO,PD,FEED,SEND,THE,A,to,to,-44.096588134765625,"[-3.6241894, -8.002829, -8.07586, -1.4357029, -8.490824, -6.5574713, -4.475916, -3.4337986]"
the president fed you the cheese .,a sheriff sent her a television .,DO,DO,FEED,SEND,THE,A,to,to,-41.24520492553711,"[-3.6241894, -8.002829, -8.07586, -4.4722705, -2.412923, -10.426439, -4.230693]"
the president fed you the chocolate .,a princess designed a jacket for me .,DO,PD,FEED,DESIGN,THE,A,to,for,-40.967308044433594,"[-3.6133819, -10.9582405, -8.738407, -3.0815005, -7.6884212, -1.9300826, -4.1966505, -0.76062524]"
the president fed you the chocolate .,a princess designed me a jacket .,DO,DO,FEED,DESIGN,THE,A,to,for,-40.95799255371094,"[-3.6133819, -10.9582405, -8.738407, -7.006022, -1.9282495, -8.040993, -0.67270017]"
the president fed you the chocolate .,a guest threw a pie to me .,DO,PD,FEED,THROW,THE,A,to,to,-43.791839599609375,"[-3.6133819, -8.238654, -15.019738, -0.87464404, -7.079633, -3.9727385, -3.93823, -1.0548208]"
the president fed you the chocolate .,a guest threw me a pie .,DO,DO,FEED,THROW,THE,A,to,to,-40.726470947265625,"[-3.6133819, -8.238654, -15.019738, -4.3027735, -0.40565392, -8.309982, -0.8362843]"
the president fed you the meal .,a mayor sent a chocolate to us .,DO,PD,FEED,SEND,THE,A,to,to,-45.53009033203125,"[-3.6485791, -9.5466795, -7.5412197, -1.3346989, -10.014028, -5.7241945, -6.221101, -1.4995903]"
the president fed you the meal .,a mayor sent us a chocolate .,DO,DO,FEED,SEND,THE,A,to,to,-40.052207946777344,"[-3.6485791, -9.5466795, -7.5412197, -5.0443726, -1.1447414, -7.953199, -5.173416]"
the president found him the beer .,a candidate supplied a tea to them .,DO,PD,FIND,SUPPLY,THE,A,for,to,-44.56113815307617,"[-3.576137, -7.981468, -12.911614, -2.1277137, -6.753846, -2.046008, -7.917547, -1.2468029]"
the president found him the beer .,a candidate supplied them a tea .,DO,DO,FIND,SUPPLY,THE,A,for,to,-40.367088317871094,"[-3.576137, -7.981468, -12.911614, -6.180306, -2.8179483, -6.1537876, -0.74582505]"
the president found him the beer .,a writer threw a juice to me .,DO,PD,FIND,THROW,THE,A,for,to,-42.455604553222656,"[-3.576137, -7.969882, -9.87384, -1.0580547, -9.87031, -3.7426836, -5.2393913, -1.1253062]"
the president found him the beer .,a writer threw me a juice .,DO,DO,FIND,THROW,THE,A,for,to,-39.053131103515625,"[-3.576137, -7.969882, -9.87384, -5.573285, -0.33784243, -10.669209, -1.0529361]"
the president found him the coffee .,a physician kept a card for us .,DO,PD,FIND,KEEP,THE,A,for,for,-40.66053009033203,"[-3.5942764, -8.876997, -9.389173, -1.5971638, -6.9673395, -2.6395764, -6.3107214, -1.2852789]"
the president found him the coffee .,a physician kept us a card .,DO,DO,FIND,KEEP,THE,A,for,for,-43.54759979248047,"[-3.5942764, -8.876997, -9.389173, -6.8206506, -5.266414, -7.8696923, -1.7303946]"
the president found it the coffee .,a buddy threw a candy to me .,DO,PD,FIND,THROW,THE,A,for,to,-40.01396942138672,"[-3.4994788, -11.442665, -8.685817, -0.60993654, -7.82545, -3.9543624, -3.0477862, -0.9484724]"
the president found it the coffee .,a buddy threw me a candy .,DO,DO,FIND,THROW,THE,A,for,to,-37.80449295043945,"[-3.4994788, -11.442665, -8.685817, -4.1909943, -0.34742448, -8.273303, -1.3648105]"
the president found me the cheese .,a buddy kept a juice for him .,DO,PD,FIND,KEEP,THE,A,for,for,-47.725826263427734,"[-3.5975182, -10.837975, -8.615383, -2.3506868, -11.957235, -4.978325, -4.3931627, -0.9955404]"
the president found me the cheese .,a buddy kept him a juice .,DO,DO,FIND,KEEP,THE,A,for,for,-43.990638732910156,"[-3.5975182, -10.837975, -8.615383, -4.515543, -4.445959, -11.050945, -0.92731714]"
the president found me the coffee .,a candidate gave a juice to you .,DO,PD,FIND,GIVE,THE,A,for,to,-42.9757080078125,"[-3.592167, -8.123003, -8.258367, -0.9640293, -12.931989, -0.6074348, -7.3324175, -1.1663003]"
the president found me the coffee .,a candidate gave you a juice .,DO,DO,FIND,GIVE,THE,A,for,to,-36.45178985595703,"[-3.592167, -8.123003, -8.258367, -5.560297, -0.9790778, -9.04633, -0.8925475]"
the president found the beer for him .,a candidate supplied a tea to them .,PD,PD,FIND,SUPPLY,THE,A,for,to,-44.419639587402344,"[-3.5043073, -8.171532, -12.667738, -2.0071986, -7.7116876, -2.6258013, -6.8518987, -0.87947994]"
the president found the beer for him .,a candidate supplied them a tea .,PD,DO,FIND,SUPPLY,THE,A,for,to,-42.75925064086914,"[-3.5043073, -8.171532, -12.667738, -6.4788895, -3.6505156, -6.857405, -1.4288633]"
the president found the beer for him .,a writer threw a juice to me .,PD,PD,FIND,THROW,THE,A,for,to,-42.12548065185547,"[-3.5043073, -7.930346, -10.5359955, -1.0422914, -10.14967, -3.8088236, -4.1779404, -0.97610843]"
the president found the beer for him .,a writer threw me a juice .,PD,DO,FIND,THROW,THE,A,for,to,-41.26451110839844,"[-3.5043073, -7.930346, -10.5359955, -5.227148, -0.33793572, -12.064166, -1.6646128]"
the president found the cheese for me .,a buddy kept a juice for him .,PD,PD,FIND,KEEP,THE,A,for,for,-46.24711608886719,"[-3.539482, -10.948455, -8.835912, -1.812772, -11.912955, -3.4500973, -4.802364, -0.9450809]"
the president found the cheese for me .,a buddy kept him a juice .,PD,DO,FIND,KEEP,THE,A,for,for,-45.51315689086914,"[-3.539482, -10.948455, -8.835912, -4.21881, -4.33486, -11.329081, -2.3065586]"
the president found the cheese for them .,an employer got a meal for you .,PD,PD,FIND,GET,THE,A,for,for,-40.564796447753906,"[-5.6914244, -7.930772, -7.4943485, -1.2066045, -9.610104, -1.320338, -6.3828707, -0.9283351]"
the president found the cheese for them .,an employer got you a meal .,PD,DO,FIND,GET,THE,A,for,for,-38.31346130371094,"[-5.6914244, -7.930772, -7.4943485, -6.7809587, -1.3244121, -6.760315, -2.3312318]"
the president found the cheese for us .,an attorney delivered a chocolate for her .,PD,PD,FIND,DELIVER,THE,A,for,for,-44.055973052978516,"[-5.6853075, -5.3062067, -11.165264, -0.76437134, -10.514982, -5.1332035, -3.5347664, -1.9518713]"
the president found the cheese for us .,an attorney delivered her a chocolate .,PD,DO,FIND,DELIVER,THE,A,for,for,-47.67193603515625,"[-5.6853075, -5.3062067, -11.165264, -4.467756, -7.6527767, -7.697815, -5.696808]"
the president found the cheese for you .,a sheriff promised a coffee to us .,PD,PD,FIND,PROMISE,THE,A,for,to,-46.197513580322266,"[-3.523845, -8.597609, -11.13993, -2.2014956, -8.987244, -2.5573785, -7.744368, -1.445643]"
the president found the cheese for you .,a sheriff promised us a coffee .,PD,DO,FIND,PROMISE,THE,A,for,to,-42.31404113769531,"[-3.523845, -8.597609, -11.13993, -7.1929946, -1.7209706, -7.932454, -2.206235]"
the president found the coat for them .,a son showed a glass to us .,PD,PD,FIND,SHOW,THE,A,for,to,-40.73716735839844,"[-3.5183048, -8.347013, -6.78961, -3.1076198, -8.833264, -2.9672022, -6.0859156, -1.088239]"
the president found the coat for them .,a son showed us a glass .,PD,DO,FIND,SHOW,THE,A,for,to,-37.065635681152344,"[-3.5183048, -8.347013, -6.78961, -4.542955, -1.7516032, -7.948676, -4.1674724]"
the president found the coat for us .,an administration designed an anchor for him .,PD,PD,FIND,DESIGN,THE,A,for,for,-49.37971496582031,"[-5.7166824, -7.840819, -10.446384, -7.050009, -9.760489, -1.3023922, -6.1921554, -1.0707865]"
the president found the coat for us .,an administration designed him an anchor .,PD,DO,FIND,DESIGN,THE,A,for,for,-49.7009162902832,"[-5.7166824, -7.840819, -10.446384, -9.587001, -5.845364, -8.296983, -1.9676833]"
the president found the coffee for him .,a physician kept a card for us .,PD,PD,FIND,KEEP,THE,A,for,for,-39.39393615722656,"[-3.5088847, -9.262018, -9.675227, -1.3154303, -6.950572, -1.8522034, -5.859911, -0.9696903]"
the president found the coffee for him .,a physician kept us a card .,PD,DO,FIND,KEEP,THE,A,for,for,-45.31244659423828,"[-3.5088847, -9.262018, -9.675227, -6.654615, -5.3470626, -8.742085, -2.1225529]"
the president found the coffee for it .,a buddy threw a candy to me .,PD,PD,FIND,THROW,THE,A,for,to,-39.11727523803711,"[-3.5216253, -10.998879, -8.600599, -0.65490836, -7.60655, -3.750982, -3.0344784, -0.94925153]"
the president found the coffee for it .,a buddy threw me a candy .,PD,DO,FIND,THROW,THE,A,for,to,-37.71182632446289,"[-3.5216253, -10.998879, -8.600599, -4.2179785, -0.37356177, -7.9010477, -2.098133]"
the president found the coffee for me .,a candidate gave a juice to you .,PD,PD,FIND,GIVE,THE,A,for,to,-42.43044662475586,"[-3.5175445, -8.290077, -8.406091, -0.70999396, -12.526356, -0.8549818, -7.06638, -1.0590228]"
the president found the coffee for me .,a candidate gave you a juice .,PD,DO,FIND,GIVE,THE,A,for,to,-37.869632720947266,"[-3.5175445, -8.290077, -8.406091, -6.269469, -0.79092133, -9.134065, -1.4614667]"
the president found them the cheese .,an employer got a meal for you .,DO,PD,FIND,GET,THE,A,for,for,-42.12518310546875,"[-5.6878743, -7.7788296, -7.74146, -1.2983254, -9.310763, -2.2931542, -6.9040337, -1.1107415]"
the president found them the cheese .,an employer got you a meal .,DO,DO,FIND,GET,THE,A,for,for,-36.71855163574219,"[-5.6878743, -7.7788296, -7.74146, -6.726016, -0.9796134, -6.055538, -1.7492201]"
the president found them the coat .,a son showed a glass to us .,DO,PD,FIND,SHOW,THE,A,for,to,-41.64020538330078,"[-3.5821857, -8.316282, -6.53205, -3.3306859, -8.886372, -2.706368, -7.119959, -1.1663023]"
the president found them the coat .,a son showed us a glass .,DO,DO,FIND,SHOW,THE,A,for,to,-34.96426773071289,"[-3.5821857, -8.316282, -6.53205, -4.5891867, -1.6493894, -7.1222777, -3.1728969]"
the president found us the cheese .,an attorney delivered a chocolate for her .,DO,PD,FIND,DELIVER,THE,A,for,for,-45.127784729003906,"[-5.712341, -5.083132, -10.730256, -0.7523527, -10.607812, -6.702771, -2.760854, -2.778263]"
the president found us the cheese .,an attorney delivered her a chocolate .,DO,DO,FIND,DELIVER,THE,A,for,for,-45.14362335205078,"[-5.712341, -5.083132, -10.730256, -4.2014284, -7.9495463, -6.816658, -4.6502647]"
the president found us the coat .,an administration designed an anchor for him .,DO,PD,FIND,DESIGN,THE,A,for,for,-49.36000442504883,"[-5.7288275, -7.6953964, -10.163993, -6.1520243, -10.088609, -1.8762739, -6.4328403, -1.222039]"
the president found us the coat .,an administration designed him an anchor .,DO,DO,FIND,DESIGN,THE,A,for,for,-46.967891693115234,"[-5.7288275, -7.6953964, -10.163993, -8.367034, -5.0991263, -8.572425, -1.3410894]"
the president found you the cheese .,a sheriff promised a coffee to us .,DO,PD,FIND,PROMISE,THE,A,for,to,-46.56196975708008,"[-3.5584412, -8.408994, -10.708912, -2.3838744, -9.328337, -2.7495518, -7.9572964, -1.466563]"
the president found you the cheese .,a sheriff promised us a coffee .,DO,DO,FIND,PROMISE,THE,A,for,to,-40.58258056640625,"[-3.5584412, -8.408994, -10.708912, -7.247557, -2.0035782, -7.487691, -1.1674068]"
the president gave him the pie .,a soldier made a computer for you .,DO,PD,GIVE,MAKE,THE,A,to,for,-39.93434143066406,"[-3.615333, -6.869008, -7.4182625, -1.4897856, -8.99715, -4.3113446, -6.388302, -0.8451563]"
the president gave him the pie .,a soldier made you a computer .,DO,DO,GIVE,MAKE,THE,A,to,for,-39.63872528076172,"[-3.615333, -6.869008, -7.4182625, -8.244688, -2.2647214, -10.178619, -1.048094]"
the president gave it the chicken .,a worker drew a log for you .,DO,PD,GIVE,DRAW,THE,A,to,for,-43.65131378173828,"[-3.5458052, -6.8312135, -10.378653, -0.9227342, -8.940261, -3.8897626, -7.793436, -1.3494494]"
the president gave it the chicken .,a worker drew you a log .,DO,DO,GIVE,DRAW,THE,A,to,for,-44.47465133666992,"[-3.5458052, -6.8312135, -10.378653, -10.611769, -2.4740725, -9.543883, -1.0892556]"
the president gave me the camera .,a child fed a meal to us .,DO,PD,GIVE,FEED,THE,A,to,to,-41.0040168762207,"[-3.5810823, -6.116706, -9.382665, -1.9857239, -6.4084816, -2.501594, -8.6831455, -2.344617]"
the president gave me the camera .,a child fed us a meal .,DO,DO,GIVE,FEED,THE,A,to,to,-35.99241256713867,"[-3.5810823, -6.116706, -9.382665, -7.962277, -2.376529, -5.0483007, -1.5248533]"
the president gave me the salad .,a reader fed a meal to you .,DO,PD,GIVE,FEED,THE,A,to,to,-44.69807434082031,"[-3.6587193, -7.759902, -11.919273, -3.85581, -6.83418, -2.2664857, -6.873714, -1.5299879]"
the president gave me the salad .,a reader fed you a meal .,DO,DO,GIVE,FEED,THE,A,to,to,-42.791099548339844,"[-3.6587193, -7.759902, -11.919273, -7.839799, -5.0031166, -5.5022335, -1.1080587]"
the president gave the camera to me .,a child fed a meal to us .,PD,PD,GIVE,FEED,THE,A,to,to,-37.875389099121094,"[-3.5032003, -5.896265, -9.762148, -1.6616518, -6.4897404, -1.7247349, -7.338251, -1.4993976]"
the president gave the camera to me .,a child fed us a meal .,PD,DO,GIVE,FEED,THE,A,to,to,-36.12567901611328,"[-3.5032003, -5.896265, -9.762148, -8.750224, -1.770364, -5.039742, -1.4037347]"
the president gave the chicken to it .,a worker drew a log for you .,PD,PD,GIVE,DRAW,THE,A,to,for,-43.02904510498047,"[-3.4998693, -6.6850157, -10.244385, -0.8320706, -8.750481, -3.9778328, -7.72323, -1.3161595]"
the president gave the chicken to it .,a worker drew you a log .,PD,DO,GIVE,DRAW,THE,A,to,for,-43.93920135498047,"[-3.4998693, -6.6850157, -10.244385, -10.50479, -2.5302267, -9.166813, -1.3081009]"
the president gave the chicken to us .,an actress bought a coffee for you .,PD,PD,GIVE,BUY,THE,A,to,for,-37.68581008911133,"[-5.6978765, -7.317009, -8.436842, -0.64716893, -6.660861, -2.7048073, -5.3773394, -0.8439069]"
the president gave the chicken to us .,an actress bought you a coffee .,PD,DO,GIVE,BUY,THE,A,to,for,-36.56692123413086,"[-5.6978765, -7.317009, -8.436842, -7.8879566, -0.74050087, -5.348674, -1.1380607]"
the president gave the chicken to you .,a winner kept a coat for him .,PD,PD,GIVE,KEEP,THE,A,to,for,-44.81344985961914,"[-3.4988322, -10.640919, -9.0382805, -3.0051794, -9.737923, -3.4812026, -4.491825, -0.9192868]"
the president gave the chicken to you .,a winner kept him a coat .,PD,DO,GIVE,KEEP,THE,A,to,for,-45.86366653442383,"[-3.4988322, -10.640919, -9.0382805, -5.4362497, -4.548533, -11.286213, -1.414638]"
the president gave the pie to him .,a soldier made a computer for you .,PD,PD,GIVE,MAKE,THE,A,to,for,-39.549007415771484,"[-3.5597436, -7.0546484, -7.4626656, -1.3001289, -8.851421, -4.180103, -6.3323298, -0.8079678]"
the president gave the pie to him .,a soldier made you a computer .,PD,DO,GIVE,MAKE,THE,A,to,for,-39.234764099121094,"[-3.5597436, -7.0546484, -7.4626656, -8.680319, -1.9269397, -9.402697, -1.1477524]"
the president gave the pie to us .,a brother kept a chicken for me .,PD,PD,GIVE,KEEP,THE,A,to,for,-36.98481750488281,"[-3.5532897, -8.908821, -9.19903, -1.859729, -6.4579453, -3.3578398, -2.7476263, -0.9005339]"
the president gave the pie to us .,a brother kept me a chicken .,PD,DO,GIVE,KEEP,THE,A,to,for,-39.137046813964844,"[-3.5532897, -8.908821, -9.19903, -4.542609, -4.8072333, -6.769069, -1.3569957]"
the president gave the pie to us .,a father left a juice for them .,PD,PD,GIVE,LEAVE,THE,A,to,for,-45.965538024902344,"[-3.5532897, -6.5019937, -6.411262, -1.9198086, -12.397812, -5.637635, -8.381397, -1.1623394]"
the president gave the pie to us .,a father left them a juice .,PD,DO,GIVE,LEAVE,THE,A,to,for,-42.97624969482422,"[-3.5532897, -6.5019937, -6.411262, -8.057956, -3.4035068, -11.427125, -3.621118]"
the president gave the pie to you .,a friend promised a beer to her .,PD,PD,GIVE,PROMISE,THE,A,to,to,-34.59699249267578,"[-3.5376034, -6.322515, -8.9804, -3.3748841, -5.723982, -2.09519, -3.1743908, -1.3880255]"
the president gave the pie to you .,a friend promised her a beer .,PD,DO,GIVE,PROMISE,THE,A,to,to,-29.678386688232422,"[-3.5376034, -6.322515, -8.9804, -3.3089528, -1.3632137, -4.874859, -1.2908432]"
the president gave the salad to me .,a reader fed a meal to you .,PD,PD,GIVE,FEED,THE,A,to,to,-42.109413146972656,"[-3.556015, -7.841996, -11.947441, -2.9974685, -7.328472, -0.92075557, -6.3712378, -1.1460266]"
the president gave the salad to me .,a reader fed you a meal .,PD,DO,GIVE,FEED,THE,A,to,to,-42.40821838378906,"[-3.556015, -7.841996, -11.947441, -7.567783, -3.04276, -6.983597, -1.4686277]"
the president gave the salad to them .,a physician caught a bag for you .,PD,PD,GIVE,CATCH,THE,A,to,for,-45.70660400390625,"[-3.5573575, -9.12155, -8.568458, -4.07374, -7.028311, -4.8903604, -7.480101, -0.9867239]"
the president gave the salad to them .,a physician caught you a bag .,PD,DO,GIVE,CATCH,THE,A,to,for,-43.58910369873047,"[-3.5573575, -9.12155, -8.568458, -7.8566837, -6.226, -5.5358763, -2.7231781]"
the president gave the salad to us .,a colonel brought a tea to you .,PD,PD,GIVE,BRING,THE,A,to,to,-37.47925567626953,"[-3.557156, -10.831749, -7.616186, -1.7544179, -6.9494524, -0.58896226, -5.6144547, -0.56687737]"
the president gave the salad to us .,a colonel brought you a tea .,PD,DO,GIVE,BRING,THE,A,to,to,-36.29695510864258,"[-3.557156, -10.831749, -7.616186, -5.0624137, -1.9534421, -6.1620474, -1.1139612]"
the president gave the salad to you .,a candidate designed a coat for them .,PD,PD,GIVE,DESIGN,THE,A,to,for,-43.698699951171875,"[-3.5331779, -8.069563, -11.056535, -2.9542792, -8.764343, -1.9668779, -6.3876047, -0.9663189]"
the president gave the salad to you .,a candidate designed them a coat .,PD,DO,GIVE,DESIGN,THE,A,to,for,-47.9358024597168,"[-3.5331779, -8.069563, -11.056535, -7.9908733, -6.3932314, -8.485172, -2.407251]"
the president gave them the salad .,a physician caught a bag for you .,DO,PD,GIVE,CATCH,THE,A,to,for,-47.058067321777344,"[-3.5984182, -8.962072, -8.518075, -4.7410364, -7.312311, -5.034416, -7.8235226, -1.0682142]"
the president gave them the salad .,a physician caught you a bag .,DO,DO,GIVE,CATCH,THE,A,to,for,-44.01404571533203,"[-3.5984182, -8.962072, -8.518075, -8.317954, -6.4682207, -5.4550986, -2.6942048]"
the president gave us the chicken .,an actress bought a coffee for you .,DO,PD,GIVE,BUY,THE,A,to,for,-39.21221923828125,"[-5.731455, -7.3001747, -8.493034, -0.6943168, -6.8586254, -2.5411158, -6.7234716, -0.8700248]"
the president gave us the chicken .,an actress bought you a coffee .,DO,DO,GIVE,BUY,THE,A,to,for,-35.666358947753906,"[-5.731455, -7.3001747, -8.493034, -7.3402443, -0.7193156, -5.422863, -0.6592698]"
the president gave us the pie .,a brother kept a chicken for me .,DO,PD,GIVE,KEEP,THE,A,to,for,-37.75331115722656,"[-3.5820596, -8.8221445, -8.916341, -2.5287921, -6.51198, -3.3652585, -2.9869776, -1.0397563]"
the president gave us the pie .,a brother kept me a chicken .,DO,DO,GIVE,KEEP,THE,A,to,for,-37.62530517578125,"[-3.5820596, -8.8221445, -8.916341, -4.085992, -5.085051, -6.0902834, -1.0434363]"
the president gave us the pie .,a father left a juice for them .,DO,PD,GIVE,LEAVE,THE,A,to,for,-47.202945709228516,"[-3.5820596, -6.4569206, -6.370161, -2.3066225, -12.560973, -5.5477743, -8.98077, -1.3976642]"
the president gave us the pie .,a father left them a juice .,DO,DO,GIVE,LEAVE,THE,A,to,for,-40.537818908691406,"[-3.5820596, -6.4569206, -6.370161, -7.4306307, -3.4917998, -10.814262, -2.3919826]"
the president gave us the salad .,a colonel brought a tea to you .,DO,PD,GIVE,BRING,THE,A,to,to,-40.09782409667969,"[-3.5844312, -10.723659, -7.708331, -2.0024931, -7.4226284, -1.3885274, -6.437961, -0.82979506]"
the president gave us the salad .,a colonel brought you a tea .,DO,DO,GIVE,BRING,THE,A,to,to,-35.959991455078125,"[-3.5844312, -10.723659, -7.708331, -4.335787, -2.4775398, -6.706216, -0.4240285]"
the president gave you the chicken .,a winner kept a coat for him .,DO,PD,GIVE,KEEP,THE,A,to,for,-46.233489990234375,"[-3.5251985, -10.580327, -9.018118, -3.3855743, -9.971451, -3.3963945, -5.3077884, -1.0486363]"
the president gave you the chicken .,a winner kept him a coat .,DO,DO,GIVE,KEEP,THE,A,to,for,-45.10728454589844,"[-3.5251985, -10.580327, -9.018118, -5.263338, -4.5079613, -11.089143, -1.1231985]"
the president gave you the pie .,a friend promised a beer to her .,DO,PD,GIVE,PROMISE,THE,A,to,to,-35.57835388183594,"[-3.557399, -6.3573933, -8.765167, -3.6948526, -5.7683735, -2.5899825, -2.7023828, -2.1428037]"
the president gave you the pie .,a friend promised her a beer .,DO,DO,GIVE,PROMISE,THE,A,to,to,-29.215730667114258,"[-3.557399, -6.3573933, -8.765167, -3.1207159, -1.4866464, -4.6304474, -1.2979605]"
the president gave you the salad .,a candidate designed a coat for them .,DO,PD,GIVE,DESIGN,THE,A,to,for,-45.94297409057617,"[-3.569303, -7.9586697, -11.313644, -3.6817632, -9.226621, -2.0364382, -7.3230133, -0.83352095]"
the president gave you the salad .,a candidate designed them a coat .,DO,DO,GIVE,DESIGN,THE,A,to,for,-49.7074089050293,"[-3.569303, -7.9586697, -11.313644, -8.342173, -6.9116125, -9.460662, -2.151346]"
the president got him the meal .,a cop delivered a salad for her .,DO,PD,GET,DELIVER,THE,A,for,for,-40.77119827270508,"[-3.581769, -8.4508705, -9.38759, -0.9815231, -10.617783, -2.7851155, -2.757461, -2.2090867]"
the president got him the meal .,a cop delivered her a salad .,DO,DO,GET,DELIVER,THE,A,for,for,-38.446510314941406,"[-3.581769, -8.4508705, -9.38759, -3.8043504, -4.2721987, -7.884146, -1.065588]"
the president got me the newspaper .,an aunt brought a jacket to him .,DO,PD,GET,BRING,THE,A,for,to,-40.66579818725586,"[-5.7138753, -8.013048, -7.1386237, -2.2886863, -8.92939, -1.1265348, -6.292015, -1.1636267]"
the president got me the newspaper .,an aunt brought him a jacket .,DO,DO,GET,BRING,THE,A,for,to,-38.390846252441406,"[-5.7138753, -8.013048, -7.1386237, -4.7417645, -1.7352494, -9.691617, -1.3566678]"
the president got the beer for us .,a reader took a newspaper to me .,PD,PD,GET,TAKE,THE,A,for,to,-44.97685241699219,"[-3.4814005, -7.939225, -6.849038, -2.1795464, -12.043922, -3.5647874, -6.964627, -1.954306]"
the president got the beer for us .,a reader took me a newspaper .,PD,DO,GET,TAKE,THE,A,for,to,-42.15010070800781,"[-3.4814005, -7.939225, -6.849038, -3.7117577, -1.1916258, -13.416297, -5.5607557]"
the president got the beer for us .,an aunt threw a key to me .,PD,PD,GET,THROW,THE,A,for,to,-43.33405685424805,"[-5.6882496, -8.423368, -9.252925, -0.6213455, -7.854485, -1.9177086, -7.629713, -1.946261]"
the president got the beer for us .,an aunt threw me a key .,PD,DO,GET,THROW,THE,A,for,to,-39.79143524169922,"[-5.6882496, -8.423368, -9.252925, -6.6400776, -0.3212185, -7.8322563, -1.6333383]"
the president got the meal for him .,a cop delivered a salad for her .,PD,PD,GET,DELIVER,THE,A,for,for,-38.533206939697266,"[-3.5043118, -8.472042, -9.900127, -0.7273083, -10.435031, -1.2554274, -2.7276177, -1.5113409]"
the president got the meal for him .,a cop delivered her a salad .,PD,DO,GET,DELIVER,THE,A,for,for,-42.32038116455078,"[-3.5043118, -8.472042, -9.900127, -5.1560736, -5.205422, -8.506215, -1.5761883]"
the president got the meal for us .,a kid bought a key for him .,PD,PD,GET,BUY,THE,A,for,for,-36.04894256591797,"[-3.5055015, -8.9354315, -8.269611, -0.65403, -7.7390747, -1.7731204, -3.6562595, -1.5159117]"
the president got the meal for us .,a kid bought him a key .,PD,DO,GET,BUY,THE,A,for,for,-34.9144172668457,"[-3.5055015, -8.9354315, -8.269611, -3.8899605, -0.5348144, -7.5034914, -2.2756062]"
the president got the meal for us .,a doctor caught a television for them .,PD,PD,GET,CATCH,THE,A,for,for,-46.753238677978516,"[-3.5055015, -7.2682486, -7.5226192, -3.5032263, -10.191023, -7.277849, -6.700613, -0.78415847]"
the president got the meal for us .,a doctor caught them a television .,PD,DO,GET,CATCH,THE,A,for,for,-46.85799026489258,"[-3.5055015, -7.2682486, -7.5226192, -6.8410225, -6.2191577, -11.676101, -3.8253405]"
the president got the newspaper for me .,an aunt brought a jacket to him .,PD,PD,GET,BRING,THE,A,for,to,-40.43226623535156,"[-5.6989655, -8.315657, -7.3734508, -1.7275085, -8.80313, -1.2251194, -6.0251613, -1.263273]"
the president got the newspaper for me .,an aunt brought him a jacket .,PD,DO,GET,BRING,THE,A,for,to,-38.487083435058594,"[-5.6989655, -8.315657, -7.3734508, -4.829876, -1.4704013, -8.853782, -1.9449526]"
the president got the newspaper for us .,a manager saved an anchor for me .,PD,PD,GET,SAVE,THE,A,for,for,-42.006778717041016,"[-3.5062428, -8.514688, -11.370105, -3.945384, -7.725256, -2.6117196, -3.5119243, -0.8214613]"
the president got the newspaper for us .,a manager saved me an anchor .,PD,DO,GET,SAVE,THE,A,for,for,-47.35755157470703,"[-3.5062428, -8.514688, -11.370105, -5.029172, -4.7649183, -11.562068, -2.6103604]"
the president got us the beer .,a reader took a newspaper to me .,DO,PD,GET,TAKE,THE,A,for,to,-41.79424285888672,"[-3.5211873, -8.049066, -6.6551466, -2.149832, -11.49235, -3.6155353, -4.4400992, -1.8710239]"
the president got us the beer .,a reader took me a newspaper .,DO,DO,GET,TAKE,THE,A,for,to,-36.986839294433594,"[-3.5211873, -8.049066, -6.6551466, -3.006716, -1.1546978, -11.351812, -3.2482116]"
the president got us the beer .,an aunt threw a key to me .,DO,PD,GET,THROW,THE,A,for,to,-42.845191955566406,"[-5.7372413, -8.263748, -8.875303, -0.66715586, -8.228715, -2.246738, -7.0460567, -1.7802327]"
the president got us the beer .,an aunt threw me a key .,DO,DO,GET,THROW,THE,A,for,to,-37.75019836425781,"[-5.7372413, -8.263748, -8.875303, -5.74313, -0.33863658, -7.68781, -1.1043314]"
the president got us the meal .,a kid bought a key for him .,DO,PD,GET,BUY,THE,A,for,for,-38.03002166748047,"[-3.567881, -8.965798, -8.138524, -0.7976043, -8.057642, -2.442321, -4.690711, -1.3695413]"
the president got us the meal .,a kid bought him a key .,DO,DO,GET,BUY,THE,A,for,for,-34.33425521850586,"[-3.567881, -8.965798, -8.138524, -3.4566486, -0.68733144, -7.9669094, -1.5511595]"
the president got us the meal .,a doctor caught a television for them .,DO,PD,GET,CATCH,THE,A,for,for,-48.70447540283203,"[-3.567881, -7.1284313, -7.5200815, -3.1487799, -10.102042, -7.9739094, -8.361288, -0.9020616]"
the president got us the meal .,a doctor caught them a television .,DO,DO,GET,CATCH,THE,A,for,for,-45.72541046142578,"[-3.567881, -7.1284313, -7.5200815, -6.085493, -6.3977737, -11.9859085, -3.0398393]"
the president got us the newspaper .,a manager saved an anchor for me .,DO,PD,GET,SAVE,THE,A,for,for,-42.585548400878906,"[-3.554046, -8.4408, -11.115368, -3.8619113, -7.4803314, -3.1000166, -4.0255, -1.0075759]"
the president got us the newspaper .,a manager saved me an anchor .,DO,DO,GET,SAVE,THE,A,for,for,-44.042205810546875,"[-3.554046, -8.4408, -11.115368, -3.979239, -4.167474, -10.857933, -1.9273459]"
the president kept me the salad .,a lawyer sold a chicken to you .,DO,PD,KEEP,SELL,THE,A,for,to,-39.887725830078125,"[-3.6037621, -6.566904, -11.766827, -1.8057685, -6.397718, -1.1938367, -7.0209575, -1.5319498]"
the president kept me the salad .,a lawyer sold you a chicken .,DO,DO,KEEP,SELL,THE,A,for,to,-36.18800354003906,"[-3.6037621, -6.566904, -11.766827, -6.2938027, -1.0788047, -5.720035, -1.157871]"
the president kept the salad for me .,a lawyer sold a chicken to you .,PD,PD,KEEP,SELL,THE,A,for,to,-40.05352783203125,"[-3.562673, -6.524444, -11.6841755, -1.7522023, -6.247303, -1.2631164, -7.283866, -1.7357476]"
the president kept the salad for me .,a lawyer sold you a chicken .,PD,DO,KEEP,SELL,THE,A,for,to,-38.26222229003906,"[-3.562673, -6.524444, -11.6841755, -7.2175636, -1.0944761, -6.1647453, -2.0141451]"
the president left the juice for us .,a daughter showed a flower to you .,PD,PD,LEAVE,SHOW,THE,A,for,to,-41.56657409667969,"[-3.4980927, -9.060852, -7.50836, -2.9564028, -8.937517, -1.5074874, -7.142081, -0.95578134]"
the president left the juice for us .,a daughter showed you a flower .,PD,DO,LEAVE,SHOW,THE,A,for,to,-39.1202278137207,"[-3.4980927, -9.060852, -7.50836, -6.848197, -2.1845288, -8.541828, -1.478369]"
the president left the juice for you .,a son gave a button to him .,PD,PD,LEAVE,GIVE,THE,A,for,to,-40.317108154296875,"[-3.4962602, -8.434294, -7.0586877, -1.645828, -12.30694, -0.9191349, -4.9692903, -1.4866769]"
the president left the juice for you .,a son gave him a button .,PD,DO,LEAVE,GIVE,THE,A,for,to,-33.840457916259766,"[-3.4962602, -8.434294, -7.0586877, -3.2791297, -0.530094, -9.48369, -1.5583017]"
the president left us the juice .,a daughter showed a flower to you .,DO,PD,LEAVE,SHOW,THE,A,for,to,-42.45722198486328,"[-3.489323, -9.0230055, -7.680069, -3.095048, -9.162235, -1.3279569, -7.4781394, -1.2014467]"
the president left us the juice .,a daughter showed you a flower .,DO,DO,LEAVE,SHOW,THE,A,for,to,-39.298973083496094,"[-3.489323, -9.0230055, -7.680069, -6.4030533, -2.7480464, -8.896051, -1.0594255]"
the president left you the juice .,a son gave a button to him .,DO,PD,LEAVE,GIVE,THE,A,for,to,-43.79227066040039,"[-3.4781032, -8.413895, -7.1811733, -1.5799148, -13.073811, -1.445374, -6.552706, -2.0672936]"
the president left you the juice .,a son gave him a button .,DO,DO,LEAVE,GIVE,THE,A,for,to,-35.67909622192383,"[-3.4781032, -8.413895, -7.1811733, -4.476844, -0.56257045, -10.344536, -1.2219754]"
the president made me the anchor .,a candidate brought a chocolate to you .,DO,PD,MAKE,BRING,THE,A,for,to,-44.33910369873047,"[-3.5144877, -8.253295, -8.23657, -1.7523085, -9.082239, -5.3224173, -6.8222604, -1.3555284]"
the president made me the anchor .,a candidate brought you a chocolate .,DO,DO,MAKE,BRING,THE,A,for,to,-40.97151184082031,"[-3.5144877, -8.253295, -8.23657, -5.9251466, -1.6126593, -9.0165615, -4.4127917]"
the president made me the knife .,a hero got a tea for it .,DO,PD,MAKE,GET,THE,A,for,for,-42.784629821777344,"[-3.5581942, -8.969844, -6.965212, -1.9166012, -10.862678, -3.7247112, -6.22205, -0.56534123]"
the president made me the knife .,a hero got it a tea .,DO,DO,MAKE,GET,THE,A,for,for,-45.067955017089844,"[-3.5581942, -8.969844, -6.965212, -4.9198875, -6.2861204, -13.285786, -1.0829091]"
the president made the anchor for me .,a candidate brought a chocolate to you .,PD,PD,MAKE,BRING,THE,A,for,to,-44.274688720703125,"[-3.528982, -8.267103, -8.747401, -2.256854, -8.930249, -4.9643674, -6.3594656, -1.2202685]"
the president made the anchor for me .,a candidate brought you a chocolate .,PD,DO,MAKE,BRING,THE,A,for,to,-41.589962005615234,"[-3.528982, -8.267103, -8.747401, -6.6629486, -1.7541264, -7.96597, -4.6634297]"
the president made the knife for me .,a hero got a tea for it .,PD,PD,MAKE,GET,THE,A,for,for,-41.433799743652344,"[-3.5079103, -8.956083, -7.161442, -1.4618895, -10.739672, -2.0430532, -7.0687513, -0.4950004]"
the president made the knife for me .,a hero got it a tea .,PD,DO,MAKE,GET,THE,A,for,for,-44.930355072021484,"[-3.5079103, -8.956083, -7.161442, -4.8549232, -6.053404, -13.062128, -1.3344641]"
the president made the knife for them .,a singer threw a candy to it .,PD,PD,MAKE,THROW,THE,A,for,to,-44.01334762573242,"[-3.4981968, -10.573374, -8.607687, -0.69984406, -7.9332094, -4.605281, -7.062316, -1.0334417]"
the president made the knife for them .,a singer threw it a candy .,PD,DO,MAKE,THROW,THE,A,for,to,-50.17295837402344,"[-3.4981968, -10.573374, -8.607687, -6.631039, -5.730853, -10.7026615, -4.4291463]"
the president made the knife for you .,an employer kept a coffee for it .,PD,PD,MAKE,KEEP,THE,A,for,for,-46.046016693115234,"[-5.751471, -7.892674, -9.959703, -1.3811594, -9.947118, -3.4889512, -7.0145693, -0.61036986]"
the president made the knife for you .,an employer kept it a coffee .,PD,DO,MAKE,KEEP,THE,A,for,for,-45.72305679321289,"[-5.751471, -7.892674, -9.959703, -4.624928, -2.47996, -12.602399, -2.4119208]"
the president made them the knife .,a singer threw a candy to it .,DO,PD,MAKE,THROW,THE,A,for,to,-45.74430465698242,"[-3.5160127, -10.731331, -8.539638, -0.63708466, -8.356668, -5.1602373, -7.598963, -1.2043709]"
the president made them the knife .,a singer threw it a candy .,DO,DO,MAKE,THROW,THE,A,for,to,-48.721397399902344,"[-3.5160127, -10.731331, -8.539638, -6.616588, -5.4206305, -9.690699, -4.206497]"
the president made you the knife .,an employer kept a coffee for it .,DO,PD,MAKE,KEEP,THE,A,for,for,-46.96966552734375,"[-5.7367334, -8.000606, -9.670677, -1.3961226, -9.882456, -4.523202, -6.9748545, -0.78501445]"
the president made you the knife .,an employer kept it a coffee .,DO,DO,MAKE,KEEP,THE,A,for,for,-45.50605773925781,"[-5.7367334, -8.000606, -9.670677, -4.7248235, -1.8587627, -13.807942, -1.706514]"
the president promised her the bag .,a buddy threw a box to you .,DO,PD,PROMISE,THROW,THE,A,to,to,-42.095340728759766,"[-3.5992012, -10.927563, -7.670879, -1.0228827, -5.6933, -5.4712605, -6.9250627, -0.7851923]"
the president promised her the bag .,a buddy threw you a box .,DO,DO,PROMISE,THROW,THE,A,to,to,-35.64480972290039,"[-3.5992012, -10.927563, -7.670879, -6.7710724, -0.5348217, -4.612175, -1.5290984]"
the president promised him the beer .,a singer showed a cheese to us .,DO,PD,PROMISE,SHOW,THE,A,to,to,-51.274139404296875,"[-3.6131678, -10.118771, -8.752382, -3.2093053, -12.217343, -5.011509, -6.942567, -1.4090949]"
the president promised him the beer .,a singer showed us a cheese .,DO,DO,PROMISE,SHOW,THE,A,to,to,-44.42580032348633,"[-3.6131678, -10.118771, -8.752382, -4.8446364, -1.7057972, -11.991035, -3.4000096]"
the president promised him the cheese .,a guy found a beer for me .,DO,PD,PROMISE,FIND,THE,A,to,for,-32.89143371582031,"[-3.644296, -7.7811985, -6.493576, -0.7634045, -5.7095375, -4.397131, -2.9505277, -1.1517631]"
the president promised him the cheese .,a guy found me a beer .,DO,DO,PROMISE,FIND,THE,A,to,for,-29.876220703125,"[-3.644296, -7.7811985, -6.493576, -5.9351573, -1.40779, -3.5210385, -1.0931656]"
the president promised him the cheese .,a father bought a chicken for us .,DO,PD,PROMISE,BUY,THE,A,to,for,-37.00660705566406,"[-3.644296, -6.543272, -8.460441, -1.1214234, -4.8747435, -3.1346893, -7.711326, -1.5164163]"
the president promised him the cheese .,a father bought us a chicken .,DO,DO,PROMISE,BUY,THE,A,to,for,-34.4727783203125,"[-3.644296, -6.543272, -8.460441, -7.9328856, -1.0385649, -4.9761944, -1.8771263]"
the president promised him the cheese .,a mayor bought a jacket for her .,DO,PD,PROMISE,BUY,THE,A,to,for,-40.6185417175293,"[-3.644296, -9.26829, -10.557267, -1.0896022, -8.367979, -2.4808521, -2.0424318, -3.167824]"
the president promised him the cheese .,a mayor bought her a jacket .,DO,DO,PROMISE,BUY,THE,A,to,for,-36.42961502075195,"[-3.644296, -9.26829, -10.557267, -2.7390096, -1.3061106, -7.762392, -1.1522481]"
the president promised it the cheese .,a sheriff sent a bottle to them .,DO,PD,PROMISE,SEND,THE,A,to,to,-39.69731140136719,"[-3.6215367, -8.134728, -8.166163, -1.1798869, -8.448843, -3.0075805, -6.238332, -0.90023977]"
the president promised it the cheese .,a sheriff sent them a bottle .,DO,DO,PROMISE,SEND,THE,A,to,to,-37.04036331176758,"[-3.6215367, -8.134728, -8.166163, -6.0105658, -2.2508883, -5.7209167, -3.1355658]"
the president promised it the juice .,a cop left a candy for you .,DO,PD,PROMISE,LEAVE,THE,A,to,for,-41.31171798706055,"[-3.6193187, -8.592839, -7.378934, -1.3585114, -8.549305, -4.800069, -5.744289, -1.2684523]"
the president promised it the juice .,a cop left you a candy .,DO,DO,PROMISE,LEAVE,THE,A,to,for,-38.19944381713867,"[-3.6193187, -8.592839, -7.378934, -7.141298, -2.023688, -7.6673656, -1.7760005]"
the president promised me the book .,a winner fed a meal to you .,DO,PD,PROMISE,FEED,THE,A,to,to,-46.04247283935547,"[-3.61588, -10.395513, -12.522317, -2.3755462, -7.2263417, -1.5646756, -7.2431, -1.0990989]"
the president promised me the book .,a winner fed you a meal .,DO,DO,PROMISE,FEED,THE,A,to,to,-40.650657653808594,"[-3.61588, -10.395513, -12.522317, -6.142947, -2.8619585, -4.008582, -1.1034608]"
the president promised me the cheese .,a woman drew a bag for them .,DO,PD,PROMISE,DRAW,THE,A,to,for,-38.67157745361328,"[-3.639027, -4.0819025, -9.472243, -0.8357309, -7.8751945, -4.7050605, -6.513717, -1.5487027]"
the president promised me the cheese .,a woman drew them a bag .,DO,DO,PROMISE,DRAW,THE,A,to,for,-36.94844055175781,"[-3.639027, -4.0819025, -9.472243, -7.8737025, -2.0777311, -7.2631507, -2.5406823]"
the president promised me the log .,a cousin got a cheese for you .,DO,PD,PROMISE,GET,THE,A,to,for,-46.42642593383789,"[-3.6044436, -9.2557535, -7.8138647, -1.7336864, -13.510814, -4.0355873, -5.763074, -0.70920146]"
the president promised me the log .,a cousin got you a cheese .,DO,DO,PROMISE,GET,THE,A,to,for,-40.2113151550293,"[-3.6044436, -9.2557535, -7.8138647, -6.4258432, -1.2114829, -9.899143, -2.000787]"
the president promised the bag to her .,a buddy threw a box to you .,PD,PD,PROMISE,THROW,THE,A,to,to,-41.04167175292969,"[-3.5455594, -11.062041, -7.7593474, -0.8519676, -5.5978174, -4.778782, -6.80593, -0.64022934]"
the president promised the bag to her .,a buddy threw you a box .,PD,DO,PROMISE,THROW,THE,A,to,to,-36.49317932128906,"[-3.5455594, -11.062041, -7.7593474, -6.8453255, -0.49781066, -5.100114, -1.6829802]"
the president promised the beer to him .,a singer showed a cheese to us .,PD,PD,PROMISE,SHOW,THE,A,to,to,-47.1422004699707,"[-3.5679626, -10.023811, -8.607471, -2.9854126, -11.444683, -3.391386, -6.126647, -0.99482554]"
the president promised the beer to him .,a singer showed us a cheese .,PD,DO,PROMISE,SHOW,THE,A,to,to,-44.073890686035156,"[-3.5679626, -10.023811, -8.607471, -4.815215, -1.5557808, -11.360791, -4.1428614]"
the president promised the book to me .,a winner fed a meal to you .,PD,PD,PROMISE,FEED,THE,A,to,to,-44.978729248046875,"[-3.5479977, -10.467662, -13.316359, -1.9472716, -7.2370825, -0.83630514, -6.5399036, -1.0861511]"
the president promised the book to me .,a winner fed you a meal .,PD,DO,PROMISE,FEED,THE,A,to,to,-42.04076385498047,"[-3.5479977, -10.467662, -13.316359, -6.58327, -2.2813196, -4.4725084, -1.3716487]"
the president promised the book to you .,a buddy got a beer for us .,PD,PD,PROMISE,GET,THE,A,to,for,-36.35858154296875,"[-3.535075, -11.102654, -6.603702, -1.3419466, -6.3410544, -2.8690844, -3.6390543, -0.92600906]"
the president promised the book to you .,a buddy got us a beer .,PD,DO,PROMISE,GET,THE,A,to,for,-33.86277389526367,"[-3.535075, -11.102654, -6.603702, -5.081788, -1.2561368, -4.8568206, -1.4265976]"
the president promised the cheese to him .,a guy found a beer for me .,PD,PD,PROMISE,FIND,THE,A,to,for,-33.210716247558594,"[-3.5730524, -7.741171, -6.7671647, -0.8035703, -5.856446, -4.3431253, -2.9968812, -1.1293035]"
the president promised the cheese to him .,a guy found me a beer .,PD,DO,PROMISE,FIND,THE,A,to,for,-32.20094299316406,"[-3.5730524, -7.741171, -6.7671647, -6.5858064, -2.2263024, -3.8859978, -1.4214481]"
the president promised the cheese to him .,a father bought a chicken for us .,PD,PD,PROMISE,BUY,THE,A,to,for,-35.786643981933594,"[-3.5730524, -6.546966, -8.628122, -0.82987845, -5.222967, -2.335499, -7.2780366, -1.3721213]"
the president promised the cheese to him .,a father bought us a chicken .,PD,DO,PROMISE,BUY,THE,A,to,for,-36.02669906616211,"[-3.5730524, -6.546966, -8.628122, -8.582261, -0.7112887, -5.4494047, -2.5356026]"
the president promised the cheese to him .,a mayor bought a jacket for her .,PD,PD,PROMISE,BUY,THE,A,to,for,-40.00668716430664,"[-3.5730524, -9.313805, -10.714622, -0.77936614, -8.36295, -2.2902308, -2.1077237, -2.8649378]"
the president promised the cheese to him .,a mayor bought her a jacket .,PD,DO,PROMISE,BUY,THE,A,to,for,-37.59349822998047,"[-3.5730524, -9.313805, -10.714622, -3.760199, -0.798572, -7.475377, -1.9578713]"
the president promised the cheese to it .,a sheriff sent a bottle to them .,PD,PD,PROMISE,SEND,THE,A,to,to,-37.12356185913086,"[-3.5671878, -8.298675, -8.215792, -1.1648359, -8.190842, -2.2334492, -4.7728386, -0.6799431]"
the president promised the cheese to it .,a sheriff sent them a bottle .,PD,DO,PROMISE,SEND,THE,A,to,to,-39.65465545654297,"[-3.5671878, -8.298675, -8.215792, -6.06452, -2.9252672, -6.575371, -4.007841]"
the president promised the cheese to me .,a woman drew a bag for them .,PD,PD,PROMISE,DRAW,THE,A,to,for,-38.33657455444336,"[-3.5652242, -3.911059, -9.838193, -0.6687618, -7.432165, -4.667948, -6.4106507, -1.8425739]"
the president promised the cheese to me .,a woman drew them a bag .,PD,DO,PROMISE,DRAW,THE,A,to,for,-37.80497741699219,"[-3.5652242, -3.911059, -9.838193, -7.9546685, -2.4088264, -6.9490128, -3.1779966]"
the president promised the cheese to them .,a mayor kept a wire for us .,PD,PD,PROMISE,KEEP,THE,A,to,for,-49.1014404296875,"[-3.565182, -9.364521, -11.266099, -2.4488652, -9.52845, -4.658798, -6.50794, -1.7615881]"
the president promised the cheese to them .,a mayor kept us a wire .,PD,DO,PROMISE,KEEP,THE,A,to,for,-52.066184997558594,"[-3.565182, -9.364521, -11.266099, -6.9534655, -6.3821464, -12.350234, -2.1845345]"
the president promised the chicken to them .,a prince left a meal for him .,PD,PD,PROMISE,LEAVE,THE,A,to,for,-37.40925216674805,"[-3.5327415, -10.811291, -7.069502, -1.5456951, -7.868176, -1.3286928, -3.74884, -1.5043149]"
the president promised the chicken to them .,a prince left him a meal .,PD,DO,PROMISE,LEAVE,THE,A,to,for,-35.8767204284668,"[-3.5327415, -10.811291, -7.069502, -4.758828, -1.7666233, -6.22579, -1.7119458]"
the president promised the chicken to you .,an aunt left a beer for me .,PD,PD,PROMISE,LEAVE,THE,A,to,for,-37.52476501464844,"[-5.727953, -8.241389, -6.96634, -1.1572487, -7.950779, -3.1939921, -3.1145415, -1.1725243]"
the president promised the chicken to you .,an aunt left me a beer .,PD,DO,PROMISE,LEAVE,THE,A,to,for,-35.16550064086914,"[-5.727953, -8.241389, -6.96634, -4.568536, -1.2664084, -6.824085, -1.5707886]"
the president promised the coffee to them .,a mother sent a juice to us .,PD,PD,PROMISE,SEND,THE,A,to,to,-38.19656753540039,"[-3.5534904, -6.030712, -7.3319216, -1.0130281, -13.047184, -1.1437082, -4.9448733, -1.1316495]"
the president promised the coffee to them .,a mother sent us a juice .,PD,DO,PROMISE,SEND,THE,A,to,to,-39.178916931152344,"[-3.5534904, -6.030712, -7.3319216, -4.972783, -1.2218764, -12.335171, -3.7329617]"
the president promised the coffee to us .,a husband left a pie for him .,PD,PD,PROMISE,LEAVE,THE,A,to,for,-39.45838165283203,"[-3.5520334, -8.606435, -7.695469, -1.7641767, -8.7654705, -2.4472098, -4.7246428, -1.9029458]"
the president promised the coffee to us .,a husband left him a pie .,PD,DO,PROMISE,LEAVE,THE,A,to,for,-35.372535705566406,"[-3.5520334, -8.606435, -7.695469, -4.3860097, -1.8154583, -7.4334335, -1.8836958]"
the president promised the juice to it .,a cop left a candy for you .,PD,PD,PROMISE,LEAVE,THE,A,to,for,-39.815086364746094,"[-3.5874834, -8.560879, -7.295579, -1.2708589, -8.544317, -4.099246, -5.3414965, -1.1152292]"
the president promised the juice to it .,a cop left you a candy .,PD,DO,PROMISE,LEAVE,THE,A,to,for,-39.02906799316406,"[-3.5874834, -8.560879, -7.295579, -7.249954, -2.1291077, -7.9981017, -2.2079608]"
the president promised the juice to us .,a man drew a card for me .,PD,PD,PROMISE,DRAW,THE,A,to,for,-32.342491149902344,"[-3.5817618, -3.0545774, -9.269668, -0.7094276, -6.519574, -3.447476, -4.293297, -1.4667075]"
the president promised the juice to us .,a man drew me a card .,PD,DO,PROMISE,DRAW,THE,A,to,for,-32.140830993652344,"[-3.5817618, -3.0545774, -9.269668, -7.4586267, -2.310762, -4.6729155, -1.7925209]"
the president promised the log to me .,a cousin got a cheese for you .,PD,PD,PROMISE,GET,THE,A,to,for,-45.73484420776367,"[-3.53216, -9.464079, -8.120746, -1.3772103, -12.887514, -3.7734756, -5.886319, -0.6933422]"
the president promised the log to me .,a cousin got you a cheese .,PD,DO,PROMISE,GET,THE,A,to,for,-40.618324279785156,"[-3.53216, -9.464079, -8.120746, -6.7156844, -1.0196245, -9.578952, -2.1870782]"
the president promised the log to you .,a mother drew a crystal for us .,PD,PD,PROMISE,DRAW,THE,A,to,for,-40.16169357299805,"[-3.511751, -6.1983514, -9.282754, -0.801317, -9.358089, -4.067789, -5.6573086, -1.2843325]"
the president promised the log to you .,a mother drew us a crystal .,PD,DO,PROMISE,DRAW,THE,A,to,for,-40.723731994628906,"[-3.511751, -6.1983514, -9.282754, -8.173395, -1.0468589, -9.439279, -3.0713444]"
the president promised them the cheese .,a mayor kept a wire for us .,DO,PD,PROMISE,KEEP,THE,A,to,for,-49.419158935546875,"[-3.5930846, -9.319554, -10.900449, -2.9004228, -9.828968, -4.593516, -6.68229, -1.6008735]"
the president promised them the cheese .,a mayor kept us a wire .,DO,DO,PROMISE,KEEP,THE,A,to,for,-51.085453033447266,"[-3.5930846, -9.319554, -10.900449, -6.8354034, -6.4587326, -12.377775, -1.6004539]"
the president promised them the chicken .,a prince left a meal for him .,DO,PD,PROMISE,LEAVE,THE,A,to,for,-37.38526916503906,"[-3.5722823, -10.812456, -6.6707253, -1.4799715, -7.615105, -1.2845454, -4.2144713, -1.7357118]"
the president promised them the chicken .,a prince left him a meal .,DO,DO,PROMISE,LEAVE,THE,A,to,for,-33.88748550415039,"[-3.5722823, -10.812456, -6.6707253, -4.445807, -1.4898849, -5.6819816, -1.214346]"
the president promised them the coffee .,a mother sent a juice to us .,DO,PD,PROMISE,SEND,THE,A,to,to,-41.999664306640625,"[-3.5828643, -5.9682484, -7.1690707, -1.0749253, -13.4471035, -2.284842, -7.1688347, -1.3037742]"
the president promised them the coffee .,a mother sent us a juice .,DO,DO,PROMISE,SEND,THE,A,to,to,-38.44283676147461,"[-3.5828643, -5.9682484, -7.1690707, -5.249838, -1.3317809, -12.326068, -2.8149667]"
the president promised us the coffee .,a husband left a pie for him .,DO,PD,PROMISE,LEAVE,THE,A,to,for,-40.37562561035156,"[-3.600339, -8.440898, -7.3939342, -2.1471193, -9.088189, -2.400146, -5.5816207, -1.7233778]"
the president promised us the coffee .,a husband left him a pie .,DO,DO,PROMISE,LEAVE,THE,A,to,for,-33.31340026855469,"[-3.600339, -8.440898, -7.3939342, -4.2481937, -1.7133789, -6.90106, -1.0155971]"
the president promised us the juice .,a man drew a card for me .,DO,PD,PROMISE,DRAW,THE,A,to,for,-33.82860565185547,"[-3.6116934, -3.1478086, -9.0969715, -0.76300883, -6.794028, -3.79759, -5.049609, -1.5678977]"
the president promised us the juice .,a man drew me a card .,DO,DO,PROMISE,DRAW,THE,A,to,for,-30.44658088684082,"[-3.6116934, -3.1478086, -9.0969715, -7.629554, -0.84766835, -4.608042, -1.5048425]"
the president promised you the book .,a buddy got a beer for us .,DO,PD,PROMISE,GET,THE,A,to,for,-36.619869232177734,"[-3.576528, -11.023794, -6.3553715, -1.4839805, -6.1467843, -3.138595, -3.8907475, -1.0040667]"
the president promised you the book .,a buddy got us a beer .,DO,DO,PROMISE,GET,THE,A,to,for,-33.20146179199219,"[-3.576528, -11.023794, -6.3553715, -5.145807, -1.0727184, -4.711875, -1.315368]"
the president promised you the chicken .,an aunt left a beer for me .,DO,PD,PROMISE,LEAVE,THE,A,to,for,-38.75213623046875,"[-5.733655, -8.120164, -6.954273, -1.2280895, -8.121358, -3.1367111, -4.1658864, -1.2919965]"
the president promised you the chicken .,an aunt left me a beer .,DO,DO,PROMISE,LEAVE,THE,A,to,for,-33.81324768066406,"[-5.733655, -8.120164, -6.954273, -4.4383802, -1.0620239, -6.353903, -1.1508471]"
the president promised you the log .,a mother drew a crystal for us .,DO,PD,PROMISE,DRAW,THE,A,to,for,-40.50908660888672,"[-3.5712214, -6.129098, -9.060376, -0.96380115, -9.250495, -4.434965, -5.6925554, -1.4065719]"
the president promised you the log .,a mother drew us a crystal .,DO,DO,PROMISE,DRAW,THE,A,to,for,-39.46772766113281,"[-3.5712214, -6.129098, -9.060376, -7.553691, -0.80355245, -9.585612, -2.764177]"
the president purchased him the cheese .,an attorney showed a tea to you .,DO,PD,PURCHASE,SHOW,THE,A,for,to,-45.97521209716797,"[-5.703398, -4.940874, -7.992114, -2.703625, -10.914585, -4.383717, -8.117848, -1.2190484]"
the president purchased him the cheese .,an attorney showed you a tea .,DO,DO,PURCHASE,SHOW,THE,A,for,to,-40.16611862182617,"[-5.703398, -4.940874, -7.992114, -6.916811, -2.3324487, -10.173617, -2.106857]"
the president purchased him the computer .,a father bought a chicken for us .,DO,PD,PURCHASE,BUY,THE,A,for,for,-38.79914474487305,"[-3.628022, -6.599553, -7.306402, -3.3277493, -6.2725286, -2.6401622, -7.6429944, -1.3817323]"
the president purchased him the computer .,a father bought us a chicken .,DO,DO,PURCHASE,BUY,THE,A,for,for,-34.82936096191406,"[-3.628022, -6.599553, -7.306402, -7.576067, -1.1960938, -6.861683, -1.6615427]"
the president purchased me the ball .,a reader sold a cheese to them .,DO,PD,PURCHASE,SELL,THE,A,for,to,-50.304832458496094,"[-3.6462603, -7.350315, -11.349378, -4.368886, -11.459954, -4.242243, -7.034007, -0.8537889]"
the president purchased me the ball .,a reader sold them a cheese .,DO,DO,PURCHASE,SELL,THE,A,for,to,-45.66115188598633,"[-3.6462603, -7.350315, -11.349378, -7.5008764, -2.376626, -11.227648, -2.2100472]"
the president purchased me the cheese .,a worker drew an engine for you .,DO,PD,PURCHASE,DRAW,THE,A,for,for,-44.58338165283203,"[-3.6662765, -6.6345797, -10.39456, -3.6141698, -7.6498795, -4.094757, -7.328895, -1.2002647]"
the president purchased me the cheese .,a worker drew you an engine .,DO,DO,PURCHASE,DRAW,THE,A,for,for,-44.98271179199219,"[-3.6662765, -6.6345797, -10.39456, -9.554556, -4.512124, -8.810412, -1.4102044]"
the president purchased me the cheese .,a candidate left a log for you .,DO,PD,PURCHASE,LEAVE,THE,A,for,for,-42.85784912109375,"[-3.6662765, -8.074003, -7.7781115, -2.1743624, -9.740056, -4.1523123, -5.7030396, -1.5696906]"
the president purchased me the cheese .,a candidate left you a log .,DO,DO,PURCHASE,LEAVE,THE,A,for,for,-41.19867706298828,"[-3.6662765, -8.074003, -7.7781115, -6.6630945, -3.2121544, -9.598478, -2.2065606]"
