prime_sentence,target_sentence,prime_structure,target_structure,prime_verb,target_verb,prime_det,target_det,prime_prep,target_prep,log_prob,probs
the worker brought the pilot the candy .,a captain supplied a salad to a band .,DO,PD,BRING,SUPPLY,THE,A,to,to,-51.953304290771484,"[-3.540842, -9.873821, -12.013626, -2.4612873, -9.657408, -1.4310362, -1.7866563, -7.505665, -3.6829612]"
the worker brought the pilot the candy .,a captain supplied a band a salad .,DO,DO,BRING,SUPPLY,THE,A,to,to,-55.396785736083984,"[-3.540842, -9.873821, -12.013626, -2.4612873, -9.323084, -8.342921, -8.671355, -1.1698512]"
the worker brought the priest the beer .,a husband left a pie for a company .,DO,PD,BRING,LEAVE,THE,A,to,for,-49.17255783081055,"[-3.528314, -8.522037, -8.232464, -1.8031528, -9.978199, -2.7559955, -1.6668358, -9.595696, -3.0898647]"
the worker brought the priest the beer .,a husband left a company a pie .,DO,DO,BRING,LEAVE,THE,A,to,for,-49.823402404785156,"[-3.528314, -8.522037, -8.232464, -1.8031528, -7.9720545, -6.275904, -10.936593, -2.55288]"
the worker brought the priest the beer .,a father made a bell for a club .,DO,PD,BRING,MAKE,THE,A,to,for,-43.411399841308594,"[-3.528314, -6.4455795, -6.3971715, -0.9259802, -10.716846, -1.9457978, -2.185615, -9.567648, -1.6984444]"
the worker brought the priest the beer .,a father made a club a bell .,DO,DO,BRING,MAKE,THE,A,to,for,-46.841976165771484,"[-3.528314, -6.4455795, -6.3971715, -0.9259802, -10.874754, -5.2880297, -11.433973, -1.9481729]"
the worker brought the secretary the beer .,a brother drew a jacket for a business .,DO,PD,BRING,DRAW,THE,A,to,for,-50.833805084228516,"[-3.548945, -9.019743, -9.249149, -1.0643169, -10.4059925, -4.916036, -2.7840877, -5.706032, -4.139501]"
the worker brought the secretary the beer .,a brother drew a business a jacket .,DO,DO,BRING,DRAW,THE,A,to,for,-55.4945068359375,"[-3.548945, -9.019743, -9.249149, -1.0643169, -9.22139, -11.09694, -10.4543295, -1.8396947]"
the worker brought the secretary the beer .,a physician caught a bag for a brother .,DO,PD,BRING,CATCH,THE,A,to,for,-50.87452697753906,"[-3.548945, -9.119713, -8.786754, -3.989883, -8.550684, -4.3673315, -1.8369929, -8.823409, -1.8508153]"
the worker brought the secretary the beer .,a physician caught a brother a bag .,DO,DO,BRING,CATCH,THE,A,to,for,-50.38689422607422,"[-3.548945, -9.119713, -8.786754, -3.989883, -9.822533, -6.9441504, -4.8332996, -3.3416162]"
the worker brought the secretary the beer .,a cop delivered a salad for a winner .,DO,PD,BRING,DELIVER,THE,A,to,for,-49.755706787109375,"[-3.548945, -8.424503, -9.48915, -1.0777582, -11.945358, -3.1789765, -2.223004, -9.296127, -0.57188547]"
the worker brought the secretary the beer .,a cop delivered a winner a salad .,DO,DO,BRING,DELIVER,THE,A,to,for,-52.26272964477539,"[-3.548945, -8.424503, -9.48915, -1.0777582, -11.656264, -7.0503798, -10.133873, -0.8818582]"
the worker brought the uncle the gun .,a bishop gave a juice to an army .,DO,PD,BRING,GIVE,THE,A,to,to,-51.301937103271484,"[-3.5274305, -9.49555, -6.9271083, -1.5401937, -12.539137, -0.5030591, -3.265729, -8.560623, -4.9431047]"
the worker brought the uncle the gun .,a bishop gave an army a juice .,DO,DO,BRING,GIVE,THE,A,to,to,-51.198265075683594,"[-3.5274305, -9.49555, -6.9271083, -3.0496807, -8.91348, -5.3699007, -12.26646, -1.6486506]"
the worker brought the uncle the gun .,a boy purchased a beer for a princess .,DO,PD,BRING,PURCHASE,THE,A,to,for,-44.727622985839844,"[-3.5274305, -6.312804, -10.326995, -0.61438, -6.633317, -2.7515898, -2.005313, -11.061373, -1.4944226]"
the worker brought the uncle the gun .,a boy purchased a princess a beer .,DO,DO,BRING,PURCHASE,THE,A,to,for,-46.73590850830078,"[-3.5274305, -6.312804, -10.326995, -0.61438, -11.486882, -6.441921, -6.186392, -1.8391068]"
the worker caught the author the motor .,an attorney saved an anchor for a teacher .,DO,PD,CATCH,SAVE,THE,A,for,for,-49.267433166503906,"[-5.655437, -5.869238, -13.274616, -4.090938, -8.148953, -3.1964035, -2.0206704, -5.7216806, -1.2894965]"
the worker caught the author the motor .,an attorney saved a teacher an anchor .,DO,DO,CATCH,SAVE,THE,A,for,for,-53.10017395019531,"[-5.655437, -5.869238, -13.274616, -1.9977317, -6.6905074, -6.2019663, -10.74135, -2.6693256]"
the worker caught the book for the minister .,a secretary gave a tea to a business .,PD,PD,CATCH,GIVE,THE,A,for,to,-47.63490676879883,"[-3.4905014, -10.211212, -8.632703, -1.0332162, -9.492242, -0.82051086, -0.7167853, -6.505603, -6.732131]"
the worker caught the book for the minister .,a secretary gave a business a tea .,PD,DO,CATCH,GIVE,THE,A,for,to,-49.72123718261719,"[-3.4905014, -10.211212, -8.632703, -1.0332162, -9.280878, -5.961611, -8.539537, -2.5715764]"
the worker caught the camera for the manager .,a soldier brought a telephone to a kid .,PD,PD,CATCH,BRING,THE,A,for,to,-43.88069152832031,"[-3.4999828, -7.2710233, -8.279056, -1.186604, -9.037663, -0.93091345, -1.4928342, -9.731911, -2.4507027]"
the worker caught the camera for the manager .,a soldier brought a kid a telephone .,PD,DO,CATCH,BRING,THE,A,for,to,-47.878021240234375,"[-3.4999828, -7.2710233, -8.279056, -1.186604, -9.492672, -5.6274567, -10.498166, -2.023061]"
the worker caught the crystal for the guest .,a manager gave a guitar to an army .,PD,PD,CATCH,GIVE,THE,A,for,to,-49.69972610473633,"[-3.5030823, -8.402651, -8.058586, -1.4714117, -11.920946, -0.5565468, -2.964768, -7.618298, -5.203437]"
the worker caught the crystal for the guest .,a manager gave an army a guitar .,PD,DO,CATCH,GIVE,THE,A,for,to,-53.47010803222656,"[-3.5030823, -8.402651, -8.058586, -3.252802, -10.491602, -8.431918, -9.110077, -2.219391]"
the worker caught the crystal for the guest .,a cop kept a coffee for a company .,PD,PD,CATCH,KEEP,THE,A,for,for,-48.20539855957031,"[-3.5030823, -8.434571, -8.168468, -1.2254926, -9.9325485, -2.2924597, -1.617873, -9.141253, -3.889647]"
the worker caught the crystal for the guest .,a cop kept a company a coffee .,PD,DO,CATCH,KEEP,THE,A,for,for,-48.33015823364258,"[-3.5030823, -8.434571, -8.168468, -1.2254926, -7.757472, -6.544338, -9.431435, -3.2652974]"
the worker caught the guest the crystal .,a manager gave a guitar to an army .,DO,PD,CATCH,GIVE,THE,A,for,to,-48.90313720703125,"[-3.5183337, -8.434929, -7.944802, -1.548984, -11.477614, -0.7806631, -2.992145, -7.3522477, -4.8534155]"
the worker caught the guest the crystal .,a manager gave an army a guitar .,DO,DO,CATCH,GIVE,THE,A,for,to,-50.16255569458008,"[-3.5183337, -8.434929, -7.944802, -3.3686442, -9.936503, -6.2648735, -8.932445, -1.7620239]"
the worker caught the guest the crystal .,a cop kept a coffee for a company .,DO,PD,CATCH,KEEP,THE,A,for,for,-49.19684600830078,"[-3.5183337, -8.398674, -8.105915, -1.3088471, -9.848303, -3.3474627, -1.8029202, -8.801662, -4.0647264]"
the worker caught the guest the crystal .,a cop kept a company a coffee .,DO,DO,CATCH,KEEP,THE,A,for,for,-45.68476867675781,"[-3.5183337, -8.398674, -8.105915, -1.3088471, -7.717842, -5.575411, -8.435511, -2.6242352]"
the worker caught the jacket for the manager .,a pilot found a wire for a club .,PD,PD,CATCH,FIND,THE,A,for,for,-42.039833068847656,"[-3.5172653, -7.5582047, -5.3502254, -1.3567963, -8.887262, -3.8630457, -1.4109882, -7.6040325, -2.4920125]"
the worker caught the jacket for the manager .,a pilot found a club a wire .,PD,DO,CATCH,FIND,THE,A,for,for,-49.056827545166016,"[-3.5172653, -7.5582047, -5.3502254, -1.3567963, -8.817778, -6.6733637, -12.750363, -3.032831]"
the worker caught the key for the mother .,a soldier brought a cup to a scientist .,PD,PD,CATCH,BRING,THE,A,for,to,-46.60966110229492,"[-3.4648097, -7.217193, -8.029818, -1.1742122, -7.463916, -3.5670648, -1.2304071, -12.395609, -2.06663]"
the worker caught the key for the mother .,a soldier brought a scientist a cup .,PD,DO,CATCH,BRING,THE,A,for,to,-47.953365325927734,"[-3.4648097, -7.217193, -8.029818, -1.1742122, -10.256251, -5.995971, -6.0198717, -5.7952394]"
the worker caught the manager the camera .,a soldier brought a telephone to a kid .,DO,PD,CATCH,BRING,THE,A,for,to,-44.599342346191406,"[-3.504718, -7.234805, -8.109123, -1.2114452, -9.056013, -1.1486063, -1.9333209, -9.896389, -2.5049207]"
the worker caught the manager the camera .,a soldier brought a kid a telephone .,DO,DO,CATCH,BRING,THE,A,for,to,-43.9819221496582,"[-3.504718, -7.234805, -8.109123, -1.2114452, -9.614864, -2.6820116, -10.111109, -1.5138463]"
the worker caught the manager the jacket .,a pilot found a wire for a club .,DO,PD,CATCH,FIND,THE,A,for,for,-43.40827560424805,"[-3.5221198, -7.738744, -5.6424055, -1.6109905, -9.0787115, -4.891822, -1.556622, -7.2279553, -2.1389046]"
the worker caught the manager the jacket .,a pilot found a club a wire .,DO,DO,CATCH,FIND,THE,A,for,for,-47.04548645019531,"[-3.5221198, -7.738744, -5.6424055, -1.6109905, -8.439026, -5.965666, -11.915964, -2.2105713]"
the worker caught the minister the book .,a secretary gave a tea to a business .,DO,PD,CATCH,GIVE,THE,A,for,to,-50.505455017089844,"[-3.5023675, -10.180209, -9.729581, -1.163239, -10.35771, -0.95448434, -0.9641429, -6.7484584, -6.9052644]"
the worker caught the minister the book .,a secretary gave a business a tea .,DO,DO,CATCH,GIVE,THE,A,for,to,-51.70630645751953,"[-3.5023675, -10.180209, -9.729581, -1.163239, -10.018932, -5.7549524, -9.4601, -1.8969254]"
the worker caught the mother the key .,a soldier brought a cup to a scientist .,DO,PD,CATCH,BRING,THE,A,for,to,-46.6995849609375,"[-3.4583516, -7.2309585, -7.729006, -1.0936089, -7.550214, -3.1597471, -1.65534, -12.57832, -2.2440405]"
the worker caught the mother the key .,a soldier brought a scientist a cup .,DO,DO,CATCH,BRING,THE,A,for,to,-43.62042236328125,"[-3.4583516, -7.2309585, -7.729006, -1.0936089, -10.45631, -2.5265136, -6.038522, -5.0871525]"
the worker caught the motor for the author .,an attorney saved an anchor for a teacher .,PD,PD,CATCH,SAVE,THE,A,for,for,-47.67680358886719,"[-5.642748, -5.82928, -13.487415, -3.6340504, -8.530511, -2.4490323, -1.9907508, -4.9310637, -1.1819544]"
the worker caught the motor for the author .,an attorney saved a teacher an anchor .,PD,DO,CATCH,SAVE,THE,A,for,for,-56.403602600097656,"[-5.642748, -5.82928, -13.487415, -1.5411624, -6.832469, -9.032289, -10.985837, -3.0524018]"
the worker delivered the chocolate for the kid .,a colonel took a knife to a priest .,PD,PD,DELIVER,TAKE,THE,A,for,to,-44.56698226928711,"[-3.5672312, -11.289195, -5.9283504, -1.5909317, -5.1328273, -1.1344769, -3.1136763, -8.338411, -4.4718814]"
the worker delivered the chocolate for the kid .,a colonel took a priest a knife .,PD,DO,DELIVER,TAKE,THE,A,for,to,-47.590919494628906,"[-3.5672312, -11.289195, -5.9283504, -1.5909317, -9.761412, -5.887831, -6.196478, -3.3694913]"
the worker delivered the chocolate for the kid .,an aunt fed a meal to an adult .,PD,PD,DELIVER,FEED,THE,A,for,to,-45.613677978515625,"[-5.688405, -7.9740386, -10.558894, -1.4272393, -9.002187, -0.50368774, -3.1332626, -4.982605, -2.3433602]"
the worker delivered the chocolate for the kid .,an aunt fed an adult a meal .,PD,DO,DELIVER,FEED,THE,A,for,to,-42.78719711303711,"[-5.688405, -7.9740386, -10.558894, -3.5549612, -5.6501174, -1.3214949, -5.306253, -2.7330332]"
the worker delivered the chocolate for the reader .,an employer supplied a meal to a business .,PD,PD,DELIVER,SUPPLY,THE,A,for,to,-41.821800231933594,"[-5.651373, -7.433429, -9.705777, -1.821422, -3.5541131, -2.0870457, -0.6972878, -6.646426, -4.224925]"
the worker delivered the chocolate for the reader .,an employer supplied a business a meal .,PD,DO,DELIVER,SUPPLY,THE,A,for,to,-44.15903091430664,"[-5.651373, -7.433429, -9.705777, -1.821422, -7.5480814, -5.8124766, -2.7294436, -3.4570312]"
the worker delivered the chocolate for the reader .,a sheriff promised a coffee to a brother .,PD,PD,DELIVER,PROMISE,THE,A,for,to,-51.071285247802734,"[-3.5361547, -8.662615, -10.855344, -2.3836617, -9.303421, -2.8390503, -1.7754663, -8.06482, -3.6507518]"
the worker delivered the chocolate for the reader .,a sheriff promised a brother a coffee .,PD,DO,DELIVER,PROMISE,THE,A,for,to,-48.025054931640625,"[-3.5361547, -8.662615, -10.855344, -2.3836617, -10.075495, -2.5965586, -6.7498055, -3.1654222]"
the worker delivered the hat for the son .,a sheriff sent a bottle to a brother .,PD,PD,DELIVER,SEND,THE,A,for,to,-42.67122268676758,"[-3.5657382, -8.468302, -8.057342, -1.0977468, -8.881892, -2.6561265, -1.3334473, -6.3305087, -2.2801194]"
the worker delivered the hat for the son .,a sheriff sent a brother a bottle .,PD,DO,DELIVER,SEND,THE,A,for,to,-45.37639617919922,"[-3.5657382, -8.468302, -8.057342, -1.0977468, -9.490636, -3.430945, -6.3723207, -4.893365]"
the worker delivered the hat for the son .,a prince supplied a salad to a friend .,PD,PD,DELIVER,SUPPLY,THE,A,for,to,-43.09043502807617,"[-3.5657382, -10.856384, -10.071413, -1.9987094, -9.20759, -2.4593203, -1.9281721, -1.9000249, -1.103082]"
the worker delivered the hat for the son .,a prince supplied a friend a salad .,PD,DO,DELIVER,SUPPLY,THE,A,for,to,-47.08993148803711,"[-3.5657382, -10.856384, -10.071413, -1.9987094, -6.8756065, -3.7154014, -8.492928, -1.513752]"
the worker delivered the hat for the son .,an actress bought a coffee for a husband .,PD,PD,DELIVER,BUY,THE,A,for,for,-38.850425720214844,"[-5.6807218, -7.1139894, -7.569459, -0.5995425, -7.569877, -2.455355, -2.043415, -4.6672664, -1.1507996]"
the worker delivered the hat for the son .,an actress bought a husband a coffee .,PD,DO,DELIVER,BUY,THE,A,for,for,-39.30982208251953,"[-5.6807218, -7.1139894, -7.569459, -0.5995425, -7.6497445, -1.0963718, -7.384036, -2.2159545]"
the worker delivered the kid the chocolate .,a colonel took a knife to a priest .,DO,PD,DELIVER,TAKE,THE,A,for,to,-43.53863525390625,"[-3.5993428, -11.195638, -5.7417903, -1.6944441, -5.260944, -1.063093, -3.4067187, -8.427468, -3.1491976]"
the worker delivered the kid the chocolate .,a colonel took a priest a knife .,DO,DO,DELIVER,TAKE,THE,A,for,to,-43.07840347290039,"[-3.5993428, -11.195638, -5.7417903, -1.6944441, -9.590454, -4.237912, -4.7952604, -2.2235591]"
the worker delivered the kid the chocolate .,an aunt fed a meal to an adult .,DO,PD,DELIVER,FEED,THE,A,for,to,-44.90353012084961,"[-5.7043977, -8.140001, -10.036361, -1.6222374, -9.66979, -0.28408596, -3.0639262, -4.7713356, -1.6113942]"
the worker delivered the kid the chocolate .,an aunt fed an adult a meal .,DO,DO,DELIVER,FEED,THE,A,for,to,-41.11281204223633,"[-5.7043977, -8.140001, -10.036361, -3.6901562, -5.247451, -1.1175784, -5.5671983, -1.6096702]"
the worker delivered the reader the chocolate .,an employer supplied a meal to a business .,DO,PD,DELIVER,SUPPLY,THE,A,for,to,-40.70233917236328,"[-5.656443, -7.222068, -10.003194, -1.9111321, -4.1833706, -1.5536218, -0.95483613, -6.341705, -2.8759696]"
the worker delivered the reader the chocolate .,an employer supplied a business a meal .,DO,DO,DELIVER,SUPPLY,THE,A,for,to,-39.91645050048828,"[-5.656443, -7.222068, -10.003194, -1.9111321, -6.6657467, -4.072862, -2.709183, -1.6758192]"
the worker delivered the reader the chocolate .,a sheriff promised a coffee to a brother .,DO,PD,DELIVER,PROMISE,THE,A,for,to,-48.95403289794922,"[-3.5751615, -8.673256, -10.36869, -2.274786, -8.667006, -2.7041662, -1.8875616, -7.9810987, -2.8223095]"
the worker delivered the reader the chocolate .,a sheriff promised a brother a coffee .,DO,DO,DELIVER,PROMISE,THE,A,for,to,-43.738426208496094,"[-3.5751615, -8.673256, -10.36869, -2.274786, -8.992111, -2.029322, -6.1208177, -1.7042867]"
the worker delivered the son the hat .,a sheriff sent a bottle to a brother .,DO,PD,DELIVER,SEND,THE,A,for,to,-43.303306579589844,"[-3.559941, -8.500472, -8.004768, -1.280497, -9.406765, -1.914049, -1.6717532, -6.9603014, -2.0047596]"
the worker delivered the son the hat .,a sheriff sent a brother a bottle .,DO,DO,DELIVER,SEND,THE,A,for,to,-41.46546173095703,"[-3.559941, -8.500472, -8.004768, -1.280497, -8.811446, -1.4925082, -6.5296497, -3.2861779]"
the worker delivered the son the hat .,a prince supplied a salad to a friend .,DO,PD,DELIVER,SUPPLY,THE,A,for,to,-44.35950469970703,"[-3.559941, -10.804409, -10.405735, -1.9542109, -9.47564, -1.9225001, -1.9734207, -3.2322354, -1.0314151]"
the worker delivered the son the hat .,a prince supplied a friend a salad .,DO,DO,DELIVER,SUPPLY,THE,A,for,to,-45.31488800048828,"[-3.559941, -10.804409, -10.405735, -1.9542109, -6.697836, -2.2254715, -8.814017, -0.8532653]"
the worker delivered the son the hat .,an actress bought a coffee for a husband .,DO,PD,DELIVER,BUY,THE,A,for,for,-40.271087646484375,"[-5.6722364, -7.0418367, -7.818538, -0.63466316, -7.8562536, -2.7512293, -1.9887607, -5.1621265, -1.3454448]"
the worker delivered the son the hat .,an actress bought a husband a coffee .,DO,DO,DELIVER,BUY,THE,A,for,for,-37.39710235595703,"[-5.6722364, -7.0418367, -7.818538, -0.63466316, -6.523061, -0.5677891, -7.839464, -1.2995147]"
the worker designed the camera for the employer .,a captain sold a chicken to an army .,PD,PD,DESIGN,SELL,THE,A,for,to,-46.971004486083984,"[-3.527625, -10.10643, -10.472406, -1.813123, -7.285615, -0.731656, -2.3853295, -5.9722705, -4.6765513]"
the worker designed the camera for the employer .,a captain sold an army a chicken .,PD,DO,DESIGN,SELL,THE,A,for,to,-52.28575134277344,"[-3.527625, -10.10643, -10.472406, -3.8691075, -4.0574675, -8.646787, -8.782082, -2.8238492]"
the worker designed the camera for the employer .,a guest threw a pie to an uncle .,PD,PD,DESIGN,THROW,THE,A,for,to,-49.943115234375,"[-3.527625, -7.921417, -14.675958, -0.7752989, -7.25371, -3.9288116, -4.0205536, -6.4805574, -1.359186]"
the worker designed the camera for the employer .,a guest threw an uncle a pie .,PD,DO,DESIGN,THROW,THE,A,for,to,-49.274803161621094,"[-3.527625, -7.921417, -14.675958, -3.406986, -9.365049, -0.8243927, -8.0139065, -1.5394677]"
the worker designed the candidate the coat .,a physician showed a cigarette to a club .,DO,PD,DESIGN,SHOW,THE,A,for,to,-47.618709564208984,"[-3.5474637, -8.683356, -8.312117, -2.1177783, -9.579678, -0.59814256, -0.8573465, -10.450798, -3.4720273]"
the worker designed the candidate the coat .,a physician showed a club a cigarette .,DO,DO,DESIGN,SHOW,THE,A,for,to,-43.33344268798828,"[-3.5474637, -8.683356, -8.312117, -2.1177783, -10.571783, -1.9077368, -6.4511395, -1.742069]"
the worker designed the cigarette for the king .,a girl purchased a log for a business .,PD,PD,DESIGN,PURCHASE,THE,A,for,for,-43.720001220703125,"[-3.4772348, -6.527015, -9.848176, -0.71913767, -9.866296, -1.4193207, -2.1616192, -6.829666, -2.8715348]"
the worker designed the cigarette for the king .,a girl purchased a business a log .,PD,DO,DESIGN,PURCHASE,THE,A,for,for,-50.695560455322266,"[-3.4772348, -6.527015, -9.848176, -0.71913767, -9.2075, -7.072623, -8.978895, -4.8649797]"
the worker designed the cigarette for the king .,a husband showed a salad to a club .,PD,PD,DESIGN,SHOW,THE,A,for,to,-49.91534423828125,"[-3.4772348, -8.251259, -10.130913, -2.3852155, -11.379768, -1.3380889, -1.5933611, -8.520119, -2.8393874]"
the worker designed the cigarette for the king .,a husband showed a club a salad .,PD,DO,DESIGN,SHOW,THE,A,for,to,-50.13393783569336,"[-3.4772348, -8.251259, -10.130913, -2.3852155, -9.809167, -2.8070993, -9.99642, -3.2766294]"
the worker designed the coat for the candidate .,a physician showed a cigarette to a club .,PD,PD,DESIGN,SHOW,THE,A,for,to,-48.537269592285156,"[-3.5137959, -8.712456, -7.85941, -1.9121656, -9.938343, -0.54393476, -0.6608854, -10.547341, -4.848938]"
the worker designed the coat for the candidate .,a physician showed a club a cigarette .,PD,DO,DESIGN,SHOW,THE,A,for,to,-44.817047119140625,"[-3.5137959, -8.712456, -7.85941, -1.9121656, -10.664122, -2.4127612, -7.248101, -2.4942327]"
the worker designed the employer the camera .,a captain sold a chicken to an army .,DO,PD,DESIGN,SELL,THE,A,for,to,-45.11366271972656,"[-3.5628805, -10.098304, -10.3177805, -1.8783338, -7.4918904, -1.0025055, -2.5472422, -5.2857933, -2.928932]"
the worker designed the employer the camera .,a captain sold an army a chicken .,DO,DO,DESIGN,SELL,THE,A,for,to,-47.090736389160156,"[-3.5628805, -10.098304, -10.3177805, -3.8462293, -3.725721, -5.256792, -8.571179, -1.7118492]"
the worker designed the employer the camera .,a guest threw a pie to an uncle .,DO,PD,DESIGN,THROW,THE,A,for,to,-49.40997314453125,"[-3.5628805, -7.656872, -13.835926, -1.0177815, -7.140295, -3.827569, -4.6869297, -6.4438925, -1.2378266]"
the worker designed the employer the camera .,a guest threw an uncle a pie .,DO,DO,DESIGN,THROW,THE,A,for,to,-46.586483001708984,"[-3.5628805, -7.656872, -13.835926, -3.62243, -9.136284, -0.37850153, -7.4485126, -0.9450754]"
the worker designed the king the cigarette .,a girl purchased a log for a business .,DO,PD,DESIGN,PURCHASE,THE,A,for,for,-43.97902297973633,"[-3.5002556, -6.5450234, -9.815797, -0.67853475, -9.553215, -1.9967016, -2.3196177, -7.1936913, -2.3761878]"
the worker designed the king the cigarette .,a girl purchased a business a log .,DO,DO,DESIGN,PURCHASE,THE,A,for,for,-47.03514099121094,"[-3.5002556, -6.5450234, -9.815797, -0.67853475, -8.976961, -6.378103, -7.9783926, -3.1620755]"
the worker designed the king the cigarette .,a husband showed a salad to a club .,DO,PD,DESIGN,SHOW,THE,A,for,to,-50.428428649902344,"[-3.5002556, -8.246698, -10.009963, -2.474084, -10.703687, -2.1011639, -1.9259325, -8.747063, -2.719581]"
the worker designed the king the cigarette .,a husband showed a club a salad .,DO,DO,DESIGN,SHOW,THE,A,for,to,-47.94831085205078,"[-3.5002556, -8.246698, -10.009963, -2.474084, -9.823067, -2.0931218, -9.542481, -2.2586422]"
the worker drew the administration the card .,a chief left a coffee for a band .,DO,PD,DRAW,LEAVE,THE,A,for,for,-51.28792190551758,"[-3.5141985, -8.891802, -8.892689, -2.8320532, -7.075122, -6.4162483, -1.3564769, -9.233208, -3.0761242]"
the worker drew the administration the card .,a chief left a band a coffee .,DO,DO,DRAW,LEAVE,THE,A,for,for,-53.54310989379883,"[-3.5141985, -8.891802, -8.892689, -2.8320532, -9.866491, -7.1269236, -9.872914, -2.5460396]"
the worker drew the administration the television .,a minister purchased an anchor for a president .,DO,PD,DRAW,PURCHASE,THE,A,for,for,-51.34549331665039,"[-3.5073986, -9.216475, -12.926794, -2.9996295, -8.551585, -2.0313303, -1.3030653, -8.969004, -1.8402128]"
the worker drew the administration the television .,a minister purchased a president an anchor .,DO,DO,DRAW,PURCHASE,THE,A,for,for,-52.88902282714844,"[-3.5073986, -9.216475, -12.926794, -0.85552263, -10.433605, -4.780873, -9.114782, -2.0535743]"
the worker drew the administration the television .,a physician caught a bag for a brother .,DO,PD,DRAW,CATCH,THE,A,for,for,-50.795745849609375,"[-3.5073986, -9.100696, -8.589663, -3.9633045, -7.877021, -4.495858, -1.6890818, -8.916531, -2.6561925]"
the worker drew the administration the television .,a physician caught a brother a bag .,DO,DO,DRAW,CATCH,THE,A,for,for,-50.68553161621094,"[-3.5073986, -9.100696, -8.589663, -3.9633045, -9.975039, -6.665331, -4.7397795, -4.14432]"
the worker drew the band the knife .,a chief made a camera for a teacher .,DO,PD,DRAW,MAKE,THE,A,for,for,-47.02873992919922,"[-3.5534275, -9.059777, -10.000091, -1.0911269, -8.774166, -3.139735, -2.3079093, -7.5103083, -1.5921967]"
the worker drew the band the knife .,a chief made a teacher a camera .,DO,DO,DRAW,MAKE,THE,A,for,for,-49.41328430175781,"[-3.5534275, -9.059777, -10.000091, -1.0911269, -11.307157, -2.7757583, -10.327552, -1.2983954]"
the worker drew the card for the administration .,a chief left a coffee for a band .,PD,PD,DRAW,LEAVE,THE,A,for,for,-51.825809478759766,"[-3.5209775, -8.882402, -9.09077, -3.2162933, -7.746377, -5.672226, -1.4881581, -9.322311, -2.8862941]"
the worker drew the card for the administration .,a chief left a band a coffee .,PD,DO,DRAW,LEAVE,THE,A,for,for,-56.11394500732422,"[-3.5209775, -8.882402, -9.09077, -3.2162933, -10.458764, -7.7431574, -10.158935, -3.042648]"
the worker drew the corporation the motor .,an attorney saved an anchor for a teacher .,DO,PD,DRAW,SAVE,THE,A,for,for,-48.54551696777344,"[-5.692242, -5.5880885, -12.278561, -3.5836434, -8.49885, -3.62994, -1.8214382, -5.863341, -1.5894153]"
the worker drew the corporation the motor .,an attorney saved a teacher an anchor .,DO,DO,DRAW,SAVE,THE,A,for,for,-52.15205764770508,"[-5.692242, -5.5880885, -12.278561, -1.6558337, -6.4613566, -6.909922, -10.387585, -3.178469]"
the worker drew the corporation the motor .,a singer saved a chocolate for a club .,DO,PD,DRAW,SAVE,THE,A,for,for,-55.4304084777832,"[-3.548061, -10.196332, -10.871661, -1.4128308, -10.665624, -7.7037005, -2.0580704, -7.389538, -1.5845914]"
the worker drew the corporation the motor .,a singer saved a club a chocolate .,DO,DO,DRAW,SAVE,THE,A,for,for,-59.04564666748047,"[-3.548061, -10.196332, -10.871661, -1.4128308, -9.4986515, -6.111124, -11.383089, -6.023897]"
the worker drew the corporation the motor .,an employer supplied a meal to a business .,DO,PD,DRAW,SUPPLY,THE,A,for,to,-40.98351287841797,"[-5.692242, -7.037185, -10.19452, -2.555345, -5.7583222, -1.4693358, -1.0656158, -5.3638854, -1.847062]"
the worker drew the corporation the motor .,an employer supplied a business a meal .,DO,DO,DRAW,SUPPLY,THE,A,for,to,-41.55867004394531,"[-5.692242, -7.037185, -10.19452, -2.555345, -5.7475686, -3.3637033, -5.8428535, -1.1252532]"
the worker drew the knife for the band .,a chief made a camera for a teacher .,PD,PD,DRAW,MAKE,THE,A,for,for,-45.694129943847656,"[-3.539583, -9.047295, -10.12927, -1.1739707, -8.811741, -2.0005584, -1.8211248, -7.533145, -1.6374457]"
the worker drew the knife for the band .,a chief made a teacher a camera .,PD,DO,DRAW,MAKE,THE,A,for,for,-50.665618896484375,"[-3.539583, -9.047295, -10.12927, -1.1739707, -11.008133, -3.3051465, -10.869413, -1.5928104]"
the worker drew the motor for the corporation .,an attorney saved an anchor for a teacher .,PD,PD,DRAW,SAVE,THE,A,for,for,-48.281742095947266,"[-5.6817436, -5.6525126, -12.82266, -3.3359287, -8.907409, -2.8108277, -1.9621174, -5.7849836, -1.3235594]"
the worker drew the motor for the corporation .,an attorney saved a teacher an anchor .,PD,DO,DRAW,SAVE,THE,A,for,for,-56.89482879638672,"[-5.6817436, -5.6525126, -12.82266, -1.4223297, -6.8346567, -9.365512, -11.294851, -3.8205607]"
the worker drew the motor for the corporation .,a singer saved a chocolate for a club .,PD,PD,DRAW,SAVE,THE,A,for,for,-54.19483947753906,"[-3.5370357, -10.091252, -10.946258, -1.2660517, -10.708127, -7.4489746, -2.0581236, -6.7377634, -1.4012556]"
the worker drew the motor for the corporation .,a singer saved a club a chocolate .,PD,DO,DRAW,SAVE,THE,A,for,for,-61.7159423828125,"[-3.5370357, -10.091252, -10.946258, -1.2660517, -9.777166, -7.55288, -11.959534, -6.585767]"
the worker drew the motor for the corporation .,an employer supplied a meal to a business .,PD,PD,DRAW,SUPPLY,THE,A,for,to,-41.04185104370117,"[-5.6817436, -6.9995594, -10.724993, -2.090545, -5.48458, -1.7211854, -0.8303044, -5.505129, -2.0038126]"
the worker drew the motor for the corporation .,an employer supplied a business a meal .,PD,DO,DRAW,SUPPLY,THE,A,for,to,-43.553131103515625,"[-5.6817436, -6.9995594, -10.724993, -2.090545, -5.6429977, -4.420958, -5.719138, -2.2731981]"
the worker drew the television for the administration .,a minister purchased an anchor for a president .,PD,PD,DRAW,PURCHASE,THE,A,for,for,-49.6721305847168,"[-3.524371, -9.28144, -12.340306, -3.037221, -8.480247, -1.279771, -1.7414751, -8.436392, -1.5509067]"
the worker drew the television for the administration .,a minister purchased a president an anchor .,PD,DO,DRAW,PURCHASE,THE,A,for,for,-56.487213134765625,"[-3.524371, -9.28144, -12.340306, -0.8897809, -10.50132, -7.948982, -9.327776, -2.673235]"
the worker drew the television for the administration .,a physician caught a bag for a brother .,PD,PD,DRAW,CATCH,THE,A,for,for,-49.289276123046875,"[-3.524371, -8.910283, -8.760568, -2.997273, -7.611911, -4.0943913, -1.7257034, -8.914969, -2.7498057]"
the worker drew the television for the administration .,a physician caught a brother a bag .,PD,DO,DRAW,CATCH,THE,A,for,for,-52.569915771484375,"[-3.524371, -8.910283, -8.760568, -2.997273, -10.148709, -7.336462, -5.74814, -5.144111]"
the worker fed the bishop the meal .,a mother drew a crystal for a colonel .,DO,PD,FEED,DRAW,THE,A,to,for,-51.448265075683594,"[-3.5686798, -6.2455297, -8.379364, -1.1460079, -8.728222, -4.925687, -2.1507688, -14.749208, -1.5547951]"
the worker fed the bishop the meal .,a mother drew a colonel a crystal .,DO,DO,FEED,DRAW,THE,A,to,for,-53.13298416137695,"[-3.5686798, -6.2455297, -8.379364, -1.1460079, -14.336271, -6.0943966, -9.908801, -3.4539332]"
the worker fed the bishop the meal .,a singer found a pie for a manager .,DO,PD,FEED,FIND,THE,A,to,for,-51.12598419189453,"[-3.5686798, -9.919076, -7.077537, -2.9361167, -9.200075, -3.6754658, -3.0474906, -9.675478, -2.026063]"
the worker fed the bishop the meal .,a singer found a manager a pie .,DO,DO,FEED,FIND,THE,A,to,for,-53.981048583984375,"[-3.5686798, -9.919076, -7.077537, -2.9361167, -10.629684, -6.6775036, -10.819794, -2.352659]"
the worker fed the cheese to the friend .,a candidate left a log for a club .,PD,PD,FEED,LEAVE,THE,A,to,for,-45.82666778564453,"[-3.5910778, -8.532881, -7.8668385, -1.492785, -9.302209, -3.4766233, -1.1841928, -7.97225, -2.4078102]"
the worker fed the cheese to the friend .,a candidate left a club a log .,PD,DO,FEED,LEAVE,THE,A,to,for,-51.458805084228516,"[-3.5910778, -8.532881, -7.8668385, -1.492785, -8.511368, -6.412367, -11.539623, -3.5118647]"
the worker fed the cheese to the friend .,a father bought a chicken for a son .,PD,PD,FEED,BUY,THE,A,to,for,-34.928733825683594,"[-3.5910778, -6.908506, -8.193732, -0.74025035, -5.0062475, -2.5489454, -2.8151329, -3.8148198, -1.3100232]"
the worker fed the cheese to the friend .,a father bought a son a chicken .,PD,DO,FEED,BUY,THE,A,to,for,-34.303199768066406,"[-3.5910778, -6.908506, -8.193732, -0.74025035, -5.9068613, -0.8609369, -5.395112, -2.7067213]"
the worker fed the cheese to the student .,a princess supplied a salad to a priest .,PD,PD,FEED,SUPPLY,THE,A,to,to,-44.535614013671875,"[-3.5722532, -10.631567, -10.919527, -2.098915, -6.3380613, -0.75356996, -1.7994666, -7.585273, -0.8369787]"
the worker fed the cheese to the student .,a princess supplied a priest a salad .,PD,DO,FEED,SUPPLY,THE,A,to,to,-50.799808502197266,"[-3.5722532, -10.631567, -10.919527, -2.098915, -10.432814, -3.8378942, -7.959964, -1.3468741]"
the worker fed the cheese to the student .,a princess took an iron to a prince .,PD,PD,FEED,TAKE,THE,A,to,to,-43.81934356689453,"[-3.5722532, -10.631567, -6.372174, -3.822855, -5.4069786, -4.3645296, -2.1257088, -6.3136444, -1.2096331]"
the worker fed the cheese to the student .,a princess took a prince an iron .,PD,DO,FEED,TAKE,THE,A,to,to,-49.57839584350586,"[-3.5722532, -10.631567, -6.372174, -1.2276478, -8.246236, -8.796871, -6.348135, -4.3835115]"
the worker fed the cheese to the student .,a reader caught a box for a sheriff .,PD,PD,FEED,CATCH,THE,A,to,for,-52.50822448730469,"[-3.5722532, -7.032439, -7.7021646, -2.947582, -8.782879, -4.9264355, -2.1204925, -11.607047, -3.81693]"
the worker fed the cheese to the student .,a reader caught a sheriff a box .,PD,DO,FEED,CATCH,THE,A,to,for,-55.540008544921875,"[-3.5722532, -7.032439, -7.7021646, -2.947582, -13.134672, -9.03575, -8.134365, -3.9807818]"
the worker fed the chicken to the son .,a minister bought a machine for a president .,PD,PD,FEED,BUY,THE,A,to,for,-45.53317642211914,"[-3.5692887, -9.327967, -9.866534, -0.7358898, -7.383507, -1.8363504, -2.1178927, -9.373692, -1.3220559]"
the worker fed the chicken to the son .,a minister bought a president a machine .,PD,DO,FEED,BUY,THE,A,to,for,-50.031883239746094,"[-3.5692887, -9.327967, -9.866534, -0.7358898, -11.152171, -2.5044923, -9.357632, -3.5179074]"
the worker fed the chicken to the student .,a son threw a coffee to a minister .,PD,PD,FEED,THROW,THE,A,to,to,-45.84815216064453,"[-3.564044, -8.548351, -8.653827, -0.5649519, -7.927935, -3.0473104, -1.5477548, -10.253849, -1.7401313]"
the worker fed the chicken to the student .,a son threw a minister a coffee .,PD,DO,FEED,THROW,THE,A,to,to,-45.55668258666992,"[-3.564044, -8.548351, -8.653827, -0.5649519, -13.65383, -2.695067, -5.773631, -2.1029837]"
the worker fed the friend the cheese .,a candidate left a log for a club .,DO,PD,FEED,LEAVE,THE,A,to,for,-46.14399719238281,"[-3.6020622, -8.658276, -7.687125, -1.4608381, -9.390056, -3.5933928, -1.1973529, -8.304728, -2.2501678]"
the worker fed the friend the cheese .,a candidate left a club a log .,DO,DO,FEED,LEAVE,THE,A,to,for,-49.829288482666016,"[-3.6020622, -8.658276, -7.687125, -1.4608381, -7.886958, -6.1230435, -11.331251, -3.0797338]"
the worker fed the friend the cheese .,a father bought a chicken for a son .,DO,PD,FEED,BUY,THE,A,to,for,-33.44818878173828,"[-3.6020622, -6.8967104, -7.814355, -0.79932815, -4.8602962, -2.4824057, -2.954453, -2.7355793, -1.3030001]"
the worker fed the friend the cheese .,a father bought a son a chicken .,DO,DO,FEED,BUY,THE,A,to,for,-30.944137573242188,"[-3.6020622, -6.8967104, -7.814355, -0.79932815, -4.6220026, -0.6167437, -4.8789062, -1.7140307]"
the worker fed the manager the salad .,a chief drew a telephone for an army .,DO,PD,FEED,DRAW,THE,A,to,for,-57.67643356323242,"[-3.5829062, -9.082541, -12.539996, -1.2574607, -7.6871443, -6.8838463, -3.26795, -7.401511, -5.973074]"
the worker fed the manager the salad .,a chief drew an army a telephone .,DO,DO,FEED,DRAW,THE,A,to,for,-61.264034271240234,"[-3.5829062, -9.082541, -12.539996, -3.942235, -6.5040026, -9.701649, -11.44672, -4.4639854]"
the worker fed the meal to the bishop .,a mother drew a crystal for a colonel .,PD,PD,FEED,DRAW,THE,A,to,for,-51.339683532714844,"[-3.6025622, -6.4637637, -8.541213, -1.1196485, -8.049621, -4.713342, -2.349533, -15.204171, -1.2958301]"
the worker fed the meal to the bishop .,a mother drew a colonel a crystal .,PD,DO,FEED,DRAW,THE,A,to,for,-54.332462310791016,"[-3.6025622, -6.4637637, -8.541213, -1.1196485, -15.279259, -7.11539, -9.143347, -3.0672789]"
the worker fed the meal to the bishop .,a singer found a pie for a manager .,PD,PD,FEED,FIND,THE,A,to,for,-50.28516387939453,"[-3.6025622, -9.926635, -7.127743, -2.521227, -9.014486, -3.576161, -2.9483547, -9.749348, -1.8186463]"
the worker fed the meal to the bishop .,a singer found a manager a pie .,PD,DO,FEED,FIND,THE,A,to,for,-54.28080749511719,"[-3.6025622, -9.926635, -7.127743, -2.521227, -11.182858, -6.714654, -10.705893, -2.4992392]"
the worker fed the prince the salad .,a business designed a crystal for a club .,DO,PD,FEED,DESIGN,THE,A,to,for,-52.017269134521484,"[-3.5720186, -8.011246, -8.876817, -7.48514, -10.206375, -3.881377, -1.8592, -6.7875195, -1.3375763]"
the worker fed the prince the salad .,a business designed a club a crystal .,DO,DO,FEED,DESIGN,THE,A,to,for,-59.97574234008789,"[-3.5720186, -8.011246, -8.876817, -7.48514, -8.62513, -7.8364415, -12.111486, -3.4574654]"
the worker fed the salad to the manager .,a chief drew a telephone for an army .,PD,PD,FEED,DRAW,THE,A,to,for,-57.607208251953125,"[-3.6033077, -9.01227, -12.257567, -1.1372328, -7.770974, -7.107086, -3.2162852, -7.334281, -6.1682053]"
the worker fed the salad to the manager .,a chief drew an army a telephone .,PD,DO,FEED,DRAW,THE,A,to,for,-61.452945709228516,"[-3.6033077, -9.01227, -12.257567, -3.7902718, -6.687079, -9.461236, -11.638275, -5.0029364]"
the worker fed the salad to the prince .,a business designed a crystal for a club .,PD,PD,FEED,DESIGN,THE,A,to,for,-51.9918098449707,"[-3.5861597, -8.060236, -8.736716, -7.77972, -9.926845, -3.7078369, -1.9480314, -6.9920816, -1.2541826]"
the worker fed the salad to the prince .,a business designed a club a crystal .,PD,DO,FEED,DESIGN,THE,A,to,for,-60.064605712890625,"[-3.5861597, -8.060236, -8.736716, -7.77972, -8.608128, -7.8734026, -11.977895, -3.4423523]"
the worker fed the son the chicken .,a minister bought a machine for a president .,DO,PD,FEED,BUY,THE,A,to,for,-44.274688720703125,"[-3.5743408, -9.251168, -9.535541, -0.7004291, -7.39021, -1.7615999, -1.9132754, -8.922146, -1.2259804]"
the worker fed the son the chicken .,a minister bought a president a machine .,DO,DO,FEED,BUY,THE,A,to,for,-46.369510650634766,"[-3.5743408, -9.251168, -9.535541, -0.7004291, -10.738502, -1.1517181, -8.699984, -2.7178292]"
the worker fed the student the cheese .,a princess supplied a salad to a priest .,DO,PD,FEED,SUPPLY,THE,A,to,to,-45.611785888671875,"[-3.5718427, -10.706083, -11.056267, -1.9450625, -7.0280576, -1.8434888, -1.4442407, -7.0505786, -0.96616185]"
the worker fed the student the cheese .,a princess supplied a priest a salad .,DO,DO,FEED,SUPPLY,THE,A,to,to,-47.97759246826172,"[-3.5718427, -10.706083, -11.056267, -1.9450625, -8.86274, -3.2539494, -7.703458, -0.87819]"
the worker fed the student the cheese .,a princess took an iron to a prince .,DO,PD,FEED,TAKE,THE,A,to,to,-43.73800277709961,"[-3.5718427, -10.706083, -6.1957374, -3.8361855, -5.6973176, -4.096965, -2.0366664, -6.2766485, -1.3205553]"
the worker fed the student the cheese .,a princess took a prince an iron .,DO,DO,FEED,TAKE,THE,A,to,to,-47.27589416503906,"[-3.5718427, -10.706083, -6.1957374, -1.258293, -7.2478333, -8.218802, -6.4143043, -3.662998]"
the worker fed the student the cheese .,a reader caught a box for a sheriff .,DO,PD,FEED,CATCH,THE,A,to,for,-52.127052307128906,"[-3.5718427, -7.0021615, -7.6329927, -2.9006708, -9.277369, -5.1070085, -2.1920807, -11.216963, -3.2259648]"
the worker fed the student the cheese .,a reader caught a sheriff a box .,DO,DO,FEED,CATCH,THE,A,to,for,-53.80242919921875,"[-3.5718427, -7.0021615, -7.6329927, -2.9006708, -12.383465, -8.67635, -8.51814, -3.1168046]"
the worker fed the student the chicken .,a son threw a coffee to a minister .,DO,PD,FEED,THROW,THE,A,to,to,-46.83250427246094,"[-3.5612845, -8.480703, -8.768363, -0.6002982, -8.1435175, -3.5200472, -1.6838375, -10.280101, -1.7943527]"
the worker fed the student the chicken .,a son threw a minister a coffee .,DO,DO,FEED,THROW,THE,A,to,to,-43.689762115478516,"[-3.5612845, -8.480703, -8.768363, -0.6002982, -13.205818, -1.7338876, -5.8499365, -1.489472]"
the worker found the adult the pie .,an actress purchased an instrument for a hero .,DO,PD,FIND,PURCHASE,THE,A,for,for,-48.5792350769043,"[-5.6350613, -7.6565657, -9.797156, -2.8250659, -7.4677014, -1.5689361, -1.5945553, -10.35689, -1.6773028]"
the worker found the adult the pie .,an actress purchased a hero an instrument .,DO,DO,FIND,PURCHASE,THE,A,for,for,-55.304290771484375,"[-5.6350613, -7.6565657, -9.797156, -0.7230913, -11.885582, -9.105041, -7.983515, -2.5182762]"
the worker found the adult the pie .,a reader delivered a salad for a president .,DO,PD,FIND,DELIVER,THE,A,for,for,-56.369686126708984,"[-3.498496, -7.414181, -10.311353, -0.5645348, -16.168577, -3.2271023, -2.6545691, -11.562265, -0.9686079]"
the worker found the adult the pie .,a reader delivered a president a salad .,DO,DO,FIND,DELIVER,THE,A,for,for,-55.56243133544922,"[-3.498496, -7.414181, -10.311353, -0.5645348, -16.85609, -5.7842655, -10.429608, -0.70390093]"
the worker found the army the juice .,an adult sold a salad to a bishop .,DO,PD,FIND,SELL,THE,A,for,to,-48.36646270751953,"[-5.6476755, -6.2194653, -10.273575, -1.3736625, -9.485661, -1.8637323, -0.75575876, -10.927904, -1.8190292]"
the worker found the army the juice .,an adult sold a bishop a salad .,DO,DO,FIND,SELL,THE,A,for,to,-48.07502746582031,"[-5.6476755, -6.2194653, -10.273575, -1.3736625, -12.024352, -1.9942734, -8.859422, -1.6826041]"
the worker found the business the tea .,a captain supplied a salad to a band .,DO,PD,FIND,SUPPLY,THE,A,for,to,-53.726444244384766,"[-3.4671063, -10.476936, -12.657236, -2.275783, -10.200634, -2.2205358, -1.6322668, -7.76238, -3.033567]"
the worker found the business the tea .,a captain supplied a band a salad .,DO,DO,FIND,SUPPLY,THE,A,for,to,-56.47821807861328,"[-3.4671063, -10.476936, -12.657236, -2.275783, -10.101998, -6.634465, -9.285869, -1.5788243]"
the worker found the business the tea .,a club designed a key for a corporation .,DO,PD,FIND,DESIGN,THE,A,for,for,-51.3720703125,"[-3.4671063, -8.849128, -9.031366, -6.225886, -7.6660624, -2.3595238, -1.6632473, -10.395845, -1.713907]"
the worker found the business the tea .,a club designed a corporation a key .,DO,DO,FIND,DESIGN,THE,A,for,for,-57.2874641418457,"[-3.4671063, -8.849128, -9.031366, -6.225886, -10.979654, -5.825393, -7.429408, -5.4795227]"
the worker found the chicken for the company .,a partner fed a cheese to a doctor .,PD,PD,FIND,FEED,THE,A,for,to,-51.35550308227539,"[-3.4777458, -9.7670765, -13.565948, -1.2399235, -8.829886, -2.6944988, -0.7557593, -9.384165, -1.6404983]"
the worker found the chicken for the company .,a partner fed a doctor a cheese .,PD,DO,FIND,FEED,THE,A,for,to,-51.98899459838867,"[-3.4777458, -9.7670765, -13.565948, -1.2399235, -10.790776, -2.6735675, -6.8385267, -3.6354299]"
the worker found the chicken for the company .,a minister fed a candy to an attorney .,PD,PD,FIND,FEED,THE,A,for,to,-52.965660095214844,"[-3.4777458, -9.586052, -11.756269, -1.4244393, -9.658014, -2.6607304, -2.7002215, -9.951944, -1.75024]"
the worker found the chicken for the company .,a minister fed an attorney a candy .,PD,DO,FIND,FEED,THE,A,for,to,-54.80774688720703,"[-3.4777458, -9.586052, -11.756269, -3.6247568, -10.133515, -3.0209796, -9.202843, -4.005587]"
the worker found the company the chicken .,a partner fed a cheese to a doctor .,DO,PD,FIND,FEED,THE,A,for,to,-50.16593933105469,"[-3.4579253, -9.860146, -13.916506, -1.4244943, -7.834628, -2.3683422, -0.73439634, -9.15029, -1.4192132]"
the worker found the company the chicken .,a partner fed a doctor a cheese .,DO,DO,FIND,FEED,THE,A,for,to,-49.06689453125,"[-3.4579253, -9.860146, -13.916506, -1.4244943, -9.772158, -1.6380804, -7.4233384, -1.5742458]"
the worker found the company the chicken .,a minister fed a candy to an attorney .,DO,PD,FIND,FEED,THE,A,for,to,-51.769134521484375,"[-3.4579253, -9.497735, -11.683039, -1.3397708, -9.7988615, -2.2208214, -3.0448184, -9.063972, -1.662189]"
the worker found the company the chicken .,a minister fed an attorney a candy .,DO,DO,FIND,FEED,THE,A,for,to,-51.28312683105469,"[-3.4579253, -9.497735, -11.683039, -3.6905684, -9.7347, -1.6432717, -9.12103, -2.4548569]"
the worker found the corporation the gun .,a scientist showed a chicken to a champion .,DO,PD,FIND,SHOW,THE,A,for,to,-42.322059631347656,"[-3.4894614, -8.051404, -7.931592, -1.4187822, -6.564198, -2.6939428, -0.7233446, -10.038856, -1.4104807]"
the worker found the corporation the gun .,a scientist showed a champion a chicken .,DO,DO,FIND,SHOW,THE,A,for,to,-42.31991195678711,"[-3.4894614, -8.051404, -7.931592, -1.4187822, -10.25642, -2.0585837, -7.0112963, -2.1023715]"
the worker found the corporation the gun .,a soldier supplied a television to a buddy .,DO,PD,FIND,SUPPLY,THE,A,for,to,-53.26824951171875,"[-3.4894614, -7.2638445, -11.781782, -2.9791718, -8.867721, -4.071333, -1.1276456, -10.745452, -2.94184]"
the worker found the corporation the gun .,a soldier supplied a buddy a television .,DO,DO,FIND,SUPPLY,THE,A,for,to,-52.73847961425781,"[-3.4894614, -7.2638445, -11.781782, -2.9791718, -11.992225, -3.7701938, -10.077894, -1.3839077]"
the worker found the gun for the corporation .,a scientist showed a chicken to a champion .,PD,PD,FIND,SHOW,THE,A,for,to,-41.913368225097656,"[-3.5027175, -7.9210973, -7.8550105, -1.6716467, -6.149444, -2.6715062, -0.7792277, -9.895101, -1.4676204]"
the worker found the gun for the corporation .,a scientist showed a champion a chicken .,PD,DO,FIND,SHOW,THE,A,for,to,-45.512718200683594,"[-3.5027175, -7.9210973, -7.8550105, -1.6716467, -10.61602, -3.9751492, -7.3393173, -2.6317618]"
the worker found the gun for the corporation .,a soldier supplied a television to a buddy .,PD,PD,FIND,SUPPLY,THE,A,for,to,-50.3864860534668,"[-3.5027175, -7.1183662, -11.481282, -3.5074337, -9.148742, -1.4008918, -1.2174978, -10.585573, -2.423982]"
the worker found the gun for the corporation .,a soldier supplied a buddy a television .,PD,DO,FIND,SUPPLY,THE,A,for,to,-55.06269073486328,"[-3.5027175, -7.1183662, -11.481282, -3.5074337, -11.717061, -5.4349165, -10.324033, -1.9768821]"
the worker found the juice for the army .,an adult sold a salad to a bishop .,PD,PD,FIND,SELL,THE,A,for,to,-47.09307861328125,"[-5.6429114, -6.2016544, -10.409774, -1.7670339, -8.751333, -1.9238619, -0.89654815, -10.029584, -1.4703777]"
the worker found the juice for the army .,an adult sold a bishop a salad .,PD,DO,FIND,SELL,THE,A,for,to,-52.76275634765625,"[-5.6429114, -6.2016544, -10.409774, -1.7670339, -12.55002, -4.5207458, -9.624209, -2.0464044]"
the worker found the pie for the adult .,an actress purchased an instrument for a hero .,PD,PD,FIND,PURCHASE,THE,A,for,for,-46.943416595458984,"[-5.6220164, -7.4989204, -9.425517, -2.8252203, -6.971786, -1.1087674, -1.2623448, -10.3796625, -1.8491817]"
the worker found the pie for the adult .,an actress purchased a hero an instrument .,PD,DO,FIND,PURCHASE,THE,A,for,for,-56.58271026611328,"[-5.6220164, -7.4989204, -9.425517, -0.7702077, -11.787316, -10.01052, -8.297215, -3.1709957]"
the worker found the pie for the adult .,a reader delivered a salad for a president .,PD,PD,FIND,DELIVER,THE,A,for,for,-52.668968200683594,"[-3.4988046, -7.4017673, -10.047755, -1.0673794, -14.067703, -1.9192504, -2.2311125, -11.471994, -0.96320355]"
the worker found the pie for the adult .,a reader delivered a president a salad .,PD,DO,FIND,DELIVER,THE,A,for,for,-54.18970489501953,"[-3.4988046, -7.4017673, -10.047755, -1.0673794, -13.951074, -6.5987873, -10.426657, -1.1974806]"
the worker found the tea for the business .,a captain supplied a salad to a band .,PD,PD,FIND,SUPPLY,THE,A,for,to,-51.62538528442383,"[-3.4762936, -10.318055, -12.135358, -2.316647, -9.733341, -1.9100661, -1.6290321, -7.511943, -2.5946493]"
the worker found the tea for the business .,a captain supplied a band a salad .,PD,DO,FIND,SUPPLY,THE,A,for,to,-56.838279724121094,"[-3.4762936, -10.318055, -12.135358, -2.316647, -9.589186, -7.471144, -9.293104, -2.238491]"
the worker found the tea for the business .,a club designed a key for a corporation .,PD,PD,FIND,DESIGN,THE,A,for,for,-49.97960662841797,"[-3.4762936, -8.725986, -8.986293, -6.9850974, -7.7979794, -1.6636063, -1.6446967, -9.443418, -1.2562383]"
the worker found the tea for the business .,a club designed a corporation a key .,PD,DO,FIND,DESIGN,THE,A,for,for,-61.50715637207031,"[-3.4762936, -8.725986, -8.986293, -6.9850974, -11.53483, -6.9549274, -7.66833, -7.1754017]"
the worker gave the cigarette to the mayor .,a scientist sold a beer to a hero .,PD,PD,GIVE,SELL,THE,A,to,to,-41.47999954223633,"[-3.5570583, -8.0051565, -10.329888, -1.3625119, -6.51084, -0.48248482, -1.2148497, -8.871613, -1.1455979]"
the worker gave the cigarette to the mayor .,a scientist sold a hero a beer .,PD,DO,GIVE,SELL,THE,A,to,to,-48.94902038574219,"[-3.5570583, -8.0051565, -10.329888, -1.3625119, -11.882563, -6.909444, -4.9590354, -1.9433628]"
the worker gave the cigarette to the mayor .,a prince sent a pie to a minister .,PD,PD,GIVE,SEND,THE,A,to,to,-41.54668426513672,"[-3.5570583, -10.86286, -5.9534626, -1.3278071, -10.150869, -0.33255047, -2.0744548, -5.9903092, -1.2973145]"
the worker gave the cigarette to the mayor .,a prince sent a minister a pie .,PD,DO,GIVE,SEND,THE,A,to,to,-42.235801696777344,"[-3.5570583, -10.86286, -5.9534626, -1.3278071, -8.206303, -2.4751594, -8.510385, -1.342769]"
the worker gave the cigarette to the mayor .,a hero designed a bottle for a king .,PD,PD,GIVE,DESIGN,THE,A,to,for,-46.177040100097656,"[-3.5570583, -8.840687, -10.645508, -3.3713923, -7.4298716, -3.13504, -1.9997251, -6.486842, -0.7109138]"
the worker gave the cigarette to the mayor .,a hero designed a king a bottle .,PD,DO,GIVE,DESIGN,THE,A,to,for,-54.22434997558594,"[-3.5570583, -8.840687, -10.645508, -3.3713923, -9.793926, -6.66446, -8.320977, -3.0303397]"
the worker gave the cigarette to the mayor .,an opponent fed a chicken to a parent .,PD,PD,GIVE,FEED,THE,A,to,to,-43.546363830566406,"[-5.67924, -7.8664694, -12.115131, -1.4582181, -3.634426, -1.3499302, -0.99702454, -9.4409075, -1.0050149]"
the worker gave the cigarette to the mayor .,an opponent fed a parent a chicken .,PD,DO,GIVE,FEED,THE,A,to,to,-47.935569763183594,"[-5.67924, -7.8664694, -12.115131, -1.4582181, -12.71695, -1.3072107, -4.9479265, -1.8444259]"
the worker gave the cigarette to the mayor .,a candidate threw a newspaper to a nurse .,PD,PD,GIVE,THROW,THE,A,to,to,-43.93932342529297,"[-3.5570583, -8.358185, -7.090599, -0.4026278, -6.6821547, -3.2334285, -3.3210626, -9.0025835, -2.291626]"
the worker gave the cigarette to the mayor .,a candidate threw a nurse a newspaper .,PD,DO,GIVE,THROW,THE,A,to,to,-43.347591400146484,"[-3.5570583, -8.358185, -7.090599, -0.4026278, -10.803272, -3.6187217, -7.3000402, -2.2170882]"
the worker gave the juice to the student .,a candidate brought a chocolate to a man .,PD,PD,GIVE,BRING,THE,A,to,to,-41.094505310058594,"[-3.5352151, -8.498967, -8.783311, -1.3310931, -7.362892, -3.9055672, -1.3418889, -5.019396, -1.3161728]"
the worker gave the juice to the student .,a candidate brought a man a chocolate .,PD,DO,GIVE,BRING,THE,A,to,to,-44.27449417114258,"[-3.5352151, -8.498967, -8.783311, -1.3310931, -5.714652, -4.8889627, -6.845639, -4.676655]"
the worker gave the juice to the student .,a manager saved a candy for a secretary .,PD,PD,GIVE,SAVE,THE,A,to,for,-51.580894470214844,"[-3.5352151, -8.283832, -10.9300375, -1.6350799, -10.518534, -3.9773226, -1.7743547, -10.187532, -0.7389878]"
the worker gave the juice to the student .,a manager saved a secretary a candy .,PD,DO,GIVE,SAVE,THE,A,to,for,-55.795074462890625,"[-3.5352151, -8.283832, -10.9300375, -1.6350799, -11.225176, -6.063736, -10.988405, -3.133594]"
the worker gave the lawyer the tea .,a nurse left a cheese for an opponent .,DO,PD,GIVE,LEAVE,THE,A,to,for,-47.31052780151367,"[-3.5115523, -7.1722836, -6.5149136, -1.2481433, -11.755802, -6.316106, -3.3542624, -5.297599, -2.1398668]"
the worker gave the lawyer the tea .,a nurse left an opponent a cheese .,DO,DO,GIVE,LEAVE,THE,A,to,for,-50.65681838989258,"[-3.5115523, -7.1722836, -6.5149136, -3.3196192, -9.597414, -6.0683775, -12.328781, -2.1438768]"
the worker gave the lawyer the tea .,a secretary sent a salad to a club .,DO,PD,GIVE,SEND,THE,A,to,to,-50.050987243652344,"[-3.5115523, -9.950438, -7.5612383, -1.0937397, -14.431093, -1.0834407, -1.479698, -8.08017, -2.8596206]"
the worker gave the lawyer the tea .,a secretary sent a club a salad .,DO,DO,GIVE,SEND,THE,A,to,to,-48.86186218261719,"[-3.5115523, -9.950438, -7.5612383, -1.0937397, -12.463384, -3.3006864, -9.298243, -1.682583]"
the worker gave the mayor the cigarette .,a scientist sold a beer to a hero .,DO,PD,GIVE,SELL,THE,A,to,to,-42.88400650024414,"[-3.5672832, -8.077457, -10.5051365, -1.4747974, -6.4963336, -0.8668648, -0.8265453, -9.597889, -1.4716988]"
the worker gave the mayor the cigarette .,a scientist sold a hero a beer .,DO,DO,GIVE,SELL,THE,A,to,to,-48.604209899902344,"[-3.5672832, -8.077457, -10.5051365, -1.4747974, -11.73431, -6.8367925, -4.6846976, -1.7237341]"
the worker gave the mayor the cigarette .,a prince sent a pie to a minister .,DO,PD,GIVE,SEND,THE,A,to,to,-41.96161651611328,"[-3.5672832, -11.05628, -6.1958694, -1.2625542, -10.138965, -0.50204134, -1.6443619, -5.8738794, -1.7203821]"
the worker gave the mayor the cigarette .,a prince sent a minister a pie .,DO,DO,GIVE,SEND,THE,A,to,to,-41.490142822265625,"[-3.5672832, -11.05628, -6.1958694, -1.2625542, -7.8988647, -1.98455, -8.2923765, -1.2323637]"
the worker gave the mayor the cigarette .,a hero designed a bottle for a king .,DO,PD,GIVE,DESIGN,THE,A,to,for,-47.94916534423828,"[-3.5672832, -8.959027, -10.802377, -2.8473167, -7.6201253, -3.4833875, -1.9005725, -7.86922, -0.8998551]"
the worker gave the mayor the cigarette .,a hero designed a king a bottle .,DO,DO,GIVE,DESIGN,THE,A,to,for,-54.44547653198242,"[-3.5672832, -8.959027, -10.802377, -2.8473167, -10.270802, -6.696994, -8.537707, -2.7639697]"
the worker gave the mayor the cigarette .,an opponent fed a chicken to a parent .,DO,PD,GIVE,FEED,THE,A,to,to,-45.1195182800293,"[-5.671906, -7.8564434, -12.640276, -1.6174082, -3.843455, -1.7294732, -0.7003378, -9.651299, -1.4089203]"
the worker gave the mayor the cigarette .,an opponent fed a parent a chicken .,DO,DO,GIVE,FEED,THE,A,to,to,-48.147491455078125,"[-5.671906, -7.8564434, -12.640276, -1.6174082, -11.57655, -1.3778024, -5.2305546, -2.176553]"
the worker gave the mayor the cigarette .,a candidate threw a newspaper to a nurse .,DO,PD,GIVE,THROW,THE,A,to,to,-43.60346984863281,"[-3.5672832, -8.229534, -7.400584, -0.47805873, -6.6390085, -3.7903714, -2.2752938, -8.58888, -2.634452]"
the worker gave the mayor the cigarette .,a candidate threw a nurse a newspaper .,DO,DO,GIVE,THROW,THE,A,to,to,-42.41697692871094,"[-3.5672832, -8.229534, -7.400584, -0.47805873, -10.024832, -3.4255605, -7.0759487, -2.215174]"
the worker gave the student the juice .,a candidate brought a chocolate to a man .,DO,PD,GIVE,BRING,THE,A,to,to,-43.22222900390625,"[-3.5098367, -8.603443, -8.673697, -1.4659531, -8.05535, -4.9740524, -1.3427715, -4.308096, -2.2890277]"
the worker gave the student the juice .,a candidate brought a man a chocolate .,DO,DO,GIVE,BRING,THE,A,to,to,-43.86894989013672,"[-3.5098367, -8.603443, -8.673697, -1.4659531, -4.2852774, -5.873863, -6.561166, -4.8957143]"
the worker gave the student the juice .,a manager saved a candy for a secretary .,DO,PD,GIVE,SAVE,THE,A,to,for,-54.92088317871094,"[-3.5098367, -8.205843, -11.559551, -1.759568, -11.497088, -4.965756, -1.8754903, -10.575079, -0.972672]"
the worker gave the student the juice .,a manager saved a secretary a candy .,DO,DO,GIVE,SAVE,THE,A,to,for,-58.66693115234375,"[-3.5098367, -8.205843, -11.559551, -1.759568, -11.916812, -6.44889, -11.754478, -3.5119534]"
the worker gave the tea to the lawyer .,a nurse left a cheese for an opponent .,PD,PD,GIVE,LEAVE,THE,A,to,for,-44.35194396972656,"[-3.528261, -7.3808436, -6.4950066, -1.169281, -10.380927, -4.674963, -3.42458, -5.603881, -1.6941999]"
the worker gave the tea to the lawyer .,a nurse left an opponent a cheese .,PD,DO,GIVE,LEAVE,THE,A,to,for,-48.08748245239258,"[-3.528261, -7.3808436, -6.4950066, -3.1227703, -8.884805, -5.286187, -11.01537, -2.374239]"
the worker gave the tea to the lawyer .,a secretary sent a salad to a club .,PD,PD,GIVE,SEND,THE,A,to,to,-46.38233947753906,"[-3.528261, -9.958357, -6.6706924, -1.1886891, -13.203602, -0.35064837, -1.605103, -7.5198603, -2.3571277]"
the worker gave the tea to the lawyer .,a secretary sent a club a salad .,PD,DO,GIVE,SEND,THE,A,to,to,-48.451812744140625,"[-3.528261, -9.958357, -6.6706924, -1.1886891, -12.044399, -2.4989254, -10.426798, -2.1356885]"
the worker got the beer for the business .,a cop left a candy for an army .,PD,PD,GET,LEAVE,THE,A,for,for,-45.531036376953125,"[-3.4958224, -8.224411, -7.0677533, -1.0223467, -8.651523, -2.4264603, -4.0115256, -8.300989, -2.3302052]"
the worker got the beer for the business .,a cop left an army a candy .,PD,DO,GET,LEAVE,THE,A,for,for,-53.77324676513672,"[-3.4958224, -8.224411, -7.0677533, -3.2273438, -8.059277, -8.7961855, -11.173984, -3.7284718]"
the worker got the beer for the business .,a husband showed a salad to a club .,PD,PD,GET,SHOW,THE,A,for,to,-49.111549377441406,"[-3.4958224, -8.713612, -9.707249, -2.3304195, -11.53005, -1.3244739, -1.6685942, -8.747325, -1.5940065]"
the worker got the beer for the business .,a husband showed a club a salad .,PD,DO,GET,SHOW,THE,A,for,to,-48.44109344482422,"[-3.4958224, -8.713612, -9.707249, -2.3304195, -10.2369585, -2.4003875, -9.522119, -2.0345285]"
the worker got the beer for the business .,a husband took a bottle to a doctor .,PD,PD,GET,TAKE,THE,A,for,to,-42.20845031738281,"[-3.4958224, -8.713612, -8.179806, -1.7243329, -6.3890095, -3.986252, -2.5682182, -5.18999, -1.9614077]"
the worker got the beer for the business .,a husband took a doctor a bottle .,PD,DO,GET,TAKE,THE,A,for,to,-49.85807800292969,"[-3.4958224, -8.713612, -8.179806, -1.7243329, -9.201857, -6.9848566, -6.6950417, -4.8627486]"
the worker got the business the beer .,a cop left a candy for an army .,DO,PD,GET,LEAVE,THE,A,for,for,-46.46449279785156,"[-3.482075, -8.333361, -6.971712, -1.0540595, -8.632914, -3.8142576, -4.0096254, -8.073512, -2.0929773]"
the worker got the business the beer .,a cop left an army a candy .,DO,DO,GET,LEAVE,THE,A,for,for,-49.77782440185547,"[-3.482075, -8.333361, -6.971712, -3.2853408, -7.8723993, -8.403663, -9.365944, -2.0633314]"
the worker got the business the beer .,a husband showed a salad to a club .,DO,PD,GET,SHOW,THE,A,for,to,-49.06018829345703,"[-3.482075, -8.860111, -9.759085, -2.3938394, -11.143988, -1.670476, -1.5390341, -8.822265, -1.3893164]"
the worker got the business the beer .,a husband showed a club a salad .,DO,DO,GET,SHOW,THE,A,for,to,-47.044002532958984,"[-3.482075, -8.860111, -9.759085, -2.3938394, -9.9076395, -1.5635878, -9.647929, -1.4297367]"
the worker got the business the beer .,a husband took a bottle to a doctor .,DO,PD,GET,TAKE,THE,A,for,to,-42.22260284423828,"[-3.482075, -8.860111, -8.158642, -1.6311669, -7.022139, -3.5231981, -2.7911913, -5.104974, -1.6491077]"
the worker got the business the beer .,a husband took a doctor a bottle .,DO,DO,GET,TAKE,THE,A,for,to,-45.08604431152344,"[-3.482075, -8.860111, -8.158642, -1.6311669, -8.740814, -5.0325155, -5.8766747, -3.3040473]"
the worker got the business the tea .,a partner kept a meal for an army .,DO,PD,GET,KEEP,THE,A,for,for,-49.28038787841797,"[-3.4938567, -9.699055, -9.106358, -1.8254454, -9.532953, -1.8560964, -5.1349983, -6.39198, -2.2396445]"
the worker got the business the tea .,a partner kept an army a meal .,DO,DO,GET,KEEP,THE,A,for,for,-52.865867614746094,"[-3.4938567, -9.699055, -9.106358, -3.17252, -7.511458, -8.2347355, -10.07285, -1.5750374]"
the worker got the business the tea .,a princess supplied a salad to a priest .,DO,PD,GET,SUPPLY,THE,A,for,to,-49.16217041015625,"[-3.4938567, -11.084848, -12.015108, -2.1973848, -7.242528, -2.7150064, -1.5585146, -7.7622623, -1.0926588]"
the worker got the business the tea .,a princess supplied a priest a salad .,DO,DO,GET,SUPPLY,THE,A,for,to,-52.276004791259766,"[-3.4938567, -11.084848, -12.015108, -2.1973848, -10.585543, -3.5290077, -8.354569, -1.015686]"
the worker got the business the tea .,a princess took an iron to a prince .,DO,PD,GET,TAKE,THE,A,for,to,-44.04254150390625,"[-3.4938567, -11.084848, -6.4037604, -3.9926023, -5.964381, -3.2867134, -2.0673695, -6.540159, -1.2088515]"
the worker got the business the tea .,a princess took a prince an iron .,DO,DO,GET,TAKE,THE,A,for,to,-47.359161376953125,"[-3.4938567, -11.084848, -6.4037604, -1.2223617, -7.9382944, -7.817393, -6.4991455, -2.8995013]"
the worker got the cheese for the girl .,a scientist found a coffee for a daughter .,PD,PD,GET,FIND,THE,A,for,for,-39.786598205566406,"[-3.4992683, -7.971319, -5.0577307, -1.1622158, -9.150063, -4.013759, -2.1155481, -5.7752905, -1.041403]"
the worker got the cheese for the girl .,a scientist found a daughter a coffee .,PD,DO,GET,FIND,THE,A,for,for,-45.49060821533203,"[-3.4992683, -7.971319, -5.0577307, -1.1622158, -9.684979, -6.1885204, -9.341495, -2.5850787]"
the worker got the cheese for the girl .,a prince kept a tea for a soldier .,PD,PD,GET,KEEP,THE,A,for,for,-44.14984130859375,"[-3.4992683, -11.131418, -8.158775, -1.1204168, -8.290359, -2.0966468, -2.2147942, -6.624341, -1.0138228]"
the worker got the cheese for the girl .,a prince kept a soldier a tea .,PD,DO,GET,KEEP,THE,A,for,for,-50.11775207519531,"[-3.4992683, -11.131418, -8.158775, -1.1204168, -7.5245104, -5.9116955, -10.409998, -2.3616688]"
the worker got the cheese for the girl .,a princess took a plate to a minister .,PD,PD,GET,TAKE,THE,A,for,to,-48.93218994140625,"[-3.4992683, -10.708316, -6.2059402, -1.0936046, -8.234955, -5.004623, -2.7571387, -10.083556, -1.3447878]"
the worker got the cheese for the girl .,a princess took a minister a plate .,PD,DO,GET,TAKE,THE,A,for,to,-54.457862854003906,"[-3.4992683, -10.708316, -6.2059402, -1.0936046, -13.552565, -4.752085, -10.605071, -4.041012]"
the worker got the cheese for the girl .,a child caught a telephone for a sheriff .,PD,PD,GET,CATCH,THE,A,for,for,-48.32392501831055,"[-3.4992683, -5.8050594, -6.5202785, -5.202071, -10.456193, -4.9330177, -1.9106121, -7.9990816, -1.9983448]"
the worker got the cheese for the girl .,a child caught a sheriff a telephone .,PD,DO,GET,CATCH,THE,A,for,for,-57.22666931152344,"[-3.4992683, -5.8050594, -6.5202785, -5.202071, -11.148695, -8.771569, -11.860998, -4.4187307]"
the worker got the company the pie .,a secretary sent a salad to a club .,DO,PD,GET,SEND,THE,A,for,to,-45.8494987487793,"[-3.4798765, -10.391012, -7.1563687, -1.0289681, -12.273681, -1.0463575, -1.3721606, -7.6636057, -1.4374678]"
the worker got the company the pie .,a secretary sent a club a salad .,DO,DO,GET,SEND,THE,A,for,to,-45.72465515136719,"[-3.4798765, -10.391012, -7.1563687, -1.0289681, -10.929786, -1.1919715, -10.453908, -1.0927649]"
the worker got the company the pie .,a princess designed a jacket for a prince .,DO,PD,GET,DESIGN,THE,A,for,for,-42.050498962402344,"[-3.4798765, -11.014797, -9.097207, -2.4479654, -8.771929, -1.8703198, -1.4987285, -3.2355282, -0.63414866]"
the worker got the company the pie .,a princess designed a prince a jacket .,DO,DO,GET,DESIGN,THE,A,for,for,-49.551002502441406,"[-3.4798765, -11.014797, -9.097207, -2.4479654, -6.272992, -5.7178793, -10.550491, -0.96979225]"
the worker got the company the pie .,a princess caught a coat for a cousin .,DO,PD,GET,CATCH,THE,A,for,for,-50.200965881347656,"[-3.4798765, -11.014797, -5.961012, -3.0420945, -11.063349, -4.145626, -2.0660348, -8.583002, -0.8451778]"
the worker got the company the pie .,a princess caught a cousin a coat .,DO,DO,GET,CATCH,THE,A,for,for,-50.456886291503906,"[-3.4798765, -11.014797, -5.961012, -3.0420945, -10.808619, -5.5374727, -9.036345, -1.5766689]"
the worker got the girl the cheese .,a scientist found a coffee for a daughter .,DO,PD,GET,FIND,THE,A,for,for,-41.690223693847656,"[-3.5185046, -7.9909286, -5.3277416, -1.1277714, -8.857769, -4.902193, -2.3103414, -6.679405, -0.97557163]"
the worker got the girl the cheese .,a scientist found a daughter a coffee .,DO,DO,GET,FIND,THE,A,for,for,-41.072654724121094,"[-3.5185046, -7.9909286, -5.3277416, -1.1277714, -9.294647, -5.49348, -7.4337473, -0.8858308]"
the worker got the girl the cheese .,a prince kept a tea for a soldier .,DO,PD,GET,KEEP,THE,A,for,for,-46.880863189697266,"[-3.5185046, -11.049265, -8.112423, -1.5148038, -8.705887, -3.456513, -2.6240792, -6.989432, -0.90995604]"
the worker got the girl the cheese .,a prince kept a soldier a tea .,DO,DO,GET,KEEP,THE,A,for,for,-46.15922546386719,"[-3.5185046, -11.049265, -8.112423, -1.5148038, -7.397146, -4.105731, -9.714564, -0.7467863]"
the worker got the girl the cheese .,a princess took a plate to a minister .,DO,PD,GET,TAKE,THE,A,for,to,-49.29896545410156,"[-3.5185046, -10.585533, -6.27697, -1.2113377, -8.203728, -4.709716, -2.8652515, -10.870303, -1.0576203]"
the worker got the girl the cheese .,a princess took a minister a plate .,DO,DO,GET,TAKE,THE,A,for,to,-47.9059944152832,"[-3.5185046, -10.585533, -6.27697, -1.2113377, -13.3425, -1.1362193, -9.097252, -2.7376788]"
the worker got the girl the cheese .,a child caught a telephone for a sheriff .,DO,PD,GET,CATCH,THE,A,for,for,-48.544498443603516,"[-3.5185046, -5.9624877, -6.4893847, -3.6693478, -10.324701, -6.0582533, -1.7905309, -9.004998, -1.7262912]"
the worker got the girl the cheese .,a child caught a sheriff a telephone .,DO,DO,GET,CATCH,THE,A,for,for,-51.03228759765625,"[-3.5185046, -5.9624877, -6.4893847, -3.6693478, -10.63033, -6.871412, -11.361242, -2.5295782]"
the worker got the pie for the company .,a secretary sent a salad to a club .,PD,PD,GET,SEND,THE,A,for,to,-46.16706085205078,"[-3.5046182, -10.453613, -7.068632, -0.9869469, -12.346176, -1.0458872, -1.2981081, -7.7302713, -1.7328056]"
the worker got the pie for the company .,a secretary sent a club a salad .,PD,DO,GET,SEND,THE,A,for,to,-47.86940002441406,"[-3.5046182, -10.453613, -7.068632, -0.9869469, -11.259896, -1.8902836, -10.750001, -1.95541]"
the worker got the pie for the company .,a princess designed a jacket for a prince .,PD,PD,GET,DESIGN,THE,A,for,for,-41.47136688232422,"[-3.5046182, -11.066294, -9.046627, -2.9399562, -8.383936, -1.2591124, -1.4889979, -3.1808224, -0.6010004]"
the worker got the pie for the company .,a princess designed a prince a jacket .,PD,DO,GET,DESIGN,THE,A,for,for,-52.541282653808594,"[-3.5046182, -11.066294, -9.046627, -2.9399562, -6.766201, -6.5958266, -11.086597, -1.5351608]"
the worker got the pie for the company .,a princess caught a coat for a cousin .,PD,PD,GET,CATCH,THE,A,for,for,-48.11834716796875,"[-3.5046182, -11.066294, -5.838125, -3.1511328, -11.018679, -2.9756694, -1.8617553, -7.881714, -0.8203623]"
the worker got the pie for the company .,a princess caught a cousin a coat .,PD,DO,GET,CATCH,THE,A,for,for,-53.08282470703125,"[-3.5046182, -11.066294, -5.838125, -3.1511328, -11.1843195, -6.6674995, -9.225645, -2.4451947]"
the worker got the tea for the business .,a partner kept a meal for an army .,PD,PD,GET,KEEP,THE,A,for,for,-47.65739822387695,"[-3.4953165, -9.629283, -9.252075, -1.4923166, -8.947299, -1.180835, -5.2407036, -6.5780344, -1.8415339]"
the worker got the tea for the business .,a partner kept an army a meal .,PD,DO,GET,KEEP,THE,A,for,for,-53.602638244628906,"[-3.4953165, -9.629283, -9.252075, -3.007793, -6.4004626, -8.833624, -10.570786, -2.4132948]"
the worker got the tea for the business .,a princess supplied a salad to a priest .,PD,PD,GET,SUPPLY,THE,A,for,to,-48.472625732421875,"[-3.4953165, -11.022779, -11.794424, -2.1084409, -7.2538705, -2.457843, -1.5429626, -7.651909, -1.145079]"
the worker got the tea for the business .,a princess supplied a priest a salad .,PD,DO,GET,SUPPLY,THE,A,for,to,-53.99906921386719,"[-3.4953165, -11.022779, -11.794424, -2.1084409, -10.7744465, -4.6986866, -8.634973, -1.4700044]"
the worker got the tea for the business .,a princess took an iron to a prince .,PD,PD,GET,TAKE,THE,A,for,to,-44.53742980957031,"[-3.4953165, -11.022779, -6.36498, -3.767631, -5.316254, -3.8331254, -1.7471308, -7.3670716, -1.6231419]"
the worker got the tea for the business .,a princess took a prince an iron .,PD,DO,GET,TAKE,THE,A,for,to,-48.710723876953125,"[-3.4953165, -11.022779, -6.36498, -1.0550181, -7.514707, -8.927908, -6.621588, -3.7084239]"
the worker kept the cheese for the company .,a mayor left a pie for a soldier .,PD,PD,KEEP,LEAVE,THE,A,for,for,-46.41808319091797,"[-3.5247636, -10.386421, -8.911559, -1.3818679, -9.123198, -1.7926825, -1.2187142, -8.4759655, -1.6029103]"
the worker kept the cheese for the company .,a mayor left a soldier a pie .,PD,DO,KEEP,LEAVE,THE,A,for,for,-50.945735931396484,"[-3.5247636, -10.386421, -8.911559, -1.3818679, -9.440539, -6.723284, -7.870554, -2.706749]"
the worker kept the cheese for the company .,a club designed a ball for an army .,PD,PD,KEEP,DESIGN,THE,A,for,for,-45.704978942871094,"[-3.5247636, -8.657921, -8.433265, -6.876131, -5.61658, -2.3922281, -4.218049, -4.84443, -1.1416146]"
the worker kept the cheese for the company .,a club designed an army a ball .,PD,DO,KEEP,DESIGN,THE,A,for,for,-55.36247634887695,"[-3.5247636, -8.657921, -8.433265, -8.944331, -5.970436, -9.175677, -7.643311, -3.0127733]"
the worker kept the cheese for the company .,a princess took a plate to a minister .,PD,PD,KEEP,TAKE,THE,A,for,to,-48.52015686035156,"[-3.5247636, -10.988419, -6.203042, -1.2213174, -8.34371, -4.923247, -2.7142344, -8.944108, -1.6573149]"
the worker kept the cheese for the company .,a princess took a minister a plate .,PD,DO,KEEP,TAKE,THE,A,for,to,-54.34782028198242,"[-3.5247636, -10.988419, -6.203042, -1.2213174, -13.555925, -5.3673964, -9.322716, -4.164242]"
the worker kept the company the cheese .,a mayor left a pie for a soldier .,DO,PD,KEEP,LEAVE,THE,A,for,for,-47.349815368652344,"[-3.5026958, -10.480226, -9.016809, -1.4958115, -9.80826, -2.5718627, -1.1209431, -8.106146, -1.2470609]"
the worker kept the company the cheese .,a mayor left a soldier a pie .,DO,DO,KEEP,LEAVE,THE,A,for,for,-48.255577087402344,"[-3.5026958, -10.480226, -9.016809, -1.4958115, -9.560633, -5.3966684, -7.483025, -1.3197056]"
the worker kept the company the cheese .,a club designed a ball for an army .,DO,PD,KEEP,DESIGN,THE,A,for,for,-46.46717834472656,"[-3.5026958, -8.685095, -8.274972, -6.3097005, -5.9395847, -3.2479727, -3.934159, -5.5743623, -0.9986335]"
the worker kept the company the cheese .,a club designed an army a ball .,DO,DO,KEEP,DESIGN,THE,A,for,for,-51.46544647216797,"[-3.5026958, -8.685095, -8.274972, -8.462057, -5.955417, -8.323469, -6.4891768, -1.7725642]"
the worker kept the company the cheese .,a princess took a plate to a minister .,DO,PD,KEEP,TAKE,THE,A,for,to,-49.22300720214844,"[-3.5026958, -11.005359, -6.41912, -1.2913846, -9.171674, -4.830522, -2.2822192, -9.46347, -1.2565653]"
the worker kept the company the cheese .,a princess took a minister a plate .,DO,DO,KEEP,TAKE,THE,A,for,to,-50.16763687133789,"[-3.5026958, -11.005359, -6.41912, -1.2913846, -13.085336, -2.7371883, -9.189974, -2.9365811]"
the worker left the business the candy .,an aunt caught a computer for a colonel .,DO,PD,LEAVE,CATCH,THE,A,for,for,-58.450172424316406,"[-5.7370005, -8.322855, -9.480087, -1.6800495, -9.630206, -4.767439, -1.598677, -15.285147, -1.9487098]"
the worker left the business the candy .,an aunt caught a colonel a computer .,DO,DO,LEAVE,CATCH,THE,A,for,for,-59.96265411376953,"[-5.7370005, -8.322855, -9.480087, -1.6800495, -16.46709, -6.1344776, -9.261713, -2.8793797]"
the worker left the business the candy .,a princess caught a motor for an uncle .,DO,PD,LEAVE,CATCH,THE,A,for,for,-52.60008239746094,"[-3.5268927, -11.227976, -5.8302326, -2.3091955, -9.463674, -7.3133535, -4.0815067, -6.9577007, -1.8895519]"
the worker left the business the candy .,a princess caught an uncle a motor .,DO,DO,LEAVE,CATCH,THE,A,for,for,-54.161373138427734,"[-3.5268927, -11.227976, -5.8302326, -4.820491, -7.020814, -6.0643034, -10.653629, -5.017034]"
the worker left the candy for the business .,an aunt caught a computer for a colonel .,PD,PD,LEAVE,CATCH,THE,A,for,for,-56.79866027832031,"[-5.733867, -8.42343, -9.402839, -1.6239039, -9.582187, -4.050799, -1.4977437, -14.754948, -1.7289414]"
the worker left the candy for the business .,an aunt caught a colonel a computer .,PD,DO,LEAVE,CATCH,THE,A,for,for,-61.17097091674805,"[-5.733867, -8.42343, -9.402839, -1.6239039, -16.31856, -6.5469737, -10.024149, -3.0972464]"
the worker left the candy for the business .,a princess caught a motor for an uncle .,PD,PD,LEAVE,CATCH,THE,A,for,for,-51.345367431640625,"[-3.5311456, -11.175287, -5.8308773, -2.5090392, -9.748022, -6.396159, -4.144796, -6.51444, -1.4956019]"
the worker left the candy for the business .,a princess caught an uncle a motor .,PD,DO,LEAVE,CATCH,THE,A,for,for,-54.80146789550781,"[-3.5311456, -11.175287, -5.8308773, -4.9524827, -6.882826, -6.693355, -10.468786, -5.2667065]"
the worker left the candy for the company .,a guest got a juice for an army .,PD,PD,LEAVE,GET,THE,A,for,for,-51.25100326538086,"[-3.5244355, -8.133519, -10.623384, -1.1309426, -10.670569, -1.842133, -5.8697367, -7.452077, -2.0042052]"
the worker left the candy for the company .,a guest got an army a juice .,PD,DO,LEAVE,GET,THE,A,for,for,-59.80298614501953,"[-3.5244355, -8.133519, -10.623384, -3.4604008, -9.997236, -9.063256, -13.085303, -1.9154475]"
the worker left the candy for the company .,a hero bought a chicken for a priest .,PD,PD,LEAVE,BUY,THE,A,for,for,-42.608123779296875,"[-3.5244355, -9.197246, -8.858549, -0.544371, -7.0650077, -1.36577, -1.799787, -9.206467, -1.046493]"
the worker left the candy for the company .,a hero bought a priest a chicken .,PD,DO,LEAVE,BUY,THE,A,for,for,-44.80531311035156,"[-3.5244355, -9.197246, -8.858549, -0.544371, -11.575832, -1.3261836, -7.3031797, -2.4755163]"
the worker left the chicken for the father .,a colonel brought a television to a candidate .,PD,PD,LEAVE,BRING,THE,A,for,to,-47.32659912109375,"[-3.525733, -11.924282, -7.8457775, -1.5395572, -8.316658, -0.6412003, -2.1408505, -9.32674, -2.0658]"
the worker left the chicken for the father .,a colonel brought a candidate a television .,PD,DO,LEAVE,BRING,THE,A,for,to,-50.667972564697266,"[-3.525733, -11.924282, -7.8457775, -1.5395572, -10.095102, -5.3625298, -8.210577, -2.1644142]"
the worker left the chicken for the father .,an employee brought a camera to a business .,PD,PD,LEAVE,BRING,THE,A,for,to,-34.8623161315918,"[-5.692912, -3.6815994, -7.252693, -1.3225569, -7.236662, -0.59430873, -1.7454574, -5.2611165, -2.0750124]"
the worker left the chicken for the father .,an employee brought a business a camera .,PD,DO,LEAVE,BRING,THE,A,for,to,-41.65053939819336,"[-5.692912, -3.6815994, -7.252693, -1.3225569, -8.266779, -5.0804625, -8.544736, -1.8088026]"
the worker left the chicken for the father .,a student fed a cheese to a chief .,PD,PD,LEAVE,FEED,THE,A,for,to,-43.339622497558594,"[-3.525733, -5.451643, -10.98598, -1.0721521, -6.3755484, -1.2184324, -0.6463892, -12.082592, -1.9811497]"
the worker left the chicken for the father .,a student fed a chief a cheese .,PD,DO,LEAVE,FEED,THE,A,for,to,-45.42071533203125,"[-3.525733, -5.451643, -10.98598, -1.0721521, -12.46469, -2.987424, -6.082533, -2.8505588]"
the worker left the company the candy .,a guest got a juice for an army .,DO,PD,LEAVE,GET,THE,A,for,for,-52.40214538574219,"[-3.5293446, -8.03574, -10.385617, -1.1861061, -10.524338, -2.7597926, -5.8336477, -7.865977, -2.281586]"
the worker left the company the candy .,a guest got an army a juice .,DO,DO,LEAVE,GET,THE,A,for,for,-57.72112274169922,"[-3.5293446, -8.03574, -10.385617, -3.6323495, -10.140479, -8.736034, -11.918863, -1.3426962]"
the worker left the company the candy .,a hero bought a chicken for a priest .,DO,PD,LEAVE,BUY,THE,A,for,for,-44.68618392944336,"[-3.5293446, -9.148378, -8.981022, -0.47515747, -7.127247, -2.721088, -1.7445959, -9.724623, -1.2347257]"
the worker left the company the candy .,a hero bought a priest a chicken .,DO,DO,LEAVE,BUY,THE,A,for,for,-43.15700912475586,"[-3.5293446, -9.148378, -8.981022, -0.47515747, -11.603623, -0.77123547, -7.017458, -1.6307898]"
the worker left the company the plate .,a mayor brought an instrument to a band .,DO,PD,LEAVE,BRING,THE,A,for,to,-52.483863830566406,"[-3.5097413, -10.50111, -9.411845, -3.6834388, -9.240617, -0.79838127, -2.0798178, -10.404373, -2.8545392]"
the worker left the company the plate .,a mayor brought a band an instrument .,DO,DO,LEAVE,BRING,THE,A,for,to,-51.64507293701172,"[-3.5097413, -10.50111, -9.411845, -1.4324774, -8.254538, -9.984807, -6.1967287, -2.3538284]"
the worker left the company the plate .,a partner kept a meal for an army .,DO,PD,LEAVE,KEEP,THE,A,for,for,-53.25063705444336,"[-3.5097413, -9.8518505, -9.344611, -1.8889389, -10.071314, -2.22682, -5.402526, -7.2553825, -3.6994522]"
the worker left the company the plate .,a partner kept an army a meal .,DO,DO,LEAVE,KEEP,THE,A,for,for,-56.362998962402344,"[-3.5097413, -9.8518505, -9.344611, -3.1099615, -8.306382, -9.257095, -10.546409, -2.4369507]"
the worker left the father the chicken .,a colonel brought a television to a candidate .,DO,PD,LEAVE,BRING,THE,A,for,to,-47.656585693359375,"[-3.4993756, -11.843503, -7.9510508, -1.5078846, -8.56292, -0.6828848, -2.1955645, -9.119786, -2.2936153]"
the worker left the father the chicken .,a colonel brought a candidate a television .,DO,DO,LEAVE,BRING,THE,A,for,to,-47.395965576171875,"[-3.4993756, -11.843503, -7.9510508, -1.5078846, -10.012902, -3.097243, -7.9525514, -1.5314522]"
the worker left the father the chicken .,an employee brought a camera to a business .,DO,PD,LEAVE,BRING,THE,A,for,to,-34.85160827636719,"[-5.6599026, -3.8591137, -7.890486, -1.4053475, -6.44934, -0.57875586, -1.6562197, -5.197665, -2.1547768]"
the worker left the father the chicken .,an employee brought a business a camera .,DO,DO,LEAVE,BRING,THE,A,for,to,-40.86287307739258,"[-5.6599026, -3.8591137, -7.890486, -1.4053475, -7.7922945, -5.358472, -7.7632113, -1.1340456]"
the worker left the father the chicken .,a student fed a cheese to a chief .,DO,PD,LEAVE,FEED,THE,A,for,to,-44.51628875732422,"[-3.4993756, -5.576229, -11.082418, -1.0874406, -6.7084236, -1.5359957, -0.594774, -11.9784775, -2.453156]"
the worker left the father the chicken .,a student fed a chief a cheese .,DO,DO,LEAVE,FEED,THE,A,for,to,-44.046531677246094,"[-3.4993756, -5.576229, -11.082418, -1.0874406, -11.903068, -2.7529764, -6.1406837, -2.0043411]"
the worker left the key for the lawyer .,a mother found a chocolate for an army .,PD,PD,LEAVE,FIND,THE,A,for,for,-46.23828887939453,"[-3.507619, -6.0409117, -5.8760405, -0.9722681, -8.787793, -5.293367, -5.252247, -8.31704, -2.1910043]"
the worker left the key for the lawyer .,a mother found an army a chocolate .,PD,DO,LEAVE,FIND,THE,A,for,for,-52.215877532958984,"[-3.507619, -6.0409117, -5.8760405, -3.5891628, -7.748973, -9.432364, -11.922439, -4.0983686]"
the worker left the key for the lawyer .,a husband purchased a beer for a parent .,PD,PD,LEAVE,PURCHASE,THE,A,for,for,-45.40440368652344,"[-3.507619, -8.72156, -12.28551, -0.5629466, -7.2641516, -1.3692336, -1.9580054, -8.507945, -1.227432]"
the worker left the key for the lawyer .,a husband purchased a parent a beer .,PD,DO,LEAVE,PURCHASE,THE,A,for,for,-47.825439453125,"[-3.507619, -8.72156, -12.28551, -0.5629466, -10.88542, -5.1234617, -4.571921, -2.1670032]"
the worker left the key for the lawyer .,an attorney showed a tea to an army .,PD,PD,LEAVE,SHOW,THE,A,for,to,-52.55451965332031,"[-5.7085505, -5.4015827, -8.560601, -1.8446257, -12.055275, -3.101813, -3.7247353, -7.3627243, -4.794612]"
the worker left the key for the lawyer .,an attorney showed an army a tea .,PD,DO,LEAVE,SHOW,THE,A,for,to,-56.15863800048828,"[-5.7085505, -5.4015827, -8.560601, -4.2377424, -7.362776, -8.911631, -11.410117, -4.5656347]"
the worker left the key for the lawyer .,a guest showed a ball to a mayor .,PD,PD,LEAVE,SHOW,THE,A,for,to,-49.287899017333984,"[-3.507619, -7.851218, -10.035646, -2.3237147, -9.276296, -3.4141715, -2.265994, -9.514685, -1.0985541]"
the worker left the key for the lawyer .,a guest showed a mayor a ball .,PD,DO,LEAVE,SHOW,THE,A,for,to,-51.341575622558594,"[-3.507619, -7.851218, -10.035646, -2.3237147, -13.393775, -2.557022, -9.297424, -2.3751554]"
the worker left the key for the lawyer .,a pilot supplied a beer to a club .,PD,PD,LEAVE,SUPPLY,THE,A,for,to,-46.20796585083008,"[-3.507619, -8.171531, -11.027892, -2.4085875, -8.602665, -0.87671363, -1.6090794, -7.612034, -2.3918438]"
the worker left the key for the lawyer .,a pilot supplied a club a beer .,PD,DO,LEAVE,SUPPLY,THE,A,for,to,-50.43064498901367,"[-3.507619, -8.171531, -11.027892, -2.4085875, -10.650421, -5.5474095, -6.917988, -2.1991978]"
the worker left the lawyer the key .,a mother found a chocolate for an army .,DO,PD,LEAVE,FIND,THE,A,for,for,-48.06100845336914,"[-3.5101726, -6.0707283, -5.855062, -1.0045401, -9.106373, -5.983163, -4.971514, -8.1382265, -3.421229]"
the worker left the lawyer the key .,a mother found an army a chocolate .,DO,DO,LEAVE,FIND,THE,A,for,for,-50.745704650878906,"[-3.5101726, -6.0707283, -5.855062, -3.5955567, -7.1827292, -8.938768, -11.364488, -4.2282]"
the worker left the lawyer the key .,a husband purchased a beer for a parent .,DO,PD,LEAVE,PURCHASE,THE,A,for,for,-45.59711837768555,"[-3.5101726, -8.696065, -11.795024, -0.57610345, -7.124448, -2.223217, -1.9383292, -8.282378, -1.4513842]"
the worker left the lawyer the key .,a husband purchased a parent a beer .,DO,DO,LEAVE,PURCHASE,THE,A,for,for,-43.88785171508789,"[-3.5101726, -8.696065, -11.795024, -0.57610345, -10.337949, -1.6674469, -5.497355, -1.8077353]"
the worker left the lawyer the key .,an attorney showed a tea to an army .,DO,PD,LEAVE,SHOW,THE,A,for,to,-53.21513366699219,"[-5.672391, -5.2895412, -8.603664, -1.8514194, -11.588745, -3.7397587, -3.8258584, -7.1124735, -5.531281]"
the worker left the lawyer the key .,an attorney showed an army a tea .,DO,DO,LEAVE,SHOW,THE,A,for,to,-53.827545166015625,"[-5.672391, -5.2895412, -8.603664, -4.2796497, -6.8252773, -7.9535346, -11.204697, -3.9987884]"
the worker left the lawyer the key .,a guest showed a ball to a mayor .,DO,PD,LEAVE,SHOW,THE,A,for,to,-48.34968948364258,"[-3.5101726, -7.8783016, -9.771531, -2.2504144, -8.884979, -3.3218215, -2.160192, -9.276958, -1.295318]"
the worker left the lawyer the key .,a guest showed a mayor a ball .,DO,DO,LEAVE,SHOW,THE,A,for,to,-48.327083587646484,"[-3.5101726, -7.8783016, -9.771531, -2.2504144, -12.080572, -1.4797508, -9.249752, -2.1065896]"
the worker left the lawyer the key .,a pilot supplied a beer to a club .,DO,PD,LEAVE,SUPPLY,THE,A,for,to,-45.822357177734375,"[-3.5101726, -8.183737, -11.064347, -2.2486696, -8.582158, -0.8603519, -1.4205258, -7.506592, -2.4458067]"
the worker left the lawyer the key .,a pilot supplied a club a beer .,DO,DO,LEAVE,SUPPLY,THE,A,for,to,-47.546913146972656,"[-3.5101726, -8.183737, -11.064347, -2.2486696, -10.246711, -3.1591196, -7.2619853, -1.8721704]"
the worker left the plate for the company .,a mayor brought an instrument to a band .,PD,PD,LEAVE,BRING,THE,A,for,to,-53.33304977416992,"[-3.5261376, -10.532676, -9.538118, -3.467842, -9.8505945, -0.7469169, -1.9734615, -10.446592, -3.2507114]"
the worker left the plate for the company .,a mayor brought a band an instrument .,PD,DO,LEAVE,BRING,THE,A,for,to,-54.01972198486328,"[-3.5261376, -10.532676, -9.538118, -1.3540534, -8.538536, -10.346396, -7.1559515, -3.027852]"
the worker left the plate for the company .,a partner kept a meal for an army .,PD,PD,LEAVE,KEEP,THE,A,for,for,-52.245361328125,"[-3.5261376, -9.842601, -9.334287, -1.7631974, -10.052992, -1.4442463, -6.020147, -6.374608, -3.887147]"
the worker left the plate for the company .,a partner kept an army a meal .,PD,DO,LEAVE,KEEP,THE,A,for,for,-57.91514205932617,"[-3.5261376, -9.842601, -9.334287, -2.947781, -8.538192, -9.469618, -11.22522, -3.0313087]"
the worker made the army the pot .,a pilot found a wire for a club .,DO,PD,MAKE,FIND,THE,A,for,for,-44.10871887207031,"[-3.459721, -7.984623, -5.9537354, -1.2191651, -9.320544, -4.282813, -0.9637513, -8.421793, -2.5025716]"
the worker made the army the pot .,a pilot found a club a wire .,DO,DO,MAKE,FIND,THE,A,for,for,-46.93209457397461,"[-3.459721, -7.984623, -5.9537354, -1.2191651, -9.260462, -5.636205, -11.379126, -2.0390563]"
the worker made the army the pot .,a cop sold a coat to a business .,DO,PD,MAKE,SELL,THE,A,for,to,-46.88196563720703,"[-3.459721, -8.469831, -11.004067, -1.1742954, -9.089783, -3.114284, -0.34747764, -7.244191, -2.9783163]"
the worker made the army the pot .,a cop sold a business a coat .,DO,DO,MAKE,SELL,THE,A,for,to,-49.70472717285156,"[-3.459721, -8.469831, -11.004067, -1.1742954, -7.1138487, -6.642983, -8.451159, -3.388822]"
the worker made the aunt the instrument .,a chief kept a salad for an administration .,DO,PD,MAKE,KEEP,THE,A,for,for,-58.02607727050781,"[-3.5171747, -8.938398, -10.327944, -1.4072633, -12.024793, -3.0882, -5.0423613, -9.956754, -3.723188]"
the worker made the aunt the instrument .,a chief kept an administration a salad .,DO,DO,MAKE,KEEP,THE,A,for,for,-56.252540588378906,"[-3.5171747, -8.938398, -10.327944, -2.847755, -9.930034, -6.3159733, -13.125861, -1.2494029]"
the worker made the aunt the instrument .,a colonel kept a plate for a corporation .,DO,PD,MAKE,KEEP,THE,A,for,for,-52.377830505371094,"[-3.5171747, -11.205126, -8.690381, -1.2244592, -7.5048885, -4.39253, -2.5820642, -11.399014, -1.8621919]"
the worker made the aunt the instrument .,a colonel kept a corporation a plate .,DO,DO,MAKE,KEEP,THE,A,for,for,-57.192752838134766,"[-3.5171747, -11.205126, -8.690381, -1.2244592, -12.070163, -5.518144, -11.924615, -3.042688]"
the worker made the aunt the instrument .,a hero bought a chicken for a priest .,DO,PD,MAKE,BUY,THE,A,for,for,-44.55257797241211,"[-3.5171747, -8.791632, -9.243784, -0.718836, -7.555771, -2.7541387, -2.3791604, -8.430654, -1.1614274]"
the worker made the aunt the instrument .,a hero bought a priest a chicken .,DO,DO,MAKE,BUY,THE,A,for,for,-43.641719818115234,"[-3.5171747, -8.791632, -9.243784, -0.718836, -9.8810625, -1.2843089, -8.415461, -1.7894615]"
the worker made the bag for the professor .,a buddy kept a cheese for a cousin .,PD,PD,MAKE,KEEP,THE,A,for,for,-47.4930419921875,"[-3.5134895, -10.931757, -8.676041, -1.252991, -10.1272, -4.04357, -2.4239721, -5.8811965, -0.642824]"
the worker made the bag for the professor .,a buddy kept a cousin a cheese .,PD,DO,MAKE,KEEP,THE,A,for,for,-51.37554931640625,"[-3.5134895, -10.931757, -8.676041, -1.252991, -8.358206, -5.4803543, -9.4823, -3.6804082]"
the worker made the band the bottle .,a chief designed a pot for a colonel .,DO,PD,MAKE,DESIGN,THE,A,for,for,-51.207374572753906,"[-3.5107117, -9.063282, -11.43933, -2.0342093, -8.466431, -2.173309, -1.7621117, -11.502396, -1.2555952]"
the worker made the band the bottle .,a chief designed a colonel a pot .,DO,DO,MAKE,DESIGN,THE,A,for,for,-54.55809783935547,"[-3.5107117, -9.063282, -11.43933, -2.0342093, -13.1844635, -5.6525087, -8.244152, -1.4294411]"
the worker made the band the bottle .,a lady promised a tea to a prince .,DO,PD,MAKE,PROMISE,THE,A,for,to,-43.73243713378906,"[-3.5107117, -8.330749, -11.363365, -1.737067, -8.139008, -2.2490318, -1.5226662, -5.7410774, -1.1387612]"
the worker made the band the bottle .,a lady promised a prince a tea .,DO,DO,MAKE,PROMISE,THE,A,for,to,-41.35777282714844,"[-3.5107117, -8.330749, -11.363365, -1.737067, -6.440963, -1.6891822, -7.1571064, -1.1286273]"
the worker made the bottle for the band .,a chief designed a pot for a colonel .,PD,PD,MAKE,DESIGN,THE,A,for,for,-50.259666442871094,"[-3.4881253, -9.128109, -11.75314, -2.1713014, -8.257584, -0.8183141, -1.8729761, -11.12422, -1.6458977]"
the worker made the bottle for the band .,a chief designed a colonel a pot .,PD,DO,MAKE,DESIGN,THE,A,for,for,-59.64298629760742,"[-3.4881253, -9.128109, -11.75314, -2.1713014, -13.843269, -7.353388, -9.035977, -2.8696759]"
the worker made the bottle for the band .,a lady promised a tea to a prince .,PD,PD,MAKE,PROMISE,THE,A,for,to,-45.78345489501953,"[-3.4881253, -8.2862835, -11.8512535, -2.0247579, -8.196362, -2.204907, -1.9650873, -6.225913, -1.5407699]"
the worker made the bottle for the band .,a lady promised a prince a tea .,PD,DO,MAKE,PROMISE,THE,A,for,to,-44.3123893737793,"[-3.4881253, -8.2862835, -11.8512535, -2.0247579, -6.925475, -2.5098522, -7.2969613, -1.9296815]"
the worker made the club the coat .,a leader got a salad for a king .,DO,PD,MAKE,GET,THE,A,for,for,-48.43239212036133,"[-3.4981208, -8.045179, -10.360141, -1.2484496, -10.958989, -2.8208723, -2.6103592, -8.318806, -0.5714742]"
the worker made the club the coat .,a leader got a king a salad .,DO,DO,MAKE,GET,THE,A,for,for,-49.798316955566406,"[-3.4981208, -8.045179, -10.360141, -1.2484496, -10.093711, -4.988334, -10.653881, -0.9104991]"
the worker made the club the coat .,a buddy got a beer for a winner .,DO,PD,MAKE,GET,THE,A,for,for,-43.09706115722656,"[-3.4981208, -10.9011135, -6.2868233, -1.3302692, -6.005058, -2.8894553, -2.338142, -9.21508, -0.63300186]"
the worker made the club the coat .,a buddy got a winner a beer .,DO,DO,MAKE,GET,THE,A,for,for,-46.41130447387695,"[-3.4981208, -10.9011135, -6.2868233, -1.3302692, -10.16394, -6.1162267, -6.763722, -1.3510898]"
the worker made the club the coat .,a soldier purchased a cheese for an administration .,DO,PD,MAKE,PURCHASE,THE,A,for,for,-54.232940673828125,"[-3.4981208, -7.283545, -11.248273, -0.6150081, -10.575204, -3.442737, -4.3989577, -11.029636, -2.1414604]"
the worker made the club the coat .,a soldier purchased an administration a cheese .,DO,DO,MAKE,PURCHASE,THE,A,for,for,-55.600101470947266,"[-3.4981208, -7.283545, -11.248273, -3.031287, -10.846939, -5.6857457, -11.907648, -2.0985425]"
the worker made the club the coat .,an attorney showed a tea to an army .,DO,PD,MAKE,SHOW,THE,A,for,to,-49.713775634765625,"[-5.699001, -5.7908316, -8.456309, -1.7528075, -11.170359, -3.837203, -2.9368463, -6.571635, -3.498785]"
the worker made the club the coat .,an attorney showed an army a tea .,DO,DO,MAKE,SHOW,THE,A,for,to,-50.987586975097656,"[-5.699001, -5.7908316, -8.456309, -4.0856657, -6.153163, -7.9606667, -10.11024, -2.7317095]"
the worker made the club the coat .,a doctor threw a wire to an adult .,DO,PD,MAKE,THROW,THE,A,for,to,-44.16564178466797,"[-3.4981208, -7.300548, -8.157417, -0.5348867, -10.027037, -2.99732, -3.6924715, -5.398514, -2.559327]"
the worker made the club the coat .,a doctor threw an adult a wire .,DO,DO,MAKE,THROW,THE,A,for,to,-42.216190338134766,"[-3.4981208, -7.300548, -8.157417, -3.2550797, -4.946025, -3.3670657, -9.972314, -1.7196212]"
the worker made the coat for the club .,a leader got a salad for a king .,PD,PD,MAKE,GET,THE,A,for,for,-50.701107025146484,"[-3.5088396, -8.189787, -11.63612, -1.3236725, -11.298077, -1.6719447, -2.5153775, -9.74521, -0.8120784]"
the worker made the coat for the club .,a leader got a king a salad .,PD,DO,MAKE,GET,THE,A,for,for,-54.306549072265625,"[-3.5088396, -8.189787, -11.63612, -1.3236725, -10.404094, -5.9165, -11.712336, -1.6152031]"
the worker made the coat for the club .,a buddy got a beer for a winner .,PD,PD,MAKE,GET,THE,A,for,for,-42.584922790527344,"[-3.5088396, -10.944654, -6.2053823, -1.286823, -5.8470454, -2.0327463, -2.2346392, -9.700793, -0.82399976]"
the worker made the coat for the club .,a buddy got a winner a beer .,PD,DO,MAKE,GET,THE,A,for,for,-49.30278778076172,"[-3.5088396, -10.944654, -6.2053823, -1.286823, -10.086848, -6.369251, -8.67771, -2.2232776]"
the worker made the coat for the club .,a soldier purchased a cheese for an administration .,PD,PD,MAKE,PURCHASE,THE,A,for,for,-53.4371337890625,"[-3.5088396, -7.0110054, -12.163721, -0.7556575, -10.811925, -2.7513523, -4.1361465, -10.427225, -1.871261]"
the worker made the coat for the club .,a soldier purchased an administration a cheese .,PD,DO,MAKE,PURCHASE,THE,A,for,for,-60.82379913330078,"[-3.5088396, -7.0110054, -12.163721, -3.180196, -11.030849, -7.1813927, -13.135951, -3.6118426]"
the worker made the coat for the club .,an attorney showed a tea to an army .,PD,PD,MAKE,SHOW,THE,A,for,to,-51.77361297607422,"[-5.7121115, -5.8633137, -8.411281, -1.4171042, -11.650604, -3.42241, -3.1473844, -6.942844, -5.2065635]"
the worker made the coat for the club .,an attorney showed an army a tea .,PD,DO,MAKE,SHOW,THE,A,for,to,-55.91888427734375,"[-5.7121115, -5.8633137, -8.411281, -3.9524589, -6.5980377, -9.464036, -10.504695, -5.412955]"
the worker made the coat for the club .,a doctor threw a wire to an adult .,PD,PD,MAKE,THROW,THE,A,for,to,-45.127960205078125,"[-3.5088396, -7.2190127, -8.167501, -0.5425477, -9.39988, -2.9431329, -4.145321, -5.591918, -3.6098056]"
the worker made the coat for the club .,a doctor threw an adult a wire .,PD,DO,MAKE,THROW,THE,A,for,to,-43.600914001464844,"[-3.5088396, -7.2190127, -8.167501, -3.0507789, -5.491804, -4.5418663, -9.283187, -2.337924]"
the worker made the hat for the opponent .,a lady got a crystal for an administration .,PD,PD,MAKE,GET,THE,A,for,for,-51.31840133666992,"[-3.5055141, -8.301512, -7.397066, -1.3557701, -9.65309, -3.0837586, -4.1954293, -12.454563, -1.3716987]"
the worker made the hat for the opponent .,a lady got an administration a crystal .,PD,DO,MAKE,GET,THE,A,for,for,-52.88048553466797,"[-3.5055141, -8.301512, -7.397066, -3.8675299, -11.036504, -5.771603, -10.760126, -2.2406304]"
the worker made the instrument for the aunt .,a chief kept a salad for an administration .,PD,PD,MAKE,KEEP,THE,A,for,for,-56.26712417602539,"[-3.5136976, -9.081156, -10.096847, -1.0186119, -12.268237, -2.2855237, -4.468416, -10.567606, -2.967031]"
the worker made the instrument for the aunt .,a chief kept an administration a salad .,PD,DO,MAKE,KEEP,THE,A,for,for,-56.70016098022461,"[-3.5136976, -9.081156, -10.096847, -2.4925976, -9.965102, -6.562274, -13.628242, -1.3602461]"
the worker made the instrument for the aunt .,a colonel kept a plate for a corporation .,PD,PD,MAKE,KEEP,THE,A,for,for,-49.333404541015625,"[-3.5136976, -11.325747, -8.375272, -0.94182146, -7.396315, -3.5133462, -2.089056, -10.693187, -1.4849615]"
the worker made the instrument for the aunt .,a colonel kept a corporation a plate .,PD,DO,MAKE,KEEP,THE,A,for,for,-58.506568908691406,"[-3.5136976, -11.325747, -8.375272, -0.94182146, -11.744057, -5.8812847, -12.347993, -4.376699]"
the worker made the instrument for the aunt .,a hero bought a chicken for a priest .,PD,PD,MAKE,BUY,THE,A,for,for,-42.46073532104492,"[-3.5136976, -8.876017, -9.270447, -0.59634346, -7.5537653, -1.5853773, -1.7161884, -8.34597, -1.0029286]"
the worker made the instrument for the aunt .,a hero bought a priest a chicken .,PD,DO,MAKE,BUY,THE,A,for,for,-44.56927490234375,"[-3.5136976, -8.876017, -9.270447, -0.59634346, -9.811225, -2.1362362, -8.154227, -2.2110803]"
the worker made the machine for the son .,a brother drew a jacket for a business .,PD,PD,MAKE,DRAW,THE,A,for,for,-49.677406311035156,"[-3.4777083, -8.843669, -9.623154, -0.77337146, -10.865945, -3.5359178, -2.664097, -6.5885825, -3.3049617]"
the worker made the machine for the son .,a brother drew a business a jacket .,PD,DO,MAKE,DRAW,THE,A,for,for,-57.50758361816406,"[-3.4777083, -8.843669, -9.623154, -0.77337146, -9.51521, -10.134655, -12.364321, -2.7754946]"
the worker made the machine for the son .,a manager saved a candy for a secretary .,PD,PD,MAKE,SAVE,THE,A,for,for,-51.66746520996094,"[-3.4777083, -8.402957, -11.402378, -1.4291852, -11.20294, -3.9893496, -1.4701474, -9.440593, -0.85220635]"
the worker made the machine for the son .,a manager saved a secretary a candy .,PD,DO,MAKE,SAVE,THE,A,for,for,-57.541934967041016,"[-3.4777083, -8.402957, -11.402378, -1.4291852, -10.9993725, -6.362015, -11.940474, -3.5278468]"
the worker made the opponent the hat .,a lady got a crystal for an administration .,DO,PD,MAKE,GET,THE,A,for,for,-52.067222595214844,"[-3.4839041, -8.312379, -6.641821, -1.3569541, -10.21958, -3.8036287, -4.526624, -11.967917, -1.7544123]"
the worker made the opponent the hat .,a lady got an administration a crystal .,DO,DO,MAKE,GET,THE,A,for,for,-50.40650939941406,"[-3.4839041, -8.312379, -6.641821, -3.9154716, -10.509338, -4.8173585, -10.460932, -2.265303]"
the worker made the pot for the army .,a pilot found a wire for a club .,PD,PD,MAKE,FIND,THE,A,for,for,-42.43278503417969,"[-3.4690218, -7.761559, -5.930503, -1.0859271, -9.482479, -3.360721, -0.8185032, -8.696722, -1.8273501]"
the worker made the pot for the army .,a pilot found a club a wire .,PD,DO,MAKE,FIND,THE,A,for,for,-50.758399963378906,"[-3.4690218, -7.761559, -5.930503, -1.0859271, -9.578214, -6.951, -12.805382, -3.176796]"
the worker made the pot for the army .,a cop sold a coat to a business .,PD,PD,MAKE,SELL,THE,A,for,to,-46.407588958740234,"[-3.4690218, -8.333035, -10.874811, -1.2525226, -9.14802, -2.6842735, -0.40661046, -7.134883, -3.1044104]"
the worker made the pot for the army .,a cop sold a business a coat .,PD,DO,MAKE,SELL,THE,A,for,to,-52.16649627685547,"[-3.4690218, -8.333035, -10.874811, -1.2525226, -7.232925, -7.4330564, -8.980936, -4.5901866]"
the worker made the professor the bag .,a buddy kept a cheese for a cousin .,DO,PD,MAKE,KEEP,THE,A,for,for,-51.0744743347168,"[-3.5241072, -10.90604, -8.931851, -1.90362, -10.827453, -4.5282354, -2.8293004, -6.668917, -0.9549513]"
the worker made the professor the bag .,a buddy kept a cousin a cheese .,DO,DO,MAKE,KEEP,THE,A,for,for,-50.092506408691406,"[-3.5241072, -10.90604, -8.931851, -1.90362, -7.5029917, -5.22112, -9.405174, -2.6976056]"
the worker made the son the machine .,a brother drew a jacket for a business .,DO,PD,MAKE,DRAW,THE,A,for,for,-47.79203796386719,"[-3.4744315, -8.937147, -9.594275, -0.7920115, -10.648337, -3.8691785, -2.316418, -6.3251557, -1.8350797]"
the worker made the son the machine .,a brother drew a business a jacket .,DO,DO,MAKE,DRAW,THE,A,for,for,-53.45525360107422,"[-3.4744315, -8.937147, -9.594275, -0.7920115, -9.590247, -8.490154, -11.134318, -1.442665]"
the worker made the son the machine .,a manager saved a candy for a secretary .,DO,PD,MAKE,SAVE,THE,A,for,for,-51.9973030090332,"[-3.4744315, -8.502387, -10.71903, -1.6149362, -11.076686, -4.762641, -1.5812246, -9.538876, -0.72709167]"
the worker made the son the machine .,a manager saved a secretary a candy .,DO,DO,MAKE,SAVE,THE,A,for,for,-51.689208984375,"[-3.4744315, -8.502387, -10.71903, -1.6149362, -10.750327, -3.8521743, -10.727744, -2.0481796]"
the worker promised the adult the coffee .,a minister got a log for a hero .,DO,PD,PROMISE,GET,THE,A,to,for,-50.23706817626953,"[-3.5612347, -9.036373, -8.509239, -1.3719455, -10.256755, -3.8243616, -1.9224962, -10.674267, -1.080395]"
the worker promised the adult the coffee .,a minister got a hero a log .,DO,DO,PROMISE,GET,THE,A,to,for,-52.05499267578125,"[-3.5612347, -9.036373, -8.509239, -1.3719455, -9.464164, -7.875546, -10.791336, -1.4451545]"
the worker promised the beer to the woman .,a priest drew a key for a company .,PD,PD,PROMISE,DRAW,THE,A,to,for,-48.16718673706055,"[-3.569221, -8.025758, -8.434298, -0.9022294, -7.4374847, -5.0252748, -2.398834, -9.56583, -2.8082578]"
the worker promised the beer to the woman .,a priest drew a company a key .,PD,DO,PROMISE,DRAW,THE,A,to,for,-48.9063720703125,"[-3.569221, -8.025758, -8.434298, -0.9022294, -10.488584, -7.0770087, -7.68575, -2.723527]"
the worker promised the beer to the woman .,an employee left a coffee for a husband .,PD,PD,PROMISE,LEAVE,THE,A,to,for,-39.3189811706543,"[-5.681332, -3.8118372, -7.389117, -1.0914303, -5.86706, -4.09855, -1.2373204, -8.649453, -1.4928805]"
the worker promised the beer to the woman .,an employee left a husband a coffee .,PD,DO,PROMISE,LEAVE,THE,A,to,for,-42.11442565917969,"[-5.681332, -3.8118372, -7.389117, -1.0914303, -10.324249, -5.1216893, -6.3723106, -2.322458]"
the worker promised the candidate the juice .,a singer made a ball for a mayor .,DO,PD,PROMISE,MAKE,THE,A,to,for,-47.91026306152344,"[-3.5575762, -9.910149, -6.046051, -1.348517, -9.790925, -5.9857097, -1.5237079, -8.266237, -1.4813902]"
the worker promised the candidate the juice .,a singer made a mayor a ball .,DO,DO,PROMISE,MAKE,THE,A,to,for,-50.63396453857422,"[-3.5575762, -9.910149, -6.046051, -1.348517, -13.568585, -3.7088943, -10.235512, -2.2586784]"
the worker promised the candidate the juice .,an aunt threw a log to an uncle .,DO,PD,PROMISE,THROW,THE,A,to,to,-48.12401580810547,"[-5.7125053, -8.252531, -9.00528, -0.63673484, -9.335594, -3.6429949, -4.8653355, -4.4793005, -2.1937416]"
the worker promised the candidate the juice .,an aunt threw an uncle a log .,DO,DO,PROMISE,THROW,THE,A,to,to,-46.16432189941406,"[-5.7125053, -8.252531, -9.00528, -3.3076057, -7.104518, -2.047258, -8.926074, -1.8085486]"
the worker promised the candy to the manager .,a mayor saved a pie for a company .,PD,PD,PROMISE,SAVE,THE,A,to,for,-49.97361755371094,"[-3.599259, -9.992123, -10.759396, -1.2259877, -10.19632, -2.2309692, -1.7307543, -7.558467, -2.6803432]"
the worker promised the candy to the manager .,a mayor saved a company a pie .,PD,DO,PROMISE,SAVE,THE,A,to,for,-51.72660827636719,"[-3.599259, -9.992123, -10.759396, -1.2259877, -7.8185434, -6.0037985, -9.848585, -2.478919]"
the worker promised the candy to the manager .,a bishop delivered a salad for a husband .,PD,PD,PROMISE,DELIVER,THE,A,to,for,-52.3973388671875,"[-3.599259, -9.705673, -8.643654, -0.85931844, -13.80502, -3.303146, -2.7819185, -8.054998, -1.6443486]"
the worker promised the candy to the manager .,a bishop delivered a husband a salad .,PD,DO,PROMISE,DELIVER,THE,A,to,for,-47.55952835083008,"[-3.599259, -9.705673, -8.643654, -0.85931844, -10.616284, -2.9425445, -9.574238, -1.6185591]"
the worker promised the chief the television .,an uncle made a cigarette for a candidate .,DO,PD,PROMISE,MAKE,THE,A,to,for,-47.45856857299805,"[-5.7169027, -8.554352, -7.1195345, -0.8596794, -7.817053, -3.6559649, -2.6752596, -9.422035, -1.6377875]"
the worker promised the chief the television .,an uncle made a candidate a cigarette .,DO,DO,PROMISE,MAKE,THE,A,to,for,-49.24408721923828,"[-5.7169027, -8.554352, -7.1195345, -0.8596794, -11.148575, -6.8659887, -7.838194, -1.1408601]"
the worker promised the chief the television .,a kid sent a box to an army .,DO,PD,PROMISE,SEND,THE,A,to,to,-42.87171936035156,"[-3.5654497, -8.781293, -8.501968, -1.6649684, -6.5174046, -2.340248, -3.879408, -5.8000517, -1.8209261]"
the worker promised the chief the television .,a kid sent an army a box .,DO,DO,PROMISE,SEND,THE,A,to,to,-48.12731170654297,"[-3.5654497, -8.781293, -8.501968, -3.5275803, -7.208056, -7.1052938, -6.5895348, -2.848134]"
the worker promised the chief the television .,a daughter fed a chicken to a princess .,DO,PD,PROMISE,FEED,THE,A,to,to,-43.655067443847656,"[-3.5654497, -9.005007, -9.993385, -1.603409, -4.3790936, -2.4294581, -0.59542614, -10.489562, -1.594279]"
the worker promised the chief the television .,a daughter fed a princess a chicken .,DO,DO,PROMISE,FEED,THE,A,to,to,-44.044246673583984,"[-3.5654497, -9.005007, -9.993385, -1.603409, -10.237326, -3.04101, -5.012885, -1.5857744]"
the worker promised the coffee to the adult .,a minister got a log for a hero .,PD,PD,PROMISE,GET,THE,A,to,for,-50.77468490600586,"[-3.5566049, -9.182955, -8.583839, -1.3446972, -10.204431, -3.7983212, -1.9280088, -10.738478, -1.4373492]"
the worker promised the coffee to the adult .,a minister got a hero a log .,PD,DO,PROMISE,GET,THE,A,to,for,-51.97060775756836,"[-3.5566049, -9.182955, -8.583839, -1.3446972, -9.3225, -7.7606206, -10.317118, -1.902275]"
the worker promised the coffee to the son .,a princess caught a coat for a cousin .,PD,PD,PROMISE,CATCH,THE,A,to,for,-47.8934326171875,"[-3.5457125, -10.634813, -5.9187727, -3.1170864, -10.99485, -4.044921, -1.9612889, -6.7129607, -0.96302813]"
the worker promised the coffee to the son .,a princess caught a cousin a coat .,PD,DO,PROMISE,CATCH,THE,A,to,for,-51.38174819946289,"[-3.5457125, -10.634813, -5.9187727, -3.1170864, -10.522099, -6.563958, -8.910143, -2.1691658]"
the worker promised the juice to the candidate .,a singer made a ball for a mayor .,PD,PD,PROMISE,MAKE,THE,A,to,for,-46.58434295654297,"[-3.5492063, -9.910705, -6.0952206, -1.1644067, -9.529465, -5.5689673, -1.4904232, -7.7682834, -1.5076631]"
the worker promised the juice to the candidate .,a singer made a mayor a ball .,PD,DO,PROMISE,MAKE,THE,A,to,for,-51.58314514160156,"[-3.5492063, -9.910705, -6.0952206, -1.1644067, -13.8353195, -4.3384304, -10.188003, -2.5018554]"
the worker promised the juice to the candidate .,an aunt threw a log to an uncle .,PD,PD,PROMISE,THROW,THE,A,to,to,-48.328311920166016,"[-5.717913, -8.416357, -9.059565, -0.5901419, -9.065712, -3.246847, -5.0449195, -5.3164515, -1.8704038]"
the worker promised the juice to the candidate .,an aunt threw an uncle a log .,PD,DO,PROMISE,THROW,THE,A,to,to,-47.32700729370117,"[-5.717913, -8.416357, -9.059565, -3.3050895, -7.6460447, -2.0284767, -8.615569, -2.5379915]"
the worker promised the manager the candy .,a mayor saved a pie for a company .,DO,PD,PROMISE,SAVE,THE,A,to,for,-50.42090606689453,"[-3.60998, -9.985917, -10.787592, -1.1387398, -10.442676, -2.2753184, -1.6367564, -7.9880943, -2.5558312]"
the worker promised the manager the candy .,a mayor saved a company a pie .,DO,DO,PROMISE,SAVE,THE,A,to,for,-50.33443069458008,"[-3.60998, -9.985917, -10.787592, -1.1387398, -7.975608, -5.307744, -9.833491, -1.695359]"
the worker promised the manager the candy .,a bishop delivered a salad for a husband .,DO,PD,PROMISE,DELIVER,THE,A,to,for,-51.627716064453125,"[-3.60998, -9.619771, -8.538246, -0.7982191, -14.360033, -2.7672575, -2.3659353, -7.8170257, -1.7512484]"
the worker promised the manager the candy .,a bishop delivered a husband a salad .,DO,DO,PROMISE,DELIVER,THE,A,to,for,-45.68836212158203,"[-3.60998, -9.619771, -8.538246, -0.7982191, -10.474512, -2.0351682, -9.632749, -0.97971815]"
the worker promised the pilot the salad .,a chief caught a newspaper for a minister .,DO,PD,PROMISE,CATCH,THE,A,to,for,-59.6589469909668,"[-3.5700202, -8.887902, -11.93922, -4.478702, -9.126469, -5.553627, -2.1454484, -11.308, -2.6495576]"
the worker promised the pilot the salad .,a chief caught a minister a newspaper .,DO,DO,PROMISE,CATCH,THE,A,to,for,-59.48329544067383,"[-3.5700202, -8.887902, -11.93922, -4.478702, -9.943277, -6.645545, -9.992809, -4.02582]"
the worker promised the professor the tea .,an employee caught an iron for a champion .,DO,PD,PROMISE,CATCH,THE,A,to,for,-51.611549377441406,"[-5.6946507, -4.0257034, -9.553106, -4.826979, -6.9913955, -7.0617046, -1.8866434, -10.613599, -0.95776707]"
the worker promised the professor the tea .,an employee caught a champion an iron .,DO,DO,PROMISE,CATCH,THE,A,to,for,-52.897430419921875,"[-5.6946507, -4.0257034, -9.553106, -3.0593524, -11.2992, -8.739731, -6.737334, -3.7883525]"
the worker promised the salad to the pilot .,a chief caught a newspaper for a minister .,PD,PD,PROMISE,CATCH,THE,A,to,for,-58.77067565917969,"[-3.57655, -8.9859495, -11.416564, -4.566633, -9.334845, -5.3459435, -2.137662, -11.0058365, -2.4006896]"
the worker promised the salad to the pilot .,a chief caught a minister a newspaper .,PD,DO,PROMISE,CATCH,THE,A,to,for,-61.590511322021484,"[-3.57655, -8.9859495, -11.416564, -4.566633, -10.161759, -6.954961, -10.540846, -5.387249]"
the worker promised the son the coffee .,a princess caught a coat for a cousin .,DO,PD,PROMISE,CATCH,THE,A,to,for,-48.295799255371094,"[-3.557953, -10.610405, -5.8478184, -2.9836855, -10.9223, -4.387827, -1.8147211, -7.2296543, -0.94143546]"
the worker promised the son the coffee .,a princess caught a cousin a coat .,DO,DO,PROMISE,CATCH,THE,A,to,for,-49.74646759033203,"[-3.557953, -10.610405, -5.8478184, -2.9836855, -10.246929, -6.2029753, -8.695538, -1.6011618]"
the worker promised the tea to the professor .,an employee caught an iron for a champion .,PD,PD,PROMISE,CATCH,THE,A,to,for,-51.12467956542969,"[-5.7018957, -4.0477343, -9.579192, -4.4172287, -7.0489755, -6.6403217, -1.7962587, -10.834321, -1.0587528]"
the worker promised the tea to the professor .,an employee caught a champion an iron .,PD,DO,PROMISE,CATCH,THE,A,to,for,-53.163185119628906,"[-5.7018957, -4.0477343, -9.579192, -2.6696186, -11.24411, -8.733467, -7.555873, -3.6312966]"
the worker promised the television to the chief .,an uncle made a cigarette for a candidate .,PD,PD,PROMISE,MAKE,THE,A,to,for,-46.912567138671875,"[-5.7458057, -8.606947, -7.1651983, -0.8523945, -8.032225, -3.3670053, -2.8676987, -8.670495, -1.6047966]"
the worker promised the television to the chief .,an uncle made a candidate a cigarette .,PD,DO,PROMISE,MAKE,THE,A,to,for,-52.15560531616211,"[-5.7458057, -8.606947, -7.1651983, -0.8523945, -11.22162, -7.2109036, -9.578438, -1.7742982]"
the worker promised the television to the chief .,a kid sent a box to an army .,PD,PD,PROMISE,SEND,THE,A,to,to,-42.142494201660156,"[-3.5814142, -8.918907, -8.762664, -1.5952288, -6.4263463, -1.9706464, -3.883724, -5.124176, -1.8793888]"
the worker promised the television to the chief .,a kid sent an army a box .,PD,DO,PROMISE,SEND,THE,A,to,to,-50.413818359375,"[-3.5814142, -8.918907, -8.762664, -3.5137753, -7.5299735, -7.5322638, -7.381298, -3.193524]"
the worker promised the television to the chief .,a daughter fed a chicken to a princess .,PD,PD,PROMISE,FEED,THE,A,to,to,-42.26947021484375,"[-3.5814142, -9.095137, -10.008371, -1.7484099, -4.0461116, -1.0326564, -0.62475204, -10.525296, -1.6073216]"
the worker promised the television to the chief .,a daughter fed a princess a chicken .,PD,DO,PROMISE,FEED,THE,A,to,to,-45.44341278076172,"[-3.5814142, -9.095137, -10.008371, -1.7484099, -10.294701, -3.5654523, -5.143551, -2.0063787]"
the worker promised the woman the beer .,a priest drew a key for a company .,DO,PD,PROMISE,DRAW,THE,A,to,for,-47.398895263671875,"[-3.5617871, -7.9664507, -8.60282, -0.8902113, -7.7285037, -4.704168, -2.0478992, -9.333962, -2.5630944]"
the worker promised the woman the beer .,a priest drew a company a key .,DO,DO,PROMISE,DRAW,THE,A,to,for,-48.33393859863281,"[-3.5617871, -7.9664507, -8.60282, -0.8902113, -10.309551, -6.947491, -7.7016907, -2.3539336]"
the worker promised the woman the beer .,an employee left a coffee for a husband .,DO,PD,PROMISE,LEAVE,THE,A,to,for,-39.117431640625,"[-5.67528, -3.7175295, -7.4404, -1.1852744, -5.694477, -4.2689023, -1.0211339, -8.510267, -1.60417]"
the worker promised the woman the beer .,an employee left a husband a coffee .,DO,DO,PROMISE,LEAVE,THE,A,to,for,-40.47303009033203,"[-5.67528, -3.7175295, -7.4404, -1.1852744, -9.127625, -5.567166, -6.398441, -1.361315]"
the worker purchased the bag for the company .,an aunt brought a jacket to an army .,PD,PD,PURCHASE,BRING,THE,A,for,to,-51.97898483276367,"[-5.677774, -8.151079, -7.3719635, -2.068155, -8.864849, -0.7649946, -5.653945, -7.004158, -6.4220667]"
the worker purchased the bag for the company .,an aunt brought an army a jacket .,PD,DO,PURCHASE,BRING,THE,A,for,to,-55.715213775634766,"[-5.677774, -8.151079, -7.3719635, -4.5129395, -7.0675683, -9.579332, -10.340576, -3.0139804]"
the worker purchased the bag for the company .,a prince caught a log for a reader .,PD,PD,PURCHASE,CATCH,THE,A,for,for,-52.148284912109375,"[-3.5557647, -11.179868, -6.2829533, -4.07852, -10.622282, -2.702877, -2.0600572, -10.76007, -0.9058941]"
the worker purchased the bag for the company .,a prince caught a reader a log .,PD,DO,PURCHASE,CATCH,THE,A,for,for,-55.532169342041016,"[-3.5557647, -11.179868, -6.2829533, -4.07852, -11.847153, -6.895509, -8.76397, -2.928434]"
the worker purchased the beer for the student .,a reader delivered a salad for a president .,PD,PD,PURCHASE,DELIVER,THE,A,for,for,-53.5311393737793,"[-3.563485, -7.034463, -9.612842, -1.6454269, -13.656427, -2.1635299, -2.96739, -12.010686, -0.87688935]"
the worker purchased the beer for the student .,a reader delivered a president a salad .,PD,DO,PURCHASE,DELIVER,THE,A,for,for,-52.52349090576172,"[-3.563485, -7.034463, -9.612842, -1.6454269, -12.878577, -6.587828, -10.059333, -1.1415341]"
the worker purchased the book for the writer .,a soldier took a bowl to a secretary .,PD,PD,PURCHASE,TAKE,THE,A,for,to,-45.7789421081543,"[-3.547287, -7.1757326, -5.8681326, -1.6431358, -10.938866, -4.356099, -1.82478, -8.425744, -1.9991634]"
the worker purchased the book for the writer .,a soldier took a secretary a bowl .,PD,DO,PURCHASE,TAKE,THE,A,for,to,-52.596336364746094,"[-3.547287, -7.1757326, -5.8681326, -1.6431358, -13.46004, -6.6101084, -9.494832, -4.7970695]"
the worker purchased the champion the juice .,a professor saved a bell for a soldier .,DO,PD,PURCHASE,SAVE,THE,A,for,for,-51.06011199951172,"[-3.5615444, -7.659233, -11.374152, -1.7640866, -11.346172, -3.9757962, -2.108099, -7.7544603, -1.5165677]"
the worker purchased the champion the juice .,a professor saved a soldier a bell .,DO,DO,PURCHASE,SAVE,THE,A,for,for,-49.27401351928711,"[-3.5615444, -7.659233, -11.374152, -1.7640866, -7.6345196, -5.0563936, -10.518997, -1.7050877]"
the worker purchased the champion the juice .,a minister bought a tea for an adult .,DO,PD,PURCHASE,BUY,THE,A,for,for,-43.42914581298828,"[-3.5615444, -9.16407, -8.862706, -1.2927916, -6.8574624, -1.9971583, -4.15401, -5.7881837, -1.7512189]"
the worker purchased the champion the juice .,a minister bought an adult a tea .,DO,DO,PURCHASE,BUY,THE,A,for,for,-42.0599365234375,"[-3.5615444, -9.16407, -8.862706, -3.5858138, -6.766111, -2.7691095, -6.016347, -1.334238]"
the worker purchased the company the bag .,an aunt brought a jacket to an army .,DO,PD,PURCHASE,BRING,THE,A,for,to,-52.13237380981445,"[-5.655544, -8.227388, -7.310717, -2.10609, -9.042353, -0.84242326, -5.218484, -7.1802955, -6.54908]"
the worker purchased the company the bag .,an aunt brought an army a jacket .,DO,DO,PURCHASE,BRING,THE,A,for,to,-52.574607849121094,"[-5.655544, -8.227388, -7.310717, -4.3789287, -6.558812, -9.130444, -9.095403, -2.217373]"
the worker purchased the company the bag .,a prince caught a log for a reader .,DO,PD,PURCHASE,CATCH,THE,A,for,for,-55.25828552246094,"[-3.5487885, -11.037275, -6.41049, -3.7467678, -10.710182, -3.7502975, -2.2013817, -12.560484, -1.2926215]"
the worker purchased the company the bag .,a prince caught a reader a log .,DO,DO,PURCHASE,CATCH,THE,A,for,for,-52.94378662109375,"[-3.5487885, -11.037275, -6.41049, -3.7467678, -11.5613365, -5.3820467, -8.984279, -2.2728043]"
the worker purchased the corporation the glass .,a prince brought a motor to a business .,DO,PD,PURCHASE,BRING,THE,A,for,to,-48.09922790527344,"[-3.5965452, -10.733224, -6.9213533, -1.794519, -9.964891, -4.185023, -1.7949568, -6.3942966, -2.714416]"
the worker purchased the corporation the glass .,a prince brought a business a motor .,DO,DO,PURCHASE,BRING,THE,A,for,to,-51.74195861816406,"[-3.5965452, -10.733224, -6.9213533, -1.794519, -8.587589, -6.7720814, -9.743987, -3.592658]"
the worker purchased the corporation the glass .,a princess got a candy for a club .,DO,PD,PURCHASE,GET,THE,A,for,for,-46.57987594604492,"[-3.5965452, -10.387302, -7.2866125, -1.8559961, -7.730894, -2.783121, -3.1218753, -8.504425, -1.3131028]"
the worker purchased the corporation the glass .,a princess got a club a candy .,DO,DO,PURCHASE,GET,THE,A,for,for,-48.646034240722656,"[-3.5965452, -10.387302, -7.2866125, -1.8559961, -10.067975, -5.8388305, -7.8365927, -1.7761772]"
the worker purchased the glass for the corporation .,a prince brought a motor to a business .,PD,PD,PURCHASE,BRING,THE,A,for,to,-47.618900299072266,"[-3.598024, -10.825853, -6.9788837, -1.7816192, -10.421411, -3.9499037, -1.8489687, -5.7065096, -2.507729]"
the worker purchased the glass for the corporation .,a prince brought a business a motor .,PD,DO,PURCHASE,BRING,THE,A,for,to,-55.15327453613281,"[-3.598024, -10.825853, -6.9788837, -1.7816192, -9.017288, -8.016811, -10.896596, -4.0382004]"
the worker purchased the glass for the corporation .,a princess got a candy for a club .,PD,PD,PURCHASE,GET,THE,A,for,for,-44.81315612792969,"[-3.598024, -10.542715, -7.49645, -1.8147303, -7.881501, -2.0317898, -2.764501, -7.755125, -0.928316]"
the worker purchased the glass for the corporation .,a princess got a club a candy .,PD,DO,PURCHASE,GET,THE,A,for,for,-51.88579559326172,"[-3.598024, -10.542715, -7.49645, -1.8147303, -10.268408, -6.759301, -8.898552, -2.507616]"
the worker purchased the juice for the champion .,a professor saved a bell for a soldier .,PD,PD,PURCHASE,SAVE,THE,A,for,for,-47.905879974365234,"[-3.566973, -7.681054, -11.465241, -1.4923153, -10.984645, -2.4108233, -1.7181911, -7.0316052, -1.5550328]"
the worker purchased the juice for the champion .,a professor saved a soldier a bell .,PD,DO,PURCHASE,SAVE,THE,A,for,for,-52.43385314941406,"[-3.566973, -7.681054, -11.465241, -1.4923153, -7.5807457, -7.6269765, -10.076029, -2.9445176]"
the worker purchased the juice for the champion .,a minister bought a tea for an adult .,PD,PD,PURCHASE,BUY,THE,A,for,for,-41.58705139160156,"[-3.566973, -9.221881, -8.841709, -1.3249623, -5.702502, -0.5942223, -3.7475982, -6.4761124, -2.1110916]"
the worker purchased the juice for the champion .,a minister bought an adult a tea .,PD,DO,PURCHASE,BUY,THE,A,for,for,-47.78155517578125,"[-3.566973, -9.221881, -8.841709, -3.7050567, -6.664314, -6.9630437, -6.1627073, -2.6558704]"
the worker purchased the minister the tea .,a guest left a salad for a band .,DO,PD,PURCHASE,LEAVE,THE,A,for,for,-53.52930450439453,"[-3.5986493, -7.2796893, -11.44291, -1.0037246, -13.866834, -2.2263713, -3.2726111, -8.812016, -2.0265021]"
the worker purchased the minister the tea .,a guest left a band a salad .,DO,DO,PURCHASE,LEAVE,THE,A,for,for,-55.835384368896484,"[-3.5986493, -7.2796893, -11.44291, -1.0037246, -13.981329, -6.559368, -10.345663, -1.6240492]"
the worker purchased the student the beer .,a reader delivered a salad for a president .,DO,PD,PURCHASE,DELIVER,THE,A,for,for,-54.93316650390625,"[-3.5627308, -6.9614716, -9.861836, -1.5870782, -14.454698, -3.3069994, -3.063121, -11.169747, -0.9654826]"
the worker purchased the student the beer .,a reader delivered a president a salad .,DO,DO,PURCHASE,DELIVER,THE,A,for,for,-51.4691276550293,"[-3.5627308, -6.9614716, -9.861836, -1.5870782, -12.90219, -5.2747297, -10.555733, -0.76335585]"
the worker purchased the tea for the minister .,a guest left a salad for a band .,PD,PD,PURCHASE,LEAVE,THE,A,for,for,-49.70271301269531,"[-3.5685177, -7.7442794, -10.821508, -0.8556993, -12.319271, -1.3566698, -2.8974118, -8.311349, -1.8280092]"
the worker purchased the tea for the minister .,a guest left a band a salad .,PD,DO,PURCHASE,LEAVE,THE,A,for,for,-55.094879150390625,"[-3.5685177, -7.7442794, -10.821508, -0.8556993, -11.552437, -6.8675666, -11.13757, -2.5473015]"
the worker purchased the writer the book .,a soldier took a bowl to a secretary .,DO,PD,PURCHASE,TAKE,THE,A,for,to,-46.359413146972656,"[-3.5949183, -7.204664, -5.555407, -1.7974887, -10.394425, -4.5566177, -2.1078944, -9.024104, -2.1238918]"
the worker purchased the writer the book .,a soldier took a secretary a bowl .,DO,DO,PURCHASE,TAKE,THE,A,for,to,-46.80240249633789,"[-3.5949183, -7.204664, -5.555407, -1.7974887, -12.673802, -3.8349888, -7.7293043, -4.411829]"
the worker saved the administration the beer .,a sheriff sold a meal to an aunt .,DO,PD,SAVE,SELL,THE,A,for,to,-45.55048370361328,"[-3.5399623, -8.600004, -11.120384, -1.6109773, -8.829697, -1.0686464, -2.769065, -6.3433847, -1.6683635]"
the worker saved the administration the beer .,a sheriff sold an aunt a meal .,DO,DO,SAVE,SELL,THE,A,for,to,-44.73052978515625,"[-3.5399623, -8.600004, -11.120384, -3.9068756, -8.310446, -1.297124, -5.9592686, -1.9964628]"
the worker saved the anchor for the reader .,a man brought a book to an administration .,PD,PD,SAVE,BRING,THE,A,for,to,-43.165218353271484,"[-3.524104, -3.219261, -8.237217, -1.0274965, -5.927368, -0.6583388, -4.19705, -10.986724, -5.387657]"
the worker saved the anchor for the reader .,a man brought an administration a book .,PD,DO,SAVE,BRING,THE,A,for,to,-43.7368278503418,"[-3.524104, -3.219261, -8.237217, -3.3511486, -11.858492, -5.7386093, -5.1455994, -2.6623964]"
the worker saved the anchor for the reader .,a brother took a key to a doctor .,PD,PD,SAVE,TAKE,THE,A,for,to,-44.319679260253906,"[-3.524104, -9.111185, -7.1847405, -1.7339592, -7.6619973, -1.2902017, -2.0223842, -7.993078, -3.798025]"
the worker saved the anchor for the reader .,a brother took a doctor a key .,PD,DO,SAVE,TAKE,THE,A,for,to,-49.460418701171875,"[-3.524104, -9.111185, -7.1847405, -1.7339592, -8.866753, -7.268364, -8.14117, -3.6301436]"
the worker saved the anchor for the reader .,a candidate caught a newspaper for a girl .,PD,PD,SAVE,CATCH,THE,A,for,for,-49.383262634277344,"[-3.524104, -8.451071, -7.7531147, -4.3576274, -8.464623, -5.422646, -1.6535878, -7.8929296, -1.8635564]"
the worker saved the anchor for the reader .,a candidate caught a girl a newspaper .,PD,DO,SAVE,CATCH,THE,A,for,for,-54.349979400634766,"[-3.524104, -8.451071, -7.7531147, -4.3576274, -6.215353, -7.0208488, -11.355584, -5.6722755]"
the worker saved the anchor for the reader .,an aunt promised a tea to an employee .,PD,PD,SAVE,PROMISE,THE,A,for,to,-50.420616149902344,"[-5.64235, -8.598211, -10.042404, -2.4292655, -9.387317, -2.5337675, -4.5605493, -4.7614436, -2.4653058]"
the worker saved the anchor for the reader .,an aunt promised an employee a tea .,PD,DO,SAVE,PROMISE,THE,A,for,to,-49.336544036865234,"[-5.64235, -8.598211, -10.042404, -4.190598, -7.5972357, -2.0674639, -8.288843, -2.9094362]"
the worker saved the band the chicken .,a buddy purchased a coat for a corporation .,DO,PD,SAVE,PURCHASE,THE,A,for,for,-50.538352966308594,"[-3.5534797, -10.151867, -9.103974, -0.812469, -8.7657585, -2.4068708, -2.1075654, -12.268633, -1.3677356]"
the worker saved the band the chicken .,a buddy purchased a corporation a coat .,DO,DO,SAVE,PURCHASE,THE,A,for,for,-51.701171875,"[-3.5534797, -10.151867, -9.103974, -0.812469, -14.017441, -4.29739, -7.877592, -1.8869569]"
the worker saved the band the chicken .,a writer promised a coffee to a lawyer .,DO,PD,SAVE,PROMISE,THE,A,for,to,-46.136207580566406,"[-3.5534797, -7.8606114, -10.172476, -1.9779824, -8.108352, -3.3733141, -2.6093774, -7.190524, -1.2900923]"
the worker saved the band the chicken .,a writer promised a lawyer a coffee .,DO,DO,SAVE,PROMISE,THE,A,for,to,-42.452857971191406,"[-3.5534797, -7.8606114, -10.172476, -1.9779824, -8.810361, -2.1188672, -6.8903694, -1.0687097]"
the worker saved the beer for the administration .,a sheriff sold a meal to an aunt .,PD,PD,SAVE,SELL,THE,A,for,to,-45.756187438964844,"[-3.5457506, -8.676649, -10.878242, -1.6515465, -8.356411, -1.4317372, -2.9057865, -6.6065965, -1.7034719]"
the worker saved the beer for the administration .,a sheriff sold an aunt a meal .,PD,DO,SAVE,SELL,THE,A,for,to,-47.94664764404297,"[-3.5457506, -8.676649, -10.878242, -4.0439196, -9.322756, -2.5001657, -5.657629, -3.3215327]"
the worker saved the chicken for the band .,a buddy purchased a coat for a corporation .,PD,PD,SAVE,PURCHASE,THE,A,for,for,-48.61829376220703,"[-3.5370555, -10.546085, -8.6767645, -0.70009816, -9.034149, -1.3265967, -1.5074822, -12.036683, -1.2533778]"
the worker saved the chicken for the band .,a buddy purchased a corporation a coat .,PD,DO,SAVE,PURCHASE,THE,A,for,for,-55.60726547241211,"[-3.5370555, -10.546085, -8.6767645, -0.70009816, -15.275274, -5.2307353, -9.010682, -2.63057]"
the worker saved the chicken for the band .,a writer promised a coffee to a lawyer .,PD,PD,SAVE,PROMISE,THE,A,for,to,-47.112422943115234,"[-3.5370555, -8.130612, -10.457006, -1.9617071, -8.156837, -3.069582, -2.1802294, -8.054612, -1.5647811]"
the worker saved the chicken for the band .,a writer promised a lawyer a coffee .,PD,DO,SAVE,PROMISE,THE,A,for,to,-44.61111831665039,"[-3.5370555, -8.130612, -10.457006, -1.9617071, -9.568864, -2.0116532, -7.254526, -1.6896949]"
the worker saved the club the coffee .,a princess took a plate to a minister .,DO,PD,SAVE,TAKE,THE,A,for,to,-49.62139129638672,"[-3.5753164, -10.423365, -6.2801714, -1.4577041, -8.520292, -4.3780813, -3.5493736, -10.0726795, -1.3644092]"
the worker saved the club the coffee .,a princess took a minister a plate .,DO,DO,SAVE,TAKE,THE,A,for,to,-49.92754364013672,"[-3.5753164, -10.423365, -6.2801714, -1.4577041, -13.571556, -3.411529, -8.404161, -2.8037403]"
the worker saved the coffee for the club .,a princess took a plate to a minister .,PD,PD,SAVE,TAKE,THE,A,for,to,-48.9513053894043,"[-3.5526931, -10.690383, -6.2496023, -1.2670829, -8.342221, -4.3621035, -3.230622, -9.56637, -1.6902283]"
the worker saved the coffee for the club .,a princess took a minister a plate .,PD,DO,SAVE,TAKE,THE,A,for,to,-53.792381286621094,"[-3.5526931, -10.690383, -6.2496023, -1.2670829, -13.881838, -5.3923626, -8.425951, -4.3324685]"
the worker saved the reader the anchor .,a man brought a book to an administration .,DO,PD,SAVE,BRING,THE,A,for,to,-42.31253433227539,"[-3.56168, -3.5153036, -8.092356, -1.2114531, -5.8779135, -0.7793168, -4.230721, -10.791922, -4.251869]"
the worker saved the reader the anchor .,a man brought an administration a book .,DO,DO,SAVE,BRING,THE,A,for,to,-42.40465545654297,"[-3.56168, -3.5153036, -8.092356, -3.4718337, -11.447515, -4.3004475, -5.804338, -2.211183]"
the worker saved the reader the anchor .,a brother took a key to a doctor .,DO,PD,SAVE,TAKE,THE,A,for,to,-44.60808563232422,"[-3.56168, -9.235857, -6.9494, -1.7953551, -7.679421, -1.3989922, -2.063439, -8.16905, -3.7548938]"
the worker saved the reader the anchor .,a brother took a doctor a key .,DO,DO,SAVE,TAKE,THE,A,for,to,-47.119300842285156,"[-3.56168, -9.235857, -6.9494, -1.7953551, -8.461578, -6.5998087, -8.048153, -2.4674687]"
the worker saved the reader the anchor .,a candidate caught a newspaper for a girl .,DO,PD,SAVE,CATCH,THE,A,for,for,-51.33462142944336,"[-3.56168, -8.489664, -7.733979, -4.607164, -8.411578, -5.7914696, -1.7407558, -8.636134, -2.3621976]"
the worker saved the reader the anchor .,a candidate caught a girl a newspaper .,DO,DO,SAVE,CATCH,THE,A,for,for,-52.501895904541016,"[-3.56168, -8.489664, -7.733979, -4.607164, -6.100937, -6.9813657, -10.6145935, -4.4125147]"
the worker saved the reader the anchor .,an aunt promised a tea to an employee .,DO,PD,SAVE,PROMISE,THE,A,for,to,-49.90595626831055,"[-5.6724396, -8.833916, -9.823744, -2.5184128, -9.280792, -2.4491262, -4.4913025, -4.705299, -2.1309218]"
the worker saved the reader the anchor .,an aunt promised an employee a tea .,DO,DO,SAVE,PROMISE,THE,A,for,to,-47.14863586425781,"[-5.6724396, -8.833916, -9.823744, -4.245723, -6.4370637, -1.8723767, -8.091642, -2.1717322]"
the worker sent the actress the salad .,a sheriff bought a motor for a champion .,DO,PD,SEND,BUY,THE,A,to,for,-52.82356262207031,"[-3.5393343, -8.327692, -9.875733, -0.88173044, -7.542752, -6.6326447, -1.6875433, -12.026924, -2.3092113]"
the worker sent the actress the salad .,a sheriff bought a champion a motor .,DO,DO,SEND,BUY,THE,A,to,for,-59.037696838378906,"[-3.5393343, -8.327692, -9.875733, -0.88173044, -11.17045, -7.078624, -12.85116, -5.3129773]"
the worker sent the administration the beer .,a chief delivered a cheese for a lady .,DO,PD,SEND,DELIVER,THE,A,to,for,-50.748931884765625,"[-3.4823895, -8.737925, -12.421896, -0.803244, -11.4118595, -3.9386878, -1.8824291, -6.411948, -1.658554]"
the worker sent the administration the beer .,a chief delivered a lady a cheese .,DO,DO,SEND,DELIVER,THE,A,to,for,-49.24140930175781,"[-3.4823895, -8.737925, -12.421896, -0.803244, -12.88505, -1.5411849, -7.6131425, -1.7565763]"
the worker sent the band the chicken .,a captain purchased a tea for an army .,DO,PD,SEND,PURCHASE,THE,A,to,for,-50.169132232666016,"[-3.509004, -10.109889, -11.1719265, -0.88409317, -8.318426, -2.5855505, -4.067127, -5.0524626, -4.4706516]"
the worker sent the band the chicken .,a captain purchased an army a tea .,DO,DO,SEND,PURCHASE,THE,A,to,for,-54.17352294921875,"[-3.509004, -10.109889, -11.1719265, -3.3115091, -5.160044, -8.385009, -10.897175, -1.628967]"
the worker sent the beer to the administration .,a chief delivered a cheese for a lady .,PD,PD,SEND,DELIVER,THE,A,to,for,-52.04894256591797,"[-3.4988637, -8.922926, -12.474878, -0.67595214, -10.825165, -4.5410867, -2.203151, -7.189456, -1.7174664]"
the worker sent the beer to the administration .,a chief delivered a lady a cheese .,PD,DO,SEND,DELIVER,THE,A,to,for,-50.632598876953125,"[-3.4988637, -8.922926, -12.474878, -0.67595214, -13.144747, -1.6330444, -7.8098364, -2.4723501]"
the worker sent the beer to the chief .,a candidate supplied a tea to an author .,PD,PD,SEND,SUPPLY,THE,A,to,to,-48.80487823486328,"[-3.5151825, -8.5758505, -12.13241, -1.6317084, -6.928367, -1.1001065, -3.9702764, -9.667644, -1.2833321]"
the worker sent the beer to the chief .,a candidate supplied an author a tea .,PD,DO,SEND,SUPPLY,THE,A,to,to,-53.79576110839844,"[-3.5151825, -8.5758505, -12.13241, -3.6465924, -8.829872, -7.6996813, -7.7861986, -1.6099758]"
the worker sent the beer to the chief .,a candidate threw a newspaper to a nurse .,PD,PD,SEND,THROW,THE,A,to,to,-43.5648078918457,"[-3.5151825, -8.5758505, -7.4680505, -0.42026535, -6.936908, -2.75772, -3.49624, -8.222254, -2.1723382]"
the worker sent the beer to the chief .,a candidate threw a nurse a newspaper .,PD,DO,SEND,THROW,THE,A,to,to,-42.2764892578125,"[-3.5151825, -8.5758505, -7.4680505, -0.42026535, -10.034781, -2.3741567, -7.774809, -2.1133935]"
the worker sent the beer to the chief .,a friend promised a pot to a champion .,PD,PD,SEND,PROMISE,THE,A,to,to,-46.40275573730469,"[-3.5151825, -6.1887054, -9.4135475, -3.4739432, -6.15246, -3.6140025, -3.1521537, -9.893601, -0.99916]"
the worker sent the beer to the chief .,a friend promised a champion a pot .,PD,DO,SEND,PROMISE,THE,A,to,to,-47.405426025390625,"[-3.5151825, -6.1887054, -9.4135475, -3.4739432, -10.188796, -3.4739423, -7.6857533, -3.465555]"
the worker sent the button to the company .,a girl sold a beer to an administration .,PD,PD,SEND,SELL,THE,A,to,to,-43.66294479370117,"[-3.5113592, -6.7292314, -9.282906, -1.4192537, -6.3348494, -0.6924453, -2.9519134, -10.410002, -2.3309855]"
the worker sent the button to the company .,a girl sold an administration a beer .,PD,DO,SEND,SELL,THE,A,to,to,-49.104515075683594,"[-3.5113592, -6.7292314, -9.282906, -3.7940755, -12.0860615, -4.869643, -6.291634, -2.5396047]"
the worker sent the card to the manager .,a guest gave a chocolate to a band .,PD,PD,SEND,GIVE,THE,A,to,to,-51.03083038330078,"[-3.5006285, -7.696245, -9.693992, -0.99614954, -11.57804, -4.8022895, -2.0241625, -7.9733124, -2.7660108]"
the worker sent the card to the manager .,a guest gave a band a chocolate .,PD,DO,SEND,GIVE,THE,A,to,to,-48.91100311279297,"[-3.5006285, -7.696245, -9.693992, -0.99614954, -11.417661, -1.1664137, -9.280618, -5.159295]"
the worker sent the chicken to the band .,a captain purchased a tea for an army .,PD,PD,SEND,PURCHASE,THE,A,to,for,-48.38886260986328,"[-3.5212047, -10.10731, -11.145694, -0.9113424, -8.391724, -2.4703317, -4.071505, -4.2235875, -3.546164]"
the worker sent the chicken to the band .,a captain purchased an army a tea .,PD,DO,SEND,PURCHASE,THE,A,to,for,-54.232547760009766,"[-3.5212047, -10.10731, -11.145694, -3.4052532, -4.613209, -8.500554, -10.317171, -2.6221504]"
the worker sent the chief the beer .,a candidate supplied a tea to an author .,DO,PD,SEND,SUPPLY,THE,A,to,to,-49.06934356689453,"[-3.512172, -8.668501, -12.266761, -1.5785162, -7.261901, -2.081394, -3.6357336, -8.862469, -1.2018962]"
the worker sent the chief the beer .,a candidate supplied an author a tea .,DO,DO,SEND,SUPPLY,THE,A,to,to,-48.64391326904297,"[-3.512172, -8.668501, -12.266761, -3.4989398, -8.137203, -5.528017, -6.245325, -0.7869947]"
the worker sent the chief the beer .,a candidate threw a newspaper to a nurse .,DO,PD,SEND,THROW,THE,A,to,to,-42.16533279418945,"[-3.512172, -8.668501, -7.849208, -0.4438424, -7.149984, -3.3700562, -1.4541743, -7.8161263, -1.9012692]"
the worker sent the chief the beer .,a candidate threw a nurse a newspaper .,DO,DO,SEND,THROW,THE,A,to,to,-41.408843994140625,"[-3.512172, -8.668501, -7.849208, -0.4438424, -9.196157, -1.4153805, -9.00325, -1.3203337]"
the worker sent the chief the beer .,a friend promised a pot to a champion .,DO,PD,SEND,PROMISE,THE,A,to,to,-47.932273864746094,"[-3.512172, -6.154584, -9.604008, -3.5179162, -6.6615744, -4.3894215, -2.8163562, -10.1992035, -1.0770371]"
the worker sent the chief the beer .,a friend promised a champion a pot .,DO,DO,SEND,PROMISE,THE,A,to,to,-45.69731903076172,"[-3.512172, -6.154584, -9.604008, -3.5179162, -9.834844, -2.831692, -7.310194, -2.9319093]"
the worker sent the company the button .,a girl sold a beer to an administration .,DO,PD,SEND,SELL,THE,A,to,to,-45.26774597167969,"[-3.484517, -6.6305, -9.204369, -1.3576863, -6.22486, -1.1944591, -2.9274879, -10.503588, -3.7402782]"
the worker sent the company the button .,a girl sold an administration a beer .,DO,DO,SEND,SELL,THE,A,to,to,-45.495906829833984,"[-3.484517, -6.6305, -9.204369, -3.7684968, -12.086613, -3.1616755, -5.3327866, -1.8269503]"
the worker sent the key to the winner .,a corporation designed a box for a business .,PD,PD,SEND,DESIGN,THE,A,to,for,-48.05804443359375,"[-3.4831138, -11.281435, -7.8455567, -6.5685453, -7.2557487, -2.6352963, -1.8699733, -5.428608, -1.689766]"
the worker sent the key to the winner .,a corporation designed a business a box .,PD,DO,SEND,DESIGN,THE,A,to,for,-54.46495056152344,"[-3.4831138, -11.281435, -7.8455567, -6.5685453, -5.208251, -8.257494, -9.280239, -2.5403132]"
the worker sent the key to the winner .,a lady bought a meal for a king .,PD,PD,SEND,BUY,THE,A,to,for,-39.47002029418945,"[-3.4831138, -8.591099, -7.689864, -0.6077761, -8.020111, -1.0264282, -1.7662141, -7.2917128, -0.9937032]"
the worker sent the key to the winner .,a lady bought a king a meal .,PD,DO,SEND,BUY,THE,A,to,for,-43.03987503051758,"[-3.4831138, -8.591099, -7.689864, -0.6077761, -9.25204, -4.8731422, -6.881117, -1.6617233]"
the worker sent the key to the winner .,a friend promised a beer to a professor .,PD,PD,SEND,PROMISE,THE,A,to,to,-42.8603401184082,"[-3.4831138, -6.1657176, -9.123355, -3.1352851, -6.6747513, -1.8663416, -2.5254958, -8.48271, -1.4035717]"
the worker sent the key to the winner .,a friend promised a professor a beer .,PD,DO,SEND,PROMISE,THE,A,to,to,-42.594871520996094,"[-3.4831138, -6.1657176, -9.123355, -3.1352851, -10.641681, -1.5614955, -7.0740848, -1.4101398]"
the worker sent the manager the card .,a guest gave a chocolate to a band .,DO,PD,SEND,GIVE,THE,A,to,to,-51.375999450683594,"[-3.5199847, -7.697745, -9.317392, -1.2523052, -11.482169, -5.342065, -2.3439932, -7.7445955, -2.6757507]"
the worker sent the manager the card .,a guest gave a band a chocolate .,DO,DO,SEND,GIVE,THE,A,to,to,-47.97003936767578,"[-3.5199847, -7.697745, -9.317392, -1.2523052, -11.0190525, -1.4210588, -8.964666, -4.7778378]"
the worker sent the salad to the actress .,a sheriff bought a motor for a champion .,PD,PD,SEND,BUY,THE,A,to,for,-51.30643844604492,"[-3.515324, -8.596173, -10.056868, -0.86178434, -7.453317, -5.2580075, -1.3438022, -11.710115, -2.5110455]"
the worker sent the salad to the actress .,a sheriff bought a champion a motor .,PD,DO,SEND,BUY,THE,A,to,for,-58.56230926513672,"[-3.515324, -8.596173, -10.056868, -0.86178434, -11.430183, -6.6058135, -12.234187, -5.2619767]"
the worker sent the winner the key .,a corporation designed a box for a business .,DO,PD,SEND,DESIGN,THE,A,to,for,-47.568153381347656,"[-3.4944768, -11.131592, -8.226023, -5.843943, -7.182268, -2.8028228, -1.9843255, -5.4296885, -1.4730127]"
the worker sent the winner the key .,a corporation designed a business a box .,DO,DO,SEND,DESIGN,THE,A,to,for,-52.810699462890625,"[-3.4944768, -11.131592, -8.226023, -5.843943, -4.707054, -8.305899, -9.089813, -2.0119019]"
the worker sent the winner the key .,a lady bought a meal for a king .,DO,PD,SEND,BUY,THE,A,to,for,-40.15318298339844,"[-3.4944768, -8.497976, -7.4017305, -0.6971329, -8.244641, -1.312658, -1.9964937, -7.574157, -0.9339162]"
the worker sent the winner the key .,a lady bought a king a meal .,DO,DO,SEND,BUY,THE,A,to,for,-41.46226119995117,"[-3.4944768, -8.497976, -7.4017305, -0.6971329, -9.064983, -4.049511, -6.911085, -1.3453661]"
the worker sent the winner the key .,a friend promised a beer to a professor .,DO,PD,SEND,PROMISE,THE,A,to,to,-43.20344161987305,"[-3.4944768, -5.993367, -9.034046, -3.5850306, -6.9581017, -2.3093493, -2.7566419, -7.8036547, -1.2687743]"
the worker sent the winner the key .,a friend promised a professor a beer .,DO,DO,SEND,PROMISE,THE,A,to,to,-40.873287200927734,"[-3.4944768, -5.993367, -9.034046, -3.5850306, -9.26442, -2.0218575, -6.3666096, -1.1134789]"
the worker showed the adult the juice .,an employee brought a camera to a business .,DO,PD,SHOW,BRING,THE,A,to,to,-36.179176330566406,"[-5.675437, -3.4274437, -8.760833, -1.4436591, -6.533893, -0.4739374, -2.0955515, -5.647504, -2.1209168]"
the worker showed the adult the juice .,an employee brought a business a camera .,DO,DO,SHOW,BRING,THE,A,to,to,-43.845394134521484,"[-5.675437, -3.4274437, -8.760833, -1.4436591, -9.143839, -5.395298, -8.615171, -1.3837129]"
the worker showed the boy the tea .,a writer threw a juice to a girl .,DO,PD,SHOW,THROW,THE,A,to,to,-42.440303802490234,"[-3.4928546, -8.4538145, -10.778601, -0.66489524, -9.235497, -3.40487, -1.6978688, -3.2666988, -1.4452055]"
the worker showed the boy the tea .,a writer threw a girl a juice .,DO,DO,SHOW,THROW,THE,A,to,to,-43.59619140625,"[-3.4928546, -8.4538145, -10.778601, -0.66489524, -6.997364, -2.6660006, -9.371601, -1.1710637]"
the worker showed the chocolate to the hero .,a friend promised a beer to a professor .,PD,PD,SHOW,PROMISE,THE,A,to,to,-40.39246368408203,"[-3.5236564, -5.978638, -9.356451, -3.508848, -5.26609, -0.9855567, -2.908812, -7.7500772, -1.1143361]"
the worker showed the chocolate to the hero .,a friend promised a professor a beer .,PD,DO,SHOW,PROMISE,THE,A,to,to,-41.25859832763672,"[-3.5236564, -5.978638, -9.356451, -3.508848, -10.735283, -1.581066, -5.246752, -1.3279047]"
the worker showed the coat to the king .,a princess took a plate to a minister .,PD,PD,SHOW,TAKE,THE,A,to,to,-47.13093566894531,"[-3.5236654, -10.492083, -6.157215, -1.1267974, -7.556373, -3.2384543, -3.6217506, -10.299776, -1.1148183]"
the worker showed the coat to the king .,a princess took a minister a plate .,PD,DO,SHOW,TAKE,THE,A,to,to,-52.71067810058594,"[-3.5236654, -10.492083, -6.157215, -1.1267974, -13.095043, -5.4852533, -9.251812, -3.5788076]"
the worker showed the coat to the king .,a parent delivered a flower for a cop .,PD,PD,SHOW,DELIVER,THE,A,to,for,-48.61723327636719,"[-3.5236654, -7.9146967, -9.294967, -0.61261433, -8.256064, -3.7543879, -1.8761864, -11.596348, -1.788305]"
the worker showed the coat to the king .,a parent delivered a cop a flower .,PD,DO,SHOW,DELIVER,THE,A,to,for,-44.769752502441406,"[-3.5236654, -7.9146967, -9.294967, -0.61261433, -11.28616, -1.858444, -8.369606, -1.9096004]"
the worker showed the coffee to the uncle .,a nurse gave a juice to a physician .,PD,PD,SHOW,GIVE,THE,A,to,to,-40.71279525756836,"[-3.5475254, -7.373122, -5.5790024, -1.6550436, -10.002938, -0.09961608, -0.78512484, -10.854933, -0.8154912]"
the worker showed the coffee to the uncle .,a nurse gave a physician a juice .,PD,DO,SHOW,GIVE,THE,A,to,to,-38.434059143066406,"[-3.5475254, -7.373122, -5.5790024, -1.6550436, -10.321077, -0.79373944, -7.488423, -1.6761236]"
the worker showed the company the juice .,a cousin drew a crystal for a band .,DO,PD,SHOW,DRAW,THE,A,to,for,-51.76173400878906,"[-3.5090675, -9.304758, -10.760824, -0.9611079, -10.016614, -5.3583174, -2.043294, -7.308419, -2.4993315]"
the worker showed the company the juice .,a cousin drew a band a crystal .,DO,DO,SHOW,DRAW,THE,A,to,for,-56.88035202026367,"[-3.5090675, -9.304758, -10.760824, -0.9611079, -10.1265955, -6.5578794, -11.649578, -4.0105405]"
the worker showed the company the juice .,a manager got a beer for a child .,DO,PD,SHOW,GET,THE,A,to,for,-40.83331298828125,"[-3.5090675, -7.87183, -9.390412, -1.0278779, -7.519326, -2.4467962, -2.3907404, -5.211838, -1.4654214]"
the worker showed the company the juice .,a manager got a child a beer .,DO,DO,SHOW,GET,THE,A,to,for,-41.93590545654297,"[-3.5090675, -7.87183, -9.390412, -1.0278779, -9.392226, -4.6789713, -4.452363, -1.6131561]"
the worker showed the hero the chocolate .,a friend promised a beer to a professor .,DO,PD,SHOW,PROMISE,THE,A,to,to,-42.6353874206543,"[-3.5211358, -6.019806, -9.913409, -3.5015044, -5.6217546, -1.8518848, -2.7261653, -8.12776, -1.3519678]"
the worker showed the hero the chocolate .,a friend promised a professor a beer .,DO,DO,SHOW,PROMISE,THE,A,to,to,-40.597557067871094,"[-3.5211358, -6.019806, -9.913409, -3.5015044, -10.377003, -1.9129691, -4.343348, -1.0083852]"
the worker showed the juice to the adult .,an employee brought a camera to a business .,PD,PD,SHOW,BRING,THE,A,to,to,-37.125247955322266,"[-5.6769686, -3.4822974, -9.087722, -1.394987, -6.331524, -0.33111152, -2.208871, -6.5761476, -2.0356195]"
the worker showed the juice to the adult .,an employee brought a business a camera .,PD,DO,SHOW,BRING,THE,A,to,to,-46.206809997558594,"[-5.6769686, -3.4822974, -9.087722, -1.394987, -9.484269, -7.441375, -7.853982, -1.785208]"
the worker showed the juice to the company .,a cousin drew a crystal for a band .,PD,PD,SHOW,DRAW,THE,A,to,for,-51.207069396972656,"[-3.524163, -9.343264, -10.723171, -1.0276568, -9.497208, -5.406311, -2.1847374, -6.859088, -2.6414714]"
the worker showed the juice to the company .,a cousin drew a band a crystal .,PD,DO,SHOW,DRAW,THE,A,to,for,-56.35066604614258,"[-3.524163, -9.343264, -10.723171, -1.0276568, -9.847997, -6.7378387, -10.975298, -4.171278]"
the worker showed the juice to the company .,a manager got a beer for a child .,PD,PD,SHOW,GET,THE,A,to,for,-41.01206588745117,"[-3.524163, -7.9897895, -9.399014, -0.921456, -7.7896776, -2.2756832, -2.437661, -5.111126, -1.5634953]"
the worker showed the juice to the company .,a manager got a child a beer .,PD,DO,SHOW,GET,THE,A,to,for,-43.694522857666016,"[-3.524163, -7.9897895, -9.399014, -0.921456, -8.903147, -5.9869385, -4.754852, -2.2151637]"
the worker showed the king the coat .,a princess took a plate to a minister .,DO,PD,SHOW,TAKE,THE,A,to,to,-48.682830810546875,"[-3.5272603, -10.592939, -6.105244, -1.0897453, -7.84472, -4.0024605, -4.1770363, -10.185643, -1.1577815]"
the worker showed the king the coat .,a princess took a minister a plate .,DO,DO,SHOW,TAKE,THE,A,to,to,-49.63407516479492,"[-3.5272603, -10.592939, -6.105244, -1.0897453, -13.132588, -5.2049456, -7.5827627, -2.3985891]"
the worker showed the king the coat .,a parent delivered a flower for a cop .,DO,PD,SHOW,DELIVER,THE,A,to,for,-47.557838439941406,"[-3.5272603, -7.878392, -9.346648, -0.6294894, -8.574152, -3.2473931, -2.2163374, -10.921827, -1.2163409]"
the worker showed the king the coat .,a parent delivered a cop a flower .,DO,DO,SHOW,DELIVER,THE,A,to,for,-44.47398376464844,"[-3.5272603, -7.878392, -9.346648, -0.6294894, -11.087891, -2.501534, -8.354992, -1.1477759]"
the worker showed the tea to the boy .,a writer threw a juice to a girl .,PD,PD,SHOW,THROW,THE,A,to,to,-40.464176177978516,"[-3.523365, -8.236296, -10.564476, -0.7667957, -8.704918, -3.062951, -2.0881848, -2.5882418, -0.92894745]"
the worker showed the tea to the boy .,a writer threw a girl a juice .,PD,DO,SHOW,THROW,THE,A,to,to,-44.153526306152344,"[-3.523365, -8.236296, -10.564476, -0.7667957, -7.2406826, -3.122097, -8.824556, -1.8752558]"
the worker showed the uncle the coffee .,a nurse gave a juice to a physician .,DO,PD,SHOW,GIVE,THE,A,to,to,-42.12737274169922,"[-3.5359979, -7.3502417, -5.7067575, -1.4559215, -11.019525, -0.24917543, -0.6133207, -10.988213, -1.2082227]"
the worker showed the uncle the coffee .,a nurse gave a physician a juice .,DO,DO,SHOW,GIVE,THE,A,to,to,-37.32656478881836,"[-3.5359979, -7.3502417, -5.7067575, -1.4559215, -10.55942, -0.83218455, -6.900882, -0.98515785]"
the worker sold the anchor to the son .,a captain supplied a salad to a band .,PD,PD,SELL,SUPPLY,THE,A,to,to,-51.93949890136719,"[-3.5225902, -9.916707, -11.530556, -2.7507043, -10.035385, -0.97613037, -2.9185112, -7.360978, -2.927936]"
the worker sold the anchor to the son .,a captain supplied a band a salad .,PD,DO,SELL,SUPPLY,THE,A,to,to,-56.306941986083984,"[-3.5225902, -9.916707, -11.530556, -2.7507043, -8.441305, -7.6649494, -10.578423, -1.9017082]"
the worker sold the chicken to the reader .,a lady brought a computer to an employer .,PD,PD,SELL,BRING,THE,A,to,to,-43.28137969970703,"[-3.5411363, -8.158446, -6.5304637, -1.5454489, -9.437315, -0.449758, -5.36252, -7.0517693, -1.2045257]"
the worker sold the chicken to the reader .,a lady brought an employer a computer .,PD,DO,SELL,BRING,THE,A,to,to,-47.814029693603516,"[-3.5411363, -8.158446, -6.5304637, -4.329843, -12.285196, -1.7566535, -8.685872, -2.5264175]"
the worker sold the chicken to the reader .,a son found a computer for a candidate .,PD,PD,SELL,FIND,THE,A,to,for,-47.056541442871094,"[-3.5411363, -8.532623, -5.761475, -1.6573822, -8.024579, -4.288674, -2.3059206, -10.004436, -2.9403143]"
the worker sold the chicken to the reader .,a son found a candidate a computer .,PD,DO,SELL,FIND,THE,A,to,for,-52.298492431640625,"[-3.5411363, -8.532623, -5.761475, -1.6573822, -10.532167, -7.0544896, -10.300411, -4.918809]"
the worker sold the chicken to the reader .,a doctor sent a tea to a father .,PD,PD,SELL,SEND,THE,A,to,to,-38.912235260009766,"[-3.5411363, -7.2238574, -6.184495, -1.401779, -9.257726, -0.51689214, -2.2415738, -7.1238422, -1.4209347]"
the worker sold the chicken to the reader .,a doctor sent a father a tea .,PD,DO,SELL,SEND,THE,A,to,to,-39.89214324951172,"[-3.5411363, -7.2238574, -6.184495, -1.401779, -9.040483, -2.5054905, -7.809226, -2.1856768]"
the worker sold the chicken to the reader .,a bishop caught a wire for a sheriff .,PD,PD,SELL,CATCH,THE,A,to,for,-52.31863784790039,"[-3.5411363, -9.72295, -8.166088, -3.364087, -10.078203, -4.0746365, -2.3976288, -8.928196, -2.045712]"
the worker sold the chicken to the reader .,a bishop caught a sheriff a wire .,PD,DO,SELL,CATCH,THE,A,to,for,-53.51318359375,"[-3.5411363, -9.72295, -8.166088, -3.364087, -8.706618, -7.050055, -10.401295, -2.5609512]"
the worker sold the reader the chicken .,a lady brought a computer to an employer .,DO,PD,SELL,BRING,THE,A,to,to,-42.10627365112305,"[-3.551112, -8.158789, -6.4903336, -1.7610729, -8.742714, -0.75288314, -5.0300994, -6.41704, -1.2022276]"
the worker sold the reader the chicken .,a lady brought an employer a computer .,DO,DO,SELL,BRING,THE,A,to,to,-45.15483093261719,"[-3.551112, -8.158789, -6.4903336, -4.41879, -10.88971, -1.5902271, -8.493761, -1.5621059]"
the worker sold the reader the chicken .,a son found a computer for a candidate .,DO,PD,SELL,FIND,THE,A,to,for,-45.834877014160156,"[-3.551112, -8.634518, -5.567062, -1.5785944, -7.4438667, -4.215467, -2.3806367, -10.422826, -2.0407963]"
the worker sold the reader the chicken .,a son found a candidate a computer .,DO,DO,SELL,FIND,THE,A,to,for,-49.325836181640625,"[-3.551112, -8.634518, -5.567062, -1.5785944, -10.114015, -7.1301503, -9.264185, -3.4861991]"
the worker sold the reader the chicken .,a doctor sent a tea to a father .,DO,PD,SELL,SEND,THE,A,to,to,-37.84074401855469,"[-3.551112, -7.2485557, -5.935811, -1.5261507, -9.263459, -1.1666089, -1.4148943, -6.444414, -1.2897375]"
the worker sold the reader the chicken .,a doctor sent a father a tea .,DO,DO,SELL,SEND,THE,A,to,to,-36.45911407470703,"[-3.551112, -7.2485557, -5.935811, -1.5261507, -7.64832, -2.3637972, -7.215263, -0.97010434]"
the worker sold the reader the chicken .,a bishop caught a wire for a sheriff .,DO,PD,SELL,CATCH,THE,A,to,for,-51.727943420410156,"[-3.551112, -9.721141, -7.97445, -3.1565378, -10.051104, -3.8309639, -2.758488, -8.905605, -1.7785418]"
the worker sold the reader the chicken .,a bishop caught a sheriff a wire .,DO,DO,SELL,CATCH,THE,A,to,for,-51.57523727416992,"[-3.551112, -9.721141, -7.97445, -3.1565378, -8.279938, -6.7381763, -10.482035, -1.6718475]"
the worker sold the son the anchor .,a captain supplied a salad to a band .,DO,PD,SELL,SUPPLY,THE,A,to,to,-53.38214874267578,"[-3.53539, -9.827027, -11.385372, -2.7537522, -10.494829, -2.0799332, -2.9319544, -7.1895146, -3.1843739]"
the worker sold the son the anchor .,a captain supplied a band a salad .,DO,DO,SELL,SUPPLY,THE,A,to,to,-56.7938117980957,"[-3.53539, -9.827027, -11.385372, -2.7537522, -9.209789, -8.024374, -10.445433, -1.6126738]"
the worker supplied the guest the pie .,an opponent got an engine for a nurse .,DO,PD,SUPPLY,GET,THE,A,to,for,-54.926361083984375,"[-5.6750503, -8.053949, -8.904453, -4.086392, -8.756006, -4.6330585, -1.8680371, -11.272006, -1.6774065]"
the worker supplied the guest the pie .,an opponent got a nurse an engine .,DO,DO,SUPPLY,GET,THE,A,to,for,-51.30712890625,"[-5.6750503, -8.053949, -8.904453, -1.9748597, -10.736772, -4.480304, -9.630322, -1.8514211]"
the worker supplied the guest the pie .,a winner made an anchor for a corporation .,DO,PD,SUPPLY,MAKE,THE,A,to,for,-51.74868392944336,"[-3.569757, -10.238033, -7.014176, -3.86139, -10.252731, -2.0202549, -2.5170856, -10.753494, -1.5217597]"
the worker supplied the guest the pie .,a winner made a corporation an anchor .,DO,DO,SUPPLY,MAKE,THE,A,to,for,-50.98041915893555,"[-3.569757, -10.238033, -7.014176, -2.2546377, -12.909988, -4.876442, -8.38877, -1.728614]"
the worker supplied the guest the pie .,a guy sold a candy to a kid .,DO,PD,SUPPLY,SELL,THE,A,to,to,-36.106658935546875,"[-3.569757, -7.58519, -7.830701, -1.3071303, -6.668477, -3.710855, -0.935779, -3.3547463, -1.1440233]"
the worker supplied the guest the pie .,a guy sold a kid a candy .,DO,DO,SUPPLY,SELL,THE,A,to,to,-33.804893493652344,"[-3.569757, -7.58519, -7.830701, -1.3071303, -6.8542223, -0.7037175, -3.5248575, -2.429318]"
the worker supplied the guest the pie .,a reader caught a box for a sheriff .,DO,PD,SUPPLY,CATCH,THE,A,to,for,-52.355247497558594,"[-3.569757, -6.7185345, -8.284124, -3.2279468, -8.599196, -4.9998913, -2.1889005, -11.468549, -3.2983475]"
the worker supplied the guest the pie .,a reader caught a sheriff a box .,DO,DO,SUPPLY,CATCH,THE,A,to,for,-53.79682159423828,"[-3.569757, -6.7185345, -8.284124, -3.2279468, -12.644148, -8.297826, -7.9966335, -3.0578482]"
the worker supplied the juice to the leader .,a sheriff bought a motor for a champion .,PD,PD,SUPPLY,BUY,THE,A,to,for,-50.68879318237305,"[-3.578958, -8.714281, -9.259006, -0.9693752, -7.264723, -5.068375, -1.8390386, -12.055266, -1.9397719]"
the worker supplied the juice to the leader .,a sheriff bought a champion a motor .,PD,DO,SUPPLY,BUY,THE,A,to,for,-57.32001495361328,"[-3.578958, -8.714281, -9.259006, -0.9693752, -11.363624, -6.2380447, -11.561022, -5.6357017]"
the worker supplied the juice to the leader .,a sheriff promised a coffee to a brother .,PD,PD,SUPPLY,PROMISE,THE,A,to,to,-47.424156188964844,"[-3.578958, -8.714281, -10.461316, -2.605639, -9.226202, -1.7251614, -1.5729191, -7.3618383, -2.177842]"
the worker supplied the juice to the leader .,a sheriff promised a brother a coffee .,PD,DO,SUPPLY,PROMISE,THE,A,to,to,-47.29365539550781,"[-3.578958, -8.714281, -10.461316, -2.605639, -10.062671, -2.608769, -7.143034, -2.118985]"
the worker supplied the leader the juice .,a sheriff bought a motor for a champion .,DO,PD,SUPPLY,BUY,THE,A,to,for,-50.51416015625,"[-3.5575576, -8.874543, -9.159493, -1.0559765, -7.204406, -5.291788, -1.8735548, -11.89654, -1.6002997]"
the worker supplied the leader the juice .,a sheriff bought a champion a motor .,DO,DO,SUPPLY,BUY,THE,A,to,for,-54.02007293701172,"[-3.5575576, -8.874543, -9.159493, -1.0559765, -10.701388, -5.401706, -10.680725, -4.588683]"
the worker supplied the leader the juice .,a sheriff promised a coffee to a brother .,DO,PD,SUPPLY,PROMISE,THE,A,to,to,-48.99652099609375,"[-3.5575576, -8.874543, -10.426886, -2.4948554, -8.992554, -3.0465498, -2.1093054, -7.504278, -1.9899914]"
the worker supplied the leader the juice .,a sheriff promised a brother a coffee .,DO,DO,SUPPLY,PROMISE,THE,A,to,to,-45.20618438720703,"[-3.5575576, -8.874543, -10.426886, -2.4948554, -9.650509, -2.2870522, -6.5168295, -1.3979543]"
the worker supplied the pie to the guest .,an opponent got an engine for a nurse .,PD,PD,SUPPLY,GET,THE,A,to,for,-56.51409912109375,"[-5.6927204, -8.162999, -9.9147005, -4.0360184, -8.453543, -4.9145317, -1.8140945, -11.583948, -1.9415426]"
the worker supplied the pie to the guest .,an opponent got a nurse an engine .,PD,DO,SUPPLY,GET,THE,A,to,for,-55.70085906982422,"[-5.6927204, -8.162999, -9.9147005, -2.1449912, -11.514437, -6.7520947, -9.151474, -2.36744]"
the worker supplied the pie to the guest .,a winner made an anchor for a corporation .,PD,PD,SUPPLY,MAKE,THE,A,to,for,-52.68598175048828,"[-3.5967329, -10.121796, -7.035981, -4.6501427, -9.765781, -2.078821, -2.4015903, -11.406223, -1.6289152]"
the worker supplied the pie to the guest .,a winner made a corporation an anchor .,PD,DO,SUPPLY,MAKE,THE,A,to,for,-54.03947830200195,"[-3.5967329, -10.121796, -7.035981, -3.089198, -12.828196, -5.393006, -9.415807, -2.5587626]"
the worker supplied the pie to the guest .,a guy sold a candy to a kid .,PD,PD,SUPPLY,SELL,THE,A,to,to,-34.69055938720703,"[-3.5967329, -7.6488323, -8.054799, -1.306934, -6.597912, -1.9930472, -0.8626085, -3.4134994, -1.2161955]"
the worker supplied the pie to the guest .,a guy sold a kid a candy .,PD,DO,SUPPLY,SELL,THE,A,to,to,-35.65827178955078,"[-3.5967329, -7.6488323, -8.054799, -1.306934, -7.9062195, -0.816375, -3.305045, -3.0233343]"
the worker supplied the pie to the guest .,a reader caught a box for a sheriff .,PD,PD,SUPPLY,CATCH,THE,A,to,for,-52.013153076171875,"[-3.5967329, -6.643265, -8.561075, -3.060696, -8.462664, -4.8313847, -2.195706, -11.4323435, -3.229288]"
the worker supplied the pie to the guest .,a reader caught a sheriff a box .,PD,DO,SUPPLY,CATCH,THE,A,to,for,-55.37738037109375,"[-3.5967329, -6.643265, -8.561075, -3.060696, -12.731734, -9.197983, -8.1945915, -3.3913007]"
the worker threw the author the juice .,a husband took a bottle to a doctor .,DO,PD,THROW,TAKE,THE,A,to,to,-42.259822845458984,"[-3.5572922, -8.480848, -7.6010866, -2.13077, -6.3266053, -3.4675846, -3.8539476, -5.046123, -1.7955649]"
the worker threw the author the juice .,a husband took a doctor a bottle .,DO,DO,THROW,TAKE,THE,A,to,to,-47.20217514038086,"[-3.5572922, -8.480848, -7.6010866, -2.13077, -9.11687, -6.6229467, -5.808789, -3.8835742]"
the worker threw the author the television .,a candidate brought a chocolate to a man .,DO,PD,THROW,BRING,THE,A,to,to,-47.17491912841797,"[-3.5410576, -8.458193, -9.558849, -1.746146, -8.852553, -4.8856773, -1.3605229, -5.0662994, -3.7056203]"
the worker threw the author the television .,a candidate brought a man a chocolate .,DO,DO,THROW,BRING,THE,A,to,to,-45.71308898925781,"[-3.5410576, -8.458193, -9.558849, -1.746146, -3.6978207, -5.6158314, -7.3385596, -5.7566338]"
the worker threw the author the television .,an adult supplied a coffee to a boy .,DO,PD,THROW,SUPPLY,THE,A,to,to,-43.766868591308594,"[-5.634323, -5.9778376, -13.723956, -2.540039, -6.7851133, -1.7376409, -1.0380144, -4.260059, -2.069886]"
the worker threw the author the television .,an adult supplied a boy a coffee .,DO,DO,THROW,SUPPLY,THE,A,to,to,-46.96372604370117,"[-5.634323, -5.9778376, -13.723956, -2.540039, -6.6449957, -5.1636577, -5.9063644, -1.3725537]"
the worker threw the brother the cheese .,a reader found a key for a chief .,DO,PD,THROW,FIND,THE,A,to,for,-53.578269958496094,"[-3.6082358, -7.2598143, -6.082917, -7.1244493, -7.0318527, -3.885418, -2.6610398, -11.764988, -4.1595573]"
the worker threw the brother the cheese .,a reader found a chief a key .,DO,DO,THROW,FIND,THE,A,to,for,-55.15504837036133,"[-3.6082358, -7.2598143, -6.082917, -7.1244493, -14.154051, -7.1524134, -7.128172, -2.6449938]"
the worker threw the brother the cheese .,a boy kept a book for a teacher .,DO,PD,THROW,KEEP,THE,A,to,for,-38.0513916015625,"[-3.6082358, -6.140997, -8.838879, -2.7562764, -4.736661, -4.0535164, -3.0820162, -3.8706844, -0.96412796]"
the worker threw the brother the cheese .,a boy kept a teacher a book .,DO,DO,THROW,KEEP,THE,A,to,for,-42.12229919433594,"[-3.6082358, -6.140997, -8.838879, -2.7562764, -8.345262, -6.489829, -4.501595, -1.4412255]"
the worker threw the camera to the guest .,a boy made a machine for a club .,PD,PD,THROW,MAKE,THE,A,to,for,-39.452552795410156,"[-3.5402312, -6.3809566, -7.3901634, -0.9940039, -9.685449, -2.316331, -1.9223658, -5.958497, -1.2645574]"
the worker threw the camera to the guest .,a boy made a club a machine .,PD,DO,THROW,MAKE,THE,A,to,for,-46.984012603759766,"[-3.5402312, -6.3809566, -7.3901634, -0.9940039, -9.172434, -6.3696423, -10.918938, -2.2176437]"
the worker threw the camera to the guest .,a son designed an engine for a captain .,PD,PD,THROW,DESIGN,THE,A,to,for,-47.18805694580078,"[-3.5402312, -8.474442, -11.62096, -3.0849423, -6.682602, -1.1475028, -1.210944, -9.82099, -1.6054422]"
the worker threw the camera to the guest .,a son designed a captain an engine .,PD,DO,THROW,DESIGN,THE,A,to,for,-56.17372131347656,"[-3.5402312, -8.474442, -11.62096, -1.0527347, -12.150933, -9.314412, -7.828347, -2.1916583]"
the worker threw the cheese to the brother .,a reader found a key for a chief .,PD,PD,THROW,FIND,THE,A,to,for,-56.16105651855469,"[-3.613348, -7.2181087, -6.0347733, -10.339034, -7.2903585, -3.7237043, -2.579698, -12.017292, -3.344737]"
the worker threw the cheese to the brother .,a reader found a chief a key .,PD,DO,THROW,FIND,THE,A,to,for,-59.088279724121094,"[-3.613348, -7.2181087, -6.0347733, -10.339034, -14.745638, -7.158232, -7.1470575, -2.832089]"
the worker threw the cheese to the brother .,a boy kept a book for a teacher .,PD,PD,THROW,KEEP,THE,A,to,for,-37.12737274169922,"[-3.613348, -6.1782084, -8.829606, -2.7825024, -4.4490833, -3.7787347, -3.0565388, -3.5355687, -0.9037821]"
the worker threw the cheese to the brother .,a boy kept a teacher a book .,PD,DO,THROW,KEEP,THE,A,to,for,-43.72060775756836,"[-3.613348, -6.1782084, -8.829606, -2.7825024, -8.760017, -6.89012, -4.7121925, -1.9546138]"
the worker threw the cousin the meal .,a doctor caught a book for a wife .,DO,PD,THROW,CATCH,THE,A,to,for,-47.074703216552734,"[-3.6048968, -6.8624325, -7.2507296, -3.4820995, -10.61834, -5.15971, -2.2460427, -5.9290214, -1.9214306]"
the worker threw the cousin the meal .,a doctor caught a wife a book .,DO,DO,THROW,CATCH,THE,A,to,for,-46.820838928222656,"[-3.6048968, -6.8624325, -7.2507296, -3.4820995, -7.365786, -7.1370955, -8.1374, -2.9803982]"
the worker threw the cousin the meal .,a friend promised a beer to a professor .,DO,PD,THROW,PROMISE,THE,A,to,to,-42.16933059692383,"[-3.6048968, -5.837777, -8.745743, -4.062477, -5.9390225, -1.6981924, -2.7558331, -7.853718, -1.6716709]"
the worker threw the cousin the meal .,a friend promised a professor a beer .,DO,DO,THROW,PROMISE,THE,A,to,to,-41.576515197753906,"[-3.6048968, -5.837777, -8.745743, -4.062477, -9.555143, -2.2280302, -6.368044, -1.1744044]"
the worker threw the crystal to the doctor .,a guy caught a jacket for a friend .,PD,PD,THROW,CATCH,THE,A,to,for,-43.601741790771484,"[-3.5867066, -7.4362116, -6.7603416, -4.2268, -11.217287, -3.9527254, -1.7632079, -3.1943076, -1.4641542]"
the worker threw the crystal to the doctor .,a guy caught a friend a jacket .,PD,DO,THROW,CATCH,THE,A,to,for,-49.924381256103516,"[-3.5867066, -7.4362116, -6.7603416, -4.2268, -8.509819, -6.7724524, -10.240222, -2.3918276]"
the worker threw the doctor the crystal .,a guy caught a jacket for a friend .,DO,PD,THROW,CATCH,THE,A,to,for,-45.989715576171875,"[-3.6075552, -7.3482776, -6.8150167, -4.8478804, -11.327887, -4.5151415, -2.2698727, -3.8262448, -1.4318408]"
the worker threw the doctor the crystal .,a guy caught a friend a jacket .,DO,DO,THROW,CATCH,THE,A,to,for,-49.712158203125,"[-3.6075552, -7.3482776, -6.8150167, -4.8478804, -8.321904, -6.987245, -10.001775, -1.7825046]"
the worker threw the guest the camera .,a boy made a machine for a club .,DO,PD,THROW,MAKE,THE,A,to,for,-40.62501907348633,"[-3.5649133, -6.4268274, -7.3078527, -1.0992829, -10.127838, -2.4232376, -2.0270238, -6.0975084, -1.5505325]"
the worker threw the guest the camera .,a boy made a club a machine .,DO,DO,THROW,MAKE,THE,A,to,for,-47.39558410644531,"[-3.5649133, -6.4268274, -7.3078527, -1.0992829, -9.136417, -6.362085, -11.396129, -2.1020756]"
the worker threw the guest the camera .,a son designed an engine for a captain .,DO,PD,THROW,DESIGN,THE,A,to,for,-47.420475006103516,"[-3.5649133, -8.543912, -11.4271755, -3.2286148, -6.599497, -1.1598448, -1.4152687, -9.7872, -1.6940496]"
the worker threw the guest the camera .,a son designed a captain an engine .,DO,DO,THROW,DESIGN,THE,A,to,for,-55.05282211303711,"[-3.5649133, -8.543912, -11.4271755, -1.2905779, -11.735638, -8.77148, -7.606982, -2.1121428]"
the worker threw the juice to the author .,a husband took a bottle to a doctor .,PD,PD,THROW,TAKE,THE,A,to,to,-38.188411712646484,"[-3.553276, -8.590391, -7.940857, -1.6407976, -5.9842687, -2.561461, -2.6038764, -3.9447615, -1.368723]"
the worker threw the juice to the author .,a husband took a doctor a bottle .,PD,DO,THROW,TAKE,THE,A,to,to,-47.615516662597656,"[-3.553276, -8.590391, -7.940857, -1.6407976, -9.200049, -6.7857213, -5.3257313, -4.57869]"
the worker threw the juice to the secretary .,a princess got a candy for a club .,PD,PD,THROW,GET,THE,A,to,for,-46.148284912109375,"[-3.5974736, -10.531899, -6.981331, -1.8651147, -7.6397324, -2.6447167, -3.044969, -8.252213, -1.590836]"
the worker threw the juice to the secretary .,a princess got a club a candy .,PD,DO,THROW,GET,THE,A,to,for,-51.69022750854492,"[-3.5974736, -10.531899, -6.981331, -1.8651147, -9.839694, -6.6368794, -9.408463, -2.8293734]"
the worker threw the meal to the cousin .,a doctor caught a book for a wife .,PD,PD,THROW,CATCH,THE,A,to,for,-46.09388732910156,"[-3.6325326, -6.8844995, -7.284106, -3.3414104, -10.274166, -4.720842, -2.010001, -6.021923, -1.9244086]"
the worker threw the meal to the cousin .,a doctor caught a wife a book .,PD,DO,THROW,CATCH,THE,A,to,for,-48.88853073120117,"[-3.6325326, -6.8844995, -7.284106, -3.3414104, -7.7144246, -8.139936, -8.370993, -3.5206304]"
the worker threw the meal to the cousin .,a friend promised a beer to a professor .,PD,PD,THROW,PROMISE,THE,A,to,to,-40.53841018676758,"[-3.6325326, -5.740406, -8.690883, -3.9071908, -5.516308, -0.95220757, -2.3137724, -8.413452, -1.3716581]"
the worker threw the meal to the cousin .,a friend promised a professor a beer .,PD,DO,THROW,PROMISE,THE,A,to,to,-41.84739303588867,"[-3.6325326, -5.740406, -8.690883, -3.9071908, -10.217159, -2.0419126, -6.1600485, -1.4572613]"
the worker threw the nurse the tea .,a woman saved a plate for a club .,DO,PD,THROW,SAVE,THE,A,to,for,-47.56019592285156,"[-3.5974941, -3.5844615, -8.865815, -1.2672579, -12.391403, -4.8682594, -1.8708059, -8.378071, -2.7366285]"
the worker threw the nurse the tea .,a woman saved a club a plate .,DO,DO,THROW,SAVE,THE,A,to,for,-50.948062896728516,"[-3.5974941, -3.5844615, -8.865815, -1.2672579, -11.160587, -7.2072515, -9.955239, -5.309957]"
the worker threw the nurse the tea .,a singer showed a cheese to a corporation .,DO,PD,THROW,SHOW,THE,A,to,to,-57.01811981201172,"[-3.5974941, -9.873569, -8.439863, -2.6980908, -12.236252, -4.3506575, -0.97761786, -12.365724, -2.4788523]"
the worker threw the nurse the tea .,a singer showed a corporation a cheese .,DO,DO,THROW,SHOW,THE,A,to,to,-53.783050537109375,"[-3.5974941, -9.873569, -8.439863, -2.6980908, -13.589375, -1.7162193, -11.211333, -2.6571078]"
the worker threw the parent the tea .,a king kept a salad for a corporation .,DO,PD,THROW,KEEP,THE,A,to,for,-52.43468475341797,"[-3.569728, -9.905153, -7.344632, -1.5234883, -11.337661, -2.5525956, -2.996527, -12.2197895, -0.98511076]"
the worker threw the parent the tea .,a king kept a corporation a salad .,DO,DO,THROW,KEEP,THE,A,to,for,-55.22582244873047,"[-3.569728, -9.905153, -7.344632, -1.5234883, -12.000439, -5.92917, -13.946716, -1.0064945]"
the worker threw the secretary the juice .,a princess got a candy for a club .,DO,PD,THROW,GET,THE,A,to,for,-47.11170959472656,"[-3.605445, -10.5055485, -6.7546864, -1.9596206, -8.105454, -2.680567, -3.398741, -8.358567, -1.7430767]"
the worker threw the secretary the juice .,a princess got a club a candy .,DO,DO,THROW,GET,THE,A,to,for,-51.05181121826172,"[-3.605445, -10.5055485, -6.7546864, -1.9596206, -9.981082, -6.4387302, -9.383353, -2.4233496]"
the worker threw the tea to the nurse .,a woman saved a plate for a club .,PD,PD,THROW,SAVE,THE,A,to,for,-47.506385803222656,"[-3.58222, -3.609688, -9.273213, -1.3412144, -12.037901, -5.078579, -1.7743759, -8.278736, -2.5304585]"
the worker threw the tea to the nurse .,a woman saved a club a plate .,PD,DO,THROW,SAVE,THE,A,to,for,-53.25917434692383,"[-3.58222, -3.609688, -9.273213, -1.3412144, -11.523111, -7.3608723, -10.484817, -6.0840387]"
the worker threw the tea to the nurse .,a singer showed a cheese to a corporation .,PD,PD,THROW,SHOW,THE,A,to,to,-53.957061767578125,"[-3.58222, -9.847312, -8.407591, -2.5230982, -12.101831, -1.8931104, -0.8358827, -12.508125, -2.2578914]"
the worker threw the tea to the nurse .,a singer showed a corporation a cheese .,PD,DO,THROW,SHOW,THE,A,to,to,-54.92131805419922,"[-3.58222, -9.847312, -8.407591, -2.5230982, -14.793587, -1.702728, -11.008543, -3.0562391]"
the worker threw the tea to the parent .,a king kept a salad for a corporation .,PD,PD,THROW,KEEP,THE,A,to,for,-51.887969970703125,"[-3.5541482, -9.856462, -7.473587, -1.3779649, -11.127224, -2.347434, -2.9490979, -12.1936245, -1.0084246]"
the worker threw the tea to the parent .,a king kept a corporation a salad .,PD,DO,THROW,KEEP,THE,A,to,for,-56.428733825683594,"[-3.5541482, -9.856462, -7.473587, -1.3779649, -12.019059, -6.099016, -14.388587, -1.6599076]"
the worker threw the television to the author .,a candidate brought a chocolate to a man .,PD,PD,THROW,BRING,THE,A,to,to,-43.58838653564453,"[-3.518333, -8.647164, -9.400581, -1.3715533, -8.47954, -4.199171, -1.3357506, -4.1395273, -2.4967651]"
the worker threw the television to the author .,a candidate brought a man a chocolate .,PD,DO,THROW,BRING,THE,A,to,to,-47.153541564941406,"[-3.518333, -8.647164, -9.400581, -1.3715533, -4.4935784, -6.452545, -7.567882, -5.701902]"
the worker threw the television to the author .,an adult supplied a coffee to a boy .,PD,PD,THROW,SUPPLY,THE,A,to,to,-41.16998291015625,"[-5.6512866, -6.0875034, -13.970249, -2.370656, -6.067327, -0.981269, -0.89638686, -3.7597187, -1.3855857]"
the worker threw the television to the author .,an adult supplied a boy a coffee .,PD,DO,THROW,SUPPLY,THE,A,to,to,-47.84779357910156,"[-5.6512866, -6.0875034, -13.970249, -2.370656, -6.556828, -5.9382434, -5.7232704, -1.5497574]"
the worker took the author the television .,a buddy left a flower for an uncle .,DO,PD,TAKE,LEAVE,THE,A,to,for,-46.007957458496094,"[-3.503022, -11.151861, -7.1839848, -1.2318002, -8.3675165, -3.3944526, -4.62244, -5.578663, -0.9742148]"
the worker took the author the television .,a buddy left an uncle a flower .,DO,DO,TAKE,LEAVE,THE,A,to,for,-45.450191497802734,"[-3.503022, -11.151861, -7.1839848, -3.354784, -8.466069, -2.8501248, -7.4691963, -1.4711483]"
the worker took the author the television .,an actor delivered a pie for a singer .,DO,PD,TAKE,DELIVER,THE,A,to,for,-47.5914306640625,"[-5.6672792, -6.543581, -10.415345, -0.6759813, -10.246212, -2.9115047, -1.5543519, -8.176198, -1.4009757]"
the worker took the author the television .,an actor delivered a singer a pie .,DO,DO,TAKE,DELIVER,THE,A,to,for,-46.170982360839844,"[-5.6672792, -6.543581, -10.415345, -0.6759813, -12.634776, -1.0773264, -7.9233274, -1.2333668]"
the worker took the chief the plate .,a winner fed a cheese to a cousin .,DO,PD,TAKE,FEED,THE,A,to,to,-52.0084114074707,"[-3.5269432, -10.43496, -13.103077, -1.9916029, -7.6461935, -3.4589555, -1.1238501, -9.672047, -1.050781]"
the worker took the chief the plate .,a winner fed a cousin a cheese .,DO,DO,TAKE,FEED,THE,A,to,to,-52.55645751953125,"[-3.5269432, -10.43496, -13.103077, -1.9916029, -11.006575, -3.401165, -7.0583096, -2.033826]"
the worker took the cup to the manager .,a pilot found a wire for a club .,PD,PD,TAKE,FIND,THE,A,to,for,-45.48452377319336,"[-3.5080953, -8.030462, -6.3264694, -1.6576118, -9.403568, -4.962254, -1.4862676, -7.535793, -2.5740037]"
the worker took the cup to the manager .,a pilot found a club a wire .,PD,DO,TAKE,FIND,THE,A,to,for,-49.45196533203125,"[-3.5080953, -8.030462, -6.3264694, -1.6576118, -8.925312, -6.1210556, -12.491281, -2.3916771]"
the worker took the daughter the telephone .,a scientist made a plate for a mother .,DO,PD,TAKE,MAKE,THE,A,to,for,-41.935420989990234,"[-3.524452, -7.884721, -6.216032, -1.0102632, -9.559687, -3.8606749, -2.0325322, -6.005719, -1.8413386]"
the worker took the daughter the telephone .,a scientist made a mother a plate .,DO,DO,TAKE,MAKE,THE,A,to,for,-40.227230072021484,"[-3.524452, -7.884721, -6.216032, -1.0102632, -9.05631, -3.2412705, -7.70979, -1.5843904]"
the worker took the daughter the telephone .,a buddy sold a cheese to a business .,DO,PD,TAKE,SELL,THE,A,to,to,-49.66744613647461,"[-3.524452, -10.663755, -10.05916, -1.8637738, -10.143425, -3.3059053, -1.3105068, -6.862107, -1.9343609]"
the worker took the daughter the telephone .,a buddy sold a business a cheese .,DO,DO,TAKE,SELL,THE,A,to,to,-52.60395431518555,"[-3.524452, -10.663755, -10.05916, -1.8637738, -6.532525, -5.7778473, -11.06025, -3.12219]"
the worker took the guy the hat .,a cousin showed a tea to a business .,DO,PD,TAKE,SHOW,THE,A,to,to,-52.301910400390625,"[-3.5143175, -9.622206, -7.895225, -3.2858863, -11.7273035, -3.3884, -1.718436, -7.4055376, -3.7446005]"
the worker took the guy the hat .,a cousin showed a business a tea .,DO,DO,TAKE,SHOW,THE,A,to,to,-50.89768981933594,"[-3.5143175, -9.622206, -7.895225, -3.2858863, -8.351909, -4.6095104, -10.952774, -2.6658604]"
the worker took the hat to the guy .,a cousin showed a tea to a business .,PD,PD,TAKE,SHOW,THE,A,to,to,-50.130577087402344,"[-3.5153012, -9.668, -8.070581, -3.2646427, -11.7055235, -1.6857686, -1.3144681, -7.811196, -3.0950952]"
the worker took the hat to the guy .,a cousin showed a business a tea .,PD,DO,TAKE,SHOW,THE,A,to,to,-50.86262512207031,"[-3.5153012, -9.668, -8.070581, -3.2646427, -8.230506, -4.202294, -10.87113, -3.0401716]"
the worker took the manager the cup .,a pilot found a wire for a club .,DO,PD,TAKE,FIND,THE,A,to,for,-45.79001235961914,"[-3.529287, -8.079578, -6.5201044, -1.8173798, -9.273825, -4.9250503, -1.537957, -7.691494, -2.4153357]"
the worker took the manager the cup .,a pilot found a club a wire .,DO,DO,TAKE,FIND,THE,A,to,for,-48.69023895263672,"[-3.529287, -8.079578, -6.5201044, -1.8173798, -8.867451, -5.6115265, -12.007741, -2.2571685]"
the worker took the plate to the chief .,a winner fed a cheese to a cousin .,PD,PD,TAKE,FEED,THE,A,to,to,-50.17329025268555,"[-3.537016, -10.612756, -12.72254, -2.0329783, -7.7446156, -2.354189, -0.8818734, -9.411286, -0.87603664]"
the worker took the plate to the chief .,a winner fed a cousin a cheese .,PD,DO,TAKE,FEED,THE,A,to,to,-53.3148078918457,"[-3.537016, -10.612756, -12.72254, -2.0329783, -10.889282, -3.8165812, -7.2272177, -2.4764366]"
the worker took the son the telephone .,a princess sent a salad to a club .,DO,PD,TAKE,SEND,THE,A,to,to,-46.608367919921875,"[-3.502082, -10.997744, -6.548997, -1.2586374, -12.436621, -1.085621, -1.8472826, -7.804261, -1.1271212]"
the worker took the son the telephone .,a princess sent a club a salad .,DO,DO,TAKE,SEND,THE,A,to,to,-48.20020294189453,"[-3.502082, -10.997744, -6.548997, -1.2586374, -10.277839, -2.2004619, -12.192565, -1.2218789]"
the worker took the son the telephone .,a lady bought a meal for a king .,DO,PD,TAKE,BUY,THE,A,to,for,-41.85138702392578,"[-3.502082, -8.270309, -7.16839, -0.77960956, -8.778448, -1.2560892, -1.9453292, -8.935909, -1.215222]"
the worker took the son the telephone .,a lady bought a king a meal .,DO,DO,TAKE,BUY,THE,A,to,for,-42.20110321044922,"[-3.502082, -8.270309, -7.16839, -0.77960956, -9.722107, -3.3524098, -8.019015, -1.387179]"
the worker took the telephone to the daughter .,a scientist made a plate for a mother .,PD,PD,TAKE,MAKE,THE,A,to,for,-40.66337585449219,"[-3.5242, -8.12962, -6.1054277, -0.8670327, -8.948811, -3.9109178, -2.1491125, -5.8141603, -1.214097]"
the worker took the telephone to the daughter .,a scientist made a mother a plate .,PD,DO,TAKE,MAKE,THE,A,to,for,-43.58522415161133,"[-3.5242, -8.12962, -6.1054277, -0.8670327, -9.350732, -4.535985, -9.408584, -1.6636436]"
the worker took the telephone to the daughter .,a buddy sold a cheese to a business .,PD,PD,TAKE,SELL,THE,A,to,to,-49.33833312988281,"[-3.5242, -10.793704, -10.30207, -1.8252661, -9.969088, -2.197631, -1.1801119, -7.5063343, -2.0399284]"
the worker took the telephone to the daughter .,a buddy sold a business a cheese .,PD,DO,TAKE,SELL,THE,A,to,to,-55.4350471496582,"[-3.5242, -10.793704, -10.30207, -1.8252661, -6.813649, -6.7949996, -12.224702, -3.1564567]"
the worker took the telephone to the son .,a princess sent a salad to a club .,PD,PD,TAKE,SEND,THE,A,to,to,-48.065277099609375,"[-3.5145016, -11.088215, -6.751849, -1.4023446, -12.883117, -0.42366177, -1.7837131, -9.180897, -1.0369769]"
the worker took the telephone to the son .,a princess sent a club a salad .,PD,DO,TAKE,SEND,THE,A,to,to,-50.28491973876953,"[-3.5145016, -11.088215, -6.751849, -1.4023446, -10.162376, -4.2133713, -11.788012, -1.364253]"
the worker took the telephone to the son .,a lady bought a meal for a king .,PD,PD,TAKE,BUY,THE,A,to,for,-41.105438232421875,"[-3.5145016, -8.297542, -7.6286306, -0.5404513, -7.8467064, -1.3165754, -1.8903363, -9.044539, -1.0261555]"
the worker took the telephone to the son .,a lady bought a king a meal .,PD,DO,TAKE,BUY,THE,A,to,for,-42.011146545410156,"[-3.5145016, -8.297542, -7.6286306, -0.5404513, -9.755572, -3.3741093, -7.4196453, -1.4806935]"
the worker took the television to the author .,a buddy left a flower for an uncle .,PD,PD,TAKE,LEAVE,THE,A,to,for,-46.72437286376953,"[-3.478043, -11.2075405, -7.6862736, -1.198114, -8.750306, -3.1459286, -4.8481307, -5.6042843, -0.80575067]"
the worker took the television to the author .,a buddy left an uncle a flower .,PD,DO,TAKE,LEAVE,THE,A,to,for,-48.14625930786133,"[-3.478043, -11.2075405, -7.6862736, -3.3011594, -9.095644, -4.0394564, -7.848531, -1.489614]"
the worker took the television to the author .,an actor delivered a pie for a singer .,PD,PD,TAKE,DELIVER,THE,A,to,for,-47.92914581298828,"[-5.641872, -6.524848, -10.61909, -0.60596687, -10.5059, -2.6114945, -2.026084, -8.229357, -1.1645327]"
the worker took the television to the author .,an actor delivered a singer a pie .,PD,DO,TAKE,DELIVER,THE,A,to,for,-48.2013053894043,"[-5.641872, -6.524848, -10.61909, -0.60596687, -13.270154, -1.8480196, -8.311132, -1.380222]"
the worker took the winner the wire .,an attorney showed a tea to an army .,DO,PD,TAKE,SHOW,THE,A,to,to,-53.326725006103516,"[-5.6815114, -5.5973196, -8.172274, -1.7691344, -11.707289, -5.2220697, -3.6149457, -7.2996254, -4.2625566]"
the worker took the winner the wire .,an attorney showed an army a tea .,DO,DO,TAKE,SHOW,THE,A,to,to,-53.00537872314453,"[-5.6815114, -5.5973196, -8.172274, -4.219551, -6.890574, -8.493637, -11.084919, -2.865592]"
the worker took the winner the wire .,a lawyer supplied a hat to a band .,DO,PD,TAKE,SUPPLY,THE,A,to,to,-52.691959381103516,"[-3.5208821, -6.6798954, -12.272156, -3.0927658, -10.579449, -1.4403244, -2.6125531, -8.13975, -4.3541837]"
the worker took the winner the wire .,a lawyer supplied a band a hat .,DO,DO,TAKE,SUPPLY,THE,A,to,to,-54.59056854248047,"[-3.5208821, -6.6798954, -12.272156, -3.0927658, -11.827718, -6.8475733, -8.4508915, -1.8986889]"
the worker took the wire to the winner .,an attorney showed a tea to an army .,PD,PD,TAKE,SHOW,THE,A,to,to,-50.619224548339844,"[-5.69292, -5.656003, -8.027661, -1.4311796, -11.551871, -3.7450523, -3.3719184, -7.3167973, -3.8258212]"
the worker took the wire to the winner .,an attorney showed an army a tea .,PD,DO,TAKE,SHOW,THE,A,to,to,-54.525787353515625,"[-5.69292, -5.656003, -8.027661, -3.9416156, -6.750579, -9.180788, -10.985746, -4.2904744]"
the worker took the wire to the winner .,a lawyer supplied a hat to a band .,PD,PD,TAKE,SUPPLY,THE,A,to,to,-50.6439208984375,"[-3.497292, -6.8504524, -12.510576, -2.7601805, -10.365106, -0.6598272, -2.2607121, -8.060689, -3.6790843]"
the worker took the wire to the winner .,a lawyer supplied a band a hat .,PD,DO,TAKE,SUPPLY,THE,A,to,to,-54.62981414794922,"[-3.497292, -6.8504524, -12.510576, -2.7601805, -11.590939, -6.7223387, -8.411079, -2.2869587]"
the writer bought the adult the candy .,a buddy kept a cheese for a cousin .,DO,PD,BUY,KEEP,THE,A,for,for,-50.421485900878906,"[-3.5964026, -10.594677, -9.219157, -2.1441133, -10.21747, -4.4776382, -2.6627033, -6.6266747, -0.88264865]"
the writer bought the adult the candy .,a buddy kept a cousin a cheese .,DO,DO,BUY,KEEP,THE,A,for,for,-49.094730377197266,"[-3.5964026, -10.594677, -9.219157, -2.1441133, -7.7630463, -5.0789633, -8.742373, -1.9559952]"
the writer bought the adult the candy .,a parent delivered a flower for a cop .,DO,PD,BUY,DELIVER,THE,A,for,for,-47.65094757080078,"[-3.5964026, -7.4562798, -9.103321, -0.71076655, -9.1914015, -3.2856953, -1.9762236, -10.439905, -1.8909522]"
the writer bought the adult the candy .,a parent delivered a cop a flower .,DO,DO,BUY,DELIVER,THE,A,for,for,-42.9522590637207,"[-3.5964026, -7.4562798, -9.103321, -0.71076655, -10.932155, -1.1567458, -8.499604, -1.4969814]"
the writer bought the camera for the uncle .,a lawyer left a hat for a brother .,PD,PD,BUY,LEAVE,THE,A,for,for,-45.03962707519531,"[-3.5611, -6.7681956, -8.59482, -1.567697, -9.781071, -4.7705956, -1.3481473, -6.176119, -2.4718833]"
the writer bought the camera for the uncle .,a lawyer left a brother a hat .,PD,DO,BUY,LEAVE,THE,A,for,for,-46.94261932373047,"[-3.5611, -6.7681956, -8.59482, -1.567697, -8.734856, -5.942123, -9.271452, -2.5023732]"
the writer bought the camera for the uncle .,a hero designed a bottle for a king .,PD,PD,BUY,DESIGN,THE,A,for,for,-45.21046447753906,"[-3.5611, -8.843441, -10.4210415, -3.7574894, -8.290976, -2.0407286, -1.4441727, -6.2595787, -0.591937]"
the writer bought the camera for the uncle .,a hero designed a king a bottle .,PD,DO,BUY,DESIGN,THE,A,for,for,-55.21395492553711,"[-3.5611, -8.843441, -10.4210415, -3.7574894, -8.906088, -7.027064, -10.187823, -2.5099084]"
the writer bought the candy for the adult .,a buddy kept a cheese for a cousin .,PD,PD,BUY,KEEP,THE,A,for,for,-48.82451629638672,"[-3.559143, -10.591529, -8.725527, -2.1233776, -10.311255, -3.4402046, -2.303347, -6.984136, -0.7859957]"
the writer bought the candy for the adult .,a buddy kept a cousin a cheese .,PD,DO,BUY,KEEP,THE,A,for,for,-51.926856994628906,"[-3.559143, -10.591529, -8.725527, -2.1233776, -8.021466, -5.6391788, -10.476929, -2.789706]"
the writer bought the candy for the adult .,a parent delivered a flower for a cop .,PD,PD,BUY,DELIVER,THE,A,for,for,-47.442955017089844,"[-3.559143, -7.5821385, -9.0947075, -0.722051, -9.26787, -2.3948324, -1.6290112, -11.433489, -1.7597095]"
the writer bought the candy for the adult .,a parent delivered a cop a flower .,PD,DO,BUY,DELIVER,THE,A,for,for,-45.16849899291992,"[-3.559143, -7.5821385, -9.0947075, -0.722051, -10.884277, -2.1500583, -8.835684, -2.3404405]"
the writer bought the daughter the knife .,a man brought a book to an administration .,DO,PD,BUY,BRING,THE,A,for,to,-44.188018798828125,"[-3.5802336, -3.0597138, -8.505702, -1.0877736, -6.7959104, -0.5998418, -4.1424665, -11.781143, -4.635236]"
the writer bought the daughter the knife .,a man brought an administration a book .,DO,DO,BUY,BRING,THE,A,for,to,-42.906707763671875,"[-3.5802336, -3.0597138, -8.505702, -3.281421, -12.251638, -4.2146955, -5.803833, -2.2094698]"
the writer bought the daughter the knife .,an employer kept a coffee for a band .,DO,PD,BUY,KEEP,THE,A,for,for,-54.001224517822266,"[-5.670988, -7.704852, -9.894299, -1.5487502, -9.805075, -5.0843725, -2.5559933, -9.33993, -2.396967]"
the writer bought the daughter the knife .,an employer kept a band a coffee .,DO,DO,BUY,KEEP,THE,A,for,for,-57.18558120727539,"[-5.670988, -7.704852, -9.894299, -1.5487502, -9.945984, -9.023204, -10.831291, -2.5662107]"
the writer bought the daughter the knife .,a scientist designed a box for a prince .,DO,PD,BUY,DESIGN,THE,A,for,for,-42.52729797363281,"[-3.5802336, -7.882404, -7.3311253, -1.0854409, -7.3423967, -2.9777343, -1.7829498, -9.223979, -1.3210325]"
the writer bought the daughter the knife .,a scientist designed a prince a box .,DO,DO,BUY,DESIGN,THE,A,for,for,-47.421852111816406,"[-3.5802336, -7.882404, -7.3311253, -1.0854409, -12.289017, -6.7833734, -6.5896664, -1.8805916]"
the writer bought the daughter the knife .,an aunt threw a log to an uncle .,DO,PD,BUY,THROW,THE,A,for,to,-47.038639068603516,"[-5.670988, -8.108879, -8.167508, -0.77667975, -9.450218, -3.595912, -5.40758, -3.827967, -2.032906]"
the writer bought the daughter the knife .,an aunt threw an uncle a log .,DO,DO,BUY,THROW,THE,A,for,to,-43.00311279296875,"[-5.670988, -8.108879, -8.167508, -3.3046396, -6.0500975, -1.2119161, -8.776477, -1.71261]"
the writer bought the king the motor .,a buddy gave a bag to an author .,DO,PD,BUY,GIVE,THE,A,for,to,-44.92638397216797,"[-3.5719018, -10.679951, -6.1575227, -3.2163396, -7.6389294, -1.0627253, -3.8224387, -7.282611, -1.4939624]"
the writer bought the king the motor .,a buddy gave an author a bag .,DO,DO,BUY,GIVE,THE,A,for,to,-44.08824157714844,"[-3.5719018, -10.679951, -6.1575227, -5.2558103, -7.9881926, -0.99027, -6.7866716, -2.657924]"
the writer bought the king the motor .,a guy threw a bag to a guest .,DO,PD,BUY,THROW,THE,A,for,to,-40.46379852294922,"[-3.5719018, -8.00264, -6.424016, -0.5842545, -4.8659225, -5.430123, -1.9703002, -8.045727, -1.5689119]"
the writer bought the king the motor .,a guy threw a guest a bag .,DO,DO,BUY,THROW,THE,A,for,to,-44.00904846191406,"[-3.5719018, -8.00264, -6.424016, -0.5842545, -10.884974, -6.4443026, -5.667611, -2.4293475]"
the writer bought the knife for the daughter .,a man brought a book to an administration .,PD,PD,BUY,BRING,THE,A,for,to,-43.13428497314453,"[-3.5664232, -2.925829, -8.593285, -1.1054794, -6.4496384, -0.5479743, -3.9880798, -11.620427, -4.3371477]"
the writer bought the knife for the daughter .,a man brought an administration a book .,PD,DO,BUY,BRING,THE,A,for,to,-44.834266662597656,"[-3.5664232, -2.925829, -8.593285, -3.4086847, -12.341401, -5.375023, -5.76645, -2.8571706]"
the writer bought the knife for the daughter .,an employer kept a coffee for a band .,PD,PD,BUY,KEEP,THE,A,for,for,-53.2108268737793,"[-5.709219, -7.718808, -9.87025, -1.2843212, -9.583554, -4.3271337, -2.3111444, -9.737232, -2.6691647]"
the writer bought the knife for the daughter .,an employer kept a band a coffee .,PD,DO,BUY,KEEP,THE,A,for,for,-57.434486389160156,"[-5.709219, -7.718808, -9.87025, -1.2843212, -9.962889, -8.964791, -10.969364, -2.9548407]"
the writer bought the knife for the daughter .,a scientist designed a box for a prince .,PD,PD,BUY,DESIGN,THE,A,for,for,-42.07939529418945,"[-3.5664232, -8.005495, -7.433619, -0.8860979, -7.5636716, -2.381084, -1.6303587, -9.476919, -1.1357284]"
the writer bought the knife for the daughter .,a scientist designed a prince a box .,PD,DO,BUY,DESIGN,THE,A,for,for,-50.20272445678711,"[-3.5664232, -8.005495, -7.433619, -0.8860979, -13.200993, -7.4141626, -7.64551, -2.050425]"
the writer bought the knife for the daughter .,an aunt threw a log to an uncle .,PD,PD,BUY,THROW,THE,A,for,to,-47.95751953125,"[-5.709219, -8.3956, -8.933637, -0.6773886, -9.213699, -3.4994545, -5.610115, -3.9991665, -1.9192425]"
the writer bought the knife for the daughter .,an aunt threw an uncle a log .,PD,DO,BUY,THROW,THE,A,for,to,-46.92420196533203,"[-5.709219, -8.3956, -8.933637, -3.3065848, -6.784244, -2.8209825, -8.729226, -2.244708]"
the writer bought the lady the pie .,an adult supplied a coffee to a boy .,DO,PD,BUY,SUPPLY,THE,A,for,to,-44.8365478515625,"[-5.706922, -6.560652, -12.762167, -3.5552037, -6.6421413, -3.0600986, -1.4088645, -3.8255942, -1.3149022]"
the writer bought the lady the pie .,an adult supplied a boy a coffee .,DO,DO,BUY,SUPPLY,THE,A,for,to,-45.492698669433594,"[-5.706922, -6.560652, -12.762167, -3.5552037, -6.604087, -2.8617475, -6.271885, -1.1700317]"
the writer bought the meal for the mother .,a guy purchased a newspaper for an employer .,PD,PD,BUY,PURCHASE,THE,A,for,for,-43.22459411621094,"[-3.5345879, -8.047399, -8.42436, -1.3899157, -9.475634, -0.3461974, -4.2250876, -6.8469257, -0.93448484]"
the writer bought the meal for the mother .,a guy purchased an employer a newspaper .,PD,DO,BUY,PURCHASE,THE,A,for,for,-54.5063591003418,"[-3.5345879, -8.047399, -8.42436, -4.0352354, -12.712859, -4.3569107, -10.563603, -2.8314023]"
the writer bought the meal for the mother .,a corporation designed a gun for an administration .,PD,PD,BUY,DESIGN,THE,A,for,for,-55.26910400390625,"[-3.5345879, -11.746434, -8.103531, -8.238977, -7.645758, -0.7952895, -3.834442, -10.003167, -1.3669167]"
the writer bought the meal for the mother .,a corporation designed an administration a gun .,PD,DO,BUY,DESIGN,THE,A,for,for,-63.0408935546875,"[-3.5345879, -11.746434, -8.103531, -10.064932, -7.8140774, -7.903441, -10.158183, -3.715705]"
the writer bought the meal for the mother .,a winner took a television to a pilot .,PD,PD,BUY,TAKE,THE,A,for,to,-52.584022521972656,"[-3.5345879, -10.682023, -6.699732, -2.7023532, -10.81018, -5.261016, -1.9452482, -9.831431, -1.117452]"
the writer bought the meal for the mother .,a winner took a pilot a television .,PD,DO,BUY,TAKE,THE,A,for,to,-56.22569274902344,"[-3.5345879, -10.682023, -6.699732, -2.7023532, -10.26749, -7.528658, -11.023535, -3.7873154]"
the writer bought the mother the meal .,a guy purchased a newspaper for an employer .,DO,PD,BUY,PURCHASE,THE,A,for,for,-43.90597152709961,"[-3.5360584, -8.005503, -8.43191, -1.2369822, -9.173825, -1.3066127, -4.387868, -6.773439, -1.0537733]"
the writer bought the mother the meal .,a guy purchased an employer a newspaper .,DO,DO,BUY,PURCHASE,THE,A,for,for,-50.95683288574219,"[-3.5360584, -8.005503, -8.43191, -3.6136189, -11.311453, -2.3015928, -10.843159, -2.913538]"
the writer bought the mother the meal .,a corporation designed a gun for an administration .,DO,PD,BUY,DESIGN,THE,A,for,for,-56.55091857910156,"[-3.5360584, -11.646746, -8.146544, -8.103977, -8.08671, -1.2260517, -4.397134, -9.994604, -1.4130943]"
the writer bought the mother the meal .,a corporation designed an administration a gun .,DO,DO,BUY,DESIGN,THE,A,for,for,-61.35984802246094,"[-3.5360584, -11.646746, -8.146544, -9.883089, -7.435086, -7.185807, -10.628478, -2.8980417]"
the writer bought the mother the meal .,a winner took a television to a pilot .,DO,PD,BUY,TAKE,THE,A,for,to,-53.48105239868164,"[-3.5360584, -10.619572, -6.94849, -2.6851175, -10.895655, -5.5935373, -1.9659343, -10.454296, -0.7823896]"
the writer bought the mother the meal .,a winner took a pilot a television .,DO,DO,BUY,TAKE,THE,A,for,to,-55.35363006591797,"[-3.5360584, -10.619572, -6.94849, -2.6851175, -10.3324375, -6.7052145, -11.545513, -2.9812262]"
the writer bought the motor for the king .,a buddy gave a bag to an author .,PD,PD,BUY,GIVE,THE,A,for,to,-44.78307342529297,"[-3.5606012, -10.748184, -6.1033554, -2.9074168, -7.503898, -0.9174631, -3.5467558, -8.1012535, -1.3941461]"
the writer bought the motor for the king .,a buddy gave an author a bag .,PD,DO,BUY,GIVE,THE,A,for,to,-44.76448059082031,"[-3.5606012, -10.748184, -6.1033554, -5.010057, -8.271322, -0.9192468, -6.6996117, -3.4520984]"
the writer bought the motor for the king .,a guy threw a bag to a guest .,PD,PD,BUY,THROW,THE,A,for,to,-39.98814010620117,"[-3.5606012, -7.943119, -6.6221313, -0.49622458, -4.644575, -5.515807, -1.708411, -8.027617, -1.469653]"
the writer bought the motor for the king .,a guy threw a guest a bag .,PD,DO,BUY,THROW,THE,A,for,to,-43.893394470214844,"[-3.5606012, -7.943119, -6.6221313, -0.49622458, -11.262177, -5.511211, -5.3575826, -3.1403475]"
the writer bought the pie for the lady .,an adult supplied a coffee to a boy .,PD,PD,BUY,SUPPLY,THE,A,for,to,-42.37091064453125,"[-5.7244225, -6.4897966, -13.098547, -3.089114, -6.0893345, -2.1667738, -0.8289082, -3.6336904, -1.2503257]"
the writer bought the pie for the lady .,an adult supplied a boy a coffee .,PD,DO,BUY,SUPPLY,THE,A,for,to,-48.37373352050781,"[-5.7244225, -6.4897966, -13.098547, -3.089114, -6.893874, -5.278848, -6.060685, -1.7384474]"
the writer bought the princess the salad .,a nurse sent a juice to a wife .,DO,PD,BUY,SEND,THE,A,for,to,-47.11090087890625,"[-3.6021256, -7.523361, -7.491374, -1.4274892, -11.992974, -2.0947685, -1.6745272, -7.798114, -3.5061677]"
the writer bought the princess the salad .,a nurse sent a wife a juice .,DO,DO,BUY,SEND,THE,A,for,to,-42.990013122558594,"[-3.6021256, -7.523361, -7.491374, -1.4274892, -8.893858, -1.8567579, -9.378299, -2.8167486]"
the writer bought the princess the salad .,an attorney designed a flower for an opponent .,DO,PD,BUY,DESIGN,THE,A,for,for,-45.63856887817383,"[-5.719708, -5.353326, -10.944513, -1.8000221, -8.68108, -1.9273458, -4.2146006, -5.8436074, -1.154365]"
the writer bought the princess the salad .,an attorney designed an opponent a flower .,DO,DO,BUY,DESIGN,THE,A,for,for,-48.818695068359375,"[-5.719708, -5.353326, -10.944513, -3.593542, -7.7529593, -6.357861, -7.83726, -1.2595246]"
the writer bought the salad for the princess .,a nurse sent a juice to a wife .,PD,PD,BUY,SEND,THE,A,for,to,-47.06621170043945,"[-3.5803442, -7.553111, -8.003658, -1.7051709, -11.955675, -1.7327992, -1.253951, -8.099753, -3.1817474]"
the writer bought the salad for the princess .,a nurse sent a wife a juice .,PD,DO,BUY,SEND,THE,A,for,to,-46.523780822753906,"[-3.5803442, -7.553111, -8.003658, -1.7051709, -8.912409, -2.9508958, -9.597536, -4.220655]"
the writer bought the salad for the princess .,an attorney designed a flower for an opponent .,PD,PD,BUY,DESIGN,THE,A,for,for,-44.327720642089844,"[-5.7163095, -5.302245, -11.023656, -1.6895454, -8.459964, -0.7702599, -4.1241093, -6.1919622, -1.0496714]"
the writer bought the salad for the princess .,an attorney designed an opponent a flower .,PD,DO,BUY,DESIGN,THE,A,for,for,-51.680503845214844,"[-5.7163095, -5.302245, -11.023656, -3.5071914, -7.857436, -7.7466564, -8.547592, -1.9794179]"
the writer bought the uncle the camera .,a lawyer left a hat for a brother .,DO,PD,BUY,LEAVE,THE,A,for,for,-46.48707580566406,"[-3.5638123, -6.6568217, -8.7205925, -1.8027755, -9.65411, -5.197894, -1.8140459, -6.6411695, -2.435853]"
the writer bought the uncle the camera .,a lawyer left a brother a hat .,DO,DO,BUY,LEAVE,THE,A,for,for,-44.33030700683594,"[-3.5638123, -6.6568217, -8.7205925, -1.8027755, -8.828035, -3.864765, -8.827995, -2.0655088]"
the writer bought the uncle the camera .,a hero designed a bottle for a king .,DO,PD,BUY,DESIGN,THE,A,for,for,-46.890411376953125,"[-3.5638123, -8.791895, -10.198454, -3.1221778, -8.058229, -3.300496, -2.072912, -7.007228, -0.7752058]"
the writer bought the uncle the camera .,a hero designed a king a bottle .,DO,DO,BUY,DESIGN,THE,A,for,for,-53.56689453125,"[-3.5638123, -8.791895, -10.198454, -3.1221778, -9.1617985, -6.6728115, -9.740404, -2.3155408]"
the writer brought the band the coffee .,a king kept a salad for a corporation .,DO,PD,BRING,KEEP,THE,A,to,for,-52.57450866699219,"[-3.5380356, -10.171076, -8.186135, -1.2279909, -11.550359, -2.686304, -2.3738432, -11.867655, -0.97311157]"
the writer brought the band the coffee .,a king kept a corporation a salad .,DO,DO,BRING,KEEP,THE,A,to,for,-55.801353454589844,"[-3.5380356, -10.171076, -8.186135, -1.2279909, -12.478181, -5.473074, -13.858892, -0.8679699]"
the writer brought the band the coffee .,a reader showed a meal to a child .,DO,PD,BRING,SHOW,THE,A,to,to,-53.45563507080078,"[-3.5380356, -6.306769, -9.607649, -2.7324483, -17.795868, -3.541493, -1.0355445, -7.371771, -1.5260583]"
the writer brought the band the coffee .,a reader showed a child a meal .,DO,DO,BRING,SHOW,THE,A,to,to,-50.682861328125,"[-3.5380356, -6.306769, -9.607649, -2.7324483, -14.157467, -1.2805989, -10.588204, -2.4716897]"
the writer brought the chicken to the winner .,a reader drew a gun for an employer .,PD,PD,BRING,DRAW,THE,A,to,for,-48.104618072509766,"[-3.5200152, -6.6268597, -10.566088, -0.9338567, -6.8437567, -5.777724, -4.472569, -7.890348, -1.4734]"
the writer brought the chicken to the winner .,a reader drew an employer a gun .,PD,DO,BRING,DRAW,THE,A,to,for,-48.52836608886719,"[-3.5200152, -6.6268597, -10.566088, -3.4237611, -12.968498, -3.4932966, -6.7025948, -1.2272515]"
the writer brought the chicken to the winner .,a buddy gave a bag to an author .,PD,PD,BRING,GIVE,THE,A,to,to,-42.765525817871094,"[-3.5200152, -10.98173, -6.5188575, -1.7023544, -6.8750215, -1.1712036, -3.1741092, -7.491364, -1.330871]"
the writer brought the chicken to the winner .,a buddy gave an author a bag .,PD,DO,BRING,GIVE,THE,A,to,to,-45.4454231262207,"[-3.5200152, -10.98173, -6.5188575, -4.152215, -8.491146, -0.5656356, -7.330394, -3.8854296]"
the writer brought the chief the chocolate .,a father sent a cup to a guy .,DO,PD,BRING,SEND,THE,A,to,to,-42.19071960449219,"[-3.5446975, -6.547155, -7.1208854, -1.0113833, -9.069897, -3.2639382, -1.7257955, -7.3711047, -2.5358639]"
the writer brought the chief the chocolate .,a father sent a guy a cup .,DO,DO,BRING,SEND,THE,A,to,to,-39.51872634887695,"[-3.5446975, -6.547155, -7.1208854, -1.0113833, -9.686977, -1.9961025, -5.0150747, -4.5964513]"
the writer brought the chocolate to the chief .,a father sent a cup to a guy .,PD,PD,BRING,SEND,THE,A,to,to,-41.375465393066406,"[-3.5411158, -6.472628, -7.1228695, -0.9334644, -8.714147, -2.3717215, -1.3749818, -7.6693363, -3.1752026]"
the writer brought the chocolate to the chief .,a father sent a guy a cup .,PD,DO,BRING,SEND,THE,A,to,to,-43.592864990234375,"[-3.5411158, -6.472628, -7.1228695, -0.9334644, -10.879833, -2.7608893, -5.764121, -6.1179442]"
the writer brought the coffee to the band .,a king kept a salad for a corporation .,PD,PD,BRING,KEEP,THE,A,to,for,-53.06820297241211,"[-3.5402408, -10.027055, -8.28714, -1.3744785, -11.623739, -2.6782155, -2.5264559, -12.206449, -0.8044315]"
the writer brought the coffee to the band .,a king kept a corporation a salad .,PD,DO,BRING,KEEP,THE,A,to,for,-56.653690338134766,"[-3.5402408, -10.027055, -8.28714, -1.3744785, -12.583282, -5.840871, -13.980092, -1.0205345]"
the writer brought the coffee to the band .,a reader showed a meal to a child .,PD,PD,BRING,SHOW,THE,A,to,to,-51.636314392089844,"[-3.5402408, -6.3214874, -9.723019, -2.7111778, -18.076328, -1.8529739, -0.87281305, -7.4144335, -1.1238432]"
the writer brought the coffee to the band .,a reader showed a child a meal .,PD,DO,BRING,SHOW,THE,A,to,to,-50.79670333862305,"[-3.5402408, -6.3214874, -9.723019, -2.7111778, -14.935315, -1.155229, -10.173097, -2.2371385]"
the writer brought the winner the chicken .,a reader drew a gun for an employer .,DO,PD,BRING,DRAW,THE,A,to,for,-47.63866424560547,"[-3.5517464, -6.4560738, -10.2416315, -1.3446983, -7.048664, -5.3027754, -4.6382985, -7.4437466, -1.6110296]"
the writer brought the winner the chicken .,a reader drew an employer a gun .,DO,DO,BRING,DRAW,THE,A,to,for,-47.49618911743164,"[-3.5517464, -6.4560738, -10.2416315, -3.6187806, -12.946836, -2.3190114, -6.932615, -1.4294926]"
the writer brought the winner the chicken .,a buddy gave a bag to an author .,DO,PD,BRING,GIVE,THE,A,to,to,-44.80474090576172,"[-3.5517464, -11.056718, -6.329402, -1.9189913, -7.125803, -2.1735191, -3.4022946, -7.8478155, -1.3984493]"
the writer brought the winner the chicken .,a buddy gave an author a bag .,DO,DO,BRING,GIVE,THE,A,to,to,-45.29345703125,"[-3.5517464, -11.056718, -6.329402, -4.323327, -8.523644, -0.76318425, -6.856333, -3.8891032]"
the writer caught the attorney the bell .,a husband found a salad for a company .,DO,PD,CATCH,FIND,THE,A,for,for,-51.30267333984375,"[-3.5343008, -8.425013, -6.7609754, -1.5508617, -11.245479, -3.7828257, -2.665995, -9.218552, -4.1186724]"
the writer caught the attorney the bell .,a husband found a company a salad .,DO,DO,CATCH,FIND,THE,A,for,for,-50.739479064941406,"[-3.5343008, -8.425013, -6.7609754, -1.5508617, -9.991495, -6.0525336, -11.816719, -2.607577]"
the writer caught the attorney the bell .,a cousin got a cheese for a guest .,DO,PD,CATCH,GET,THE,A,for,for,-52.28589630126953,"[-3.5343008, -9.398477, -8.287802, -1.2968632, -14.031673, -4.504062, -3.3114886, -6.894202, -1.0270288]"
the writer caught the attorney the bell .,a cousin got a guest a cheese .,DO,DO,CATCH,GET,THE,A,for,for,-52.34850311279297,"[-3.5343008, -9.398477, -8.287802, -1.2968632, -9.560105, -6.9243903, -10.529476, -2.8170872]"
the writer caught the attorney the bell .,a champion sold a meal to a business .,DO,PD,CATCH,SELL,THE,A,for,to,-47.43603515625,"[-3.5343008, -9.602612, -10.019134, -1.8872807, -8.943405, -1.4442677, -0.8485037, -7.496846, -3.6596878]"
the writer caught the attorney the bell .,a champion sold a business a meal .,DO,DO,CATCH,SELL,THE,A,for,to,-46.848731994628906,"[-3.5343008, -9.602612, -10.019134, -1.8872807, -6.339156, -5.4866614, -7.5368133, -2.4427752]"
the writer caught the attorney the bell .,an adult bought an engine for a cousin .,DO,PD,CATCH,BUY,THE,A,for,for,-48.27105712890625,"[-5.689294, -6.5163746, -9.624989, -3.1988387, -8.926732, -1.8887788, -1.4722645, -8.891482, -2.0623033]"
the writer caught the attorney the bell .,an adult bought a cousin an engine .,DO,DO,CATCH,BUY,THE,A,for,for,-50.66490173339844,"[-5.689294, -6.5163746, -9.624989, -0.8918023, -11.3647785, -4.942401, -9.581278, -2.0539863]"
the writer caught the bell for the attorney .,a husband found a salad for a company .,PD,PD,CATCH,FIND,THE,A,for,for,-50.200340270996094,"[-3.4962482, -8.42347, -6.900157, -1.516823, -11.18309, -3.3172355, -2.5334535, -9.331284, -3.4985788]"
the writer caught the bell for the attorney .,a husband found a company a salad .,PD,DO,CATCH,FIND,THE,A,for,for,-52.422645568847656,"[-3.4962482, -8.42347, -6.900157, -1.516823, -9.9856205, -6.487768, -11.944798, -3.6677625]"
the writer caught the bell for the attorney .,a cousin got a cheese for a guest .,PD,PD,CATCH,GET,THE,A,for,for,-50.98211669921875,"[-3.4962482, -9.530268, -8.1884165, -1.2584279, -13.90189, -3.829195, -2.7498477, -6.883065, -1.14476]"
the writer caught the bell for the attorney .,a cousin got a guest a cheese .,PD,DO,CATCH,GET,THE,A,for,for,-51.625797271728516,"[-3.4962482, -9.530268, -8.1884165, -1.2584279, -9.95062, -6.199709, -10.250668, -2.7514398]"
the writer caught the bell for the attorney .,a champion sold a meal to a business .,PD,PD,CATCH,SELL,THE,A,for,to,-45.63188934326172,"[-3.4962482, -9.487305, -10.260914, -1.778404, -8.711464, -1.1357801, -0.68216133, -7.0640225, -3.0155907]"
the writer caught the bell for the attorney .,a champion sold a business a meal .,PD,DO,CATCH,SELL,THE,A,for,to,-47.448402404785156,"[-3.4962482, -9.487305, -10.260914, -1.778404, -6.364094, -6.252855, -7.3539367, -2.4546432]"
the writer caught the bell for the attorney .,an adult bought an engine for a cousin .,PD,PD,CATCH,BUY,THE,A,for,for,-45.94268798828125,"[-5.695758, -6.344557, -9.307838, -3.1678343, -8.813604, -1.4028034, -1.5390234, -8.269208, -1.4020618]"
the writer caught the bell for the attorney .,an adult bought a cousin an engine .,PD,DO,CATCH,BUY,THE,A,for,for,-52.58317947387695,"[-5.695758, -6.344557, -9.307838, -0.8453456, -11.494581, -7.069927, -9.63818, -2.1869922]"
the writer caught the bowl for the prince .,a guy threw a bag to a guest .,PD,PD,CATCH,THROW,THE,A,for,to,-38.9505615234375,"[-3.5349858, -7.754964, -6.063382, -0.41240337, -4.4754143, -5.7834015, -1.5203255, -7.552046, -1.8536385]"
the writer caught the bowl for the prince .,a guy threw a guest a bag .,PD,DO,CATCH,THROW,THE,A,for,to,-43.85501480102539,"[-3.5349858, -7.754964, -6.063382, -0.41240337, -10.908398, -5.677858, -5.6521635, -3.8508604]"
the writer caught the daughter the television .,a mother sent a juice to a band .,DO,PD,CATCH,SEND,THE,A,for,to,-49.3502082824707,"[-3.5105176, -5.6083927, -7.3411474, -0.81655174, -13.674488, -2.0701942, -2.0680528, -10.046422, -4.2144413]"
the writer caught the daughter the television .,a mother sent a band a juice .,DO,DO,CATCH,SEND,THE,A,for,to,-48.397666931152344,"[-3.5105176, -5.6083927, -7.3411474, -0.81655174, -11.455795, -5.314845, -11.674792, -2.6756227]"
the writer caught the iron for the lady .,a princess brought a coffee to an adult .,PD,PD,CATCH,BRING,THE,A,for,to,-43.37191390991211,"[-3.521611, -10.805714, -7.377842, -1.859091, -8.3581085, -0.8464494, -3.9063327, -5.2246923, -1.4720738]"
the writer caught the iron for the lady .,a princess brought an adult a coffee .,PD,DO,CATCH,BRING,THE,A,for,to,-46.43021011352539,"[-3.521611, -10.805714, -7.377842, -4.0690727, -6.2512255, -5.9204073, -7.030948, -1.4533916]"
the writer caught the lady the iron .,a princess brought a coffee to an adult .,DO,PD,CATCH,BRING,THE,A,for,to,-43.24296569824219,"[-3.5313864, -10.647151, -7.3388987, -1.6028628, -8.766225, -0.74948996, -3.8825016, -5.493868, -1.2305832]"
the writer caught the lady the iron .,a princess brought an adult a coffee .,DO,DO,CATCH,BRING,THE,A,for,to,-45.08843994140625,"[-3.5313864, -10.647151, -7.3388987, -3.7437015, -6.1216307, -5.0626717, -7.7274785, -0.9155201]"
the writer caught the motor for the physician .,a child saved a juice for a company .,PD,PD,CATCH,SAVE,THE,A,for,for,-52.720069885253906,"[-3.5377212, -6.348585, -9.58506, -1.823795, -14.272363, -5.674506, -1.5672623, -7.490465, -2.42031]"
the writer caught the motor for the physician .,a child saved a company a juice .,PD,DO,CATCH,SAVE,THE,A,for,for,-55.528499603271484,"[-3.5377212, -6.348585, -9.58506, -1.823795, -9.060895, -6.8281655, -13.775286, -4.5689917]"
the writer caught the physician the motor .,a child saved a juice for a company .,DO,PD,CATCH,SAVE,THE,A,for,for,-54.228973388671875,"[-3.5542111, -6.4710083, -9.638401, -1.8849604, -14.485916, -5.7154517, -1.8815889, -7.7149177, -2.882517]"
the writer caught the physician the motor .,a child saved a company a juice .,DO,DO,CATCH,SAVE,THE,A,for,for,-52.872013092041016,"[-3.5542111, -6.4710083, -9.638401, -1.8849604, -8.960329, -5.1156287, -13.381247, -3.866229]"
the writer caught the prince the bowl .,a guy threw a bag to a guest .,DO,PD,CATCH,THROW,THE,A,for,to,-38.74073791503906,"[-3.5499215, -7.883005, -6.209222, -0.42762086, -4.5331182, -5.224815, -1.4989202, -7.8030367, -1.6110762]"
the writer caught the prince the bowl .,a guy threw a guest a bag .,DO,DO,CATCH,THROW,THE,A,for,to,-42.43421173095703,"[-3.5499215, -7.883005, -6.209222, -0.42762086, -11.020769, -5.529238, -5.1891375, -2.625301]"
the writer caught the television for the daughter .,a mother sent a juice to a band .,PD,PD,CATCH,SEND,THE,A,for,to,-51.641578674316406,"[-3.5472014, -5.776428, -7.2033987, -0.96360636, -13.879458, -2.5642543, -2.2287567, -9.85546, -5.6230125]"
the writer caught the television for the daughter .,a mother sent a band a juice .,PD,DO,CATCH,SEND,THE,A,for,to,-51.54426956176758,"[-3.5472014, -5.776428, -7.2033987, -0.96360636, -11.187747, -6.3883176, -12.603378, -3.8741908]"
the writer delivered the beer for the father .,a guy purchased a newspaper for an employer .,PD,PD,DELIVER,PURCHASE,THE,A,for,for,-44.226654052734375,"[-3.5776083, -7.9181995, -8.991251, -0.5785436, -9.00006, -1.2376088, -4.3822412, -6.981123, -1.5600181]"
the writer delivered the beer for the father .,a guy purchased an employer a newspaper .,PD,DO,DELIVER,PURCHASE,THE,A,for,for,-56.868228912353516,"[-3.5776083, -7.9181995, -8.991251, -2.9144335, -11.929979, -8.243938, -9.791013, -3.5018044]"
the writer delivered the beer for the father .,a club designed a ball for an army .,PD,PD,DELIVER,DESIGN,THE,A,for,for,-47.8043098449707,"[-3.5776083, -9.128222, -8.656997, -6.9590774, -6.185856, -2.4851441, -3.843121, -5.373846, -1.5944405]"
the writer delivered the beer for the father .,a club designed an army a ball .,PD,DO,DELIVER,DESIGN,THE,A,for,for,-56.49980926513672,"[-3.5776083, -9.128222, -8.656997, -8.787753, -5.26362, -8.935314, -8.366484, -3.7838085]"
the writer delivered the beer for the father .,a child designed a bell for an uncle .,PD,PD,DELIVER,DESIGN,THE,A,for,for,-43.89454650878906,"[-3.5776083, -6.1201544, -11.310576, -2.307925, -9.683077, -1.8954983, -3.609312, -4.4727006, -0.9176928]"
the writer delivered the beer for the father .,a child designed an uncle a bell .,PD,DO,DELIVER,DESIGN,THE,A,for,for,-54.15729522705078,"[-3.5776083, -6.1201544, -11.310576, -4.3778296, -10.294815, -6.5664163, -9.779615, -2.1302776]"
the writer delivered the beer for the father .,a princess caught a motor for an uncle .,PD,PD,DELIVER,CATCH,THE,A,for,for,-51.17678451538086,"[-3.5776083, -10.78647, -5.1967354, -3.7096424, -8.938625, -7.7279453, -4.198997, -5.2876043, -1.7531568]"
the writer delivered the beer for the father .,a princess caught an uncle a motor .,PD,DO,DELIVER,CATCH,THE,A,for,for,-55.36359405517578,"[-3.5776083, -10.78647, -5.1967354, -5.9050436, -6.171567, -6.8312163, -9.83909, -7.0558605]"
the writer delivered the beer for the father .,a guest threw a bottle to a boy .,PD,PD,DELIVER,THROW,THE,A,for,to,-44.462772369384766,"[-3.5776083, -7.797103, -15.243642, -0.5552162, -3.9530413, -5.8095484, -1.8903561, -4.1617184, -1.474542]"
the writer delivered the beer for the father .,a guest threw a boy a bottle .,PD,DO,DELIVER,THROW,THE,A,for,to,-45.6442985534668,"[-3.5776083, -7.797103, -15.243642, -0.5552162, -7.4944906, -3.4212794, -4.228901, -3.32606]"
the writer delivered the bell for the husband .,an actor showed a chicken to a priest .,PD,PD,DELIVER,SHOW,THE,A,for,to,-43.769569396972656,"[-5.726021, -6.331089, -7.846425, -2.9007163, -7.7806573, -3.3987906, -0.782725, -6.912678, -2.0904682]"
the writer delivered the bell for the husband .,an actor showed a priest a chicken .,PD,DO,DELIVER,SHOW,THE,A,for,to,-44.19506072998047,"[-5.726021, -6.331089, -7.846425, -2.9007163, -8.923401, -1.8389598, -7.30264, -3.3258116]"
the writer delivered the bell for the husband .,a guy fed a chocolate to a mayor .,PD,PD,DELIVER,FEED,THE,A,for,to,-51.137325286865234,"[-3.5788934, -7.9206657, -10.512474, -1.3641329, -6.1791887, -5.7904997, -1.0115485, -12.449949, -2.3299718]"
the writer delivered the bell for the husband .,a guy fed a mayor a chocolate .,PD,DO,DELIVER,FEED,THE,A,for,to,-49.220558166503906,"[-3.5788934, -7.9206657, -10.512474, -1.3641329, -12.357002, -2.654968, -4.9586587, -5.8737607]"
the writer delivered the cheese for the daughter .,a friend found a tea for a teacher .,PD,PD,DELIVER,FIND,THE,A,for,for,-43.27404022216797,"[-3.6233976, -6.1206656, -6.024216, -1.0965413, -9.260956, -4.06207, -2.9398246, -8.177415, -1.9689536]"
the writer delivered the cheese for the daughter .,a friend found a teacher a tea .,PD,DO,DELIVER,FIND,THE,A,for,for,-49.35871887207031,"[-3.6233976, -6.1206656, -6.024216, -1.0965413, -8.838185, -7.1659408, -11.918026, -4.5717487]"
the writer delivered the cheese for the daughter .,a lawyer sold a chicken to a student .,PD,PD,DELIVER,SELL,THE,A,for,to,-41.39256286621094,"[-3.6233976, -6.777822, -11.415734, -1.5463713, -6.1317205, -1.8931044, -0.76098335, -5.367011, -3.876416]"
the writer delivered the cheese for the daughter .,a lawyer sold a student a chicken .,PD,DO,DELIVER,SELL,THE,A,for,to,-44.13304901123047,"[-3.6233976, -6.777822, -11.415734, -1.5463713, -6.9000807, -2.721441, -6.879611, -4.268591]"
the writer delivered the cop the meal .,a worker drew a log for a company .,DO,PD,DELIVER,DRAW,THE,A,for,for,-44.98760986328125,"[-3.5698926, -6.79979, -10.209653, -1.0005658, -9.201738, -3.731157, -1.669909, -4.6112795, -4.1936255]"
the writer delivered the cop the meal .,a worker drew a company a log .,DO,DO,DELIVER,DRAW,THE,A,for,for,-49.64265060424805,"[-3.5698926, -6.79979, -10.209653, -1.0005658, -9.263327, -6.4577627, -9.126175, -3.2154856]"
the writer delivered the daughter the cheese .,a friend found a tea for a teacher .,DO,PD,DELIVER,FIND,THE,A,for,for,-46.096805572509766,"[-3.6116707, -6.01928, -6.058548, -2.8090262, -10.223957, -4.7230687, -3.5581484, -7.9838357, -1.109271]"
the writer delivered the daughter the cheese .,a friend found a teacher a tea .,DO,DO,DELIVER,FIND,THE,A,for,for,-44.51152038574219,"[-3.6116707, -6.01928, -6.058548, -2.8090262, -8.48299, -6.2289867, -9.242517, -2.0585]"
the writer delivered the daughter the cheese .,a lawyer sold a chicken to a student .,DO,PD,DELIVER,SELL,THE,A,for,to,-40.02885437011719,"[-3.6116707, -6.7774267, -11.028586, -1.4334888, -6.08672, -1.4847438, -0.7378904, -5.8621945, -3.0061302]"
the writer delivered the daughter the cheese .,a lawyer sold a student a chicken .,DO,DO,DELIVER,SELL,THE,A,for,to,-39.53987121582031,"[-3.6116707, -6.7774267, -11.028586, -1.4334888, -6.5898986, -1.224965, -6.5694656, -2.3043683]"
the writer delivered the employee the pie .,a prince kept a tea for a soldier .,DO,PD,DELIVER,KEEP,THE,A,for,for,-48.50604248046875,"[-3.6341314, -10.987682, -8.122417, -1.9608724, -8.371524, -4.373512, -2.7931986, -6.886903, -1.3758041]"
the writer delivered the employee the pie .,a prince kept a soldier a tea .,DO,DO,DELIVER,KEEP,THE,A,for,for,-50.35340118408203,"[-3.6341314, -10.987682, -8.122417, -1.9608724, -7.27983, -6.1908875, -10.349258, -1.8283187]"
the writer delivered the employee the pie .,a father sent a cup to a guy .,DO,PD,DELIVER,SEND,THE,A,for,to,-42.364768981933594,"[-3.6341314, -6.765377, -6.716596, -1.486747, -8.222194, -3.6644208, -2.442922, -6.7319775, -2.7004]"
the writer delivered the employee the pie .,a father sent a guy a cup .,DO,DO,DELIVER,SEND,THE,A,for,to,-38.95331573486328,"[-3.6341314, -6.765377, -6.716596, -1.486747, -8.670415, -1.6022807, -4.8048816, -5.272887]"
the writer delivered the employee the pie .,a winner fed a cheese to a cousin .,DO,PD,DELIVER,FEED,THE,A,for,to,-50.89409637451172,"[-3.6341314, -10.34028, -11.40105, -1.7737666, -7.4818077, -3.874124, -1.7142059, -9.591546, -1.0831823]"
the writer delivered the employee the pie .,a winner fed a cousin a cheese .,DO,DO,DELIVER,FEED,THE,A,for,to,-49.47011184692383,"[-3.6341314, -10.34028, -11.40105, -1.7737666, -10.985906, -2.7574544, -6.590585, -1.9869394]"
the writer delivered the employee the pie .,an aunt caught a computer for a colonel .,DO,PD,DELIVER,CATCH,THE,A,for,for,-57.34327697753906,"[-5.744011, -8.656366, -8.225392, -2.0389466, -9.320423, -5.233893, -2.1857271, -14.055954, -1.8825653]"
the writer delivered the employee the pie .,an aunt caught a colonel a computer .,DO,DO,DELIVER,CATCH,THE,A,for,for,-59.595977783203125,"[-5.744011, -8.656366, -8.225392, -2.0389466, -14.417545, -6.8487763, -10.632109, -3.0328293]"
the writer delivered the employee the pie .,a child caught a telephone for a sheriff .,DO,PD,DELIVER,CATCH,THE,A,for,for,-51.07097625732422,"[-3.6341314, -6.374078, -6.6862345, -5.049749, -9.664203, -6.5124598, -2.2733064, -7.975282, -2.9015324]"
the writer delivered the employee the pie .,a child caught a sheriff a telephone .,DO,DO,DELIVER,CATCH,THE,A,for,for,-56.694480895996094,"[-3.6341314, -6.374078, -6.6862345, -5.049749, -9.92141, -7.9408946, -11.418889, -5.6690927]"
the writer delivered the employee the pie .,an aunt threw a log to an uncle .,DO,PD,DELIVER,THROW,THE,A,for,to,-46.95253372192383,"[-5.744011, -8.656366, -8.316693, -0.72623354, -8.947287, -3.923976, -4.949337, -3.7326717, -1.9559577]"
the writer delivered the employee the pie .,an aunt threw an uncle a log .,DO,DO,DELIVER,THROW,THE,A,for,to,-43.731971740722656,"[-5.744011, -8.656366, -8.316693, -3.2320108, -6.161136, -1.0324883, -9.042556, -1.5467103]"
the writer delivered the employee the pie .,a professor threw a salad to a student .,DO,PD,DELIVER,THROW,THE,A,for,to,-35.466705322265625,"[-3.6341314, -7.0858746, -8.294943, -0.7115874, -5.5777164, -4.1388707, -1.7645227, -2.0290732, -2.2299867]"
the writer delivered the employee the pie .,a professor threw a student a salad .,DO,DO,DELIVER,THROW,THE,A,for,to,-32.435367584228516,"[-3.6341314, -7.0858746, -8.294943, -0.7115874, -4.444547, -0.8190058, -5.914566, -1.5307125]"
the writer delivered the father the beer .,a guy purchased a newspaper for an employer .,DO,PD,DELIVER,PURCHASE,THE,A,for,for,-45.588348388671875,"[-3.5571904, -8.030685, -9.472177, -0.57928693, -8.807399, -1.9569925, -4.5064306, -7.131736, -1.5464537]"
the writer delivered the father the beer .,a guy purchased an employer a newspaper .,DO,DO,DELIVER,PURCHASE,THE,A,for,for,-53.266746520996094,"[-3.5571904, -8.030685, -9.472177, -2.8625722, -11.905033, -5.299591, -9.734963, -2.404533]"
the writer delivered the father the beer .,a club designed a ball for an army .,DO,PD,DELIVER,DESIGN,THE,A,for,for,-48.69536209106445,"[-3.5571904, -9.329848, -8.311407, -6.782839, -6.1073008, -3.65909, -3.9237561, -5.440081, -1.5838488]"
the writer delivered the father the beer .,a club designed an army a ball .,DO,DO,DELIVER,DESIGN,THE,A,for,for,-53.864776611328125,"[-3.5571904, -9.329848, -8.311407, -8.609501, -4.8637953, -8.564057, -7.5532837, -3.075694]"
the writer delivered the father the beer .,a child designed a bell for an uncle .,DO,PD,DELIVER,DESIGN,THE,A,for,for,-45.81836700439453,"[-3.5571904, -6.181634, -11.32843, -2.1771202, -9.537602, -2.758628, -3.6800408, -5.5403633, -1.0573577]"
the writer delivered the father the beer .,a child designed an uncle a bell .,DO,DO,DELIVER,DESIGN,THE,A,for,for,-51.863059997558594,"[-3.5571904, -6.181634, -11.32843, -4.227812, -9.8704815, -4.8874636, -10.194297, -1.6157525]"
the writer delivered the father the beer .,a princess caught a motor for an uncle .,DO,PD,DELIVER,CATCH,THE,A,for,for,-52.808441162109375,"[-3.5571904, -10.790374, -5.215249, -3.5112076, -8.941091, -7.963826, -4.2477083, -6.529712, -2.0520852]"
the writer delivered the father the beer .,a princess caught an uncle a motor .,DO,DO,DELIVER,CATCH,THE,A,for,for,-52.95051574707031,"[-3.5571904, -10.790374, -5.215249, -5.7209415, -5.9996543, -6.255002, -9.817392, -5.5947094]"
the writer delivered the father the beer .,a guest threw a bottle to a boy .,DO,PD,DELIVER,THROW,THE,A,for,to,-45.216270446777344,"[-3.5571904, -7.787996, -15.110741, -0.65690786, -4.298111, -5.570991, -2.214937, -4.5048676, -1.5145303]"
the writer delivered the father the beer .,a guest threw a boy a bottle .,DO,DO,DELIVER,THROW,THE,A,for,to,-42.98383331298828,"[-3.5571904, -7.787996, -15.110741, -0.65690786, -6.8869867, -1.3121407, -5.09247, -2.5793986]"
the writer delivered the husband the bell .,an actor showed a chicken to a priest .,DO,PD,DELIVER,SHOW,THE,A,for,to,-44.34275817871094,"[-5.729169, -6.152236, -7.882395, -2.9129317, -8.004531, -4.29128, -0.87865907, -7.0080295, -1.4835283]"
the writer delivered the husband the bell .,an actor showed a priest a chicken .,DO,DO,DELIVER,SHOW,THE,A,for,to,-42.757286071777344,"[-5.729169, -6.152236, -7.882395, -2.9129317, -8.933422, -1.4490914, -7.2731028, -2.4249392]"
the writer delivered the husband the bell .,a guy fed a chocolate to a mayor .,DO,PD,DELIVER,FEED,THE,A,for,to,-51.43842697143555,"[-3.593097, -7.89162, -10.283517, -1.5256727, -6.455634, -5.9652753, -1.3807055, -12.279545, -2.063357]"
the writer delivered the husband the bell .,a guy fed a mayor a chocolate .,DO,DO,DELIVER,FEED,THE,A,for,to,-47.29315948486328,"[-3.593097, -7.89162, -10.283517, -1.5256727, -11.860134, -1.6579285, -5.1610203, -5.3201694]"
the writer delivered the meal for the cop .,a worker drew a log for a company .,PD,PD,DELIVER,DRAW,THE,A,for,for,-45.75849914550781,"[-3.6126165, -6.65998, -10.500231, -0.9689923, -9.534397, -3.2799447, -1.5391961, -4.427024, -5.2361197]"
the writer delivered the meal for the cop .,a worker drew a company a log .,PD,DO,DELIVER,DRAW,THE,A,for,for,-52.92229080200195,"[-3.6126165, -6.65998, -10.500231, -0.9689923, -9.717162, -7.8511133, -9.4686, -4.143595]"
the writer delivered the pie for the employee .,a prince kept a tea for a soldier .,PD,PD,DELIVER,KEEP,THE,A,for,for,-46.35515594482422,"[-3.641691, -10.953894, -8.095926, -1.8100061, -7.963457, -3.2237253, -2.4465885, -6.0553718, -2.164494]"
the writer delivered the pie for the employee .,a prince kept a soldier a tea .,PD,DO,DELIVER,KEEP,THE,A,for,for,-53.78099822998047,"[-3.641691, -10.953894, -8.095926, -1.8100061, -7.889079, -7.2570133, -10.352762, -3.7806232]"
the writer delivered the pie for the employee .,a father sent a cup to a guy .,PD,PD,DELIVER,SEND,THE,A,for,to,-44.244598388671875,"[-3.641691, -6.636999, -6.959682, -1.2867553, -8.371347, -3.8176162, -2.1290364, -7.6022005, -3.799273]"
the writer delivered the pie for the employee .,a father sent a guy a cup .,PD,DO,DELIVER,SEND,THE,A,for,to,-43.58666229248047,"[-3.641691, -6.636999, -6.959682, -1.2867553, -10.523769, -2.4778485, -5.6365595, -6.4233565]"
the writer delivered the pie for the employee .,a winner fed a cheese to a cousin .,PD,PD,DELIVER,FEED,THE,A,for,to,-49.916343688964844,"[-3.641691, -10.32071, -11.253651, -1.5650105, -7.086839, -3.5038056, -1.2431141, -9.652706, -1.6488173]"
the writer delivered the pie for the employee .,a winner fed a cousin a cheese .,PD,DO,DELIVER,FEED,THE,A,for,to,-51.2681884765625,"[-3.641691, -10.32071, -11.253651, -1.5650105, -11.286402, -3.5004597, -6.497768, -3.2024984]"
the writer delivered the pie for the employee .,an aunt caught a computer for a colonel .,PD,PD,DELIVER,CATCH,THE,A,for,for,-58.39463806152344,"[-5.741869, -8.477359, -9.090992, -2.3290849, -9.330309, -4.696756, -1.7635523, -14.09618, -2.868535]"
the writer delivered the pie for the employee .,an aunt caught a colonel a computer .,PD,DO,DELIVER,CATCH,THE,A,for,for,-63.08952331542969,"[-5.741869, -8.477359, -9.090992, -2.3290849, -14.772417, -7.250644, -10.865824, -4.561335]"
the writer delivered the pie for the employee .,a child caught a telephone for a sheriff .,PD,PD,DELIVER,CATCH,THE,A,for,for,-52.13642120361328,"[-3.641691, -6.178567, -6.871249, -5.160063, -9.540487, -6.3862014, -2.0208092, -8.701565, -3.6357868]"
the writer delivered the pie for the employee .,a child caught a sheriff a telephone .,PD,DO,DELIVER,CATCH,THE,A,for,for,-59.458038330078125,"[-3.641691, -6.178567, -6.871249, -5.160063, -10.740559, -9.004071, -11.152864, -6.708976]"
the writer delivered the pie for the employee .,an aunt threw a log to an uncle .,PD,PD,DELIVER,THROW,THE,A,for,to,-47.79744338989258,"[-5.741869, -8.477359, -8.899718, -0.65543556, -8.995965, -3.5103192, -4.333773, -4.125313, -3.0576906]"
the writer delivered the pie for the employee .,an aunt threw an uncle a log .,PD,DO,DELIVER,THROW,THE,A,for,to,-49.391319274902344,"[-5.741869, -8.477359, -8.899718, -3.3243504, -6.943934, -3.5431888, -8.795495, -3.665403]"
the writer delivered the pie for the employee .,a professor threw a salad to a student .,PD,PD,DELIVER,THROW,THE,A,for,to,-35.98910140991211,"[-3.641691, -7.241949, -8.62726, -0.6904258, -5.633276, -4.184952, -1.4582367, -1.3935678, -3.1177416]"
the writer delivered the pie for the employee .,a professor threw a student a salad .,PD,DO,DELIVER,THROW,THE,A,for,to,-37.29668426513672,"[-3.641691, -7.241949, -8.62726, -0.6904258, -5.167161, -2.5204878, -5.8976655, -3.510044]"
the writer designed the chief the instrument .,a pilot supplied a beer to a club .,DO,PD,DESIGN,SUPPLY,THE,A,for,to,-45.53167724609375,"[-3.4940743, -8.135999, -10.808385, -2.3670518, -8.381488, -0.7676715, -0.9597219, -7.5948715, -3.0224147]"
the writer designed the chief the instrument .,a pilot supplied a club a beer .,DO,DO,DESIGN,SUPPLY,THE,A,for,to,-48.513240814208984,"[-3.4940743, -8.135999, -10.808385, -2.3670518, -10.107029, -4.7440834, -6.347869, -2.5087469]"
the writer designed the instrument for the chief .,a pilot supplied a beer to a club .,PD,PD,DESIGN,SUPPLY,THE,A,for,to,-46.21872329711914,"[-3.5185788, -8.000341, -10.58194, -3.104557, -8.152891, -0.75671804, -0.92497087, -7.6119523, -3.5667725]"
the writer designed the instrument for the chief .,a pilot supplied a club a beer .,PD,DO,DESIGN,SUPPLY,THE,A,for,to,-51.030147552490234,"[-3.5185788, -8.000341, -10.58194, -3.104557, -9.6325, -6.4302564, -6.459399, -3.3025763]"
the writer drew the administration the hat .,a mother found a chocolate for an army .,DO,PD,DRAW,FIND,THE,A,for,for,-47.22399139404297,"[-3.5373244, -6.254309, -5.466235, -1.6177279, -8.452789, -6.1397524, -5.7169943, -7.436914, -2.6019435]"
the writer drew the administration the hat .,a mother found an army a chocolate .,DO,DO,DRAW,FIND,THE,A,for,for,-51.36787414550781,"[-3.5373244, -6.254309, -5.466235, -3.963675, -7.2831936, -9.385696, -11.148259, -4.329179]"
the writer drew the administration the hat .,a secretary sent a crystal to a company .,DO,PD,DRAW,SEND,THE,A,for,to,-44.53432846069336,"[-3.5373244, -10.242737, -6.6460667, -1.2229574, -9.8891945, -1.7829808, -1.4238656, -6.6571503, -3.1320527]"
the writer drew the administration the hat .,a secretary sent a company a crystal .,DO,DO,DRAW,SEND,THE,A,for,to,-45.11192321777344,"[-3.5373244, -10.242737, -6.6460667, -1.2229574, -9.086443, -1.3045591, -9.761875, -3.3099618]"
the writer drew the administration the hat .,an actor delivered a pie for a singer .,DO,PD,DRAW,DELIVER,THE,A,for,for,-46.21807861328125,"[-5.719463, -6.274371, -9.841019, -0.73153365, -9.910989, -2.581277, -1.7714896, -8.059433, -1.3285028]"
the writer drew the administration the hat .,an actor delivered a singer a pie .,DO,DO,DRAW,DELIVER,THE,A,for,for,-45.89082336425781,"[-5.719463, -6.274371, -9.841019, -0.73153365, -12.519656, -0.9915583, -8.497726, -1.3154975]"
the writer drew the anchor for the champion .,a lawyer made an engine for a secretary .,PD,PD,DRAW,MAKE,THE,A,for,for,-44.65435028076172,"[-3.5465064, -6.8656225, -7.880189, -2.6730719, -10.27323, -1.4199586, -1.4694769, -8.851472, -1.6748257]"
the writer drew the anchor for the champion .,a lawyer made a secretary an engine .,PD,DO,DRAW,MAKE,THE,A,for,for,-51.92833709716797,"[-3.5465064, -6.8656225, -7.880189, -1.1693012, -13.378726, -8.384951, -9.102144, -1.6008993]"
the writer drew the anchor for the champion .,an actress purchased an instrument for a hero .,PD,PD,DRAW,PURCHASE,THE,A,for,for,-43.71467590332031,"[-5.696543, -7.0789814, -9.904636, -2.8042753, -6.620583, -1.3007154, -1.5190551, -7.445367, -1.344519]"
the writer drew the anchor for the champion .,an actress purchased a hero an instrument .,PD,DO,DRAW,PURCHASE,THE,A,for,for,-55.479949951171875,"[-5.696543, -7.0789814, -9.904636, -0.8368881, -10.946906, -10.073369, -8.212233, -2.730393]"
the writer drew the anchor for the champion .,a soldier promised a pie to a father .,PD,PD,DRAW,PROMISE,THE,A,for,to,-46.17755889892578,"[-3.5465064, -7.4297256, -11.982, -2.180838, -9.601631, -1.2296381, -1.630889, -6.614124, -1.9622056]"
the writer drew the anchor for the champion .,a soldier promised a father a pie .,PD,DO,DRAW,PROMISE,THE,A,for,to,-43.101844787597656,"[-3.5465064, -7.4297256, -11.982, -2.180838, -6.1755934, -1.7576697, -8.327334, -1.7021741]"
the writer drew the champion the anchor .,a lawyer made an engine for a secretary .,DO,PD,DRAW,MAKE,THE,A,for,for,-47.250770568847656,"[-3.5567818, -6.9235997, -7.7035923, -2.710534, -10.498437, -2.9328992, -1.290109, -9.631794, -2.0030246]"
the writer drew the champion the anchor .,a lawyer made a secretary an engine .,DO,DO,DRAW,MAKE,THE,A,for,for,-49.73040771484375,"[-3.5567818, -6.9235997, -7.7035923, -1.2408, -13.386304, -6.339781, -9.180616, -1.3989322]"
the writer drew the champion the anchor .,an actress purchased an instrument for a hero .,DO,PD,DRAW,PURCHASE,THE,A,for,for,-46.76047134399414,"[-5.6823225, -7.1201315, -9.541769, -2.7072575, -7.1500053, -1.7439433, -1.8040125, -8.983906, -2.0271266]"
the writer drew the champion the anchor .,an actress purchased a hero an instrument .,DO,DO,DRAW,PURCHASE,THE,A,for,for,-54.6286735534668,"[-5.6823225, -7.1201315, -9.541769, -0.77916163, -11.227032, -8.995075, -8.724098, -2.559084]"
the writer drew the champion the anchor .,a soldier promised a pie to a father .,DO,PD,DRAW,PROMISE,THE,A,for,to,-46.74474334716797,"[-3.5567818, -7.535209, -11.930721, -2.1686192, -9.441242, -1.479912, -1.7607776, -6.365904, -2.5055747]"
the writer drew the champion the anchor .,a soldier promised a father a pie .,DO,DO,DRAW,PROMISE,THE,A,for,to,-42.449317932128906,"[-3.5567818, -7.535209, -11.930721, -2.1686192, -6.2148256, -1.5797606, -7.5141, -1.9493015]"
the writer drew the hat for the administration .,a mother found a chocolate for an army .,PD,PD,DRAW,FIND,THE,A,for,for,-48.22459030151367,"[-3.5684755, -6.3072724, -5.492604, -1.7157979, -8.6491995, -6.012517, -5.4285207, -7.0274916, -4.02271]"
the writer drew the hat for the administration .,a mother found an army a chocolate .,PD,DO,DRAW,FIND,THE,A,for,for,-53.92691421508789,"[-3.5684755, -6.3072724, -5.492604, -4.07824, -7.297765, -9.703016, -11.819384, -5.660158]"
the writer drew the hat for the administration .,a secretary sent a crystal to a company .,PD,PD,DRAW,SEND,THE,A,for,to,-49.41200256347656,"[-3.5684755, -9.948462, -7.2818246, -1.0663961, -10.440901, -3.5535781, -1.9794905, -6.4652205, -5.1076546]"
the writer drew the hat for the administration .,a secretary sent a company a crystal .,PD,DO,DRAW,SEND,THE,A,for,to,-51.2454833984375,"[-3.5684755, -9.948462, -7.2818246, -1.0663961, -10.41839, -2.8032367, -10.689138, -5.469559]"
the writer drew the hat for the administration .,an actor delivered a pie for a singer .,PD,PD,DRAW,DELIVER,THE,A,for,for,-47.00778579711914,"[-5.727045, -6.2606983, -9.990849, -0.66900516, -10.309558, -1.723024, -2.3732867, -8.5555, -1.3988214]"
the writer drew the hat for the administration .,an actor delivered a singer a pie .,PD,DO,DRAW,DELIVER,THE,A,for,for,-49.987648010253906,"[-5.727045, -6.2606983, -9.990849, -0.66900516, -13.436396, -3.2552948, -8.731036, -1.9173253]"
the writer drew the log for the secretary .,a doctor threw a wire to an adult .,PD,PD,DRAW,THROW,THE,A,for,to,-43.2795295715332,"[-3.560701, -7.241642, -7.866018, -0.7171689, -8.713598, -3.1220756, -3.8749352, -5.6458964, -2.537493]"
the writer drew the log for the secretary .,a doctor threw an adult a wire .,PD,DO,DRAW,THROW,THE,A,for,to,-42.807613372802734,"[-3.560701, -7.241642, -7.866018, -3.1113749, -5.739055, -4.228893, -8.984983, -2.0749464]"
the writer drew the secretary the log .,a doctor threw a wire to an adult .,DO,PD,DRAW,THROW,THE,A,for,to,-43.12657928466797,"[-3.5783567, -7.3116927, -7.589644, -0.83991003, -9.259701, -2.9954987, -3.934516, -5.470408, -2.146851]"
the writer drew the secretary the log .,a doctor threw an adult a wire .,DO,DO,DRAW,THROW,THE,A,for,to,-39.64866256713867,"[-3.5783567, -7.3116927, -7.589644, -3.2128348, -5.1414967, -2.4711323, -8.99255, -1.3509556]"
the writer fed the cheese to the cop .,a candidate brought a chocolate to a man .,PD,PD,FEED,BRING,THE,A,to,to,-44.61466598510742,"[-3.593686, -8.521617, -9.692328, -1.5045313, -7.693308, -3.2626252, -1.1065347, -5.0261564, -4.21388]"
the writer fed the cheese to the cop .,a candidate brought a man a chocolate .,PD,DO,FEED,BRING,THE,A,to,to,-46.768272399902344,"[-3.593686, -8.521617, -9.692328, -1.5045313, -5.3109503, -5.849175, -6.5530133, -5.742972]"
the writer fed the cop the cheese .,a candidate brought a chocolate to a man .,DO,PD,FEED,BRING,THE,A,to,to,-44.68852233886719,"[-3.5891504, -8.714757, -8.845955, -1.3648399, -7.821327, -4.6292543, -1.2012458, -4.9921227, -3.5298717]"
the writer fed the cop the cheese .,a candidate brought a man a chocolate .,DO,DO,FEED,BRING,THE,A,to,to,-43.19810104370117,"[-3.5891504, -8.714757, -8.845955, -1.3648399, -4.943165, -4.9471292, -6.3305416, -4.4625635]"
the writer found the administration the gun .,an adult made a motor for a corporation .,DO,PD,FIND,MAKE,THE,A,for,for,-52.002227783203125,"[-5.702717, -6.6740046, -7.1111774, -0.93710953, -9.994654, -7.459826, -1.3924954, -11.145942, -1.5843036]"
the writer found the administration the gun .,an adult made a corporation a motor .,DO,DO,FIND,MAKE,THE,A,for,for,-54.85247039794922,"[-5.702717, -6.6740046, -7.1111774, -0.93710953, -13.108979, -4.4102244, -9.357035, -7.5512266]"
the writer found the administration the gun .,a soldier bought a meal for a candidate .,DO,PD,FIND,BUY,THE,A,for,for,-45.59230041503906,"[-3.491143, -7.579114, -9.7065325, -0.5632443, -8.237748, -1.240785, -1.6776197, -9.299992, -3.796122]"
the writer found the administration the gun .,a soldier bought a candidate a meal .,DO,DO,FIND,BUY,THE,A,for,for,-46.04027557373047,"[-3.491143, -7.579114, -9.7065325, -0.5632443, -12.520075, -3.4277005, -6.01114, -2.7413244]"
the writer found the chocolate for the friend .,a sheriff sent a bottle to a brother .,PD,PD,FIND,SEND,THE,A,for,to,-45.81821823120117,"[-3.5413291, -8.699321, -8.514795, -0.9395011, -9.145182, -3.0560787, -0.6810453, -7.15594, -4.0850267]"
the writer found the chocolate for the friend .,a sheriff sent a brother a bottle .,PD,DO,FIND,SEND,THE,A,for,to,-48.04573059082031,"[-3.5413291, -8.699321, -8.514795, -0.9395011, -9.563233, -3.9368677, -6.14204, -6.708641]"
the writer found the friend the chocolate .,a sheriff sent a bottle to a brother .,DO,PD,FIND,SEND,THE,A,for,to,-45.36922073364258,"[-3.5404253, -8.655088, -8.439992, -0.872979, -8.9162445, -2.890694, -0.7548455, -7.2657003, -4.033252]"
the writer found the friend the chocolate .,a sheriff sent a brother a bottle .,DO,DO,FIND,SEND,THE,A,for,to,-45.16966247558594,"[-3.5404253, -8.655088, -8.439992, -0.872979, -9.647784, -2.659522, -5.441264, -5.912606]"
the writer found the gun for the administration .,an adult made a motor for a corporation .,PD,PD,FIND,MAKE,THE,A,for,for,-51.081451416015625,"[-5.7013597, -6.566455, -6.970772, -0.9307031, -10.498674, -6.9920506, -1.6212283, -10.076159, -1.7240515]"
the writer found the gun for the administration .,an adult made a corporation a motor .,PD,DO,FIND,MAKE,THE,A,for,for,-59.35966491699219,"[-5.7013597, -6.566455, -6.970772, -0.9307031, -13.903589, -6.0909996, -10.867334, -8.328454]"
the writer found the gun for the administration .,a soldier bought a meal for a candidate .,PD,PD,FIND,BUY,THE,A,for,for,-44.3891487121582,"[-3.4719698, -7.418012, -9.698796, -0.7085569, -8.45151, -0.49594396, -1.4818224, -8.35089, -4.311648]"
the writer found the gun for the administration .,a soldier bought a candidate a meal .,PD,DO,FIND,BUY,THE,A,for,for,-49.69590759277344,"[-3.4719698, -7.418012, -9.698796, -0.7085569, -12.320893, -6.7836533, -5.635269, -3.6587563]"
the writer gave the army the beer .,a nurse purchased a pie for a professor .,DO,PD,GIVE,PURCHASE,THE,A,to,for,-47.369293212890625,"[-3.497118, -7.9576864, -11.309921, -0.6658286, -9.322174, -1.7737522, -1.7291563, -9.163887, -1.94977]"
the writer gave the army the beer .,a nurse purchased a professor a pie .,DO,DO,GIVE,PURCHASE,THE,A,to,for,-50.63583755493164,"[-3.497118, -7.9576864, -11.309921, -0.6658286, -12.260555, -5.770288, -7.5571823, -1.6172585]"
the writer gave the army the beer .,a priest bought a coffee for a woman .,DO,PD,GIVE,BUY,THE,A,to,for,-39.124229431152344,"[-3.497118, -8.143408, -9.852619, -0.5707921, -6.320523, -2.506095, -1.3621825, -4.2055435, -2.6659489]"
the writer gave the army the beer .,a priest bought a woman a coffee .,DO,DO,GIVE,BUY,THE,A,to,for,-34.98489761352539,"[-3.497118, -8.143408, -9.852619, -0.5707921, -5.2936997, -1.1210692, -4.8894806, -1.61671]"
the writer gave the beer to the army .,a nurse purchased a pie for a professor .,PD,PD,GIVE,PURCHASE,THE,A,to,for,-47.491127014160156,"[-3.4916263, -8.146774, -11.381719, -0.67857903, -9.564692, -1.5813338, -1.909556, -8.94861, -1.7882358]"
the writer gave the beer to the army .,a nurse purchased a professor a pie .,PD,DO,GIVE,PURCHASE,THE,A,to,for,-52.73417282104492,"[-3.4916263, -8.146774, -11.381719, -0.67857903, -12.209154, -6.505086, -8.054946, -2.2662847]"
the writer gave the beer to the army .,a priest bought a coffee for a woman .,PD,PD,GIVE,BUY,THE,A,to,for,-40.6875,"[-3.4916263, -8.220208, -9.948844, -0.6045392, -6.622217, -2.3592672, -1.7843802, -5.1216393, -2.5347786]"
the writer gave the beer to the army .,a priest bought a woman a coffee .,PD,DO,GIVE,BUY,THE,A,to,for,-37.841304779052734,"[-3.4916263, -8.220208, -9.948844, -0.6045392, -5.8461475, -1.7268691, -5.6479197, -2.3551512]"
the writer gave the captain the cheese .,a king caught a book for a leader .,DO,PD,GIVE,CATCH,THE,A,to,for,-46.071937561035156,"[-3.523583, -9.775012, -5.754637, -2.3025672, -8.67661, -4.318654, -2.1826563, -8.467813, -1.0704038]"
the writer gave the captain the cheese .,a king caught a leader a book .,DO,DO,GIVE,CATCH,THE,A,to,for,-46.649574279785156,"[-3.523583, -9.775012, -5.754637, -2.3025672, -9.792889, -6.097837, -8.047888, -1.35516]"
the writer gave the captain the cheese .,a son threw a coffee to a minister .,DO,PD,GIVE,THROW,THE,A,to,to,-45.42613220214844,"[-3.523583, -8.607748, -8.888167, -0.5517762, -7.498847, -3.8763115, -1.6253169, -8.56582, -2.2885633]"
the writer gave the captain the cheese .,a son threw a minister a coffee .,DO,DO,GIVE,THROW,THE,A,to,to,-43.99236297607422,"[-3.523583, -8.607748, -8.888167, -0.5517762, -12.345291, -2.7286377, -5.822629, -1.5245308]"
the writer gave the cheese to the captain .,a king caught a book for a leader .,PD,PD,GIVE,CATCH,THE,A,to,for,-46.193790435791016,"[-3.541448, -9.669436, -5.946156, -2.7573593, -8.54068, -4.2537265, -2.1667023, -8.048191, -1.270092]"
the writer gave the cheese to the captain .,a king caught a leader a book .,PD,DO,GIVE,CATCH,THE,A,to,for,-48.0452880859375,"[-3.541448, -9.669436, -5.946156, -2.7573593, -9.520729, -6.5153794, -8.2748375, -1.8199441]"
the writer gave the cheese to the captain .,a son threw a coffee to a minister .,PD,PD,GIVE,THROW,THE,A,to,to,-42.658355712890625,"[-3.541448, -8.584797, -9.229511, -0.52824295, -7.5953507, -2.6563468, -1.3035538, -7.472452, -1.7466522]"
the writer gave the cheese to the captain .,a son threw a minister a coffee .,PD,DO,GIVE,THROW,THE,A,to,to,-47.16887664794922,"[-3.541448, -8.584797, -9.229511, -0.52824295, -12.774839, -3.74246, -6.3452873, -2.4222927]"
the writer gave the hero the jacket .,a buddy threw a candy to a king .,DO,PD,GIVE,THROW,THE,A,to,to,-47.105804443359375,"[-3.5048966, -10.8748665, -8.134834, -0.57429075, -7.7275267, -4.8881426, -1.9917549, -8.627744, -0.7817448]"
the writer gave the hero the jacket .,a buddy threw a king a candy .,DO,DO,GIVE,THROW,THE,A,to,to,-50.20441818237305,"[-3.5048966, -10.8748665, -8.134834, -0.57429075, -12.043059, -4.413386, -8.1021805, -2.5569043]"
the writer gave the jacket to the hero .,a buddy threw a candy to a king .,PD,PD,GIVE,THROW,THE,A,to,to,-44.47925567626953,"[-3.4983025, -10.684495, -8.163175, -0.57939714, -7.5797353, -3.7219095, -1.5178455, -7.95459, -0.77980894]"
the writer gave the jacket to the hero .,a buddy threw a king a candy .,PD,DO,GIVE,THROW,THE,A,to,to,-50.858253479003906,"[-3.4983025, -10.684495, -8.163175, -0.57939714, -11.885025, -5.2561793, -8.19861, -2.5930703]"
the writer got the band the key .,a mother drew a crystal for a colonel .,DO,PD,GET,DRAW,THE,A,for,for,-52.844486236572266,"[-3.4738245, -6.3213644, -9.601825, -0.8559916, -9.460742, -4.009863, -1.258212, -16.712826, -1.1498384]"
the writer got the band the key .,a mother drew a colonel a crystal .,DO,DO,GET,DRAW,THE,A,for,for,-52.31989288330078,"[-3.4738245, -6.3213644, -9.601825, -0.8559916, -15.45794, -4.8426657, -9.532516, -2.2337637]"
the writer got the band the key .,an adult purchased a beer for a husband .,DO,PD,GET,PURCHASE,THE,A,for,for,-44.87434387207031,"[-5.721037, -6.584505, -11.121137, -0.9833597, -5.883046, -2.5315447, -1.6491712, -8.7983885, -1.6021532]"
the writer got the band the key .,an adult purchased a husband a beer .,DO,DO,GET,PURCHASE,THE,A,for,for,-43.37639236450195,"[-5.721037, -6.584505, -11.121137, -0.9833597, -10.489374, -2.7930841, -4.2202196, -1.463677]"
the writer got the band the key .,an actress sent a beer to a company .,DO,PD,GET,SEND,THE,A,for,to,-43.80986022949219,"[-5.721037, -7.1176205, -7.8409867, -1.0676533, -9.33457, -0.50162023, -1.3323966, -7.8769274, -3.0170481]"
the writer got the band the key .,an actress sent a company a beer .,DO,DO,GET,SEND,THE,A,for,to,-42.3193359375,"[-5.721037, -7.1176205, -7.8409867, -1.0676533, -9.238615, -1.0581245, -8.475681, -1.7996187]"
the writer got the band the key .,an actor delivered a cheese for a soldier .,DO,PD,GET,DELIVER,THE,A,for,for,-48.96533966064453,"[-5.721037, -5.892915, -10.325667, -0.7929951, -11.798937, -4.4826508, -1.8832009, -6.977574, -1.0903631]"
the writer got the band the key .,an actor delivered a soldier a cheese .,DO,DO,GET,DELIVER,THE,A,for,for,-46.67341613769531,"[-5.721037, -5.892915, -10.325667, -0.7929951, -10.686695, -1.0615767, -9.916897, -2.2756345]"
the writer got the band the key .,a princess threw an iron to an employer .,DO,PD,GET,THROW,THE,A,for,to,-50.42897033691406,"[-3.4738245, -11.126274, -8.728417, -3.3137288, -4.717781, -3.2348952, -4.2632003, -9.711704, -1.8591427]"
the writer got the band the key .,a princess threw an employer an iron .,DO,DO,GET,THROW,THE,A,for,to,-51.23001480102539,"[-3.4738245, -11.126274, -8.728417, -3.3137288, -12.935139, -4.18075, -5.859709, -1.6121707]"
the writer got the bell for the corporation .,an adult found a salad for a band .,PD,PD,GET,FIND,THE,A,for,for,-48.465797424316406,"[-5.7387104, -6.4533267, -7.05142, -2.1366565, -11.246289, -3.4100623, -2.136159, -8.020014, -2.2731605]"
the writer got the bell for the corporation .,an adult found a band a salad .,PD,DO,GET,FIND,THE,A,for,for,-53.97184753417969,"[-5.7387104, -6.4533267, -7.05142, -2.1366565, -8.935456, -8.43394, -12.375811, -2.8465252]"
the writer got the coffee for the guy .,a guest threw a bottle to a boy .,PD,PD,GET,THROW,THE,A,for,to,-44.06992721557617,"[-3.524288, -7.6063757, -14.448327, -0.82668626, -5.032528, -5.243641, -1.8952807, -4.550188, -0.94261175]"
the writer got the coffee for the guy .,a guest threw a boy a bottle .,PD,DO,GET,THROW,THE,A,for,to,-45.44384765625,"[-3.524288, -7.6063757, -14.448327, -0.82668626, -8.704262, -1.4932545, -6.2721176, -2.5685349]"
the writer got the corporation the bell .,an adult found a salad for a band .,DO,PD,GET,FIND,THE,A,for,for,-50.227134704589844,"[-5.721482, -6.5183315, -6.8823833, -2.0785437, -11.092884, -3.9767344, -2.4256005, -8.522682, -3.0084915]"
the writer got the corporation the bell .,an adult found a band a salad .,DO,DO,GET,FIND,THE,A,for,for,-51.00286102294922,"[-5.721482, -6.5183315, -6.8823833, -2.0785437, -8.739118, -7.982602, -10.768067, -2.3123322]"
the writer got the guest the meal .,a mayor sent a chocolate to an employee .,DO,PD,GET,SEND,THE,A,for,to,-47.50933074951172,"[-3.5239544, -10.58082, -7.8354826, -0.831185, -9.756105, -4.958058, -3.556672, -3.5097828, -2.9572697]"
the writer got the guest the meal .,a mayor sent an employee a chocolate .,DO,DO,GET,SEND,THE,A,for,to,-45.44688415527344,"[-3.5239544, -10.58082, -7.8354826, -2.786244, -6.58336, -2.3008235, -5.789046, -6.0471535]"
the writer got the guy the coffee .,a guest threw a bottle to a boy .,DO,PD,GET,THROW,THE,A,for,to,-44.114906311035156,"[-3.5316496, -7.528989, -13.954423, -0.94824696, -4.719042, -5.373684, -2.1846938, -4.7520003, -1.1221778]"
the writer got the guy the coffee .,a guest threw a boy a bottle .,DO,DO,GET,THROW,THE,A,for,to,-42.467529296875,"[-3.5316496, -7.528989, -13.954423, -0.94824696, -8.195018, -0.4874586, -5.5559483, -2.2657967]"
the writer got the key for the band .,a mother drew a crystal for a colonel .,PD,PD,GET,DRAW,THE,A,for,for,-52.83357238769531,"[-3.4816084, -6.2097044, -9.671293, -0.8901296, -9.228727, -3.5826495, -1.5482936, -16.881887, -1.3392762]"
the writer got the key for the band .,a mother drew a colonel a crystal .,PD,DO,GET,DRAW,THE,A,for,for,-56.28364562988281,"[-3.4816084, -6.2097044, -9.671293, -0.8901296, -16.131805, -6.917453, -10.080093, -2.901559]"
the writer got the key for the band .,an adult purchased a beer for a husband .,PD,PD,GET,PURCHASE,THE,A,for,for,-43.8863639831543,"[-5.710993, -6.534396, -11.122053, -0.9488634, -5.7424965, -1.8723092, -1.592217, -8.331975, -2.0310612]"
the writer got the key for the band .,an adult purchased a husband a beer .,PD,DO,GET,PURCHASE,THE,A,for,for,-46.97190475463867,"[-5.710993, -6.534396, -11.122053, -0.9488634, -10.142477, -5.8827553, -4.486325, -2.1440425]"
the writer got the key for the band .,an actress sent a beer to a company .,PD,PD,GET,SEND,THE,A,for,to,-45.419654846191406,"[-5.710993, -7.138978, -7.8743534, -1.0007312, -10.1593895, -0.7023854, -1.4908338, -7.5471535, -3.7948384]"
the writer got the key for the band .,an actress sent a company a beer .,PD,DO,GET,SEND,THE,A,for,to,-45.10024642944336,"[-5.710993, -7.138978, -7.8743534, -1.0007312, -9.516608, -2.1950002, -9.246633, -2.4169497]"
the writer got the key for the band .,an actor delivered a cheese for a soldier .,PD,PD,GET,DELIVER,THE,A,for,for,-50.48152542114258,"[-5.710993, -5.965582, -10.303874, -0.8617509, -12.758941, -4.5563707, -2.3344538, -6.754908, -1.234651]"
the writer got the key for the band .,an actor delivered a soldier a cheese .,PD,DO,GET,DELIVER,THE,A,for,for,-50.27128601074219,"[-5.710993, -5.965582, -10.303874, -0.8617509, -11.190058, -2.7522295, -10.464095, -3.0227027]"
the writer got the key for the band .,a princess threw an iron to an employer .,PD,PD,GET,THROW,THE,A,for,to,-51.31794738769531,"[-3.4816084, -11.315938, -8.786837, -3.3386657, -4.8264546, -3.5348403, -4.4282436, -9.802323, -1.8030359]"
the writer got the key for the band .,a princess threw an employer an iron .,PD,DO,GET,THROW,THE,A,for,to,-54.11328887939453,"[-3.4816084, -11.315938, -8.786837, -3.3386657, -12.911116, -5.3930464, -6.192208, -2.693871]"
the writer got the meal for the guest .,a mayor sent a chocolate to an employee .,PD,PD,GET,SEND,THE,A,for,to,-47.73691940307617,"[-3.5096765, -10.622533, -8.000974, -0.7792388, -9.68389, -4.703353, -3.3718731, -3.8663538, -3.1990275]"
the writer got the meal for the guest .,a mayor sent an employee a chocolate .,PD,DO,GET,SEND,THE,A,for,to,-48.036651611328125,"[-3.5096765, -10.622533, -8.000974, -2.8787165, -7.069513, -3.294902, -6.201964, -6.4583745]"
the writer kept the administration the instrument .,a husband purchased a bowl for a business .,DO,PD,KEEP,PURCHASE,THE,A,for,for,-48.26260757446289,"[-3.5296693, -8.696415, -12.054547, -0.6006145, -8.796746, -4.149129, -2.3272343, -5.9072084, -2.2010436]"
the writer kept the administration the instrument .,a husband purchased a business a bowl .,DO,DO,KEEP,PURCHASE,THE,A,for,for,-53.09900665283203,"[-3.5296693, -8.696415, -12.054547, -0.6006145, -6.6000376, -6.022297, -10.812183, -4.7832446]"
the writer kept the administration the instrument .,a doctor sent a tea to a father .,DO,PD,KEEP,SEND,THE,A,for,to,-39.87039566040039,"[-3.5296693, -7.329006, -6.490365, -1.2224222, -9.885577, -1.5554626, -0.9277011, -6.339337, -2.590855]"
the writer kept the administration the instrument .,a doctor sent a father a tea .,DO,DO,KEEP,SEND,THE,A,for,to,-40.086517333984375,"[-3.5296693, -7.329006, -6.490365, -1.2224222, -8.420456, -2.2837803, -8.422882, -2.387939]"
the writer kept the administration the newspaper .,an opponent promised a juice to an employer .,DO,PD,KEEP,PROMISE,THE,A,for,to,-57.21137237548828,"[-5.6968703, -8.379505, -10.838482, -2.2436962, -11.846935, -3.9353242, -5.190367, -7.6514516, -1.428743]"
the writer kept the administration the newspaper .,an opponent promised an employer a juice .,DO,DO,KEEP,PROMISE,THE,A,for,to,-54.73053741455078,"[-5.6968703, -8.379505, -10.838482, -3.8610497, -8.560149, -1.8334177, -12.017885, -3.5431793]"
the writer kept the band the card .,a reader drew a gun for an employer .,DO,PD,KEEP,DRAW,THE,A,for,for,-46.24113464355469,"[-3.504355, -6.3890657, -9.693243, -1.2131095, -7.0587516, -5.038903, -4.5536165, -7.399253, -1.390837]"
the writer kept the band the card .,a reader drew an employer a gun .,DO,DO,KEEP,DRAW,THE,A,for,for,-45.21982192993164,"[-3.504355, -6.3890657, -9.693243, -3.4532485, -12.867351, -1.6598563, -6.458763, -1.1939396]"
the writer kept the band the card .,a leader got a salad for a king .,DO,PD,KEEP,GET,THE,A,for,for,-48.253456115722656,"[-3.504355, -8.208658, -10.24214, -1.0911376, -12.125277, -2.6472874, -2.473661, -7.305512, -0.6554297]"
the writer kept the band the card .,a leader got a king a salad .,DO,DO,KEEP,GET,THE,A,for,for,-49.87453079223633,"[-3.504355, -8.208658, -10.24214, -1.0911376, -10.435276, -4.7370706, -10.585868, -1.0700264]"
the writer kept the card for the band .,a reader drew a gun for an employer .,PD,PD,KEEP,DRAW,THE,A,for,for,-46.059173583984375,"[-3.520314, -6.4188557, -10.030241, -1.330851, -7.401221, -4.415694, -4.591613, -6.998727, -1.3516577]"
the writer kept the card for the band .,a reader drew an employer a gun .,PD,DO,KEEP,DRAW,THE,A,for,for,-49.238216400146484,"[-3.520314, -6.4188557, -10.030241, -3.5128121, -12.71079, -4.1271505, -7.2294636, -1.6885891]"
the writer kept the card for the band .,a leader got a salad for a king .,PD,PD,KEEP,GET,THE,A,for,for,-49.858863830566406,"[-3.520314, -8.159585, -11.4893055, -0.9895164, -12.222298, -1.930547, -2.4510298, -8.287909, -0.80835986]"
the writer kept the card for the band .,a leader got a king a salad .,PD,DO,KEEP,GET,THE,A,for,for,-54.69997024536133,"[-3.520314, -8.159585, -11.4893055, -0.9895164, -10.968111, -6.061968, -11.956474, -1.5546943]"
the writer kept the child the coffee .,an attorney designed a flower for an opponent .,DO,PD,KEEP,DESIGN,THE,A,for,for,-45.637001037597656,"[-5.676532, -5.5058637, -11.1782875, -1.3079948, -9.133926, -1.9261875, -3.449126, -6.3899064, -1.0691783]"
the writer kept the child the coffee .,an attorney designed an opponent a flower .,DO,DO,KEEP,DESIGN,THE,A,for,for,-49.16053771972656,"[-5.676532, -5.5058637, -11.1782875, -3.2493382, -8.3005, -5.7189627, -8.4583645, -1.0726894]"
the writer kept the child the coffee .,a friend promised a pot to a champion .,DO,PD,KEEP,PROMISE,THE,A,for,to,-47.95435333251953,"[-3.5126429, -6.0721664, -9.588466, -2.9062343, -6.606906, -4.892296, -2.579152, -10.757996, -1.0384972]"
the writer kept the child the coffee .,a friend promised a champion a pot .,DO,DO,KEEP,PROMISE,THE,A,for,to,-46.58001708984375,"[-3.5126429, -6.0721664, -9.588466, -2.9062343, -10.330112, -3.335308, -7.7633877, -3.0716977]"
the writer kept the chocolate for the girl .,a boy purchased a candy for a club .,PD,PD,KEEP,PURCHASE,THE,A,for,for,-41.90129089355469,"[-3.5220215, -6.7639856, -11.076821, -0.575264, -6.289053, -0.6520825, -1.6711935, -9.027337, -2.3235302]"
the writer kept the chocolate for the girl .,a boy purchased a club a candy .,PD,DO,KEEP,PURCHASE,THE,A,for,for,-50.82155990600586,"[-3.5220215, -6.7639856, -11.076821, -0.575264, -9.249594, -6.443058, -8.395967, -4.7948513]"
the writer kept the chocolate for the girl .,an adult bought a salad for a teacher .,PD,PD,KEEP,BUY,THE,A,for,for,-42.977054595947266,"[-5.6656113, -6.2861195, -9.259715, -0.7672075, -9.2112055, -0.9956425, -1.5847087, -7.8774514, -1.3293937]"
the writer kept the chocolate for the girl .,an adult bought a teacher a salad .,PD,DO,KEEP,BUY,THE,A,for,for,-45.14930725097656,"[-5.6656113, -6.2861195, -9.259715, -0.7672075, -9.946104, -2.3979216, -8.2309065, -2.5957227]"
the writer kept the coffee for the child .,an attorney designed a flower for an opponent .,PD,PD,KEEP,DESIGN,THE,A,for,for,-45.25017166137695,"[-5.6810274, -5.5322857, -11.342568, -1.4265176, -9.144869, -1.07343, -3.414086, -6.5840735, -1.051316]"
the writer kept the coffee for the child .,an attorney designed an opponent a flower .,PD,DO,KEEP,DESIGN,THE,A,for,for,-52.57352066040039,"[-5.6810274, -5.5322857, -11.342568, -3.3645554, -8.456829, -7.2588563, -9.226854, -1.7105447]"
the writer kept the coffee for the child .,a friend promised a pot to a champion .,PD,PD,KEEP,PROMISE,THE,A,for,to,-46.72101974487305,"[-3.501479, -6.0715322, -9.614869, -2.821232, -6.370513, -3.8071916, -2.2557487, -11.102955, -1.175501]"
the writer kept the coffee for the child .,a friend promised a champion a pot .,PD,DO,KEEP,PROMISE,THE,A,for,to,-48.896907806396484,"[-3.501479, -6.0715322, -9.614869, -2.821232, -10.365288, -5.0653124, -8.084213, -3.3729813]"
the writer kept the company the meal .,a nurse gave a juice to a physician .,DO,PD,KEEP,GIVE,THE,A,for,to,-44.33098602294922,"[-3.5323405, -8.046686, -5.8906364, -1.274767, -12.072208, -0.40824112, -0.5926906, -10.266519, -2.2468987]"
the writer kept the company the meal .,a nurse gave a physician a juice .,DO,DO,KEEP,GIVE,THE,A,for,to,-39.64542007446289,"[-3.5323405, -8.046686, -5.8906364, -1.274767, -9.25203, -0.8131477, -8.898152, -1.9376585]"
the writer kept the girl the chocolate .,a boy purchased a candy for a club .,DO,PD,KEEP,PURCHASE,THE,A,for,for,-41.156333923339844,"[-3.5242684, -6.6135874, -11.012162, -0.5107585, -5.8469105, -2.0619016, -1.9070442, -7.8907967, -1.7889061]"
the writer kept the girl the chocolate .,a boy purchased a club a candy .,DO,DO,KEEP,PURCHASE,THE,A,for,for,-44.42035675048828,"[-3.5242684, -6.6135874, -11.012162, -0.5107585, -9.254414, -5.1561155, -6.227443, -2.1216085]"
the writer kept the girl the chocolate .,an adult bought a salad for a teacher .,DO,PD,KEEP,BUY,THE,A,for,for,-44.80430603027344,"[-5.652858, -6.208104, -9.667615, -0.81322837, -9.502035, -2.004982, -1.8703072, -7.9561834, -1.1289932]"
the writer kept the girl the chocolate .,an adult bought a teacher a salad .,DO,DO,KEEP,BUY,THE,A,for,for,-42.41179656982422,"[-5.652858, -6.208104, -9.667615, -0.81322837, -9.602887, -0.9158504, -8.135368, -1.415886]"
the writer kept the instrument for the administration .,a husband purchased a bowl for a business .,PD,PD,KEEP,PURCHASE,THE,A,for,for,-47.54060363769531,"[-3.534625, -8.544117, -12.478804, -0.5402889, -8.517648, -3.9196892, -2.484997, -5.575509, -1.9449272]"
the writer kept the instrument for the administration .,a husband purchased a business a bowl .,PD,DO,KEEP,PURCHASE,THE,A,for,for,-57.91196823120117,"[-3.534625, -8.544117, -12.478804, -0.5402889, -6.8702116, -6.255758, -12.871853, -6.8163085]"
the writer kept the instrument for the administration .,a doctor sent a tea to a father .,PD,PD,KEEP,SEND,THE,A,for,to,-40.294166564941406,"[-3.534625, -7.1668854, -6.7233095, -1.5205019, -10.200464, -1.0539194, -0.9941355, -6.220996, -2.879331]"
the writer kept the instrument for the administration .,a doctor sent a father a tea .,PD,DO,KEEP,SEND,THE,A,for,to,-42.78868865966797,"[-3.534625, -7.1668854, -6.7233095, -1.5205019, -9.4555855, -3.0168083, -8.407836, -2.9631345]"
the writer kept the meal for the company .,a nurse gave a juice to a physician .,PD,PD,KEEP,GIVE,THE,A,for,to,-43.25408172607422,"[-3.5144467, -7.897421, -5.7556043, -1.2396753, -11.63124, -0.36119255, -0.63026625, -10.212166, -2.0120707]"
the writer kept the meal for the company .,a nurse gave a physician a juice .,PD,DO,KEEP,GIVE,THE,A,for,to,-40.14496612548828,"[-3.5144467, -7.897421, -5.7556043, -1.2396753, -9.62608, -0.8895458, -8.442392, -2.779802]"
the writer kept the newspaper for the administration .,an opponent promised a juice to an employer .,PD,PD,KEEP,PROMISE,THE,A,for,to,-59.071617126464844,"[-5.6628265, -8.361329, -11.654208, -2.2555404, -12.482831, -3.6447883, -5.190237, -7.9328456, -1.8870126]"
the writer kept the newspaper for the administration .,an opponent promised an employer a juice .,PD,DO,KEEP,PROMISE,THE,A,for,to,-57.86186981201172,"[-5.6628265, -8.361329, -11.654208, -3.8979993, -9.095275, -2.180804, -12.529946, -4.4794793]"
the writer kept the telephone for the winner .,a princess brought a coffee to an adult .,PD,PD,KEEP,BRING,THE,A,for,to,-42.52658462524414,"[-3.5336237, -11.0518055, -7.4921865, -1.682499, -7.529701, -0.9729121, -4.2652707, -4.7632856, -1.2353005]"
the writer kept the telephone for the winner .,a princess brought an adult a coffee .,PD,DO,KEEP,BRING,THE,A,for,to,-45.85466384887695,"[-3.5336237, -11.0518055, -7.4921865, -4.071516, -5.8439236, -5.934643, -6.8002243, -1.1267403]"
the writer kept the telephone for the winner .,a man gave a card to an opponent .,PD,PD,KEEP,GIVE,THE,A,for,to,-34.82038116455078,"[-3.5336237, -2.870767, -7.4577217, -0.90761375, -9.58918, -0.16192137, -2.7646208, -5.364799, -2.1701343]"
the writer kept the telephone for the winner .,a man gave an opponent a card .,PD,DO,KEEP,GIVE,THE,A,for,to,-35.62615966796875,"[-3.5336237, -2.870767, -7.4577217, -2.995184, -8.717721, -0.62452537, -6.7125154, -2.7141042]"
the writer kept the telephone for the winner .,an actress sent a beer to a company .,PD,PD,KEEP,SEND,THE,A,for,to,-47.30793762207031,"[-5.726742, -7.30755, -8.299635, -1.0495207, -10.550188, -0.64029896, -1.2689447, -8.079444, -4.3856173]"
the writer kept the telephone for the winner .,an actress sent a company a beer .,PD,DO,KEEP,SEND,THE,A,for,to,-48.340538024902344,"[-5.726742, -7.30755, -8.299635, -1.0495207, -10.389097, -3.3200889, -9.256501, -2.991405]"
the writer kept the telephone for the winner .,a princess sent a salad to a club .,PD,PD,KEEP,SEND,THE,A,for,to,-46.93736267089844,"[-3.5336237, -11.0518055, -6.725816, -1.7859508, -11.881507, -1.007081, -1.4381007, -7.803317, -1.7101617]"
the writer kept the telephone for the winner .,a princess sent a club a salad .,PD,DO,KEEP,SEND,THE,A,for,to,-50.45380401611328,"[-3.5336237, -11.0518055, -6.725816, -1.7859508, -9.925204, -4.6838713, -10.868782, -1.8787507]"
the writer kept the winner the telephone .,a princess brought a coffee to an adult .,DO,PD,KEEP,BRING,THE,A,for,to,-43.07012939453125,"[-3.5543234, -10.857687, -7.523361, -1.6636684, -7.7251573, -0.83402276, -4.1577578, -5.172533, -1.5816185]"
the writer kept the winner the telephone .,a princess brought an adult a coffee .,DO,DO,KEEP,BRING,THE,A,for,to,-44.08469009399414,"[-3.5543234, -10.857687, -7.523361, -3.9284294, -5.6826177, -5.505185, -5.913934, -1.1191514]"
the writer kept the winner the telephone .,a man gave a card to an opponent .,DO,PD,KEEP,GIVE,THE,A,for,to,-36.50212860107422,"[-3.5543234, -2.989052, -7.361699, -1.13015, -10.434451, -0.2169366, -2.5986567, -5.1644034, -3.0524588]"
the writer kept the winner the telephone .,a man gave an opponent a card .,DO,DO,KEEP,GIVE,THE,A,for,to,-36.25108337402344,"[-3.5543234, -2.989052, -7.361699, -3.068428, -8.268409, -0.802453, -7.110533, -3.0961852]"
the writer kept the winner the telephone .,an actress sent a beer to a company .,DO,PD,KEEP,SEND,THE,A,for,to,-48.005680084228516,"[-5.715497, -7.2743015, -8.035536, -1.0641265, -10.567031, -0.8647237, -1.4074174, -7.9517517, -5.1252937]"
the writer kept the winner the telephone .,an actress sent a company a beer .,DO,DO,KEEP,SEND,THE,A,for,to,-46.53337860107422,"[-5.715497, -7.2743015, -8.035536, -1.0641265, -10.264933, -2.2780209, -9.091452, -2.8095114]"
the writer kept the winner the telephone .,a princess sent a salad to a club .,DO,PD,KEEP,SEND,THE,A,for,to,-46.121585845947266,"[-3.5543234, -10.857687, -6.654603, -1.6400982, -11.310745, -1.0942273, -1.556698, -7.356494, -2.096708]"
the writer kept the winner the telephone .,a princess sent a club a salad .,DO,DO,KEEP,SEND,THE,A,for,to,-47.624366760253906,"[-3.5543234, -10.857687, -6.654603, -1.6400982, -10.015325, -2.7519083, -10.217268, -1.9331547]"
the writer left the business the cheese .,a secretary sent a crystal to a company .,DO,PD,LEAVE,SEND,THE,A,for,to,-48.68822479248047,"[-3.5146265, -10.740939, -7.857465, -0.9088923, -10.077631, -4.3137836, -1.4582546, -6.209892, -3.6067388]"
the writer left the business the cheese .,a secretary sent a company a crystal .,DO,DO,LEAVE,SEND,THE,A,for,to,-48.76813888549805,"[-3.5146265, -10.740939, -7.857465, -0.9088923, -9.403926, -1.7855319, -10.24392, -4.3128376]"
the writer left the business the cheese .,a princess sent a salad to a club .,DO,PD,LEAVE,SEND,THE,A,for,to,-45.22206115722656,"[-3.5146265, -11.251224, -7.0050015, -1.4624891, -10.791348, -1.0506742, -1.4661491, -7.344722, -1.3358253]"
the writer left the business the cheese .,a princess sent a club a salad .,DO,DO,LEAVE,SEND,THE,A,for,to,-45.819664001464844,"[-3.5146265, -11.251224, -7.0050015, -1.4624891, -9.671983, -2.9047356, -8.971014, -1.0385883]"
the writer left the cheese for the business .,a secretary sent a crystal to a company .,PD,PD,LEAVE,SEND,THE,A,for,to,-46.4190559387207,"[-3.5016708, -10.825397, -7.493844, -1.0081594, -10.244884, -2.7561097, -1.4745014, -5.6446524, -3.4698367]"
the writer left the cheese for the business .,a secretary sent a company a crystal .,PD,DO,LEAVE,SEND,THE,A,for,to,-49.58867645263672,"[-3.5016708, -10.825397, -7.493844, -1.0081594, -9.152704, -2.2908397, -10.54139, -4.774673]"
the writer left the cheese for the business .,a princess sent a salad to a club .,PD,PD,LEAVE,SEND,THE,A,for,to,-45.35753631591797,"[-3.5016708, -11.278371, -6.7882376, -1.516836, -11.009323, -1.0234756, -1.4781706, -7.361326, -1.4001273]"
the writer left the cheese for the business .,a princess sent a club a salad .,PD,DO,LEAVE,SEND,THE,A,for,to,-48.96038818359375,"[-3.5016708, -11.278371, -6.7882376, -1.516836, -9.9175625, -4.3458614, -10.281974, -1.3298746]"
the writer made the administration the crystal .,a buddy sold a cheese to a business .,DO,PD,MAKE,SELL,THE,A,for,to,-49.13148498535156,"[-3.5009341, -11.47705, -10.809343, -1.3361387, -9.976911, -2.6663606, -0.71017385, -6.6123986, -2.0421772]"
the writer made the administration the crystal .,a buddy sold a business a cheese .,DO,DO,MAKE,SELL,THE,A,for,to,-54.10870361328125,"[-3.5009341, -11.47705, -10.809343, -1.3361387, -6.2119274, -6.0301337, -12.19263, -2.5505464]"
the writer made the adult the bottle .,a mother drew an iron for a corporation .,DO,PD,MAKE,DRAW,THE,A,for,for,-52.636512756347656,"[-3.5228271, -5.7130446, -9.517085, -3.3953023, -5.6311026, -7.213381, -1.0545022, -14.657575, -1.9316914]"
the writer made the adult the bottle .,a mother drew a corporation an iron .,DO,DO,MAKE,DRAW,THE,A,for,for,-51.15354919433594,"[-3.5228271, -5.7130446, -9.517085, -0.7554296, -14.536447, -7.256195, -6.281514, -3.5710106]"
the writer made the bell for the winner .,a friend found a tea for a teacher .,PD,PD,MAKE,FIND,THE,A,for,for,-43.144065856933594,"[-3.4904642, -6.279898, -6.902591, -0.97528934, -9.24025, -4.627798, -2.64429, -7.262565, -1.7209182]"
the writer made the bell for the winner .,a friend found a teacher a tea .,PD,DO,MAKE,FIND,THE,A,for,for,-49.62392044067383,"[-3.4904642, -6.279898, -6.902591, -0.97528934, -8.903762, -7.0409737, -11.860175, -4.170767]"
the writer made the bell for the winner .,an employee left a coffee for a husband .,PD,PD,MAKE,LEAVE,THE,A,for,for,-42.47710418701172,"[-5.7533445, -4.322424, -8.418406, -1.1421082, -6.652116, -4.468454, -0.9817302, -8.180144, -2.5583782]"
the writer made the bell for the winner .,an employee left a husband a coffee .,PD,DO,MAKE,LEAVE,THE,A,for,for,-46.456298828125,"[-5.7533445, -4.322424, -8.418406, -1.1421082, -9.660498, -6.7005596, -7.439316, -3.0196426]"
the writer made the bell for the winner .,an uncle promised a cigarette to a colonel .,PD,PD,MAKE,PROMISE,THE,A,for,to,-57.163902282714844,"[-5.7533445, -8.7894335, -11.098546, -2.4145298, -9.942814, -1.7009028, -1.8374456, -13.270695, -2.3561893]"
the writer made the bell for the winner .,an uncle promised a colonel a cigarette .,PD,DO,MAKE,PROMISE,THE,A,for,to,-53.728580474853516,"[-5.7533445, -8.7894335, -11.098546, -2.4145298, -13.499264, -2.7493088, -7.486204, -1.9379487]"
the writer made the bottle for the adult .,a mother drew an iron for a corporation .,PD,PD,MAKE,DRAW,THE,A,for,for,-52.823707580566406,"[-3.4884803, -5.7200165, -9.52772, -3.4039664, -5.3648043, -6.372546, -1.0670741, -15.6306715, -2.2484279]"
the writer made the bottle for the adult .,a mother drew a corporation an iron .,PD,DO,MAKE,DRAW,THE,A,for,for,-53.72218322753906,"[-3.4884803, -5.7200165, -9.52772, -0.651917, -15.527652, -8.665352, -6.3468266, -3.7942193]"
the writer made the box for the man .,an uncle saved an anchor for a pilot .,PD,PD,MAKE,SAVE,THE,A,for,for,-50.58814239501953,"[-5.771428, -8.749912, -11.34763, -3.7330756, -9.009817, -2.222218, -1.3109429, -6.6386914, -1.8044249]"
the writer made the box for the man .,an uncle saved a pilot an anchor .,PD,DO,MAKE,SAVE,THE,A,for,for,-58.74330139160156,"[-5.771428, -8.749912, -11.34763, -1.3430773, -9.402718, -8.290549, -10.619829, -3.2181566]"
the writer made the box for the man .,a nurse fed a candy to a professor .,PD,PD,MAKE,FEED,THE,A,for,to,-47.582435607910156,"[-3.5002394, -8.236551, -10.485211, -0.97867703, -9.781393, -1.9519213, -0.37599543, -9.851184, -2.421263]"
the writer made the box for the man .,a nurse fed a professor a candy .,PD,DO,MAKE,FEED,THE,A,for,to,-46.23957061767578,"[-3.5002394, -8.236551, -10.485211, -0.97867703, -11.278613, -1.6548657, -6.5392613, -3.5661511]"
the writer made the champion the coat .,an uncle drew a card for a corporation .,DO,PD,MAKE,DRAW,THE,A,for,for,-50.89391326904297,"[-5.7638006, -8.945538, -9.939655, -0.8561839, -6.182975, -3.472626, -1.901845, -11.803166, -2.0281277]"
the writer made the champion the coat .,an uncle drew a corporation a card .,DO,DO,MAKE,DRAW,THE,A,for,for,-52.007328033447266,"[-5.7638006, -8.945538, -9.939655, -0.8561839, -14.35859, -4.67948, -5.442762, -2.0213194]"
the writer made the cigarette for the minister .,an employee took a jacket to a winner .,PD,PD,MAKE,TAKE,THE,A,for,to,-46.222984313964844,"[-5.7257805, -4.218631, -7.0404963, -0.93076223, -9.060411, -2.8929188, -1.6521794, -11.79394, -2.9078665]"
the writer made the cigarette for the minister .,an employee took a winner a jacket .,PD,DO,MAKE,TAKE,THE,A,for,to,-51.70161437988281,"[-5.7257805, -4.218631, -7.0404963, -0.93076223, -13.247187, -6.9850016, -10.119008, -3.434749]"
the writer made the cigarette for the minister .,a bishop threw a chocolate to a husband .,PD,PD,MAKE,THROW,THE,A,for,to,-52.705604553222656,"[-3.4758694, -9.587452, -10.506404, -0.59419394, -8.16015, -5.4851017, -2.4032214, -8.902477, -3.5907366]"
the writer made the cigarette for the minister .,a bishop threw a husband a chocolate .,PD,DO,MAKE,THROW,THE,A,for,to,-53.25344467163086,"[-3.4758694, -9.587452, -10.506404, -0.59419394, -10.659885, -5.89781, -6.639677, -5.8921537]"
the writer made the coat for the champion .,an uncle drew a card for a corporation .,PD,PD,MAKE,DRAW,THE,A,for,for,-50.03419494628906,"[-5.746418, -8.743979, -10.270801, -0.8362546, -5.531531, -2.6374807, -2.2985673, -12.165103, -1.8040572]"
the writer made the coat for the champion .,an uncle drew a corporation a card .,PD,DO,MAKE,DRAW,THE,A,for,for,-55.380706787109375,"[-5.746418, -8.743979, -10.270801, -0.8362546, -14.91555, -6.812622, -5.510847, -2.5442355]"
the writer made the crystal for the administration .,a buddy sold a cheese to a business .,PD,PD,MAKE,SELL,THE,A,for,to,-49.20886993408203,"[-3.504187, -11.400771, -10.784569, -1.4745194, -10.109533, -2.3429918, -0.8976426, -6.3796735, -2.314983]"
the writer made the crystal for the administration .,a buddy sold a business a cheese .,PD,DO,MAKE,SELL,THE,A,for,to,-55.91374588012695,"[-3.504187, -11.400771, -10.784569, -1.4745194, -6.338414, -6.8212996, -12.251187, -3.3387988]"
the writer made the flower for the guest .,a soldier supplied a television to a buddy .,PD,PD,MAKE,SUPPLY,THE,A,for,to,-52.98670959472656,"[-3.4803534, -7.6371336, -12.045727, -3.4141028, -8.651472, -1.0288497, -0.8471526, -12.307051, -3.5748677]"
the writer made the flower for the guest .,a soldier supplied a buddy a television .,PD,DO,MAKE,SUPPLY,THE,A,for,to,-55.908687591552734,"[-3.4803534, -7.6371336, -12.045727, -3.4141028, -11.793043, -5.2091856, -9.843929, -2.485213]"
the writer made the flower for the guest .,a pilot took a bag to a mayor .,PD,PD,MAKE,TAKE,THE,A,for,to,-48.329593658447266,"[-3.4803534, -8.247448, -5.5660276, -1.4579114, -8.464445, -4.2708, -1.2699211, -12.055303, -3.517385]"
the writer made the flower for the guest .,a pilot took a mayor a bag .,PD,DO,MAKE,TAKE,THE,A,for,to,-53.72344970703125,"[-3.4803534, -8.247448, -5.5660276, -1.4579114, -14.777264, -6.5644608, -7.999549, -5.6304374]"
the writer made the flower for the professor .,a prince brought a motor to a business .,PD,PD,MAKE,BRING,THE,A,for,to,-48.731475830078125,"[-3.492413, -11.344272, -7.6013436, -1.0859606, -10.225352, -4.44626, -1.2189875, -6.284256, -3.0326304]"
the writer made the flower for the professor .,a prince brought a business a motor .,PD,DO,MAKE,BRING,THE,A,for,to,-55.366127014160156,"[-3.492413, -11.344272, -7.6013436, -1.0859606, -8.972751, -7.7575855, -10.763893, -4.347907]"
the writer made the flower for the professor .,a president kept a chocolate for a business .,PD,PD,MAKE,KEEP,THE,A,for,for,-49.254852294921875,"[-3.492413, -9.432995, -10.076258, -1.5006418, -9.532663, -5.4240522, -1.7002923, -5.400527, -2.6950088]"
the writer made the flower for the professor .,a president kept a business a chocolate .,PD,DO,MAKE,KEEP,THE,A,for,for,-53.197288513183594,"[-3.492413, -9.432995, -10.076258, -1.5006418, -6.7705975, -6.494858, -11.291677, -4.137847]"
the writer made the flower for the professor .,an actor promised a coffee to a son .,PD,PD,MAKE,PROMISE,THE,A,for,to,-48.78825378417969,"[-5.7022243, -6.3664846, -11.378755, -2.015648, -9.4907675, -2.657361, -1.5563827, -7.824415, -1.7962153]"
the writer made the flower for the professor .,an actor promised a son a coffee .,PD,DO,MAKE,PROMISE,THE,A,for,to,-48.39506530761719,"[-5.7022243, -6.3664846, -11.378755, -2.015648, -6.902693, -4.690893, -9.197304, -2.1410618]"
the writer made the guest the flower .,a soldier supplied a television to a buddy .,DO,PD,MAKE,SUPPLY,THE,A,for,to,-52.93780517578125,"[-3.501614, -7.8563952, -11.908745, -3.3531888, -8.454589, -1.6079756, -0.7974849, -11.6100645, -3.8477483]"
the writer made the guest the flower .,a soldier supplied a buddy a television .,DO,DO,MAKE,SUPPLY,THE,A,for,to,-54.67828369140625,"[-3.501614, -7.8563952, -11.908745, -3.3531888, -12.226606, -3.4432073, -10.305966, -2.082561]"
the writer made the guest the flower .,a pilot took a bag to a mayor .,DO,PD,MAKE,TAKE,THE,A,for,to,-48.22499465942383,"[-3.501614, -8.424534, -5.921424, -1.693559, -8.78696, -3.9294417, -1.3349476, -11.293918, -3.3385983]"
the writer made the guest the flower .,a pilot took a mayor a bag .,DO,DO,MAKE,TAKE,THE,A,for,to,-51.986454010009766,"[-3.501614, -8.424534, -5.921424, -1.693559, -14.710733, -5.244584, -8.4188595, -4.0711465]"
the writer made the man the box .,an uncle saved an anchor for a pilot .,DO,PD,MAKE,SAVE,THE,A,for,for,-51.43946838378906,"[-5.7607956, -8.992419, -11.752863, -3.6876845, -8.769572, -2.9004712, -1.3324544, -6.5098076, -1.7334003]"
the writer made the man the box .,an uncle saved a pilot an anchor .,DO,DO,MAKE,SAVE,THE,A,for,for,-56.84095001220703,"[-5.7607956, -8.992419, -11.752863, -1.301, -9.329332, -7.1657543, -9.811222, -2.7275617]"
the writer made the man the box .,a nurse fed a candy to a professor .,DO,PD,MAKE,FEED,THE,A,for,to,-46.51824188232422,"[-3.4640086, -8.419417, -10.399442, -0.94580114, -9.15531, -2.0787454, -0.4376573, -9.309837, -2.3080263]"
the writer made the man the box .,a nurse fed a professor a candy .,DO,DO,MAKE,FEED,THE,A,for,to,-44.968379974365234,"[-3.4640086, -8.419417, -10.399442, -0.94580114, -10.817316, -1.3319783, -6.693581, -2.8968356]"
the writer made the minister the cigarette .,an employee took a jacket to a winner .,DO,PD,MAKE,TAKE,THE,A,for,to,-46.163482666015625,"[-5.7008133, -4.389656, -7.0741982, -1.0069231, -8.804928, -3.50307, -1.976732, -11.258078, -2.4490843]"
the writer made the minister the cigarette .,an employee took a winner a jacket .,DO,DO,MAKE,TAKE,THE,A,for,to,-49.088417053222656,"[-5.7008133, -4.389656, -7.0741982, -1.0069231, -12.563476, -6.141773, -9.721973, -2.4896028]"
the writer made the minister the cigarette .,a bishop threw a chocolate to a husband .,DO,PD,MAKE,THROW,THE,A,for,to,-52.70994567871094,"[-3.5106275, -9.515629, -10.186773, -0.6289685, -8.691491, -5.8221498, -2.3309503, -8.983124, -3.0402358]"
the writer made the minister the cigarette .,a bishop threw a husband a chocolate .,DO,DO,MAKE,THROW,THE,A,for,to,-49.52589416503906,"[-3.5106275, -9.515629, -10.186773, -0.6289685, -10.210621, -3.6999726, -6.9941134, -4.779188]"
the writer made the professor the flower .,a prince brought a motor to a business .,DO,PD,MAKE,BRING,THE,A,for,to,-48.776222229003906,"[-3.510222, -11.354042, -7.513421, -1.0707321, -9.927696, -4.6994658, -1.0889046, -6.927501, -2.684236]"
the writer made the professor the flower .,a prince brought a business a motor .,DO,DO,MAKE,BRING,THE,A,for,to,-53.47430419921875,"[-3.510222, -11.354042, -7.513421, -1.0707321, -9.03367, -7.2200193, -10.223086, -3.5491138]"
the writer made the professor the flower .,a president kept a chocolate for a business .,DO,PD,MAKE,KEEP,THE,A,for,for,-51.71440124511719,"[-3.510222, -9.416234, -10.01804, -1.9751706, -10.35929, -6.4054303, -2.20328, -5.8377056, -1.9890288]"
the writer made the professor the flower .,a president kept a business a chocolate .,DO,DO,MAKE,KEEP,THE,A,for,for,-50.89117431640625,"[-3.510222, -9.416234, -10.01804, -1.9751706, -6.6838436, -5.5661383, -10.654035, -3.0674915]"
the writer made the professor the flower .,an actor promised a coffee to a son .,DO,PD,MAKE,PROMISE,THE,A,for,to,-48.967559814453125,"[-5.7006288, -6.5016084, -11.454182, -2.1086347, -9.226888, -2.959614, -1.6420557, -7.5270357, -1.8469152]"
the writer made the professor the flower .,an actor promised a son a coffee .,DO,DO,MAKE,PROMISE,THE,A,for,to,-45.49053192138672,"[-5.7006288, -6.5016084, -11.454182, -2.1086347, -6.557659, -2.5446687, -9.002485, -1.6206652]"
the writer made the winner the bell .,a friend found a tea for a teacher .,DO,PD,MAKE,FIND,THE,A,for,for,-43.918304443359375,"[-3.5314593, -6.0959215, -6.6528726, -1.3994911, -9.741981, -4.682741, -3.0343823, -7.294901, -1.4845538]"
the writer made the winner the bell .,a friend found a teacher a tea .,DO,DO,MAKE,FIND,THE,A,for,for,-46.16659164428711,"[-3.5314593, -6.0959215, -6.6528726, -1.3994911, -8.307581, -6.133437, -11.248203, -2.797626]"
the writer made the winner the bell .,an employee left a coffee for a husband .,DO,PD,MAKE,LEAVE,THE,A,for,for,-43.21569061279297,"[-5.7629, -4.4545183, -8.17762, -1.2518829, -6.1405334, -5.485692, -1.05146, -8.329254, -2.5618308]"
the writer made the winner the bell .,an employee left a husband a coffee .,DO,DO,MAKE,LEAVE,THE,A,for,for,-45.34280776977539,"[-5.7629, -4.4545183, -8.17762, -1.2518829, -9.704036, -6.119741, -7.695199, -2.1769114]"
the writer made the winner the bell .,an uncle promised a cigarette to a colonel .,DO,PD,MAKE,PROMISE,THE,A,for,to,-55.368316650390625,"[-5.7629, -8.967054, -10.612375, -2.335816, -9.491853, -1.5963007, -1.8051887, -12.733154, -2.0636768]"
the writer made the winner the bell .,an uncle promised a colonel a cigarette .,DO,DO,MAKE,PROMISE,THE,A,for,to,-51.13568115234375,"[-5.7629, -8.967054, -10.612375, -2.335816, -12.546475, -2.3667872, -6.900412, -1.6438632]"
the writer promised the aunt the salad .,a singer made a motor for a president .,DO,PD,PROMISE,MAKE,THE,A,to,for,-54.84280776977539,"[-3.6312807, -10.18748, -5.85765, -1.5087266, -11.725065, -8.031115, -1.5833039, -10.513354, -1.8048329]"
the writer promised the aunt the salad .,a singer made a president a motor .,DO,DO,PROMISE,MAKE,THE,A,to,for,-55.41828918457031,"[-3.6312807, -10.18748, -5.85765, -1.5087266, -12.197479, -4.1472945, -11.225597, -6.66278]"
the writer promised the beer to the son .,a brother made a guitar for a secretary .,PD,PD,PROMISE,MAKE,THE,A,to,for,-46.06967544555664,"[-3.528324, -8.785034, -6.615901, -0.7786695, -9.60985, -2.1063974, -2.3582757, -11.274892, -1.0123324]"
the writer promised the beer to the son .,a brother made a secretary a guitar .,PD,DO,PROMISE,MAKE,THE,A,to,for,-50.5101318359375,"[-3.528324, -8.785034, -6.615901, -0.7786695, -14.072012, -6.293534, -9.077283, -1.3593745]"
the writer promised the juice to the lawyer .,a mayor fed a chicken to an aunt .,PD,PD,PROMISE,FEED,THE,A,to,to,-44.67323684692383,"[-3.559803, -10.458038, -11.4131975, -1.8050265, -5.0224853, -0.93469805, -2.951573, -6.0488777, -2.479537]"
the writer promised the juice to the lawyer .,a mayor fed an aunt a chicken .,PD,DO,PROMISE,FEED,THE,A,to,to,-48.023193359375,"[-3.559803, -10.458038, -11.4131975, -4.005729, -8.870625, -1.918823, -4.725283, -3.0716944]"
the writer promised the juice to the lawyer .,a manager caught a bottle for a president .,PD,PD,PROMISE,CATCH,THE,A,to,for,-50.54230499267578,"[-3.559803, -8.365461, -8.830645, -3.6906738, -7.3395195, -6.0953007, -2.2591448, -8.82037, -1.5813872]"
the writer promised the juice to the lawyer .,a manager caught a president a bottle .,PD,DO,PROMISE,CATCH,THE,A,to,for,-53.2547607421875,"[-3.559803, -8.365461, -8.830645, -3.6906738, -10.819455, -6.8361807, -6.986428, -4.166115]"
the writer promised the lawyer the juice .,a mayor fed a chicken to an aunt .,DO,PD,PROMISE,FEED,THE,A,to,to,-46.753414154052734,"[-3.587392, -10.416833, -10.796921, -1.881641, -4.894499, -2.5535796, -3.4451442, -6.8119903, -2.3654144]"
the writer promised the lawyer the juice .,a mayor fed an aunt a chicken .,DO,DO,PROMISE,FEED,THE,A,to,to,-47.01371383666992,"[-3.587392, -10.416833, -10.796921, -4.0362306, -8.968813, -1.7642622, -4.9529905, -2.490273]"
the writer promised the lawyer the juice .,a manager caught a bottle for a president .,DO,PD,PROMISE,CATCH,THE,A,to,for,-50.76697540283203,"[-3.587392, -8.317739, -8.364275, -4.16082, -7.200757, -5.9864483, -2.661875, -8.8982525, -1.589416]"
the writer promised the lawyer the juice .,a manager caught a president a bottle .,DO,DO,PROMISE,CATCH,THE,A,to,for,-52.18061065673828,"[-3.587392, -8.317739, -8.364275, -4.16082, -10.915556, -6.9332895, -6.394964, -3.5065732]"
the writer promised the salad to the aunt .,a singer made a motor for a president .,PD,PD,PROMISE,MAKE,THE,A,to,for,-53.98655700683594,"[-3.6102862, -10.267353, -5.8930683, -1.2573019, -11.6230755, -7.178184, -1.3322562, -10.4911785, -2.3338504]"
the writer promised the salad to the aunt .,a singer made a president a motor .,PD,DO,PROMISE,MAKE,THE,A,to,for,-56.23780059814453,"[-3.6102862, -10.267353, -5.8930683, -1.2573019, -12.40007, -4.4159055, -11.623341, -6.7704744]"
the writer promised the son the beer .,a brother made a guitar for a secretary .,DO,PD,PROMISE,MAKE,THE,A,to,for,-44.69499969482422,"[-3.5422122, -8.623011, -6.755341, -0.74537617, -9.252717, -2.455759, -1.9346535, -10.475477, -0.9104532]"
the writer promised the son the beer .,a brother made a secretary a guitar .,DO,DO,PROMISE,MAKE,THE,A,to,for,-48.54631042480469,"[-3.5422122, -8.623011, -6.755341, -0.74537617, -13.420426, -5.7726526, -8.621498, -1.0657955]"
the writer purchased the administration the beer .,an uncle brought an anchor to a priest .,DO,PD,PURCHASE,BRING,THE,A,for,to,-49.72894287109375,"[-5.692174, -9.258766, -7.93207, -4.35889, -8.7987, -0.6184594, -2.7161212, -8.392464, -1.9612973]"
the writer purchased the administration the beer .,an uncle brought a priest an anchor .,DO,DO,PURCHASE,BRING,THE,A,for,to,-49.734413146972656,"[-5.692174, -9.258766, -7.93207, -2.0546603, -9.883678, -4.509621, -8.594917, -1.8085275]"
the writer purchased the administration the beer .,an adult found a salad for a band .,DO,PD,PURCHASE,FIND,THE,A,for,for,-56.906349182128906,"[-5.692174, -6.80484, -6.695258, -3.8306336, -15.616204, -3.251139, -3.2711067, -9.102895, -2.6420977]"
the writer purchased the administration the beer .,an adult found a band a salad .,DO,DO,PURCHASE,FIND,THE,A,for,for,-57.02454376220703,"[-5.692174, -6.80484, -6.695258, -3.8306336, -15.654385, -7.3271494, -9.300356, -1.7197473]"
the writer purchased the administration the beer .,a partner gave a cigarette to a winner .,DO,PD,PURCHASE,GIVE,THE,A,for,to,-42.85271453857422,"[-3.5864973, -9.213601, -8.285908, -2.4452233, -7.8188643, -0.29065698, -1.0755343, -9.175755, -0.96067697]"
the writer purchased the administration the beer .,a partner gave a winner a cigarette .,DO,DO,PURCHASE,GIVE,THE,A,for,to,-39.51979064941406,"[-3.5864973, -9.213601, -8.285908, -2.4452233, -7.9767957, -0.88693106, -6.3398356, -0.7849998]"
the writer purchased the administration the beer .,a physician sold a crystal to a business .,DO,PD,PURCHASE,SELL,THE,A,for,to,-43.701171875,"[-3.5864973, -8.545749, -9.673981, -1.6775981, -9.335751, -1.5339738, -0.6421436, -6.452753, -2.2527297]"
the writer purchased the administration the beer .,a physician sold a business a crystal .,DO,DO,PURCHASE,SELL,THE,A,for,to,-46.46902847290039,"[-3.5864973, -8.545749, -9.673981, -1.6775981, -7.1435394, -3.2981124, -9.231947, -3.3116026]"
the writer purchased the beer for the administration .,an uncle brought an anchor to a priest .,PD,PD,PURCHASE,BRING,THE,A,for,to,-51.128910064697266,"[-5.6794386, -8.913912, -8.59734, -4.379818, -8.903368, -0.50466645, -3.152836, -8.555847, -2.4416845]"
the writer purchased the beer for the administration .,an uncle brought a priest an anchor .,PD,DO,PURCHASE,BRING,THE,A,for,to,-52.90852355957031,"[-5.6794386, -8.913912, -8.59734, -1.9931175, -9.744205, -6.4388347, -9.171136, -2.3705375]"
the writer purchased the beer for the administration .,an adult found a salad for a band .,PD,PD,PURCHASE,FIND,THE,A,for,for,-49.59724807739258,"[-5.6794386, -6.5275283, -6.849556, -2.0470133, -11.16563, -2.983218, -3.1001358, -8.427812, -2.8169174]"
the writer purchased the beer for the administration .,an adult found a band a salad .,PD,DO,PURCHASE,FIND,THE,A,for,for,-53.258968353271484,"[-5.6794386, -6.5275283, -6.849556, -2.0470133, -9.701596, -8.520207, -11.003881, -2.9297485]"
the writer purchased the beer for the administration .,a partner gave a cigarette to a winner .,PD,PD,PURCHASE,GIVE,THE,A,for,to,-43.209991455078125,"[-3.5417795, -9.470894, -7.6306167, -2.2943952, -7.7559137, -0.18999745, -1.1414104, -10.027813, -1.1571691]"
the writer purchased the beer for the administration .,a partner gave a winner a cigarette .,PD,DO,PURCHASE,GIVE,THE,A,for,to,-39.85564422607422,"[-3.5417795, -9.470894, -7.6306167, -2.2943952, -9.093878, -0.992935, -5.7160378, -1.115109]"
the writer purchased the beer for the administration .,a physician sold a crystal to a business .,PD,PD,PURCHASE,SELL,THE,A,for,to,-44.51575469970703,"[-3.5417795, -8.674107, -9.912918, -1.6582787, -8.907307, -1.4740071, -0.759287, -6.405297, -3.1827774]"
the writer purchased the beer for the administration .,a physician sold a business a crystal .,PD,DO,PURCHASE,SELL,THE,A,for,to,-52.180301666259766,"[-3.5417795, -8.674107, -9.912918, -1.6582787, -8.030272, -6.5346675, -9.120813, -4.707467]"
the writer purchased the card for the club .,a guest threw a bottle to a boy .,PD,PD,PURCHASE,THROW,THE,A,for,to,-46.2698974609375,"[-3.5661151, -7.337079, -15.588833, -0.6812652, -4.3820915, -5.334851, -2.436929, -4.968934, -1.9738]"
the writer purchased the card for the club .,a guest threw a boy a bottle .,PD,DO,PURCHASE,THROW,THE,A,for,to,-47.392234802246094,"[-3.5661151, -7.337079, -15.588833, -0.6812652, -8.358795, -3.1176307, -5.236843, -3.5056727]"
the writer purchased the club the card .,a guest threw a bottle to a boy .,DO,PD,PURCHASE,THROW,THE,A,for,to,-46.40251922607422,"[-3.5858061, -7.3472424, -14.908539, -0.94553494, -4.9950876, -5.173023, -2.9596474, -4.8130207, -1.6746154]"
the writer purchased the club the card .,a guest threw a boy a bottle .,DO,DO,PURCHASE,THROW,THE,A,for,to,-44.75465774536133,"[-3.5858061, -7.3472424, -14.908539, -0.94553494, -8.604778, -0.9872107, -5.74632, -2.629228]"
the writer saved the administration the meal .,a son sent a camera to a corporation .,DO,PD,SAVE,SEND,THE,A,for,to,-49.670928955078125,"[-3.5576358, -8.747485, -8.119956, -1.5444862, -8.224199, -0.81818545, -1.8082771, -11.751577, -5.0991263]"
the writer saved the administration the meal .,a son sent a corporation a camera .,DO,DO,SAVE,SEND,THE,A,for,to,-52.47304153442383,"[-3.5576358, -8.747485, -8.119956, -1.5444862, -15.703452, -2.116632, -9.243963, -3.4394314]"
the writer saved the bag for the band .,a reader found a cheese for a company .,PD,PD,SAVE,FIND,THE,A,for,for,-60.928253173828125,"[-3.5254421, -6.2253494, -6.0773964, -11.004546, -14.560001, -4.689044, -3.7852302, -9.415595, -1.6456486]"
the writer saved the bag for the band .,a reader found a company a cheese .,PD,DO,SAVE,FIND,THE,A,for,for,-62.208778381347656,"[-3.5254421, -6.2253494, -6.0773964, -11.004546, -11.112251, -7.234729, -13.165363, -3.8636973]"
the writer saved the ball for the secretary .,a prince left a chicken for a club .,PD,PD,SAVE,LEAVE,THE,A,for,for,-46.18473815917969,"[-3.5472143, -11.097961, -6.404808, -1.623145, -8.151013, -3.8366704, -0.8466207, -9.073362, -1.6039454]"
the writer saved the ball for the secretary .,a prince left a club a chicken .,PD,DO,SAVE,LEAVE,THE,A,for,for,-48.98207092285156,"[-3.5472143, -11.097961, -6.404808, -1.623145, -7.7331867, -6.462388, -9.397337, -2.7160282]"
the writer saved the ball for the secretary .,a chief made a camera for a teacher .,PD,PD,SAVE,MAKE,THE,A,for,for,-47.65104675292969,"[-3.5472143, -8.780279, -10.525174, -1.3012334, -9.033479, -4.1388273, -1.9311218, -6.8462105, -1.5475066]"
the writer saved the ball for the secretary .,a chief made a teacher a camera .,PD,DO,SAVE,MAKE,THE,A,for,for,-51.507789611816406,"[-3.5472143, -8.780279, -10.525174, -1.3012334, -11.061747, -3.1441555, -11.291323, -1.856667]"
the writer saved the ball for the secretary .,a soldier supplied a television to a buddy .,PD,PD,SAVE,SUPPLY,THE,A,for,to,-54.069740295410156,"[-3.5472143, -7.4037466, -11.490517, -3.9398034, -7.9679155, -3.6160123, -1.3292544, -11.613111, -3.1621692]"
the writer saved the ball for the secretary .,a soldier supplied a buddy a television .,PD,DO,SAVE,SUPPLY,THE,A,for,to,-54.96388244628906,"[-3.5472143, -7.4037466, -11.490517, -3.9398034, -12.566889, -4.0047216, -9.369941, -2.641053]"
the writer saved the band the bag .,a reader found a cheese for a company .,DO,PD,SAVE,FIND,THE,A,for,for,-66.39401245117188,"[-3.5503912, -6.0293803, -6.096556, -11.019386, -18.969034, -4.9327183, -3.910522, -10.581699, -1.3043232]"
the writer saved the band the bag .,a reader found a company a cheese .,DO,DO,SAVE,FIND,THE,A,for,for,-60.58683395385742,"[-3.5503912, -6.0293803, -6.096556, -11.019386, -11.834611, -7.153306, -12.772393, -2.130812]"
the writer saved the beer for the corporation .,a colonel brought a tea to a business .,PD,PD,SAVE,BRING,THE,A,for,to,-45.07449722290039,"[-3.5621135, -11.388252, -8.205112, -1.5644647, -7.2854996, -1.1371902, -1.5732583, -6.7264776, -3.6321294]"
the writer saved the beer for the corporation .,a colonel brought a business a tea .,PD,DO,SAVE,BRING,THE,A,for,to,-51.793453216552734,"[-3.5621135, -11.388252, -8.205112, -1.5644647, -8.681761, -8.853364, -7.92366, -1.6147244]"
the writer saved the beer for the corporation .,a scientist found a cheese for a club .,PD,PD,SAVE,FIND,THE,A,for,for,-43.93181610107422,"[-3.5621135, -7.773281, -5.2749805, -1.2234532, -10.006619, -5.2376385, -2.560861, -6.7002788, -1.5925906]"
the writer saved the beer for the corporation .,a scientist found a club a cheese .,PD,DO,SAVE,FIND,THE,A,for,for,-49.06033706665039,"[-3.5621135, -7.773281, -5.2749805, -1.2234532, -10.21905, -6.736358, -10.729664, -3.5414376]"
the writer saved the beer for the corporation .,a princess designed a jacket for a prince .,PD,PD,SAVE,DESIGN,THE,A,for,for,-39.57982635498047,"[-3.5621135, -10.657744, -8.622949, -2.3460493, -7.866302, -1.5295289, -1.7127593, -2.559319, -0.7230617]"
the writer saved the beer for the corporation .,a princess designed a prince a jacket .,PD,DO,SAVE,DESIGN,THE,A,for,for,-51.85589599609375,"[-3.5621135, -10.657744, -8.622949, -2.3460493, -7.07898, -6.9081297, -11.076038, -1.6038904]"
the writer saved the coffee for the reader .,a husband left a pie for a company .,PD,PD,SAVE,LEAVE,THE,A,for,for,-48.08992004394531,"[-3.551459, -8.531963, -8.298695, -1.8522881, -9.104246, -2.106701, -1.4027121, -10.009357, -3.2324986]"
the writer saved the coffee for the reader .,a husband left a company a pie .,PD,DO,SAVE,LEAVE,THE,A,for,for,-52.956546783447266,"[-3.551459, -8.531963, -8.298695, -1.8522881, -7.9353995, -6.829491, -11.549823, -4.407428]"
the writer saved the company the pie .,a colonel found a meal for a mayor .,DO,PD,SAVE,FIND,THE,A,for,for,-50.89756774902344,"[-3.5352273, -11.530102, -7.0893273, -2.2317734, -9.035771, -2.368754, -2.3763895, -10.238517, -2.4917064]"
the writer saved the company the pie .,a colonel found a mayor a meal .,DO,DO,SAVE,FIND,THE,A,for,for,-52.38662338256836,"[-3.5352273, -11.530102, -7.0893273, -2.2317734, -11.553245, -4.959345, -8.724801, -2.7628055]"
the writer saved the company the pie .,a friend took an engine to a hero .,DO,PD,SAVE,TAKE,THE,A,for,to,-43.333953857421875,"[-3.5352273, -5.982401, -5.8522196, -4.0160236, -8.38613, -2.4454696, -1.762938, -10.431435, -0.92210865]"
the writer saved the company the pie .,a friend took a hero an engine .,DO,DO,SAVE,TAKE,THE,A,for,to,-50.927303314208984,"[-3.5352273, -5.982401, -5.8522196, -1.3842925, -11.29936, -11.192192, -9.874323, -1.8072906]"
the writer saved the company the pie .,a professor threw a salad to a student .,DO,PD,SAVE,THROW,THE,A,for,to,-38.548011779785156,"[-3.5352273, -7.4395647, -9.144685, -0.8437379, -6.769508, -3.8989134, -1.8284148, -2.5338473, -2.5541139]"
the writer saved the company the pie .,a professor threw a student a salad .,DO,DO,SAVE,THROW,THE,A,for,to,-37.71748733520508,"[-3.5352273, -7.4395647, -9.144685, -0.8437379, -6.638782, -0.80856764, -7.364341, -1.9425822]"
the writer saved the corporation the beer .,a colonel brought a tea to a business .,DO,PD,SAVE,BRING,THE,A,for,to,-45.99433898925781,"[-3.5992742, -11.138837, -7.869569, -1.6114134, -7.248988, -1.2724811, -1.8790505, -7.2572002, -4.1175265]"
the writer saved the corporation the beer .,a colonel brought a business a tea .,DO,DO,SAVE,BRING,THE,A,for,to,-48.41590881347656,"[-3.5992742, -11.138837, -7.869569, -1.6114134, -8.574108, -7.4214153, -7.39577, -0.8055208]"
the writer saved the corporation the beer .,a scientist found a cheese for a club .,DO,PD,SAVE,FIND,THE,A,for,for,-45.449607849121094,"[-3.5992742, -7.7938585, -5.1867146, -1.4335513, -10.289556, -5.431342, -2.5119195, -7.8997316, -1.3036606]"
the writer saved the corporation the beer .,a scientist found a club a cheese .,DO,DO,SAVE,FIND,THE,A,for,for,-46.582000732421875,"[-3.5992742, -7.7938585, -5.1867146, -1.4335513, -10.314551, -6.423318, -9.684778, -2.1459517]"
the writer saved the corporation the beer .,a princess designed a jacket for a prince .,DO,PD,SAVE,DESIGN,THE,A,for,for,-40.980716705322266,"[-3.5992742, -10.368704, -8.582209, -2.6376343, -7.970442, -2.2289264, -1.9071918, -2.94952, -0.7368151]"
the writer saved the corporation the beer .,a princess designed a prince a jacket .,DO,DO,SAVE,DESIGN,THE,A,for,for,-48.74407196044922,"[-3.5992742, -10.368704, -8.582209, -2.6376343, -6.0506296, -6.246852, -10.026801, -1.2319688]"
the writer saved the guitar for the hero .,a friend found a tea for a teacher .,PD,PD,SAVE,FIND,THE,A,for,for,-41.87620544433594,"[-3.5234385, -6.016774, -6.3001943, -0.8906086, -9.141069, -4.651443, -2.3311932, -7.279488, -1.7419969]"
the writer saved the guitar for the hero .,a friend found a teacher a tea .,PD,DO,SAVE,FIND,THE,A,for,for,-48.61820983886719,"[-3.5234385, -6.016774, -6.3001943, -0.8906086, -8.866768, -6.8038588, -11.746464, -4.4701014]"
the writer saved the guitar for the hero .,a guest gave a chocolate to a band .,PD,PD,SAVE,GIVE,THE,A,for,to,-51.54618453979492,"[-3.5234385, -7.750553, -10.455552, -1.2374074, -11.690275, -5.225375, -2.2895656, -6.96924, -2.4047775]"
the writer saved the guitar for the hero .,a guest gave a band a chocolate .,PD,DO,SAVE,GIVE,THE,A,for,to,-49.37272644042969,"[-3.5234385, -7.750553, -10.455552, -1.2374074, -10.630125, -1.2222245, -9.604305, -4.9491224]"
the writer saved the guitar for the hero .,a minister purchased an anchor for a president .,PD,PD,SAVE,PURCHASE,THE,A,for,for,-51.379150390625,"[-3.5234385, -9.555609, -13.073219, -2.8755755, -9.082575, -1.4474071, -0.811863, -9.068038, -1.9414246]"
the writer saved the guitar for the hero .,a minister purchased a president an anchor .,PD,DO,SAVE,PURCHASE,THE,A,for,for,-58.26487350463867,"[-3.5234385, -9.555609, -13.073219, -0.6589045, -11.273023, -7.8531394, -9.489237, -2.8383043]"
the writer saved the guitar for the hero .,a cousin threw a button to a princess .,PD,PD,SAVE,THROW,THE,A,for,to,-49.74521255493164,"[-3.5234385, -9.521589, -8.852805, -0.5601959, -10.271887, -1.9781823, -2.898194, -9.806932, -2.3319862]"
the writer saved the guitar for the hero .,a cousin threw a princess a button .,PD,DO,SAVE,THROW,THE,A,for,to,-55.289039611816406,"[-3.5234385, -9.521589, -8.852805, -0.5601959, -12.348709, -5.634284, -13.008247, -1.8397669]"
the writer saved the hero the guitar .,a friend found a tea for a teacher .,DO,PD,SAVE,FIND,THE,A,for,for,-42.90201950073242,"[-3.5689006, -6.1066008, -5.9871397, -0.8884467, -9.1900215, -5.297891, -2.686935, -7.2683887, -1.9076945]"
the writer saved the hero the guitar .,a friend found a teacher a tea .,DO,DO,SAVE,FIND,THE,A,for,for,-44.042518615722656,"[-3.5689006, -6.1066008, -5.9871397, -0.8884467, -8.742652, -6.3575573, -9.361381, -3.0298445]"
the writer saved the hero the guitar .,a guest gave a chocolate to a band .,DO,PD,SAVE,GIVE,THE,A,for,to,-52.33369445800781,"[-3.5689006, -7.6843643, -10.137849, -1.3527336, -11.610046, -5.786974, -2.3955493, -6.9670906, -2.8301868]"
the writer saved the hero the guitar .,a guest gave a band a chocolate .,DO,DO,SAVE,GIVE,THE,A,for,to,-49.567169189453125,"[-3.5689006, -7.6843643, -10.137849, -1.3527336, -10.943386, -1.3995864, -9.460234, -5.0201154]"
the writer saved the hero the guitar .,a minister purchased an anchor for a president .,DO,PD,SAVE,PURCHASE,THE,A,for,for,-52.73033905029297,"[-3.5689006, -9.43672, -13.010828, -2.8399358, -8.868182, -1.9643071, -0.98170626, -9.664947, -2.394814]"
the writer saved the hero the guitar .,a minister purchased a president an anchor .,DO,DO,SAVE,PURCHASE,THE,A,for,for,-54.055755615234375,"[-3.5689006, -9.43672, -13.010828, -0.7168278, -11.013153, -4.7140484, -9.239996, -2.355282]"
the writer saved the hero the guitar .,a cousin threw a button to a princess .,DO,PD,SAVE,THROW,THE,A,for,to,-49.076820373535156,"[-3.5689006, -9.57895, -8.597391, -0.6324269, -10.144599, -1.5670483, -2.657813, -9.895179, -2.434513]"
the writer saved the hero the guitar .,a cousin threw a princess a button .,DO,DO,SAVE,THROW,THE,A,for,to,-49.704322814941406,"[-3.5689006, -9.57895, -8.597391, -0.6324269, -12.175474, -1.7154814, -12.003536, -1.4321643]"
the writer saved the juice for the princess .,a doctor brought a tea to a chief .,PD,PD,SAVE,BRING,THE,A,for,to,-41.664825439453125,"[-3.544366, -7.0701056, -7.3773174, -1.2750875, -7.4923835, -0.8377826, -1.2555944, -9.369238, -3.4429488]"
the writer saved the juice for the princess .,a doctor brought a chief a tea .,PD,DO,SAVE,BRING,THE,A,for,to,-45.68520736694336,"[-3.544366, -7.0701056, -7.3773174, -1.2750875, -11.497917, -6.72496, -5.485283, -2.71017]"
the writer saved the juice for the princess .,a guest supplied a coffee to a teacher .,PD,PD,SAVE,SUPPLY,THE,A,for,to,-51.83890151977539,"[-3.544366, -7.817664, -13.896078, -3.0756702, -10.236586, -2.1922984, -2.5321212, -6.940247, -1.6038699]"
the writer saved the juice for the princess .,a guest supplied a teacher a coffee .,PD,DO,SAVE,SUPPLY,THE,A,for,to,-52.9326171875,"[-3.544366, -7.817664, -13.896078, -3.0756702, -11.456218, -5.450408, -5.7349787, -1.9572369]"
the writer saved the meal for the administration .,a son sent a camera to a corporation .,PD,PD,SAVE,SEND,THE,A,for,to,-50.0656852722168,"[-3.5461833, -8.686285, -7.998625, -1.3495927, -8.663622, -0.7207018, -1.5905939, -11.837979, -5.672103]"
the writer saved the meal for the administration .,a son sent a corporation a camera .,PD,DO,SAVE,SEND,THE,A,for,to,-55.74531936645508,"[-3.5461833, -8.686285, -7.998625, -1.3495927, -16.243534, -3.1627111, -9.866774, -4.8916173]"
the writer saved the pie for the company .,a colonel found a meal for a mayor .,PD,PD,SAVE,FIND,THE,A,for,for,-50.44859313964844,"[-3.5430493, -11.520725, -6.9687805, -2.0752494, -8.640934, -1.7074159, -2.1182685, -10.486416, -3.3877554]"
the writer saved the pie for the company .,a colonel found a mayor a meal .,PD,DO,SAVE,FIND,THE,A,for,for,-55.531558990478516,"[-3.5430493, -11.520725, -6.9687805, -2.0752494, -12.671627, -5.9393644, -8.49981, -4.312954]"
the writer saved the pie for the company .,a friend took an engine to a hero .,PD,PD,SAVE,TAKE,THE,A,for,to,-44.80644989013672,"[-3.5430493, -6.1281404, -5.415635, -4.1539288, -8.54653, -2.0053425, -2.1155615, -11.136276, -1.7619836]"
the writer saved the pie for the company .,a friend took a hero an engine .,PD,DO,SAVE,TAKE,THE,A,for,to,-52.98117446899414,"[-3.5430493, -6.1281404, -5.415635, -1.4370439, -11.7742405, -12.089076, -10.561422, -2.03257]"
the writer saved the pie for the company .,a professor threw a salad to a student .,PD,PD,SAVE,THROW,THE,A,for,to,-37.8318977355957,"[-3.5430493, -7.466058, -9.174155, -0.7418163, -6.3045917, -4.01401, -1.5879829, -2.0121236, -2.9881115]"
the writer saved the pie for the company .,a professor threw a student a salad .,PD,DO,SAVE,THROW,THE,A,for,to,-39.614845275878906,"[-3.5430493, -7.466058, -9.174155, -0.7418163, -6.4395204, -2.3148944, -7.0140834, -2.9212673]"
the writer saved the princess the juice .,a doctor brought a tea to a chief .,DO,PD,SAVE,BRING,THE,A,for,to,-42.445526123046875,"[-3.5870347, -7.0563536, -7.345124, -1.3855245, -7.7539916, -0.70390636, -1.4628285, -9.184428, -3.9663353]"
the writer saved the princess the juice .,a doctor brought a chief a tea .,DO,DO,SAVE,BRING,THE,A,for,to,-44.222686767578125,"[-3.5870347, -7.0563536, -7.345124, -1.3855245, -11.48638, -6.265228, -5.343396, -1.7536478]"
the writer saved the princess the juice .,a guest supplied a coffee to a teacher .,DO,PD,SAVE,SUPPLY,THE,A,for,to,-61.4915771484375,"[-3.5870347, -7.7212877, -13.763454, -5.486543, -15.862913, -2.963377, -3.4152005, -7.0931826, -1.5985811]"
the writer saved the princess the juice .,a guest supplied a teacher a coffee .,DO,DO,SAVE,SUPPLY,THE,A,for,to,-58.25492858886719,"[-3.5870347, -7.7212877, -13.763454, -5.486543, -17.069239, -4.3151746, -5.2180023, -1.0941914]"
the writer saved the reader the coffee .,a husband left a pie for a company .,DO,PD,SAVE,LEAVE,THE,A,for,for,-50.06352996826172,"[-3.5974572, -8.467437, -7.7823377, -2.1866755, -9.573688, -3.4581919, -1.8114733, -9.552659, -3.6336107]"
the writer saved the reader the coffee .,a husband left a company a pie .,DO,DO,SAVE,LEAVE,THE,A,for,for,-53.03701400756836,"[-3.5974572, -8.467437, -7.7823377, -2.1866755, -8.70519, -7.077964, -11.306868, -3.9130855]"
the writer saved the secretary the ball .,a prince left a chicken for a club .,DO,PD,SAVE,LEAVE,THE,A,for,for,-47.48893737792969,"[-3.5762632, -11.174156, -6.600254, -1.7008078, -8.44965, -4.345827, -1.0421505, -8.64513, -1.9547013]"
the writer saved the secretary the ball .,a prince left a club a chicken .,DO,DO,SAVE,LEAVE,THE,A,for,for,-48.75925827026367,"[-3.5762632, -11.174156, -6.600254, -1.7008078, -7.432432, -6.307223, -9.791601, -2.1765208]"
the writer saved the secretary the ball .,a chief made a camera for a teacher .,DO,PD,SAVE,MAKE,THE,A,for,for,-48.80718994140625,"[-3.5762632, -8.741049, -10.843399, -1.3714309, -8.959164, -4.3002453, -1.8937305, -7.018298, -2.103612]"
the writer saved the secretary the ball .,a chief made a teacher a camera .,DO,DO,SAVE,MAKE,THE,A,for,for,-50.75489807128906,"[-3.5762632, -8.741049, -10.843399, -1.3714309, -10.675793, -2.979189, -10.769685, -1.7980883]"
the writer saved the secretary the ball .,a soldier supplied a television to a buddy .,DO,PD,SAVE,SUPPLY,THE,A,for,to,-58.475852966308594,"[-3.5762632, -7.258089, -11.823974, -4.1529717, -8.17783, -6.4672823, -1.5418653, -11.879199, -3.5983784]"
the writer saved the secretary the ball .,a soldier supplied a buddy a television .,DO,DO,SAVE,SUPPLY,THE,A,for,to,-54.77717590332031,"[-3.5762632, -7.258089, -11.823974, -4.1529717, -12.356919, -4.073832, -9.306758, -2.2283657]"
the writer sent the administration the candy .,a parent brought a meal to a club .,DO,PD,SEND,BRING,THE,A,to,to,-44.45682907104492,"[-3.4933598, -7.5908403, -6.727798, -1.1695538, -10.061066, -0.8411421, -1.7318461, -10.087323, -2.753901]"
the writer sent the administration the candy .,a parent brought a club a meal .,DO,DO,SEND,BRING,THE,A,to,to,-42.39779281616211,"[-3.4933598, -7.5908403, -6.727798, -1.1695538, -11.2900505, -3.084517, -7.255128, -1.7865454]"
the writer sent the administration the candy .,a husband left a pie for a company .,DO,PD,SEND,LEAVE,THE,A,to,for,-47.50779724121094,"[-3.4933598, -8.541252, -7.457492, -1.7928351, -9.800198, -2.9086504, -1.5164242, -8.630979, -3.3666086]"
the writer sent the administration the candy .,a husband left a company a pie .,DO,DO,SEND,LEAVE,THE,A,to,for,-50.559078216552734,"[-3.4933598, -8.541252, -7.457492, -1.7928351, -7.161665, -6.6422434, -12.10886, -3.361372]"
the writer sent the administration the meal .,an uncle drew a card for a corporation .,DO,PD,SEND,DRAW,THE,A,to,for,-52.47018051147461,"[-5.6780148, -8.694846, -10.464478, -1.2311295, -6.601782, -3.3633528, -2.2860246, -11.496715, -2.6538377]"
the writer sent the administration the meal .,an uncle drew a corporation a card .,DO,DO,SEND,DRAW,THE,A,to,for,-52.658111572265625,"[-5.6780148, -8.694846, -10.464478, -1.2311295, -13.603213, -4.8674345, -5.6538763, -2.4651182]"
the writer sent the business the cheese .,a champion saved an instrument for a man .,DO,PD,SEND,SAVE,THE,A,to,for,-53.54254150390625,"[-3.4851522, -9.514256, -11.802387, -4.806227, -10.7542095, -3.95442, -1.6165857, -6.104706, -1.504599]"
the writer sent the business the cheese .,a champion saved a man an instrument .,DO,DO,SEND,SAVE,THE,A,to,for,-52.9797248840332,"[-3.4851522, -9.514256, -11.802387, -2.5225148, -2.9521646, -9.668409, -11.249833, -1.7850065]"
the writer sent the candy to the administration .,a parent brought a meal to a club .,PD,PD,SEND,BRING,THE,A,to,to,-43.162452697753906,"[-3.5039692, -7.6254807, -6.788815, -0.8986919, -9.126904, -0.37944973, -2.2580576, -9.467335, -3.1137476]"
the writer sent the candy to the administration .,a parent brought a club a meal .,PD,DO,SEND,BRING,THE,A,to,to,-43.37129592895508,"[-3.5039692, -7.6254807, -6.788815, -0.8986919, -11.696226, -3.6660075, -6.515755, -2.6763518]"
the writer sent the candy to the administration .,a husband left a pie for a company .,PD,PD,SEND,LEAVE,THE,A,to,for,-45.03764343261719,"[-3.5039692, -8.570881, -7.674643, -1.4104842, -8.959442, -2.3746486, -1.4118221, -7.7338552, -3.3979006]"
the writer sent the candy to the administration .,a husband left a company a pie .,PD,DO,SEND,LEAVE,THE,A,to,for,-51.63959503173828,"[-3.5039692, -8.570881, -7.674643, -1.4104842, -7.8901734, -6.440425, -11.8990555, -4.2499647]"
the writer sent the candy to the mother .,a princess caught a coat for a cousin .,PD,PD,SEND,CATCH,THE,A,to,for,-49.54276657104492,"[-3.4845047, -10.977659, -5.275898, -4.0899744, -11.071304, -4.576695, -1.9039931, -6.916582, -1.2461572]"
the writer sent the candy to the mother .,a princess caught a cousin a coat .,PD,DO,SEND,CATCH,THE,A,to,for,-53.97959899902344,"[-3.4845047, -10.977659, -5.275898, -4.0899744, -10.454008, -6.6735387, -9.888975, -3.1350398]"
the writer sent the cheese to the business .,a champion saved an instrument for a man .,PD,PD,SEND,SAVE,THE,A,to,for,-55.49494552612305,"[-3.5069966, -9.764151, -12.017981, -4.473627, -11.105578, -4.1391225, -1.4201355, -5.5925064, -3.4748495]"
the writer sent the cheese to the business .,a champion saved a man an instrument .,PD,DO,SEND,SAVE,THE,A,to,for,-55.21976852416992,"[-3.5069966, -9.764151, -12.017981, -2.0824835, -2.4896555, -10.198461, -11.9645605, -3.1954818]"
the writer sent the corporation the tea .,a prince delivered an instrument for a champion .,DO,PD,SEND,DELIVER,THE,A,to,for,-53.16032409667969,"[-3.495967, -11.092654, -9.843984, -2.8944736, -10.025267, -2.9596407, -2.526404, -8.898056, -1.4238788]"
the writer sent the corporation the tea .,a prince delivered a champion an instrument .,DO,DO,SEND,DELIVER,THE,A,to,for,-55.47825241088867,"[-3.495967, -11.092654, -9.843984, -0.7283606, -10.027745, -9.475314, -8.642302, -2.171926]"
the writer sent the crystal to the winner .,a secretary gave a tea to a business .,PD,PD,SEND,GIVE,THE,A,to,to,-46.01298141479492,"[-3.4885802, -10.728504, -8.137181, -1.0753876, -8.831799, -0.44197935, -0.74069005, -6.8795147, -5.6893473]"
the writer sent the crystal to the winner .,a secretary gave a business a tea .,PD,DO,SEND,GIVE,THE,A,to,to,-48.32691192626953,"[-3.4885802, -10.728504, -8.137181, -1.0753876, -8.907616, -3.986649, -9.634768, -2.3682263]"
the writer sent the meal to the administration .,an uncle drew a card for a corporation .,PD,PD,SEND,DRAW,THE,A,to,for,-51.383018493652344,"[-5.6874685, -8.750685, -10.277949, -1.0634056, -6.154031, -3.4294791, -2.1834724, -11.432817, -2.4037101]"
the writer sent the meal to the administration .,an uncle drew a corporation a card .,PD,DO,SEND,DRAW,THE,A,to,for,-54.71698760986328,"[-5.6874685, -8.750685, -10.277949, -1.0634056, -14.6988125, -6.2812815, -5.2905993, -2.666786]"
the writer sent the mother the candy .,a princess caught a coat for a cousin .,DO,PD,SEND,CATCH,THE,A,to,for,-48.891151428222656,"[-3.4715033, -10.866124, -5.3145795, -2.9746518, -11.039761, -4.4671993, -2.0081851, -7.797051, -0.95209575]"
the writer sent the mother the candy .,a princess caught a cousin a coat .,DO,DO,SEND,CATCH,THE,A,to,for,-50.22917938232422,"[-3.4715033, -10.866124, -5.3145795, -2.9746518, -10.477857, -6.313693, -8.991233, -1.8195399]"
the writer sent the tea to the corporation .,a prince delivered an instrument for a champion .,PD,PD,SEND,DELIVER,THE,A,to,for,-53.735694885253906,"[-3.5115557, -11.137094, -10.037111, -2.9454749, -9.885942, -2.7861228, -2.2699523, -9.468463, -1.6939797]"
the writer sent the tea to the corporation .,a prince delivered a champion an instrument .,PD,DO,SEND,DELIVER,THE,A,to,for,-56.21952438354492,"[-3.5115557, -11.137094, -10.037111, -0.6037819, -10.288298, -9.810847, -8.30598, -2.5248566]"
the writer sent the winner the crystal .,a secretary gave a tea to a business .,DO,PD,SEND,GIVE,THE,A,to,to,-44.98860549926758,"[-3.4979918, -10.617878, -7.508464, -1.119202, -8.690825, -0.6506271, -0.79284495, -6.407112, -5.7036605]"
the writer sent the winner the crystal .,a secretary gave a business a tea .,DO,DO,SEND,GIVE,THE,A,to,to,-45.73284149169922,"[-3.4979918, -10.617878, -7.508464, -1.119202, -8.522764, -4.3413076, -8.643684, -1.4815501]"
the writer showed the administration the computer .,an employer got a meal for a pilot .,DO,PD,SHOW,GET,THE,A,to,for,-49.23564147949219,"[-5.7159553, -7.6496487, -7.392957, -0.9016837, -10.3611555, -2.740006, -2.3636482, -9.909201, -2.201383]"
the writer showed the administration the computer .,an employer got a pilot a meal .,DO,DO,SHOW,GET,THE,A,to,for,-57.35438537597656,"[-5.7159553, -7.6496487, -7.392957, -0.9016837, -10.156696, -7.160919, -14.755085, -3.621441]"
the writer showed the administration the computer .,a nurse supplied a coffee to a princess .,DO,PD,SHOW,SUPPLY,THE,A,to,to,-52.26698684692383,"[-3.5182471, -8.071773, -11.829624, -2.3022459, -10.200132, -0.6201366, -1.1726362, -12.598517, -1.9536735]"
the writer showed the administration the computer .,a nurse supplied a princess a coffee .,DO,DO,SHOW,SUPPLY,THE,A,to,to,-50.17741012573242,"[-3.5182471, -8.071773, -11.829624, -2.3022459, -13.514744, -4.5565643, -4.91679, -1.4674219]"
the writer showed the ball to the company .,a candidate delivered a cheese for an attorney .,PD,PD,SHOW,DELIVER,THE,A,to,for,-51.33563995361328,"[-3.4813075, -8.880103, -9.980939, -0.5713482, -10.475761, -3.9863515, -4.267452, -8.064432, -1.6279474]"
the writer showed the ball to the company .,a candidate delivered an attorney a cheese .,PD,DO,SHOW,DELIVER,THE,A,to,for,-57.7195930480957,"[-3.4813075, -8.880103, -9.980939, -2.8703861, -11.174711, -7.114311, -10.606263, -3.6115723]"
the writer showed the band the chicken .,a winner got a pie for an army .,DO,PD,SHOW,GET,THE,A,to,for,-51.507530212402344,"[-3.50028, -10.878032, -9.05446, -0.99248636, -9.165702, -2.0622535, -5.312833, -7.4209805, -3.1205053]"
the writer showed the band the chicken .,a winner got an army a pie .,DO,DO,SHOW,GET,THE,A,to,for,-54.824974060058594,"[-3.50028, -10.878032, -9.05446, -3.5528646, -7.0867767, -9.778484, -9.873995, -1.1000795]"
the writer showed the band the chicken .,a colonel took a telephone to a pilot .,DO,PD,SHOW,TAKE,THE,A,to,to,-49.69664764404297,"[-3.50028, -11.654109, -6.4880238, -1.4039307, -8.200582, -6.0160384, -1.2357624, -8.474472, -2.723452]"
the writer showed the band the chicken .,a colonel took a pilot a telephone .,DO,DO,SHOW,TAKE,THE,A,to,to,-53.659034729003906,"[-3.50028, -11.654109, -6.4880238, -1.4039307, -9.8780985, -6.5590906, -10.266045, -3.90946]"
the writer showed the bishop the tea .,a minister bought a machine for a president .,DO,PD,SHOW,BUY,THE,A,to,for,-47.07582092285156,"[-3.5310564, -8.8799, -10.844973, -0.7667483, -7.5757875, -2.0656052, -2.2610226, -9.540484, -1.6102431]"
the writer showed the bishop the tea .,a minister bought a president a machine .,DO,DO,SHOW,BUY,THE,A,to,for,-49.09661865234375,"[-3.5310564, -8.8799, -10.844973, -0.7667483, -10.973516, -2.2292857, -9.702117, -2.1690183]"
the writer showed the chicken to the band .,a winner got a pie for an army .,PD,PD,SHOW,GET,THE,A,to,for,-51.906394958496094,"[-3.499882, -10.820217, -9.773975, -0.91634536, -9.115672, -2.0539086, -5.149132, -7.298262, -3.2790003]"
the writer showed the chicken to the band .,a winner got an army a pie .,PD,DO,SHOW,GET,THE,A,to,for,-55.66593933105469,"[-3.499882, -10.820217, -9.773975, -3.401693, -7.1427917, -9.350802, -9.882719, -1.7938591]"
the writer showed the chicken to the band .,a colonel took a telephone to a pilot .,PD,PD,SHOW,TAKE,THE,A,to,to,-48.881591796875,"[-3.499882, -11.624597, -6.482189, -1.319276, -8.063652, -4.5670886, -1.4501733, -9.286961, -2.5877738]"
the writer showed the chicken to the band .,a colonel took a pilot a telephone .,PD,DO,SHOW,TAKE,THE,A,to,to,-55.10749816894531,"[-3.499882, -11.624597, -6.482189, -1.319276, -9.874444, -6.999301, -10.514291, -4.7935205]"
the writer showed the chocolate to the son .,a secretary took a coat to an actor .,PD,PD,SHOW,TAKE,THE,A,to,to,-47.67621612548828,"[-3.5021472, -10.557938, -6.95951, -1.2634351, -8.683491, -2.8109283, -5.7425857, -5.5477185, -2.6084635]"
the writer showed the chocolate to the son .,a secretary took an actor a coat .,PD,DO,SHOW,TAKE,THE,A,to,to,-54.7730827331543,"[-3.5021472, -10.557938, -6.95951, -3.6975267, -9.574968, -6.2556887, -10.624516, -3.6007905]"
the writer showed the company the ball .,a candidate delivered a cheese for an attorney .,DO,PD,SHOW,DELIVER,THE,A,to,for,-50.71064758300781,"[-3.4755673, -8.838955, -9.4692135, -0.531129, -11.092251, -4.069271, -4.4509683, -7.3259273, -1.457362]"
the writer showed the company the ball .,a candidate delivered an attorney a cheese .,DO,DO,SHOW,DELIVER,THE,A,to,for,-54.455848693847656,"[-3.4755673, -8.838955, -9.4692135, -2.8527708, -11.0352955, -6.107671, -10.643384, -2.0329902]"
the writer showed the computer to the administration .,an employer got a meal for a pilot .,PD,PD,SHOW,GET,THE,A,to,for,-49.60322952270508,"[-5.7109256, -7.6620045, -7.3465023, -0.8985357, -10.143755, -3.0502088, -2.4084554, -9.891465, -2.4913766]"
the writer showed the computer to the administration .,an employer got a pilot a meal .,PD,DO,SHOW,GET,THE,A,to,for,-57.34895706176758,"[-5.7109256, -7.6620045, -7.3465023, -0.8985357, -10.39788, -7.0355496, -14.517202, -3.7803578]"
the writer showed the computer to the administration .,a nurse supplied a coffee to a princess .,PD,PD,SHOW,SUPPLY,THE,A,to,to,-50.91896057128906,"[-3.5106578, -8.199492, -11.455615, -2.549187, -9.198546, -0.5501731, -1.5647109, -12.214832, -1.6757468]"
the writer showed the computer to the administration .,a nurse supplied a princess a coffee .,PD,DO,SHOW,SUPPLY,THE,A,to,to,-52.03190612792969,"[-3.5106578, -8.199492, -11.455615, -2.549187, -13.382289, -5.6944265, -5.1680655, -2.0721722]"
the writer showed the doctor the meal .,a colonel drew a bag for a corporation .,DO,PD,SHOW,DRAW,THE,A,to,for,-56.95433044433594,"[-3.531271, -11.31674, -10.144917, -1.311263, -8.306398, -4.5016136, -1.7219605, -13.149419, -2.9707484]"
the writer showed the doctor the meal .,a colonel drew a corporation a bag .,DO,DO,SHOW,DRAW,THE,A,to,for,-58.31867980957031,"[-3.531271, -11.31674, -10.144917, -1.311263, -14.749202, -5.8223047, -7.9308443, -3.5121398]"
the writer showed the doctor the meal .,a sheriff made a flower for a guest .,DO,PD,SHOW,MAKE,THE,A,to,for,-46.72483825683594,"[-3.531271, -8.599556, -8.536364, -1.2692872, -11.218906, -3.7496877, -1.4998837, -6.250944, -2.0689373]"
the writer showed the doctor the meal .,a sheriff made a guest a flower .,DO,DO,SHOW,MAKE,THE,A,to,for,-49.11300277709961,"[-3.531271, -8.599556, -8.536364, -1.2692872, -7.2955055, -9.712389, -8.394777, -1.7738543]"
the writer showed the doctor the meal .,an opponent fed a chicken to a parent .,DO,PD,SHOW,FEED,THE,A,to,to,-45.1187744140625,"[-5.66753, -8.567163, -13.298459, -1.2898668, -2.6931963, -1.6404835, -0.6036994, -9.588072, -1.7703038]"
the writer showed the doctor the meal .,an opponent fed a parent a chicken .,DO,DO,SHOW,FEED,THE,A,to,to,-48.222415924072266,"[-5.66753, -8.567163, -13.298459, -1.2898668, -11.619854, -1.0439937, -4.21869, -2.5168586]"
the writer showed the flower to the pilot .,a cousin threw a button to a princess .,PD,PD,SHOW,THROW,THE,A,to,to,-51.27428436279297,"[-3.4868302, -9.626293, -9.306655, -0.5166381, -10.329668, -2.4950502, -2.1539633, -10.561581, -2.7976046]"
the writer showed the flower to the pilot .,a cousin threw a princess a button .,PD,DO,SHOW,THROW,THE,A,to,to,-55.92945098876953,"[-3.4868302, -9.626293, -9.306655, -0.5166381, -12.219862, -5.9060497, -12.591568, -2.2755537]"
the writer showed the friend the instrument .,a winner made an anchor for a corporation .,DO,PD,SHOW,MAKE,THE,A,to,for,-51.29234313964844,"[-3.532419, -10.740686, -7.228275, -4.0659513, -10.0849285, -2.1348488, -2.025182, -10.21882, -1.2612333]"
the writer showed the friend the instrument .,a winner made a corporation an anchor .,DO,DO,SHOW,MAKE,THE,A,to,for,-52.64114761352539,"[-3.532419, -10.740686, -7.228275, -2.2928896, -12.206565, -5.439494, -9.195309, -2.0055115]"
the writer showed the friend the instrument .,a guy fed a chocolate to a mayor .,DO,PD,SHOW,FEED,THE,A,to,to,-49.39124298095703,"[-3.532419, -7.7792625, -10.739356, -0.93877155, -5.4909077, -4.993698, -0.94978166, -13.04586, -1.9211847]"
the writer showed the friend the instrument .,a guy fed a mayor a chocolate .,DO,DO,SHOW,FEED,THE,A,to,to,-47.024444580078125,"[-3.532419, -7.7792625, -10.739356, -0.93877155, -13.035068, -1.627331, -4.639557, -4.7326784]"
the writer showed the instrument to the friend .,a winner made an anchor for a corporation .,PD,PD,SHOW,MAKE,THE,A,to,for,-51.83313751220703,"[-3.5462341, -10.664541, -7.1811266, -3.9660094, -10.627212, -2.012256, -2.050148, -10.320005, -1.4656056]"
the writer showed the instrument to the friend .,a winner made a corporation an anchor .,PD,DO,SHOW,MAKE,THE,A,to,for,-53.77366256713867,"[-3.5462341, -10.664541, -7.1811266, -2.2127287, -12.916131, -5.653883, -9.195794, -2.4032235]"
the writer showed the instrument to the friend .,a guy fed a chocolate to a mayor .,PD,PD,SHOW,FEED,THE,A,to,to,-49.64015197753906,"[-3.5462341, -7.7841964, -10.615801, -1.0495543, -5.426049, -4.4254026, -1.0980484, -13.702883, -1.9919834]"
the writer showed the instrument to the friend .,a guy fed a mayor a chocolate .,PD,DO,SHOW,FEED,THE,A,to,to,-47.56590270996094,"[-3.5462341, -7.7841964, -10.615801, -1.0495543, -13.081704, -1.8801157, -4.5627213, -5.045574]"
the writer showed the juice to the pilot .,a cop kept a coffee for a company .,PD,PD,SHOW,KEEP,THE,A,to,for,-52.760047912597656,"[-3.4889011, -8.352482, -8.217161, -1.3833364, -10.538323, -4.7444925, -1.8277994, -8.99712, -5.210433]"
the writer showed the juice to the pilot .,a cop kept a company a coffee .,PD,DO,SHOW,KEEP,THE,A,to,for,-50.413963317871094,"[-3.4889011, -8.352482, -8.217161, -1.3833364, -7.5802584, -6.4877396, -10.06455, -4.8395357]"
the writer showed the meal to the doctor .,a colonel drew a bag for a corporation .,PD,PD,SHOW,DRAW,THE,A,to,for,-56.68861389160156,"[-3.55053, -11.133909, -9.862457, -1.2043638, -7.686036, -4.7381167, -2.3142698, -13.579872, -2.6190586]"
the writer showed the meal to the doctor .,a colonel drew a corporation a bag .,PD,DO,SHOW,DRAW,THE,A,to,for,-59.676414489746094,"[-3.55053, -11.133909, -9.862457, -1.2043638, -14.941482, -6.9621572, -7.9754996, -4.0460157]"
the writer showed the meal to the doctor .,a sheriff made a flower for a guest .,PD,PD,SHOW,MAKE,THE,A,to,for,-47.4174919128418,"[-3.55053, -8.869262, -8.180242, -1.2113628, -11.231506, -3.4646919, -1.9415072, -7.158526, -1.8098648]"
the writer showed the meal to the doctor .,a sheriff made a guest a flower .,PD,DO,SHOW,MAKE,THE,A,to,for,-49.89311981201172,"[-3.55053, -8.869262, -8.180242, -1.2113628, -8.144629, -9.558989, -8.119877, -2.258228]"
the writer showed the meal to the doctor .,an opponent fed a chicken to a parent .,PD,PD,SHOW,FEED,THE,A,to,to,-43.79789352416992,"[-5.671744, -8.538041, -12.836588, -1.4831892, -2.7758396, -0.799196, -0.7507269, -9.126897, -1.8156728]"
the writer showed the meal to the doctor .,an opponent fed a parent a chicken .,PD,DO,SHOW,FEED,THE,A,to,to,-48.76947021484375,"[-5.671744, -8.538041, -12.836588, -1.4831892, -11.483825, -1.4131706, -4.5222044, -2.820707]"
the writer showed the pilot the flower .,a cousin threw a button to a princess .,DO,PD,SHOW,THROW,THE,A,to,to,-51.54209899902344,"[-3.5147948, -9.497677, -9.2479315, -0.5342586, -10.7252445, -2.8153644, -2.2118237, -10.321521, -2.6734827]"
the writer showed the pilot the flower .,a cousin threw a princess a button .,DO,DO,SHOW,THROW,THE,A,to,to,-54.62855911254883,"[-3.5147948, -9.497677, -9.2479315, -0.5342586, -12.098366, -4.531605, -13.405152, -1.798773]"
the writer showed the pilot the juice .,a cop kept a coffee for a company .,DO,PD,SHOW,KEEP,THE,A,to,for,-52.79996871948242,"[-3.5223975, -8.293304, -8.252839, -1.449031, -10.420716, -4.5590653, -1.5840913, -9.087787, -5.630737]"
the writer showed the pilot the juice .,a cop kept a company a coffee .,DO,DO,SHOW,KEEP,THE,A,to,for,-48.83924865722656,"[-3.5223975, -8.293304, -8.252839, -1.449031, -7.463745, -6.193118, -9.851158, -3.8136573]"
the writer showed the son the chocolate .,a secretary took a coat to an actor .,DO,PD,SHOW,TAKE,THE,A,to,to,-47.929466247558594,"[-3.5117524, -10.63632, -6.9438734, -1.1847777, -9.092937, -3.0040321, -5.3677516, -5.4786034, -2.7094157]"
the writer showed the son the chocolate .,a secretary took an actor a coat .,DO,DO,SHOW,TAKE,THE,A,to,to,-52.13882827758789,"[-3.5117524, -10.63632, -6.9438734, -3.6282573, -9.52866, -5.65989, -9.339768, -2.890308]"
the writer showed the tea to the bishop .,a minister bought a machine for a president .,PD,PD,SHOW,BUY,THE,A,to,for,-46.60723876953125,"[-3.5187287, -8.879407, -10.937503, -0.7307385, -7.4085045, -1.8073258, -2.0572996, -9.272544, -1.9951857]"
the writer showed the tea to the bishop .,a minister bought a president a machine .,PD,DO,SHOW,BUY,THE,A,to,for,-50.89160919189453,"[-3.5187287, -8.879407, -10.937503, -0.7307385, -11.229522, -2.498662, -9.342425, -3.754624]"
the writer sold the army the cup .,a candidate left a log for a club .,DO,PD,SELL,LEAVE,THE,A,to,for,-46.5810546875,"[-3.538547, -8.548495, -7.896645, -1.982669, -9.559638, -3.819399, -1.3557451, -7.718916, -2.1609983]"
the writer sold the army the cup .,a candidate left a club a log .,DO,DO,SELL,LEAVE,THE,A,to,for,-48.89207458496094,"[-3.538547, -8.548495, -7.896645, -1.982669, -8.0700035, -5.8926067, -10.565109, -2.398001]"
the writer sold the army the cup .,a daughter showed a flower to a band .,DO,PD,SELL,SHOW,THE,A,to,to,-44.71961212158203,"[-3.538547, -8.914896, -7.5966744, -2.6694105, -8.695301, -1.1253704, -1.2146214, -7.9728093, -2.9919834]"
the writer sold the army the cup .,a daughter showed a band a flower .,DO,DO,SELL,SHOW,THE,A,to,to,-42.78136444091797,"[-3.538547, -8.914896, -7.5966744, -2.6694105, -8.21032, -3.2553105, -7.032453, -1.5637513]"
the writer sold the cheese to the physician .,a brother kept a chicken for a company .,PD,PD,SELL,KEEP,THE,A,to,for,-45.789886474609375,"[-3.5261433, -9.037964, -9.162399, -1.5272303, -6.345399, -3.3525681, -2.8020172, -8.111849, -1.9243187]"
the writer sold the cheese to the physician .,a brother kept a company a chicken .,PD,DO,SELL,KEEP,THE,A,to,for,-48.028900146484375,"[-3.5261433, -9.037964, -9.162399, -1.5272303, -7.1444187, -6.739072, -8.257907, -2.6337647]"
the writer sold the chicken to the soldier .,a princess bought a bag for a father .,PD,PD,SELL,BUY,THE,A,to,for,-40.580657958984375,"[-3.5100298, -10.801255, -7.7747326, -0.5908919, -4.748801, -4.366672, -1.7537738, -6.0700703, -0.9644332]"
the writer sold the chicken to the soldier .,a princess bought a father a bag .,PD,DO,SELL,BUY,THE,A,to,for,-41.73997497558594,"[-3.5100298, -10.801255, -7.7747326, -0.5908919, -9.140577, -0.6061725, -5.416758, -3.8995566]"
the writer sold the cup to the army .,a candidate left a log for a club .,PD,PD,SELL,LEAVE,THE,A,to,for,-46.672637939453125,"[-3.5050728, -8.590038, -7.546277, -1.8639467, -9.733486, -3.9063807, -1.4414256, -7.510234, -2.5757763]"
the writer sold the cup to the army .,a candidate left a club a log .,PD,DO,SELL,LEAVE,THE,A,to,for,-49.701332092285156,"[-3.5050728, -8.590038, -7.546277, -1.8639467, -7.323261, -6.580479, -10.6756735, -3.6165857]"
the writer sold the cup to the army .,a daughter showed a flower to a band .,PD,PD,SELL,SHOW,THE,A,to,to,-43.598968505859375,"[-3.5050728, -8.935373, -7.729024, -2.6069832, -8.665981, -0.5347118, -1.2619486, -7.527263, -2.8326106]"
the writer sold the cup to the army .,a daughter showed a band a flower .,PD,DO,SELL,SHOW,THE,A,to,to,-45.21958923339844,"[-3.5050728, -8.935373, -7.729024, -2.6069832, -8.268545, -4.4001746, -7.4792314, -2.2951827]"
the writer sold the physician the cheese .,a brother kept a chicken for a company .,DO,PD,SELL,KEEP,THE,A,to,for,-46.06830596923828,"[-3.5832043, -9.050478, -9.045352, -1.9007525, -5.898753, -3.6285677, -2.9987159, -8.307482, -1.654999]"
the writer sold the physician the cheese .,a brother kept a company a chicken .,DO,DO,SELL,KEEP,THE,A,to,for,-46.457672119140625,"[-3.5832043, -9.050478, -9.045352, -1.9007525, -7.0292454, -6.8003917, -7.0653934, -1.9828535]"
the writer sold the soldier the chicken .,a princess bought a bag for a father .,DO,PD,SELL,BUY,THE,A,to,for,-40.940277099609375,"[-3.5316205, -10.71898, -7.3731623, -0.6068867, -4.7189484, -4.837476, -1.7527107, -6.2498245, -1.1506671]"
the writer sold the soldier the chicken .,a princess bought a father a bag .,DO,DO,SELL,BUY,THE,A,to,for,-40.274681091308594,"[-3.5316205, -10.71898, -7.3731623, -0.6068867, -8.48417, -0.5381551, -5.049732, -3.9719756]"
the writer supplied the knife to the secretary .,a son found a computer for a candidate .,PD,PD,SUPPLY,FIND,THE,A,to,for,-49.740909576416016,"[-3.5891836, -8.749125, -5.7930784, -2.2421951, -7.2070265, -4.643113, -2.2907097, -10.6702175, -4.556263]"
the writer supplied the knife to the secretary .,a son found a candidate a computer .,PD,DO,SUPPLY,FIND,THE,A,to,for,-53.29951095581055,"[-3.5891836, -8.749125, -5.7930784, -2.2421951, -10.833664, -7.305194, -9.456118, -5.3309526]"
the writer supplied the knife to the secretary .,a doctor sent a tea to a father .,PD,PD,SUPPLY,SEND,THE,A,to,to,-37.715057373046875,"[-3.5891836, -7.148985, -6.314704, -1.123603, -9.229477, -0.76741934, -0.9872147, -6.1404247, -2.4140434]"
the writer supplied the knife to the secretary .,a doctor sent a father a tea .,PD,DO,SUPPLY,SEND,THE,A,to,to,-40.77665328979492,"[-3.5891836, -7.148985, -6.314704, -1.123603, -8.955029, -2.3093352, -7.7318473, -3.603965]"
the writer supplied the knife to the secretary .,a lady fed a meal to a captain .,PD,PD,SUPPLY,FEED,THE,A,to,to,-43.14080810546875,"[-3.5891836, -8.005001, -9.5828285, -1.1441076, -7.8867073, -0.24757105, -0.48574892, -9.846127, -2.3535357]"
the writer supplied the knife to the secretary .,a lady fed a captain a meal .,PD,DO,SUPPLY,FEED,THE,A,to,to,-44.484004974365234,"[-3.5891836, -8.005001, -9.5828285, -1.1441076, -12.435251, -2.0322652, -5.124467, -2.5709012]"
the writer supplied the secretary the knife .,a son found a computer for a candidate .,DO,PD,SUPPLY,FIND,THE,A,to,for,-49.06427001953125,"[-3.617483, -8.762217, -5.6941366, -2.2125874, -7.011004, -4.458024, -2.6674714, -10.632729, -4.0086203]"
the writer supplied the secretary the knife .,a son found a candidate a computer .,DO,DO,SUPPLY,FIND,THE,A,to,for,-52.04600524902344,"[-3.617483, -8.762217, -5.6941366, -2.2125874, -10.504597, -7.2066708, -9.356504, -4.6918106]"
the writer supplied the secretary the knife .,a doctor sent a tea to a father .,DO,PD,SUPPLY,SEND,THE,A,to,to,-39.37739181518555,"[-3.617483, -7.0887294, -6.326831, -1.250479, -9.259237, -1.7727696, -1.2097496, -6.1210737, -2.7310376]"
the writer supplied the secretary the knife .,a doctor sent a father a tea .,DO,DO,SUPPLY,SEND,THE,A,to,to,-38.158294677734375,"[-3.617483, -7.0887294, -6.326831, -1.250479, -8.057614, -1.94395, -7.3371415, -2.5360699]"
the writer supplied the secretary the knife .,a lady fed a meal to a captain .,DO,PD,SUPPLY,FEED,THE,A,to,to,-44.630924224853516,"[-3.617483, -7.952446, -9.620142, -1.1557889, -8.622432, -0.63625497, -0.7284735, -9.930156, -2.3677478]"
the writer supplied the secretary the knife .,a lady fed a captain a meal .,DO,DO,SUPPLY,FEED,THE,A,to,to,-43.799652099609375,"[-3.617483, -7.952446, -9.620142, -1.1557889, -11.835764, -1.6009825, -5.8205, -2.196548]"
the writer threw the beer to the candidate .,a champion left a cheese for a physician .,PD,PD,THROW,LEAVE,THE,A,to,for,-54.268829345703125,"[-3.5626502, -9.457653, -6.592162, -3.5849392, -12.187106, -4.6169724, -1.4907194, -11.474122, -1.3025031]"
the writer threw the beer to the candidate .,a champion left a physician a cheese .,PD,DO,THROW,LEAVE,THE,A,to,for,-56.721961975097656,"[-3.5626502, -9.457653, -6.592162, -3.5849392, -12.521068, -5.829078, -12.035143, -3.1392725]"
the writer threw the bell to the princess .,a manager saved an anchor for an army .,PD,PD,THROW,SAVE,THE,A,to,for,-50.338706970214844,"[-3.543213, -8.642218, -10.516212, -3.774013, -7.7576427, -3.4816334, -3.5997748, -6.15319, -2.8708105]"
the writer threw the bell to the princess .,a manager saved an army an anchor .,PD,DO,THROW,SAVE,THE,A,to,for,-56.1253662109375,"[-3.543213, -8.642218, -10.516212, -3.774013, -6.159175, -9.8047495, -10.869838, -2.8159502]"
the writer threw the box to the scientist .,a physician got a meal for a corporation .,PD,PD,THROW,GET,THE,A,to,for,-50.455535888671875,"[-3.5305314, -8.810419, -8.668397, -1.0923425, -10.739153, -2.1124449, -2.5735168, -11.425714, -1.5030153]"
the writer threw the box to the scientist .,a physician got a corporation a meal .,PD,DO,THROW,GET,THE,A,to,for,-52.495872497558594,"[-3.5305314, -8.810419, -8.668397, -1.0923425, -14.641556, -4.204735, -9.851901, -1.6959907]"
the writer threw the box to the scientist .,a student left a gun for a sheriff .,PD,PD,THROW,LEAVE,THE,A,to,for,-40.77074432373047,"[-3.5305314, -5.834567, -6.8209267, -1.2766837, -6.73937, -4.251734, -0.9209802, -8.54291, -2.8530397]"
the writer threw the box to the scientist .,a student left a sheriff a gun .,PD,DO,THROW,LEAVE,THE,A,to,for,-51.77014923095703,"[-3.5305314, -5.834567, -6.8209267, -1.2766837, -12.657129, -10.27929, -8.093964, -3.277053]"
the writer threw the button to the man .,a priest bought a coffee for a woman .,PD,PD,THROW,BUY,THE,A,to,for,-37.554054260253906,"[-3.5387115, -8.357678, -9.735403, -0.6313426, -6.2220583, -2.7418191, -1.3511658, -3.2779813, -1.6978912]"
the writer threw the button to the man .,a priest bought a woman a coffee .,PD,DO,THROW,BUY,THE,A,to,for,-35.07573699951172,"[-3.5387115, -8.357678, -9.735403, -0.6313426, -5.2436476, -0.7235034, -4.9635377, -1.8819135]"
the writer threw the candidate the beer .,a champion left a cheese for a physician .,DO,PD,THROW,LEAVE,THE,A,to,for,-55.16232681274414,"[-3.5880322, -9.398929, -6.627784, -3.9432755, -11.82008, -5.1234527, -1.6790857, -11.815543, -1.1661447]"
the writer threw the candidate the beer .,a champion left a physician a cheese .,DO,DO,THROW,LEAVE,THE,A,to,for,-54.80952453613281,"[-3.5880322, -9.398929, -6.627784, -3.9432755, -11.239616, -6.0666647, -11.704987, -2.2402349]"
the writer threw the cigarette to the professor .,an opponent got an engine for a nurse .,PD,PD,THROW,GET,THE,A,to,for,-55.21718978881836,"[-5.689577, -8.251538, -9.2004, -4.1219864, -8.703711, -4.4238133, -1.546745, -11.224191, -2.0552266]"
the writer threw the cigarette to the professor .,an opponent got a nurse an engine .,PD,DO,THROW,GET,THE,A,to,for,-53.971961975097656,"[-5.689577, -8.251538, -9.2004, -1.8685883, -10.591901, -6.2464437, -10.270488, -1.8530269]"
the writer threw the glass to the uncle .,a secretary sent a crystal to a company .,PD,PD,THROW,SEND,THE,A,to,to,-46.27344512939453,"[-3.5709076, -10.257755, -6.488908, -1.4877543, -10.135216, -1.4582598, -1.5445755, -7.213223, -4.116849]"
the writer threw the glass to the uncle .,a secretary sent a company a crystal .,PD,DO,THROW,SEND,THE,A,to,to,-49.61945724487305,"[-3.5709076, -10.257755, -6.488908, -1.4877543, -9.89952, -3.485527, -10.049309, -4.379777]"
the writer threw the glass to the uncle .,an opponent caught an anchor for a buddy .,PD,PD,THROW,CATCH,THE,A,to,for,-54.92940902709961,"[-5.694126, -8.319634, -9.168108, -5.208974, -8.402578, -3.9568806, -1.2310765, -10.745691, -2.2023373]"
the writer threw the glass to the uncle .,an opponent caught a buddy an anchor .,PD,DO,THROW,CATCH,THE,A,to,for,-60.15599060058594,"[-5.694126, -8.319634, -9.168108, -3.1216955, -12.399624, -9.2646, -9.4997015, -2.6885042]"
the writer threw the man the button .,a priest bought a coffee for a woman .,DO,PD,THROW,BUY,THE,A,to,for,-38.91594696044922,"[-3.5483217, -8.275302, -9.569567, -0.7888442, -6.7114596, -2.625223, -1.5527825, -3.6727366, -2.1717105]"
the writer threw the man the button .,a priest bought a woman a coffee .,DO,DO,THROW,BUY,THE,A,to,for,-34.92722702026367,"[-3.5483217, -8.275302, -9.569567, -0.7888442, -4.6867747, -0.7873314, -5.562331, -1.7087568]"
the writer threw the pie to the professor .,a physician kept a card for a man .,PD,PD,THROW,KEEP,THE,A,to,for,-41.375885009765625,"[-3.629229, -8.663794, -8.923382, -1.5294938, -7.0408025, -2.6012323, -1.9928235, -3.4693186, -3.5258102]"
the writer threw the pie to the professor .,a physician kept a man a card .,PD,DO,THROW,KEEP,THE,A,to,for,-47.99512481689453,"[-3.629229, -8.663794, -8.923382, -1.5294938, -5.0958724, -7.0170546, -10.076823, -3.0594788]"
the writer threw the princess the bell .,a manager saved an anchor for an army .,DO,PD,THROW,SAVE,THE,A,to,for,-53.46656799316406,"[-3.5674613, -8.583615, -9.873315, -4.0435686, -7.4158545, -4.199399, -4.3989563, -7.555327, -3.8290741]"
the writer threw the princess the bell .,a manager saved an army an anchor .,DO,DO,THROW,SAVE,THE,A,to,for,-55.862388610839844,"[-3.5674613, -8.583615, -9.873315, -4.0435686, -6.11872, -9.920461, -10.730389, -3.0248623]"
the writer threw the professor the cigarette .,an opponent got an engine for a nurse .,DO,PD,THROW,GET,THE,A,to,for,-55.13475036621094,"[-5.6584206, -8.19577, -8.543572, -4.3762226, -8.514015, -4.9615755, -2.1591623, -10.511383, -2.214626]"
the writer threw the professor the cigarette .,an opponent got a nurse an engine .,DO,DO,THROW,GET,THE,A,to,for,-51.9613037109375,"[-5.6584206, -8.19577, -8.543572, -2.2019234, -10.433924, -5.220295, -10.027472, -1.6799263]"
the writer threw the professor the pie .,a physician kept a card for a man .,DO,PD,THROW,KEEP,THE,A,to,for,-43.4206657409668,"[-3.6520805, -8.588804, -9.122763, -1.7856644, -7.2395906, -2.932382, -2.2947576, -3.132648, -4.671978]"
the writer threw the professor the pie .,a physician kept a man a card .,DO,DO,THROW,KEEP,THE,A,to,for,-48.66836166381836,"[-3.6520805, -8.588804, -9.122763, -1.7856644, -4.784465, -7.291051, -9.931932, -3.5116017]"
the writer threw the professor the tea .,a prince sent a pie to a minister .,DO,PD,THROW,SEND,THE,A,to,to,-42.54953384399414,"[-3.630473, -10.790424, -5.8721805, -1.3783487, -10.251869, -0.62427664, -1.602949, -6.453817, -1.9451945]"
the writer threw the professor the tea .,a prince sent a minister a pie .,DO,DO,THROW,SEND,THE,A,to,to,-40.030059814453125,"[-3.630473, -10.790424, -5.8721805, -1.3783487, -7.345385, -1.4537293, -8.112092, -1.4474273]"
the writer threw the scientist the box .,a physician got a meal for a corporation .,DO,PD,THROW,GET,THE,A,to,for,-52.219444274902344,"[-3.606835, -8.438742, -8.648989, -1.4362855, -11.026623, -2.2341228, -3.7635798, -11.483968, -1.5803008]"
the writer threw the scientist the box .,a physician got a corporation a meal .,DO,DO,THROW,GET,THE,A,to,for,-52.28056335449219,"[-3.606835, -8.438742, -8.648989, -1.4362855, -14.000296, -4.2822127, -10.303234, -1.5639704]"
the writer threw the scientist the box .,a student left a gun for a sheriff .,DO,PD,THROW,LEAVE,THE,A,to,for,-42.360504150390625,"[-3.606835, -5.760744, -6.8153677, -1.3122582, -6.7370367, -4.589326, -1.10793, -9.025129, -3.4058769]"
the writer threw the scientist the box .,a student left a sheriff a gun .,DO,DO,THROW,LEAVE,THE,A,to,for,-51.51852798461914,"[-3.606835, -5.760744, -6.8153677, -1.3122582, -12.328185, -9.660138, -8.938458, -3.09654]"
the writer threw the tea to the professor .,a prince sent a pie to a minister .,PD,PD,THROW,SEND,THE,A,to,to,-42.11229705810547,"[-3.5923367, -10.89945, -5.8389854, -1.3915498, -10.586584, -0.34344417, -1.9538563, -6.217636, -1.2884558]"
the writer threw the tea to the professor .,a prince sent a minister a pie .,PD,DO,THROW,SEND,THE,A,to,to,-43.43975830078125,"[-3.5923367, -10.89945, -5.8389854, -1.3915498, -8.169454, -2.4280791, -9.399531, -1.7203704]"
the writer threw the uncle the glass .,a secretary sent a crystal to a company .,DO,PD,THROW,SEND,THE,A,to,to,-48.791358947753906,"[-3.604038, -10.128906, -6.1802545, -1.518618, -10.397271, -3.0413775, -2.1054444, -6.9060106, -4.90944]"
the writer threw the uncle the glass .,a secretary sent a company a crystal .,DO,DO,THROW,SEND,THE,A,to,to,-48.09917068481445,"[-3.604038, -10.128906, -6.1802545, -1.518618, -9.365026, -2.772733, -10.345622, -4.1839747]"
the writer threw the uncle the glass .,an opponent caught an anchor for a buddy .,DO,PD,THROW,CATCH,THE,A,to,for,-53.4666748046875,"[-5.659436, -8.130377, -8.374105, -4.770044, -7.8087187, -4.1066675, -1.5439591, -10.700578, -2.372789]"
the writer threw the uncle the glass .,an opponent caught a buddy an anchor .,DO,DO,THROW,CATCH,THE,A,to,for,-57.53684616088867,"[-5.659436, -8.130377, -8.374105, -2.872827, -11.682399, -8.975394, -8.783931, -3.0583744]"
the writer took the bag to the mother .,a professor sent a machine to an administration .,PD,PD,TAKE,SEND,THE,A,to,to,-47.885475158691406,"[-3.4945726, -7.7342796, -8.14292, -1.0450578, -11.55408, -0.7288436, -3.3666837, -7.866291, -3.9527469]"
the writer took the bag to the mother .,a professor sent an administration a machine .,PD,DO,TAKE,SEND,THE,A,to,to,-53.95912551879883,"[-3.4945726, -7.7342796, -8.14292, -2.7936368, -12.478993, -2.546619, -12.215182, -4.5529213]"
the writer took the bag to the mother .,a minister threw a computer to a guest .,PD,PD,TAKE,THROW,THE,A,to,to,-45.89640808105469,"[-3.4945726, -9.480123, -9.773275, -0.95745564, -10.442612, -1.8061242, -1.1221037, -6.4331446, -2.3869994]"
the writer took the bag to the mother .,a minister threw a guest a computer .,PD,DO,TAKE,THROW,THE,A,to,to,-50.581298828125,"[-3.4945726, -9.480123, -9.773275, -0.95745564, -9.10638, -3.8462553, -10.715788, -3.2074504]"
the writer took the cigarette to the teacher .,a guest gave a chocolate to a band .,PD,PD,TAKE,GIVE,THE,A,to,to,-48.72060012817383,"[-3.5368886, -7.7659307, -10.572158, -1.1507809, -10.354145, -3.7580886, -1.2313274, -7.8297715, -2.5215101]"
the writer took the cigarette to the teacher .,a guest gave a band a chocolate .,PD,DO,TAKE,GIVE,THE,A,to,to,-48.544578552246094,"[-3.5368886, -7.7659307, -10.572158, -1.1507809, -10.774387, -1.3288165, -8.665049, -4.7505703]"
the writer took the cigarette to the teacher .,a doctor gave a meal to a corporation .,PD,PD,TAKE,GIVE,THE,A,to,to,-42.956703186035156,"[-3.5368886, -7.100447, -5.1912684, -1.0465639, -9.49205, -0.13676591, -0.62802887, -13.119346, -2.7053454]"
the writer took the cigarette to the teacher .,a doctor gave a corporation a meal .,PD,DO,TAKE,GIVE,THE,A,to,to,-43.421390533447266,"[-3.5368886, -7.100447, -5.1912684, -1.0465639, -14.989565, -0.99166435, -8.371911, -2.193082]"
the writer took the cigarette to the teacher .,an adult supplied a coffee to a boy .,PD,PD,TAKE,SUPPLY,THE,A,to,to,-41.107933044433594,"[-5.694801, -6.2910147, -13.631474, -2.1519506, -6.1572104, -1.328798, -0.8053634, -3.6338515, -1.4134706]"
the writer took the cigarette to the teacher .,an adult supplied a boy a coffee .,PD,DO,TAKE,SUPPLY,THE,A,to,to,-46.953826904296875,"[-5.694801, -6.2910147, -13.631474, -2.1519506, -6.821537, -4.8828917, -5.754379, -1.7257789]"
the writer took the cigarette to the teacher .,an opponent caught an anchor for a buddy .,PD,PD,TAKE,CATCH,THE,A,to,for,-55.907920837402344,"[-5.694801, -8.393465, -9.594432, -5.3958793, -8.8893, -3.8988094, -1.1812737, -10.85269, -2.0072699]"
the writer took the cigarette to the teacher .,an opponent caught a buddy an anchor .,PD,DO,TAKE,CATCH,THE,A,to,for,-61.05792236328125,"[-5.694801, -8.393465, -9.594432, -3.2382255, -12.382797, -9.26504, -9.90765, -2.5815113]"
the writer took the doctor the machine .,a teacher kept a tea for a manager .,DO,PD,TAKE,KEEP,THE,A,to,for,-49.283958435058594,"[-3.5378528, -7.2472763, -8.918138, -1.6785823, -9.2202635, -5.402074, -2.108039, -9.1710615, -2.0006733]"
the writer took the doctor the machine .,a teacher kept a manager a tea .,DO,DO,TAKE,KEEP,THE,A,to,for,-51.15397644042969,"[-3.5378528, -7.2472763, -8.918138, -1.6785823, -10.139679, -5.2969294, -10.560067, -3.7754498]"
the writer took the doctor the machine .,a winner kept a coat for a daughter .,DO,PD,TAKE,KEEP,THE,A,to,for,-50.2627067565918,"[-3.5378528, -10.817615, -8.609199, -3.2720172, -10.455306, -3.8738668, -2.3176703, -5.9127817, -1.4664009]"
the writer took the doctor the machine .,a winner kept a daughter a coat .,DO,DO,TAKE,KEEP,THE,A,to,for,-54.16084671020508,"[-3.5378528, -10.817615, -8.609199, -3.2720172, -9.020367, -6.1530304, -10.924098, -1.8266675]"
the writer took the doctor the machine .,a husband purchased a bowl for a business .,DO,PD,TAKE,PURCHASE,THE,A,to,for,-49.657257080078125,"[-3.5378528, -8.545925, -12.03232, -0.5457263, -8.571659, -4.680358, -2.2766404, -6.229604, -3.2371716]"
the writer took the doctor the machine .,a husband purchased a business a bowl .,DO,DO,TAKE,PURCHASE,THE,A,to,for,-52.85314178466797,"[-3.5378528, -8.545925, -12.03232, -0.5457263, -7.227227, -5.663989, -9.966076, -5.3340244]"
the writer took the doctor the machine .,a captain sold a beer to a minister .,DO,PD,TAKE,SELL,THE,A,to,to,-45.00592803955078,"[-3.5378528, -10.24592, -10.856295, -1.8461053, -6.894949, -1.1972024, -0.65585893, -7.814656, -1.957092]"
the writer took the doctor the machine .,a captain sold a minister a beer .,DO,DO,TAKE,SELL,THE,A,to,to,-44.95572280883789,"[-3.5378528, -10.24592, -10.856295, -1.8461053, -9.672667, -1.2341603, -5.7370563, -1.8256663]"
the writer took the doctor the machine .,a physician showed a cigarette to a club .,DO,PD,TAKE,SHOW,THE,A,to,to,-46.42688751220703,"[-3.5378528, -8.507788, -7.577151, -1.3189272, -10.525244, -1.0380917, -0.6707108, -10.289717, -2.961409]"
the writer took the doctor the machine .,a physician showed a club a cigarette .,DO,DO,TAKE,SHOW,THE,A,to,to,-43.45712661743164,"[-3.5378528, -8.507788, -7.577151, -1.3189272, -10.674872, -2.2647576, -7.51185, -2.0639284]"
the writer took the key to the physician .,a priest found a coffee for a band .,PD,PD,TAKE,FIND,THE,A,to,for,-49.494407653808594,"[-3.490177, -8.177438, -6.6274037, -1.4566125, -9.243155, -5.3825164, -1.9397875, -8.928699, -4.248622]"
the writer took the key to the physician .,a priest found a band a coffee .,PD,DO,TAKE,FIND,THE,A,to,for,-50.36357116699219,"[-3.490177, -8.177438, -6.6274037, -1.4566125, -8.292877, -9.524031, -9.996345, -2.798687]"
the writer took the key to the physician .,an actress saved a tea for a lady .,PD,PD,TAKE,SAVE,THE,A,to,for,-52.62006759643555,"[-5.6769276, -7.3153048, -11.074762, -1.5528004, -11.772198, -4.8212395, -1.4747801, -7.02964, -1.902415]"
the writer took the key to the physician .,an actress saved a lady a tea .,PD,DO,TAKE,SAVE,THE,A,to,for,-53.16552734375,"[-5.6769276, -7.3153048, -11.074762, -1.5528004, -7.893044, -7.3127866, -9.54715, -2.7927527]"
the writer took the key to the physician .,a reader showed a meal to a child .,PD,PD,TAKE,SHOW,THE,A,to,to,-45.03938293457031,"[-3.490177, -6.53378, -8.785544, -2.7679176, -11.527241, -3.3257537, -1.795599, -5.471083, -1.3422881]"
the writer took the key to the physician .,a reader showed a child a meal .,PD,DO,TAKE,SHOW,THE,A,to,to,-46.30736541748047,"[-3.490177, -6.53378, -8.785544, -2.7679176, -8.926368, -2.2335494, -10.4942875, -3.0757406]"
the writer took the machine to the doctor .,a teacher kept a tea for a manager .,PD,PD,TAKE,KEEP,THE,A,to,for,-49.18267822265625,"[-3.513856, -7.315755, -8.860737, -1.702609, -9.22793, -5.223029, -2.239046, -9.595189, -1.504525]"
the writer took the machine to the doctor .,a teacher kept a manager a tea .,PD,DO,TAKE,KEEP,THE,A,to,for,-53.4915771484375,"[-3.513856, -7.315755, -8.860737, -1.702609, -10.715046, -6.5540137, -11.26324, -3.5663218]"
the writer took the machine to the doctor .,a winner kept a coat for a daughter .,PD,PD,TAKE,KEEP,THE,A,to,for,-48.861328125,"[-3.513856, -10.898552, -8.771362, -3.1209576, -9.816839, -3.9002495, -2.3988245, -5.267739, -1.1729505]"
the writer took the machine to the doctor .,a winner kept a daughter a coat .,PD,DO,TAKE,KEEP,THE,A,to,for,-53.124366760253906,"[-3.513856, -10.898552, -8.771362, -3.1209576, -7.7469487, -6.596895, -10.773504, -1.7022891]"
the writer took the machine to the doctor .,a husband purchased a bowl for a business .,PD,PD,TAKE,PURCHASE,THE,A,to,for,-49.28229522705078,"[-3.513856, -8.553454, -11.981889, -0.52781093, -8.171436, -4.873897, -2.3640277, -6.3305197, -2.9654016]"
the writer took the machine to the doctor .,a husband purchased a business a bowl .,PD,DO,TAKE,PURCHASE,THE,A,to,for,-56.869972229003906,"[-3.513856, -8.553454, -11.981889, -0.52781093, -7.4933186, -6.022293, -11.497814, -7.2795367]"
the writer took the machine to the doctor .,a captain sold a beer to a minister .,PD,PD,TAKE,SELL,THE,A,to,to,-44.03826904296875,"[-3.513856, -10.366163, -10.677946, -1.7045265, -6.8771896, -0.60309887, -0.5334783, -8.221505, -1.5405042]"
the writer took the machine to the doctor .,a captain sold a minister a beer .,PD,DO,TAKE,SELL,THE,A,to,to,-45.527015686035156,"[-3.513856, -10.366163, -10.677946, -1.7045265, -10.320641, -1.5730684, -5.3359222, -2.034892]"
the writer took the machine to the doctor .,a physician showed a cigarette to a club .,PD,PD,TAKE,SHOW,THE,A,to,to,-46.22180938720703,"[-3.513856, -8.764783, -7.756332, -1.3992459, -10.62982, -0.3281421, -0.668757, -10.750151, -2.4107249]"
the writer took the machine to the doctor .,a physician showed a club a cigarette .,PD,DO,TAKE,SHOW,THE,A,to,to,-43.123783111572266,"[-3.513856, -8.764783, -7.756332, -1.3992459, -10.688227, -2.4614162, -6.830912, -1.7090125]"
the writer took the mother the bag .,a professor sent a machine to an administration .,DO,PD,TAKE,SEND,THE,A,to,to,-49.31365203857422,"[-3.4643488, -7.582574, -8.112749, -1.0040853, -11.174319, -1.2625746, -3.7114868, -8.481959, -4.519554]"
the writer took the mother the bag .,a professor sent an administration a machine .,DO,DO,TAKE,SEND,THE,A,to,to,-50.97514343261719,"[-3.4643488, -7.582574, -8.112749, -2.7308738, -12.089907, -1.693965, -11.817872, -3.4828563]"
the writer took the mother the bag .,a minister threw a computer to a guest .,DO,PD,TAKE,THROW,THE,A,to,to,-48.891719818115234,"[-3.4643488, -9.600674, -9.814953, -1.0421598, -10.939211, -2.4689028, -3.052305, -6.215, -2.2941644]"
the writer took the mother the bag .,a minister threw a guest a computer .,DO,DO,TAKE,THROW,THE,A,to,to,-51.127986907958984,"[-3.4643488, -9.600674, -9.814953, -1.0421598, -8.530108, -4.962332, -11.447589, -2.2658231]"
the writer took the nurse the plate .,a parent found a candy for a son .,DO,PD,TAKE,FIND,THE,A,to,for,-42.81459426879883,"[-3.5476556, -7.7157555, -5.978536, -1.8481722, -8.3734865, -4.4849625, -2.7072372, -4.900417, -3.2583718]"
the writer took the nurse the plate .,a parent found a son a candy .,DO,DO,TAKE,FIND,THE,A,to,for,-43.58531951904297,"[-3.5476556, -7.7157555, -5.978536, -1.8481722, -7.1457005, -5.6645856, -7.602042, -4.082872]"
the writer took the nurse the plate .,a father sold a chicken to a reader .,DO,PD,TAKE,SELL,THE,A,to,to,-40.80400085449219,"[-3.5476556, -6.5602527, -9.933621, -1.59726, -5.2886786, -1.3799752, -0.92171556, -9.3054285, -2.269412]"
the writer took the nurse the plate .,a father sold a reader a chicken .,DO,DO,TAKE,SELL,THE,A,to,to,-43.66227340698242,"[-3.5476556, -6.5602527, -9.933621, -1.59726, -11.265144, -1.131529, -7.3476667, -2.2791433]"
the writer took the physician the key .,a priest found a coffee for a band .,DO,PD,TAKE,FIND,THE,A,to,for,-50.01031494140625,"[-3.5136337, -8.100796, -6.394744, -1.356444, -9.2335615, -5.879212, -2.0098453, -9.046541, -4.4755383]"
the writer took the physician the key .,a priest found a band a coffee .,DO,DO,TAKE,FIND,THE,A,to,for,-49.54402160644531,"[-3.5136337, -8.100796, -6.394744, -1.356444, -8.449111, -9.3958025, -9.425471, -2.908021]"
the writer took the physician the key .,an actress saved a tea for a lady .,DO,PD,TAKE,SAVE,THE,A,to,for,-53.88034439086914,"[-5.6553535, -7.3403583, -10.948132, -1.4899216, -11.988594, -5.2615485, -1.6067271, -7.4332986, -2.1564112]"
the writer took the physician the key .,an actress saved a lady a tea .,DO,DO,TAKE,SAVE,THE,A,to,for,-50.334774017333984,"[-5.6553535, -7.3403583, -10.948132, -1.4899216, -8.064401, -4.9681435, -9.555175, -2.3132882]"
the writer took the physician the key .,a reader showed a meal to a child .,DO,PD,TAKE,SHOW,THE,A,to,to,-45.54750061035156,"[-3.5136337, -6.4752226, -8.936103, -2.7985716, -12.334702, -3.7522123, -1.4283065, -4.74024, -1.5685108]"
the writer took the physician the key .,a reader showed a child a meal .,DO,DO,TAKE,SHOW,THE,A,to,to,-45.89820098876953,"[-3.5136337, -6.4752226, -8.936103, -2.7985716, -9.277965, -1.5581056, -10.443997, -2.8946042]"
the writer took the plate to the nurse .,a parent found a candy for a son .,PD,PD,TAKE,FIND,THE,A,to,for,-42.868343353271484,"[-3.5506973, -7.768549, -5.9953837, -1.8089566, -8.707033, -4.3161697, -2.5305524, -4.9246736, -3.2663298]"
the writer took the plate to the nurse .,a parent found a son a candy .,PD,DO,TAKE,FIND,THE,A,to,for,-46.05620574951172,"[-3.5506973, -7.768549, -5.9953837, -1.8089566, -7.244579, -6.500138, -9.387623, -3.8002796]"
the writer took the plate to the nurse .,a father sold a chicken to a reader .,PD,PD,TAKE,SELL,THE,A,to,to,-39.59221649169922,"[-3.5506973, -6.561702, -10.166541, -1.576236, -5.4995537, -0.57430995, -0.6701608, -9.165209, -1.8278065]"
the writer took the plate to the nurse .,a father sold a reader a chicken .,PD,DO,TAKE,SELL,THE,A,to,to,-45.845481872558594,"[-3.5506973, -6.561702, -10.166541, -1.576236, -11.458133, -2.407332, -7.4385557, -2.6862872]"
the writer took the teacher the cigarette .,a guest gave a chocolate to a band .,DO,PD,TAKE,GIVE,THE,A,to,to,-52.80329132080078,"[-3.5440426, -7.6555614, -10.731651, -1.3754344, -11.441952, -5.38188, -2.5533001, -7.6559544, -2.463518]"
the writer took the teacher the cigarette .,a guest gave a band a chocolate .,DO,DO,TAKE,GIVE,THE,A,to,to,-48.57621765136719,"[-3.5440426, -7.6555614, -10.731651, -1.3754344, -11.303921, -1.1843287, -8.651761, -4.129516]"
the writer took the teacher the cigarette .,a doctor gave a meal to a corporation .,DO,PD,TAKE,GIVE,THE,A,to,to,-42.94267272949219,"[-3.5440426, -7.1638556, -5.071565, -1.308681, -9.865537, -0.21375206, -0.84058744, -12.5680065, -2.3666477]"
the writer took the teacher the cigarette .,a doctor gave a corporation a meal .,DO,DO,TAKE,GIVE,THE,A,to,to,-42.18284606933594,"[-3.5440426, -7.1638556, -5.071565, -1.308681, -14.391812, -1.1741947, -7.990017, -1.5386791]"
the writer took the teacher the cigarette .,an adult supplied a coffee to a boy .,DO,PD,TAKE,SUPPLY,THE,A,to,to,-43.6282958984375,"[-5.6505013, -6.306618, -13.551355, -2.3255572, -6.085427, -2.7875693, -1.3145411, -4.065608, -1.5411179]"
the writer took the teacher the cigarette .,an adult supplied a boy a coffee .,DO,DO,TAKE,SUPPLY,THE,A,to,to,-45.07215118408203,"[-5.6505013, -6.306618, -13.551355, -2.3255572, -7.3330073, -3.1334107, -5.5472, -1.2245007]"
the writer took the teacher the cigarette .,an opponent caught an anchor for a buddy .,DO,PD,TAKE,CATCH,THE,A,to,for,-53.356117248535156,"[-5.6505013, -8.380014, -9.284057, -4.6766243, -8.615481, -3.7170944, -1.491102, -9.7985, -1.7427448]"
the writer took the teacher the cigarette .,an opponent caught a buddy an anchor .,DO,DO,TAKE,CATCH,THE,A,to,for,-58.178165435791016,"[-5.6505013, -8.380014, -9.284057, -2.640129, -11.814462, -8.08096, -10.007516, -2.3205273]"
